returned_episode_lengths,rng1146805254/test_returned_episode_lengths,rng1146805254/update_steps,loss,rng1146805254/qvals,rng1146805254/test_returned_won_episode,returned_episode,returned_episode_returns,_runtime,rng1146805254/returned_episode_lengths,_timestamp,_step,rng1146805254/loss,test_returned_won_episode,rng1146805254/returned_episode,env_step,qvals,returned_won_episode,rng1146805254/test_returned_episode,rng1146805254/returned_won_episode,rng1146805254/test_returned_episode_returns,rng1146805254/env_step,update_steps,test_returned_episode_lengths,test_returned_episode_returns,rng1146805254/returned_episode_returns,grad_steps,rng1146805254/grad_steps,test_returned_episode
30.28125,38.162071228027344,18,0.0,0.0,0.0,0.01497395895421505,0.09886076301336288,49.922064789,30.28125,1746178243.4198654,17,0.0,0.0,0.01497395895421505,27648.0,0.0,0.0,0.9999999403953552,0.0,0.18007917702198029,27648.0,18,38.162071228027344,0.18007917702198029,0.09886076301336288,0,0,0.9999999403953552
31.69661521911621,38.162071228027344,33,0.004349852912127972,-0.05404174327850342,0.0,0.01497395895421505,0.11430349200963974,51.568334324,31.69661521911621,1746178245.0661268,32,0.004349852912127972,0.0,0.01497395895421505,50688.0,-0.05404174327850342,0.0,0.9999999403953552,0.0,0.18007917702198029,50688.0,33,38.162071228027344,0.18007917702198029,0.11430349200963974,16,16,0.9999999403953552
30.8046875,38.162071228027344,52,0.009482728317379951,0.24171198904514313,0.0,0.014322916977107525,0.1255279779434204,59.089537374,30.8046875,1746178252.5873191,51,0.009482728317379951,0.0,0.014322916977107525,79872.0,0.24171198904514313,0.0,0.9999999403953552,0.0,0.18007917702198029,79872.0,52,38.162071228027344,0.18007917702198029,0.1255279779434204,168,168,0.9999999403953552
31.365886688232422,38.162071228027344,94,0.008842982351779938,0.8412457704544067,0.0,0.01497395895421505,0.16522574424743652,75.717174829,31.365886688232422,1746178269.2149258,93,0.008842982351779938,0.0,0.01497395895421505,144384.0,0.8412457704544067,0.0,0.9999999403953552,0.0,0.18007917702198029,144384.0,94,38.162071228027344,0.18007917702198029,0.16522574424743652,504,504,0.9999999403953552
30.31770896911621,38.162071228027344,126,0.012661507353186607,0.9624664783477783,0.0,0.014322916977107525,0.16329331696033478,88.381714599,30.31770896911621,1746178281.8794923,125,0.012661507353186607,0.0,0.014322916977107525,193536.0,0.9624664783477783,0.0,0.9999999403953552,0.0,0.18007917702198029,193536.0,126,38.162071228027344,0.18007917702198029,0.16329331696033478,760,760,0.9999999403953552
31.22005271911621,38.162071228027344,131,0.010457593947649002,1.0015547275543213,0.0,0.01497395895421505,0.1657271385192871,90.364338421,31.22005271911621,1746178283.862129,130,0.010457593947649002,0.0,0.01497395895421505,201216.0,1.0015547275543213,0.0,0.9999999403953552,0.0,0.18007917702198029,201216.0,131,38.162071228027344,0.18007917702198029,0.1657271385192871,800,800,0.9999999403953552
30.9609375,38.162071228027344,143,0.03221964091062546,1.021844506263733,0.0,0.014322916977107525,0.17112676799297333,95.11401019,30.9609375,1746178288.6118205,142,0.03221964091062546,0.0,0.014322916977107525,219648.0,1.021844506263733,0.0,0.9999999403953552,0.0,0.18007917702198029,219648.0,143,38.162071228027344,0.18007917702198029,0.17112676799297333,896,896,0.9999999403953552
31.48567771911621,38.162071228027344,186,0.020321883261203766,1.0639957189559937,0.0,0.013671875,0.20010942220687866,112.136179763,31.48567771911621,1746178305.6339867,185,0.020321883261203766,0.0,0.013671875,285696.0,1.0639957189559937,0.0,0.9999999403953552,0.0,0.18007917702198029,285696.0,186,38.162071228027344,0.18007917702198029,0.20010942220687866,1240,1240,0.9999999403953552
30.73567771911621,38.162071228027344,195,0.040772534906864166,1.1229380369186401,0.0,0.01497395895421505,0.17212283611297607,115.696774839,30.73567771911621,1746178309.1945786,194,0.040772534906864166,0.0,0.01497395895421505,299520.0,1.1229380369186401,0.0,0.9999999403953552,0.0,0.18007917702198029,299520.0,195,38.162071228027344,0.18007917702198029,0.17212283611297607,1312,1312,0.9999999403953552
31.143230438232422,38.162071228027344,199,0.038262929767370224,1.109666347503662,0.0,0.01497395895421505,0.20325998961925507,117.279840724,31.143230438232422,1746178310.7776306,198,0.038262929767370224,0.0,0.01497395895421505,305664.0,1.109666347503662,0.0,0.9999999403953552,0.0,0.18007917702198029,305664.0,199,38.162071228027344,0.18007917702198029,0.20325998961925507,1344,1344,0.9999999403953552
31.66145896911621,38.162071228027344,216,0.021883444860577583,1.128370761871338,0.0,0.015625,0.2032703459262848,124.012810498,31.66145896911621,1746178317.5105858,215,0.021883444860577583,0.0,0.015625,331776.0,1.128370761871338,0.0,0.9999999403953552,0.0,0.18007917702198029,331776.0,216,38.162071228027344,0.18007917702198029,0.2032703459262848,1480,1480,0.9999999403953552
31.78125,38.162071228027344,247,0.04327862709760666,0.8206790089607239,0.0,0.015625,0.2082127332687378,136.287387378,31.78125,1746178329.7851186,246,0.04327862709760666,0.0,0.015625,379392.0,0.8206790089607239,0.0,0.9999999403953552,0.0,0.18007917702198029,379392.0,247,38.162071228027344,0.18007917702198029,0.2082127332687378,1728,1728,0.9999999403953552
30.557292938232422,38.162071228027344,258,0.0550350695848465,0.8329339623451233,0.0,0.013671875,0.18644508719444275,140.639701594,30.557292938232422,1746178334.1375155,257,0.0550350695848465,0.0,0.013671875,396288.0,0.8329339623451233,0.0,0.9999999403953552,0.0,0.18007917702198029,396288.0,258,38.162071228027344,0.18007917702198029,0.18644508719444275,1816,1816,0.9999999403953552
31.701824188232422,38.162071228027344,260,0.05662549287080765,0.8186904191970825,0.0,0.014322916977107525,0.1882973164319992,141.435485278,31.701824188232422,1746178334.9332542,259,0.05662549287080765,0.0,0.014322916977107525,399360.0,0.8186904191970825,0.0,0.9999999403953552,0.0,0.18007917702198029,399360.0,260,38.162071228027344,0.18007917702198029,0.1882973164319992,1832,1832,0.9999999403953552
31.484375,38.162071228027344,267,0.05563943833112717,0.8250837326049805,0.0,0.01497395895421505,0.2139701545238495,144.205247429,31.484375,1746178337.7030303,266,0.05563943833112717,0.0,0.01497395895421505,410112.0,0.8250837326049805,0.0,0.9999999403953552,0.0,0.18007917702198029,410112.0,267,38.162071228027344,0.18007917702198029,0.2139701545238495,1888,1888,0.9999999403953552
31.29296875,38.162071228027344,290,0.050670325756073,0.8392861485481262,0.0,0.015625,0.22278127074241638,153.312006889,31.29296875,1746178346.8098114,289,0.050670325756073,0.0,0.015625,445440.0,0.8392861485481262,0.0,0.9999999403953552,0.0,0.18007917702198029,445440.0,290,38.162071228027344,0.18007917702198029,0.22278127074241638,2072,2072,0.9999999403953552
31.40234375,38.162071228027344,311,0.04905488342046738,0.8439950942993164,0.0,0.014322916977107525,0.2067337930202484,161.622890723,31.40234375,1746178355.120696,310,0.04905488342046738,0.0,0.014322916977107525,477696.0,0.8439950942993164,0.0,0.9999999403953552,0.0,0.18007917702198029,477696.0,311,38.162071228027344,0.18007917702198029,0.2067337930202484,2240,2240,0.9999999403953552
31.416667938232422,54.934715270996094,325,0.04704850912094116,0.849955141544342,0.0,0.015625,0.2307075709104538,167.263352016,31.416667938232422,1746178360.761131,324,0.04704850912094116,0.0,0.015625,499200.0,0.849955141544342,0.0,0.9999999403953552,0.0,0.5065692663192749,499200.0,325,54.934715270996094,0.5065692663192749,0.2307075709104538,2352,2352,0.9999999403953552
31.72265625,54.934715270996094,344,0.044320717453956604,0.844721794128418,0.0,0.015625,0.20823657512664795,174.78123613,31.72265625,1746178368.2790341,343,0.044320717453956604,0.0,0.015625,528384.0,0.844721794128418,0.0,0.9999999403953552,0.0,0.5065692663192749,528384.0,344,54.934715270996094,0.5065692663192749,0.20823657512664795,2504,2504,0.9999999403953552
31.15234375,54.934715270996094,346,0.04369589686393738,0.8329625129699707,0.0,0.015625,0.21900111436843872,175.572154419,31.15234375,1746178369.0699544,345,0.04369589686393738,0.0,0.015625,531456.0,0.8329625129699707,0.0,0.9999999403953552,0.0,0.5065692663192749,531456.0,346,54.934715270996094,0.5065692663192749,0.21900111436843872,2520,2520,0.9999999403953552
31.701824188232422,54.934715270996094,349,0.0454307496547699,0.8534261584281921,0.0,0.01497395895421505,0.21062515676021576,176.758879233,31.701824188232422,1746178370.256684,348,0.0454307496547699,0.0,0.01497395895421505,536064.0,0.8534261584281921,0.0,0.9999999403953552,0.0,0.5065692663192749,536064.0,349,54.934715270996094,0.5065692663192749,0.21062515676021576,2544,2544,0.9999999403953552
31.65364646911621,54.934715270996094,367,0.04174373671412468,0.8412175178527832,0.0,0.015625,0.23172025382518768,183.886824953,31.65364646911621,1746178377.384601,366,0.04174373671412468,0.0,0.015625,563712.0,0.8412175178527832,0.0,0.9999999403953552,0.0,0.5065692663192749,563712.0,367,54.934715270996094,0.5065692663192749,0.23172025382518768,2688,2688,0.9999999403953552
30.95442771911621,54.934715270996094,374,0.03892587125301361,0.8228118419647217,0.0,0.01497395895421505,0.2223944365978241,186.656915622,30.95442771911621,1746178380.1547096,373,0.03892587125301361,0.0,0.01497395895421505,574464.0,0.8228118419647217,0.0,0.9999999403953552,0.0,0.5065692663192749,574464.0,374,54.934715270996094,0.5065692663192749,0.2223944365978241,2744,2744,0.9999999403953552
31.48177146911621,54.934715270996094,403,0.09433956444263458,0.6981809139251709,0.0,0.015625,0.1866033524274826,198.136432687,31.48177146911621,1746178391.634217,402,0.09433956444263458,0.0,0.015625,619008.0,0.6981809139251709,0.0,0.9999999403953552,0.0,0.5065692663192749,619008.0,403,54.934715270996094,0.5065692663192749,0.1866033524274826,2976,2976,0.9999999403953552
31.268230438232422,54.934715270996094,436,0.05160772427916527,0.6685581207275391,0.0,0.01497395895421505,0.18295560777187347,211.265132643,31.268230438232422,1746178404.762916,435,0.05160772427916527,0.0,0.01497395895421505,669696.0,0.6685581207275391,0.0,0.9999999403953552,0.0,0.5065692663192749,669696.0,436,54.934715270996094,0.5065692663192749,0.18295560777187347,3240,3240,0.9999999403953552
31.11328125,54.934715270996094,452,0.06992179155349731,0.7294647097587585,0.0,0.01497395895421505,0.17067492008209229,217.599362221,31.11328125,1746178411.09717,451,0.06992179155349731,0.0,0.01497395895421505,694272.0,0.7294647097587585,0.0,0.9999999403953552,0.0,0.5065692663192749,694272.0,452,54.934715270996094,0.5065692663192749,0.17067492008209229,3368,3368,0.9999999403953552
31.768230438232422,54.934715270996094,475,0.04768901318311691,0.44465282559394836,0.0,0.015625,0.09976156800985336,226.709979819,31.768230438232422,1746178420.2077632,474,0.04768901318311691,0.0,0.015625,729600.0,0.44465282559394836,0.0,0.9999999403953552,0.0,0.5065692663192749,729600.0,475,54.934715270996094,0.5065692663192749,0.09976156800985336,3552,3552,0.9999999403953552
30.23177146911621,54.934715270996094,486,0.06896200776100159,0.4243752360343933,0.0,0.0162760429084301,0.11040771007537842,231.066506502,30.23177146911621,1746178424.564281,485,0.06896200776100159,0.0,0.0162760429084301,746496.0,0.4243752360343933,0.0,0.9999999403953552,0.0,0.5065692663192749,746496.0,486,54.934715270996094,0.5065692663192749,0.11040771007537842,3640,3640,0.9999999403953552
31.94270896911621,54.934715270996094,493,0.1811842918395996,0.3912101089954376,0.0,0.01497395895421505,0.11224596202373505,233.835874536,31.94270896911621,1746178427.3336582,492,0.1811842918395996,0.0,0.01497395895421505,757248.0,0.3912101089954376,0.0,0.9999999403953552,0.0,0.5065692663192749,757248.0,493,54.934715270996094,0.5065692663192749,0.11224596202373505,3696,3696,0.9999999403953552
30.986980438232422,54.934715270996094,518,0.12150963395833969,0.4218839108943939,0.0,0.015625,0.10487477481365204,243.736242098,30.986980438232422,1746178437.2339945,517,0.12150963395833969,0.0,0.015625,795648.0,0.4218839108943939,0.0,0.9999999403953552,0.0,0.5065692663192749,795648.0,518,54.934715270996094,0.5065692663192749,0.10487477481365204,3896,3896,0.9999999403953552
31.93489646911621,54.934715270996094,523,0.16199526190757751,0.41806334257125854,0.0,0.015625,0.12869103252887726,245.71475368,31.93489646911621,1746178439.2125552,522,0.16199526190757751,0.0,0.015625,803328.0,0.41806334257125854,0.0,0.9999999403953552,0.0,0.5065692663192749,803328.0,523,54.934715270996094,0.5065692663192749,0.12869103252887726,3936,3936,0.9999999403953552
31.734375,54.934715270996094,529,0.1458103060722351,0.42543959617614746,0.0,0.015625,0.1296369731426239,248.089076838,31.734375,1746178441.5868719,528,0.1458103060722351,0.0,0.015625,812544.0,0.42543959617614746,0.0,0.9999999403953552,0.0,0.5065692663192749,812544.0,529,54.934715270996094,0.5065692663192749,0.1296369731426239,3984,3984,0.9999999403953552
31.91927146911621,54.934715270996094,546,0.09437085688114166,0.3933371901512146,0.0,0.014322916977107525,0.10302608460187912,254.817737003,31.91927146911621,1746178448.315521,545,0.09437085688114166,0.0,0.014322916977107525,838656.0,0.3933371901512146,0.0,0.9999999403953552,0.0,0.5065692663192749,838656.0,546,54.934715270996094,0.5065692663192749,0.10302608460187912,4120,4120,0.9999999403953552
31.447917938232422,54.934715270996094,557,0.18453457951545715,0.37766000628471375,0.0,0.01497395895421505,0.1237310916185379,259.178998296,31.447917938232422,1746178452.676799,556,0.18453457951545715,0.0,0.01497395895421505,855552.0,0.37766000628471375,0.0,0.9999999403953552,0.0,0.5065692663192749,855552.0,557,54.934715270996094,0.5065692663192749,0.1237310916185379,4208,4208,0.9999999403953552
29.752605438232422,54.934715270996094,560,0.1963767409324646,0.3851918578147888,0.0,0.015625,0.09203891456127167,260.369368534,29.752605438232422,1746178453.8671415,559,0.1963767409324646,0.0,0.015625,860160.0,0.3851918578147888,0.0,0.9999999403953552,0.0,0.5065692663192749,860160.0,560,54.934715270996094,0.5065692663192749,0.09203891456127167,4232,4232,0.9999999403953552
31.217449188232422,54.934715270996094,578,0.06916888058185577,0.3624759614467621,0.0,0.01302083395421505,0.1234559640288353,267.492347254,31.217449188232422,1746178460.9901428,577,0.06916888058185577,0.0,0.01302083395421505,887808.0,0.3624759614467621,0.0,0.9999999403953552,0.0,0.5065692663192749,887808.0,578,54.934715270996094,0.5065692663192749,0.1234559640288353,4376,4376,0.9999999403953552
32.08984375,54.934715270996094,615,0.10953930765390396,0.28504854440689087,0.0,0.013671875,0.16267985105514526,282.138747072,32.08984375,1746178475.6365285,614,0.10953930765390396,0.0,0.013671875,944640.0,0.28504854440689087,0.0,0.9999999403953552,0.0,0.5065692663192749,944640.0,615,54.934715270996094,0.5065692663192749,0.16267985105514526,4672,4672,0.9999999403953552
31.897136688232422,54.934715270996094,642,0.05668982118368149,0.24461159110069275,0.0,0.015625,0.1657041758298874,292.830931095,31.897136688232422,1746178486.3287234,641,0.05668982118368149,0.0,0.015625,986112.0,0.24461159110069275,0.0,0.9999999403953552,0.0,0.5065692663192749,986112.0,642,54.934715270996094,0.5065692663192749,0.1657041758298874,4888,4888,0.9999999403953552
31.33203125,54.934715270996094,644,0.05618736892938614,0.23361532390117645,0.0,0.015625,0.13738125562667847,293.62215017,31.33203125,1746178487.1199265,643,0.05618736892938614,0.0,0.015625,989184.0,0.23361532390117645,0.0,0.9999999403953552,0.0,0.5065692663192749,989184.0,644,54.934715270996094,0.5065692663192749,0.13738125562667847,4904,4904,0.9999999403953552
31.68489646911621,52.76802062988281,667,0.044600289314985275,0.14839959144592285,0.0,0.015625,0.2292996644973755,302.824692922,31.68489646911621,1746178496.3224854,666,0.044600289314985275,0.0,0.015625,1024512.0,0.14839959144592285,0.0,1.0,0.0,0.3038771152496338,1024512.0,667,52.76802062988281,0.3038771152496338,0.2292996644973755,5088,5088,1.0
31.578125,52.76802062988281,679,0.08420810848474503,0.15152299404144287,0.0,0.015625,0.2069965898990631,307.572326615,31.578125,1746178501.0701394,678,0.08420810848474503,0.0,0.015625,1042944.0,0.15152299404144287,0.0,1.0,0.0,0.3038771152496338,1042944.0,679,52.76802062988281,0.3038771152496338,0.2069965898990631,5184,5184,1.0
31.390625,52.76802062988281,684,0.04639079421758652,0.13740816712379456,0.0,0.01497395895421505,0.23758046329021454,309.550573644,31.390625,1746178503.0483818,683,0.04639079421758652,0.0,0.01497395895421505,1050624.0,0.13740816712379456,0.0,1.0,0.0,0.3038771152496338,1050624.0,684,52.76802062988281,0.3038771152496338,0.23758046329021454,5224,5224,1.0
31.671875,52.76802062988281,690,0.050319772213697433,0.11695289611816406,0.0,0.015625,0.20479896664619446,311.92514754,31.671875,1746178505.4229424,689,0.050319772213697433,0.0,0.015625,1059840.0,0.11695289611816406,0.0,1.0,0.0,0.3038771152496338,1059840.0,690,52.76802062988281,0.3038771152496338,0.20479896664619446,5272,5272,1.0
31.68099021911621,52.76802062988281,693,0.04440886527299881,0.13474488258361816,0.0,0.015625,0.22358255088329315,313.112109579,31.68099021911621,1746178506.6099095,692,0.04440886527299881,0.0,0.015625,1064448.0,0.13474488258361816,0.0,1.0,0.0,0.3038771152496338,1064448.0,693,52.76802062988281,0.3038771152496338,0.22358255088329315,5296,5296,1.0
31.27864646911621,52.76802062988281,716,0.03965454176068306,0.11790882050991058,0.0,0.015625,0.12603527307510376,322.218747784,31.27864646911621,1746178515.7165313,715,0.03965454176068306,0.0,0.015625,1099776.0,0.11790882050991058,0.0,1.0,0.0,0.3038771152496338,1099776.0,716,52.76802062988281,0.3038771152496338,0.12603527307510376,5480,5480,1.0
31.2109375,52.76802062988281,728,0.028192022815346718,0.10557842254638672,0.0,0.015625,0.15430663526058197,326.968482434,31.2109375,1746178520.4662602,727,0.028192022815346718,0.0,0.015625,1118208.0,0.10557842254638672,0.0,1.0,0.0,0.3038771152496338,1118208.0,728,52.76802062988281,0.3038771152496338,0.15430663526058197,5576,5576,1.0
31.529949188232422,52.76802062988281,740,0.03846970945596695,0.03909388929605484,0.0,0.01497395895421505,0.2268504798412323,331.721890842,31.529949188232422,1746178525.219705,739,0.03846970945596695,0.0,0.01497395895421505,1136640.0,0.03909388929605484,0.0,1.0,0.0,0.3038771152496338,1136640.0,740,52.76802062988281,0.3038771152496338,0.2268504798412323,5672,5672,1.0
31.43880271911621,52.76802062988281,751,0.0266835018992424,0.03335314244031906,0.0,0.014322916977107525,0.14805331826210022,336.078530388,31.43880271911621,1746178529.5763328,750,0.0266835018992424,0.0,0.014322916977107525,1153536.0,0.03335314244031906,0.0,1.0,0.0,0.3038771152496338,1153536.0,751,52.76802062988281,0.3038771152496338,0.14805331826210022,5760,5760,1.0
31.75130271911621,52.76802062988281,759,0.03042268007993698,0.010992026887834072,0.0,0.014322916977107525,0.17238382995128632,339.244906781,31.75130271911621,1746178532.742671,758,0.03042268007993698,0.0,0.014322916977107525,1165824.0,0.010992026887834072,0.0,1.0,0.0,0.3038771152496338,1165824.0,759,52.76802062988281,0.3038771152496338,0.17238382995128632,5824,5824,1.0
31.022136688232422,52.76802062988281,762,0.035680897533893585,0.01667725294828415,0.0,0.015625,0.18623197078704834,340.433723884,31.022136688232422,1746178533.9314942,761,0.035680897533893585,0.0,0.015625,1170432.0,0.01667725294828415,0.0,1.0,0.0,0.3038771152496338,1170432.0,762,52.76802062988281,0.3038771152496338,0.18623197078704834,5848,5848,1.0
32.21484375,52.76802062988281,765,0.04128378629684448,-0.03251774236559868,0.0,0.014322916977107525,0.21246401965618134,341.621804115,32.21484375,1746178535.1196015,764,0.04128378629684448,0.0,0.014322916977107525,1175040.0,-0.03251774236559868,0.0,1.0,0.0,0.3038771152496338,1175040.0,765,52.76802062988281,0.3038771152496338,0.21246401965618134,5872,5872,1.0
31.90364646911621,52.76802062988281,795,0.03602807968854904,-0.08920712769031525,0.0,0.014322916977107525,0.18278241157531738,353.496108114,31.90364646911621,1746178546.9939072,794,0.03602807968854904,0.0,0.014322916977107525,1221120.0,-0.08920712769031525,0.0,1.0,0.0,0.3038771152496338,1221120.0,795,52.76802062988281,0.3038771152496338,0.18278241157531738,6112,6112,1.0
31.713542938232422,52.76802062988281,812,0.060745906084775925,-0.0836297869682312,0.0,0.01497395895421505,0.22771470248699188,360.22713817,31.713542938232422,1746178553.7249188,811,0.060745906084775925,0.0,0.01497395895421505,1247232.0,-0.0836297869682312,0.0,1.0,0.0,0.3038771152496338,1247232.0,812,52.76802062988281,0.3038771152496338,0.22771470248699188,6248,6248,1.0
31.807292938232422,52.76802062988281,813,0.047983378171920776,-0.13344156742095947,0.0,0.012369791977107525,0.2416616976261139,360.626471394,31.807292938232422,1746178554.1242895,812,0.047983378171920776,0.0,0.012369791977107525,1248768.0,-0.13344156742095947,0.0,1.0,0.0,0.3038771152496338,1248768.0,813,52.76802062988281,0.3038771152496338,0.2416616976261139,6256,6256,1.0
30.67708396911621,52.76802062988281,819,0.05258882790803909,-0.16537237167358398,0.0,0.01497395895421505,0.1941392868757248,363.000529466,30.67708396911621,1746178556.4983392,818,0.05258882790803909,0.0,0.01497395895421505,1257984.0,-0.16537237167358398,0.0,1.0,0.0,0.3038771152496338,1257984.0,819,52.76802062988281,0.3038771152496338,0.1941392868757248,6304,6304,1.0
31.64974021911621,52.76802062988281,822,0.017611335963010788,-0.17156420648097992,0.0,0.015625,0.2255161702632904,364.18782234,31.64974021911621,1746178557.685631,821,0.017611335963010788,0.0,0.015625,1262592.0,-0.17156420648097992,0.0,1.0,0.0,0.3038771152496338,1262592.0,822,52.76802062988281,0.3038771152496338,0.2255161702632904,6328,6328,1.0
32.01171875,52.76802062988281,827,0.016350511461496353,-0.1583605706691742,0.0,0.01497395895421505,0.2456117868423462,366.166923332,32.01171875,1746178559.6647134,826,0.016350511461496353,0.0,0.01497395895421505,1270272.0,-0.1583605706691742,0.0,1.0,0.0,0.3038771152496338,1270272.0,827,52.76802062988281,0.3038771152496338,0.2456117868423462,6368,6368,1.0
31.596355438232422,52.76802062988281,889,0.015370017848908901,-0.12147309631109238,0.0,0.015625,0.26163288950920105,390.725542983,31.596355438232422,1746178584.2233343,888,0.015370017848908901,0.0,0.015625,1365504.0,-0.12147309631109238,0.0,1.0,0.0,0.3038771152496338,1365504.0,889,52.76802062988281,0.3038771152496338,0.26163288950920105,6864,6864,1.0
30.28255271911621,52.76802062988281,900,0.013788748532533646,-0.11693950742483139,0.0,0.014322916977107525,0.24836602807044983,395.078652773,30.28255271911621,1746178588.5764604,899,0.013788748532533646,0.0,0.014322916977107525,1382400.0,-0.11693950742483139,0.0,1.0,0.0,0.3038771152496338,1382400.0,900,52.76802062988281,0.3038771152496338,0.24836602807044983,6952,6952,1.0
30.65755271911621,52.76802062988281,920,0.013250136747956276,-0.0961679220199585,0.0,0.01497395895421505,0.28474944829940796,402.997127981,30.65755271911621,1746178596.4949539,919,0.013250136747956276,0.0,0.01497395895421505,1413120.0,-0.0961679220199585,0.0,1.0,0.0,0.3038771152496338,1413120.0,920,52.76802062988281,0.3038771152496338,0.28474944829940796,7112,7112,1.0
31.674480438232422,52.76802062988281,941,0.011979350820183754,-0.04257968068122864,0.0,0.015625,0.2823604941368103,411.308111814,31.674480438232422,1746178604.805902,940,0.011979350820183754,0.0,0.015625,1445376.0,-0.04257968068122864,0.0,1.0,0.0,0.3038771152496338,1445376.0,941,52.76802062988281,0.3038771152496338,0.2823604941368103,7280,7280,1.0
30.51302146911621,52.76802062988281,951,0.012054599821567535,-0.0432143397629261,0.0,0.01497395895421505,0.28578150272369385,415.26611215,30.51302146911621,1746178608.7639005,950,0.012054599821567535,0.0,0.01497395895421505,1460736.0,-0.0432143397629261,0.0,1.0,0.0,0.3038771152496338,1460736.0,951,52.76802062988281,0.3038771152496338,0.28578150272369385,7360,7360,1.0
30.66927146911621,52.76802062988281,954,0.012979591265320778,-0.02867424115538597,0.0,0.015625,0.3158857226371765,416.453652837,30.66927146911621,1746178609.9514472,953,0.012979591265320778,0.0,0.015625,1465344.0,-0.02867424115538597,0.0,1.0,0.0,0.3038771152496338,1465344.0,954,52.76802062988281,0.3038771152496338,0.3158857226371765,7384,7384,1.0
31.46875,52.76802062988281,962,0.01150759682059288,-0.040583543479442596,0.0,0.015625,0.3196702301502228,419.620192265,31.46875,1746178613.1179745,961,0.01150759682059288,0.0,0.015625,1477632.0,-0.040583543479442596,0.0,1.0,0.0,0.3038771152496338,1477632.0,962,52.76802062988281,0.3038771152496338,0.3196702301502228,7448,7448,1.0
31.234375,52.76802062988281,966,0.011667957529425621,-0.03100888803601265,0.0,0.015625,0.32005029916763306,421.206351265,31.234375,1746178614.7041457,965,0.011667957529425621,0.0,0.015625,1483776.0,-0.03100888803601265,0.0,1.0,0.0,0.3038771152496338,1483776.0,966,52.76802062988281,0.3038771152496338,0.32005029916763306,7480,7480,1.0
31.596355438232422,51.42074203491211,1001,0.011139554902911186,-0.06815967708826065,0.0,0.015625,0.3151545226573944,435.161731447,31.596355438232422,1746178628.6595154,1000,0.011139554902911186,0.0,0.015625,1537536.0,-0.06815967708826065,0.0,1.0,0.0,0.49457216262817383,1537536.0,1001,51.42074203491211,0.49457216262817383,0.3151545226573944,7760,7760,1.0
30.94661521911621,51.42074203491211,1002,0.012761035934090614,-0.06398067623376846,0.0,0.015625,0.3315065801143646,435.557494487,30.94661521911621,1746178629.055288,1001,0.012761035934090614,0.0,0.015625,1539072.0,-0.06398067623376846,0.0,1.0,0.0,0.49457216262817383,1539072.0,1002,51.42074203491211,0.49457216262817383,0.3315065801143646,7768,7768,1.0
31.52083396911621,51.42074203491211,1011,0.024345409125089645,-0.025237850844860077,0.0,0.015625,0.34402212500572205,439.121029543,31.52083396911621,1746178632.6188247,1010,0.024345409125089645,0.0,0.015625,1552896.0,-0.025237850844860077,0.0,1.0,0.0,0.49457216262817383,1552896.0,1011,51.42074203491211,0.49457216262817383,0.34402212500572205,7840,7840,1.0
31.38671875,51.42074203491211,1026,0.013235801830887794,-0.03659861162304878,0.0,0.015625,0.33029860258102417,445.058278051,31.38671875,1746178638.5560737,1025,0.013235801830887794,0.0,0.015625,1575936.0,-0.03659861162304878,0.0,1.0,0.0,0.49457216262817383,1575936.0,1026,51.42074203491211,0.49457216262817383,0.33029860258102417,7960,7960,1.0
31.186199188232422,51.42074203491211,1031,0.01025107316672802,-0.04315626621246338,0.0,0.015625,0.32709935307502747,447.036845326,31.186199188232422,1746178640.5346522,1030,0.01025107316672802,0.0,0.015625,1583616.0,-0.04315626621246338,0.0,1.0,0.0,0.49457216262817383,1583616.0,1031,51.42074203491211,0.49457216262817383,0.32709935307502747,8000,8000,1.0
31.28255271911621,51.42074203491211,1036,0.010048283264040947,-0.04808863252401352,0.0,0.015625,0.33203303813934326,449.018482249,31.28255271911621,1746178642.516121,1035,0.010048283264040947,0.0,0.015625,1591296.0,-0.04808863252401352,0.0,1.0,0.0,0.49457216262817383,1591296.0,1036,51.42074203491211,0.49457216262817383,0.33203303813934326,8040,8040,1.0
31.514324188232422,51.42074203491211,1039,0.01237623393535614,-0.06372757256031036,0.0,0.015625,0.3107433319091797,450.205923568,31.514324188232422,1746178643.7037337,1038,0.01237623393535614,0.0,0.015625,1595904.0,-0.06372757256031036,0.0,1.0,0.0,0.49457216262817383,1595904.0,1039,51.42074203491211,0.49457216262817383,0.3107433319091797,8064,8064,1.0
31.66536521911621,51.42074203491211,1058,0.02695552445948124,-0.0817493200302124,0.0,0.015625,0.32925647497177124,457.727176607,31.66536521911621,1746178651.2249954,1057,0.02695552445948124,0.0,0.015625,1625088.0,-0.0817493200302124,0.0,1.0,0.0,0.49457216262817383,1625088.0,1058,51.42074203491211,0.49457216262817383,0.32925647497177124,8216,8216,1.0
31.62630271911621,51.42074203491211,1060,0.024506952613592148,-0.12153559178113937,0.0,0.015625,0.33292198181152344,458.51850736,31.62630271911621,1746178652.0163257,1059,0.024506952613592148,0.0,0.015625,1628160.0,-0.12153559178113937,0.0,1.0,0.0,0.49457216262817383,1628160.0,1060,51.42074203491211,0.49457216262817383,0.33292198181152344,8232,8232,1.0
32.05338668823242,51.42074203491211,1063,0.07817422598600388,-0.16728849709033966,0.0,0.015625,0.33150649070739746,459.705892072,32.05338668823242,1746178653.2037106,1062,0.07817422598600388,0.0,0.015625,1632768.0,-0.16728849709033966,0.0,1.0,0.0,0.49457216262817383,1632768.0,1063,51.42074203491211,0.49457216262817383,0.33150649070739746,8256,8256,1.0
31.45442771911621,51.42074203491211,1081,0.010571049526333809,-0.1800006628036499,0.0,0.015625,0.3264869451522827,466.83444757,31.45442771911621,1746178660.3322434,1080,0.010571049526333809,0.0,0.015625,1660416.0,-0.1800006628036499,0.0,1.0,0.0,0.49457216262817383,1660416.0,1081,51.42074203491211,0.49457216262817383,0.3264869451522827,8400,8400,1.0
31.045574188232422,51.42074203491211,1089,0.009677480906248093,-0.18106094002723694,0.0,0.015625,0.32562386989593506,470.001206161,31.045574188232422,1746178663.4990118,1088,0.009677480906248093,0.0,0.015625,1672704.0,-0.18106094002723694,0.0,1.0,0.0,0.49457216262817383,1672704.0,1089,51.42074203491211,0.49457216262817383,0.32562386989593506,8464,8464,1.0
31.096355438232422,51.42074203491211,1104,0.00962102971971035,-0.174944669008255,0.0,0.015625,0.336051881313324,475.942601683,31.096355438232422,1746178669.4404194,1103,0.00962102971971035,0.0,0.015625,1695744.0,-0.174944669008255,0.0,1.0,0.0,0.49457216262817383,1695744.0,1104,51.42074203491211,0.49457216262817383,0.336051881313324,8584,8584,1.0
31.29817771911621,51.42074203491211,1115,0.009589132852852345,-0.17256124317646027,0.0,0.015625,0.324800968170166,480.297069528,31.29817771911621,1746178673.7948778,1114,0.009589132852852345,0.0,0.015625,1712640.0,-0.17256124317646027,0.0,1.0,0.0,0.49457216262817383,1712640.0,1115,51.42074203491211,0.49457216262817383,0.324800968170166,8672,8672,1.0
31.154949188232422,51.42074203491211,1146,0.00848270021378994,-0.25650158524513245,0.0,0.015625,0.32642805576324463,492.567254397,31.154949188232422,1746178686.0650423,1145,0.00848270021378994,0.0,0.015625,1760256.0,-0.25650158524513245,0.0,1.0,0.0,0.49457216262817383,1760256.0,1146,51.42074203491211,0.49457216262817383,0.32642805576324463,8920,8920,1.0
31.56380271911621,51.42074203491211,1163,0.009623684920370579,-0.25277695059776306,0.0,0.015625,0.3338267207145691,499.301812057,31.56380271911621,1746178692.7996085,1162,0.009623684920370579,0.0,0.015625,1786368.0,-0.25277695059776306,0.0,1.0,0.0,0.49457216262817383,1786368.0,1163,51.42074203491211,0.49457216262817383,0.3338267207145691,9056,9056,1.0
31.6796875,51.42074203491211,1170,0.007020166143774986,-0.24278056621551514,0.0,0.015625,0.3228510618209839,502.075253795,31.6796875,1746178695.5730522,1169,0.007020166143774986,0.0,0.015625,1797120.0,-0.24278056621551514,0.0,1.0,0.0,0.49457216262817383,1797120.0,1170,51.42074203491211,0.49457216262817383,0.3228510618209839,9112,9112,1.0
31.23958396911621,51.42074203491211,1174,0.006946472451090813,-0.24509567022323608,0.0,0.015625,0.3272552788257599,503.658533759,31.23958396911621,1746178697.1562972,1173,0.006946472451090813,0.0,0.015625,1803264.0,-0.24509567022323608,0.0,1.0,0.0,0.49457216262817383,1803264.0,1174,51.42074203491211,0.49457216262817383,0.3272552788257599,9144,9144,1.0
31.5234375,51.42074203491211,1195,0.007088499143719673,-0.23871901631355286,0.0,0.015625,0.3130938708782196,511.969807499,31.5234375,1746178705.4675853,1194,0.007088499143719673,0.0,0.015625,1835520.0,-0.23871901631355286,0.0,1.0,0.0,0.49457216262817383,1835520.0,1195,51.42074203491211,0.49457216262817383,0.3130938708782196,9312,9312,1.0
31.40625,51.42074203491211,1200,0.006429433822631836,-0.23901453614234924,0.0,0.015625,0.33956393599510193,513.948176236,31.40625,1746178707.4459817,1199,0.006429433822631836,0.0,0.015625,1843200.0,-0.23901453614234924,0.0,1.0,0.0,0.49457216262817383,1843200.0,1200,51.42074203491211,0.49457216262817383,0.33956393599510193,9352,9352,1.0
31.459636688232422,51.42074203491211,1204,0.007092015352100134,-0.24778220057487488,0.0,0.015625,0.3387173116207123,515.530892506,31.459636688232422,1746178709.0286856,1203,0.007092015352100134,0.0,0.015625,1849344.0,-0.24778220057487488,0.0,1.0,0.0,0.49457216262817383,1849344.0,1204,51.42074203491211,0.49457216262817383,0.3387173116207123,9384,9384,1.0
31.393230438232422,51.42074203491211,1230,0.007224820088595152,-0.23641961812973022,0.0,0.015625,0.33647477626800537,525.81886591,31.393230438232422,1746178719.3166502,1229,0.007224820088595152,0.0,0.015625,1889280.0,-0.23641961812973022,0.0,1.0,0.0,0.49457216262817383,1889280.0,1230,51.42074203491211,0.49457216262817383,0.33647477626800537,9592,9592,1.0
31.65234375,51.42074203491211,1238,0.006401497405022383,-0.24304772913455963,0.0,0.015625,0.3478183150291443,528.985530797,31.65234375,1746178722.483341,1237,0.006401497405022383,0.0,0.015625,1901568.0,-0.24304772913455963,0.0,1.0,0.0,0.49457216262817383,1901568.0,1238,51.42074203491211,0.49457216262817383,0.3478183150291443,9656,9656,1.0
31.299480438232422,51.42074203491211,1271,0.009132051840424538,-0.2526816725730896,0.0,0.015625,0.3305583894252777,542.054247015,31.299480438232422,1746178735.552053,1270,0.009132051840424538,0.0,0.015625,1952256.0,-0.2526816725730896,0.0,1.0,0.0,0.49457216262817383,1952256.0,1271,51.42074203491211,0.49457216262817383,0.3305583894252777,9920,9920,1.0
31.34114646911621,51.42074203491211,1288,0.0056190574541687965,-0.24643275141716003,0.0,0.015625,0.34445032477378845,548.806411618,31.34114646911621,1746178742.3042302,1287,0.0056190574541687965,0.0,0.015625,1978368.0,-0.24643275141716003,0.0,1.0,0.0,0.49457216262817383,1978368.0,1288,51.42074203491211,0.49457216262817383,0.34445032477378845,10056,10056,1.0
31.412761688232422,51.42074203491211,1292,0.005254508927464485,-0.26053500175476074,0.0,0.015625,0.3480750024318695,550.389198724,31.412761688232422,1746178743.8869982,1291,0.005254508927464485,0.0,0.015625,1984512.0,-0.26053500175476074,0.0,1.0,0.0,0.49457216262817383,1984512.0,1292,51.42074203491211,0.49457216262817383,0.3480750024318695,10088,10088,1.0
31.17317771911621,51.42074203491211,1294,0.005441620945930481,-0.25211673974990845,0.0,0.015625,0.3507705628871918,551.181305679,31.17317771911621,1746178744.6791167,1293,0.005441620945930481,0.0,0.015625,1987584.0,-0.25211673974990845,0.0,1.0,0.0,0.49457216262817383,1987584.0,1294,51.42074203491211,0.49457216262817383,0.3507705628871918,10104,10104,1.0
31.666667938232422,53.44367980957031,1324,0.00695769814774394,-0.2930297255516052,0.0,0.015625,0.34641826152801514,563.155698654,31.666667938232422,1746178756.6534865,1323,0.00695769814774394,0.0,0.015625,2033664.0,-0.2930297255516052,0.0,1.0,0.0,0.5916845798492432,2033664.0,1324,53.44367980957031,0.5916845798492432,0.34641826152801514,10344,10344,1.0
31.416667938232422,53.44367980957031,1326,0.006930127274245024,-0.30189019441604614,0.0,0.015625,0.345093309879303,563.946952879,31.416667938232422,1746178757.4447293,1325,0.006930127274245024,0.0,0.015625,2036736.0,-0.30189019441604614,0.0,1.0,0.0,0.5916845798492432,2036736.0,1326,53.44367980957031,0.5916845798492432,0.345093309879303,10360,10360,1.0
31.62109375,53.44367980957031,1332,0.006095299031585455,-0.3078823983669281,0.0,0.01497395895421505,0.34811294078826904,566.321556332,31.62109375,1746178759.8193681,1331,0.006095299031585455,0.0,0.01497395895421505,2045952.0,-0.3078823983669281,0.0,1.0,0.0,0.5916845798492432,2045952.0,1332,53.44367980957031,0.5916845798492432,0.34811294078826904,10408,10408,1.0
31.5,53.44367980957031,1343,0.006375388707965612,-0.30141404271125793,0.0,0.015625,0.3364143371582031,570.675946916,31.5,1746178764.1737525,1342,0.006375388707965612,0.0,0.015625,2062848.0,-0.30141404271125793,0.0,1.0,0.0,0.5916845798492432,2062848.0,1343,53.44367980957031,0.5916845798492432,0.3364143371582031,10496,10496,1.0
31.479167938232422,53.44367980957031,1347,0.005629757419228554,-0.30369865894317627,0.0,0.015625,0.34905457496643066,572.258290785,31.479167938232422,1746178765.7560964,1346,0.005629757419228554,0.0,0.015625,2068992.0,-0.30369865894317627,0.0,1.0,0.0,0.5916845798492432,2068992.0,1347,53.44367980957031,0.5916845798492432,0.34905457496643066,10528,10528,1.0
31.875,53.44367980957031,1360,0.006244007032364607,-0.2946205735206604,0.0,0.01497395895421505,0.33527442812919617,577.403664703,31.875,1746178770.9014618,1359,0.006244007032364607,0.0,0.01497395895421505,2088960.0,-0.2946205735206604,0.0,1.0,0.0,0.5916845798492432,2088960.0,1360,53.44367980957031,0.5916845798492432,0.33527442812919617,10632,10632,1.0
31.662761688232422,53.44367980957031,1364,0.008521482348442078,-0.30388113856315613,0.0,0.015625,0.34713536500930786,578.987059888,31.662761688232422,1746178772.4848473,1363,0.008521482348442078,0.0,0.015625,2095104.0,-0.30388113856315613,0.0,1.0,0.0,0.5916845798492432,2095104.0,1364,53.44367980957031,0.5916845798492432,0.34713536500930786,10664,10664,1.0
31.546875,53.44367980957031,1367,0.010526776313781738,-0.31635990738868713,0.0,0.015625,0.33945977687835693,580.174727299,31.546875,1746178773.6725295,1366,0.010526776313781738,0.0,0.015625,2099712.0,-0.31635990738868713,0.0,1.0,0.0,0.5916845798492432,2099712.0,1367,53.44367980957031,0.5916845798492432,0.33945977687835693,10688,10688,1.0
31.74739646911621,53.44367980957031,1379,0.008134761825203896,-0.4015665352344513,0.0,0.015625,0.3517695665359497,584.927946622,31.74739646911621,1746178778.4257298,1378,0.008134761825203896,0.0,0.015625,2118144.0,-0.4015665352344513,0.0,1.0,0.0,0.5916845798492432,2118144.0,1379,53.44367980957031,0.5916845798492432,0.3517695665359497,10784,10784,1.0
31.66536521911621,53.44367980957031,1404,0.006100778002291918,-0.39141780138015747,0.0,0.015625,0.35829979181289673,594.830175448,31.66536521911621,1746178788.3279738,1403,0.006100778002291918,0.0,0.015625,2156544.0,-0.39141780138015747,0.0,1.0,0.0,0.5916845798492432,2156544.0,1404,53.44367980957031,0.5916845798492432,0.35829979181289673,10984,10984,1.0
31.154949188232422,53.44367980957031,1406,0.005797162652015686,-0.39252108335494995,0.0,0.015625,0.35818880796432495,595.621878281,31.154949188232422,1746178789.119672,1405,0.005797162652015686,0.0,0.015625,2159616.0,-0.39252108335494995,0.0,1.0,0.0,0.5916845798492432,2159616.0,1406,53.44367980957031,0.5916845798492432,0.35818880796432495,11000,11000,1.0
31.89974021911621,53.44367980957031,1438,0.005737525876611471,-0.3775171637535095,0.0,0.01497395895421505,0.35837242007255554,608.290685379,31.89974021911621,1746178801.7884853,1437,0.005737525876611471,0.0,0.01497395895421505,2208768.0,-0.3775171637535095,0.0,1.0,0.0,0.5916845798492432,2208768.0,1438,53.44367980957031,0.5916845798492432,0.35837242007255554,11256,11256,1.0
31.674480438232422,53.44367980957031,1460,0.014358247630298138,-0.4078790247440338,0.0,0.015625,0.35085219144821167,617.003098768,31.674480438232422,1746178810.5008862,1459,0.014358247630298138,0.0,0.015625,2242560.0,-0.4078790247440338,0.0,1.0,0.0,0.5916845798492432,2242560.0,1460,53.44367980957031,0.5916845798492432,0.35085219144821167,11432,11432,1.0
31.66796875,53.44367980957031,1467,0.006821220275014639,-0.43991029262542725,0.0,0.015625,0.35962188243865967,619.773174784,31.66796875,1746178813.2709694,1466,0.006821220275014639,0.0,0.015625,2253312.0,-0.43991029262542725,0.0,1.0,0.0,0.5916845798492432,2253312.0,1467,53.44367980957031,0.5916845798492432,0.35962188243865967,11488,11488,1.0
31.467449188232422,53.44367980957031,1472,0.006176726892590523,-0.4375801682472229,0.0,0.015625,0.3530871868133545,621.755275042,31.467449188232422,1746178815.2530682,1471,0.006176726892590523,0.0,0.015625,2260992.0,-0.4375801682472229,0.0,1.0,0.0,0.5916845798492432,2260992.0,1472,53.44367980957031,0.5916845798492432,0.3530871868133545,11528,11528,1.0
31.67708396911621,53.44367980957031,1485,0.005973446182906628,-0.43100059032440186,0.0,0.015625,0.3523179888725281,626.900131852,31.67708396911621,1746178820.3979073,1484,0.005973446182906628,0.0,0.015625,2280960.0,-0.43100059032440186,0.0,1.0,0.0,0.5916845798492432,2280960.0,1485,53.44367980957031,0.5916845798492432,0.3523179888725281,11632,11632,1.0
31.53255271911621,53.44367980957031,1495,0.006430044304579496,-0.44426554441452026,0.0,0.015625,0.36447590589523315,630.859349782,31.53255271911621,1746178824.357127,1494,0.006430044304579496,0.0,0.015625,2296320.0,-0.44426554441452026,0.0,1.0,0.0,0.5916845798492432,2296320.0,1495,53.44367980957031,0.5916845798492432,0.36447590589523315,11712,11712,1.0
31.73828125,53.44367980957031,1513,0.0068343281745910645,-0.44362062215805054,0.0,0.015625,0.35029444098472595,637.980608992,31.73828125,1746178831.4784057,1512,0.0068343281745910645,0.0,0.015625,2323968.0,-0.44362062215805054,0.0,1.0,0.0,0.5916845798492432,2323968.0,1513,53.44367980957031,0.5916845798492432,0.35029444098472595,11856,11856,1.0
31.3203125,53.44367980957031,1530,0.008046330884099007,-0.43993353843688965,0.0,0.015625,0.3559398651123047,644.712641378,31.3203125,1746178838.2104585,1529,0.008046330884099007,0.0,0.015625,2350080.0,-0.43993353843688965,0.0,1.0,0.0,0.5916845798492432,2350080.0,1530,53.44367980957031,0.5916845798492432,0.3559398651123047,11992,11992,1.0
31.385417938232422,53.44367980957031,1545,0.006089141592383385,-0.43711400032043457,0.0,0.015625,0.37230414152145386,650.651155315,31.385417938232422,1746178844.148967,1544,0.006089141592383385,0.0,0.015625,2373120.0,-0.43711400032043457,0.0,1.0,0.0,0.5916845798492432,2373120.0,1545,53.44367980957031,0.5916845798492432,0.37230414152145386,12112,12112,1.0
31.76302146911621,53.44367980957031,1552,0.005260906182229519,-0.4366382360458374,0.0,0.015625,0.3615238070487976,653.42385893,31.76302146911621,1746178846.9216564,1551,0.005260906182229519,0.0,0.015625,2383872.0,-0.4366382360458374,0.0,1.0,0.0,0.5916845798492432,2383872.0,1552,53.44367980957031,0.5916845798492432,0.3615238070487976,12168,12168,1.0
31.424480438232422,53.44367980957031,1581,0.005574145819991827,-0.4291720986366272,0.0,0.015625,0.3676491379737854,664.902434099,31.424480438232422,1746178858.4002304,1580,0.005574145819991827,0.0,0.015625,2428416.0,-0.4291720986366272,0.0,1.0,0.0,0.5916845798492432,2428416.0,1581,53.44367980957031,0.5916845798492432,0.3676491379737854,12400,12400,1.0
31.578125,53.44367980957031,1588,0.006293505895882845,-0.423014372587204,0.0,0.015625,0.3492290675640106,667.672712734,31.578125,1746178861.1705146,1587,0.006293505895882845,0.0,0.015625,2439168.0,-0.423014372587204,0.0,1.0,0.0,0.5916845798492432,2439168.0,1588,53.44367980957031,0.5916845798492432,0.3492290675640106,12456,12456,1.0
31.748699188232422,53.44367980957031,1601,0.004725046455860138,-0.4321306645870209,0.0,0.015625,0.35722118616104126,672.820561239,31.748699188232422,1746178866.3183548,1600,0.004725046455860138,0.0,0.015625,2459136.0,-0.4321306645870209,0.0,1.0,0.0,0.5916845798492432,2459136.0,1601,53.44367980957031,0.5916845798492432,0.35722118616104126,12560,12560,1.0
31.5703125,53.44367980957031,1604,0.0048921555280685425,-0.433640718460083,0.0,0.015625,0.35902732610702515,674.010260375,31.5703125,1746178867.5080109,1603,0.0048921555280685425,0.0,0.015625,2463744.0,-0.433640718460083,0.0,1.0,0.0,0.5916845798492432,2463744.0,1604,53.44367980957031,0.5916845798492432,0.35902732610702515,12584,12584,1.0
31.936199188232422,53.44367980957031,1608,0.004742762073874474,-0.4259774386882782,0.0,0.01497395895421505,0.35641321539878845,675.593347869,31.936199188232422,1746178869.0911453,1607,0.004742762073874474,0.0,0.01497395895421505,2469888.0,-0.4259774386882782,0.0,1.0,0.0,0.5916845798492432,2469888.0,1608,53.44367980957031,0.5916845798492432,0.35641321539878845,12616,12616,1.0
31.75911521911621,53.44367980957031,1623,0.009267225861549377,-0.4270866811275482,0.0,0.015625,0.339180588722229,681.529642612,31.75911521911621,1746178875.02743,1622,0.009267225861549377,0.0,0.015625,2492928.0,-0.4270866811275482,0.0,1.0,0.0,0.5916845798492432,2492928.0,1623,53.44367980957031,0.5916845798492432,0.339180588722229,12736,12736,1.0
31.815105438232422,56.411521911621094,1645,0.008399980142712593,-0.4490129351615906,0.0,0.015625,0.34695637226104736,690.338585159,31.815105438232422,1746178883.833183,1644,0.008399980142712593,0.0,0.015625,2526720.0,-0.4490129351615906,0.0,0.9999998807907104,0.0,0.6364808678627014,2526720.0,1645,56.411521911621094,0.6364808678627014,0.34695637226104736,12912,12912,0.9999998807907104
31.369792938232422,56.411521911621094,1657,0.0049959635362029076,-0.45925912261009216,0.0,0.015625,0.3600054681301117,695.09536787,31.369792938232422,1746178888.5931747,1656,0.0049959635362029076,0.0,0.015625,2545152.0,-0.45925912261009216,0.0,0.9999998807907104,0.0,0.6364808678627014,2545152.0,1657,56.411521911621094,0.6364808678627014,0.3600054681301117,13008,13008,0.9999998807907104
31.20442771911621,56.411521911621094,1665,0.005781322717666626,-0.4486004114151001,0.0,0.015625,0.35114359855651855,698.264109494,31.20442771911621,1746178891.7619207,1664,0.005781322717666626,0.0,0.015625,2557440.0,-0.4486004114151001,0.0,0.9999998807907104,0.0,0.6364808678627014,2557440.0,1665,56.411521911621094,0.6364808678627014,0.35114359855651855,13072,13072,0.9999998807907104
31.486980438232422,56.411521911621094,1673,0.006670413538813591,-0.452351838350296,0.0,0.01497395895421505,0.3553584814071655,701.430659725,31.486980438232422,1746178894.928472,1672,0.006670413538813591,0.0,0.01497395895421505,2569728.0,-0.452351838350296,0.0,0.9999998807907104,0.0,0.6364808678627014,2569728.0,1673,56.411521911621094,0.6364808678627014,0.3553584814071655,13136,13136,0.9999998807907104
31.44140625,56.411521911621094,1679,0.005075046792626381,-0.44894835352897644,0.0,0.015625,0.35561174154281616,703.806746379,31.44140625,1746178897.3045316,1678,0.005075046792626381,0.0,0.015625,2578944.0,-0.44894835352897644,0.0,0.9999998807907104,0.0,0.6364808678627014,2578944.0,1679,56.411521911621094,0.6364808678627014,0.35561174154281616,13184,13184,0.9999998807907104
31.25390625,56.411521911621094,1683,0.005341587122529745,-0.4522162675857544,0.0,0.015625,0.34879040718078613,705.390287322,31.25390625,1746178898.8880863,1682,0.005341587122529745,0.0,0.015625,2585088.0,-0.4522162675857544,0.0,0.9999998807907104,0.0,0.6364808678627014,2585088.0,1683,56.411521911621094,0.6364808678627014,0.34879040718078613,13216,13216,0.9999998807907104
31.80989646911621,56.411521911621094,1692,0.006419496610760689,-0.4574129283428192,0.0,0.014322916977107525,0.3518683910369873,708.953938453,31.80989646911621,1746178902.4517136,1691,0.006419496610760689,0.0,0.014322916977107525,2598912.0,-0.4574129283428192,0.0,0.9999998807907104,0.0,0.6364808678627014,2598912.0,1692,56.411521911621094,0.6364808678627014,0.3518683910369873,13288,13288,0.9999998807907104
31.72395896911621,56.411521911621094,1693,0.0064217629842460155,-0.45902344584465027,0.0,0.015625,0.362893670797348,709.349939175,31.72395896911621,1746178902.847717,1692,0.0064217629842460155,0.0,0.015625,2600448.0,-0.45902344584465027,0.0,0.9999998807907104,0.0,0.6364808678627014,2600448.0,1693,56.411521911621094,0.6364808678627014,0.362893670797348,13296,13296,0.9999998807907104
32.12369918823242,56.411521911621094,1722,0.010658571496605873,-0.467589795589447,0.0,0.015625,0.3697427213191986,720.860678378,32.12369918823242,1746178914.358452,1721,0.010658571496605873,0.0,0.015625,2644992.0,-0.467589795589447,0.0,0.9999998807907104,0.0,0.6364808678627014,2644992.0,1722,56.411521911621094,0.6364808678627014,0.3697427213191986,13528,13528,0.9999998807907104
31.73958396911621,56.411521911621094,1734,0.008357476443052292,-0.4765838384628296,0.0,0.015625,0.3454422354698181,725.610714971,31.73958396911621,1746178919.1085372,1733,0.008357476443052292,0.0,0.015625,2663424.0,-0.4765838384628296,0.0,0.9999998807907104,0.0,0.6364808678627014,2663424.0,1734,56.411521911621094,0.6364808678627014,0.3454422354698181,13624,13624,0.9999998807907104
32.03776168823242,56.411521911621094,1736,0.0058096894063055515,-0.47705814242362976,0.0,0.01497395895421505,0.34821709990501404,726.402341235,32.03776168823242,1746178919.9001465,1735,0.0058096894063055515,0.0,0.01497395895421505,2666496.0,-0.47705814242362976,0.0,0.9999998807907104,0.0,0.6364808678627014,2666496.0,1736,56.411521911621094,0.6364808678627014,0.34821709990501404,13640,13640,0.9999998807907104
31.9609375,56.411521911621094,1769,0.006543111056089401,-0.4629666209220886,0.0,0.013671875,0.35730597376823425,739.478165727,31.9609375,1746178932.975928,1768,0.006543111056089401,0.0,0.013671875,2717184.0,-0.4629666209220886,0.0,0.9999998807907104,0.0,0.6364808678627014,2717184.0,1769,56.411521911621094,0.6364808678627014,0.35730597376823425,13904,13904,0.9999998807907104
31.69270896911621,56.411521911621094,1783,0.006396281532943249,-0.4807731509208679,0.0,0.01497395895421505,0.3522200584411621,745.023102743,31.69270896911621,1746178938.5209138,1782,0.006396281532943249,0.0,0.01497395895421505,2738688.0,-0.4807731509208679,0.0,0.9999998807907104,0.0,0.6364808678627014,2738688.0,1783,56.411521911621094,0.6364808678627014,0.3522200584411621,14016,14016,0.9999998807907104
31.80599021911621,56.411521911621094,1798,0.005379973910748959,-0.47926390171051025,0.0,0.01302083395421505,0.34513694047927856,750.965799177,31.80599021911621,1746178944.4636085,1797,0.005379973910748959,0.0,0.01302083395421505,2761728.0,-0.47926390171051025,0.0,0.9999998807907104,0.0,0.6364808678627014,2761728.0,1798,56.411521911621094,0.6364808678627014,0.34513694047927856,14136,14136,0.9999998807907104
32.059898376464844,56.411521911621094,1806,0.007818102836608887,-0.48697805404663086,0.0,0.015625,0.35476821660995483,754.132842949,32.059898376464844,1746178947.6306252,1805,0.007818102836608887,0.0,0.015625,2774016.0,-0.48697805404663086,0.0,0.9999998807907104,0.0,0.6364808678627014,2774016.0,1806,56.411521911621094,0.6364808678627014,0.35476821660995483,14200,14200,0.9999998807907104
32.075523376464844,56.411521911621094,1813,0.005208889953792095,-0.4922405481338501,0.0,0.015625,0.350775808095932,756.906205025,32.075523376464844,1746178950.403996,1812,0.005208889953792095,0.0,0.015625,2784768.0,-0.4922405481338501,0.0,0.9999998807907104,0.0,0.6364808678627014,2784768.0,1813,56.411521911621094,0.6364808678627014,0.350775808095932,14256,14256,0.9999998807907104
32.04557418823242,56.411521911621094,1818,0.00758441211655736,-0.4946090281009674,0.0,0.015625,0.3504645526409149,758.886029537,32.04557418823242,1746178952.3838232,1817,0.00758441211655736,0.0,0.015625,2792448.0,-0.4946090281009674,0.0,0.9999998807907104,0.0,0.6364808678627014,2792448.0,1818,56.411521911621094,0.6364808678627014,0.3504645526409149,14296,14296,0.9999998807907104
32.234375,56.411521911621094,1819,0.005010063759982586,-0.4898759722709656,0.0,0.014322916977107525,0.3540848195552826,759.281770423,32.234375,1746178952.7795582,1818,0.005010063759982586,0.0,0.014322916977107525,2793984.0,-0.4898759722709656,0.0,0.9999998807907104,0.0,0.6364808678627014,2793984.0,1819,56.411521911621094,0.6364808678627014,0.3540848195552826,14304,14304,0.9999998807907104
32.14713668823242,56.411521911621094,1830,0.008485181257128716,-0.48966848850250244,0.0,0.014322916977107525,0.3684155344963074,763.635375463,32.14713668823242,1746178957.1331687,1829,0.008485181257128716,0.0,0.014322916977107525,2810880.0,-0.48966848850250244,0.0,0.9999998807907104,0.0,0.6364808678627014,2810880.0,1830,56.411521911621094,0.6364808678627014,0.3684155344963074,14392,14392,0.9999998807907104
32.24869918823242,56.411521911621094,1835,0.005265010520815849,-0.49060577154159546,0.0,0.015625,0.3532986640930176,765.61374596,32.24869918823242,1746178959.1115582,1834,0.005265010520815849,0.0,0.015625,2818560.0,-0.49060577154159546,0.0,0.9999998807907104,0.0,0.6364808678627014,2818560.0,1835,56.411521911621094,0.6364808678627014,0.3532986640930176,14432,14432,0.9999998807907104
31.21614646911621,56.411521911621094,1840,0.006736362352967262,-0.5031452775001526,0.0,0.013671875,0.32644230127334595,767.5927746,31.21614646911621,1746178961.090579,1839,0.006736362352967262,0.0,0.013671875,2826240.0,-0.5031452775001526,0.0,0.9999998807907104,0.0,0.6364808678627014,2826240.0,1840,56.411521911621094,0.6364808678627014,0.32644230127334595,14472,14472,0.9999998807907104
32.26041793823242,56.411521911621094,1862,0.005079716444015503,-0.5017915964126587,0.0,0.013671875,0.34082549810409546,776.306015308,32.26041793823242,1746178969.8037992,1861,0.005079716444015503,0.0,0.013671875,2860032.0,-0.5017915964126587,0.0,0.9999998807907104,0.0,0.6364808678627014,2860032.0,1862,56.411521911621094,0.6364808678627014,0.34082549810409546,14648,14648,0.9999998807907104
32.134117126464844,56.411521911621094,1882,0.004929143935441971,-0.5032212734222412,0.0,0.013671875,0.3586863875389099,784.225865471,32.134117126464844,1746178977.7236686,1881,0.004929143935441971,0.0,0.013671875,2890752.0,-0.5032212734222412,0.0,0.9999998807907104,0.0,0.6364808678627014,2890752.0,1882,56.411521911621094,0.6364808678627014,0.3586863875389099,14808,14808,0.9999998807907104
31.979167938232422,56.411521911621094,1942,0.004938789177685976,-0.5412224531173706,0.0,0.014322916977107525,0.3499308228492737,807.995623773,31.979167938232422,1746179001.4934194,1941,0.004938789177685976,0.0,0.014322916977107525,2982912.0,-0.5412224531173706,0.0,0.9999998807907104,0.0,0.6364808678627014,2982912.0,1942,56.411521911621094,0.6364808678627014,0.3499308228492737,15288,15288,0.9999998807907104
32.078125,61.340782165527344,1952,0.006363448686897755,-0.5409253835678101,0.0,0.013671875,0.37858158349990845,812.059869048,32.078125,1746179005.5576553,1951,0.006363448686897755,0.0,0.013671875,2998272.0,-0.5409253835678101,0.033203125,1.0,0.033203125,0.6674981713294983,2998272.0,1952,61.340782165527344,0.6674981713294983,0.37858158349990845,15368,15368,1.0
32.0625,61.340782165527344,1955,0.005088311620056629,-0.5539174675941467,0.0,0.01497395895421505,0.3570749759674072,813.247077783,32.0625,1746179006.7448647,1954,0.005088311620056629,0.0,0.01497395895421505,3002880.0,-0.5539174675941467,0.0,1.0,0.0,0.6674981713294983,3002880.0,1955,61.340782165527344,0.6674981713294983,0.3570749759674072,15392,15392,1.0
32.28385543823242,61.340782165527344,1956,0.0105914156883955,-0.5594552755355835,0.0,0.015625,0.3560332655906677,813.642779402,32.28385543823242,1746179007.1405933,1955,0.0105914156883955,0.0,0.015625,3004416.0,-0.5594552755355835,0.0,1.0,0.0,0.6674981713294983,3004416.0,1956,61.340782165527344,0.6674981713294983,0.3560332655906677,15400,15400,1.0
31.26953125,61.340782165527344,1960,0.006034203339368105,-0.5542176365852356,0.0,0.014322916977107525,0.33925557136535645,815.225698223,31.26953125,1746179008.7234793,1959,0.006034203339368105,0.0,0.014322916977107525,3010560.0,-0.5542176365852356,0.0,1.0,0.0,0.6674981713294983,3010560.0,1960,61.340782165527344,0.6674981713294983,0.33925557136535645,15432,15432,1.0
32.296875,61.340782165527344,1966,0.004319541156291962,-0.5493031144142151,0.0,0.014322916977107525,0.35068148374557495,817.601561442,32.296875,1746179011.099338,1965,0.004319541156291962,0.0,0.014322916977107525,3019776.0,-0.5493031144142151,0.0,1.0,0.0,0.6674981713294983,3019776.0,1966,61.340782165527344,0.6674981713294983,0.35068148374557495,15480,15480,1.0
32.153648376464844,61.340782165527344,1974,0.004692365415394306,-0.5683543682098389,0.0,0.01497395895421505,0.3548031449317932,820.772221759,32.153648376464844,1746179014.2700279,1973,0.004692365415394306,0.0,0.01497395895421505,3032064.0,-0.5683543682098389,0.0,1.0,0.0,0.6674981713294983,3032064.0,1974,61.340782165527344,0.6674981713294983,0.3548031449317932,15544,15544,1.0
32.177085876464844,61.340782165527344,1990,0.0040314351208508015,-0.5587643384933472,0.0,0.01497395895421505,0.35265135765075684,827.106702367,32.177085876464844,1746179020.6045003,1989,0.0040314351208508015,0.0,0.01497395895421505,3056640.0,-0.5587643384933472,0.0,1.0,0.0,0.6674981713294983,3056640.0,1990,61.340782165527344,0.6674981713294983,0.35265135765075684,15672,15672,1.0
30.60286521911621,61.340782165527344,2002,0.007957669906318188,-0.5412827730178833,0.0,0.012369791977107525,0.3005220890045166,831.857563692,30.60286521911621,1746179025.355379,2001,0.007957669906318188,0.0,0.012369791977107525,3075072.0,-0.5412827730178833,0.0,1.0,0.0,0.6674981713294983,3075072.0,2002,61.340782165527344,0.6674981713294983,0.3005220890045166,15768,15768,1.0
32.141929626464844,61.340782165527344,2013,0.006397852674126625,-0.544889509677887,0.0,0.014322916977107525,0.3500364422798157,836.220469805,32.141929626464844,1746179029.7182858,2012,0.006397852674126625,0.0,0.014322916977107525,3091968.0,-0.544889509677887,0.0,1.0,0.0,0.6674981713294983,3091968.0,2013,61.340782165527344,0.6674981713294983,0.3500364422798157,15856,15856,1.0
31.96224021911621,61.340782165527344,2036,0.004439481068402529,-0.5695586204528809,0.0,0.015625,0.35652002692222595,845.326478472,31.96224021911621,1746179038.8243005,2035,0.004439481068402529,0.0,0.015625,3127296.0,-0.5695586204528809,0.0,1.0,0.0,0.6674981713294983,3127296.0,2036,61.340782165527344,0.6674981713294983,0.35652002692222595,16040,16040,1.0
32.071617126464844,61.340782165527344,2056,0.005525808781385422,-0.5556009411811829,0.0,0.01497395895421505,0.3467656970024109,853.240894506,32.071617126464844,1746179046.7386959,2055,0.005525808781385422,0.0,0.01497395895421505,3158016.0,-0.5556009411811829,0.0,1.0,0.0,0.6674981713294983,3158016.0,2056,61.340782165527344,0.6674981713294983,0.3467656970024109,16200,16200,1.0
32.20182418823242,61.340782165527344,2065,0.004928166978061199,-0.5883616209030151,0.0,0.013671875,0.3608705997467041,856.805913156,32.20182418823242,1746179050.3037033,2064,0.004928166978061199,0.0,0.013671875,3171840.0,-0.5883616209030151,0.0,1.0,0.0,0.6674981713294983,3171840.0,2065,61.340782165527344,0.6674981713294983,0.3608705997467041,16272,16272,1.0
32.0625,61.340782165527344,2079,0.007303889840841293,-0.577694833278656,0.0,0.015625,0.3555898666381836,862.349180696,32.0625,1746179055.8469698,2078,0.007303889840841293,0.0,0.015625,3193344.0,-0.577694833278656,0.0,1.0,0.0,0.6674981713294983,3193344.0,2079,61.340782165527344,0.6674981713294983,0.3555898666381836,16384,16384,1.0
32.25651168823242,61.340782165527344,2089,0.0043095932342112064,-0.5870887041091919,0.0,0.01497395895421505,0.3721928596496582,866.306290053,32.25651168823242,1746179059.8040748,2088,0.0043095932342112064,0.0,0.01497395895421505,3208704.0,-0.5870887041091919,0.0,1.0,0.0,0.6674981713294983,3208704.0,2089,61.340782165527344,0.6674981713294983,0.3721928596496582,16464,16464,1.0
32.19010543823242,61.340782165527344,2090,0.004428597167134285,-0.5947681665420532,0.0,0.014322916977107525,0.36422809958457947,866.701992421,32.19010543823242,1746179060.1997778,2089,0.004428597167134285,0.0,0.014322916977107525,3210240.0,-0.5947681665420532,0.0,1.0,0.0,0.6674981713294983,3210240.0,2090,61.340782165527344,0.6674981713294983,0.36422809958457947,16472,16472,1.0
32.20963668823242,61.340782165527344,2095,0.004206057172268629,-0.6003217101097107,0.0,0.01497395895421505,0.3710705637931824,868.680249652,32.20963668823242,1746179062.1780488,2094,0.004206057172268629,0.0,0.01497395895421505,3217920.0,-0.6003217101097107,0.0,1.0,0.0,0.6674981713294983,3217920.0,2095,61.340782165527344,0.6674981713294983,0.3710705637931824,16512,16512,1.0
31.994792938232422,61.340782165527344,2096,0.004479791969060898,-0.5787574052810669,0.0,0.01497395895421505,0.36058229207992554,869.076178528,31.994792938232422,1746179062.573973,2095,0.004479791969060898,0.0,0.01497395895421505,3219456.0,-0.5787574052810669,0.0,1.0,0.0,0.6674981713294983,3219456.0,2096,61.340782165527344,0.6674981713294983,0.36058229207992554,16520,16520,1.0
31.893230438232422,61.340782165527344,2104,0.004906876944005489,-0.5863065123558044,0.0,0.015625,0.36323902010917664,872.245547418,31.893230438232422,1746179065.7433455,2103,0.004906876944005489,0.0,0.015625,3231744.0,-0.5863065123558044,0.0,1.0,0.0,0.6674981713294983,3231744.0,2104,61.340782165527344,0.6674981713294983,0.36323902010917664,16584,16584,1.0
32.270835876464844,61.340782165527344,2159,0.006674766540527344,-0.582531213760376,0.0,0.014322916977107525,0.36103832721710205,894.033189588,32.270835876464844,1746179087.5310125,2158,0.006674766540527344,0.0,0.014322916977107525,3316224.0,-0.582531213760376,0.0,1.0,0.0,0.6674981713294983,3316224.0,2159,61.340782165527344,0.6674981713294983,0.36103832721710205,17024,17024,1.0
32.0625,61.340782165527344,2203,0.007333442568778992,-0.5495047569274902,0.0,0.01302083395421505,0.36043891310691833,911.573246523,32.0625,1746179105.0710409,2202,0.007333442568778992,0.0,0.01302083395421505,3383808.0,-0.5495047569274902,0.0,1.0,0.0,0.6674981713294983,3383808.0,2203,61.340782165527344,0.6674981713294983,0.36043891310691833,17376,17376,1.0
32.251304626464844,61.340782165527344,2211,0.01108006201684475,-0.5573077201843262,0.0,0.014322916977107525,0.3658429980278015,914.774225688,32.251304626464844,1746179108.2720172,2210,0.01108006201684475,0.0,0.014322916977107525,3396096.0,-0.5573077201843262,0.0,1.0,0.0,0.6674981713294983,3396096.0,2211,61.340782165527344,0.6674981713294983,0.3658429980278015,17440,17440,1.0
31.41536521911621,61.340782165527344,2214,0.008998027071356773,-0.5564709901809692,0.0,0.014322916977107525,0.3602665662765503,915.974014142,31.41536521911621,1746179109.471793,2213,0.008998027071356773,0.0,0.014322916977107525,3400704.0,-0.5564709901809692,0.0,1.0,0.0,0.6674981713294983,3400704.0,2214,61.340782165527344,0.6674981713294983,0.3602665662765503,17464,17464,1.0
31.772136688232422,61.340782165527344,2223,0.005433345213532448,-0.5785064697265625,0.0,0.01302083395421505,0.3894936442375183,919.571589132,31.772136688232422,1746179113.0692663,2222,0.005433345213532448,0.0,0.01302083395421505,3414528.0,-0.5785064697265625,0.0338541679084301,1.0,0.0338541679084301,0.6674981713294983,3414528.0,2223,61.340782165527344,0.6674981713294983,0.3894936442375183,17536,17536,1.0
31.963542938232422,61.340782165527344,2227,0.005252828821539879,-0.586833119392395,0.0,0.01302083395421505,0.3499225080013275,921.176102053,31.963542938232422,1746179114.6737208,2226,0.005252828821539879,0.0,0.01302083395421505,3420672.0,-0.586833119392395,0.0,1.0,0.0,0.6674981713294983,3420672.0,2227,61.340782165527344,0.6674981713294983,0.3499225080013275,17568,17568,1.0
32.255210876464844,61.340782165527344,2229,0.005109580233693123,-0.5855307579040527,0.0,0.013671875,0.35695764422416687,921.9755822,32.255210876464844,1746179115.4733768,2228,0.005109580233693123,0.0,0.013671875,3423744.0,-0.5855307579040527,0.0,1.0,0.0,0.6674981713294983,3423744.0,2229,61.340782165527344,0.6674981713294983,0.35695764422416687,17584,17584,1.0
32.26823043823242,61.340782165527344,2247,0.008751900866627693,-0.578742504119873,0.0,0.01302083395421505,0.35860735177993774,929.154163432,32.26823043823242,1746179122.651933,2246,0.008751900866627693,0.0,0.01302083395421505,3451392.0,-0.578742504119873,0.0,1.0,0.0,0.6674981713294983,3451392.0,2247,61.340782165527344,0.6674981713294983,0.35860735177993774,17728,17728,1.0
31.365886688232422,61.340782165527344,2269,0.005831582471728325,-0.5686997175216675,0.0,0.01302083395421505,0.3355199992656708,937.881617344,31.365886688232422,1746179131.3794358,2268,0.005831582471728325,0.0,0.01302083395421505,3485184.0,-0.5686997175216675,0.0,1.0,0.0,0.6674981713294983,3485184.0,2269,61.340782165527344,0.6674981713294983,0.3355199992656708,17904,17904,1.0
31.71614646911621,65.21592712402344,2284,0.007343228906393051,-0.5644885897636414,0.005398110952228308,0.01171875,0.3598175644874573,943.916488646,31.71614646911621,1746179137.4142923,2283,0.007343228906393051,0.005398110952228308,0.01171875,3508224.0,-0.5644885897636414,0.0,1.0,0.0,0.7127196788787842,3508224.0,2284,65.21592712402344,0.7127196788787842,0.3598175644874573,18024,18024,1.0
32.2109375,65.21592712402344,2291,0.009128596633672714,-0.5591470003128052,0.005398110952228308,0.012369791977107525,0.3656396269798279,946.689196649,32.2109375,1746179140.1869962,2290,0.009128596633672714,0.005398110952228308,0.012369791977107525,3518976.0,-0.5591470003128052,0.0,1.0,0.0,0.7127196788787842,3518976.0,2291,65.21592712402344,0.7127196788787842,0.3656396269798279,18080,18080,1.0
31.951824188232422,65.21592712402344,2296,0.007084359880536795,-0.5389446020126343,0.005398110952228308,0.01302083395421505,0.3582531213760376,948.666917591,31.951824188232422,1746179142.1647184,2295,0.007084359880536795,0.005398110952228308,0.01302083395421505,3526656.0,-0.5389446020126343,0.0,1.0,0.0,0.7127196788787842,3526656.0,2296,65.21592712402344,0.7127196788787842,0.3582531213760376,18120,18120,1.0
31.375,65.21592712402344,2323,0.00652037700638175,-0.5454320311546326,0.005398110952228308,0.00911458395421505,0.3348093032836914,959.355433574,31.375,1746179152.853237,2322,0.00652037700638175,0.005398110952228308,0.00911458395421505,3568128.0,-0.5454320311546326,0.0,1.0,0.0,0.7127196788787842,3568128.0,2323,65.21592712402344,0.7127196788787842,0.3348093032836914,18336,18336,1.0
31.66015625,65.21592712402344,2330,0.007034505717456341,-0.5646819472312927,0.005398110952228308,0.008463541977107525,0.33818572759628296,962.127496017,31.66015625,1746179155.6253006,2329,0.007034505717456341,0.005398110952228308,0.008463541977107525,3578880.0,-0.5646819472312927,0.0,1.0,0.0,0.7127196788787842,3578880.0,2330,65.21592712402344,0.7127196788787842,0.33818572759628296,18392,18392,1.0
32.08203125,65.21592712402344,2334,0.007356475107371807,-0.5510772466659546,0.005398110952228308,0.01302083395421505,0.33583950996398926,963.711375096,32.08203125,1746179157.2091663,2333,0.007356475107371807,0.005398110952228308,0.01302083395421505,3585024.0,-0.5510772466659546,0.0,1.0,0.0,0.7127196788787842,3585024.0,2334,65.21592712402344,0.7127196788787842,0.33583950996398926,18424,18424,1.0
31.58984375,65.21592712402344,2344,0.009059855714440346,-0.5645478367805481,0.005398110952228308,0.012369791977107525,0.3244478404521942,967.667915242,31.58984375,1746179161.1657052,2343,0.009059855714440346,0.005398110952228308,0.012369791977107525,3600384.0,-0.5645478367805481,0.0,1.0,0.0,0.7127196788787842,3600384.0,2344,65.21592712402344,0.7127196788787842,0.3244478404521942,18504,18504,1.0
32.28125,65.21592712402344,2366,0.007858777418732643,-0.5749849081039429,0.005398110952228308,0.01171875,0.3493642210960388,976.377747794,32.28125,1746179169.875555,2365,0.007858777418732643,0.005398110952228308,0.01171875,3634176.0,-0.5749849081039429,0.0,1.0,0.0,0.7127196788787842,3634176.0,2366,65.21592712402344,0.7127196788787842,0.3493642210960388,18680,18680,1.0
31.670574188232422,65.21592712402344,2371,0.0094339894130826,-0.5778878331184387,0.005398110952228308,0.012369791977107525,0.3528939187526703,978.356142911,31.670574188232422,1746179171.8539429,2370,0.0094339894130826,0.005398110952228308,0.012369791977107525,3641856.0,-0.5778878331184387,0.0,1.0,0.0,0.7127196788787842,3641856.0,2371,65.21592712402344,0.7127196788787842,0.3528939187526703,18720,18720,1.0
32.03515625,65.21592712402344,2383,0.009156753309071064,-0.5774483680725098,0.005398110952228308,0.01171875,0.34864184260368347,983.118421782,32.03515625,1746179176.6162426,2382,0.009156753309071064,0.005398110952228308,0.01171875,3660288.0,-0.5774483680725098,0.0,1.0,0.0,0.7127196788787842,3660288.0,2383,65.21592712402344,0.7127196788787842,0.34864184260368347,18816,18816,1.0
31.97786521911621,65.21592712402344,2392,0.008875202387571335,-0.5753090381622314,0.005398110952228308,0.01171875,0.33934807777404785,986.679820267,31.97786521911621,1746179180.1776297,2391,0.008875202387571335,0.005398110952228308,0.01171875,3674112.0,-0.5753090381622314,0.0,1.0,0.0,0.7127196788787842,3674112.0,2392,65.21592712402344,0.7127196788787842,0.33934807777404785,18888,18888,1.0
32.1015625,65.21592712402344,2411,0.013811042532324791,-0.5996673703193665,0.005398110952228308,0.009765625,0.3335704207420349,994.199759373,32.1015625,1746179187.6975408,2410,0.013811042532324791,0.005398110952228308,0.009765625,3703296.0,-0.5996673703193665,0.0,1.0,0.0,0.7127196788787842,3703296.0,2411,65.21592712402344,0.7127196788787842,0.3335704207420349,19040,19040,1.0
30.315105438232422,65.21592712402344,2425,0.007473715580999851,-0.593281626701355,0.005398110952228308,0.01171875,0.31858953833580017,999.739371128,30.315105438232422,1746179193.237155,2424,0.007473715580999851,0.005398110952228308,0.01171875,3724800.0,-0.593281626701355,0.0,1.0,0.0,0.7127196788787842,3724800.0,2425,65.21592712402344,0.7127196788787842,0.31858953833580017,19152,19152,1.0
30.51692771911621,65.21592712402344,2448,0.01357058435678482,-0.5486876368522644,0.005398110952228308,0.012369791977107525,0.3196744918823242,1008.847885284,30.51692771911621,1746179202.3456411,2447,0.01357058435678482,0.005398110952228308,0.012369791977107525,3760128.0,-0.5486876368522644,0.0,1.0,0.0,0.7127196788787842,3760128.0,2448,65.21592712402344,0.7127196788787842,0.3196744918823242,19336,19336,1.0
31.4140625,65.21592712402344,2449,0.011235088109970093,-0.5502647161483765,0.005398110952228308,0.01302083395421505,0.3393746316432953,1009.243601922,31.4140625,1746179202.7413945,2448,0.011235088109970093,0.005398110952228308,0.01302083395421505,3761664.0,-0.5502647161483765,0.0,1.0,0.0,0.7127196788787842,3761664.0,2449,65.21592712402344,0.7127196788787842,0.3393746316432953,19344,19344,1.0
32.19791793823242,65.21592712402344,2450,0.010020561516284943,-0.5354533195495605,0.005398110952228308,0.010416666977107525,0.35056185722351074,1009.639382522,32.19791793823242,1746179203.1371787,2449,0.010020561516284943,0.005398110952228308,0.010416666977107525,3763200.0,-0.5354533195495605,0.0,1.0,0.0,0.7127196788787842,3763200.0,2450,65.21592712402344,0.7127196788787842,0.35056185722351074,19352,19352,1.0
31.08724021911621,65.21592712402344,2469,0.0077426861971616745,-0.5767082571983337,0.005398110952228308,0.01106770895421505,0.3085368871688843,1017.159003032,31.08724021911621,1746179210.6567807,2468,0.0077426861971616745,0.005398110952228308,0.01106770895421505,3792384.0,-0.5767082571983337,0.0,1.0,0.0,0.7127196788787842,3792384.0,2469,65.21592712402344,0.7127196788787842,0.3085368871688843,19504,19504,1.0
31.93359375,65.21592712402344,2498,0.009633492678403854,-0.5677050352096558,0.005398110952228308,0.012369791977107525,0.33171045780181885,1028.636041402,31.93359375,1746179222.1338284,2497,0.009633492678403854,0.005398110952228308,0.012369791977107525,3836928.0,-0.5677050352096558,0.0,1.0,0.0,0.7127196788787842,3836928.0,2498,65.21592712402344,0.7127196788787842,0.33171045780181885,19736,19736,1.0
32.25651168823242,65.21592712402344,2533,0.010995229706168175,-0.5993492603302002,0.005398110952228308,0.012369791977107525,0.3405221402645111,1042.490605706,32.25651168823242,1746179235.988395,2532,0.010995229706168175,0.005398110952228308,0.012369791977107525,3890688.0,-0.5993492603302002,0.0,1.0,0.0,0.7127196788787842,3890688.0,2533,65.21592712402344,0.7127196788787842,0.3405221402645111,20016,20016,1.0
31.1875,65.21592712402344,2537,0.01043100655078888,-0.5947737693786621,0.005398110952228308,0.013671875,0.34948134422302246,1044.075346099,31.1875,1746179237.5731237,2536,0.01043100655078888,0.005398110952228308,0.013671875,3896832.0,-0.5947737693786621,0.0,1.0,0.0,0.7127196788787842,3896832.0,2537,65.21592712402344,0.7127196788787842,0.34948134422302246,20048,20048,1.0
32.24609375,65.21592712402344,2556,0.010425415821373463,-0.5981290936470032,0.005398110952228308,0.010416666977107525,0.3367082476615906,1051.596231408,32.24609375,1746179245.0940132,2555,0.010425415821373463,0.005398110952228308,0.010416666977107525,3926016.0,-0.5981290936470032,0.0,1.0,0.0,0.7127196788787842,3926016.0,2556,65.21592712402344,0.7127196788787842,0.3367082476615906,20200,20200,1.0
30.55599021911621,65.21592712402344,2594,0.010384154506027699,-0.6283318996429443,0.005398110952228308,0.009765625,0.3214479684829712,1066.660608488,30.55599021911621,1746179260.1584244,2593,0.010384154506027699,0.005398110952228308,0.009765625,3984384.0,-0.6283318996429443,0.0,1.0,0.0,0.7127196788787842,3984384.0,2594,65.21592712402344,0.7127196788787842,0.3214479684829712,20504,20504,1.0
32.28385543823242,67.21407318115234,2600,0.011817296035587788,-0.6243444681167603,0.005865102633833885,0.01302083395421505,0.3545289933681488,1069.132976515,32.28385543823242,1746179262.6307678,2599,0.011817296035587788,0.005865102633833885,0.01302083395421505,3993600.0,-0.6243444681167603,0.0,1.0,0.0,0.7276955842971802,3993600.0,2600,67.21407318115234,0.7276955842971802,0.3545289933681488,20552,20552,1.0
31.73958396911621,67.21407318115234,2602,0.009291112422943115,-0.6364223957061768,0.005865102633833885,0.01171875,0.34530314803123474,1069.924796147,31.73958396911621,1746179263.4225864,2601,0.009291112422943115,0.005865102633833885,0.01171875,3996672.0,-0.6364223957061768,0.0,1.0,0.0,0.7276955842971802,3996672.0,2602,67.21407318115234,0.7276955842971802,0.34530314803123474,20568,20568,1.0
32.17057418823242,67.21407318115234,2604,0.008883494883775711,-0.6544152498245239,0.005865102633833885,0.01171875,0.3451712727546692,1070.71687496,32.17057418823242,1746179264.2146883,2603,0.008883494883775711,0.005865102633833885,0.01171875,3999744.0,-0.6544152498245239,0.0,1.0,0.0,0.7276955842971802,3999744.0,2604,67.21407318115234,0.7276955842971802,0.3451712727546692,20584,20584,1.0
32.109375,67.21407318115234,2618,0.009164121001958847,-0.6536978483200073,0.005865102633833885,0.01106770895421505,0.35652923583984375,1076.25880216,32.109375,1746179269.7566051,2617,0.009164121001958847,0.005865102633833885,0.01106770895421505,4021248.0,-0.6536978483200073,0.0,1.0,0.0,0.7276955842971802,4021248.0,2618,67.21407318115234,0.7276955842971802,0.35652923583984375,20696,20696,1.0
32.16015625,67.21407318115234,2622,0.0091243926435709,-0.648430585861206,0.005865102633833885,0.009765625,0.3327850103378296,1077.848761571,32.16015625,1746179271.346434,2621,0.0091243926435709,0.005865102633833885,0.009765625,4027392.0,-0.648430585861206,0.0,1.0,0.0,0.7276955842971802,4027392.0,2622,67.21407318115234,0.7276955842971802,0.3327850103378296,20728,20728,1.0
31.97265625,67.21407318115234,2658,0.011827555485069752,-0.6671048402786255,0.005865102633833885,0.01171875,0.3693928122520447,1092.096411286,31.97265625,1746179285.594208,2657,0.011827555485069752,0.005865102633833885,0.01171875,4082688.0,-0.6671048402786255,0.0,1.0,0.0,0.7276955842971802,4082688.0,2658,67.21407318115234,0.7276955842971802,0.3693928122520447,21016,21016,1.0
32.08984375,67.21407318115234,2695,0.00995677150785923,-0.6728112697601318,0.005865102633833885,0.012369791977107525,0.3389223515987396,1106.743659693,32.08984375,1746179300.2414503,2694,0.00995677150785923,0.005865102633833885,0.012369791977107525,4139520.0,-0.6728112697601318,0.0,1.0,0.0,0.7276955842971802,4139520.0,2695,67.21407318115234,0.7276955842971802,0.3389223515987396,21312,21312,1.0
31.828125,67.21407318115234,2700,0.009459765627980232,-0.6661463975906372,0.005865102633833885,0.014322916977107525,0.38860639929771423,1108.723479827,31.828125,1746179302.2212749,2699,0.009459765627980232,0.005865102633833885,0.014322916977107525,4147200.0,-0.6661463975906372,0.02734375,1.0,0.02734375,0.7276955842971802,4147200.0,2700,67.21407318115234,0.7276955842971802,0.38860639929771423,21352,21352,1.0
30.975261688232422,67.21407318115234,2704,0.008267492987215519,-0.6494473218917847,0.005865102633833885,0.009765625,0.346941202878952,1110.306824276,30.975261688232422,1746179303.8046045,2703,0.008267492987215519,0.005865102633833885,0.009765625,4153344.0,-0.6494473218917847,0.0260416679084301,1.0,0.0260416679084301,0.7276955842971802,4153344.0,2704,67.21407318115234,0.7276955842971802,0.346941202878952,21384,21384,1.0
30.307292938232422,67.21407318115234,2721,0.010120449587702751,-0.6581630706787109,0.005865102633833885,0.01106770895421505,0.3160613477230072,1117.039648628,30.307292938232422,1746179310.5374463,2720,0.010120449587702751,0.005865102633833885,0.01106770895421505,4179456.0,-0.6581630706787109,0.0,1.0,0.0,0.7276955842971802,4179456.0,2721,67.21407318115234,0.7276955842971802,0.3160613477230072,21520,21520,1.0
32.17578125,67.21407318115234,2748,0.008880727924406528,-0.650415301322937,0.005865102633833885,0.01171875,0.3484623432159424,1127.736756882,32.17578125,1746179321.2345557,2747,0.008880727924406528,0.005865102633833885,0.01171875,4220928.0,-0.650415301322937,0.0,1.0,0.0,0.7276955842971802,4220928.0,2748,67.21407318115234,0.7276955842971802,0.3484623432159424,21736,21736,1.0
31.100261688232422,67.21407318115234,2802,0.008811473846435547,-0.6893819570541382,0.005865102633833885,0.01106770895421505,0.32298898696899414,1149.118819178,31.100261688232422,1746179342.6165934,2801,0.008811473846435547,0.005865102633833885,0.01106770895421505,4303872.0,-0.6893819570541382,0.0,1.0,0.0,0.7276955842971802,4303872.0,2802,67.21407318115234,0.7276955842971802,0.32298898696899414,22168,22168,1.0
30.40755271911621,67.21407318115234,2811,0.009988296777009964,-0.6785818338394165,0.005865102633833885,0.01171875,0.3152889907360077,1152.681583102,30.40755271911621,1746179346.1794014,2810,0.009988296777009964,0.005865102633833885,0.01171875,4317696.0,-0.6785818338394165,0.0,1.0,0.0,0.7276955842971802,4317696.0,2811,67.21407318115234,0.7276955842971802,0.3152889907360077,22240,22240,1.0
30.98567771911621,67.21407318115234,2830,0.01085026003420353,-0.6385999321937561,0.005865102633833885,0.00911458395421505,0.3246193528175354,1160.206076772,30.98567771911621,1746179353.7038763,2829,0.01085026003420353,0.005865102633833885,0.00911458395421505,4346880.0,-0.6385999321937561,0.0,1.0,0.0,0.7276955842971802,4346880.0,2830,67.21407318115234,0.7276955842971802,0.3246193528175354,22392,22392,1.0
32.26953125,67.21407318115234,2841,0.011984003707766533,-0.6322252154350281,0.005865102633833885,0.010416666977107525,0.34493041038513184,1164.559655752,32.26953125,1746179358.0574405,2840,0.011984003707766533,0.005865102633833885,0.010416666977107525,4363776.0,-0.6322252154350281,0.0,1.0,0.0,0.7276955842971802,4363776.0,2841,67.21407318115234,0.7276955842971802,0.34493041038513184,22480,22480,1.0
32.001304626464844,67.21407318115234,2899,0.022594012320041656,-0.63669753074646,0.005865102633833885,0.01302083395421505,0.3483963906764984,1187.533350759,32.001304626464844,1746179381.0311477,2898,0.022594012320041656,0.005865102633833885,0.01302083395421505,4452864.0,-0.63669753074646,0.0,1.0,0.0,0.7276955842971802,4452864.0,2899,67.21407318115234,0.7276955842971802,0.3483963906764984,22944,22944,1.0
32.35026168823242,67.21407318115234,2924,0.015826944261789322,-0.5905064344406128,0.005865102633833885,0.01171875,0.35038936138153076,1197.430291609,32.35026168823242,1746179390.9280794,2923,0.015826944261789322,0.005865102633833885,0.01171875,4491264.0,-0.5905064344406128,0.0,1.0,0.0,0.7276955842971802,4491264.0,2924,67.21407318115234,0.7276955842971802,0.35038936138153076,23144,23144,1.0
32.10807418823242,71.24185180664062,2941,0.019298600032925606,-0.5889487862586975,0.01200686115771532,0.01302083395421505,0.344924658536911,1204.257598581,32.10807418823242,1746179397.7553136,2940,0.019298600032925606,0.01200686115771532,0.01302083395421505,4517376.0,-0.5889487862586975,0.0,1.0,0.0,0.7589044570922852,4517376.0,2941,71.24185180664062,0.7589044570922852,0.344924658536911,23280,23280,1.0
31.311199188232422,71.24185180664062,2986,0.028319671750068665,-0.6096116900444031,0.01200686115771532,0.01302083395421505,0.33258169889450073,1222.074559982,31.311199188232422,1746179415.5723693,2985,0.028319671750068665,0.01200686115771532,0.01302083395421505,4586496.0,-0.6096116900444031,0.0,1.0,0.0,0.7589044570922852,4586496.0,2986,71.24185180664062,0.7589044570922852,0.33258169889450073,23640,23640,1.0
30.70833396911621,71.24185180664062,2990,0.02052859030663967,-0.6090867519378662,0.01200686115771532,0.010416666977107525,0.3174123167991638,1223.664872206,30.70833396911621,1746179417.1626573,2989,0.02052859030663967,0.01200686115771532,0.010416666977107525,4592640.0,-0.6090867519378662,0.0,1.0,0.0,0.7589044570922852,4592640.0,2990,71.24185180664062,0.7589044570922852,0.3174123167991638,23672,23672,1.0
32.37369918823242,71.24185180664062,2991,0.027124639600515366,-0.6244001388549805,0.01200686115771532,0.010416666977107525,0.3692791163921356,1224.060535211,32.37369918823242,1746179417.5583494,2990,0.027124639600515366,0.01200686115771532,0.010416666977107525,4594176.0,-0.6244001388549805,0.0,1.0,0.0,0.7589044570922852,4594176.0,2991,71.24185180664062,0.7589044570922852,0.3692791163921356,23680,23680,1.0
31.72005271911621,71.24185180664062,3022,0.01802048645913601,-0.6253061890602112,0.01200686115771532,0.010416666977107525,0.3319571614265442,1236.352103803,31.72005271911621,1746179429.8498905,3021,0.01802048645913601,0.01200686115771532,0.010416666977107525,4641792.0,-0.6253061890602112,0.0,1.0,0.0,0.7589044570922852,4641792.0,3022,71.24185180664062,0.7589044570922852,0.3319571614265442,23928,23928,1.0
30.72395896911621,71.24185180664062,3027,0.015565920621156693,-0.6332151889801025,0.01200686115771532,0.009765625,0.3504149913787842,1238.330445107,30.72395896911621,1746179431.828229,3026,0.015565920621156693,0.01200686115771532,0.009765625,4649472.0,-0.6332151889801025,0.021484375,1.0,0.021484375,0.7589044570922852,4649472.0,3027,71.24185180664062,0.7589044570922852,0.3504149913787842,23968,23968,1.0
32.13671875,71.24185180664062,3055,0.02732924558222294,-0.5823786854743958,0.01200686115771532,0.00911458395421505,0.33492517471313477,1249.41061609,32.13671875,1746179442.908436,3054,0.02732924558222294,0.01200686115771532,0.00911458395421505,4692480.0,-0.5823786854743958,0.0,1.0,0.0,0.7589044570922852,4692480.0,3055,71.24185180664062,0.7589044570922852,0.33492517471313477,24192,24192,1.0
31.21614646911621,71.24185180664062,3079,0.0245390422642231,-0.6556200981140137,0.01200686115771532,0.009765625,0.31698599457740784,1258.908481661,31.21614646911621,1746179452.4063027,3078,0.0245390422642231,0.01200686115771532,0.009765625,4729344.0,-0.6556200981140137,0.0,1.0,0.0,0.7589044570922852,4729344.0,3079,71.24185180664062,0.7589044570922852,0.31698599457740784,24384,24384,1.0
32.08203125,71.24185180664062,3082,0.020450180396437645,-0.6426424980163574,0.01200686115771532,0.012369791977107525,0.3471790552139282,1260.096721881,32.08203125,1746179453.5945163,3081,0.020450180396437645,0.01200686115771532,0.012369791977107525,4733952.0,-0.6426424980163574,0.0,1.0,0.0,0.7589044570922852,4733952.0,3082,71.24185180664062,0.7589044570922852,0.3471790552139282,24408,24408,1.0
32.27994918823242,71.24185180664062,3092,0.030699636787176132,-0.6285483837127686,0.01200686115771532,0.01106770895421505,0.3474884033203125,1264.059294773,32.27994918823242,1746179457.5570908,3091,0.030699636787176132,0.01200686115771532,0.01106770895421505,4749312.0,-0.6285483837127686,0.0,1.0,0.0,0.7589044570922852,4749312.0,3092,71.24185180664062,0.7589044570922852,0.3474884033203125,24488,24488,1.0
30.338542938232422,71.24185180664062,3111,0.018579775467514992,-0.6234844923019409,0.01200686115771532,0.008463541977107525,0.30310651659965515,1271.584311997,30.338542938232422,1746179465.0821192,3110,0.018579775467514992,0.01200686115771532,0.008463541977107525,4778496.0,-0.6234844923019409,0.0,1.0,0.0,0.7589044570922852,4778496.0,3111,71.24185180664062,0.7589044570922852,0.30310651659965515,24640,24640,1.0
30.80078125,71.24185180664062,3114,0.017548397183418274,-0.634591817855835,0.01200686115771532,0.009765625,0.3115632236003876,1272.77164771,30.80078125,1746179466.2694552,3113,0.017548397183418274,0.01200686115771532,0.009765625,4783104.0,-0.634591817855835,0.0,1.0,0.0,0.7589044570922852,4783104.0,3114,71.24185180664062,0.7589044570922852,0.3115632236003876,24664,24664,1.0
31.60546875,71.24185180664062,3132,0.01413116604089737,-0.6636782884597778,0.01200686115771532,0.008463541977107525,0.3178881108760834,1279.898170371,31.60546875,1746179473.3959787,3131,0.01413116604089737,0.01200686115771532,0.008463541977107525,4810752.0,-0.6636782884597778,0.0,1.0,0.0,0.7589044570922852,4810752.0,3132,71.24185180664062,0.7589044570922852,0.3178881108760834,24808,24808,1.0
31.877605438232422,71.24185180664062,3143,0.018154172226786613,-0.6603531241416931,0.01200686115771532,0.008463541977107525,0.32901591062545776,1284.254365254,31.877605438232422,1746179477.7521675,3142,0.018154172226786613,0.01200686115771532,0.008463541977107525,4827648.0,-0.6603531241416931,0.0,1.0,0.0,0.7589044570922852,4827648.0,3143,71.24185180664062,0.7589044570922852,0.32901591062545776,24896,24896,1.0
31.84765625,71.24185180664062,3176,0.029615432024002075,-0.6272016763687134,0.01200686115771532,0.01171875,0.327081561088562,1297.319311934,31.84765625,1746179490.8170867,3175,0.029615432024002075,0.01200686115771532,0.01171875,4878336.0,-0.6272016763687134,0.0,1.0,0.0,0.7589044570922852,4878336.0,3176,71.24185180664062,0.7589044570922852,0.327081561088562,25160,25160,1.0
30.08724021911621,71.24185180664062,3192,0.016836728900671005,-0.638237476348877,0.01200686115771532,0.008463541977107525,0.30273160338401794,1303.659538852,30.08724021911621,1746179497.1573377,3191,0.016836728900671005,0.01200686115771532,0.008463541977107525,4902912.0,-0.638237476348877,0.0,1.0,0.0,0.7589044570922852,4902912.0,3192,71.24185180664062,0.7589044570922852,0.30273160338401794,25288,25288,1.0
31.22005271911621,71.24185180664062,3196,0.02998100034892559,-0.6145706176757812,0.01200686115771532,0.00911458395421505,0.3277400732040405,1305.242165238,31.22005271911621,1746179498.739943,3195,0.02998100034892559,0.01200686115771532,0.00911458395421505,4909056.0,-0.6145706176757812,0.0,1.0,0.0,0.7589044570922852,4909056.0,3196,71.24185180664062,0.7589044570922852,0.3277400732040405,25320,25320,1.0
32.274742126464844,71.24185180664062,3216,0.017536234110593796,-0.6371378898620605,0.01200686115771532,0.01171875,0.34715384244918823,1313.159153853,32.274742126464844,1746179506.656937,3215,0.017536234110593796,0.01200686115771532,0.01171875,4939776.0,-0.6371378898620605,0.0,1.0,0.0,0.7589044570922852,4939776.0,3216,71.24185180664062,0.7589044570922852,0.34715384244918823,25480,25480,1.0
31.05859375,71.24185180664062,3240,0.02058151364326477,-0.6005656123161316,0.01200686115771532,0.00911458395421505,0.3253389000892639,1322.663877198,31.05859375,1746179516.1616735,3239,0.02058151364326477,0.01200686115771532,0.00911458395421505,4976640.0,-0.6005656123161316,0.0,1.0,0.0,0.7589044570922852,4976640.0,3240,71.24185180664062,0.7589044570922852,0.3253389000892639,25672,25672,1.0
31.04427146911621,71.24185180664062,3243,0.024141227826476097,-0.5981865525245667,0.01200686115771532,0.010416666977107525,0.31360912322998047,1323.851273486,31.04427146911621,1746179517.3490703,3242,0.024141227826476097,0.01200686115771532,0.010416666977107525,4981248.0,-0.5981865525245667,0.0,1.0,0.0,0.7589044570922852,4981248.0,3243,71.24185180664062,0.7589044570922852,0.31360912322998047,25696,25696,1.0
31.9609375,69.3952407836914,3253,0.02397799678146839,-0.6204894781112671,0.0063492064364254475,0.008463541977107525,0.31825393438339233,1327.908091874,31.9609375,1746179521.405896,3252,0.02397799678146839,0.0063492064364254475,0.008463541977107525,4996608.0,-0.6204894781112671,0.0,1.0,0.0,0.7339367866516113,4996608.0,3253,69.3952407836914,0.7339367866516113,0.31825393438339233,25776,25776,1.0
30.393230438232422,69.3952407836914,3266,0.03075050190091133,-0.608273983001709,0.0063492064364254475,0.008463541977107525,0.2997680902481079,1333.054974997,30.393230438232422,1746179526.5527642,3265,0.03075050190091133,0.0063492064364254475,0.008463541977107525,5016576.0,-0.608273983001709,0.0,1.0,0.0,0.7339367866516113,5016576.0,3266,69.3952407836914,0.7339367866516113,0.2997680902481079,25880,25880,1.0
31.67708396911621,69.3952407836914,3269,0.03023327700793743,-0.5902235507965088,0.0063492064364254475,0.009765625,0.3106570839881897,1334.242838737,31.67708396911621,1746179527.7406223,3268,0.03023327700793743,0.0063492064364254475,0.009765625,5021184.0,-0.5902235507965088,0.0,1.0,0.0,0.7339367866516113,5021184.0,3269,69.3952407836914,0.7339367866516113,0.3106570839881897,25904,25904,1.0
31.2890625,69.3952407836914,3292,0.022844038903713226,-0.6300084590911865,0.0063492064364254475,0.010416666977107525,0.32710200548171997,1343.354888552,31.2890625,1746179536.852677,3291,0.022844038903713226,0.0063492064364254475,0.010416666977107525,5056512.0,-0.6300084590911865,0.0,1.0,0.0,0.7339367866516113,5056512.0,3292,69.3952407836914,0.7339367866516113,0.32710200548171997,26088,26088,1.0
31.20442771911621,69.3952407836914,3295,0.03732148930430412,-0.6265726685523987,0.0063492064364254475,0.01106770895421505,0.3204684853553772,1344.543036368,31.20442771911621,1746179538.040832,3294,0.03732148930430412,0.0063492064364254475,0.01106770895421505,5061120.0,-0.6265726685523987,0.0,1.0,0.0,0.7339367866516113,5061120.0,3295,69.3952407836914,0.7339367866516113,0.3204684853553772,26112,26112,1.0
32.23698043823242,69.3952407836914,3305,0.022929497063159943,-0.6128140687942505,0.0063492064364254475,0.009765625,0.3349306583404541,1348.500586026,32.23698043823242,1746179541.998387,3304,0.022929497063159943,0.0063492064364254475,0.009765625,5076480.0,-0.6128140687942505,0.0,1.0,0.0,0.7339367866516113,5076480.0,3305,69.3952407836914,0.7339367866516113,0.3349306583404541,26192,26192,1.0
31.373699188232422,69.3952407836914,3319,0.033053845167160034,-0.5794402360916138,0.0063492064364254475,0.00911458395421505,0.34001943469047546,1354.047430462,31.373699188232422,1746179547.5452292,3318,0.033053845167160034,0.0063492064364254475,0.00911458395421505,5097984.0,-0.5794402360916138,0.0,1.0,0.0,0.7339367866516113,5097984.0,3319,69.3952407836914,0.7339367866516113,0.34001943469047546,26304,26304,1.0
31.225261688232422,69.3952407836914,3324,0.030792230740189552,-0.5929595232009888,0.0063492064364254475,0.009765625,0.3461136817932129,1356.025848797,31.225261688232422,1746179549.52364,3323,0.030792230740189552,0.0063492064364254475,0.009765625,5105664.0,-0.5929595232009888,0.029296875,1.0,0.029296875,0.7339367866516113,5105664.0,3324,69.3952407836914,0.7339367866516113,0.3461136817932129,26344,26344,1.0
32.22916793823242,69.3952407836914,3333,0.03290080279111862,-0.5960683822631836,0.0063492064364254475,0.009765625,0.34816521406173706,1359.587111511,32.22916793823242,1746179553.0849037,3332,0.03290080279111862,0.0063492064364254475,0.009765625,5119488.0,-0.5960683822631836,0.0,1.0,0.0,0.7339367866516113,5119488.0,3333,69.3952407836914,0.7339367866516113,0.34816521406173706,26416,26416,1.0
32.03515625,69.3952407836914,3360,0.023383259773254395,-0.6015865802764893,0.0063492064364254475,0.009765625,0.3434702754020691,1370.277595414,32.03515625,1746179563.7754073,3359,0.023383259773254395,0.0063492064364254475,0.009765625,5160960.0,-0.6015865802764893,0.0,1.0,0.0,0.7339367866516113,5160960.0,3360,69.3952407836914,0.7339367866516113,0.3434702754020691,26632,26632,1.0
32.265625,69.3952407836914,3407,0.027910010889172554,-0.6201896071434021,0.0063492064364254475,0.01171875,0.346224844455719,1388.886238014,32.265625,1746179582.384029,3406,0.027910010889172554,0.0063492064364254475,0.01171875,5233152.0,-0.6201896071434021,0.0,1.0,0.0,0.7339367866516113,5233152.0,3407,69.3952407836914,0.7339367866516113,0.346224844455719,27008,27008,1.0
31.52734375,69.3952407836914,3418,0.021248161792755127,-0.6149807572364807,0.0063492064364254475,0.0078125,0.32900798320770264,1393.240980056,31.52734375,1746179586.7387822,3417,0.021248161792755127,0.0063492064364254475,0.0078125,5250048.0,-0.6149807572364807,0.0,1.0,0.0,0.7339367866516113,5250048.0,3418,69.3952407836914,0.7339367866516113,0.32900798320770264,27096,27096,1.0
32.22135543823242,69.3952407836914,3425,0.030142933130264282,-0.5894534587860107,0.0063492064364254475,0.010416666977107525,0.3548656105995178,1396.011783323,32.22135543823242,1746179589.5095787,3424,0.030142933130264282,0.0063492064364254475,0.010416666977107525,5260800.0,-0.5894534587860107,0.0,1.0,0.0,0.7339367866516113,5260800.0,3425,69.3952407836914,0.7339367866516113,0.3548656105995178,27152,27152,1.0
29.85677146911621,69.3952407836914,3430,0.03230535238981247,-0.592207670211792,0.0063492064364254475,0.00911458395421505,0.29551786184310913,1397.990503633,29.85677146911621,1746179591.4882905,3429,0.03230535238981247,0.0063492064364254475,0.00911458395421505,5268480.0,-0.592207670211792,0.0,1.0,0.0,0.7339367866516113,5268480.0,3430,69.3952407836914,0.7339367866516113,0.29551786184310913,27192,27192,1.0
30.890625,69.3952407836914,3431,0.03504549339413643,-0.5871656537055969,0.0063492064364254475,0.008463541977107525,0.3668610453605652,1398.386254357,30.890625,1746179591.8840487,3430,0.03504549339413643,0.0063492064364254475,0.008463541977107525,5270016.0,-0.5871656537055969,0.0364583358168602,1.0,0.0364583358168602,0.7339367866516113,5270016.0,3431,69.3952407836914,0.7339367866516113,0.3668610453605652,27200,27200,1.0
31.953125,69.3952407836914,3433,0.027012018486857414,-0.6203798651695251,0.0063492064364254475,0.00911458395421505,0.31895339488983154,1399.177587619,31.953125,1746179592.6753883,3432,0.027012018486857414,0.0063492064364254475,0.00911458395421505,5273088.0,-0.6203798651695251,0.0,1.0,0.0,0.7339367866516113,5273088.0,3433,69.3952407836914,0.7339367866516113,0.31895339488983154,27216,27216,1.0
31.225261688232422,69.3952407836914,3442,0.019771244376897812,-0.6106508374214172,0.0063492064364254475,0.00911458395421505,0.33702319860458374,1402.741334839,31.225261688232422,1746179596.239143,3441,0.019771244376897812,0.0063492064364254475,0.00911458395421505,5286912.0,-0.6106508374214172,0.0,1.0,0.0,0.7339367866516113,5286912.0,3442,69.3952407836914,0.7339367866516113,0.33702319860458374,27288,27288,1.0
31.12239646911621,69.3952407836914,3445,0.021551091223955154,-0.6030845642089844,0.0063492064364254475,0.01106770895421505,0.3084757328033447,1403.950427655,31.12239646911621,1746179597.4482214,3444,0.021551091223955154,0.0063492064364254475,0.01106770895421505,5291520.0,-0.6030845642089844,0.0,1.0,0.0,0.7339367866516113,5291520.0,3445,69.3952407836914,0.7339367866516113,0.3084757328033447,27312,27312,1.0
30.953125,69.3952407836914,3451,0.026778200641274452,-0.6185401678085327,0.0063492064364254475,0.010416666977107525,0.3203621208667755,1406.324857612,30.953125,1746179599.822642,3450,0.026778200641274452,0.0063492064364254475,0.010416666977107525,5300736.0,-0.6185401678085327,0.0,1.0,0.0,0.7339367866516113,5300736.0,3451,69.3952407836914,0.7339367866516113,0.3203621208667755,27360,27360,1.0
31.385417938232422,69.3952407836914,3467,0.03169446438550949,-0.6257356405258179,0.0063492064364254475,0.009765625,0.33779510855674744,1412.65950949,31.385417938232422,1746179606.1573174,3466,0.03169446438550949,0.0063492064364254475,0.009765625,5325312.0,-0.6257356405258179,0.0,1.0,0.0,0.7339367866516113,5325312.0,3467,69.3952407836914,0.7339367866516113,0.33779510855674744,27488,27488,1.0
31.799480438232422,69.3952407836914,3483,0.035826463252305984,-0.6784154772758484,0.0063492064364254475,0.00911458395421505,0.33790040016174316,1418.998971352,31.799480438232422,1746179612.4967651,3482,0.035826463252305984,0.0063492064364254475,0.00911458395421505,5349888.0,-0.6784154772758484,0.0,1.0,0.0,0.7339367866516113,5349888.0,3483,69.3952407836914,0.7339367866516113,0.33790040016174316,27616,27616,1.0
30.84895896911621,69.3952407836914,3499,0.02124655619263649,-0.6760074496269226,0.0063492064364254475,0.00911458395421505,0.3966754376888275,1425.333933286,30.84895896911621,1746179618.8317337,3498,0.02124655619263649,0.0063492064364254475,0.00911458395421505,5374464.0,-0.6760074496269226,0.0638020858168602,1.0,0.0638020858168602,0.7339367866516113,5374464.0,3499,69.3952407836914,0.7339367866516113,0.3966754376888275,27744,27744,1.0
31.38020896911621,69.3952407836914,3503,0.020791366696357727,-0.6679186820983887,0.0063492064364254475,0.01106770895421505,0.32131507992744446,1426.918445885,31.38020896911621,1746179620.4162729,3502,0.020791366696357727,0.0063492064364254475,0.01106770895421505,5380608.0,-0.6679186820983887,0.0,1.0,0.0,0.7339367866516113,5380608.0,3503,69.3952407836914,0.7339367866516113,0.32131507992744446,27776,27776,1.0
31.69270896911621,69.3952407836914,3526,0.022198546677827835,-0.6303613185882568,0.0063492064364254475,0.00911458395421505,0.33046162128448486,1436.026062281,31.69270896911621,1746179629.5238507,3525,0.022198546677827835,0.0063492064364254475,0.00911458395421505,5415936.0,-0.6303613185882568,0.0,1.0,0.0,0.7339367866516113,5415936.0,3526,69.3952407836914,0.7339367866516113,0.33046162128448486,27960,27960,1.0
31.56770896911621,69.3952407836914,3559,0.0416729636490345,-0.6160832643508911,0.0063492064364254475,0.01106770895421505,0.3461427390575409,1449.087194476,31.56770896911621,1746179642.5849955,3558,0.0416729636490345,0.0063492064364254475,0.01106770895421505,5466624.0,-0.6160832643508911,0.0,1.0,0.0,0.7339367866516113,5466624.0,3559,69.3952407836914,0.7339367866516113,0.3461427390575409,28224,28224,1.0
31.776042938232422,69.3952407836914,3564,0.038328200578689575,-0.6225545406341553,0.0063492064364254475,0.01106770895421505,0.3457847237586975,1451.069297577,31.776042938232422,1746179644.5671017,3563,0.038328200578689575,0.0063492064364254475,0.01106770895421505,5474304.0,-0.6225545406341553,0.0,1.0,0.0,0.7339367866516113,5474304.0,3564,69.3952407836914,0.7339367866516113,0.3457847237586975,28264,28264,1.0
32.21875,69.29439544677734,3579,0.027896421030163765,-0.6102598905563354,0.034267913550138474,0.012369791977107525,0.35601943731307983,1457.104147028,32.21875,1746179650.6019223,3578,0.027896421030163765,0.034267913550138474,0.012369791977107525,5497344.0,-0.6102598905563354,0.0,1.0,0.0,0.7777353525161743,5497344.0,3579,69.29439544677734,0.7777353525161743,0.35601943731307983,28384,28384,1.0
31.514324188232422,69.29439544677734,3583,0.033351436257362366,-0.616102933883667,0.034267913550138474,0.012369791977107525,0.33990591764450073,1458.687333964,31.514324188232422,1746179652.1851177,3582,0.033351436257362366,0.034267913550138474,0.012369791977107525,5503488.0,-0.616102933883667,0.0,1.0,0.0,0.7777353525161743,5503488.0,3583,69.29439544677734,0.7777353525161743,0.33990591764450073,28416,28416,1.0
31.248699188232422,69.29439544677734,3636,0.02766468934714794,-0.6946406364440918,0.034267913550138474,0.010416666977107525,0.3280831277370453,1479.662615785,31.248699188232422,1746179673.160412,3635,0.02766468934714794,0.034267913550138474,0.010416666977107525,5584896.0,-0.6946406364440918,0.0,1.0,0.0,0.7777353525161743,5584896.0,3636,69.29439544677734,0.7777353525161743,0.3280831277370453,28840,28840,1.0
31.264324188232422,69.29439544677734,3664,0.030224524438381195,-0.680358350276947,0.034267913550138474,0.008463541977107525,0.3244495093822479,1490.746299821,31.264324188232422,1746179684.2441206,3663,0.030224524438381195,0.034267913550138474,0.008463541977107525,5627904.0,-0.680358350276947,0.0,1.0,0.0,0.7777353525161743,5627904.0,3664,69.29439544677734,0.7777353525161743,0.3244495093822479,29064,29064,1.0
31.71224021911621,69.29439544677734,3670,0.036807507276535034,-0.6867640614509583,0.034267913550138474,0.009765625,0.33746570348739624,1493.120658508,31.71224021911621,1746179686.6184645,3669,0.036807507276535034,0.034267913550138474,0.009765625,5637120.0,-0.6867640614509583,0.0,1.0,0.0,0.7777353525161743,5637120.0,3670,69.29439544677734,0.7777353525161743,0.33746570348739624,29112,29112,1.0
31.13020896911621,69.29439544677734,3677,0.03099341318011284,-0.7703858613967896,0.034267913550138474,0.00911458395421505,0.31354618072509766,1495.894558262,31.13020896911621,1746179689.3923523,3676,0.03099341318011284,0.034267913550138474,0.00911458395421505,5647872.0,-0.7703858613967896,0.0,1.0,0.0,0.7777353525161743,5647872.0,3677,69.29439544677734,0.7777353525161743,0.31354618072509766,29168,29168,1.0
31.061199188232422,69.29439544677734,3687,0.04329581558704376,-0.769277036190033,0.034267913550138474,0.00911458395421505,0.30550283193588257,1499.851287234,31.061199188232422,1746179693.349076,3686,0.04329581558704376,0.034267913550138474,0.00911458395421505,5663232.0,-0.769277036190033,0.0,1.0,0.0,0.7777353525161743,5663232.0,3687,69.29439544677734,0.7777353525161743,0.30550283193588257,29248,29248,1.0
30.9765625,69.29439544677734,3705,0.026234779506921768,-0.7617812156677246,0.034267913550138474,0.00911458395421505,0.3183680772781372,1506.973373256,30.9765625,1746179700.4711745,3704,0.026234779506921768,0.034267913550138474,0.00911458395421505,5690880.0,-0.7617812156677246,0.0,1.0,0.0,0.7777353525161743,5690880.0,3705,69.29439544677734,0.7777353525161743,0.3183680772781372,29392,29392,1.0
31.54817771911621,69.29439544677734,3718,0.025338906794786453,-0.7533335089683533,0.034267913550138474,0.009765625,0.327157586812973,1512.119486355,31.54817771911621,1746179705.617296,3717,0.025338906794786453,0.034267913550138474,0.009765625,5710848.0,-0.7533335089683533,0.0,1.0,0.0,0.7777353525161743,5710848.0,3718,69.29439544677734,0.7777353525161743,0.327157586812973,29496,29496,1.0
32.177085876464844,69.29439544677734,3731,0.03377746790647507,-0.6768882870674133,0.034267913550138474,0.009765625,0.34391093254089355,1517.269951924,32.177085876464844,1746179710.7677484,3730,0.03377746790647507,0.034267913550138474,0.009765625,5730816.0,-0.6768882870674133,0.0,1.0,0.0,0.7777353525161743,5730816.0,3731,69.29439544677734,0.7777353525161743,0.34391093254089355,29600,29600,1.0
32.204429626464844,69.29439544677734,3798,0.029424777254462242,-0.5628249049186707,0.034267913550138474,0.009765625,0.33456194400787354,1543.797469042,32.204429626464844,1746179737.2952645,3797,0.029424777254462242,0.034267913550138474,0.009765625,5833728.0,-0.5628249049186707,0.0,1.0,0.0,0.7777353525161743,5833728.0,3798,69.29439544677734,0.7777353525161743,0.33456194400787354,30136,30136,1.0
31.904949188232422,69.29439544677734,3799,0.04037976264953613,-0.550595760345459,0.034267913550138474,0.008463541977107525,0.3364199995994568,1544.193068696,31.904949188232422,1746179737.6908555,3798,0.04037976264953613,0.034267913550138474,0.008463541977107525,5835264.0,-0.550595760345459,0.0,1.0,0.0,0.7777353525161743,5835264.0,3799,69.29439544677734,0.7777353525161743,0.3364199995994568,30144,30144,1.0
31.2421875,69.29439544677734,3810,0.035054124891757965,-0.5488400459289551,0.034267913550138474,0.010416666977107525,0.3135741949081421,1548.547854846,31.2421875,1746179742.045654,3809,0.035054124891757965,0.034267913550138474,0.010416666977107525,5852160.0,-0.5488400459289551,0.0,1.0,0.0,0.7777353525161743,5852160.0,3810,69.29439544677734,0.7777353525161743,0.3135741949081421,30232,30232,1.0
30.639324188232422,69.29439544677734,3812,0.03304610401391983,-0.5776002407073975,0.034267913550138474,0.0078125,0.314438134431839,1549.339894361,30.639324188232422,1746179742.8376784,3811,0.03304610401391983,0.034267913550138474,0.0078125,5855232.0,-0.5776002407073975,0.0,1.0,0.0,0.7777353525161743,5855232.0,3812,69.29439544677734,0.7777353525161743,0.314438134431839,30248,30248,1.0
31.21875,69.29439544677734,3832,0.0341937355697155,-0.5899787545204163,0.034267913550138474,0.010416666977107525,0.37977612018585205,1557.258680262,31.21875,1746179750.7564805,3831,0.0341937355697155,0.034267913550138474,0.010416666977107525,5885952.0,-0.5899787545204163,0.037109375,1.0,0.037109375,0.7777353525161743,5885952.0,3832,69.29439544677734,0.7777353525161743,0.37977612018585205,30408,30408,1.0
32.235679626464844,69.29439544677734,3839,0.028803912922739983,-0.5934933423995972,0.034267913550138474,0.009765625,0.3435923457145691,1560.027873974,32.235679626464844,1746179753.5256743,3838,0.028803912922739983,0.034267913550138474,0.009765625,5896704.0,-0.5934933423995972,0.0,1.0,0.0,0.7777353525161743,5896704.0,3839,69.29439544677734,0.7777353525161743,0.3435923457145691,30464,30464,1.0
32.059898376464844,69.29439544677734,3843,0.043872684240341187,-0.5785763263702393,0.034267913550138474,0.013671875,0.38405323028564453,1561.6131316,32.059898376464844,1746179755.1109216,3842,0.043872684240341187,0.034267913550138474,0.013671875,5902848.0,-0.5785763263702393,0.033203125,1.0,0.033203125,0.7777353525161743,5902848.0,3843,69.29439544677734,0.7777353525161743,0.38405323028564453,30496,30496,1.0
30.670574188232422,69.29439544677734,3847,0.046323176473379135,-0.5778631567955017,0.034267913550138474,0.009765625,0.31206563115119934,1563.198691767,30.670574188232422,1746179756.6964912,3846,0.046323176473379135,0.034267913550138474,0.009765625,5908992.0,-0.5778631567955017,0.0,1.0,0.0,0.7777353525161743,5908992.0,3847,69.29439544677734,0.7777353525161743,0.31206563115119934,30528,30528,1.0
31.93099021911621,69.29439544677734,3868,0.04454738274216652,-0.5870332717895508,0.034267913550138474,0.009765625,0.3401050567626953,1571.511192821,31.93099021911621,1746179765.0089848,3867,0.04454738274216652,0.034267913550138474,0.009765625,5941248.0,-0.5870332717895508,0.0,1.0,0.0,0.7777353525161743,5941248.0,3868,69.29439544677734,0.7777353525161743,0.3401050567626953,30696,30696,1.0
30.494792938232422,69.29439544677734,3874,0.041851580142974854,-0.5259659290313721,0.034267913550138474,0.008463541977107525,0.31270694732666016,1573.886071108,30.494792938232422,1746179767.383873,3873,0.041851580142974854,0.034267913550138474,0.008463541977107525,5950464.0,-0.5259659290313721,0.0,1.0,0.0,0.7777353525161743,5950464.0,3874,69.29439544677734,0.7777353525161743,0.31270694732666016,30744,30744,1.0
30.9453125,69.29439544677734,3887,0.045826807618141174,-0.5145723819732666,0.034267913550138474,0.008463541977107525,0.31575828790664673,1579.051566858,30.9453125,1746179772.5493863,3886,0.045826807618141174,0.034267913550138474,0.008463541977107525,5970432.0,-0.5145723819732666,0.0,1.0,0.0,0.7777353525161743,5970432.0,3887,69.29439544677734,0.7777353525161743,0.31575828790664673,30848,30848,1.0
32.21484375,70.41767883300781,3922,0.04683641344308853,-0.528163731098175,0.012131716124713421,0.00911458395421505,0.3404790759086609,1593.003892423,32.21484375,1746179786.5016873,3921,0.04683641344308853,0.012131716124713421,0.00911458395421505,6024192.0,-0.528163731098175,0.0,1.0,0.0,0.7516930103302002,6024192.0,3922,70.41767883300781,0.7516930103302002,0.3404790759086609,31128,31128,1.0
31.53515625,70.41767883300781,3950,0.06567405164241791,-0.6072123646736145,0.012131716124713421,0.009765625,0.3704286813735962,1604.088594811,31.53515625,1746179797.586388,3949,0.06567405164241791,0.012131716124713421,0.009765625,6067200.0,-0.6072123646736145,0.02734375,1.0,0.02734375,0.7516930103302002,6067200.0,3950,70.41767883300781,0.7516930103302002,0.3704286813735962,31352,31352,1.0
30.171875,70.41767883300781,3958,0.05635480582714081,-0.6075496673583984,0.012131716124713421,0.008463541977107525,0.3103809654712677,1607.2563358,30.171875,1746179800.754133,3957,0.05635480582714081,0.012131716124713421,0.008463541977107525,6079488.0,-0.6075496673583984,0.0,1.0,0.0,0.7516930103302002,6079488.0,3958,70.41767883300781,0.7516930103302002,0.3103809654712677,31416,31416,1.0
30.72395896911621,70.41767883300781,3976,0.055268533527851105,-0.6080039143562317,0.012131716124713421,0.00911458395421505,0.31990838050842285,1614.384805333,30.72395896911621,1746179807.8826032,3975,0.055268533527851105,0.012131716124713421,0.00911458395421505,6107136.0,-0.6080039143562317,0.0,1.0,0.0,0.7516930103302002,6107136.0,3976,70.41767883300781,0.7516930103302002,0.31990838050842285,31560,31560,1.0
31.490886688232422,70.41767883300781,4020,0.050400909036397934,-0.6484605073928833,0.012131716124713421,0.010416666977107525,0.3265534043312073,1631.802801202,31.490886688232422,1746179825.3006046,4019,0.050400909036397934,0.012131716124713421,0.010416666977107525,6174720.0,-0.6484605073928833,0.0,1.0,0.0,0.7516930103302002,6174720.0,4020,70.41767883300781,0.7516930103302002,0.3265534043312073,31912,31912,1.0
30.045574188232422,70.41767883300781,4043,0.05629919096827507,-0.6423463225364685,0.012131716124713421,0.008463541977107525,0.31075936555862427,1640.905906427,30.045574188232422,1746179834.403714,4042,0.05629919096827507,0.012131716124713421,0.008463541977107525,6210048.0,-0.6423463225364685,0.0,1.0,0.0,0.7516930103302002,6210048.0,4043,70.41767883300781,0.7516930103302002,0.31075936555862427,32096,32096,1.0
31.576824188232422,70.41767883300781,4045,0.060369230806827545,-0.6375046372413635,0.012131716124713421,0.00911458395421505,0.33864086866378784,1641.696980616,31.576824188232422,1746179835.1947913,4044,0.060369230806827545,0.012131716124713421,0.00911458395421505,6213120.0,-0.6375046372413635,0.0,1.0,0.0,0.7516930103302002,6213120.0,4045,70.41767883300781,0.7516930103302002,0.33864086866378784,32112,32112,1.0
30.940105438232422,70.41767883300781,4064,0.056895751506090164,-0.6437051296234131,0.012131716124713421,0.0078125,0.31226903200149536,1649.213684236,30.940105438232422,1746179842.711459,4063,0.056895751506090164,0.012131716124713421,0.0078125,6242304.0,-0.6437051296234131,0.0,1.0,0.0,0.7516930103302002,6242304.0,4064,70.41767883300781,0.7516930103302002,0.31226903200149536,32264,32264,1.0
31.34114646911621,70.41767883300781,4067,0.04747246578335762,-0.6603289842605591,0.012131716124713421,0.01106770895421505,0.33590561151504517,1650.406868599,31.34114646911621,1746179843.9046304,4066,0.04747246578335762,0.012131716124713421,0.01106770895421505,6246912.0,-0.6603289842605591,0.0,1.0,0.0,0.7516930103302002,6246912.0,4067,70.41767883300781,0.7516930103302002,0.33590561151504517,32288,32288,1.0
28.56770896911621,70.41767883300781,4100,0.06609641760587692,-0.6428011655807495,0.012131716124713421,0.009765625,0.25815778970718384,1663.463491004,28.56770896911621,1746179856.9612865,4099,0.06609641760587692,0.012131716124713421,0.009765625,6297600.0,-0.6428011655807495,0.0,1.0,0.0,0.7516930103302002,6297600.0,4100,70.41767883300781,0.7516930103302002,0.25815778970718384,32552,32552,1.0
29.819011688232422,70.41767883300781,4107,0.06245505437254906,-0.6344575881958008,0.012131716124713421,0.0078125,0.2927749752998352,1666.23573481,29.819011688232422,1746179859.7335339,4106,0.06245505437254906,0.012131716124713421,0.0078125,6308352.0,-0.6344575881958008,0.0,1.0,0.0,0.7516930103302002,6308352.0,4107,70.41767883300781,0.7516930103302002,0.2927749752998352,32608,32608,1.0
31.27083396911621,70.41767883300781,4110,0.06824192404747009,-0.6416748762130737,0.012131716124713421,0.00911458395421505,0.32377728819847107,1667.422550515,31.27083396911621,1746179860.920352,4109,0.06824192404747009,0.012131716124713421,0.00911458395421505,6312960.0,-0.6416748762130737,0.0,1.0,0.0,0.7516930103302002,6312960.0,4110,70.41767883300781,0.7516930103302002,0.32377728819847107,32632,32632,1.0
30.31770896911621,70.41767883300781,4113,0.05970239266753197,-0.630060076713562,0.012131716124713421,0.00911458395421505,0.2956405580043793,1668.609280317,30.31770896911621,1746179862.1070967,4112,0.05970239266753197,0.012131716124713421,0.00911458395421505,6317568.0,-0.630060076713562,0.0,1.0,0.0,0.7516930103302002,6317568.0,4113,70.41767883300781,0.7516930103302002,0.2956405580043793,32656,32656,1.0
31.05599021911621,70.41767883300781,4129,0.07584516704082489,-0.6276845335960388,0.012131716124713421,0.01106770895421505,0.3285665214061737,1674.943597699,31.05599021911621,1746179868.4414039,4128,0.07584516704082489,0.012131716124713421,0.01106770895421505,6342144.0,-0.6276845335960388,0.0,1.0,0.0,0.7516930103302002,6342144.0,4129,70.41767883300781,0.7516930103302002,0.3285665214061737,32784,32784,1.0
31.43489646911621,70.41767883300781,4149,0.056703370064496994,-0.6338343620300293,0.012131716124713421,0.0078125,0.31990039348602295,1682.86201274,31.43489646911621,1746179876.3598244,4148,0.056703370064496994,0.012131716124713421,0.0078125,6372864.0,-0.6338343620300293,0.0,1.0,0.0,0.7516930103302002,6372864.0,4149,70.41767883300781,0.7516930103302002,0.31990039348602295,32944,32944,1.0
30.6171875,70.41767883300781,4177,0.05430423468351364,-0.5934309959411621,0.012131716124713421,0.008463541977107525,0.31880074739456177,1693.94216357,30.6171875,1746179887.4399168,4176,0.05430423468351364,0.012131716124713421,0.008463541977107525,6415872.0,-0.5934309959411621,0.0,1.0,0.0,0.7516930103302002,6415872.0,4177,70.41767883300781,0.7516930103302002,0.31880074739456177,33168,33168,1.0
29.953125,70.41767883300781,4191,0.06595181673765182,-0.6063036918640137,0.012131716124713421,0.008463541977107525,0.30398645997047424,1699.485809534,29.953125,1746179892.9835963,4190,0.06595181673765182,0.012131716124713421,0.008463541977107525,6437376.0,-0.6063036918640137,0.0,1.0,0.0,0.7516930103302002,6437376.0,4191,70.41767883300781,0.7516930103302002,0.30398645997047424,33280,33280,1.0
29.752605438232422,70.41767883300781,4205,0.056771352887153625,-0.6436462998390198,0.012131716124713421,0.01106770895421505,0.3119075298309326,1705.02561727,29.752605438232422,1746179898.5234222,4204,0.056771352887153625,0.012131716124713421,0.01106770895421505,6458880.0,-0.6436462998390198,0.0,1.0,0.0,0.7516930103302002,6458880.0,4205,70.41767883300781,0.7516930103302002,0.3119075298309326,33392,33392,1.0
30.19270896911621,70.41767883300781,4210,0.07169123739004135,-0.6686385869979858,0.012131716124713421,0.0078125,0.3477630019187927,1707.005426372,30.19270896911621,1746179900.503237,4209,0.07169123739004135,0.012131716124713421,0.0078125,6466560.0,-0.6686385869979858,0.033203125,1.0,0.033203125,0.7516930103302002,6466560.0,4210,70.41767883300781,0.7516930103302002,0.3477630019187927,33432,33432,1.0
29.32421875,70.41767883300781,4214,0.1186608374118805,-0.6879992485046387,0.012131716124713421,0.00911458395421505,0.2989679276943207,1708.588092263,29.32421875,1746179902.0859048,4213,0.1186608374118805,0.012131716124713421,0.00911458395421505,6472704.0,-0.6879992485046387,0.0,1.0,0.0,0.7516930103302002,6472704.0,4214,70.41767883300781,0.7516930103302002,0.2989679276943207,33464,33464,1.0
31.76692771911621,70.41767883300781,4218,0.08794927597045898,-0.6643537878990173,0.012131716124713421,0.010416666977107525,0.3575075566768646,1710.171081144,31.76692771911621,1746179903.6688814,4217,0.08794927597045898,0.012131716124713421,0.010416666977107525,6478848.0,-0.6643537878990173,0.0,1.0,0.0,0.7516930103302002,6478848.0,4218,70.41767883300781,0.7516930103302002,0.3575075566768646,33496,33496,1.0
30.93359375,71.3721694946289,4229,0.07637336105108261,-0.6503298282623291,0.03130434453487396,0.00911458395421505,0.3218558728694916,1714.626432754,30.93359375,1746179908.1242583,4228,0.07637336105108261,0.03130434453487396,0.00911458395421505,6495744.0,-0.6503298282623291,0.0,0.9999999403953552,0.0,0.7804704904556274,6495744.0,4229,71.3721694946289,0.7804704904556274,0.3218558728694916,33584,33584,0.9999999403953552
31.90364646911621,71.3721694946289,4237,0.07299457490444183,-0.6275451183319092,0.03130434453487396,0.010416666977107525,0.34493622183799744,1717.792564047,31.90364646911621,1746179911.2903812,4236,0.07299457490444183,0.03130434453487396,0.010416666977107525,6508032.0,-0.6275451183319092,0.0,0.9999999403953552,0.0,0.7804704904556274,6508032.0,4237,71.3721694946289,0.7804704904556274,0.34493622183799744,33648,33648,0.9999999403953552
30.91536521911621,71.3721694946289,4251,0.07791435718536377,-0.6232616901397705,0.03130434453487396,0.009765625,0.33061689138412476,1723.338732861,30.91536521911621,1746179916.836505,4250,0.07791435718536377,0.03130434453487396,0.009765625,6529536.0,-0.6232616901397705,0.0,0.9999999403953552,0.0,0.7804704904556274,6529536.0,4251,71.3721694946289,0.7804704904556274,0.33061689138412476,33760,33760,0.9999999403953552
31.4375,71.3721694946289,4254,0.06982920318841934,-0.6187305450439453,0.03130434453487396,0.010416666977107525,0.3269074261188507,1724.526095048,31.4375,1746179918.0238893,4253,0.06982920318841934,0.03130434453487396,0.010416666977107525,6534144.0,-0.6187305450439453,0.0,0.9999999403953552,0.0,0.7804704904556274,6534144.0,4254,71.3721694946289,0.7804704904556274,0.3269074261188507,33784,33784,0.9999999403953552
30.088542938232422,71.3721694946289,4267,0.099125936627388,-0.6612497568130493,0.03130434453487396,0.00911458395421505,0.30510586500167847,1729.669812242,30.088542938232422,1746179923.1676028,4266,0.099125936627388,0.03130434453487396,0.00911458395421505,6554112.0,-0.6612497568130493,0.0,0.9999999403953552,0.0,0.7804704904556274,6554112.0,4267,71.3721694946289,0.7804704904556274,0.30510586500167847,33888,33888,0.9999999403953552
32.01171875,71.3721694946289,4279,0.0841292291879654,-0.5917613506317139,0.03130434453487396,0.010416666977107525,0.3427368998527527,1734.419265934,32.01171875,1746179927.9170594,4278,0.0841292291879654,0.03130434453487396,0.010416666977107525,6572544.0,-0.5917613506317139,0.0,0.9999999403953552,0.0,0.7804704904556274,6572544.0,4279,71.3721694946289,0.7804704904556274,0.3427368998527527,33984,33984,0.9999999403953552
31.16536521911621,71.3721694946289,4281,0.07738099992275238,-0.6152796745300293,0.03130434453487396,0.008463541977107525,0.32107818126678467,1735.210706678,31.16536521911621,1746179928.7085025,4280,0.07738099992275238,0.03130434453487396,0.008463541977107525,6575616.0,-0.6152796745300293,0.0,0.9999999403953552,0.0,0.7804704904556274,6575616.0,4281,71.3721694946289,0.7804704904556274,0.32107818126678467,34000,34000,0.9999999403953552
29.05859375,71.3721694946289,4286,0.07153875380754471,-0.5992259979248047,0.03130434453487396,0.00911458395421505,0.27836304903030396,1737.190276175,29.05859375,1746179930.6880677,4285,0.07153875380754471,0.03130434453487396,0.00911458395421505,6583296.0,-0.5992259979248047,0.0,0.9999999403953552,0.0,0.7804704904556274,6583296.0,4286,71.3721694946289,0.7804704904556274,0.27836304903030396,34040,34040,0.9999999403953552
32.19791793823242,71.3721694946289,4294,0.12968462705612183,-0.5812997817993164,0.03130434453487396,0.010416666977107525,0.3308040499687195,1740.361898808,32.19791793823242,1746179933.85967,4293,0.12968462705612183,0.03130434453487396,0.010416666977107525,6595584.0,-0.5812997817993164,0.0,0.9999999403953552,0.0,0.7804704904556274,6595584.0,4294,71.3721694946289,0.7804704904556274,0.3308040499687195,34104,34104,0.9999999403953552
30.03515625,71.3721694946289,4315,0.1278005689382553,-0.5866281986236572,0.03130434453487396,0.00911458395421505,0.2986086905002594,1748.69559954,30.03515625,1746179942.1933894,4314,0.1278005689382553,0.03130434453487396,0.00911458395421505,6627840.0,-0.5866281986236572,0.0,0.9999999403953552,0.0,0.7804704904556274,6627840.0,4315,71.3721694946289,0.7804704904556274,0.2986086905002594,34272,34272,0.9999999403953552
30.2109375,71.3721694946289,4321,0.11597384512424469,-0.6010575294494629,0.03130434453487396,0.009765625,0.3147870898246765,1751.070322068,30.2109375,1746179944.5681317,4320,0.11597384512424469,0.03130434453487396,0.009765625,6637056.0,-0.6010575294494629,0.0,0.9999999403953552,0.0,0.7804704904556274,6637056.0,4321,71.3721694946289,0.7804704904556274,0.3147870898246765,34320,34320,0.9999999403953552
31.092449188232422,71.3721694946289,4324,0.13876281678676605,-0.5793961882591248,0.03130434453487396,0.0078125,0.3048918843269348,1752.25739095,31.092449188232422,1746179945.7551882,4323,0.13876281678676605,0.03130434453487396,0.0078125,6641664.0,-0.5793961882591248,0.0,0.9999999403953552,0.0,0.7804704904556274,6641664.0,4324,71.3721694946289,0.7804704904556274,0.3048918843269348,34344,34344,0.9999999403953552
30.296875,71.3721694946289,4327,0.11886115372180939,-0.5798435211181641,0.03130434453487396,0.008463541977107525,0.29304227232933044,1753.444233724,30.296875,1746179946.942038,4326,0.11886115372180939,0.03130434453487396,0.008463541977107525,6646272.0,-0.5798435211181641,0.0,0.9999999403953552,0.0,0.7804704904556274,6646272.0,4327,71.3721694946289,0.7804704904556274,0.29304227232933044,34368,34368,0.9999999403953552
32.302085876464844,71.3721694946289,4331,0.10581446439027786,-0.5792438983917236,0.03130434453487396,0.00911458395421505,0.32572877407073975,1755.033802382,32.302085876464844,1746179948.5315974,4330,0.10581446439027786,0.03130434453487396,0.00911458395421505,6652416.0,-0.5792438983917236,0.0,0.9999999403953552,0.0,0.7804704904556274,6652416.0,4331,71.3721694946289,0.7804704904556274,0.32572877407073975,34400,34400,0.9999999403953552
31.89974021911621,71.3721694946289,4336,0.11025591194629669,-0.6256967782974243,0.03130434453487396,0.008463541977107525,0.3430153727531433,1757.013379995,31.89974021911621,1746179950.5111752,4335,0.11025591194629669,0.03130434453487396,0.008463541977107525,6660096.0,-0.6256967782974243,0.0,0.9999999403953552,0.0,0.7804704904556274,6660096.0,4336,71.3721694946289,0.7804704904556274,0.3430153727531433,34440,34440,0.9999999403953552
32.17448043823242,71.3721694946289,4346,0.1123768761754036,-0.6046654582023621,0.03130434453487396,0.008463541977107525,0.32627159357070923,1760.975528103,32.17448043823242,1746179954.4733243,4345,0.1123768761754036,0.03130434453487396,0.008463541977107525,6675456.0,-0.6046654582023621,0.0,0.9999999403953552,0.0,0.7804704904556274,6675456.0,4346,71.3721694946289,0.7804704904556274,0.32627159357070923,34520,34520,0.9999999403953552
31.484375,71.3721694946289,4352,0.14474385976791382,-0.5590317845344543,0.03130434453487396,0.009765625,0.32137230038642883,1763.349387848,31.484375,1746179956.847187,4351,0.14474385976791382,0.03130434453487396,0.009765625,6684672.0,-0.5590317845344543,0.0,0.9999999403953552,0.0,0.7804704904556274,6684672.0,4352,71.3721694946289,0.7804704904556274,0.32137230038642883,34568,34568,0.9999999403953552
31.186199188232422,71.3721694946289,4357,0.12173302471637726,-0.6037021279335022,0.03130434453487396,0.00911458395421505,0.33090725541114807,1765.327627463,31.186199188232422,1746179958.825433,4356,0.12173302471637726,0.03130434453487396,0.00911458395421505,6692352.0,-0.6037021279335022,0.0,0.9999999403953552,0.0,0.7804704904556274,6692352.0,4357,71.3721694946289,0.7804704904556274,0.33090725541114807,34608,34608,0.9999999403953552
31.15625,71.3721694946289,4368,0.1280808299779892,-0.5888688564300537,0.03130434453487396,0.008463541977107525,0.33133360743522644,1769.679872656,31.15625,1746179963.1776533,4367,0.1280808299779892,0.03130434453487396,0.008463541977107525,6709248.0,-0.5888688564300537,0.0,0.9999999403953552,0.0,0.7804704904556274,6709248.0,4368,71.3721694946289,0.7804704904556274,0.33133360743522644,34696,34696,0.9999999403953552
31.34375,71.3721694946289,4379,0.12946045398712158,-0.733295202255249,0.03130434453487396,0.009765625,0.3296946883201599,1774.034846108,31.34375,1746179967.5326498,4378,0.12946045398712158,0.03130434453487396,0.009765625,6726144.0,-0.733295202255249,0.0,0.9999999403953552,0.0,0.7804704904556274,6726144.0,4379,71.3721694946289,0.7804704904556274,0.3296946883201599,34784,34784,0.9999999403953552
30.014324188232422,71.3721694946289,4381,0.12809507548809052,-0.6748881936073303,0.03130434453487396,0.009765625,0.30344367027282715,1774.826118646,30.014324188232422,1746179968.3239026,4380,0.12809507548809052,0.03130434453487396,0.009765625,6729216.0,-0.6748881936073303,0.0,0.9999999403953552,0.0,0.7804704904556274,6729216.0,4381,71.3721694946289,0.7804704904556274,0.30344367027282715,34800,34800,0.9999999403953552
30.451824188232422,71.3721694946289,4393,0.11036763340234756,-0.661704421043396,0.03130434453487396,0.0078125,0.30071255564689636,1779.57634296,30.451824188232422,1746179973.074134,4392,0.11036763340234756,0.03130434453487396,0.0078125,6747648.0,-0.661704421043396,0.0,0.9999999403953552,0.0,0.7804704904556274,6747648.0,4393,71.3721694946289,0.7804704904556274,0.30071255564689636,34896,34896,0.9999999403953552
30.830730438232422,71.3721694946289,4403,0.09306862950325012,-0.6887258291244507,0.03130434453487396,0.010416666977107525,0.36065050959587097,1783.535251615,30.830730438232422,1746179977.0330312,4402,0.09306862950325012,0.03130434453487396,0.010416666977107525,6763008.0,-0.6887258291244507,0.0234375,0.9999999403953552,0.0234375,0.7804704904556274,6763008.0,4403,71.3721694946289,0.7804704904556274,0.36065050959587097,34976,34976,0.9999999403953552
30.13802146911621,71.3721694946289,4416,0.10255582630634308,-0.6702825427055359,0.03130434453487396,0.00911458395421505,0.2997756600379944,1788.680904667,30.13802146911621,1746179982.1787083,4415,0.10255582630634308,0.03130434453487396,0.00911458395421505,6782976.0,-0.6702825427055359,0.0,0.9999999403953552,0.0,0.7804704904556274,6782976.0,4416,71.3721694946289,0.7804704904556274,0.2997756600379944,35080,35080,0.9999999403953552
30.736980438232422,71.3721694946289,4425,0.08586481958627701,-0.7014974355697632,0.03130434453487396,0.008463541977107525,0.3027297258377075,1792.24777107,30.736980438232422,1746179985.7455666,4424,0.08586481958627701,0.03130434453487396,0.008463541977107525,6796800.0,-0.7014974355697632,0.0,0.9999999403953552,0.0,0.7804704904556274,6796800.0,4425,71.3721694946289,0.7804704904556274,0.3027297258377075,35152,35152,0.9999999403953552
30.34375,71.3721694946289,4428,0.1383207142353058,-0.6736233234405518,0.03130434453487396,0.00911458395421505,0.2954622507095337,1793.435045446,30.34375,1746179986.9328146,4427,0.1383207142353058,0.03130434453487396,0.00911458395421505,6801408.0,-0.6736233234405518,0.0,0.9999999403953552,0.0,0.7804704904556274,6801408.0,4428,71.3721694946289,0.7804704904556274,0.2954622507095337,35176,35176,0.9999999403953552
31.00390625,71.3721694946289,4433,0.11026529222726822,-0.6635164618492126,0.03130434453487396,0.008463541977107525,0.3195614814758301,1795.413810147,31.00390625,1746179988.911596,4432,0.11026529222726822,0.03130434453487396,0.008463541977107525,6809088.0,-0.6635164618492126,0.0,0.9999999403953552,0.0,0.7804704904556274,6809088.0,4433,71.3721694946289,0.7804704904556274,0.3195614814758301,35216,35216,0.9999999403953552
28.94270896911621,71.3721694946289,4437,0.11670264601707458,-0.6382510662078857,0.03130434453487396,0.00911458395421505,0.2729852795600891,1796.996874426,28.94270896911621,1746179990.4946842,4436,0.11670264601707458,0.03130434453487396,0.00911458395421505,6815232.0,-0.6382510662078857,0.0,0.9999999403953552,0.0,0.7804704904556274,6815232.0,4437,71.3721694946289,0.7804704904556274,0.2729852795600891,35248,35248,0.9999999403953552
30.127605438232422,71.3721694946289,4445,0.18453294038772583,-0.7386095523834229,0.03130434453487396,0.00911458395421505,0.30428045988082886,1800.165652896,30.127605438232422,1746179993.6634545,4444,0.18453294038772583,0.03130434453487396,0.00911458395421505,6827520.0,-0.7386095523834229,0.0,0.9999999403953552,0.0,0.7804704904556274,6827520.0,4445,71.3721694946289,0.7804704904556274,0.30428045988082886,35312,35312,0.9999999403953552
29.959636688232422,71.3721694946289,4476,0.13467182219028473,-0.8433609008789062,0.03130434453487396,0.00911458395421505,0.2959234416484833,1812.443804504,29.959636688232422,1746180005.9416122,4475,0.13467182219028473,0.03130434453487396,0.00911458395421505,6875136.0,-0.8433609008789062,0.0,0.9999999403953552,0.0,0.7804704904556274,6875136.0,4476,71.3721694946289,0.7804704904556274,0.2959234416484833,35560,35560,0.9999999403953552
30.97395896911621,71.3721694946289,4488,0.20722734928131104,-0.8475856781005859,0.03130434453487396,0.008463541977107525,0.3231528699398041,1817.196550599,30.97395896911621,1746180010.6943493,4487,0.20722734928131104,0.03130434453487396,0.008463541977107525,6893568.0,-0.8475856781005859,0.0,0.9999999403953552,0.0,0.7804704904556274,6893568.0,4488,71.3721694946289,0.7804704904556274,0.3231528699398041,35656,35656,0.9999999403953552
31.088542938232422,71.3721694946289,4497,0.19609284400939941,-0.8213948011398315,0.03130434453487396,0.010416666977107525,0.3038055896759033,1820.763379461,31.088542938232422,1746180014.2611628,4496,0.19609284400939941,0.03130434453487396,0.010416666977107525,6907392.0,-0.8213948011398315,0.0,0.9999999403953552,0.0,0.7804704904556274,6907392.0,4497,71.3721694946289,0.7804704904556274,0.3038055896759033,35728,35728,0.9999999403953552
29.79427146911621,71.3721694946289,4498,0.208214670419693,-0.8541742563247681,0.03130434453487396,0.00911458395421505,0.3152099847793579,1821.159351056,29.79427146911621,1746180014.65714,4497,0.208214670419693,0.03130434453487396,0.00911458395421505,6908928.0,-0.8541742563247681,0.0201822929084301,0.9999999403953552,0.0201822929084301,0.7804704904556274,6908928.0,4498,71.3721694946289,0.7804704904556274,0.3152099847793579,35736,35736,0.9999999403953552
30.932292938232422,71.3721694946289,4510,0.18483784794807434,-0.8085549473762512,0.03130434453487396,0.008463541977107525,0.31438523530960083,1825.910394637,30.932292938232422,1746180019.408187,4509,0.18483784794807434,0.03130434453487396,0.008463541977107525,6927360.0,-0.8085549473762512,0.0,0.9999999403953552,0.0,0.7804704904556274,6927360.0,4510,71.3721694946289,0.7804704904556274,0.31438523530960083,35832,35832,0.9999999403953552
30.38671875,71.3721694946289,4535,0.12715628743171692,-0.9630087614059448,0.03130434453487396,0.00911458395421505,0.34822899103164673,1835.81552934,30.38671875,1746180029.3133442,4534,0.12715628743171692,0.03130434453487396,0.00911458395421505,6965760.0,-0.9630087614059448,0.0325520858168602,0.9999999403953552,0.0325520858168602,0.7804704904556274,6965760.0,4535,71.3721694946289,0.7804704904556274,0.34822899103164673,36032,36032,0.9999999403953552
30.90234375,71.3721694946289,4545,0.15062829852104187,-0.8759459257125854,0.03130434453487396,0.0078125,0.3046379089355469,1839.771917797,30.90234375,1746180033.2696986,4544,0.15062829852104187,0.03130434453487396,0.0078125,6981120.0,-0.8759459257125854,0.0,0.9999999403953552,0.0,0.7804704904556274,6981120.0,4545,71.3721694946289,0.7804704904556274,0.3046379089355469,36112,36112,0.9999999403953552
30.46875,71.3721694946289,4546,0.13873562216758728,-0.8864613771438599,0.03130434453487396,0.008463541977107525,0.30036789178848267,1840.167445875,30.46875,1746180033.665246,4545,0.13873562216758728,0.03130434453487396,0.008463541977107525,6982656.0,-0.8864613771438599,0.0,0.9999999403953552,0.0,0.7804704904556274,6982656.0,4546,71.3721694946289,0.7804704904556274,0.30036789178848267,36120,36120,0.9999999403953552
30.48958396911621,74.01612854003906,4553,0.1230972483754158,-0.8941766619682312,0.02688172087073326,0.010416666977107525,0.32411760091781616,1843.038445498,30.48958396911621,1746180036.5362463,4552,0.1230972483754158,0.02688172087073326,0.010416666977107525,6993408.0,-0.8941766619682312,0.0,1.0,0.0,0.79157555103302,6993408.0,4553,74.01612854003906,0.79157555103302,0.32411760091781616,36176,36176,1.0
30.47786521911621,74.01612854003906,4603,0.20905959606170654,-0.8638052940368652,0.02688172087073326,0.008463541977107525,0.30563056468963623,1862.838431131,30.47786521911621,1746180056.3362265,4602,0.20905959606170654,0.02688172087073326,0.008463541977107525,7070208.0,-0.8638052940368652,0.0,1.0,0.0,0.79157555103302,7070208.0,4603,74.01612854003906,0.79157555103302,0.30563056468963623,36576,36576,1.0
31.79296875,74.01612854003906,4634,0.1566685140132904,-0.8883090615272522,0.02688172087073326,0.009765625,0.33220160007476807,1875.112481403,31.79296875,1746180068.6102722,4633,0.1566685140132904,0.02688172087073326,0.009765625,7117824.0,-0.8883090615272522,0.0,1.0,0.0,0.79157555103302,7117824.0,4634,74.01612854003906,0.79157555103302,0.33220160007476807,36824,36824,1.0
32.1484375,74.01612854003906,4650,0.222538024187088,-0.8629016280174255,0.02688172087073326,0.010416666977107525,0.34874749183654785,1881.44996964,32.1484375,1746180074.9477048,4649,0.222538024187088,0.02688172087073326,0.010416666977107525,7142400.0,-0.8629016280174255,0.0,1.0,0.0,0.79157555103302,7142400.0,4650,74.01612854003906,0.79157555103302,0.34874749183654785,36952,36952,1.0
31.01171875,74.01612854003906,4658,0.21785280108451843,-0.8223949074745178,0.02688172087073326,0.00911458395421505,0.3311655521392822,1884.615585075,31.01171875,1746180078.1133726,4657,0.21785280108451843,0.02688172087073326,0.00911458395421505,7154688.0,-0.8223949074745178,0.0,1.0,0.0,0.79157555103302,7154688.0,4658,74.01612854003906,0.79157555103302,0.3311655521392822,37016,37016,1.0
32.01171875,74.01612854003906,4659,0.2323322296142578,-0.7958770394325256,0.02688172087073326,0.00911458395421505,0.33931344747543335,1885.011091803,32.01171875,1746180078.508878,4658,0.2323322296142578,0.02688172087073326,0.00911458395421505,7156224.0,-0.7958770394325256,0.0,1.0,0.0,0.79157555103302,7156224.0,4659,74.01612854003906,0.79157555103302,0.33931344747543335,37024,37024,1.0
32.091148376464844,74.01612854003906,4662,0.28601235151290894,-0.8768197298049927,0.02688172087073326,0.01171875,0.3463183641433716,1886.198100681,32.091148376464844,1746180079.695902,4661,0.28601235151290894,0.02688172087073326,0.01171875,7160832.0,-0.8768197298049927,0.0,1.0,0.0,0.79157555103302,7160832.0,4662,74.01612854003906,0.79157555103302,0.3463183641433716,37048,37048,1.0
31.955730438232422,74.01612854003906,4674,0.19174498319625854,-0.831466019153595,0.02688172087073326,0.00911458395421505,0.343361496925354,1890.94697685,31.955730438232422,1746180084.4447806,4673,0.19174498319625854,0.02688172087073326,0.00911458395421505,7179264.0,-0.831466019153595,0.0,1.0,0.0,0.79157555103302,7179264.0,4674,74.01612854003906,0.79157555103302,0.343361496925354,37144,37144,1.0
30.877605438232422,74.01612854003906,4675,0.22316351532936096,-0.8002433180809021,0.02688172087073326,0.010416666977107525,0.31506696343421936,1891.342497771,30.877605438232422,1746180084.8403084,4674,0.22316351532936096,0.02688172087073326,0.010416666977107525,7180800.0,-0.8002433180809021,0.0,1.0,0.0,0.79157555103302,7180800.0,4675,74.01612854003906,0.79157555103302,0.31506696343421936,37152,37152,1.0
31.772136688232422,74.01612854003906,4700,0.26170700788497925,-0.828362762928009,0.02688172087073326,0.01106770895421505,0.33802151679992676,1901.242987587,31.772136688232422,1746180094.740768,4699,0.26170700788497925,0.02688172087073326,0.01106770895421505,7219200.0,-0.828362762928009,0.0,1.0,0.0,0.79157555103302,7219200.0,4700,74.01612854003906,0.79157555103302,0.33802151679992676,37352,37352,1.0
31.94270896911621,74.01612854003906,4715,0.24810127913951874,-0.8988319635391235,0.02688172087073326,0.01171875,0.32575422525405884,1907.182382905,31.94270896911621,1746180100.6802015,4714,0.24810127913951874,0.02688172087073326,0.01171875,7242240.0,-0.8988319635391235,0.0,1.0,0.0,0.79157555103302,7242240.0,4715,74.01612854003906,0.79157555103302,0.32575422525405884,37472,37472,1.0
30.88411521911621,74.01612854003906,4719,0.2989271283149719,-0.9361853003501892,0.02688172087073326,0.009765625,0.33607715368270874,1908.764986592,30.88411521911621,1746180102.2627983,4718,0.2989271283149719,0.02688172087073326,0.009765625,7248384.0,-0.9361853003501892,0.0,1.0,0.0,0.79157555103302,7248384.0,4719,74.01612854003906,0.79157555103302,0.33607715368270874,37504,37504,1.0
30.71224021911621,74.01612854003906,4727,0.31150156259536743,-0.9155212640762329,0.02688172087073326,0.008463541977107525,0.32053637504577637,1911.930680235,30.71224021911621,1746180105.4284952,4726,0.31150156259536743,0.02688172087073326,0.008463541977107525,7260672.0,-0.9155212640762329,0.0,1.0,0.0,0.79157555103302,7260672.0,4727,74.01612854003906,0.79157555103302,0.32053637504577637,37568,37568,1.0
31.39974021911621,74.01612854003906,4731,0.2925987243652344,-0.9449336528778076,0.02688172087073326,0.009765625,0.3169214129447937,1913.513001669,31.39974021911621,1746180107.0107942,4730,0.2925987243652344,0.02688172087073326,0.009765625,7266816.0,-0.9449336528778076,0.0,1.0,0.0,0.79157555103302,7266816.0,4731,74.01612854003906,0.79157555103302,0.3169214129447937,37600,37600,1.0
29.365886688232422,74.01612854003906,4749,0.18769493699073792,-1.0241543054580688,0.02688172087073326,0.008463541977107525,0.29388678073883057,1920.658272185,29.365886688232422,1746180114.1560721,4748,0.18769493699073792,0.02688172087073326,0.008463541977107525,7294464.0,-1.0241543054580688,0.0,1.0,0.0,0.79157555103302,7294464.0,4749,74.01612854003906,0.79157555103302,0.29388678073883057,37744,37744,1.0
30.67708396911621,74.01612854003906,4750,0.20317906141281128,-1.022017478942871,0.02688172087073326,0.008463541977107525,0.2998883128166199,1921.053799708,30.67708396911621,1746180114.551573,4749,0.20317906141281128,0.02688172087073326,0.008463541977107525,7296000.0,-1.022017478942871,0.0,1.0,0.0,0.79157555103302,7296000.0,4750,74.01612854003906,0.79157555103302,0.2998883128166199,37752,37752,1.0
31.404949188232422,74.01612854003906,4760,0.1944563388824463,-1.0146033763885498,0.02688172087073326,0.00911458395421505,0.338125079870224,1925.013643714,31.404949188232422,1746180118.511455,4759,0.1944563388824463,0.02688172087073326,0.00911458395421505,7311360.0,-1.0146033763885498,0.0,1.0,0.0,0.79157555103302,7311360.0,4760,74.01612854003906,0.79157555103302,0.338125079870224,37832,37832,1.0
30.057292938232422,74.01612854003906,4791,0.18650640547275543,-1.0229982137680054,0.02688172087073326,0.00911458395421505,0.3077384829521179,1937.281708975,30.057292938232422,1746180130.779516,4790,0.18650640547275543,0.02688172087073326,0.00911458395421505,7358976.0,-1.0229982137680054,0.0,1.0,0.0,0.79157555103302,7358976.0,4791,74.01612854003906,0.79157555103302,0.3077384829521179,38080,38080,1.0
31.209636688232422,74.01612854003906,4801,0.20532959699630737,-1.0168685913085938,0.02688172087073326,0.008463541977107525,0.3250923454761505,1941.241603697,31.209636688232422,1746180134.7394035,4800,0.20532959699630737,0.02688172087073326,0.008463541977107525,7374336.0,-1.0168685913085938,0.0,1.0,0.0,0.79157555103302,7374336.0,4801,74.01612854003906,0.79157555103302,0.3250923454761505,38160,38160,1.0
30.221355438232422,74.01612854003906,4807,0.2405930608510971,-1.0215510129928589,0.02688172087073326,0.0078125,0.3139268457889557,1943.619145635,30.221355438232422,1746180137.1169498,4806,0.2405930608510971,0.02688172087073326,0.0078125,7383552.0,-1.0215510129928589,0.0,1.0,0.0,0.79157555103302,7383552.0,4807,74.01612854003906,0.79157555103302,0.3139268457889557,38208,38208,1.0
31.475261688232422,74.01612854003906,4811,0.25347229838371277,-1.0699841976165771,0.02688172087073326,0.010416666977107525,0.35941046476364136,1945.202035512,31.475261688232422,1746180138.6998174,4810,0.25347229838371277,0.02688172087073326,0.010416666977107525,7389696.0,-1.0699841976165771,0.0201822929084301,1.0,0.0201822929084301,0.79157555103302,7389696.0,4811,74.01612854003906,0.79157555103302,0.35941046476364136,38240,38240,1.0
30.57942771911621,74.01612854003906,4836,0.22730979323387146,-0.9945894479751587,0.02688172087073326,0.00911458395421505,0.34199661016464233,1955.101525717,30.57942771911621,1746180148.5993347,4835,0.22730979323387146,0.02688172087073326,0.00911458395421505,7428096.0,-0.9945894479751587,0.0234375,1.0,0.0234375,0.79157555103302,7428096.0,4836,74.01612854003906,0.79157555103302,0.34199661016464233,38440,38440,1.0
32.02604293823242,74.01612854003906,4837,0.2530979812145233,-0.9584948420524597,0.02688172087073326,0.00911458395421505,0.3470776677131653,1955.497140109,32.02604293823242,1746180148.9949126,4836,0.2530979812145233,0.02688172087073326,0.00911458395421505,7429632.0,-0.9584948420524597,0.0,1.0,0.0,0.79157555103302,7429632.0,4837,74.01612854003906,0.79157555103302,0.3470776677131653,38448,38448,1.0
32.118492126464844,74.01612854003906,4852,0.28519678115844727,-1.0343658924102783,0.02688172087073326,0.01171875,0.3406218886375427,1961.43221949,32.118492126464844,1746180154.930009,4851,0.28519678115844727,0.02688172087073326,0.01171875,7452672.0,-1.0343658924102783,0.0,1.0,0.0,0.79157555103302,7452672.0,4852,74.01612854003906,0.79157555103302,0.3406218886375427,38568,38568,1.0
32.079429626464844,74.01612854003906,4853,0.2732084393501282,-1.0457665920257568,0.02688172087073326,0.010416666977107525,0.3475775122642517,1961.827833892,32.079429626464844,1746180155.3256288,4852,0.2732084393501282,0.02688172087073326,0.010416666977107525,7454208.0,-1.0457665920257568,0.0,1.0,0.0,0.79157555103302,7454208.0,4853,74.01612854003906,0.79157555103302,0.3475775122642517,38576,38576,1.0
31.39453125,74.01612854003906,4863,0.2941282093524933,-1.0125242471694946,0.02688172087073326,0.00911458395421505,0.31397318840026855,1965.788977054,31.39453125,1746180159.2867663,4862,0.2941282093524933,0.02688172087073326,0.00911458395421505,7469568.0,-1.0125242471694946,0.0,1.0,0.0,0.79157555103302,7469568.0,4863,74.01612854003906,0.79157555103302,0.31397318840026855,38656,38656,1.0
31.213542938232422,74.01612854003906,4871,0.2860074043273926,-1.0682096481323242,0.02688172087073326,0.01106770895421505,0.3330497145652771,1968.953803243,31.213542938232422,1746180162.451589,4870,0.2860074043273926,0.02688172087073326,0.01106770895421505,7481856.0,-1.0682096481323242,0.0,1.0,0.0,0.79157555103302,7481856.0,4871,74.01612854003906,0.79157555103302,0.3330497145652771,38720,38720,1.0
30.6328125,74.90875244140625,4882,0.2124946415424347,-1.1849162578582764,0.04283054172992706,0.00911458395421505,0.31869086623191833,1973.40685531,30.6328125,1746180166.9046443,4881,0.2124946415424347,0.04283054172992706,0.00911458395421505,7498752.0,-1.1849162578582764,0.0,1.0,0.0,0.8281142115592957,7498752.0,4882,74.90875244140625,0.8281142115592957,0.31869086623191833,38808,38808,1.0
31.22005271911621,74.90875244140625,4885,0.27311521768569946,-1.1231906414031982,0.04283054172992706,0.010416666977107525,0.32807835936546326,1974.593928169,31.22005271911621,1746180168.0917263,4884,0.27311521768569946,0.04283054172992706,0.010416666977107525,7503360.0,-1.1231906414031982,0.0,1.0,0.0,0.8281142115592957,7503360.0,4885,74.90875244140625,0.8281142115592957,0.32807835936546326,38832,38832,1.0
30.71875,74.90875244140625,4894,0.18934577703475952,-1.19156813621521,0.04283054172992706,0.008463541977107525,0.3138640820980072,1978.154878342,30.71875,1746180171.6526494,4893,0.18934577703475952,0.04283054172992706,0.008463541977107525,7517184.0,-1.19156813621521,0.0,1.0,0.0,0.8281142115592957,7517184.0,4894,74.90875244140625,0.8281142115592957,0.3138640820980072,38904,38904,1.0
29.91145896911621,74.90875244140625,4896,0.18662473559379578,-1.1947789192199707,0.04283054172992706,0.0078125,0.29502636194229126,1978.94590815,29.91145896911621,1746180172.443691,4895,0.18662473559379578,0.04283054172992706,0.0078125,7520256.0,-1.1947789192199707,0.0,1.0,0.0,0.8281142115592957,7520256.0,4896,74.90875244140625,0.8281142115592957,0.29502636194229126,38920,38920,1.0
32.075523376464844,74.90875244140625,4899,0.2059023380279541,-1.1603856086730957,0.04283054172992706,0.00911458395421505,0.3633768558502197,1980.132829484,32.075523376464844,1746180173.6306317,4898,0.2059023380279541,0.04283054172992706,0.00911458395421505,7524864.0,-1.1603856086730957,0.029296875,1.0,0.029296875,0.8281142115592957,7524864.0,4899,74.90875244140625,0.8281142115592957,0.3633768558502197,38944,38944,1.0
31.252605438232422,74.90875244140625,4909,0.26201626658439636,-1.1466608047485352,0.04283054172992706,0.0078125,0.3251708745956421,1984.096181188,31.252605438232422,1746180177.5939677,4908,0.26201626658439636,0.04283054172992706,0.0078125,7540224.0,-1.1466608047485352,0.0,1.0,0.0,0.8281142115592957,7540224.0,4909,74.90875244140625,0.8281142115592957,0.3251708745956421,39024,39024,1.0
31.7734375,74.90875244140625,4917,0.21051320433616638,-1.2074127197265625,0.04283054172992706,0.00911458395421505,0.3514620065689087,1987.260908119,31.7734375,1746180180.758707,4916,0.21051320433616638,0.04283054172992706,0.00911458395421505,7552512.0,-1.2074127197265625,0.0,1.0,0.0,0.8281142115592957,7552512.0,4917,74.90875244140625,0.8281142115592957,0.3514620065689087,39088,39088,1.0
31.859375,74.90875244140625,4919,0.204483300447464,-1.2248954772949219,0.04283054172992706,0.010416666977107525,0.39915260672569275,1988.052092889,31.859375,1746180181.5498664,4918,0.204483300447464,0.04283054172992706,0.010416666977107525,7555584.0,-1.2248954772949219,0.0572916679084301,1.0,0.0572916679084301,0.8281142115592957,7555584.0,4919,74.90875244140625,0.8281142115592957,0.39915260672569275,39104,39104,1.0
31.89583396911621,74.90875244140625,4936,0.22740209102630615,-1.2374299764633179,0.04283054172992706,0.009765625,0.3264443278312683,1994.778518036,31.89583396911621,1746180188.2763367,4935,0.22740209102630615,0.04283054172992706,0.009765625,7581696.0,-1.2374299764633179,0.0,1.0,0.0,0.8281142115592957,7581696.0,4936,74.90875244140625,0.8281142115592957,0.3264443278312683,39240,39240,1.0
32.169273376464844,74.90875244140625,4948,0.16117805242538452,-1.277336597442627,0.04283054172992706,0.010416666977107525,0.3438792824745178,1999.533919674,32.169273376464844,1746180193.0317295,4947,0.16117805242538452,0.04283054172992706,0.010416666977107525,7600128.0,-1.277336597442627,0.0,1.0,0.0,0.8281142115592957,7600128.0,4948,74.90875244140625,0.8281142115592957,0.3438792824745178,39336,39336,1.0
31.96875,74.90875244140625,4950,0.20941540598869324,-1.2421934604644775,0.04283054172992706,0.010416666977107525,0.3341585397720337,2000.325030455,31.96875,1746180193.822836,4949,0.20941540598869324,0.04283054172992706,0.010416666977107525,7603200.0,-1.2421934604644775,0.0,1.0,0.0,0.8281142115592957,7603200.0,4950,74.90875244140625,0.8281142115592957,0.3341585397720337,39352,39352,1.0
32.2578125,74.90875244140625,4951,0.22507473826408386,-1.2831063270568848,0.04283054172992706,0.00911458395421505,0.33661556243896484,2000.72078914,32.2578125,1746180194.2186184,4950,0.22507473826408386,0.04283054172992706,0.00911458395421505,7604736.0,-1.2831063270568848,0.0,1.0,0.0,0.8281142115592957,7604736.0,4951,74.90875244140625,0.8281142115592957,0.33661556243896484,39360,39360,1.0
31.545574188232422,74.90875244140625,4958,0.14327165484428406,-1.3136711120605469,0.04283054172992706,0.00911458395421505,0.33611416816711426,2003.489907049,31.545574188232422,1746180196.9877205,4957,0.14327165484428406,0.04283054172992706,0.00911458395421505,7615488.0,-1.3136711120605469,0.0,1.0,0.0,0.8281142115592957,7615488.0,4958,74.90875244140625,0.8281142115592957,0.33611416816711426,39416,39416,1.0
31.46875,74.90875244140625,4961,0.13606137037277222,-1.324244499206543,0.04283054172992706,0.008463541977107525,0.3267560601234436,2004.676951745,31.46875,1746180198.1747575,4960,0.13606137037277222,0.04283054172992706,0.008463541977107525,7620096.0,-1.324244499206543,0.0,1.0,0.0,0.8281142115592957,7620096.0,4961,74.90875244140625,0.8281142115592957,0.3267560601234436,39440,39440,1.0
31.682292938232422,74.90875244140625,4977,0.16231265664100647,-1.3274352550506592,0.04283054172992706,0.008463541977107525,0.35043463110923767,2011.014150605,31.682292938232422,1746180204.5119257,4976,0.16231265664100647,0.04283054172992706,0.008463541977107525,7644672.0,-1.3274352550506592,0.0,1.0,0.0,0.8281142115592957,7644672.0,4977,74.90875244140625,0.8281142115592957,0.35043463110923767,39568,39568,1.0
30.68099021911621,74.90875244140625,4991,0.12916845083236694,-1.2787389755249023,0.04283054172992706,0.008463541977107525,0.35716530680656433,2016.555363235,30.68099021911621,1746180210.0531623,4990,0.12916845083236694,0.04283054172992706,0.008463541977107525,7666176.0,-1.2787389755249023,0.025390625,1.0,0.025390625,0.8281142115592957,7666176.0,4991,74.90875244140625,0.8281142115592957,0.35716530680656433,39680,39680,1.0
31.5390625,74.90875244140625,5011,0.14713779091835022,-1.2240855693817139,0.04283054172992706,0.010416666977107525,0.35320907831192017,2024.470566005,31.5390625,1746180217.9683654,5010,0.14713779091835022,0.04283054172992706,0.010416666977107525,7696896.0,-1.2240855693817139,0.0,1.0,0.0,0.8281142115592957,7696896.0,5011,74.90875244140625,0.8281142115592957,0.35320907831192017,39840,39840,1.0
31.39583396911621,74.90875244140625,5036,0.13649718463420868,-1.2690157890319824,0.04283054172992706,0.00911458395421505,0.3052576780319214,2034.370310873,31.39583396911621,1746180227.8680937,5035,0.13649718463420868,0.04283054172992706,0.00911458395421505,7735296.0,-1.2690157890319824,0.0,1.0,0.0,0.8281142115592957,7735296.0,5036,74.90875244140625,0.8281142115592957,0.3052576780319214,40040,40040,1.0
30.64453125,74.90875244140625,5039,0.10840509831905365,-1.2959637641906738,0.04283054172992706,0.008463541977107525,0.3154904544353485,2035.557165645,30.64453125,1746180229.0549362,5038,0.10840509831905365,0.04283054172992706,0.008463541977107525,7739904.0,-1.2959637641906738,0.0,1.0,0.0,0.8281142115592957,7739904.0,5039,74.90875244140625,0.8281142115592957,0.3154904544353485,40064,40064,1.0
31.68099021911621,74.90875244140625,5058,0.12743906676769257,-1.2343146800994873,0.04283054172992706,0.008463541977107525,0.3348422944545746,2043.07537076,31.68099021911621,1746180236.5731854,5057,0.12743906676769257,0.04283054172992706,0.008463541977107525,7769088.0,-1.2343146800994873,0.0,1.0,0.0,0.8281142115592957,7769088.0,5058,74.90875244140625,0.8281142115592957,0.3348422944545746,40216,40216,1.0
32.140625,74.90875244140625,5094,0.1297057867050171,-1.174593448638916,0.04283054172992706,0.00911458395421505,0.35471415519714355,2057.321301325,32.140625,1746180250.819092,5093,0.1297057867050171,0.04283054172992706,0.00911458395421505,7824384.0,-1.174593448638916,0.0,1.0,0.0,0.8281142115592957,7824384.0,5094,74.90875244140625,0.8281142115592957,0.35471415519714355,40504,40504,1.0
30.983074188232422,74.90875244140625,5107,0.138849139213562,-1.1702678203582764,0.04283054172992706,0.009765625,0.3797873854637146,2062.467775532,30.983074188232422,1746180255.965561,5106,0.138849139213562,0.04283054172992706,0.009765625,7844352.0,-1.1702678203582764,0.0279947929084301,1.0,0.0279947929084301,0.8281142115592957,7844352.0,5107,74.90875244140625,0.8281142115592957,0.3797873854637146,40608,40608,1.0
31.151042938232422,74.90875244140625,5148,0.12367451190948486,-1.2132844924926758,0.04283054172992706,0.00911458395421505,0.3816298842430115,2078.6957716,31.151042938232422,1746180272.1935768,5147,0.12367451190948486,0.04283054172992706,0.00911458395421505,7907328.0,-1.2132844924926758,0.0358072929084301,1.0,0.0358072929084301,0.8281142115592957,7907328.0,5148,74.90875244140625,0.8281142115592957,0.3816298842430115,40936,40936,1.0
31.8203125,74.90875244140625,5150,0.12427304685115814,-1.2127578258514404,0.04283054172992706,0.010416666977107525,0.35452088713645935,2079.487015258,31.8203125,1746180272.9847922,5149,0.12427304685115814,0.04283054172992706,0.010416666977107525,7910400.0,-1.2127578258514404,0.0,1.0,0.0,0.8281142115592957,7910400.0,5150,74.90875244140625,0.8281142115592957,0.35452088713645935,40952,40952,1.0
31.354167938232422,74.90875244140625,5156,0.11818602681159973,-1.2296984195709229,0.04283054172992706,0.008463541977107525,0.32877689599990845,2081.864685643,31.354167938232422,1746180275.3624785,5155,0.11818602681159973,0.04283054172992706,0.008463541977107525,7919616.0,-1.2296984195709229,0.0,1.0,0.0,0.8281142115592957,7919616.0,5156,74.90875244140625,0.8281142115592957,0.32877689599990845,41000,41000,1.0
30.260417938232422,74.90875244140625,5162,0.13051863014698029,-1.1729274988174438,0.04283054172992706,0.008463541977107525,0.3272726237773895,2084.239325584,30.260417938232422,1746180277.7371173,5161,0.13051863014698029,0.04283054172992706,0.008463541977107525,7928832.0,-1.1729274988174438,0.0,1.0,0.0,0.8281142115592957,7928832.0,5162,74.90875244140625,0.8281142115592957,0.3272726237773895,41048,41048,1.0
31.859375,74.90875244140625,5168,0.14894455671310425,-1.1898852586746216,0.04283054172992706,0.008463541977107525,0.342281699180603,2086.614473592,31.859375,1746180280.1122644,5167,0.14894455671310425,0.04283054172992706,0.008463541977107525,7938048.0,-1.1898852586746216,0.0,1.0,0.0,0.8281142115592957,7938048.0,5168,74.90875244140625,0.8281142115592957,0.342281699180603,41096,41096,1.0
30.13411521911621,74.90875244140625,5171,0.16004569828510284,-1.2188446521759033,0.04283054172992706,0.008463541977107525,0.3539208173751831,2087.801094882,30.13411521911621,1746180281.298891,5170,0.16004569828510284,0.04283054172992706,0.008463541977107525,7942656.0,-1.2188446521759033,0.02669270895421505,1.0,0.02669270895421505,0.8281142115592957,7942656.0,5171,74.90875244140625,0.8281142115592957,0.3539208173751831,41120,41120,1.0
30.916667938232422,74.90875244140625,5176,0.1403850018978119,-1.137374758720398,0.04283054172992706,0.008463541977107525,0.3714313209056854,2089.798717845,30.916667938232422,1746180283.2965183,5175,0.1403850018978119,0.04283054172992706,0.008463541977107525,7950336.0,-1.137374758720398,0.0260416679084301,1.0,0.0260416679084301,0.8281142115592957,7950336.0,5176,74.90875244140625,0.8281142115592957,0.3714313209056854,41160,41160,1.0
31.02734375,74.90875244140625,5177,0.13060790300369263,-1.1540915966033936,0.04283054172992706,0.0078125,0.3559436798095703,2090.194310554,31.02734375,1746180283.6921103,5176,0.13060790300369263,0.04283054172992706,0.0078125,7951872.0,-1.1540915966033936,0.02083333395421505,1.0,0.02083333395421505,0.8281142115592957,7951872.0,5177,74.90875244140625,0.8281142115592957,0.3559436798095703,41168,41168,1.0
31.8828125,74.90875244140625,5178,0.1529826819896698,-1.1180028915405273,0.04283054172992706,0.00911458395421505,0.39498910307884216,2090.590382578,31.8828125,1746180284.088209,5177,0.1529826819896698,0.04283054172992706,0.00911458395421505,7953408.0,-1.1180028915405273,0.03059895895421505,1.0,0.03059895895421505,0.8281142115592957,7953408.0,5178,74.90875244140625,0.8281142115592957,0.39498910307884216,41176,41176,1.0
31.87630271911621,74.90875244140625,5182,0.10887497663497925,-1.1996864080429077,0.04283054172992706,0.00911458395421505,0.39623773097991943,2092.172774874,31.87630271911621,1746180285.670549,5181,0.10887497663497925,0.04283054172992706,0.00911458395421505,7959552.0,-1.1996864080429077,0.0299479179084301,1.0,0.0299479179084301,0.8281142115592957,7959552.0,5182,74.90875244140625,0.8281142115592957,0.39623773097991943,41208,41208,1.0
30.75130271911621,74.90875244140625,5188,0.12552228569984436,-1.1827309131622314,0.04283054172992706,0.008463541977107525,0.3327592611312866,2094.547504713,30.75130271911621,1746180288.045293,5187,0.12552228569984436,0.04283054172992706,0.008463541977107525,7968768.0,-1.1827309131622314,0.0,1.0,0.0,0.8281142115592957,7968768.0,5188,74.90875244140625,0.8281142115592957,0.3327592611312866,41256,41256,1.0
30.93099021911621,74.90875244140625,5191,0.11974827945232391,-1.162473440170288,0.04283054172992706,0.0078125,0.3536407947540283,2095.734053295,30.93099021911621,1746180289.2318532,5190,0.11974827945232391,0.04283054172992706,0.0078125,7973376.0,-1.162473440170288,0.0201822929084301,1.0,0.0201822929084301,0.8281142115592957,7973376.0,5191,74.90875244140625,0.8281142115592957,0.3536407947540283,41280,41280,1.0
31.436199188232422,76.50569915771484,5216,0.1096501275897026,-1.1072494983673096,0.14638783037662506,0.010416666977107525,0.4191637933254242,2105.728596331,31.436199188232422,1746180299.2263985,5215,0.1096501275897026,0.14638783037662506,0.010416666977107525,8011776.0,-1.1072494983673096,0.0553385429084301,1.0,0.0553385429084301,0.987805962562561,8011776.0,5216,76.50569915771484,0.987805962562561,0.4191637933254242,41480,41480,1.0
30.97786521911621,76.50569915771484,5217,0.11210118979215622,-1.115072250366211,0.14638783037662506,0.008463541977107525,0.4174348711967468,2106.124312714,30.97786521911621,1746180299.6221066,5216,0.11210118979215622,0.14638783037662506,0.008463541977107525,8013312.0,-1.115072250366211,0.0625,1.0,0.0625,0.987805962562561,8013312.0,5217,76.50569915771484,0.987805962562561,0.4174348711967468,41488,41488,1.0
31.21224021911621,76.50569915771484,5236,0.13571612536907196,-1.03739333152771,0.14638783037662506,0.00911458395421505,0.4239078760147095,2113.642117204,31.21224021911621,1746180307.1398973,5235,0.13571612536907196,0.14638783037662506,0.00911458395421505,8042496.0,-1.03739333152771,0.0690104216337204,1.0,0.0690104216337204,0.987805962562561,8042496.0,5236,76.50569915771484,0.987805962562561,0.4239078760147095,41640,41640,1.0
31.600261688232422,76.50569915771484,5242,0.13137181103229523,-1.067710041999817,0.14638783037662506,0.0078125,0.4303453862667084,2116.016027234,31.600261688232422,1746180309.5137694,5241,0.13137181103229523,0.14638783037662506,0.0078125,8051712.0,-1.067710041999817,0.0696614608168602,1.0,0.0696614608168602,0.987805962562561,8051712.0,5242,76.50569915771484,0.987805962562561,0.4303453862667084,41688,41688,1.0
30.78645896911621,76.50569915771484,5257,0.1598982959985733,-0.9986541271209717,0.14638783037662506,0.00911458395421505,0.35693344473838806,2121.954046994,30.78645896911621,1746180315.4518456,5256,0.1598982959985733,0.14638783037662506,0.00911458395421505,8074752.0,-0.9986541271209717,0.033203125,1.0,0.033203125,0.987805962562561,8074752.0,5257,76.50569915771484,0.987805962562561,0.35693344473838806,41808,41808,1.0
32.328125,76.50569915771484,5264,0.1586693823337555,-1.0242935419082642,0.14638783037662506,0.009765625,0.35829266905784607,2124.724214609,32.328125,1746180318.2220135,5263,0.1586693823337555,0.14638783037662506,0.009765625,8085504.0,-1.0242935419082642,0.0,1.0,0.0,0.987805962562561,8085504.0,5264,76.50569915771484,0.987805962562561,0.35829266905784607,41864,41864,1.0
31.08203125,76.50569915771484,5266,0.18202397227287292,-0.9623764753341675,0.14638783037662506,0.00911458395421505,0.37383362650871277,2125.515444641,31.08203125,1746180319.0132468,5265,0.18202397227287292,0.14638783037662506,0.00911458395421505,8088576.0,-0.9623764753341675,0.02669270895421505,1.0,0.02669270895421505,0.987805962562561,8088576.0,5266,76.50569915771484,0.987805962562561,0.37383362650871277,41880,41880,1.0
30.9921875,76.50569915771484,5284,0.1394350379705429,-1.0837469100952148,0.14638783037662506,0.008463541977107525,0.36748990416526794,2132.64283911,30.9921875,1746180326.1406434,5283,0.1394350379705429,0.14638783037662506,0.008463541977107525,8116224.0,-1.0837469100952148,0.0240885429084301,1.0,0.0240885429084301,0.987805962562561,8116224.0,5284,76.50569915771484,0.987805962562561,0.36748990416526794,42024,42024,1.0
30.733074188232422,76.50569915771484,5307,0.11530903726816177,-1.056941032409668,0.14638783037662506,0.008463541977107525,0.3344961106777191,2141.748812105,30.733074188232422,1746180335.2465987,5306,0.11530903726816177,0.14638783037662506,0.008463541977107525,8151552.0,-1.056941032409668,0.0,1.0,0.0,0.987805962562561,8151552.0,5307,76.50569915771484,0.987805962562561,0.3344961106777191,42208,42208,1.0
30.81380271911621,76.50569915771484,5311,0.13307106494903564,-1.0163921117782593,0.14638783037662506,0.008463541977107525,0.3394794166088104,2143.331155569,30.81380271911621,1746180336.8289452,5310,0.13307106494903564,0.14638783037662506,0.008463541977107525,8157696.0,-1.0163921117782593,0.0,1.0,0.0,0.987805962562561,8157696.0,5311,76.50569915771484,0.987805962562561,0.3394794166088104,42240,42240,1.0
31.75520896911621,76.50569915771484,5339,0.166612908244133,-1.0437722206115723,0.14638783037662506,0.008463541977107525,0.36810585856437683,2154.416981282,31.75520896911621,1746180347.914755,5338,0.166612908244133,0.14638783037662506,0.008463541977107525,8200704.0,-1.0437722206115723,0.0,1.0,0.0,0.987805962562561,8200704.0,5339,76.50569915771484,0.987805962562561,0.36810585856437683,42464,42464,1.0
30.404949188232422,76.50569915771484,5344,0.10444037616252899,-1.0469404458999634,0.14638783037662506,0.009765625,0.32870057225227356,2156.396094268,30.404949188232422,1746180349.8938675,5343,0.10444037616252899,0.14638783037662506,0.009765625,8208384.0,-1.0469404458999634,0.0,1.0,0.0,0.987805962562561,8208384.0,5344,76.50569915771484,0.987805962562561,0.32870057225227356,42504,42504,1.0
31.311199188232422,76.50569915771484,5367,0.09549529105424881,-1.030641794204712,0.14638783037662506,0.008463541977107525,0.36222124099731445,2165.507367754,31.311199188232422,1746180359.0050797,5366,0.09549529105424881,0.14638783037662506,0.008463541977107525,8243712.0,-1.030641794204712,0.0279947929084301,1.0,0.0279947929084301,0.987805962562561,8243712.0,5367,76.50569915771484,0.987805962562561,0.36222124099731445,42688,42688,1.0
31.91015625,76.50569915771484,5374,0.1333010196685791,-1.0617527961730957,0.14638783037662506,0.01106770895421505,0.36916908621788025,2168.27807643,31.91015625,1746180361.7758577,5373,0.1333010196685791,0.14638783037662506,0.01106770895421505,8254464.0,-1.0617527961730957,0.0,1.0,0.0,0.987805962562561,8254464.0,5374,76.50569915771484,0.987805962562561,0.36916908621788025,42744,42744,1.0
31.764324188232422,76.50569915771484,5377,0.1708492785692215,-1.075188159942627,0.14638783037662506,0.01171875,0.4194386899471283,2169.464893052,31.764324188232422,1746180362.9626641,5376,0.1708492785692215,0.14638783037662506,0.01171875,8259072.0,-1.075188159942627,0.0638020858168602,1.0,0.0638020858168602,0.987805962562561,8259072.0,5377,76.50569915771484,0.987805962562561,0.4194386899471283,42768,42768,1.0
31.46484375,76.50569915771484,5396,0.08885087072849274,-1.0974805355072021,0.14638783037662506,0.008463541977107525,0.3857590854167938,2176.990669073,31.46484375,1746180370.4884422,5395,0.08885087072849274,0.14638783037662506,0.008463541977107525,8288256.0,-1.0974805355072021,0.0377604179084301,1.0,0.0377604179084301,0.987805962562561,8288256.0,5396,76.50569915771484,0.987805962562561,0.3857590854167938,42920,42920,1.0
32.0,76.50569915771484,5403,0.10630570352077484,-1.048327922821045,0.14638783037662506,0.009765625,0.4566677510738373,2179.761085304,32.0,1746180373.258882,5402,0.10630570352077484,0.14638783037662506,0.009765625,8299008.0,-1.048327922821045,0.0748697966337204,1.0,0.0748697966337204,0.987805962562561,8299008.0,5403,76.50569915771484,0.987805962562561,0.4566677510738373,42976,42976,1.0
31.479167938232422,76.50569915771484,5410,0.10389677435159683,-1.051161527633667,0.14638783037662506,0.008463541977107525,0.35986167192459106,2182.533883965,31.479167938232422,1746180376.031679,5409,0.10389677435159683,0.14638783037662506,0.008463541977107525,8309760.0,-1.051161527633667,0.0,1.0,0.0,0.987805962562561,8309760.0,5410,76.50569915771484,0.987805962562561,0.35986167192459106,43032,43032,1.0
31.62109375,76.50569915771484,5418,0.11172305047512054,-1.014563798904419,0.14638783037662506,0.010416666977107525,0.38932186365127563,2185.700030976,31.62109375,1746180379.1978097,5417,0.11172305047512054,0.14638783037662506,0.010416666977107525,8322048.0,-1.014563798904419,0.03059895895421505,1.0,0.03059895895421505,0.987805962562561,8322048.0,5418,76.50569915771484,0.987805962562561,0.38932186365127563,43096,43096,1.0
31.8203125,76.50569915771484,5423,0.12904825806617737,-1.1123217344284058,0.14638783037662506,0.010416666977107525,0.35062775015830994,2187.678335097,31.8203125,1746180381.1761262,5422,0.12904825806617737,0.14638783037662506,0.010416666977107525,8329728.0,-1.1123217344284058,0.0,1.0,0.0,0.987805962562561,8329728.0,5423,76.50569915771484,0.987805962562561,0.35062775015830994,43136,43136,1.0
30.9609375,76.50569915771484,5438,0.12021711468696594,-1.0343056917190552,0.14638783037662506,0.0078125,0.3930198550224304,2193.620527741,30.9609375,1746180387.1183321,5437,0.12021711468696594,0.14638783037662506,0.0078125,8352768.0,-1.0343056917190552,0.048828125,1.0,0.048828125,0.987805962562561,8352768.0,5438,76.50569915771484,0.987805962562561,0.3930198550224304,43256,43256,1.0
31.06380271911621,76.50569915771484,5443,0.13175830245018005,-0.9600025415420532,0.14638783037662506,0.00911458395421505,0.3451097011566162,2195.60007466,31.06380271911621,1746180389.097858,5442,0.13175830245018005,0.14638783037662506,0.00911458395421505,8360448.0,-0.9600025415420532,0.0,1.0,0.0,0.987805962562561,8360448.0,5443,76.50569915771484,0.987805962562561,0.3451097011566162,43296,43296,1.0
31.93880271911621,76.50569915771484,5447,0.13670918345451355,-1.0381406545639038,0.14638783037662506,0.0078125,0.541252613067627,2197.182604298,31.93880271911621,1746180390.6804092,5446,0.13670918345451355,0.14638783037662506,0.0078125,8366592.0,-1.0381406545639038,0.1516927182674408,1.0,0.1516927182674408,0.987805962562561,8366592.0,5447,76.50569915771484,0.987805962562561,0.541252613067627,43328,43328,1.0
30.971355438232422,76.50569915771484,5455,0.1555221974849701,-0.9651175141334534,0.14638783037662506,0.008463541977107525,0.45439666509628296,2200.347670448,30.971355438232422,1746180393.8454862,5454,0.1555221974849701,0.14638783037662506,0.008463541977107525,8378880.0,-0.9651175141334534,0.09765625,1.0,0.09765625,0.987805962562561,8378880.0,5455,76.50569915771484,0.987805962562561,0.45439666509628296,43392,43392,1.0
30.609375,76.50569915771484,5457,0.13685259222984314,-0.9539312124252319,0.14638783037662506,0.008463541977107525,0.41396254301071167,2201.138758213,30.609375,1746180394.6365547,5456,0.13685259222984314,0.14638783037662506,0.008463541977107525,8381952.0,-0.9539312124252319,0.07421875,1.0,0.07421875,0.987805962562561,8381952.0,5457,76.50569915771484,0.987805962562561,0.41396254301071167,43408,43408,1.0
30.91796875,76.50569915771484,5474,0.1352802813053131,-1.0296180248260498,0.14638783037662506,0.00911458395421505,0.3563705086708069,2207.870498353,30.91796875,1746180401.3682985,5473,0.1352802813053131,0.14638783037662506,0.00911458395421505,8408064.0,-1.0296180248260498,0.02734375,1.0,0.02734375,0.987805962562561,8408064.0,5474,76.50569915771484,0.987805962562561,0.3563705086708069,43544,43544,1.0
31.240886688232422,76.50569915771484,5521,0.16083404421806335,-1.000129222869873,0.14638783037662506,0.008463541977107525,0.38041049242019653,2226.476185605,31.240886688232422,1746180419.973975,5520,0.16083404421806335,0.14638783037662506,0.008463541977107525,8480256.0,-1.000129222869873,0.0299479179084301,1.0,0.0299479179084301,0.987805962562561,8480256.0,5521,76.50569915771484,0.987805962562561,0.38041049242019653,43920,43920,1.0
31.881511688232422,76.50569915771484,5522,0.18820959329605103,-1.0096439123153687,0.14638783037662506,0.009765625,0.3912465572357178,2226.872027135,31.881511688232422,1746180420.3698123,5521,0.18820959329605103,0.14638783037662506,0.009765625,8481792.0,-1.0096439123153687,0.03515625,1.0,0.03515625,0.987805962562561,8481792.0,5522,76.50569915771484,0.987805962562561,0.3912465572357178,43928,43928,1.0
31.23177146911621,74.93966674804688,5530,0.19665218889713287,-1.0184965133666992,0.19561243057250977,0.010416666977107525,0.5350043773651123,2230.135353682,31.23177146911621,1746180423.6331182,5529,0.19665218889713287,0.19561243057250977,0.010416666977107525,8494080.0,-1.0184965133666992,0.16015625,0.9999999403953552,0.16015625,1.0540199279785156,8494080.0,5530,74.93966674804688,1.0540199279785156,0.5350043773651123,43992,43992,0.9999999403953552
31.63671875,74.93966674804688,5532,0.15177401900291443,-1.0585007667541504,0.19561243057250977,0.010416666977107525,0.47792860865592957,2230.930008856,31.63671875,1746180424.4278028,5531,0.15177401900291443,0.19561243057250977,0.010416666977107525,8497152.0,-1.0585007667541504,0.095703125,0.9999999403953552,0.095703125,1.0540199279785156,8497152.0,5532,74.93966674804688,1.0540199279785156,0.47792860865592957,44008,44008,0.9999999403953552
31.59895896911621,74.93966674804688,5545,0.1119290292263031,-1.0996770858764648,0.19561243057250977,0.008463541977107525,0.42592653632164,2236.076602319,31.59895896911621,1746180429.5744016,5544,0.1119290292263031,0.19561243057250977,0.008463541977107525,8517120.0,-1.0996770858764648,0.06640625,0.9999999403953552,0.06640625,1.0540199279785156,8517120.0,5545,74.93966674804688,1.0540199279785156,0.42592653632164,44112,44112,0.9999999403953552
30.838542938232422,74.93966674804688,5546,0.10739779472351074,-1.0994110107421875,0.19561243057250977,0.00911458395421505,0.42921239137649536,2236.472547155,30.838542938232422,1746180429.9703324,5545,0.10739779472351074,0.19561243057250977,0.00911458395421505,8518656.0,-1.0994110107421875,0.0826822966337204,0.9999999403953552,0.0826822966337204,1.0540199279785156,8518656.0,5546,74.93966674804688,1.0540199279785156,0.42921239137649536,44120,44120,0.9999999403953552
30.08984375,74.93966674804688,5586,0.1453307718038559,-1.0159523487091064,0.19561243057250977,0.0078125,0.3627083897590637,2252.305664933,30.08984375,1746180445.8034317,5585,0.1453307718038559,0.19561243057250977,0.0078125,8580096.0,-1.0159523487091064,0.025390625,0.9999999403953552,0.025390625,1.0540199279785156,8580096.0,5586,74.93966674804688,1.0540199279785156,0.3627083897590637,44440,44440,0.9999999403953552
31.84765625,74.93966674804688,5590,0.1993846744298935,-1.023039698600769,0.19561243057250977,0.009765625,0.3971312940120697,2253.888072495,31.84765625,1746180447.385871,5589,0.1993846744298935,0.19561243057250977,0.009765625,8586240.0,-1.023039698600769,0.03125,0.9999999403953552,0.03125,1.0540199279785156,8586240.0,5590,74.93966674804688,1.0540199279785156,0.3971312940120697,44472,44472,0.9999999403953552
31.42578125,74.93966674804688,5600,0.15888068079948425,-1.0632416009902954,0.19561243057250977,0.0078125,0.40945467352867126,2257.84505232,31.42578125,1746180451.342827,5599,0.15888068079948425,0.19561243057250977,0.0078125,8601600.0,-1.0632416009902954,0.0546875,0.9999999403953552,0.0546875,1.0540199279785156,8601600.0,5600,74.93966674804688,1.0540199279785156,0.40945467352867126,44552,44552,0.9999999403953552
29.71484375,74.93966674804688,5606,0.1798601746559143,-0.9667655229568481,0.19561243057250977,0.008463541977107525,0.4844600558280945,2260.218769348,29.71484375,1746180453.7165613,5605,0.1798601746559143,0.19561243057250977,0.008463541977107525,8610816.0,-0.9667655229568481,0.1412760466337204,0.9999999403953552,0.1412760466337204,1.0540199279785156,8610816.0,5606,74.93966674804688,1.0540199279785156,0.4844600558280945,44600,44600,0.9999999403953552
30.93359375,74.93966674804688,5612,0.14245274662971497,-1.0029828548431396,0.19561243057250977,0.009765625,0.5418724417686462,2262.616617571,30.93359375,1746180456.1144333,5611,0.14245274662971497,0.19561243057250977,0.009765625,8620032.0,-1.0029828548431396,0.1673177182674408,0.9999999403953552,0.1673177182674408,1.0540199279785156,8620032.0,5612,74.93966674804688,1.0540199279785156,0.5418724417686462,44648,44648,0.9999999403953552
31.361980438232422,74.93966674804688,5613,0.15021641552448273,-0.9981998205184937,0.19561243057250977,0.008463541977107525,0.40374836325645447,2263.012230791,31.361980438232422,1746180456.510017,5612,0.15021641552448273,0.19561243057250977,0.008463541977107525,8621568.0,-0.9981998205184937,0.0384114608168602,0.9999999403953552,0.0384114608168602,1.0540199279785156,8621568.0,5613,74.93966674804688,1.0540199279785156,0.40374836325645447,44656,44656,0.9999999403953552
29.21614646911621,74.93966674804688,5625,0.17753061652183533,-0.989470362663269,0.19561243057250977,0.0078125,0.43520328402519226,2267.762633573,29.21614646911621,1746180461.2602985,5624,0.17753061652183533,0.19561243057250977,0.0078125,8640000.0,-0.989470362663269,0.103515625,0.9999999403953552,0.103515625,1.0540199279785156,8640000.0,5625,74.93966674804688,1.0540199279785156,0.43520328402519226,44752,44752,0.9999999403953552
31.66015625,74.93966674804688,5638,0.2878556251525879,-1.0608816146850586,0.19561243057250977,0.008463541977107525,0.3997536301612854,2272.914233341,31.66015625,1746180466.4120243,5637,0.2878556251525879,0.19561243057250977,0.008463541977107525,8659968.0,-1.0608816146850586,0.0403645858168602,0.9999999403953552,0.0403645858168602,1.0540199279785156,8659968.0,5638,74.93966674804688,1.0540199279785156,0.3997536301612854,44856,44856,0.9999999403953552
30.85286521911621,74.93966674804688,5644,0.22187776863574982,-1.078863263130188,0.19561243057250977,0.00911458395421505,0.3769151568412781,2275.288854806,30.85286521911621,1746180468.786665,5643,0.22187776863574982,0.19561243057250977,0.00911458395421505,8669184.0,-1.078863263130188,0.0260416679084301,0.9999999403953552,0.0260416679084301,1.0540199279785156,8669184.0,5644,74.93966674804688,1.0540199279785156,0.3769151568412781,44904,44904,0.9999999403953552
30.233074188232422,74.93966674804688,5653,0.2299036681652069,-1.0109522342681885,0.19561243057250977,0.0078125,0.36847585439682007,2278.850054409,30.233074188232422,1746180472.3478596,5652,0.2299036681652069,0.19561243057250977,0.0078125,8683008.0,-1.0109522342681885,0.0319010429084301,0.9999999403953552,0.0319010429084301,1.0540199279785156,8683008.0,5653,74.93966674804688,1.0540199279785156,0.36847585439682007,44976,44976,0.9999999403953552
31.037761688232422,74.93966674804688,5654,0.22186784446239471,-1.0244081020355225,0.19561243057250977,0.0078125,0.48099368810653687,2279.245670059,31.037761688232422,1746180472.7434485,5653,0.22186784446239471,0.19561243057250977,0.0078125,8684544.0,-1.0244081020355225,0.123046875,0.9999999403953552,0.123046875,1.0540199279785156,8684544.0,5654,74.93966674804688,1.0540199279785156,0.48099368810653687,44984,44984,0.9999999403953552
30.66927146911621,74.93966674804688,5687,0.1948910355567932,-1.1397600173950195,0.19561243057250977,0.0078125,0.5627998113632202,2292.307614854,30.66927146911621,1746180485.8054082,5686,0.1948910355567932,0.19561243057250977,0.0078125,8735232.0,-1.1397600173950195,0.1979166716337204,0.9999999403953552,0.1979166716337204,1.0540199279785156,8735232.0,5687,74.93966674804688,1.0540199279785156,0.5627998113632202,45248,45248,0.9999999403953552
30.8125,74.93966674804688,5693,0.2132885456085205,-1.1183497905731201,0.19561243057250977,0.00911458395421505,0.4510040879249573,2294.681912722,30.8125,1746180488.1797297,5692,0.2132885456085205,0.19561243057250977,0.00911458395421505,8744448.0,-1.1183497905731201,0.08984375,0.9999999403953552,0.08984375,1.0540199279785156,8744448.0,5693,74.93966674804688,1.0540199279785156,0.4510040879249573,45296,45296,0.9999999403953552
31.5,74.93966674804688,5702,0.18968968093395233,-1.0692253112792969,0.19561243057250977,0.0078125,0.48706841468811035,2298.245262614,31.5,1746180491.7430344,5701,0.18968968093395233,0.19561243057250977,0.0078125,8758272.0,-1.0692253112792969,0.1087239608168602,0.9999999403953552,0.1087239608168602,1.0540199279785156,8758272.0,5702,74.93966674804688,1.0540199279785156,0.48706841468811035,45368,45368,0.9999999403953552
31.428386688232422,74.93966674804688,5716,0.21597231924533844,-1.0248714685440063,0.19561243057250977,0.008463541977107525,0.4675828814506531,2303.789669048,31.428386688232422,1746180497.2874525,5715,0.21597231924533844,0.19561243057250977,0.008463541977107525,8779776.0,-1.0248714685440063,0.0963541716337204,0.9999999403953552,0.0963541716337204,1.0540199279785156,8779776.0,5716,74.93966674804688,1.0540199279785156,0.4675828814506531,45480,45480,0.9999999403953552
32.02213668823242,74.93966674804688,5720,0.21471132338047028,-1.085856318473816,0.19561243057250977,0.008463541977107525,0.4683789908885956,2305.37303327,32.02213668823242,1746180498.8708265,5719,0.21471132338047028,0.19561243057250977,0.008463541977107525,8785920.0,-1.085856318473816,0.0794270858168602,0.9999999403953552,0.0794270858168602,1.0540199279785156,8785920.0,5720,74.93966674804688,1.0540199279785156,0.4683789908885956,45512,45512,0.9999999403953552
30.5,74.93966674804688,5721,0.2259863317012787,-1.0544319152832031,0.19561243057250977,0.0078125,0.46715542674064636,2305.768634412,30.5,1746180499.266426,5720,0.2259863317012787,0.19561243057250977,0.0078125,8787456.0,-1.0544319152832031,0.11328125,0.9999999403953552,0.11328125,1.0540199279785156,8787456.0,5721,74.93966674804688,1.0540199279785156,0.46715542674064636,45520,45520,0.9999999403953552
30.49349021911621,74.93966674804688,5747,0.2537831664085388,-1.109953761100769,0.19561243057250977,0.008463541977107525,0.48029202222824097,2316.059211132,30.49349021911621,1746180509.5568879,5746,0.2537831664085388,0.19561243057250977,0.008463541977107525,8827392.0,-1.109953761100769,0.123046875,0.9999999403953552,0.123046875,1.0540199279785156,8827392.0,5747,74.93966674804688,1.0540199279785156,0.48029202222824097,45728,45728,0.9999999403953552
29.28645896911621,74.93966674804688,5762,0.2684907913208008,-1.1054465770721436,0.19561243057250977,0.0078125,0.4236423373222351,2321.999248495,29.28645896911621,1746180515.49702,5761,0.2684907913208008,0.19561243057250977,0.0078125,8850432.0,-1.1054465770721436,0.0930989608168602,0.9999999403953552,0.0930989608168602,1.0540199279785156,8850432.0,5762,74.93966674804688,1.0540199279785156,0.4236423373222351,45848,45848,0.9999999403953552
31.21484375,74.93966674804688,5809,0.26385194063186646,-1.0833978652954102,0.19561243057250977,0.0078125,0.46565625071525574,2340.599113444,31.21484375,1746180534.0969229,5808,0.26385194063186646,0.19561243057250977,0.0078125,8922624.0,-1.0833978652954102,0.0891927108168602,0.9999999403953552,0.0891927108168602,1.0540199279785156,8922624.0,5809,74.93966674804688,1.0540199279785156,0.46565625071525574,46224,46224,0.9999999403953552
31.276042938232422,78.84854125976562,5860,0.34568578004837036,-1.076149582862854,0.4718446433544159,0.0078125,0.5203275084495544,2360.893408396,31.276042938232422,1746180554.391213,5859,0.34568578004837036,0.4718446433544159,0.0078125,9000960.0,-1.076149582862854,0.1412760466337204,0.9999999403953552,0.1412760466337204,1.405062198638916,9000960.0,5860,78.84854125976562,1.405062198638916,0.5203275084495544,46632,46632,0.9999999403953552
31.420574188232422,78.84854125976562,5885,0.33069348335266113,-1.1230524778366089,0.4718446433544159,0.00911458395421505,0.45886334776878357,2370.796080349,31.420574188232422,1746180564.2938566,5884,0.33069348335266113,0.4718446433544159,0.00911458395421505,9039360.0,-1.1230524778366089,0.0768229216337204,0.9999999403953552,0.0768229216337204,1.405062198638916,9039360.0,5885,78.84854125976562,1.405062198638916,0.45886334776878357,46832,46832,0.9999999403953552
31.776042938232422,78.84854125976562,5886,0.35003572702407837,-1.1242752075195312,0.4718446433544159,0.009765625,0.6088868379592896,2371.192136465,31.776042938232422,1746180564.6899128,5885,0.35003572702407837,0.4718446433544159,0.009765625,9040896.0,-1.1242752075195312,0.2083333432674408,0.9999999403953552,0.2083333432674408,1.405062198638916,9040896.0,5886,78.84854125976562,1.405062198638916,0.6088868379592896,46840,46840,0.9999999403953552
30.05078125,78.84854125976562,5892,0.30738526582717896,-1.1720993518829346,0.4718446433544159,0.00911458395421505,0.46898502111434937,2373.566617591,30.05078125,1746180567.0644305,5891,0.30738526582717896,0.4718446433544159,0.00911458395421505,9050112.0,-1.1720993518829346,0.1178385466337204,0.9999999403953552,0.1178385466337204,1.405062198638916,9050112.0,5892,78.84854125976562,1.405062198638916,0.46898502111434937,46888,46888,0.9999999403953552
30.842449188232422,78.84854125976562,5900,0.43639588356018066,-1.1794586181640625,0.4718446433544159,0.0078125,0.5813435316085815,2376.732849266,30.842449188232422,1746180570.2306406,5899,0.43639588356018066,0.4718446433544159,0.0078125,9062400.0,-1.1794586181640625,0.2024739682674408,0.9999999403953552,0.2024739682674408,1.405062198638916,9062400.0,5900,78.84854125976562,1.405062198638916,0.5813435316085815,46952,46952,0.9999999403953552
31.50130271911621,78.84854125976562,5902,0.3041899502277374,-1.2010149955749512,0.4718446433544159,0.008463541977107525,0.4444093704223633,2377.524256157,31.50130271911621,1746180571.0220525,5901,0.3041899502277374,0.4718446433544159,0.008463541977107525,9065472.0,-1.2010149955749512,0.0651041716337204,0.9999999403953552,0.0651041716337204,1.405062198638916,9065472.0,5902,78.84854125976562,1.405062198638916,0.4444093704223633,46968,46968,0.9999999403953552
30.8828125,78.84854125976562,5917,0.29332590103149414,-1.231067180633545,0.4718446433544159,0.008463541977107525,0.39226406812667847,2383.459733105,30.8828125,1746180576.9575288,5916,0.29332590103149414,0.4718446433544159,0.008463541977107525,9088512.0,-1.231067180633545,0.0325520858168602,0.9999999403953552,0.0325520858168602,1.405062198638916,9088512.0,5917,78.84854125976562,1.405062198638916,0.39226406812667847,47088,47088,0.9999999403953552
31.35286521911621,78.84854125976562,5918,0.3203411102294922,-1.1836700439453125,0.4718446433544159,0.008463541977107525,0.49843811988830566,2383.85522186,31.35286521911621,1746180577.3530164,5917,0.3203411102294922,0.4718446433544159,0.008463541977107525,9090048.0,-1.1836700439453125,0.1276041716337204,0.9999999403953552,0.1276041716337204,1.405062198638916,9090048.0,5918,78.84854125976562,1.405062198638916,0.49843811988830566,47096,47096,0.9999999403953552
31.11328125,78.84854125976562,5921,0.34024906158447266,-1.1546578407287598,0.4718446433544159,0.0078125,0.49056562781333923,2385.042057433,31.11328125,1746180578.5398548,5920,0.34024906158447266,0.4718446433544159,0.0078125,9094656.0,-1.1546578407287598,0.1236979216337204,0.9999999403953552,0.1236979216337204,1.405062198638916,9094656.0,5921,78.84854125976562,1.405062198638916,0.49056562781333923,47120,47120,0.9999999403953552
31.510417938232422,78.84854125976562,5936,0.3296874463558197,-1.2394746541976929,0.4718446433544159,0.0078125,0.5180284976959229,2390.981484841,31.510417938232422,1746180584.4793074,5935,0.3296874463558197,0.4718446433544159,0.0078125,9117696.0,-1.2394746541976929,0.1354166716337204,0.9999999403953552,0.1354166716337204,1.405062198638916,9117696.0,5936,78.84854125976562,1.405062198638916,0.5180284976959229,47240,47240,0.9999999403953552
31.04427146911621,78.84854125976562,5945,0.39379996061325073,-1.1867728233337402,0.4718446433544159,0.009765625,0.4320806860923767,2394.545209637,31.04427146911621,1746180588.0429351,5944,0.39379996061325073,0.4718446433544159,0.009765625,9131520.0,-1.1867728233337402,0.0651041716337204,0.9999999403953552,0.0651041716337204,1.405062198638916,9131520.0,5945,78.84854125976562,1.405062198638916,0.4320806860923767,47312,47312,0.9999999403953552
30.4765625,78.84854125976562,5954,0.28400272130966187,-1.343448519706726,0.4718446433544159,0.0078125,0.4141254425048828,2398.106340003,30.4765625,1746180591.6041272,5953,0.28400272130966187,0.4718446433544159,0.0078125,9145344.0,-1.343448519706726,0.0592447929084301,0.9999999403953552,0.0592447929084301,1.405062198638916,9145344.0,5954,78.84854125976562,1.405062198638916,0.4141254425048828,47384,47384,0.9999999403953552
30.50130271911621,78.84854125976562,5957,0.3003867268562317,-1.318432331085205,0.4718446433544159,0.008463541977107525,0.4897255301475525,2399.293515709,30.50130271911621,1746180592.7913005,5956,0.3003867268562317,0.4718446433544159,0.008463541977107525,9149952.0,-1.318432331085205,0.1276041716337204,0.9999999403953552,0.1276041716337204,1.405062198638916,9149952.0,5957,78.84854125976562,1.405062198638916,0.4897255301475525,47408,47408,0.9999999403953552
30.983074188232422,78.84854125976562,5964,0.380037784576416,-1.3450254201889038,0.4718446433544159,0.0078125,0.5559113025665283,2402.069097277,30.983074188232422,1746180595.5668826,5963,0.380037784576416,0.4718446433544159,0.0078125,9160704.0,-1.3450254201889038,0.1842447966337204,0.9999999403953552,0.1842447966337204,1.405062198638916,9160704.0,5964,78.84854125976562,1.405062198638916,0.5559113025665283,47464,47464,0.9999999403953552
30.67317771911621,78.84854125976562,5975,0.41432133316993713,-1.357987642288208,0.4718446433544159,0.0078125,0.45147594809532166,2406.422543015,30.67317771911621,1746180599.920337,5974,0.41432133316993713,0.4718446433544159,0.0078125,9177600.0,-1.357987642288208,0.0735677108168602,0.9999999403953552,0.0735677108168602,1.405062198638916,9177600.0,5975,78.84854125976562,1.405062198638916,0.45147594809532166,47552,47552,0.9999999403953552
31.16015625,78.84854125976562,5993,0.31862547993659973,-1.4280705451965332,0.4718446433544159,0.00911458395421505,0.5496762990951538,2413.553603344,31.16015625,1746180607.0513897,5992,0.31862547993659973,0.4718446433544159,0.00911458395421505,9205248.0,-1.4280705451965332,0.1634114682674408,0.9999999403953552,0.1634114682674408,1.405062198638916,9205248.0,5993,78.84854125976562,1.405062198638916,0.5496762990951538,47696,47696,0.9999999403953552
31.861980438232422,78.84854125976562,6007,0.3476596176624298,-1.3562387228012085,0.4718446433544159,0.008463541977107525,0.5953384041786194,2419.096356929,31.861980438232422,1746180612.5941546,6006,0.3476596176624298,0.4718446433544159,0.008463541977107525,9226752.0,-1.3562387228012085,0.1875,0.9999999403953552,0.1875,1.405062198638916,9226752.0,6007,78.84854125976562,1.405062198638916,0.5953384041786194,47808,47808,0.9999999403953552
30.697917938232422,78.84854125976562,6028,0.31737881898880005,-1.303583025932312,0.4718446433544159,0.008463541977107525,0.4702664315700531,2427.407250227,30.697917938232422,1746180620.9050536,6027,0.31737881898880005,0.4718446433544159,0.008463541977107525,9259008.0,-1.303583025932312,0.099609375,0.9999999403953552,0.099609375,1.405062198638916,9259008.0,6028,78.84854125976562,1.405062198638916,0.4702664315700531,47976,47976,0.9999999403953552
30.928386688232422,78.84854125976562,6037,0.3647754490375519,-1.2979681491851807,0.4718446433544159,0.00911458395421505,0.6254340410232544,2430.974515133,30.928386688232422,1746180624.4721224,6036,0.3647754490375519,0.4718446433544159,0.00911458395421505,9272832.0,-1.2979681491851807,0.23046875,0.9999999403953552,0.23046875,1.405062198638916,9272832.0,6037,78.84854125976562,1.405062198638916,0.6254340410232544,48048,48048,0.9999999403953552
30.39453125,78.84854125976562,6051,0.3721027970314026,-1.4190077781677246,0.4718446433544159,0.0078125,0.48353561758995056,2436.536924601,30.39453125,1746180630.0347302,6050,0.3721027970314026,0.4718446433544159,0.0078125,9294336.0,-1.4190077781677246,0.1302083432674408,0.9999999403953552,0.1302083432674408,1.405062198638916,9294336.0,6051,78.84854125976562,1.405062198638916,0.48353561758995056,48160,48160,0.9999999403953552
31.38671875,78.84854125976562,6052,0.2804648280143738,-1.4427961111068726,0.4718446433544159,0.008463541977107525,0.5114787220954895,2436.934260011,31.38671875,1746180630.4320161,6051,0.2804648280143738,0.4718446433544159,0.008463541977107525,9295872.0,-1.4427961111068726,0.134765625,0.9999999403953552,0.134765625,1.405062198638916,9295872.0,6052,78.84854125976562,1.405062198638916,0.5114787220954895,48168,48168,0.9999999403953552
31.359375,78.84854125976562,6059,0.3439362645149231,-1.4042435884475708,0.4718446433544159,0.0078125,0.4632995128631592,2439.704454826,31.359375,1746180633.2022674,6058,0.3439362645149231,0.4718446433544159,0.0078125,9306624.0,-1.4042435884475708,0.0904947966337204,0.9999999403953552,0.0904947966337204,1.405062198638916,9306624.0,6059,78.84854125976562,1.405062198638916,0.4632995128631592,48224,48224,0.9999999403953552
31.14453125,78.84854125976562,6083,0.37994977831840515,-1.4095418453216553,0.4718446433544159,0.0078125,0.6360958814620972,2449.208120501,31.14453125,1746180642.7058952,6082,0.37994977831840515,0.4718446433544159,0.0078125,9343488.0,-1.4095418453216553,0.2421875,0.9999999403953552,0.2421875,1.405062198638916,9343488.0,6083,78.84854125976562,1.405062198638916,0.6360958814620972,48416,48416,0.9999999403953552
31.18359375,78.84854125976562,6086,0.41178324818611145,-1.4327226877212524,0.4718446433544159,0.00911458395421505,0.4835789203643799,2450.395894517,31.18359375,1746180643.8936749,6085,0.41178324818611145,0.4718446433544159,0.00911458395421505,9348096.0,-1.4327226877212524,0.1048177108168602,0.9999999403953552,0.1048177108168602,1.405062198638916,9348096.0,6086,78.84854125976562,1.405062198638916,0.4835789203643799,48440,48440,0.9999999403953552
30.393230438232422,78.84854125976562,6093,0.317307710647583,-1.4412548542022705,0.4718446433544159,0.0078125,0.49137601256370544,2453.16667574,30.393230438232422,1746180646.6644542,6092,0.317307710647583,0.4718446433544159,0.0078125,9358848.0,-1.4412548542022705,0.1302083432674408,0.9999999403953552,0.1302083432674408,1.405062198638916,9358848.0,6093,78.84854125976562,1.405062198638916,0.49137601256370544,48496,48496,0.9999999403953552
29.66796875,78.84854125976562,6115,0.4039953947067261,-1.4249122142791748,0.4718446433544159,0.008463541977107525,0.48919034004211426,2461.880845899,29.66796875,1746180655.3786087,6114,0.4039953947067261,0.4718446433544159,0.008463541977107525,9392640.0,-1.4249122142791748,0.1373697966337204,0.9999999403953552,0.1373697966337204,1.405062198638916,9392640.0,6115,78.84854125976562,1.405062198638916,0.48919034004211426,48672,48672,0.9999999403953552
31.71224021911621,78.84854125976562,6161,0.30716878175735474,-1.6687989234924316,0.4718446433544159,0.008463541977107525,0.5226933360099792,2480.096723731,31.71224021911621,1746180673.5945249,6160,0.30716878175735474,0.4718446433544159,0.008463541977107525,9463296.0,-1.6687989234924316,0.134765625,0.9999999403953552,0.134765625,1.405062198638916,9463296.0,6161,78.84854125976562,1.405062198638916,0.5226933360099792,49040,49040,0.9999999403953552
31.67578125,78.84854125976562,6168,0.2941322326660156,-1.675865888595581,0.4718446433544159,0.00911458395421505,0.49325665831565857,2482.871981941,31.67578125,1746180676.3697822,6167,0.2941322326660156,0.4718446433544159,0.00911458395421505,9474048.0,-1.675865888595581,0.1041666716337204,0.9999999403953552,0.1041666716337204,1.405062198638916,9474048.0,6168,78.84854125976562,1.405062198638916,0.49325665831565857,49096,49096,0.9999999403953552
30.451824188232422,77.70542907714844,6176,0.29686254262924194,-1.681474208831787,0.6337209343910217,0.0078125,0.5452225804328918,2486.137838667,30.451824188232422,1746180679.635646,6175,0.29686254262924194,0.6337209343910217,0.0078125,9486336.0,-1.681474208831787,0.1796875,1.0,0.1796875,1.587538242340088,9486336.0,6176,77.70542907714844,1.587538242340088,0.5452225804328918,49160,49160,1.0
30.447917938232422,77.70542907714844,6179,0.34260326623916626,-1.6486661434173584,0.6337209343910217,0.00911458395421505,0.5324782133102417,2487.324587511,30.447917938232422,1746180680.82239,6178,0.34260326623916626,0.6337209343910217,0.00911458395421505,9490944.0,-1.6486661434173584,0.1640625,1.0,0.1640625,1.587538242340088,9490944.0,6179,77.70542907714844,1.587538242340088,0.5324782133102417,49184,49184,1.0
30.23958396911621,77.70542907714844,6195,0.3752893805503845,-1.6975573301315308,0.6337209343910217,0.0078125,0.5488499402999878,2493.662970149,30.23958396911621,1746180687.1607502,6194,0.3752893805503845,0.6337209343910217,0.0078125,9515520.0,-1.6975573301315308,0.1901041716337204,1.0,0.1901041716337204,1.587538242340088,9515520.0,6195,77.70542907714844,1.587538242340088,0.5488499402999878,49312,49312,1.0
29.97005271911621,77.70542907714844,6200,0.37141478061676025,-1.74745774269104,0.6337209343910217,0.0078125,0.44627875089645386,2495.641624099,29.97005271911621,1746180689.1394212,6199,0.37141478061676025,0.6337209343910217,0.0078125,9523200.0,-1.74745774269104,0.0989583358168602,1.0,0.0989583358168602,1.587538242340088,9523200.0,6200,77.70542907714844,1.587538242340088,0.44627875089645386,49352,49352,1.0
30.268230438232422,77.70542907714844,6226,0.2903922498226166,-1.6789898872375488,0.6337209343910217,0.0078125,0.49047040939331055,2505.93307585,30.268230438232422,1746180699.430872,6225,0.2903922498226166,0.6337209343910217,0.0078125,9563136.0,-1.6789898872375488,0.138671875,1.0,0.138671875,1.587538242340088,9563136.0,6226,77.70542907714844,1.587538242340088,0.49047040939331055,49560,49560,1.0
30.39453125,77.70542907714844,6228,0.27513810992240906,-1.6612460613250732,0.6337209343910217,0.008463541977107525,0.4114634394645691,2506.724646745,30.39453125,1746180700.222449,6227,0.27513810992240906,0.6337209343910217,0.008463541977107525,9566208.0,-1.6612460613250732,0.0631510466337204,1.0,0.0631510466337204,1.587538242340088,9566208.0,6228,77.70542907714844,1.587538242340088,0.4114634394645691,49576,49576,1.0
30.87630271911621,77.70542907714844,6233,0.26521533727645874,-1.6618707180023193,0.6337209343910217,0.0078125,0.5853628516197205,2508.702735717,30.87630271911621,1746180702.2005296,6232,0.26521533727645874,0.6337209343910217,0.0078125,9573888.0,-1.6618707180023193,0.2044270932674408,1.0,0.2044270932674408,1.587538242340088,9573888.0,6233,77.70542907714844,1.587538242340088,0.5853628516197205,49616,49616,1.0
31.268230438232422,77.70542907714844,6235,0.26903074979782104,-1.596575140953064,0.6337209343910217,0.00911458395421505,0.48368343710899353,2509.495378226,31.268230438232422,1746180702.993045,6234,0.26903074979782104,0.6337209343910217,0.00911458395421505,9576960.0,-1.596575140953064,0.1028645858168602,1.0,0.1028645858168602,1.587538242340088,9576960.0,6235,77.70542907714844,1.587538242340088,0.48368343710899353,49632,49632,1.0
31.125,77.70542907714844,6272,0.2170756608247757,-1.577955961227417,0.6337209343910217,0.0078125,0.5302227735519409,2524.145593884,31.125,1746180717.6433825,6271,0.2170756608247757,0.6337209343910217,0.0078125,9633792.0,-1.577955961227417,0.1529947966337204,1.0,0.1529947966337204,1.587538242340088,9633792.0,6272,77.70542907714844,1.587538242340088,0.5302227735519409,49928,49928,1.0
30.39453125,77.70542907714844,6287,0.2972608208656311,-1.457563042640686,0.6337209343910217,0.0078125,0.6020739078521729,2530.088759698,30.39453125,1746180723.5865552,6286,0.2972608208656311,0.6337209343910217,0.0078125,9656832.0,-1.457563042640686,0.2291666716337204,1.0,0.2291666716337204,1.587538242340088,9656832.0,6287,77.70542907714844,1.587538242340088,0.6020739078521729,50048,50048,1.0
30.87630271911621,77.70542907714844,6290,0.268778920173645,-1.4341673851013184,0.6337209343910217,0.0078125,0.592962920665741,2531.279811199,30.87630271911621,1746180724.7776356,6289,0.268778920173645,0.6337209343910217,0.0078125,9661440.0,-1.4341673851013184,0.2076822966337204,1.0,0.2076822966337204,1.587538242340088,9661440.0,6290,77.70542907714844,1.587538242340088,0.592962920665741,50072,50072,1.0
30.682292938232422,77.70542907714844,6311,0.34994757175445557,-1.1894397735595703,0.6337209343910217,0.0078125,0.5373047590255737,2539.592067915,30.682292938232422,1746180733.0898023,6310,0.34994757175445557,0.6337209343910217,0.0078125,9693696.0,-1.1894397735595703,0.1744791716337204,1.0,0.1744791716337204,1.587538242340088,9693696.0,6311,77.70542907714844,1.587538242340088,0.5373047590255737,50240,50240,1.0
31.147136688232422,77.70542907714844,6348,0.24731022119522095,-1.2896168231964111,0.6337209343910217,0.0078125,0.5190781950950623,2554.244067419,31.147136688232422,1746180747.7418447,6347,0.24731022119522095,0.6337209343910217,0.0078125,9750528.0,-1.2896168231964111,0.13671875,1.0,0.13671875,1.587538242340088,9750528.0,6348,77.70542907714844,1.587538242340088,0.5190781950950623,50536,50536,1.0
30.354167938232422,77.70542907714844,6369,0.24557380378246307,-1.2716472148895264,0.6337209343910217,0.0078125,0.5466984510421753,2562.562226964,30.354167938232422,1746180756.0600169,6368,0.24557380378246307,0.6337209343910217,0.0078125,9782784.0,-1.2716472148895264,0.1829427182674408,1.0,0.1829427182674408,1.587538242340088,9782784.0,6369,77.70542907714844,1.587538242340088,0.5466984510421753,50704,50704,1.0
31.651042938232422,77.70542907714844,6370,0.24657079577445984,-1.292504072189331,0.6337209343910217,0.0078125,0.6976364850997925,2562.958119435,31.651042938232422,1746180756.4559157,6369,0.24657079577445984,0.6337209343910217,0.0078125,9784320.0,-1.292504072189331,0.283203125,1.0,0.283203125,1.587538242340088,9784320.0,6370,77.70542907714844,1.587538242340088,0.6976364850997925,50712,50712,1.0
29.67578125,77.70542907714844,6400,0.2426702082157135,-1.3728519678115845,0.6337209343910217,0.0078125,0.5304417014122009,2574.842837926,29.67578125,1746180768.3406398,6399,0.2426702082157135,0.6337209343910217,0.0078125,9830400.0,-1.3728519678115845,0.1783854216337204,1.0,0.1783854216337204,1.587538242340088,9830400.0,6400,77.70542907714844,1.587538242340088,0.5304417014122009,50952,50952,1.0
29.983074188232422,77.70542907714844,6427,0.23592913150787354,-1.2556160688400269,0.6337209343910217,0.0078125,0.628487229347229,2585.538591033,29.983074188232422,1746180779.0363827,6426,0.23592913150787354,0.6337209343910217,0.0078125,9871872.0,-1.2556160688400269,0.259765625,1.0,0.259765625,1.587538242340088,9871872.0,6427,77.70542907714844,1.587538242340088,0.628487229347229,51168,51168,1.0
31.20703125,77.70542907714844,6433,0.25127917528152466,-1.2835133075714111,0.6337209343910217,0.0078125,0.6652634143829346,2587.914894348,31.20703125,1746180781.4126334,6432,0.25127917528152466,0.6337209343910217,0.0078125,9881088.0,-1.2835133075714111,0.2604166865348816,1.0,0.2604166865348816,1.587538242340088,9881088.0,6433,77.70542907714844,1.587538242340088,0.6652634143829346,51216,51216,1.0
30.30859375,77.70542907714844,6436,0.2590997517108917,-1.2189663648605347,0.6337209343910217,0.0078125,0.5726791620254517,2589.102712305,30.30859375,1746180782.6005042,6435,0.2590997517108917,0.6337209343910217,0.0078125,9885696.0,-1.2189663648605347,0.2102864682674408,1.0,0.2102864682674408,1.587538242340088,9885696.0,6436,77.70542907714844,1.587538242340088,0.5726791620254517,51240,51240,1.0
30.34505271911621,77.70542907714844,6441,0.27103257179260254,-1.3122103214263916,0.6337209343910217,0.0078125,0.5907616019248962,2591.082716361,30.34505271911621,1746180784.5805051,6440,0.27103257179260254,0.6337209343910217,0.0078125,9893376.0,-1.3122103214263916,0.2109375,1.0,0.2109375,1.587538242340088,9893376.0,6441,77.70542907714844,1.587538242340088,0.5907616019248962,51280,51280,1.0
31.23958396911621,77.70542907714844,6466,0.25955629348754883,-1.1986560821533203,0.6337209343910217,0.0078125,0.6254087686538696,2600.981586889,31.23958396911621,1746180794.479401,6465,0.25955629348754883,0.6337209343910217,0.0078125,9931776.0,-1.1986560821533203,0.2330729216337204,1.0,0.2330729216337204,1.587538242340088,9931776.0,6466,77.70542907714844,1.587538242340088,0.6254087686538696,51480,51480,1.0
30.91536521911621,77.70542907714844,6476,0.2442014515399933,-1.4316887855529785,0.6337209343910217,0.0078125,0.7423852682113647,2604.960268664,30.91536521911621,1746180798.458071,6475,0.2442014515399933,0.6337209343910217,0.0078125,9947136.0,-1.4316887855529785,0.3391927182674408,1.0,0.3391927182674408,1.587538242340088,9947136.0,6476,77.70542907714844,1.587538242340088,0.7423852682113647,51560,51560,1.0
30.84895896911621,77.70542907714844,6479,0.22735397517681122,-1.378511905670166,0.6337209343910217,0.0078125,0.527083158493042,2606.148328019,30.84895896911621,1746180799.6460419,6478,0.22735397517681122,0.6337209343910217,0.0078125,9951744.0,-1.378511905670166,0.1438802182674408,1.0,0.1438802182674408,1.587538242340088,9951744.0,6479,77.70542907714844,1.587538242340088,0.527083158493042,51584,51584,1.0
31.625,77.70542907714844,6481,0.2264532446861267,-1.4455140829086304,0.6337209343910217,0.008463541977107525,0.7167824506759644,2606.940212553,31.625,1746180800.4380054,6480,0.2264532446861267,0.6337209343910217,0.008463541977107525,9954816.0,-1.4455140829086304,0.294921875,1.0,0.294921875,1.587538242340088,9954816.0,6481,77.70542907714844,1.587538242340088,0.7167824506759644,51600,51600,1.0
30.77734375,77.70542907714844,6488,0.2160322070121765,-1.4693036079406738,0.6337209343910217,0.0078125,0.6582027673721313,2609.711448739,30.77734375,1746180803.2092571,6487,0.2160322070121765,0.6337209343910217,0.0078125,9965568.0,-1.4693036079406738,0.2662760615348816,1.0,0.2662760615348816,1.587538242340088,9965568.0,6488,77.70542907714844,1.587538242340088,0.6582027673721313,51656,51656,1.0
