returned_won_episode,returned_episode_lengths,update_steps,test_returned_episode_returns,_step,loss,returned_episode,qvals,test_returned_episode_lengths,_runtime,grad_steps,test_returned_won_episode,returned_episode_returns,env_step,test_returned_episode,_timestamp
0.0,31.058595657348633,7,0.005123684648424387,6,0.0,0.01497395895421505,0.0,17.048051834106445,56.012168498,0,0.0,0.11330963671207428,10752,1,1746164308.583383
0.0,30.457033157348633,16,0.005123684648424387,15,0.0,0.0162760429084301,0.0,17.048051834106445,56.556733811,0,0.0,0.1116538718342781,24576,1,1746164309.1279736
0.0,29.843751907348633,24,0.005123684648424387,23,0.0,0.01497395895421505,0.0,17.048051834106445,57.045319243,0,0.0,0.12159039825201035,36864,1,1746164309.6165643
0.0,30.117189407348633,27,0.005123684648424387,26,0.0,0.01302083395421505,0.0,17.048051834106445,57.226930542,0,0.0,0.0992620512843132,41472,1,1746164309.7980092
0.0,31.273439407348633,69,0.005123684648424387,68,0.007928751409053802,0.014322916977107525,0.6400339603424072,17.048051834106445,70.037810873,304,0.0,0.1441599577665329,105984,1,1746164322.6088948
0.0,31.281251907348633,70,0.005123684648424387,69,0.007914609275758266,0.013671875931322575,0.6162272691726685,17.048051834106445,70.369649782,312,0.0,0.161243736743927,107520,1,1746164322.940813
0.0,30.230470657348633,82,0.005123684648424387,81,0.029312144964933395,0.013671875931322575,0.8150964975357056,17.048051834106445,74.336308116,408,0.0,0.16793443262577057,125952,1,1746164326.9074721
0.0,31.739585876464844,90,0.005123684648424387,89,0.01036054827272892,0.015625,0.8109878301620483,17.048051834106445,76.960477939,472,0.0,0.18313847482204437,138240,1,1746164329.5316734
0.0,30.869792938232422,95,0.005123684648424387,94,0.01407606154680252,0.014322916977107525,0.8343507051467896,17.048051834106445,78.605473907,512,0.0,0.16340148448944092,145920,1,1746164331.1766303
0.0,31.796876907348633,108,0.005123684648424387,107,0.015088777989149094,0.013671875931322575,0.8350207805633545,17.048051834106445,82.888249886,616,0.0,0.1975567787885666,165888,1,1746164335.4592812
0.0,31.348960876464844,122,0.005123684648424387,121,0.05221232771873474,0.01497395895421505,0.9795354604721069,17.048051834106445,87.509060333,728,0.0,0.19560329616069794,187392,1,1746164340.0800924
0.0,30.701824188232422,127,0.005123684648424387,126,0.026756536215543747,0.01497395895421505,0.9464972615242004,17.048051834106445,89.187561831,768,0.0,0.20247848331928253,195072,1,1746164341.7587528
0.0,30.171876907348633,151,0.005123684648424387,150,0.03649001568555832,0.01302083395421505,0.7507976293563843,17.048051834106445,97.115698434,960,0.0,0.1916109174489975,231936,1,1746164349.6867886
0.0,30.148439407348633,152,0.005123684648424387,151,0.1564016044139862,0.01497395895421505,0.7267385721206665,17.048051834106445,97.441755536,968,0.0,0.19595736265182495,233472,1,1746164350.01294
0.0,31.703126907348633,157,0.005123684648424387,156,0.09281246364116669,0.01302083395421505,0.7103246450424194,17.048051834106445,99.091495128,1008,0.0,0.20328934490680695,241152,1,1746164351.6625097
0.0,31.503908157348633,188,0.005123684648424387,187,0.12492914497852325,0.01497395895421505,0.748340368270874,17.048051834106445,109.390804193,1256,0.0,0.2174399495124817,288768,1,1746164361.9619687
0.0,31.074220657348633,195,0.005123684648424387,194,0.09557504951953888,0.014322916977107525,0.8567684888839722,17.048051834106445,111.697209253,1312,0.0,0.22558273375034332,299520,1,1746164364.268258
0.0,31.851564407348633,204,0.005123684648424387,203,0.16743336617946625,0.01497395895421505,0.8839532732963562,17.048051834106445,114.696825145,1384,0.0,0.23357968032360077,313344,1,1746164367.2680135
0.0,31.923179626464844,216,0.005123684648424387,215,0.4080531597137451,0.01497395895421505,0.9292833805084229,17.048051834106445,118.687571067,1480,0.0,0.23412923514842987,331776,1,1746164371.2587523
0.0,31.774742126464844,222,0.005123684648424387,221,0.32406628131866455,0.01302083395421505,0.9595972299575806,17.048051834106445,120.681228107,1528,0.0,0.24187827110290527,340992,1,1746164373.2523859
0.0,31.651042938232422,224,0.005123684648424387,223,0.3604459762573242,0.014322916977107525,0.9672921895980835,17.048051834106445,121.345789297,1544,0.0,0.21955606341362,344064,1,1746164373.9168346
0.0,31.890626907348633,242,0.005123684648424387,241,0.33399707078933716,0.015625,1.0215022563934326,17.048051834106445,127.319139765,1688,0.0,0.2575402855873108,371712,1,1746164379.8902788
0.0,32.052085876464844,249,0.005123684648424387,248,0.3412284851074219,0.014322916977107525,1.0205764770507812,17.048051834106445,129.635637518,1744,0.0,0.2587073743343353,382464,1,1746164382.2066607
0.0,31.964845657348633,251,0.005123684648424387,250,0.339144766330719,0.014322916977107525,1.0242645740509033,17.048051834106445,130.289177236,1760,0.0,0.2685869336128235,385536,1,1746164382.8603737
0.0,31.712242126464844,266,0.005123684648424387,265,0.33478856086730957,0.01497395895421505,1.030405044555664,17.048051834106445,135.237637857,1880,0.0,0.26253098249435425,408576,1,1746164387.8087504
0.0,31.619792938232422,268,0.005123684648424387,267,0.3357493281364441,0.01497395895421505,1.060194492340088,17.048051834106445,135.894396812,1896,0.0,0.26582062244415283,411648,1,1746164388.4655483
0.0,31.346355438232422,326,0.29783570766448975,325,0.2889781594276428,0.01497395895421505,1.013122320175171,55.90030288696289,155.173882906,2360,0.0,0.20450164377689362,500736,1,1746164407.7450323
0.0,31.164064407348633,332,0.29783570766448975,331,0.2661464214324951,0.013671875931322575,1.0083298683166504,55.90030288696289,157.156576863,2408,0.0,0.2087186574935913,509952,1,1746164409.7277353
0.0,31.761720657348633,352,0.29783570766448975,351,0.1032789945602417,0.015625,0.973402202129364,55.90030288696289,163.756702526,2568,0.0,0.2307555377483368,540672,1,1746164416.3278692
0.0,31.888023376464844,365,0.29783570766448975,364,0.08560115844011307,0.01497395895421505,0.9401283264160156,55.90030288696289,168.073600439,2672,0.0,0.18110060691833496,560640,1,1746164420.6445758
0.0,31.753908157348633,370,0.29783570766448975,369,0.0934947282075882,0.014322916977107525,0.9273741841316223,55.90030288696289,169.750396514,2712,0.0,0.17579041421413422,568320,1,1746164422.321557
0.0,31.558595657348633,376,0.29783570766448975,375,0.07707315683364868,0.01497395895421505,0.9393707513809204,55.90030288696289,171.763279139,2760,0.0,0.174227774143219,577536,1,1746164424.3344228
0.0,31.213542938232422,378,0.29783570766448975,377,0.08031412959098816,0.01497395895421505,0.942471981048584,55.90030288696289,172.418074902,2776,0.0,0.19688858091831207,580608,1,1746164424.9892485
0.0,32.028648376464844,398,0.29783570766448975,397,0.08395249396562576,0.015625,0.9379673004150391,55.90030288696289,179.065172928,2936,0.0,0.2026231586933136,611328,1,1746164431.6361523
0.0,31.932292938232422,400,0.29783570766448975,399,0.0861615240573883,0.015625,0.9542736411094666,55.90030288696289,179.723348473,2952,0.0,0.19848808646202087,614400,1,1746164432.2945385
0.0,30.46614646911621,414,0.29783570766448975,413,0.10671067237854004,0.01302083395421505,0.9114746451377869,55.90030288696289,184.477214845,3064,0.0,0.16929444670677185,635904,1,1746164436.939447
0.0,32.10546875,440,0.29783570766448975,439,0.09234623610973358,0.014322916977107525,0.7602388858795166,55.90030288696289,193.0730256,3272,0.0,0.13410992920398712,675840,1,1746164445.6440487
0.0,31.600261688232422,472,0.29783570766448975,471,0.11347361654043198,0.012369791977107525,0.8419272899627686,55.90030288696289,203.657849673,3528,0.0,0.12740546464920044,724992,1,1746164456.229027
0.0,29.628908157348633,481,0.29783570766448975,480,0.12870971858501434,0.01302083395421505,0.7516398429870605,55.90030288696289,206.654570388,3600,0.0,0.10548530519008636,738816,1,1746164459.2256682
0.0,31.584636688232422,527,0.29783570766448975,526,0.09159614145755768,0.013671875931322575,0.6763268113136292,55.90030288696289,221.840642493,3968,0.0,0.11085032671689987,809472,1,1746164474.4117486
0.0,31.001304626464844,531,0.29783570766448975,530,0.09913863241672516,0.015625,0.7005516290664673,55.90030288696289,223.194611905,4000,0.0,0.1423785239458084,815616,1,1746164475.7655127
0.0,31.770835876464844,537,0.29783570766448975,536,0.18905401229858398,0.01302083395421505,0.5794204473495483,55.90030288696289,225.169611817,4048,0.0,0.08573301881551743,824832,1,1746164477.7406392
0.0,29.453777313232422,544,0.29783570766448975,543,0.16318565607070923,0.01692708395421505,0.5824869275093079,55.90030288696289,227.467519543,4104,0.0,0.04244406893849373,835584,1,1746164480.0386817
0.0,29.496095657348633,547,0.29783570766448975,546,0.05919093266129494,0.014322916977107525,0.5831578969955444,55.90030288696289,228.450691548,4128,0.0,0.0677020400762558,840192,1,1746164481.0218418
0.0,31.565105438232422,560,0.29783570766448975,559,0.05651409178972244,0.015625,0.6190928220748901,55.90030288696289,232.738514124,4232,0.0,0.07127192616462708,860160,1,1746164485.3096375
0.0,32.28776168823242,635,0.29783570766448975,634,0.0755876749753952,0.012369791977107525,0.298469215631485,55.90030288696289,257.627612919,4832,0.0,0.10438185185194016,975360,1,1746164510.1987088
0.0,31.566408157348633,642,0.29783570766448975,641,0.05895060673356056,0.014322916977107525,0.2442028671503067,55.90030288696289,259.932726396,4888,0.0,0.27912822365760803,986112,1,1746164512.5038712
0.0,30.986980438232422,718,0.2217351496219635,717,0.0462472066283226,0.01106770895421505,0.10357007384300232,58.80415725708008,285.168507724,5496,0.0,0.2603417634963989,1102848,1,1746164537.7397015
0.0,32.11588668823242,720,0.2217351496219635,719,0.049195997416973114,0.01302083395421505,0.11089064180850983,58.80415725708008,285.827373914,5512,0.0,0.29985782504081726,1105920,1,1746164538.3985791
0.0,31.859376907348633,739,0.2217351496219635,738,0.07953791320323944,0.01497395895421505,-0.03196937218308449,58.80415725708008,292.089834209,5664,0.0,0.3347838521003723,1135104,1,1746164544.6610303
0.0,31.454429626464844,743,0.2217351496219635,742,0.054379627108573914,0.013671875931322575,-0.07125332951545715,58.80415725708008,293.418837804,5696,0.0,0.330586701631546,1141248,1,1746164545.989846
0.0,31.411460876464844,763,0.2217351496219635,762,0.04971001669764519,0.01497395895421505,-0.19977958500385284,58.80415725708008,300.054791812,5856,0.0,0.31428593397140503,1171968,1,1746164552.6257606
0.0,30.960939407348633,766,0.2217351496219635,765,0.07977747172117233,0.012369791977107525,-0.26738691329956055,58.80415725708008,301.049381647,5880,0.0,0.29814714193344116,1176576,1,1746164553.6205602
0.0,31.143230438232422,779,0.2217351496219635,778,0.04496454447507858,0.011718750931322575,-0.2779371440410614,58.80415725708008,305.348363157,5984,0.0,0.2880389094352722,1196544,1,1746164557.9194913
0.0,31.339845657348633,797,0.2217351496219635,796,0.04174923151731491,0.013671875931322575,-0.2241804003715515,58.80415725708008,311.301287764,6128,0.0,0.27928653359413147,1224192,1,1746164563.8724177
0.0345052108168602,29.277345657348633,803,0.2217351496219635,802,0.03764336183667183,0.009765625931322575,-0.22352708876132965,58.80415725708008,313.294341552,6176,0.0,0.3356139659881592,1233408,1,1746164565.8653617
0.0,29.52864646911621,815,0.2217351496219635,814,0.04024815559387207,0.009765625931322575,-0.19177062809467316,58.80415725708008,317.262946819,6272,0.0,0.2992159128189087,1251840,1,1746164569.8339674
0.02669270895421505,30.665367126464844,831,0.2217351496219635,830,0.05028102174401283,0.009765625931322575,-0.2600559890270233,58.80415725708008,322.568446446,6400,0.0,0.3360323905944824,1276416,1,1746164575.1394877
0.0,31.520835876464844,856,0.2217351496219635,855,0.04286322370171547,0.01302083395421505,-0.21482285857200623,58.80415725708008,330.832653849,6600,0.0,0.35150060057640076,1314816,1,1746164583.4038625
0.0,30.930992126464844,865,0.2217351496219635,864,0.054236672818660736,0.011718750931322575,-0.256126344203949,58.80415725708008,333.804949183,6672,0.0,0.325033575296402,1328640,1,1746164586.3760989
0.02148437686264515,29.609376907348633,867,0.2217351496219635,866,0.036051586270332336,0.00911458395421505,-0.2447478175163269,58.80415725708008,334.469577392,6688,0.0,0.3279608488082886,1331712,1,1746164587.0407553
0.0527343787252903,30.996095657348633,882,0.2217351496219635,881,0.039783693850040436,0.011718750931322575,-0.17456559836864471,58.80415725708008,339.432120533,6808,0.0,0.4351801872253418,1354752,1,1746164592.0033042
0.0,30.852867126464844,897,0.2217351496219635,896,0.0403580479323864,0.010416666977107525,-0.15843403339385986,58.80415725708008,344.398126177,6928,0.0,0.33861956000328064,1377792,1,1746164596.9693112
0.0371093787252903,31.406251907348633,900,0.2217351496219635,899,0.05303340405225754,0.009765625931322575,-0.10172969102859497,58.80415725708008,345.38337576,6952,0.0,0.40653350949287415,1382400,1,1746164597.9545412
0.0,30.863283157348633,903,0.2217351496219635,902,0.055229552090168,0.01302083395421505,-0.1067444384098053,58.80415725708008,346.372811782,6976,0.0,0.378877192735672,1387008,1,1746164598.9439058
0.0162760429084301,31.175783157348633,909,0.2217351496219635,908,0.043626490980386734,0.012369791977107525,-0.09188059717416763,58.80415725708008,348.372782321,7024,0.0,0.41938450932502747,1396224,1,1746164600.9438715
0.0488281287252903,31.734376907348633,910,0.2217351496219635,909,0.04456670209765434,0.01302083395421505,-0.09518197178840637,58.80415725708008,348.701366937,7032,0.0,0.4429437518119812,1397760,1,1746164601.2725048
0.0384114608168602,31.380210876464844,921,0.2217351496219635,920,0.04563988745212555,0.009765625931322575,-0.08988325297832489,58.80415725708008,352.34829484,7120,0.0,0.4186147451400757,1414656,1,1746164604.9194326
0.0345052108168602,31.859376907348633,923,0.2217351496219635,922,0.06159505248069763,0.008463541977107525,-0.08850224316120148,58.80415725708008,353.008031306,7136,0.0,0.42096447944641113,1417728,1,1746164605.5791194
0.0,30.972658157348633,925,0.2217351496219635,924,0.051241517066955566,0.01106770895421505,-0.10836947709321976,58.80415725708008,353.666280824,7152,0.0,0.37777450680732727,1420800,1,1746164606.2373028
0.0696614608168602,32.157554626464844,930,0.2217351496219635,929,0.03712276369333267,0.01302083395421505,-0.054323211312294006,58.80415725708008,355.338816633,7192,0.0,0.47110462188720703,1428480,1,1746164607.9099462
0.0442708358168602,32.395835876464844,980,1.0670392513275146,979,0.07586100697517395,0.013671875931322575,-0.12036009877920151,68.04129791259766,372.089687688,7592,0.22418878972530365,0.4565046727657318,1505280,1,1746164624.6608024
0.0924479216337204,29.365886688232422,985,1.0670392513275146,984,0.055365338921546936,0.009765625931322575,-0.08214692771434784,68.04129791259766,373.751721219,7632,0.22418878972530365,0.4461134076118469,1512960,1,1746164626.322849
0.0703125,32.177085876464844,990,1.0670392513275146,989,0.04670247435569763,0.011718750931322575,-0.08261620253324509,68.04129791259766,375.424062568,7672,0.22418878972530365,0.4835628569126129,1520640,1,1746164627.9951413
0.0768229216337204,31.171876907348633,999,1.0670392513275146,998,0.0664491057395935,0.011718750931322575,-0.08100880682468414,68.04129791259766,378.447202861,7744,0.22418878972530365,0.480009526014328,1534464,1,1746164631.0182304
0.0638020858168602,31.531251907348633,1003,1.0670392513275146,1002,0.06640949845314026,0.0078125,-0.10622513294219971,68.04129791259766,379.806464102,7776,0.22418878972530365,0.44288110733032227,1540608,1,1746164632.3775668
0.0761718824505806,31.757814407348633,1027,1.0670392513275146,1026,0.06291310489177704,0.012369791977107525,-0.0972861796617508,68.04129791259766,387.850826133,7968,0.22418878972530365,0.5017338991165161,1577472,1,1746164640.4219565
0.0397135429084301,31.411460876464844,1031,1.0670392513275146,1030,0.06933042407035828,0.011718750931322575,-0.08841101825237274,68.04129791259766,389.179412975,8000,0.22418878972530365,0.4349808692932129,1583616,1,1746164641.7505841
0.0,31.501304626464844,1032,1.0670392513275146,1031,0.06507793813943863,0.01106770895421505,-0.11626780033111572,68.04129791259766,389.511670324,8008,0.22418878972530365,0.40133994817733765,1585152,1,1746164642.0828266
0.0,31.656251907348633,1034,1.0670392513275146,1033,0.06277462840080261,0.009765625931322575,-0.0864148736000061,68.04129791259766,390.17612671,8024,0.22418878972530365,0.36844515800476074,1588224,1,1746164642.747293
0.0371093787252903,31.207033157348633,1072,1.0670392513275146,1071,0.06910361349582672,0.010416666977107525,-0.1826583445072174,68.04129791259766,402.879879037,8328,0.22418878972530365,0.39628493785858154,1646592,1,1746164655.4510324
0.1744791716337204,29.90755271911621,1091,1.0670392513275146,1090,0.05928454548120499,0.00911458395421505,-0.15786191821098328,68.04129791259766,409.25709427,8480,0.22418878972530365,0.5575501918792725,1675776,1,1746164661.82817
0.1087239608168602,30.924480438232422,1108,1.0670392513275146,1107,0.06921108067035675,0.009765625931322575,-0.146617591381073,68.04129791259766,414.936565287,8616,0.22418878972530365,0.48702719807624817,1701888,1,1746164667.5076814
0.2363281399011612,30.790367126464844,1124,1.0670392513275146,1123,0.09333156049251556,0.011718750931322575,-0.14501333236694336,68.04129791259766,420.29794594,8744,0.22418878972530365,0.6509679555892944,1726464,1,1746164672.8690808
0.1666666716337204,29.484376907348633,1135,1.0670392513275146,1134,0.08594615012407303,0.00911458395421505,-0.06173240765929222,68.04129791259766,423.953883274,8832,0.22418878972530365,0.5342040061950684,1743360,1,1746164676.524985
0.2154947966337204,30.770835876464844,1151,1.0670392513275146,1150,0.07295744121074677,0.00911458395421505,-0.04561392962932587,68.04129791259766,429.35225464,8960,0.22418878972530365,0.6140065789222717,1767936,1,1746164681.9233499
0.0631510466337204,30.533855438232422,1183,1.0670392513275146,1182,0.160646453499794,0.011718750931322575,-0.1040850579738617,68.04129791259766,440.082637273,9216,0.22418878972530365,0.4332224130630493,1817088,1,1746164692.6537488
0.2513020932674408,30.136720657348633,1192,1.0670392513275146,1191,0.143671452999115,0.00911458395421505,-0.08900173008441925,68.04129791259766,443.101208252,9288,0.22418878972530365,0.645633339881897,1830912,1,1746164695.6723304
0.1412760466337204,31.102867126464844,1195,1.0670392513275146,1194,0.12082798779010773,0.0078125,-0.06860176473855972,68.04129791259766,444.097554127,9312,0.22418878972530365,0.5202913880348206,1835520,1,1746164696.6686275
0.3261719048023224,29.916667938232422,1207,1.0670392513275146,1206,0.1802590936422348,0.009765625931322575,-0.02510713040828705,68.04129791259766,448.115175563,9408,0.22418878972530365,0.7287145256996155,1853952,1,1746164700.686283
0.0384114608168602,28.951824188232422,1223,1.0670392513275146,1222,0.18422549962997437,0.008463541977107525,-0.018009096384048462,68.04129791259766,453.475204462,9536,0.22418878972530365,0.3447129428386688,1878528,1,1746164706.0460923
0.1979166716337204,30.406251907348633,1236,1.0670392513275146,1235,0.16010960936546326,0.008463541977107525,-0.14633667469024658,68.04129791259766,457.832115948,9640,0.22418878972530365,0.5654204487800598,1898496,1,1746164710.4031713
0.2545573115348816,29.820314407348633,1243,1.0670392513275146,1242,0.16130104660987854,0.00911458395421505,-0.1582309752702713,68.04129791259766,460.184449843,9696,0.22418878972530365,0.6332022547721863,1909248,1,1746164712.7555606
0.1582031399011612,30.994792938232422,1252,1.0670392513275146,1251,0.15993689000606537,0.00911458395421505,-0.09964796900749207,68.04129791259766,463.179822049,9768,0.22418878972530365,0.5446701049804688,1923072,1,1746164715.7508557
0.3450520932674408,31.050783157348633,1273,1.0670392513275146,1272,0.22145718336105347,0.010416666977107525,-0.04800499975681305,68.04129791259766,470.220519762,9936,0.22418878972530365,0.7786129117012024,1955328,1,1746164722.7916038
0.06640625,28.886720657348633,1274,1.0670392513275146,1273,0.2236674726009369,0.0078125,-0.08032496273517609,68.04129791259766,470.553807466,9944,0.22418878972530365,0.40522220730781555,1956864,1,1746164723.1249278
0.1555989682674408,29.484376907348633,1279,1.0670392513275146,1278,0.1696927845478058,0.008463541977107525,-0.08616597205400467,68.04129791259766,472.260783491,9984,0.22418878972530365,0.5225197076797485,1964544,1,1746164724.8316011
0.3450520932674408,31.061199188232422,1292,1.0670392513275146,1291,0.24527090787887573,0.00911458395421505,-0.10259011387825012,68.04129791259766,476.615047051,10088,0.22418878972530365,0.7759250998497009,1984512,1,1746164729.1861515
0.3222656548023224,30.848960876464844,1300,1.3955190181732178,1299,0.1976265013217926,0.009765625931322575,-0.18812225759029388,75.96472930908203,479.361657948,10152,0.4850088059902191,0.7435173988342285,1996800,1,1746164731.9327183
0.0566406287252903,30.748699188232422,1306,1.3955190181732178,1305,0.2839116156101227,0.0078125,-0.2083505243062973,75.96472930908203,481.361436068,10200,0.4850088059902191,0.38992032408714294,2006016,1,1746164733.9326248
0.2805989682674408,30.289064407348633,1329,1.3955190181732178,1328,0.2417232096195221,0.008463541977107525,-0.2554898262023926,75.96472930908203,489.037026136,10384,0.4850088059902191,0.6716670989990234,2041344,1,1746164741.608068
0.1966145932674408,29.13411521911621,1342,1.3955190181732178,1341,0.3766736388206482,0.008463541977107525,-0.25421327352523804,75.96472930908203,493.405213235,10488,0.4850088059902191,0.551487147808075,2061312,1,1746164745.976276
0.1829427182674408,29.46224021911621,1344,1.3955190181732178,1343,0.3632262051105499,0.00911458395421505,-0.27304142713546753,75.96472930908203,494.070258303,10504,0.4850088059902191,0.5457234978675842,2064384,1,1746164746.6414077
0.2011718899011612,31.070314407348633,1348,1.3955190181732178,1347,0.3428049683570862,0.010416666977107525,-0.25444716215133667,75.96472930908203,495.409631396,10536,0.4850088059902191,0.6143485307693481,2070528,1,1746164747.9807024
0.1868489682674408,29.214845657348633,1374,1.3955190181732178,1373,0.25491321086883545,0.0078125,-0.25730159878730774,75.96472930908203,504.126899332,10744,0.4850088059902191,0.5271623134613037,2110464,1,1746164756.6980338
0.3040364682674408,31.102867126464844,1398,1.3955190181732178,1397,0.27056366205215454,0.009765625931322575,-0.36398446559906006,75.96472930908203,512.183483994,10936,0.4850088059902191,0.7317476868629456,2147328,1,1746164764.7545836
0.2467448115348816,29.79427146911621,1432,1.3955190181732178,1431,0.2411738485097885,0.00911458395421505,-0.2995244860649109,75.96472930908203,523.623609398,11208,0.4850088059902191,0.6222626566886902,2199552,1,1746164776.1946397
0.2669270932674408,28.826824188232422,1442,1.3955190181732178,1441,0.24445319175720215,0.0078125,-0.2290244698524475,75.96472930908203,526.972961558,11288,0.4850088059902191,0.6351572275161743,2214912,1,1746164779.5440772
0.2877604365348816,28.980470657348633,1468,1.3955190181732178,1467,0.2870525121688843,0.0078125,-0.264247864484787,75.96472930908203,535.741180691,11496,0.4850088059902191,0.6527164578437805,2254848,1,1746164788.312226
0.3841145932674408,31.149742126464844,1479,1.3955190181732178,1478,0.3245631158351898,0.008463541977107525,-0.24592994153499603,75.96472930908203,539.459598915,11584,0.4850088059902191,0.7991421222686768,2271744,1,1746164792.0306308
0.28515625,30.45052146911621,1486,1.3955190181732178,1485,0.29788392782211304,0.0078125,-0.26634955406188965,75.96472930908203,541.830902203,11640,0.4850088059902191,0.6848112344741821,2282496,1,1746164794.4018946
0.3385416865348816,30.507814407348633,1495,1.3955190181732178,1494,0.3584602177143097,0.0078125,-0.22030329704284668,75.96472930908203,544.859403502,11712,0.4850088059902191,0.7501289248466492,2296320,1,1746164797.4305234
0.3183594048023224,28.89974021911621,1524,1.3955190181732178,1523,0.3306223750114441,0.0078125,-0.2899208664894104,75.96472930908203,554.57034876,11944,0.4850088059902191,0.6868070960044861,2340864,1,1746164807.1413724
0.2662760615348816,29.796876907348633,1528,1.3955190181732178,1527,0.327759325504303,0.0078125,-0.2694415748119354,75.96472930908203,555.901757603,11976,0.4850088059902191,0.6355463862419128,2347008,1,1746164808.4726715
0.2721354365348816,29.77474021911621,1540,1.3955190181732178,1539,0.3510093092918396,0.0078125,-0.20225319266319275,75.96472930908203,559.914494495,12072,0.4850088059902191,0.6419346332550049,2365440,1,1746164812.485601
0.2884114682674408,30.906251907348633,1541,1.3955190181732178,1540,0.36273834109306335,0.008463541977107525,-0.19334030151367188,75.96472930908203,560.246745283,12080,0.4850088059902191,0.6840003728866577,2366976,1,1746164812.8178744
0.1497395932674408,30.156251907348633,1543,1.3955190181732178,1542,0.33912143111228943,0.0078125,-0.26683205366134644,75.96472930908203,560.912299764,12096,0.4850088059902191,0.5080671310424805,2370048,1,1746164813.4834013
0.3834635615348816,31.600261688232422,1545,1.3955190181732178,1544,0.31604906916618347,0.00911458395421505,-0.2592610716819763,75.96472930908203,561.577689776,12112,0.4850088059902191,0.8490698933601379,2373120,1,1746164814.1486964
0.2975260615348816,30.061199188232422,1576,1.3955190181732178,1575,0.2772556245326996,0.0078125,-0.30448806285858154,75.96472930908203,571.954323946,12360,0.4850088059902191,0.6755202412605286,2420736,1,1746164824.5254729
0.1725260466337204,28.91145896911621,1582,1.3955190181732178,1581,0.4711371064186096,0.008463541977107525,-0.240507110953331,75.96472930908203,573.948368758,12408,0.4850088059902191,0.5154240727424622,2429952,1,1746164826.5194924
0.3678385615348816,29.893230438232422,1604,1.3955190181732178,1603,0.27315497398376465,0.008463541977107525,-0.27729344367980957,75.96472930908203,581.334900719,12584,0.4850088059902191,0.7821028828620911,2463744,1,1746164833.905969
0.4583333432674408,31.563804626464844,1627,1.7417532205581665,1626,0.3474140167236328,0.00911458395421505,-0.25739341974258423,74.80074310302734,589.088345092,12768,0.7728118896484375,0.9166666865348816,2499072,1,1746164841.659471
0.3203125298023224,29.457033157348633,1630,1.7417532205581665,1629,0.3435342311859131,0.0078125,-0.2438470721244812,74.80074310302734,590.092348028,12792,0.7728118896484375,0.7059424519538879,2503680,1,1746164842.6634774
0.2402343899011612,29.23177146911621,1639,1.7417532205581665,1638,0.27904778718948364,0.008463541977107525,-0.3004981279373169,74.80074310302734,593.120026359,12864,0.7728118896484375,0.5956244468688965,2517504,1,1746164845.6911435
0.3951823115348816,30.602867126464844,1645,1.7417532205581665,1644,0.35232824087142944,0.0078125,-0.33831292390823364,74.80074310302734,595.119974851,12912,0.7728118896484375,0.8085710406303406,2526720,1,1746164847.6911535
0.2942708432674408,30.975261688232422,1663,1.7417532205581665,1662,0.3077174127101898,0.008463541977107525,-0.37097442150115967,74.80074310302734,601.134484898,13056,0.7728118896484375,0.6925140619277954,2554368,1,1746164853.705656
0.2239583432674408,29.533855438232422,1668,1.7417532205581665,1667,0.3492910861968994,0.0078125,-0.3928889036178589,74.80074310302734,602.838958164,13096,0.7728118896484375,0.5874728560447693,2562048,1,1746164855.410086
0.2128906399011612,29.33333396911621,1687,1.7417532205581665,1686,0.26651063561439514,0.00911458395421505,-0.4056774973869324,74.80074310302734,609.17871301,13248,0.7728118896484375,0.582983672618866,2591232,1,1746164861.749852
0.3457031548023224,31.100261688232422,1694,1.7417532205581665,1693,0.30732643604278564,0.008463541977107525,-0.42406323552131653,74.80074310302734,611.534152579,13304,0.7728118896484375,0.7776644229888916,2601984,1,1746164864.1051073
0.2623698115348816,30.567710876464844,1700,1.7417532205581665,1699,0.31758201122283936,0.008463541977107525,-0.390231728553772,74.80074310302734,613.549185648,13352,0.7728118896484375,0.6678795218467712,2611200,1,1746164866.120275
0.3118489682674408,31.352867126464844,1702,1.7417532205581665,1701,0.27752962708473206,0.0078125,-0.39195069670677185,74.80074310302734,614.211876535,13368,0.7728118896484375,0.7282821536064148,2614272,1,1746164866.782927
0.3020833432674408,29.819011688232422,1714,1.7417532205581665,1713,0.27033647894859314,0.0078125,-0.45517075061798096,74.80074310302734,618.219350639,13464,0.7728118896484375,0.6811027526855469,2632704,1,1746164870.790506
0.3281250298023224,30.623699188232422,1717,1.7417532205581665,1716,0.2749859094619751,0.0078125,-0.4756507873535156,74.80074310302734,619.217161063,13488,0.7728118896484375,0.7267463803291321,2637312,1,1746164871.7883196
0.1490885466337204,30.250001907348633,1739,1.7417532205581665,1738,0.3320106565952301,0.008463541977107525,-0.5429955720901489,74.80074310302734,626.654372135,13664,0.7728118896484375,0.5144575238227844,2671104,1,1746164879.2254891
0.3352864682674408,31.117189407348633,1744,1.7417532205581665,1743,0.32289737462997437,0.0078125,-0.5143855214118958,74.80074310302734,628.312636939,13704,0.7728118896484375,0.7501204609870911,2678784,1,1746164880.883732
0.2838541865348816,31.531251907348633,1745,1.7417532205581665,1744,0.32070326805114746,0.0078125,-0.5205318927764893,74.80074310302734,628.643351458,13712,0.7728118896484375,0.6870751976966858,2680320,1,1746164881.2144785
0.2929687798023224,30.632814407348633,1751,1.7417532205581665,1750,0.30577024817466736,0.0078125,-0.530500054359436,74.80074310302734,630.630061847,13760,0.7728118896484375,0.693260908126831,2689536,1,1746164883.2011492
0.2161458432674408,30.046876907348633,1753,1.7417532205581665,1752,0.3085980713367462,0.0078125,-0.5177114605903625,74.80074310302734,631.296448071,13776,0.7728118896484375,0.5798275470733643,2692608,1,1746164883.867577
0.2076822966337204,30.39192771911621,1777,1.7417532205581665,1776,0.3195553719997406,0.0078125,-0.4454570412635803,74.80074310302734,639.322165935,13968,0.7728118896484375,0.579486608505249,2729472,1,1746164891.8933055
0.2473958432674408,30.295574188232422,1788,1.7417532205581665,1787,0.27996331453323364,0.008463541977107525,-0.44618093967437744,74.80074310302734,642.985467133,14056,0.7728118896484375,0.6351649165153503,2746368,1,1746164895.5565143
0.3072916865348816,30.585939407348633,1803,1.7417532205581665,1802,0.2589896023273468,0.00911458395421505,-0.33428633213043213,74.80074310302734,648.037270454,14176,0.7728118896484375,0.7161019444465637,2769408,1,1746164900.6083484
0.1783854216337204,29.984376907348633,1814,1.7417532205581665,1813,0.2867596745491028,0.008463541977107525,-0.41158950328826904,74.80074310302734,651.745724713,14264,0.7728118896484375,0.5379725694656372,2786304,1,1746164904.3167694
0.2936198115348816,29.738283157348633,1822,1.7417532205581665,1821,0.24493028223514557,0.0078125,-0.3938412368297577,74.80074310302734,654.458777185,14328,0.7728118896484375,0.6700714230537415,2798592,1,1746164907.0298488
0.2649739682674408,29.81770896911621,1827,1.7417532205581665,1826,0.28692248463630676,0.008463541977107525,-0.39072954654693604,74.80074310302734,656.115501802,14368,0.7728118896484375,0.6312096118927002,2806272,1,1746164908.6865728
0.2408854365348816,28.916667938232422,1846,1.7417532205581665,1845,0.23322458565235138,0.0078125,-0.38054144382476807,74.80074310302734,662.474664205,14520,0.7728118896484375,0.6023380756378174,2835456,1,1746164915.0457196
0.2949219048023224,30.18489646911621,1850,1.7417532205581665,1849,0.22926436364650726,0.0078125,-0.34583765268325806,74.80074310302734,663.804629248,14552,0.7728118896484375,0.6786482930183411,2841600,1,1746164916.3757539
0.1751302182674408,28.55208396911621,1858,1.7417532205581665,1857,0.21109384298324585,0.0078125,-0.3846803307533264,74.80074310302734,666.458501104,14616,0.7728118896484375,0.5125147104263306,2853888,1,1746164919.0295887
0.2063802182674408,28.77083396911621,1863,1.7417532205581665,1862,0.209234818816185,0.0078125,-0.29732024669647217,74.80074310302734,668.148114714,14656,0.7728118896484375,0.5608903765678406,2861568,1,1746164920.7190716
0.2942708432674408,29.20833396911621,1889,1.7417532205581665,1888,0.2772960662841797,0.008463541977107525,-0.2702365815639496,74.80074310302734,676.815694003,14864,0.7728118896484375,0.6700049042701721,2901504,1,1746164929.3868556
0.2584635615348816,29.015626907348633,1901,1.7417532205581665,1900,0.25326231122016907,0.0078125,-0.27735185623168945,74.80074310302734,680.838435547,14960,0.7728118896484375,0.61937016248703,2919936,1,1746164933.4095366
0.3489583432674408,29.11067771911621,1908,1.7417532205581665,1907,0.19246262311935425,0.008463541977107525,-0.23908191919326782,74.80074310302734,683.160357568,15016,0.7728118896484375,0.7345784902572632,2930688,1,1746164935.7314973
0.2480468899011612,29.444011688232422,1936,1.7417532205581665,1935,0.2599942684173584,0.0078125,-0.1597413718700409,74.80074310302734,692.539299953,15240,0.7728118896484375,0.61921226978302,2973696,1,1746164945.1104417
0.251953125,31.003908157348633,1939,1.7417532205581665,1938,0.24035820364952087,0.0078125,-0.16110101342201233,74.80074310302734,693.538466312,15264,0.7728118896484375,0.6409634947776794,2978304,1,1746164946.1094298
0.2682291865348816,29.671876907348633,1946,1.7417532205581665,1945,0.194787859916687,0.008463541977107525,-0.188032329082489,74.80074310302734,695.867345861,15320,0.7728118896484375,0.6388705372810364,2989056,1,1746164948.438405
0.2278645932674408,30.264324188232422,1965,1.736889362335205,1964,0.18715155124664307,0.0078125,-0.302345871925354,76.41947937011719,702.291525124,15472,0.7584269642829895,0.5949028730392456,3018240,1,1746164954.8625958
0.3821614682674408,31.311199188232422,1971,1.736889362335205,1970,0.1859339475631714,0.0078125,-0.23299649357795715,76.41947937011719,704.314337605,15520,0.7584269642829895,0.82233726978302,3027456,1,1746164956.8854423
0.1829427182674408,29.36849021911621,1984,1.736889362335205,1983,0.24042847752571106,0.0078125,-0.23968350887298584,76.41947937011719,708.657557359,15624,0.7584269642829895,0.5238819122314453,3047424,1,1746164961.2285101
0.2910156548023224,29.05599021911621,2010,1.736889362335205,2009,0.1960703730583191,0.0078125,-0.200913667678833,76.41947937011719,717.364122345,15832,0.7584269642829895,0.6533398628234863,3087360,1,1746164969.9352622
0.28125,29.28255271911621,2020,1.736889362335205,2019,0.23825109004974365,0.0078125,-0.15514522790908813,76.41947937011719,720.72622655,15912,0.7584269642829895,0.6520068049430847,3102720,1,1746164973.2973504
0.1835937649011612,29.792970657348633,2032,1.736889362335205,2031,0.17439228296279907,0.008463541977107525,-0.1896810084581375,76.41947937011719,724.713401588,16008,0.7584269642829895,0.5400225520133972,3121152,1,1746164977.2844782
0.2389323115348816,28.490886688232422,2039,1.736889362335205,2038,0.16731077432632446,0.0078125,-0.21896469593048096,76.41947937011719,727.054055135,16064,0.7584269642829895,0.5987699031829834,3131904,1,1746164979.62515
0.2141927182674408,30.11849021911621,2043,1.736889362335205,2042,0.23135735094547272,0.00911458395421505,-0.22197771072387695,76.41947937011719,728.380214241,16096,0.7584269642829895,0.6026188731193542,3138048,1,1746164980.951283
0.1894531399011612,27.847658157348633,2045,1.736889362335205,2044,0.21297389268875122,0.0078125,-0.21776188910007477,76.41947937011719,729.043691706,16112,0.7584269642829895,0.5052332282066345,3141120,1,1746164981.6148047
0.3684895932674408,30.167970657348633,2050,1.736889362335205,2049,0.21437734365463257,0.0078125,-0.20343799889087677,76.41947937011719,730.727297656,16152,0.7584269642829895,0.7755599021911621,3148800,1,1746164983.2984366
0.4205729365348816,31.757814407348633,2076,1.736889362335205,2075,0.21869876980781555,0.00911458395421505,-0.27434277534484863,76.41947937011719,739.449973524,16360,0.7584269642829895,0.8725228905677795,3188736,1,1746164992.0211024
0.3203125298023224,29.785158157348633,2079,1.736889362335205,2078,0.19488967955112457,0.0078125,-0.27781999111175537,76.41947937011719,740.440842323,16384,0.7584269642829895,0.7119393348693848,3193344,1,1746164993.0120149
0.3157552182674408,30.723960876464844,2082,1.736889362335205,2081,0.20479628443717957,0.00911458395421505,-0.299103319644928,76.41947937011719,741.439020459,16408,0.7584269642829895,0.7364527583122253,3197952,1,1746164994.009984
0.2962239682674408,30.654949188232422,2084,1.736889362335205,2083,0.19848811626434326,0.0078125,-0.306024432182312,76.41947937011719,742.106743795,16424,0.7584269642829895,0.6951717138290405,3201024,1,1746164994.6778042
0.2949219048023224,29.416667938232422,2089,1.736889362335205,2088,0.16664808988571167,0.008463541977107525,-0.27248674631118774,76.41947937011719,743.809409086,16464,0.7584269642829895,0.6678774952888489,3208704,1,1746164996.3803706
0.2819010615348816,30.38020896911621,2118,1.736889362335205,2117,0.1944149136543274,0.0078125,-0.36895549297332764,76.41947937011719,753.547050218,16696,0.7584269642829895,0.6737738847732544,3253248,1,1746165006.118068
0.4257812798023224,30.515626907348633,2130,1.736889362335205,2129,0.23214110732078552,0.00911458395421505,-0.3935233950614929,76.41947937011719,757.539406492,16792,0.7584269642829895,0.8515625596046448,3271680,1,1746165010.1105368
0.3222656548023224,30.561199188232422,2144,1.736889362335205,2143,0.20879051089286804,0.0078125,-0.4148041307926178,76.41947937011719,762.224245561,16904,0.7584269642829895,0.7180900573730469,3293184,1,1746165014.7954054
0.2415364682674408,28.701824188232422,2158,1.736889362335205,2157,0.2282133400440216,0.008463541977107525,-0.4347783327102661,76.41947937011719,766.909645872,17016,0.7584269642829895,0.5981608629226685,3314688,1,1746165019.4806697
0.3645833432674408,31.601564407348633,2168,1.736889362335205,2167,0.17997905611991882,0.009765625931322575,-0.4169917106628418,76.41947937011719,770.272057563,17096,0.7584269642829895,0.8179575800895691,3330048,1,1746165022.8431413
0.3235677182674408,29.36067771911621,2211,1.736889362335205,2210,0.20952270925045013,0.0078125,-0.35129326581954956,76.41947937011719,784.662655589,17440,0.7584269642829895,0.6976554989814758,3396096,1,1746165037.2337368
0.2591145932674408,30.147136688232422,2219,1.736889362335205,2218,0.1806827038526535,0.0078125,-0.41125601530075073,76.41947937011719,787.324641951,17504,0.7584269642829895,0.6441091299057007,3408384,1,1746165039.895714
0.3997395932674408,30.537761688232422,2235,1.736889362335205,2234,0.15514367818832397,0.008463541977107525,-0.4112347662448883,76.41947937011719,792.697341156,17632,0.7584269642829895,0.8191415071487427,3432960,1,1746165045.26844
0.2220052182674408,27.842449188232422,2242,1.736889362335205,2241,0.14783182740211487,0.008463541977107525,-0.4179617464542389,76.41947937011719,795.022801193,17688,0.7584269642829895,0.5595842003822327,3443712,1,1746165047.5939136
0.2207031399011612,30.631511688232422,2246,1.736889362335205,2245,0.18036805093288422,0.008463541977107525,-0.3838806748390198,76.41947937011719,796.360477606,17720,0.7584269642829895,0.6000100374221802,3449856,1,1746165048.9315717
0.2460937649011612,30.501304626464844,2249,1.736889362335205,2248,0.18435350060462952,0.0078125,-0.38511621952056885,76.41947937011719,797.387647938,17744,0.7584269642829895,0.62229984998703,3454464,1,1746165049.958777
0.3652344048023224,29.75130271911621,2254,1.736889362335205,2253,0.195659339427948,0.010416666977107525,-0.40512579679489136,76.41947937011719,799.047813303,17784,0.7584269642829895,0.7907698750495911,3462144,1,1746165051.6189442
0.3352864682674408,30.493492126464844,2257,1.736889362335205,2256,0.160783588886261,0.009765625931322575,-0.42349696159362793,76.41947937011719,800.044068503,17808,0.7584269642829895,0.7452967762947083,3466752,1,1746165052.615215
0.4101562798023224,31.178386688232422,2262,1.736889362335205,2261,0.16497668623924255,0.008463541977107525,-0.4066997468471527,76.41947937011719,801.704046557,17848,0.7584269642829895,0.8408984541893005,3474432,1,1746165054.275041
0.2402343899011612,29.570314407348633,2268,1.736889362335205,2267,0.15053600072860718,0.0078125,-0.3757133185863495,76.41947937011719,803.739186675,17896,0.7584269642829895,0.5912660360336304,3483648,1,1746165056.3103204
0.4055989682674408,30.615886688232422,2272,1.736889362335205,2271,0.18152868747711182,0.00911458395421505,-0.3455612361431122,76.41947937011719,805.105601378,17928,0.7584269642829895,0.8554069399833679,3489792,1,1746165057.6765535
0.3619791865348816,29.58333396911621,2311,1.8456709384918213,2310,0.17283467948436737,0.008463541977107525,-0.3533358573913574,75.44524383544922,818.194889876,18240,0.8635547757148743,0.7784473299980164,3549696,1,1746165070.7660158
0.2630208432674408,30.33333396911621,2355,1.8456709384918213,2354,0.1454843282699585,0.00911458395421505,-0.4185951352119446,75.44524383544922,832.977463346,18592,0.8635547757148743,0.6563664078712463,3617280,1,1746165085.5484693
0.3339844048023224,29.78645896911621,2359,1.8456709384918213,2358,0.1534094214439392,0.0078125,-0.41687482595443726,75.44524383544922,834.303782885,18624,0.8635547757148743,0.7166699171066284,3623424,1,1746165086.8747938
0.2766927182674408,30.234376907348633,2361,1.8456709384918213,2360,0.13937601447105408,0.0078125,-0.39873188734054565,75.44524383544922,834.969786937,18640,0.8635547757148743,0.6599981188774109,3626496,1,1746165087.540765
0.2760416865348816,29.460939407348633,2420,1.8456709384918213,2419,0.20090147852897644,0.0078125,-0.42443665862083435,75.44524383544922,854.754669133,19112,0.8635547757148743,0.640759289264679,3717120,1,1746165107.3258152
0.28515625,29.242189407348633,2453,1.8456709384918213,2452,0.1325273960828781,0.0078125,-0.4531879127025604,75.44524383544922,865.830407643,19376,0.8635547757148743,0.6593221426010132,3767808,1,1746165118.4015431
0.140625,25.475261688232422,2468,1.8456709384918213,2467,0.1489047110080719,0.0078125,-0.4002764821052551,75.44524383544922,870.882018981,19496,0.8635547757148743,0.40677574276924133,3790848,1,1746165123.45305
0.3535156548023224,30.743492126464844,2469,1.8456709384918213,2468,0.1613691747188568,0.0078125,-0.41171795129776,75.44524383544922,871.217833312,19504,0.8635547757148743,0.7672469019889832,3792384,1,1746165123.788852
0.2304687649011612,27.79036521911621,2472,1.8456709384918213,2471,0.11104456335306168,0.0078125,-0.43027445673942566,75.44524383544922,872.245996627,19528,0.8635547757148743,0.5766064524650574,3796992,1,1746165124.816867
0.2858073115348816,29.75130271911621,2475,1.8456709384918213,2474,0.12089605629444122,0.0078125,-0.45615336298942566,75.44524383544922,873.245429577,19552,0.8635547757148743,0.6705489158630371,3801600,1,1746165125.8163662
0.3463541865348816,30.375001907348633,2479,1.8456709384918213,2478,0.11361628770828247,0.0078125,-0.45765793323516846,75.44524383544922,874.613745076,19584,0.8635547757148743,0.7638151049613953,3807744,1,1746165127.1846993
0.3242187798023224,28.570314407348633,2509,1.8456709384918213,2508,0.11649979650974274,0.0078125,-0.5834474563598633,75.44524383544922,884.644554913,19824,0.8635547757148743,0.6832325458526611,3853824,1,1746165137.2157254
0.3352864682674408,30.980470657348633,2523,1.8456709384918213,2522,0.12746445834636688,0.0078125,-0.5468338131904602,75.44524383544922,889.339325182,19936,0.8635547757148743,0.7495443224906921,3875328,1,1746165141.9104724
0.3736979365348816,30.648439407348633,2546,1.8456709384918213,2545,0.10944418609142303,0.00911458395421505,-0.5472087860107422,75.44524383544922,897.022665446,20120,0.8635547757148743,0.7973747849464417,3910656,1,1746165149.5935931
0.3587239682674408,30.277345657348633,2593,1.8456709384918213,2592,0.10173748433589935,0.00911458395421505,-0.5359982252120972,75.44524383544922,912.812048118,20496,0.8635547757148743,0.7706858515739441,3982848,1,1746165165.3830893
0.4335937798023224,30.222658157348633,2619,1.8948383331298828,2618,0.13657140731811523,0.00911458395421505,-0.4583602547645569,73.54512786865234,921.679813821,20704,0.9025270938873291,0.8671875596046448,4022784,1,1746165174.250823
0.3886719048023224,29.178386688232422,2621,1.8948383331298828,2620,0.13021978735923767,0.008463541977107525,-0.43382591009140015,73.54512786865234,922.347350458,20720,0.9025270938873291,0.7773438096046448,4025856,1,1746165174.9185061
0.3769531548023224,30.777345657348633,2625,1.8948383331298828,2624,0.1379750370979309,0.00911458395421505,-0.479820191860199,73.54512786865234,923.679821682,20752,0.9025270938873291,0.8104256391525269,4032000,1,1746165176.2509713
0.3841145932674408,30.428386688232422,2629,1.8948383331298828,2628,0.11153766512870789,0.008463541977107525,-0.47361162304878235,73.54512786865234,925.007723298,20784,0.9025270938873291,0.8159359693527222,4038144,1,1746165177.5788398
0.3710937798023224,30.135417938232422,2651,1.8948383331298828,2650,0.10478003323078156,0.0078125,-0.4629301428794861,73.54512786865234,932.418782099,20960,0.9025270938873291,0.7858138084411621,4071936,1,1746165184.9898546
0.3170573115348816,30.44270896911621,2658,1.8948383331298828,2657,0.14070412516593933,0.0078125,-0.513691782951355,73.54512786865234,934.754017871,21016,0.9025270938873291,0.7166522145271301,4082688,1,1746165187.3248951
0.2890625298023224,29.27474021911621,2670,1.8948383331298828,2669,0.10089696943759918,0.00911458395421505,-0.47819721698760986,73.54512786865234,938.785060595,21112,0.9025270938873291,0.6649268269538879,4101120,1,1746165191.3561869
0.3391927182674408,30.503908157348633,2678,1.8948383331298828,2677,0.09596878290176392,0.008463541977107525,-0.49409914016723633,73.54512786865234,941.471090557,21176,0.9025270938873291,0.7476823329925537,4113408,1,1746165194.0416055
0.3183594048023224,29.414064407348633,2687,1.8948383331298828,2686,0.11883116513490677,0.0078125,-0.4947393536567688,73.54512786865234,944.498001941,21248,0.9025270938873291,0.7017968893051147,4127232,1,1746165197.069022
0.4270833432674408,30.285158157348633,2690,1.8948383331298828,2689,0.1185118556022644,0.00911458395421505,-0.48511844873428345,73.54512786865234,945.496990568,21272,0.9025270938873291,0.8541666865348816,4131840,1,1746165198.0680325
0.3977864682674408,31.291667938232422,2696,1.8948383331298828,2695,0.09924668073654175,0.00911458395421505,-0.4858778119087219,73.54512786865234,947.492989151,21320,0.9025270938873291,0.8308582901954651,4141056,1,1746165200.0641606
0.2838541865348816,30.40364646911621,2735,1.8948383331298828,2734,0.15547049045562744,0.008463541977107525,-0.5516674518585205,73.54512786865234,960.611954439,21632,0.9025270938873291,0.68153977394104,4200960,1,1746165213.1830244
0.3893229365348816,29.33724021911621,2742,1.8948383331298828,2741,0.10452955961227417,0.00911458395421505,-0.516647458076477,73.54512786865234,962.945339886,21688,0.9025270938873291,0.7982683181762695,4211712,1,1746165215.5163734
0.2871094048023224,28.890626907348633,2760,1.8948383331298828,2759,0.15881437063217163,0.0078125,-0.5890908241271973,73.54512786865234,968.961201606,21832,0.9025270938873291,0.6600346565246582,4239360,1,1746165221.532351
0.3183594048023224,27.951824188232422,2775,1.8948383331298828,2774,0.12754231691360474,0.008463541977107525,-0.6304551362991333,73.54512786865234,973.99016437,21952,0.9025270938873291,0.6703971028327942,4262400,1,1746165226.561325
0.4088541865348816,31.200523376464844,2779,1.8948383331298828,2778,0.14260300993919373,0.00911458395421505,-0.6343274116516113,73.54512786865234,975.318221463,21984,0.9025270938873291,0.8461100459098816,4268544,1,1746165227.8893304
0.4075520932674408,30.30989646911621,2786,1.8948383331298828,2785,0.10658982396125793,0.0078125,-0.6139716506004333,73.54512786865234,977.682325895,22040,0.9025270938873291,0.8359408378601074,4279296,1,1746165230.2532508
0.3059895932674408,30.515626907348633,2816,1.8948383331298828,2815,0.09692142903804779,0.008463541977107525,-0.5327812433242798,73.54512786865234,987.719391727,22280,0.9025270938873291,0.6909603476524353,4325376,1,1746165240.2905035
0.3463541865348816,29.82552146911621,2819,1.8948383331298828,2818,0.10717856884002686,0.008463541977107525,-0.5389679670333862,73.54512786865234,988.716717015,22304,0.9025270938873291,0.7398281693458557,4329984,1,1746165241.2878015
0.3834635615348816,29.776042938232422,2829,1.8948383331298828,2828,0.10496322065591812,0.0078125,-0.47029975056648254,73.54512786865234,992.075559672,22384,0.9025270938873291,0.7854061722755432,4345344,1,1746165244.6466787
0.3847656548023224,30.21614646911621,2831,1.8948383331298828,2830,0.1034250259399414,0.008463541977107525,-0.47885608673095703,73.54512786865234,992.744219758,22400,0.9025270938873291,0.7933593988418579,4348416,1,1746165245.3152666
0.4459635615348816,31.747398376464844,2839,1.8948383331298828,2838,0.10681019723415375,0.00911458395421505,-0.5100395679473877,73.54512786865234,995.432972278,22464,0.9025270938873291,0.9134440422058105,4360704,1,1746165248.004087
0.3964844048023224,30.451824188232422,2843,1.8948383331298828,2842,0.10491427779197693,0.009765625931322575,-0.5337874889373779,73.54512786865234,996.755139245,22496,0.9025270938873291,0.8111328482627869,4366848,1,1746165249.3262959
0.3828125298023224,29.928386688232422,2851,1.8948383331298828,2850,0.11574506014585495,0.009765625931322575,-0.5547723174095154,73.54512786865234,999.419394327,22560,0.9025270938873291,0.7836718559265137,4379136,1,1746165251.9905038
0.4003906548023224,30.498699188232422,2866,1.8948383331298828,2865,0.15721037983894348,0.010416666977107525,-0.5938451290130615,73.54512786865234,1004.470296292,22680,0.9025270938873291,0.8248779773712158,4402176,1,1746165257.0411963
0.4889323115348816,31.811199188232422,2901,1.8948383331298828,2900,0.18407481908798218,0.01106770895421505,-0.6130540370941162,73.54512786865234,1016.188567619,22960,0.9025270938873291,0.9778646230697632,4455936,1,1746165268.7597282
0.3769531548023224,31.018230438232422,2905,1.8948383331298828,2904,0.1536770462989807,0.009765625931322575,-0.5468367338180542,73.54512786865234,1017.518290155,22992,0.9025270938873291,0.8088735342025757,4462080,1,1746165270.0894704
0.3483073115348816,30.459636688232422,2937,1.8979194164276123,2936,0.15966185927391052,0.008463541977107525,-0.5849133729934692,67.38719177246094,1028.296547254,23248,0.9085366129875183,0.7673719525337219,4511232,1,1746165280.8676589
0.3632812798023224,29.080730438232422,2953,1.8979194164276123,2952,0.13207122683525085,0.008463541977107525,-0.5317589044570923,67.38719177246094,1033.632581386,23376,0.9085366129875183,0.7683627009391785,4535808,1,1746165286.2037077
0.3750000298023224,31.092449188232422,2981,1.8979194164276123,2980,0.1533978283405304,0.0078125,-0.5794824361801147,67.38719177246094,1043.038838882,23600,0.9085366129875183,0.7976465225219727,4578816,1,1746165295.6099148
0.3841145932674408,30.660158157348633,3000,1.8979194164276123,2999,0.15072588622570038,0.00911458395421505,-0.578934907913208,67.38719177246094,1049.429170285,23752,0.9085366129875183,0.8163053393363953,4608000,1,1746165302.0002553
0.3684895932674408,30.772136688232422,3033,1.8979194164276123,3032,0.14096418023109436,0.008463541977107525,-0.6021181344985962,67.38719177246094,1060.50010964,24016,0.9085366129875183,0.790827751159668,4658688,1,1746165313.0712478
0.3528645932674408,31.438804626464844,3058,1.8979194164276123,3057,0.16119804978370667,0.008463541977107525,-0.6565810441970825,67.38719177246094,1068.8852958,24216,0.9085366129875183,0.7831169366836548,4697088,1,1746165321.4563344
0.4433594048023224,31.235679626464844,3109,1.8979194164276123,3108,0.14433687925338745,0.009765625931322575,-0.7657569050788879,67.38719177246094,1085.950161556,24624,0.9085366129875183,0.8867188096046448,4775424,1,1746165338.5211592
0.3255208432674408,29.455730438232422,3124,1.8979194164276123,3123,0.10228429734706879,0.008463541977107525,-0.678209125995636,67.38719177246094,1090.972484482,24744,0.9085366129875183,0.7147600054740906,4798464,1,1746165343.543648
0.3522135615348816,30.759117126464844,3139,1.8979194164276123,3138,0.1600196361541748,0.008463541977107525,-0.6698302030563354,67.38719177246094,1095.984410403,24864,0.9085366129875183,0.7777718901634216,4821504,1,1746165348.5555727
0.3880208432674408,30.968751907348633,3150,1.8979194164276123,3149,0.12756796181201935,0.0078125,-0.6664190888404846,67.38719177246094,1099.669233015,24952,0.9085366129875183,0.8208105564117432,4838400,1,1746165352.2403615
0.3222656548023224,30.903648376464844,3154,1.8979194164276123,3153,0.10851358622312546,0.00911458395421505,-0.7021759748458862,67.38719177246094,1101.002928975,24984,0.9085366129875183,0.7278676629066467,4844544,1,1746165353.574077
0.3372395932674408,30.16927146911621,3163,1.8979194164276123,3162,0.10564081370830536,0.008463541977107525,-0.7202924489974976,67.38719177246094,1104.000472331,25056,0.9085366129875183,0.7382470965385437,4858368,1,1746165356.571534
0.4121094048023224,30.707033157348633,3168,1.8979194164276123,3167,0.1229841485619545,0.00911458395421505,-0.6312644481658936,67.38719177246094,1105.695024913,25096,0.9085366129875183,0.8542070984840393,4866048,1,1746165358.2661135
0.3287760615348816,29.772136688232422,3174,1.8979194164276123,3173,0.11105931550264359,0.00911458395421505,-0.6529105305671692,67.38719177246094,1107.716864972,25144,0.9085366129875183,0.7126280665397644,4875264,1,1746165360.288036
0.4231770932674408,30.615886688232422,3187,1.8979194164276123,3186,0.10210183262825012,0.00911458395421505,-0.7069650888442993,67.38719177246094,1112.038171181,25248,0.9085366129875183,0.8645150065422058,4895232,1,1746165364.6091743
0.3645833432674408,30.846355438232422,3202,1.8979194164276123,3201,0.07875597476959229,0.009765625931322575,-0.7158776521682739,67.38719177246094,1117.050855283,25368,0.9085366129875183,0.7830279469490051,4918272,1,1746165369.6220276
0.4329427182674408,31.601564407348633,3205,1.8979194164276123,3204,0.09532077610492706,0.010416666977107525,-0.6903077363967896,67.38719177246094,1118.049893307,25392,0.9085366129875183,0.9227498769760132,4922880,1,1746165370.621012
0.2688802182674408,28.54427146911621,3225,1.8979194164276123,3224,0.10675084590911865,0.0078125,-0.6302553415298462,67.38719177246094,1124.752704152,25552,0.9085366129875183,0.62699955701828,4953600,1,1746165377.3238106
0.3437500298023224,29.533855438232422,3235,1.8979194164276123,3234,0.10216342657804489,0.008463541977107525,-0.5804307460784912,67.38719177246094,1128.110534914,25632,0.9085366129875183,0.7225911617279053,4968960,1,1746165380.6815155
0.4101562798023224,29.740886688232422,3236,1.8979194164276123,3235,0.10038278996944427,0.008463541977107525,-0.5473164916038513,67.38719177246094,1128.443153295,25640,0.9085366129875183,0.8385188579559326,4970496,1,1746165381.0142694
0.3873698115348816,30.757814407348633,3237,1.8979194164276123,3236,0.1292981207370758,0.0078125,-0.5736372470855713,67.38719177246094,1128.776070488,25648,0.9085366129875183,0.7967807054519653,4972032,1,1746165381.3471756
0.3541666865348816,30.38020896911621,3248,1.8979194164276123,3247,0.11113789677619934,0.00911458395421505,-0.6225343346595764,67.38719177246094,1132.462324374,25736,0.9085366129875183,0.7630123496055603,4988928,1,1746165385.0333874
0.4466145932674408,31.619792938232422,3273,1.9203449487686157,3272,0.08438102155923843,0.009765625931322575,-0.6103065013885498,71.88256072998047,1140.939975845,25936,0.9257340431213379,0.9195169806480408,5027328,1,1746165393.5111122
0.3860677182674408,30.576824188232422,3284,1.9203449487686157,3283,0.092783123254776,0.00911458395421505,-0.6793293952941895,71.88256072998047,1144.595904116,26024,0.9257340431213379,0.7978271842002869,5044224,1,1746165397.166934
0.3691406548023224,28.61458396911621,3291,1.9203449487686157,3290,0.09229229390621185,0.0078125,-0.6323556900024414,71.88256072998047,1146.947955102,26080,0.9257340431213379,0.756442129611969,5054976,1,1746165399.519069
0.3854166865348816,31.326824188232422,3331,1.9203449487686157,3330,0.12313859164714813,0.00911458395421505,-0.7678111791610718,71.88256072998047,1160.309860959,26400,0.9257340431213379,0.829185426235199,5116416,1,1746165412.881044
0.4609375298023224,31.188804626464844,3334,1.9203449487686157,3333,0.1014336347579956,0.008463541977107525,-0.7833385467529297,71.88256072998047,1161.307691659,26424,0.9257340431213379,0.9218750596046448,5121024,1,1746165413.8788095
0.4147135615348816,30.977867126464844,3336,1.9203449487686157,3335,0.08779914677143097,0.008463541977107525,-0.7578648328781128,71.88256072998047,1161.996992857,26440,0.9257340431213379,0.8586881160736084,5124096,1,1746165414.567981
0.3834635615348816,31.542970657348633,3338,1.9203449487686157,3337,0.08532015979290009,0.009765625931322575,-0.7694553732872009,71.88256072998047,1162.659165795,26456,0.9257340431213379,0.8452938795089722,5127168,1,1746165415.230243
0.3515625298023224,30.576824188232422,3372,1.9203449487686157,3371,0.0828285664319992,0.00911458395421505,-0.6903047561645508,71.88256072998047,1174.025389123,26728,0.9257340431213379,0.7879830002784729,5179392,1,1746165426.5965064
0.3632812798023224,30.00520896911621,3385,1.9203449487686157,3384,0.0840088427066803,0.0078125,-0.7049723863601685,71.88256072998047,1178.383871714,26832,0.9257340431213379,0.7496386766433716,5199360,1,1746165430.9550247
0.3795573115348816,30.389324188232422,3392,1.9203449487686157,3391,0.12733156979084015,0.010416666977107525,-0.7692123651504517,71.88256072998047,1180.703596464,26888,0.9257340431213379,0.8139223456382751,5210112,1,1746165433.2747889
0.3893229365348816,30.230470657348633,3406,1.9203449487686157,3405,0.09550787508487701,0.0078125,-0.6539355516433716,71.88256072998047,1185.428495433,27000,0.9257340431213379,0.8061995506286621,5231616,1,1746165437.9995637
0.4309895932674408,30.820314407348633,3407,1.9203449487686157,3406,0.1299116611480713,0.00911458395421505,-0.6772775650024414,71.88256072998047,1185.760490175,27008,0.9257340431213379,0.8798893690109253,5233152,1,1746165438.3315892
0.3990885615348816,31.869792938232422,3412,1.9203449487686157,3411,0.07985606044530869,0.0078125,-0.6731758117675781,71.88256072998047,1187.444961344,27048,0.9257340431213379,0.8541518449783325,5240832,1,1746165440.0160928
0.3554687798023224,30.647136688232422,3413,1.9203449487686157,3412,0.08173082768917084,0.008463541977107525,-0.6700954437255859,71.88256072998047,1187.773755465,27056,0.9257340431213379,0.7553027868270874,5242368,1,1746165440.3448534
0.3678385615348816,29.533855438232422,3419,1.9203449487686157,3418,0.11212044954299927,0.0078125,-0.7042481303215027,71.88256072998047,1189.764393645,27104,0.9257340431213379,0.7803874015808105,5251584,1,1746165442.3355196
0.4186198115348816,30.14974021911621,3438,1.9203449487686157,3437,0.07909189164638519,0.008463541977107525,-0.6145675182342529,71.88256072998047,1196.165246922,27256,0.9257340431213379,0.853854238986969,5280768,1,1746165448.7363749
0.4427083432674408,31.282554626464844,3439,1.9203449487686157,3438,0.07178501784801483,0.00911458395421505,-0.6360039710998535,71.88256072998047,1196.499892976,27264,0.9257340431213379,0.9035547971725464,5282304,1,1746165449.0710204
0.4375000298023224,31.660158157348633,3446,1.9203449487686157,3445,0.0704154446721077,0.008463541977107525,-0.6048707365989685,71.88256072998047,1198.85226256,27320,0.9257340431213379,0.8750000596046448,5293056,1,1746165451.4233198
0.4407552182674408,31.270835876464844,3464,1.9203449487686157,3463,0.07484574615955353,0.010416666977107525,-0.48462748527526855,71.88256072998047,1204.860292131,27464,0.9257340431213379,0.9011418223381042,5320704,1,1746165457.4313424
0.28125,28.503908157348633,3474,1.9203449487686157,3473,0.08191419392824173,0.00911458395421505,-0.481215238571167,71.88256072998047,1208.239290616,27544,0.9257340431213379,0.6293742060661316,5336064,1,1746165460.8104346
0.4179687798023224,31.328126907348633,3478,1.9203449487686157,3477,0.07389487326145172,0.008463541977107525,-0.4498629868030548,71.88256072998047,1209.567918662,27576,0.9257340431213379,0.8689648509025574,5342208,1,1746165462.1390593
0.3769531548023224,31.440105438232422,3480,1.9203449487686157,3479,0.08589138835668564,0.008463541977107525,-0.5257570743560791,71.88256072998047,1210.236856831,27592,0.9257340431213379,0.8092057108879089,5345280,1,1746165462.8078163
0.4505208432674408,31.230470657348633,3482,1.9203449487686157,3481,0.09163056313991547,0.00911458395421505,-0.5049941539764404,71.88256072998047,1210.906359088,27608,0.9257340431213379,0.9268229603767395,5348352,1,1746165463.4775064
0.3593750298023224,29.046876907348633,3483,1.9203449487686157,3482,0.1006392315030098,0.00911458395421505,-0.5273537635803223,71.88256072998047,1211.264888424,27616,0.9257340431213379,0.757563591003418,5349888,1,1746165463.8358548
0.3951823115348816,30.501304626464844,3484,1.9203449487686157,3483,0.09760794043540955,0.0078125,-0.5210179090499878,71.88256072998047,1211.597532071,27624,0.9257340431213379,0.8087924122810364,5351424,1,1746165464.1686285
0.4173177182674408,30.985679626464844,3506,1.9203449487686157,3505,0.08446091413497925,0.008463541977107525,-0.43790069222450256,71.88256072998047,1218.943352674,27800,0.9257340431213379,0.8566903471946716,5385216,1,1746165471.5145042
0.3242187798023224,29.006511688232422,3507,1.9203449487686157,3506,0.0788516104221344,0.009765625931322575,-0.46047112345695496,71.88256072998047,1219.275587975,27808,0.9257340431213379,0.7053979635238647,5386752,1,1746165471.8467171
0.4492187798023224,31.636720657348633,3509,1.9203449487686157,3508,0.08339539170265198,0.009765625931322575,-0.4514622688293457,71.88256072998047,1219.939725452,27824,0.9257340431213379,0.9304227232933044,5389824,1,1746165472.5108612
0.3867187798023224,29.816408157348633,3547,1.9203449487686157,3546,0.09482304006814957,0.008463541977107525,-0.37476223707199097,71.88256072998047,1232.681815637,28128,0.9257340431213379,0.7935945391654968,5448192,1,1746165485.2529283
0.3730469048023224,30.496095657348633,3589,1.8460828065872192,3588,0.0836288258433342,0.009765625931322575,-0.35236191749572754,71.240966796875,1246.842132109,28464,0.8571428656578064,0.8182408809661865,5512704,1,1746165499.4132411
0.3854166865348816,31.615886688232422,3599,1.8460828065872192,3598,0.06981024146080017,0.008463541977107525,-0.4031651020050049,71.240966796875,1250.194253238,28544,0.8571428656578064,0.8329924941062927,5528064,1,1746165502.765388
0.2180989682674408,30.049480438232422,3600,1.8460828065872192,3599,0.07023993879556656,0.008463541977107525,-0.38683897256851196,71.240966796875,1250.531095437,28552,0.8571428656578064,0.5912060737609863,5529600,1,1746165503.1022243
0.3313802182674408,30.714845657348633,3606,1.8460828065872192,3605,0.08855333924293518,0.00911458395421505,-0.37509405612945557,71.240966796875,1252.538524968,28600,0.8571428656578064,0.7388045787811279,5538816,1,1746165505.1095724
0.3984375298023224,30.634117126464844,3654,1.8460828065872192,3653,0.07672835886478424,0.008463541977107525,-0.44196611642837524,71.240966796875,1268.590582377,28984,0.8571428656578064,0.8135319948196411,5612544,1,1746165521.1616564
0.3313802182674408,31.346355438232422,3656,1.8460828065872192,3655,0.10853587836027145,0.008463541977107525,-0.42023545503616333,71.240966796875,1269.290000411,29000,0.8571428656578064,0.7522234320640564,5615616,1,1746165521.8611138
0.3815104365348816,30.821617126464844,3697,1.8460828065872192,3696,0.06582388281822205,0.01106770895421505,-0.38939425349235535,71.240966796875,1283.018779816,29328,0.8571428656578064,0.8273071646690369,5678592,1,1746165535.5897803
0.4459635615348816,31.662761688232422,3700,1.8460828065872192,3699,0.08075901865959167,0.01106770895421505,-0.39743906259536743,71.240966796875,1284.050789579,29352,0.8571428656578064,0.9271563291549683,5683200,1,1746165536.6217437
0.3151041865348816,30.244792938232422,3711,1.8460828065872192,3710,0.07015980780124664,0.00911458395421505,-0.3926703929901123,71.240966796875,1287.741022488,29440,0.8571428656578064,0.714047908782959,5700096,1,1746165540.312152
0.3313802182674408,30.44270896911621,3716,1.8460828065872192,3715,0.08410096168518066,0.008463541977107525,-0.42061710357666016,71.240966796875,1289.397606942,29480,0.8571428656578064,0.7345784902572632,5707776,1,1746165541.9687731
0.4804687798023224,32.046875,3733,1.8460828065872192,3732,0.061022549867630005,0.009765625931322575,-0.3067507743835449,71.240966796875,1295.107172581,29616,0.8571428656578064,0.9609375596046448,5733888,1,1746165547.678285
0.3378906548023224,31.113283157348633,3748,1.8460828065872192,3747,0.09140269458293915,0.0078125,-0.371895432472229,71.240966796875,1300.134229365,29736,0.8571428656578064,0.7613590359687805,5756928,1,1746165552.705317
0.3736979365348816,30.347658157348633,3753,1.8460828065872192,3752,0.07068315893411636,0.008463541977107525,-0.4129142165184021,71.240966796875,1301.797644607,29776,0.8571428656578064,0.7889257073402405,5764608,1,1746165554.3687904
0.4205729365348816,31.319011688232422,3756,1.8460828065872192,3755,0.06688694655895233,0.00911458395421505,-0.39495179057121277,71.240966796875,1302.795279392,29800,0.8571428656578064,0.8637516498565674,5769216,1,1746165555.3664658
0.4251302182674408,30.619792938232422,3761,1.8460828065872192,3760,0.06684547662734985,0.00911458395421505,-0.4385780692100525,71.240966796875,1304.460467308,29840,0.8571428656578064,0.8502604365348816,5776896,1,1746165557.0315623
0.4186198115348816,31.023439407348633,3772,1.8460828065872192,3771,0.06708717346191406,0.008463541977107525,-0.3975299000740051,71.240966796875,1308.149770063,29928,0.8571428656578064,0.8372396230697632,5793792,1,1746165560.7208984
0.4361979365348816,31.605470657348633,3795,1.8460828065872192,3794,0.16500186920166016,0.00911458395421505,-0.3798670768737793,71.240966796875,1315.844296431,30112,0.8571428656578064,0.8959521651268005,5829120,1,1746165568.4153347
0.3847656548023224,31.674480438232422,3796,1.8460828065872192,3795,0.13766124844551086,0.00911458395421505,-0.35798379778862,71.240966796875,1316.176349741,30120,0.8571428656578064,0.8320397138595581,5830656,1,1746165568.7472591
0.4453125298023224,31.528648376464844,3803,1.8460828065872192,3802,0.10419779270887375,0.012369791977107525,-0.37158188223838806,71.240966796875,1318.521533922,30176,0.8571428656578064,0.9165332913398743,5841408,1,1746165571.0926845
0.4277344048023224,31.131511688232422,3830,1.8460828065872192,3829,0.073258176445961,0.00911458395421505,-0.43340516090393066,71.240966796875,1327.579612585,30392,0.8571428656578064,0.8755225539207458,5882880,1,1746165580.150546
0.4921875298023224,32.165367126464844,3845,1.8460828065872192,3844,0.08287611603736877,0.01302083395421505,-0.5550905466079712,71.240966796875,1332.570232243,30512,0.8571428656578064,1.011351227760315,5905920,1,1746165585.1413002
0.3404948115348816,30.578126907348633,3851,1.8460828065872192,3850,0.10758337378501892,0.008463541977107525,-0.5566442012786865,71.240966796875,1334.599033862,30560,0.8571428656578064,0.7510725855827332,5915136,1,1746165587.1701553
0.4986979365348816,31.769533157348633,3880,1.8460828065872192,3879,0.06636178493499756,0.010416666977107525,-0.5084244012832642,71.240966796875,1344.330425248,30792,0.8571428656578064,0.9973958730697632,5959680,1,1746165596.9014308
0.5162760615348816,32.19140625,3904,1.9705679416656494,3903,0.09958639740943909,0.011718750931322575,-0.545485258102417,64.93043518066406,1352.483576133,30984,0.9739130735397339,1.0325521230697632,5996544,1,1746165605.0546718
0.3606770932674408,31.869792938232422,3910,1.9705679416656494,3909,0.08522717654705048,0.00911458395421505,-0.5481835603713989,64.93043518066406,1354.507560102,31032,0.9739130735397339,0.8180964589118958,6005760,1,1746165607.0785365
0.3457031548023224,30.35286521911621,3916,1.9705679416656494,3915,0.07998572289943695,0.009765625931322575,-0.527289092540741,64.93043518066406,1356.503655395,31080,0.9739130735397339,0.7690023183822632,6014976,1,1746165609.0747464
0.4856771230697632,31.782554626464844,3935,1.9705679416656494,3934,0.09269821643829346,0.00911458395421505,-0.48299121856689453,64.93043518066406,1362.862060766,31232,0.9739130735397339,0.9713542461395264,6044160,1,1746165615.4331858
0.4700520932674408,31.548179626464844,3959,1.9705679416656494,3958,0.09823255240917206,0.008463541977107525,-0.5521163940429688,64.93043518066406,1370.924135847,31424,0.9739130735397339,0.9401041865348816,6081024,1,1746165623.4952397
0.4472656548023224,31.361980438232422,3975,1.9705679416656494,3974,0.07758210599422455,0.01106770895421505,-0.522223949432373,64.93043518066406,1376.273894136,31552,0.9739130735397339,0.917890727519989,6105600,1,1746165628.8446078
0.4394531548023224,31.065105438232422,4000,1.9705679416656494,3999,0.06770019233226776,0.009765625931322575,-0.4508257210254669,64.93043518066406,1384.655623979,31752,0.9739130735397339,0.89585942029953,6144000,1,1746165637.2266972
0.4915364980697632,31.014324188232422,4046,1.9705679416656494,4045,0.07212980091571808,0.012369791977107525,-0.477622389793396,64.93043518066406,1400.04854525,32120,0.9739130735397339,0.9830729961395264,6214656,1,1746165652.6194582
0.4199219048023224,30.533855438232422,4050,1.9705679416656494,4049,0.08595606684684753,0.01106770895421505,-0.4764499068260193,64.93043518066406,1401.415604272,32152,0.9739130735397339,0.8750928640365601,6220800,1,1746165653.9867077
0.3567708432674408,30.40364646911621,4064,1.9705679416656494,4063,0.09563164412975311,0.008463541977107525,-0.45888787508010864,64.93043518066406,1406.08080642,32264,0.9739130735397339,0.7897319197654724,6242304,1,1746165658.6518958
0.4648437798023224,31.398439407348633,4100,1.9705679416656494,4099,0.05348993092775345,0.01106770895421505,-0.4006957709789276,64.93043518066406,1418.186752396,32552,0.9739130735397339,0.9511719346046448,6297600,1,1746165670.7578783
0.5084635615348816,32.1796875,4116,1.9705679416656494,4115,0.0692070871591568,0.011718750931322575,-0.46413975954055786,64.93043518066406,1423.523959159,32680,0.9739130735397339,1.0169271230697632,6322176,1,1746165676.0950406
0.4876302480697632,32.03385543823242,4117,1.9705679416656494,4116,0.06747105717658997,0.010416666977107525,-0.4527926445007324,64.93043518066406,1423.854266758,32688,0.9739130735397339,0.9752604961395264,6323712,1,1746165676.4253602
0.4394531548023224,31.391929626464844,4119,1.9705679416656494,4118,0.07496020197868347,0.01106770895421505,-0.4640791416168213,64.93043518066406,1424.517328973,32704,0.9739130735397339,0.904170036315918,6326784,1,1746165677.0884657
0.4010416865348816,30.34895896911621,4134,1.9705679416656494,4133,0.058332543820142746,0.00911458395421505,-0.43308353424072266,64.93043518066406,1429.522350066,32824,0.9739130735397339,0.8237044215202332,6349824,1,1746165682.0934658
0.4524739682674408,31.743492126464844,4150,1.9705679416656494,4149,0.08402968943119049,0.01106770895421505,-0.5069200992584229,64.93043518066406,1434.901202672,32952,0.9739130735397339,0.9352184534072876,6374400,1,1746165687.4723065
0.4713541865348816,32.06510543823242,4163,1.9705679416656494,4162,0.13132844865322113,0.010416666977107525,-0.6526103019714355,64.93043518066406,1439.231008158,33056,0.9739130735397339,0.975645899772644,6394368,1,1746165691.8020759
0.4869791865348816,31.690105438232422,4181,1.9705679416656494,4180,0.09039576351642609,0.01106770895421505,-0.5959986448287964,64.93043518066406,1445.286058181,33200,0.9739130735397339,0.9739583730697632,6422016,1,1746165697.8571086
0.4902344048023224,32.134117126464844,4192,1.9705679416656494,4191,0.05268605798482895,0.012369791977107525,-0.5219736695289612,64.93043518066406,1448.978235946,33288,0.9739130735397339,1.0156614780426025,6438912,1,1746165701.549389
0.3867187798023224,31.674480438232422,4195,1.9705679416656494,4194,0.050910502672195435,0.009765625931322575,-0.5348492860794067,64.93043518066406,1449.975381912,33312,0.9739130735397339,0.8661976456642151,6443520,1,1746165702.5465674
0.4739583432674408,31.805992126464844,4196,1.9705679416656494,4195,0.05017947405576706,0.011718750931322575,-0.5361222624778748,64.93043518066406,1450.308048935,33320,0.9739130735397339,0.9760326147079468,6445056,1,1746165702.879201
0.4173177182674408,31.207033157348633,4201,1.9705679416656494,4200,0.07114018499851227,0.01106770895421505,-0.5637167692184448,64.93043518066406,1451.964232609,33360,0.9739130735397339,0.9023128747940063,6452736,1,1746165704.5353377
0.4290364682674408,31.054689407348633,4222,1.9705679416656494,4221,0.07038499414920807,0.01106770895421505,-0.5021675825119019,64.93043518066406,1458.983397789,33528,0.9739130735397339,0.9019564390182495,6484992,1,1746165711.5544667
0.4335937798023224,31.494792938232422,4238,1.9735156297683716,4237,0.07106014341115952,0.010416666977107525,-0.442385196685791,60.45030975341797,1464.424038549,33656,0.9754601716995239,0.9081279039382935,6509568,1,1746165716.9951699
0.5006510615348816,31.065105438232422,4239,1.9735156297683716,4238,0.07148309051990509,0.012369791977107525,-0.4563754200935364,60.45030975341797,1464.756460252,33664,0.9754601716995239,1.0013021230697632,6511104,1,1746165717.3275256
0.4329427182674408,31.350261688232422,4245,1.9735156297683716,4244,0.0843849927186966,0.01106770895421505,-0.48352888226509094,60.45030975341797,1466.757166362,33712,0.9754601716995239,0.9133591651916504,6520320,1,1746165719.32825
0.5026041865348816,31.445314407348633,4253,1.9735156297683716,4252,0.06048407778143883,0.01106770895421505,-0.4793691039085388,60.45030975341797,1469.447863122,33776,0.9754601716995239,1.0052083730697632,6532608,1,1746165722.0190275
0.4492187798023224,31.376304626464844,4276,1.9735156297683716,4275,0.05425833910703659,0.011718750931322575,-0.4784843325614929,60.45030975341797,1477.118059286,33960,0.9754601716995239,0.9236572980880737,6567936,1,1746165729.6892374
0.4264323115348816,31.415367126464844,4299,1.9735156297683716,4298,0.07313643395900726,0.01106770895421505,-0.4029737710952759,60.45030975341797,1484.836605173,34144,0.9754601716995239,0.908896267414093,6603264,1,1746165737.4077444
0.3919270932674408,31.437501907348633,4303,1.9735156297683716,4302,0.07746776938438416,0.010416666977107525,-0.38110706210136414,60.45030975341797,1486.166075624,34176,0.9754601716995239,0.841449499130249,6609408,1,1746165738.7371302
0.4322916865348816,32.013023376464844,4319,1.9735156297683716,4318,0.06277189403772354,0.010416666977107525,-0.35989910364151,60.45030975341797,1491.522080957,34304,0.9754601716995239,0.924161970615387,6633984,1,1746165744.0932353
0.5078125,31.834636688232422,4328,1.9735156297683716,4327,0.08383191376924515,0.012369791977107525,-0.4416235685348511,60.45030975341797,1494.531386831,34376,0.9754601716995239,1.015625,6647808,1,1746165747.1024954
0.4407552182674408,31.035158157348633,4349,1.9735156297683716,4348,0.08013218641281128,0.009765625931322575,-0.3761875033378601,60.45030975341797,1501.572702712,34544,0.9754601716995239,0.89850914478302,6680064,1,1746165754.143833
0.4498698115348816,31.520835876464844,4365,1.9735156297683716,4364,0.06442010402679443,0.01106770895421505,-0.3731338381767273,60.45030975341797,1506.921080893,34672,0.9754601716995239,0.9340990781784058,6704640,1,1746165759.4920948
0.5260416865348816,31.975261688232422,4399,1.9735156297683716,4398,0.07380101084709167,0.01106770895421505,-0.40365833044052124,60.45030975341797,1518.301613185,34944,0.9754601716995239,1.0520833730697632,6756864,1,1746165770.872731
0.4388020932674408,31.481773376464844,4404,1.9735156297683716,4403,0.07337558269500732,0.013671875931322575,-0.3649994134902954,60.45030975341797,1519.963451129,34984,0.9754601716995239,0.9290821552276611,6764544,1,1746165772.5346415
0.4863281548023224,31.345054626464844,4412,1.9735156297683716,4411,0.07638546824455261,0.01302083395421505,-0.3351455330848694,60.45030975341797,1522.669279353,35048,0.9754601716995239,1.0006217956542969,6776832,1,1746165775.2401388
0.533203125,31.868492126464844,4421,1.9735156297683716,4420,0.10525774955749512,0.013671875931322575,-0.3561621606349945,60.45030975341797,1525.685975835,35120,0.9754601716995239,1.06640625,6790656,1,1746165778.257066
0.4791666865348816,31.643230438232422,4424,1.9735156297683716,4423,0.09831339120864868,0.013671875931322575,-0.35837745666503906,60.45030975341797,1526.681363928,35144,0.9754601716995239,0.9794076085090637,6795264,1,1746165779.2524993
0.5286458730697632,31.959636688232422,4433,1.9735156297683716,4432,0.08138734102249146,0.01302083395421505,-0.3942848742008209,60.45030975341797,1529.715538795,35216,0.9754601716995239,1.0572917461395264,6809088,1,1746165782.286475
0.4869791865348816,31.996095657348633,4455,1.9735156297683716,4454,0.1366845667362213,0.009765625931322575,-0.3718084692955017,60.45030975341797,1537.072612924,35392,0.9754601716995239,0.9739583730697632,6842880,1,1746165789.643558
0.53515625,32.05078125,4460,1.9735156297683716,4459,0.09092256426811218,0.014322916977107525,-0.3648115396499634,60.45030975341797,1538.762277578,35432,0.9754601716995239,1.0703125,6850560,1,1746165791.333383
0.5286458730697632,32.03125,4464,1.9735156297683716,4463,0.07731589674949646,0.013671875931322575,-0.40799811482429504,60.45030975341797,1540.091769329,35464,0.9754601716995239,1.0572917461395264,6856704,1,1746165792.6628366
0.5032552480697632,31.830730438232422,4476,1.9735156297683716,4475,0.07664218544960022,0.012369791977107525,-0.39778557419776917,60.45030975341797,1544.120339798,35560,0.9754601716995239,1.0065104961395264,6875136,1,1746165796.6914513
0.4863281548023224,30.981773376464844,4485,1.9735156297683716,4484,0.09200052171945572,0.01302083395421505,-0.3795766830444336,60.45030975341797,1547.101393484,35632,0.9754601716995239,0.9902018904685974,6888960,1,1746165799.6725028
0.5227864980697632,31.872398376464844,4495,1.9735156297683716,4494,0.08399854600429535,0.01302083395421505,-0.41446131467819214,60.45030975341797,1550.445278397,35712,0.9754601716995239,1.0455729961395264,6904320,1,1746165803.0164545
0.5104166865348816,32.16276168823242,4505,1.9735156297683716,4504,0.07507424056529999,0.012369791977107525,-0.4370369613170624,60.45030975341797,1553.798479399,35792,0.9754601716995239,1.0208333730697632,6919680,1,1746165806.3695793
0.5026041865348816,31.932292938232422,4507,1.9735156297683716,4506,0.08777199685573578,0.01302083395421505,-0.38553062081336975,60.45030975341797,1554.461608703,35808,0.9754601716995239,1.0052083730697632,6922752,1,1746165807.0327346
0.4895833730697632,31.290367126464844,4512,1.9735156297683716,4511,0.07520837336778641,0.013671875931322575,-0.4213958978652954,60.45030975341797,1556.121982712,35848,0.9754601716995239,1.0008593797683716,6930432,1,1746165808.693161
0.4446614682674408,31.949220657348633,4538,1.9735156297683716,4537,0.10225193202495575,0.012369791977107525,-0.44285792112350464,60.45030975341797,1564.895294565,36056,0.9754601716995239,0.9571892023086548,6970368,1,1746165817.4663925
0.5299479365348816,31.868492126464844,4548,1.9735156297683716,4547,0.07319076359272003,0.01302083395421505,-0.43275365233421326,60.45030975341797,1568.239666331,36136,0.9754601716995239,1.0598958730697632,6985728,1,1746165820.8107347
0.4680989682674408,31.558595657348633,4572,1.9973291158676147,4571,0.06682802736759186,0.011718750931322575,-0.4841623902320862,59.82709503173828,1576.385219686,36328,0.9977973699569702,0.9361979365348816,7022592,1,1746165828.9563482
0.5266927480697632,31.924480438232422,4573,1.9973291158676147,4572,0.07162129878997803,0.013671875931322575,-0.45107075572013855,59.82709503173828,1576.7178704,36336,0.9977973699569702,1.0533854961395264,7024128,1,1746165829.2889435
0.5455729365348816,32.25,4574,1.9973291158676147,4573,0.08299490809440613,0.01302083395421505,-0.4551911950111389,59.82709503173828,1577.049906982,36344,0.9977973699569702,1.0911458730697632,7025664,1,1746165829.621002
0.5403646230697632,32.20703125,4591,1.9973291158676147,4590,0.06504033505916595,0.011718750931322575,-0.5289713144302368,59.82709503173828,1582.744435731,36480,0.9977973699569702,1.0807292461395264,7051776,1,1746165835.3155253
0.515625,31.981773376464844,4606,1.9973291158676147,4605,0.05649854987859726,0.014322916977107525,-0.5403997898101807,59.82709503173828,1587.796480038,36600,0.9977973699569702,1.0612074136734009,7074816,1,1746165840.3676605
0.5501302480697632,32.067710876464844,4625,1.9973291158676147,4624,0.05768071115016937,0.01497395895421505,-0.4775279760360718,59.82709503173828,1594.161589153,36752,0.9977973699569702,1.1002604961395264,7104000,1,1746165846.7327092
0.4674479365348816,31.458335876464844,4628,1.9973291158676147,4627,0.06845599412918091,0.010416666977107525,-0.4991025924682617,59.82709503173828,1595.152716597,36776,0.9977973699569702,0.9603190422058105,7108608,1,1746165847.7238786
0.4680989682674408,32.04296875,4632,1.9973291158676147,4631,0.06775558739900589,0.011718750931322575,-0.5105557441711426,59.82709503173828,1596.483263613,36808,0.9977973699569702,0.9697136282920837,7114752,1,1746165849.0542305
0.4667969048023224,31.234376907348633,4633,1.9973291158676147,4632,0.060944437980651855,0.01302083395421505,-0.5175695419311523,59.82709503173828,1596.818423276,36816,0.9977973699569702,0.9586670398712158,7116288,1,1746165849.3895345
0.556640625,31.907554626464844,4643,1.9973291158676147,4642,0.0670597180724144,0.01497395895421505,-0.464644193649292,59.82709503173828,1600.17151557,36896,0.9977973699569702,1.11328125,7131648,1,1746165852.7426567
0.51953125,32.087242126464844,4646,1.9973291158676147,4645,0.07852505147457123,0.013671875931322575,-0.47383758425712585,59.82709503173828,1601.169803165,36920,0.9977973699569702,1.0390625,7136256,1,1746165853.7409186
0.5227864980697632,31.863283157348633,4665,1.9973291158676147,4664,0.08365647494792938,0.013671875931322575,-0.4442695379257202,59.82709503173828,1607.474064908,37072,0.9977973699569702,1.0455729961395264,7165440,1,1746165860.0452597
0.4960937798023224,31.622398376464844,4674,1.9973291158676147,4673,0.09146033227443695,0.012369791977107525,-0.4714010953903198,59.82709503173828,1610.464698411,37144,0.9977973699569702,1.0164014101028442,7179264,1,1746165863.0359166
0.5338541865348816,31.936199188232422,4683,1.9973291158676147,4682,0.07159002125263214,0.012369791977107525,-0.4703095555305481,59.82709503173828,1613.42329344,37216,0.9977973699569702,1.0677083730697632,7193088,1,1746165865.994399
0.4921875298023224,31.826824188232422,4700,1.9973291158676147,4699,0.06900784373283386,0.012369791977107525,-0.4587140381336212,59.82709503173828,1619.013964837,37352,0.9977973699569702,0.9872070550918579,7219200,1,1746165871.5851254
0.4244791865348816,31.381511688232422,4787,1.9973291158676147,4786,0.038091808557510376,0.01302083395421505,-0.20004752278327942,59.82709503173828,1647.88569055,38048,0.9977973699569702,0.9151976704597473,7352832,1,1746165900.4566908
0.5377604365348816,32.028648376464844,4808,1.9973291158676147,4807,0.03816621005535126,0.012369791977107525,-0.155114084482193,59.82709503173828,1654.816273387,38216,0.9977973699569702,1.0755208730697632,7385088,1,1746165907.387426
0.5462239980697632,32.06901168823242,4811,1.9973291158676147,4810,0.04201539605855942,0.013671875931322575,-0.11410368978977203,59.82709503173828,1655.803879843,38240,0.9977973699569702,1.0924479961395264,7389696,1,1746165908.3750284
0.5266927480697632,31.954429626464844,4847,1.9973291158676147,4846,0.03899190202355385,0.013671875931322575,-0.24018599092960358,59.82709503173828,1667.78546796,38528,0.9977973699569702,1.0533854961395264,7444992,1,1746165920.3566222
0.5631510615348816,31.855470657348633,4858,1.9973291158676147,4857,0.0788014680147171,0.01497395895421505,-0.1839425265789032,59.82709503173828,1671.426681494,38616,0.9977973699569702,1.1263021230697632,7461888,1,1746165923.9978094
0.537109375,32.12760543823242,4870,1.9973291158676147,4869,0.04244016483426094,0.01302083395421505,-0.21410121023654938,59.82709503173828,1675.378716032,38712,0.9977973699569702,1.07421875,7480320,1,1746165927.9496722
0.5227864980697632,31.697917938232422,4873,1.9973291158676147,4872,0.03727814182639122,0.013671875931322575,-0.2013259083032608,59.82709503173828,1676.397097936,38736,0.9977973699569702,1.0455729961395264,7484928,1,1746165928.9680889
0.552734375,31.921876907348633,4880,1.9941483736038208,4879,0.06649857759475708,0.01497395895421505,-0.17880254983901978,57.906150817871094,1678.773668262,38792,0.9947862029075623,1.10546875,7495680,1,1746165931.344808
0.5377604365348816,32.044273376464844,4889,1.9941483736038208,4888,0.053851932287216187,0.013671875931322575,-0.1795930564403534,57.906150817871094,1681.741024134,38864,0.9947862029075623,1.0755208730697632,7509504,1,1746165934.312124
0.513671875,32.140625,4997,1.9941483736038208,4996,0.03226729482412338,0.013671875931322575,-0.2569928765296936,57.906150817871094,1717.948374653,39728,0.9947862029075623,1.02734375,7675392,1,1746165970.5193853
0.5748698115348816,31.979167938232422,5020,1.9941483736038208,5019,0.032189879566431046,0.015625,-0.226516455411911,57.906150817871094,1725.69314585,39912,0.9947862029075623,1.1497396230697632,7710720,1,1746165978.2642732
0.5442708730697632,31.820314407348633,5050,1.9941483736038208,5049,0.022099753841757774,0.013671875931322575,-0.2860566973686218,57.906150817871094,1735.837650689,40152,0.9947862029075623,1.0885417461395264,7756800,1,1746165988.4087267
0.5559896230697632,31.669273376464844,5056,1.9941483736038208,5055,0.030174117535352707,0.014322916977107525,-0.29278528690338135,57.906150817871094,1737.878068775,40200,0.9947862029075623,1.1119792461395264,7766016,1,1746165990.449159
0.5286458730697632,31.730470657348633,5065,1.9941483736038208,5064,0.035392917692661285,0.01497395895421505,-0.3315843343734741,57.906150817871094,1740.903809547,40272,0.9947862029075623,1.0572917461395264,7779840,1,1746165993.4749022
0.5143229365348816,31.808595657348633,5119,1.9941483736038208,5118,0.025023672729730606,0.01302083395421505,-0.34132033586502075,57.906150817871094,1759.165978038,40704,0.9947862029075623,1.0286458730697632,7862784,1,1746166011.7367225
0.5618489980697632,32.11328125,5146,1.9941483736038208,5145,0.04834610968828201,0.01497395895421505,-0.3123677968978882,57.906150817871094,1768.288803577,40920,0.9947862029075623,1.1236979961395264,7904256,1,1746166020.85953
0.4544270932674408,31.296876907348633,5173,1.9941483736038208,5172,0.02858821302652359,0.01302083395421505,-0.36237284541130066,57.906150817871094,1777.356544684,41136,0.9947862029075623,0.9528890252113342,7945728,1,1746166029.927035
0.5032552480697632,31.868492126464844,5174,1.9941483736038208,5173,0.033802539110183716,0.01302083395421505,-0.3593810796737671,57.906150817871094,1777.689053207,41144,0.9947862029075623,1.042496681213379,7947264,1,1746166030.2596157
0.4648437798023224,31.845054626464844,5198,1.9941483736038208,5197,0.030655432492494583,0.01302083395421505,-0.32668808102607727,57.906150817871094,1785.787450491,41336,0.9947862029075623,0.9604296684265137,7984128,1,1746166038.3581986
0.4986979365348816,31.753908157348633,5208,1.995701551437378,5207,0.036435242742300034,0.014322916977107525,-0.3521125912666321,55.97631072998047,1789.198054689,41416,0.9958805441856384,1.0215950012207031,7999488,1,1746166041.7683327
0.4934896230697632,31.820314407348633,5229,1.995701551437378,5228,0.03234017640352249,0.012369791977107525,-0.3224450945854187,55.97631072998047,1796.323270924,41584,0.9958805441856384,1.0225660800933838,8031744,1,1746166048.8940766
0.5006510615348816,31.808595657348633,5259,1.995701551437378,5258,0.047536734491586685,0.01302083395421505,-0.3810146749019623,55.97631072998047,1806.411841759,41824,0.9958805441856384,1.02372407913208,8077824,1,1746166058.982679
0.5123698115348816,32.20963668823242,5268,1.995701551437378,5267,0.041733913123607635,0.012369791977107525,-0.33133506774902344,55.97631072998047,1809.436788582,41896,0.9958805441856384,1.0247396230697632,8091648,1,1746166062.0079067
0.5221354365348816,31.949220657348633,5278,1.995701551437378,5277,0.026465313509106636,0.014322916977107525,-0.3095310628414154,55.97631072998047,1812.795644955,41976,0.9958805441856384,1.0442708730697632,8107008,1,1746166065.3666966
0.53515625,32.04948043823242,5279,1.995701551437378,5278,0.028299883008003235,0.013671875931322575,-0.3418337106704712,55.97631072998047,1813.1266083,41984,0.9958805441856384,1.0703125,8108544,1,1746166065.697701
0.5227864980697632,32.052085876464844,5305,1.995701551437378,5304,0.020174238830804825,0.014322916977107525,-0.38438692688941956,55.97631072998047,1821.897090714,42192,0.9958805441856384,1.0455729961395264,8148480,1,1746166074.4681833
0.5221354365348816,31.713542938232422,5326,1.995701551437378,5325,0.02189311571419239,0.01302083395421505,-0.30569037795066833,55.97631072998047,1828.997410034,42360,0.9958805441856384,1.0442708730697632,8180736,1,1746166081.5685024
0.4212239682674408,30.864585876464844,5343,1.995701551437378,5342,0.019716983661055565,0.012369791977107525,-0.365401029586792,55.97631072998047,1834.714674442,42496,0.9958805441856384,0.8912158608436584,8206848,1,1746166087.2857728
0.5579427480697632,31.540367126464844,5374,1.995701551437378,5373,0.016652395948767662,0.01497395895421505,-0.3087117373943329,55.97631072998047,1845.141670583,42744,0.9958805441856384,1.118323564529419,8254464,1,1746166097.712589
0.5,31.876304626464844,5386,1.995701551437378,5385,0.015613957308232784,0.01302083395421505,-0.257388174533844,55.97631072998047,1849.18525892,42840,0.9958805441856384,1.0325521230697632,8272896,1,1746166101.756341
0.5794271230697632,32.1484375,5392,1.995701551437378,5391,0.022001253440976143,0.014322916977107525,-0.40093734860420227,55.97631072998047,1851.212980909,42888,0.9958805441856384,1.1588542461395264,8282112,1,1746166103.783936
0.5638021230697632,31.557292938232422,5393,1.995701551437378,5392,0.019723422825336456,0.015625,-0.39735084772109985,55.97631072998047,1851.547261766,42896,0.9958805441856384,1.1276042461395264,8283648,1,1746166104.1183333
0.5592448115348816,31.864585876464844,5397,1.995701551437378,5396,0.040037840604782104,0.01497395895421505,-0.5117946863174438,55.97631072998047,1852.905224988,42928,0.9958805441856384,1.1184896230697632,8289792,1,1746166105.4763477
0.5110677480697632,31.942710876464844,5405,1.995701551437378,5404,0.054360177367925644,0.01302083395421505,-0.49112948775291443,55.97631072998047,1855.582129701,42992,0.9958805441856384,1.058362603187561,8302080,1,1746166108.1531239
0.5787760615348816,31.759117126464844,5424,1.995701551437378,5423,0.016125746071338654,0.01497395895421505,-0.4443804919719696,55.97631072998047,1861.98998584,43144,0.9958805441856384,1.1575521230697632,8331264,1,1746166114.561093
0.5397135615348816,31.968751907348633,5432,1.995701551437378,5431,0.016419660300016403,0.01497395895421505,-0.40827125310897827,55.97631072998047,1864.678491636,43208,0.9958805441856384,1.1094856262207031,8343552,1,1746166117.249581
0.5501302480697632,31.811199188232422,5437,1.995701551437378,5436,0.01507880911231041,0.014322916977107525,-0.4064766764640808,55.97631072998047,1866.373675066,43248,0.9958805441856384,1.1002604961395264,8351232,1,1746166118.944756
0.5651041865348816,31.821617126464844,5440,1.995701551437378,5439,0.01811920665204525,0.015625,-0.42072343826293945,55.97631072998047,1867.373719427,43272,0.9958805441856384,1.1302083730697632,8355840,1,1746166119.944343
0.5188802480697632,31.690105438232422,5498,1.995701551437378,5497,0.016668271273374557,0.014322916977107525,-0.33713454008102417,55.97631072998047,1886.887917028,43736,0.9958805441856384,1.0698590278625488,8444928,1,1746166139.4590828
0.5071614980697632,31.855470657348633,5508,1.995701551437378,5507,0.04324229061603546,0.01302083395421505,-0.17960116267204285,55.97631072998047,1890.251602246,43816,0.9958805441856384,1.0143229961395264,8460288,1,1746166142.822614
0.4863281548023224,31.898439407348633,5526,1.9840892553329468,5525,0.017121393233537674,0.01302083395421505,-0.23911447823047638,56.90678024291992,1896.39319379,43960,0.9851694703102112,1.0100643634796143,8487936,1,1746166148.9643335
0.4615885615348816,31.583335876464844,5530,1.9840892553329468,5529,0.014890644699335098,0.011718750931322575,-0.21591591835021973,56.90678024291992,1897.742539773,43992,0.9851694703102112,0.9589356184005737,8494080,1,1746166150.3135076
0.4941406548023224,31.597658157348633,5542,1.9840892553329468,5541,0.023406479507684708,0.012369791977107525,-0.2317781001329422,56.90678024291992,1901.765144523,44088,0.9851694703102112,1.0172557830810547,8512512,1,1746166154.3362596
0.4967448115348816,31.235679626464844,5547,1.9840892553329468,5546,0.039340484887361526,0.01302083395421505,-0.13262224197387695,56.90678024291992,1903.446267868,44128,0.9851694703102112,1.0194661617279053,8520192,1,1746166156.0174198
0.5299479365348816,31.585939407348633,5585,1.9840892553329468,5584,0.015982409939169884,0.01497395895421505,-0.2093941867351532,56.90678024291992,1916.264422656,44432,0.9851694703102112,1.083936333656311,8578560,1,1746166168.8353438
0.5416666865348816,31.915367126464844,5587,1.9840892553329468,5586,0.010406511835753918,0.013671875931322575,-0.1913461983203888,56.90678024291992,1916.929371023,44448,0.9851694703102112,1.0833333730697632,8581632,1,1746166169.5004709
0.5514323115348816,31.875001907348633,5596,1.9840892553329468,5595,0.014290619641542435,0.015625,-0.21858248114585876,56.90678024291992,1919.952157836,44520,0.9851694703102112,1.1028646230697632,8595456,1,1746166172.5231855
0.5384114980697632,31.811199188232422,5599,1.9840892553329468,5598,0.013899349607527256,0.014322916977107525,-0.22461089491844177,56.90678024291992,1920.985692737,44544,0.9851694703102112,1.0768229961395264,8600064,1,1746166173.5567913
0.5611979365348816,31.753908157348633,5608,1.9840892553329468,5607,0.013258378952741623,0.01497395895421505,-0.1374732106924057,56.90678024291992,1924.024587515,44616,0.9851694703102112,1.1223958730697632,8613888,1,1746166176.5957391
0.5852864980697632,31.967449188232422,5610,1.9840892553329468,5609,0.014402270317077637,0.015625,-0.13556647300720215,56.90678024291992,1924.690848853,44632,0.9851694703102112,1.1705729961395264,8616960,1,1746166177.261946
0.5169271230697632,31.897136688232422,5620,1.9840892553329468,5619,0.01750870607793331,0.013671875931322575,-0.12532003223896027,56.90678024291992,1928.074613674,44712,0.9851694703102112,1.0663297176361084,8632320,1,1746166180.6456952
0.5716146230697632,32.01823043823242,5626,1.9840892553329468,5625,0.022815581411123276,0.014322916977107525,-0.16196072101593018,56.90678024291992,1930.09947572,44760,0.9851694703102112,1.1432292461395264,8641536,1,1746166182.670269
0.5748698115348816,31.967449188232422,5637,1.9840892553329468,5636,0.01830822043120861,0.01497395895421505,-0.1632729172706604,56.90678024291992,1933.788805249,44848,0.9851694703102112,1.1497396230697632,8658432,1,1746166186.3597977
0.5013021230697632,31.621095657348633,5641,1.9840892553329468,5640,0.0211985744535923,0.01497395895421505,-0.15031857788562775,56.90678024291992,1935.146580088,44880,0.9851694703102112,1.0315585136413574,8664576,1,1746166187.7176917
0.5761719346046448,31.945314407348633,5648,1.9840892553329468,5647,0.01509424764662981,0.015625,-0.13502447307109833,56.90678024291992,1937.539904496,44936,0.9851694703102112,1.1523438692092896,8675328,1,1746166190.0744734
0.5572916865348816,32.05859375,5660,1.9840892553329468,5659,0.018667325377464294,0.015625,-0.17471013963222504,56.90678024291992,1941.583007072,45032,0.9851694703102112,1.1145833730697632,8693760,1,1746166194.1539896
0.5266927480697632,31.949220657348633,5677,1.9840892553329468,5676,0.01834722049534321,0.013671875931322575,-0.11984068900346756,56.90678024291992,1947.287347885,45168,0.9851694703102112,1.0533854961395264,8719872,1,1746166199.8584776
0.5169271230697632,31.519533157348633,5680,1.9840892553329468,5679,0.023455247282981873,0.01302083395421505,-0.12104746699333191,56.90678024291992,1948.294509603,45192,0.9851694703102112,1.0598649978637695,8724480,1,1746166200.865617
0.4368489682674408,31.548179626464844,5709,1.9840892553329468,5708,0.013414641842246056,0.012369791977107525,-0.15189680457115173,56.90678024291992,1958.092920625,45424,0.9851694703102112,0.9431918263435364,8769024,1,1746166210.6637936
0.5709635615348816,31.998699188232422,5722,1.9840892553329468,5721,0.01997981034219265,0.014322916977107525,-0.15868638455867767,56.90678024291992,1962.440835316,45528,0.9851694703102112,1.1419271230697632,8788992,1,1746166215.0119002
0.4440104365348816,31.630210876464844,5740,1.9840892553329468,5739,0.014850580133497715,0.013671875931322575,-0.22289763391017914,56.90678024291992,1968.51739363,45672,0.9851694703102112,0.9475879669189453,8816640,1,1746166221.0884418
0.4407552182674408,31.673179626464844,5748,1.9840892553329468,5747,0.027880879119038582,0.009765625931322575,-0.23499712347984314,56.90678024291992,1971.207079111,45736,0.9851694703102112,0.9212579727172852,8828928,1,1746166223.7781153
0.4941406548023224,31.933595657348633,5762,1.9840892553329468,5761,0.01613735221326351,0.013671875931322575,-0.2341844141483307,56.90678024291992,1975.915766513,45848,0.9851694703102112,1.02275550365448,8850432,1,1746166228.4867685
0.5104166865348816,32.079429626464844,5776,1.9840892553329468,5775,0.02896104007959366,0.014322916977107525,-0.27887725830078125,56.90678024291992,1980.627287488,45960,0.9851694703102112,1.0485237836837769,8871936,1,1746166233.1984277
0.4798177480697632,31.451824188232422,5786,1.9840892553329468,5785,0.01973291113972664,0.01302083395421505,-0.30023056268692017,56.90678024291992,1984.01924575,46040,0.9851694703102112,0.9935177564620972,8887296,1,1746166236.5903602
0.5143229365348816,31.680992126464844,5811,1.9840892553329468,5810,0.022681714966893196,0.01497395895421505,-0.2944745123386383,56.90678024291992,1992.414715265,46240,0.9851694703102112,1.0557845830917358,8925696,1,1746166244.9858088
0.5104166865348816,32.06901168823242,5814,1.9840892553329468,5813,0.024111226201057434,0.013671875931322575,-0.3058786392211914,56.90678024291992,1993.440827777,46264,0.9851694703102112,1.06000554561615,8930304,1,1746166246.0119328
0.4902344048023224,31.355470657348633,5834,1.9840892553329468,5833,0.024734806269407272,0.013671875931322575,-0.21305030584335327,56.90678024291992,2000.166393861,46424,0.9851694703102112,1.0128906965255737,8961024,1,1746166252.7375097
0.5227864980697632,31.821617126464844,5846,1.9840892553329468,5845,0.04079144820570946,0.014322916977107525,-0.2544168531894684,56.90678024291992,2004.193017643,46520,0.9851694703102112,1.0455729961395264,8979456,1,1746166256.764099
0.5260416865348816,32.0078125,5848,1.9840892553329468,5847,0.04178004339337349,0.01302083395421505,-0.26719698309898376,56.90678024291992,2004.875729084,46536,0.9851694703102112,1.0520833730697632,8982528,1,1746166257.4467936
0.53125,31.505210876464844,5868,1.980117917060852,5867,0.028964649885892868,0.013671875931322575,-0.32673901319503784,56.67015838623047,2011.709348875,46696,0.9832460880279541,1.0625,9013248,1,1746166264.2804778
0.4921875298023224,31.421876907348633,5872,1.980117917060852,5871,0.019841443747282028,0.01497395895421505,-0.2926776707172394,56.67015838623047,2013.039523812,46728,0.9832460880279541,1.0376611948013306,9019392,1,1746166265.6106539
0.5813802480697632,31.522136688232422,5880,1.980117917060852,5879,0.03366699814796448,0.015625,-0.25098106265068054,56.67015838623047,2015.716051532,46792,0.9832460880279541,1.1627604961395264,9031680,1,1746166268.2871232
0.5546875,31.769533157348633,5883,1.980117917060852,5882,0.022519852966070175,0.01497395895421505,-0.3372974991798401,56.67015838623047,2016.741784102,46816,0.9832460880279541,1.109375,9036288,1,1746166269.3128898
0.5305989980697632,31.498699188232422,5893,1.980117917060852,5892,0.02131364680826664,0.013671875931322575,-0.31080323457717896,56.67015838623047,2020.093666428,46896,0.9832460880279541,1.0819231271743774,9051648,1,1746166272.6647098
0.515625,31.486980438232422,5900,1.980117917060852,5899,0.026756318286061287,0.013671875931322575,-0.3160009980201721,56.67015838623047,2022.462938265,46952,0.9832460880279541,1.0585596561431885,9062400,1,1746166275.0338833
0.5266927480697632,31.738283157348633,5909,1.980117917060852,5908,0.029086757451295853,0.013671875931322575,-0.2562333345413208,56.67015838623047,2025.511486903,47024,0.9832460880279541,1.089891791343689,9076224,1,1746166278.082524
0.5423177480697632,31.492189407348633,5914,1.980117917060852,5913,0.021540457382798195,0.014322916977107525,-0.2568865120410919,56.67015838623047,2027.179124566,47064,0.9832460880279541,1.0846354961395264,9083904,1,1746166279.750235
0.5598958730697632,31.977867126464844,5927,1.980117917060852,5926,0.030309433117508888,0.013671875931322575,-0.2981187105178833,56.67015838623047,2031.540776659,47168,0.9832460880279541,1.1197917461395264,9103872,1,1746166284.1118767
0.5533854365348816,31.839845657348633,5934,1.980117917060852,5933,0.0229501910507679,0.015625,-0.3050355315208435,56.67015838623047,2033.894273125,47224,0.9832460880279541,1.1067708730697632,9114624,1,1746166286.465384
0.5611979365348816,32.259117126464844,5942,1.980117917060852,5941,0.02177719958126545,0.013671875931322575,-0.3129957318305969,56.67015838623047,2036.597949944,47288,0.9832460880279541,1.1264714002609253,9126912,1,1746166289.1688316
0.5559896230697632,31.953126907348633,5946,1.980117917060852,5945,0.023002542555332184,0.01497395895421505,-0.30389517545700073,56.67015838623047,2037.929020049,47320,0.9832460880279541,1.1119792461395264,9133056,1,1746166290.5000105
0.5279948115348816,31.756511688232422,5950,1.980117917060852,5949,0.03863893821835518,0.01302083395421505,-0.3011470437049866,56.67015838623047,2039.267458832,47352,0.9832460880279541,1.0812337398529053,9139200,1,1746166291.8385675
0.5260416865348816,31.750001907348633,5957,1.980117917060852,5956,0.020946145057678223,0.013671875931322575,-0.2406027913093567,56.67015838623047,2041.621146346,47408,0.9832460880279541,1.0520833730697632,9149952,1,1746166294.1922798
0.5475260615348816,31.753908157348633,5966,1.980117917060852,5965,0.018527846783399582,0.013671875931322575,-0.2870404124259949,56.67015838623047,2044.6424629,47480,0.9832460880279541,1.0956478118896484,9163776,1,1746166297.2135541
0.515625,31.710939407348633,5968,1.980117917060852,5967,0.018293140456080437,0.014322916977107525,-0.28833284974098206,56.67015838623047,2045.329327579,47496,0.9832460880279541,1.0649089813232422,9166848,1,1746166297.900327
0.5384114980697632,31.621095657348633,5974,1.980117917060852,5973,0.021914122626185417,0.013671875931322575,-0.33500581979751587,56.67015838623047,2047.330494311,47544,0.9832460880279541,1.0768229961395264,9176064,1,1746166299.9015057
0.5826823115348816,32.216148376464844,5993,1.980117917060852,5992,0.045203473418951035,0.01497395895421505,-0.3906859755516052,56.67015838623047,2053.747414565,47696,0.9832460880279541,1.1653646230697632,9205248,1,1746166306.31833
0.5735677480697632,31.597658157348633,5994,1.980117917060852,5993,0.045485351234674454,0.01497395895421505,-0.32915717363357544,56.67015838623047,2054.078661124,47704,0.9832460880279541,1.1471354961395264,9206784,1,1746166306.6496928
0.541015625,31.632814407348633,5999,1.980117917060852,5998,0.032268136739730835,0.012369791977107525,-0.32419344782829285,56.67015838623047,2055.769419552,47744,0.9832460880279541,1.08203125,9214464,1,1746166308.3405123
0.5188802480697632,31.662761688232422,6003,1.980117917060852,6002,0.028163664042949677,0.01302083395421505,-0.3908237814903259,56.67015838623047,2057.129356147,47776,0.9832460880279541,1.0646013021469116,9220608,1,1746166309.7002816
0.5592448115348816,31.838542938232422,6004,1.980117917060852,6003,0.02088487148284912,0.01497395895421505,-0.3618033528327942,56.67015838623047,2057.461464703,47784,0.9832460880279541,1.1184896230697632,9222144,1,1746166310.0326002
0.5475260615348816,31.664064407348633,6034,1.980117917060852,6033,0.033623650670051575,0.012369791977107525,-0.2718740999698639,56.67015838623047,2067.543748139,48024,0.9832460880279541,1.0950521230697632,9268224,1,1746166320.1148431
0.509765625,31.851564407348633,6035,1.980117917060852,6034,0.029746871441602707,0.01497395895421505,-0.3118274211883545,56.67015838623047,2067.876007407,48032,0.9832460880279541,1.0561116933822632,9269760,1,1746166320.4471266
0.5742188096046448,31.748699188232422,6036,1.980117917060852,6035,0.028057577088475227,0.01497395895421505,-0.2852087616920471,56.67015838623047,2068.229176254,48040,0.9832460880279541,1.1484376192092896,9271296,1,1746166320.8001854
0.5872396230697632,31.546876907348633,6037,1.980117917060852,6036,0.029539678245782852,0.015625,-0.293280690908432,56.67015838623047,2068.560692699,48048,0.9832460880279541,1.1744792461395264,9272832,1,1746166321.1317961
0.5709635615348816,31.647136688232422,6040,1.980117917060852,6039,0.027174046263098717,0.01497395895421505,-0.2808203101158142,56.67015838623047,2069.557423657,48072,0.9832460880279541,1.1419271230697632,9277440,1,1746166322.128489
0.5618489980697632,31.962242126464844,6050,1.980117917060852,6049,0.026947947219014168,0.014322916977107525,-0.30375009775161743,56.67015838623047,2072.944836969,48152,0.9832460880279541,1.1236979961395264,9292800,1,1746166325.515854
0.537109375,31.796876907348633,6053,1.980117917060852,6052,0.0342630110681057,0.014322916977107525,-0.34302860498428345,56.67015838623047,2073.940755132,48176,0.9832460880279541,1.0771520137786865,9297408,1,1746166326.5119083
0.5572916865348816,31.949220657348633,6062,1.980117917060852,6061,0.049032293260097504,0.015625,-0.28782516717910767,56.67015838623047,2076.960343685,48248,0.9832460880279541,1.1145833730697632,9311232,1,1746166329.5314255
0.5260416865348816,31.352867126464844,6065,1.980117917060852,6064,0.03994490206241608,0.01302083395421505,-0.2807598114013672,56.67015838623047,2077.987371524,48272,0.9832460880279541,1.0520833730697632,9315840,1,1746166330.5584738
0.533203125,32.11979293823242,6123,1.980117917060852,6122,0.03572455793619156,0.013671875931322575,-0.20693060755729675,56.67015838623047,2097.579230528,48736,0.9832460880279541,1.102130651473999,9404928,1,1746166350.1502984
0.5742188096046448,31.779949188232422,6165,1.980117917060852,6164,0.026785124093294144,0.01497395895421505,-0.19855016469955444,56.67015838623047,2111.75055574,49072,0.9832460880279541,1.1484376192092896,9469440,1,1746166364.321511
0.5546875,31.638023376464844,6176,1.9937243461608887,6175,0.017615681514143944,0.015625,-0.21616648137569427,54.358924865722656,2115.537884597,49160,0.9940179586410522,1.109375,9486336,1,1746166368.1090055
0.5826823115348816,32.05078125,6188,1.9937243461608887,6187,0.01859331503510475,0.015625,-0.1998489499092102,54.358924865722656,2119.582305562,49256,0.9940179586410522,1.1653646230697632,9504768,1,1746166372.1532843
0.5592448115348816,31.954429626464844,6221,1.9937243461608887,6220,0.01910579204559326,0.015625,-0.2497156858444214,54.358924865722656,2130.681114763,49520,0.9940179586410522,1.1184896230697632,9555456,1,1746166383.2522507
0.5800781846046448,31.742189407348633,6255,1.9937243461608887,6254,0.014105536043643951,0.01497395895421505,-0.2049413025379181,54.358924865722656,2142.171310877,49792,0.9940179586410522,1.1601563692092896,9607680,1,1746166394.7415555
0.5592448115348816,31.513023376464844,6257,1.9937243461608887,6256,0.01291279774159193,0.01497395895421505,-0.21673332154750824,54.358924865722656,2142.838952319,49808,0.9940179586410522,1.1184896230697632,9610752,1,1746166395.4100513
0.5742188096046448,31.591148376464844,6258,1.9937243461608887,6257,0.011714078485965729,0.015625,-0.2103590965270996,54.358924865722656,2143.188734706,49816,0.9940179586410522,1.1484376192092896,9612288,1,1746166395.759725
0.5162760615348816,31.729167938232422,6259,1.9937243461608887,6258,0.014650850556790829,0.014322916977107525,-0.22175118327140808,54.358924865722656,2143.521164785,49824,0.9940179586410522,1.0623503923416138,9613824,1,1746166396.0922403
0.5579427480697632,31.733074188232422,6265,1.9937243461608887,6264,0.015422159805893898,0.014322916977107525,-0.22848641872406006,54.358924865722656,2145.557343099,49872,0.9940179586410522,1.1158854961395264,9623040,1,1746166398.1283033
0.5729166865348816,31.852867126464844,6275,1.9937243461608887,6274,0.01699751242995262,0.015625,-0.22971943020820618,54.358924865722656,2148.917937582,49952,0.9940179586410522,1.1458333730697632,9638400,1,1746166401.488905
0.5944010615348816,31.761720657348633,6290,1.9937243461608887,6289,0.0120282843708992,0.015625,-0.17465722560882568,54.358924865722656,2153.950715381,50072,0.9940179586410522,1.1888021230697632,9661440,1,1746166406.521688
0.5182291865348816,31.643230438232422,6294,1.9937243461608887,6293,0.02044369839131832,0.013671875931322575,-0.1803809404373169,54.358924865722656,2155.281018659,50104,0.9940179586410522,1.066780686378479,9667584,1,1746166407.8521538
0.5657552480697632,31.813804626464844,6301,1.9937243461608887,6300,0.03861459717154503,0.014322916977107525,-0.17497560381889343,54.358924865722656,2157.613516559,50160,0.9940179586410522,1.1315104961395264,9678336,1,1746166410.1847286
0.5748698115348816,32.0234375,6317,1.9937243461608887,6316,0.018879825249314308,0.01497395895421505,-0.21243074536323547,54.358924865722656,2162.967097515,50288,0.9940179586410522,1.1544204950332642,9702912,1,1746166415.5382316
0.5748698115348816,31.848960876464844,6321,1.9937243461608887,6320,0.01663489267230034,0.014322916977107525,-0.21662327647209167,54.358924865722656,2164.302644465,50320,0.9940179586410522,1.1497396230697632,9709056,1,1746166416.8737764
0.4583333432674408,31.776042938232422,6323,1.9937243461608887,6322,0.02311326563358307,0.013671875931322575,-0.2307063639163971,54.358924865722656,2164.999648337,50336,0.9940179586410522,0.9909215569496155,9712128,1,1746166417.570757
0.5833333730697632,31.731773376464844,6334,1.9937243461608887,6333,0.014340395107865334,0.015625,-0.20915399491786957,54.358924865722656,2168.656457299,50424,0.9940179586410522,1.1666667461395264,9729024,1,1746166421.2276356
0.4928385615348816,31.625001907348633,6337,1.9937243461608887,6336,0.012184049934148788,0.01302083395421505,-0.2007368952035904,54.358924865722656,2169.65304097,50448,0.9940179586410522,1.016431450843811,9733632,1,1746166422.224209
0.5651041865348816,31.799480438232422,6350,1.9937243461608887,6349,0.01936681568622589,0.01497395895421505,-0.22634980082511902,54.358924865722656,2173.977786237,50552,0.9940179586410522,1.1302083730697632,9753600,1,1746166426.5489802
0.5722656846046448,31.638023376464844,6361,1.9937243461608887,6360,0.02296890690922737,0.014322916977107525,-0.22482343018054962,54.358924865722656,2177.65394403,50640,0.9940179586410522,1.1445313692092896,9770496,1,1746166430.2251549
0.50390625,31.747398376464844,6367,1.9937243461608887,6366,0.029101381078362465,0.013671875931322575,-0.19873294234275818,54.358924865722656,2179.649900192,50688,0.9940179586410522,1.0438724756240845,9779712,1,1746166432.2210793
0.5266927480697632,31.946617126464844,6377,1.9937243461608887,6376,0.013583255000412464,0.012369791977107525,-0.22394925355911255,54.358924865722656,2182.975463105,50768,0.9940179586410522,1.0827703475952148,9795072,1,1746166435.5466604
0.5742188096046448,31.096355438232422,6404,1.9937243461608887,6403,0.020292513072490692,0.013671875931322575,-0.28368446230888367,54.358924865722656,2191.98608127,50984,0.9940179586410522,1.1484376192092896,9836544,1,1746166444.5572178
0.5638021230697632,31.796876907348633,6405,1.9937243461608887,6404,0.021947339177131653,0.01497395895421505,-0.28989511728286743,54.358924865722656,2192.319167769,50992,0.9940179586410522,1.1276042461395264,9838080,1,1746166444.8902473
0.51171875,32.05729293823242,6423,1.9937243461608887,6422,0.04577384889125824,0.014322916977107525,-0.5020996332168579,54.358924865722656,2198.298180298,51136,0.9940179586410522,1.0618489980697632,9865728,1,1746166450.8693974
0.548828125,31.964845657348633,6435,1.9937243461608887,6434,0.019206270575523376,0.01497395895421505,-0.44722360372543335,54.358924865722656,2202.277703649,51232,0.9940179586410522,1.09765625,9884160,1,1746166454.8488889
0.5742188096046448,31.734376907348633,6448,1.9937243461608887,6447,0.019161613658070564,0.01497395895421505,-0.43044865131378174,54.358924865722656,2206.600601442,51336,0.9940179586410522,1.1484376192092896,9904128,1,1746166459.171643
0.53515625,32.19401168823242,6450,1.9937243461608887,6449,0.015485009178519249,0.013671875931322575,-0.44089245796203613,54.358924865722656,2207.265070446,51352,0.9940179586410522,1.073972225189209,9907200,1,1746166459.8362916
0.5377604365348816,32.016929626464844,6458,1.9937243461608887,6457,0.025779739022254944,0.013671875931322575,-0.4467523694038391,54.358924865722656,2209.919131207,51416,0.9940179586410522,1.0755208730697632,9919488,1,1746166462.4903286
0.5208333730697632,31.846355438232422,6485,1.9937243461608887,6484,0.025008060038089752,0.013671875931322575,-0.44765275716781616,54.358924865722656,2218.903500541,51632,0.9940179586410522,1.06982421875,9960960,1,1746166471.4747121
0.552734375,31.824220657348633,6493,1.9937243461608887,6492,0.013959419913589954,0.01302083395421505,-0.45044657588005066,54.358924865722656,2221.564009313,51696,0.9940179586410522,1.11101233959198,9973248,1,1746166474.13522
