loss,test_returned_won_episode,returned_won_episode,grad_steps,test_returned_episode,env_step,test_returned_episode_lengths,returned_episode,test_returned_episode_returns,returned_episode_lengths,returned_episode_returns,update_steps,_runtime,_timestamp,_step,qvals
0.0,0.0,0.0,0,1.0,7680.0,35.0280876159668,0.0162760429084301,0.09618254750967026,30.293621063232422,0.10030385106801987,5,58.681549751,1746189447.5770476,4,0.0
0.0,0.0,0.0,0,1.0,24576.0,35.0280876159668,0.01497395895421505,0.09618254750967026,30.596355438232422,0.09871125221252441,16,59.416755176,1746189448.312324,15,0.0
0.0,0.0,0.0,0,1.0,29184.0,35.0280876159668,0.0162760429084301,0.09618254750967026,30.119792938232422,0.10342243313789368,19,59.62000518,1746189448.515577,18,0.0
0.003992635291069746,0.0,0.0,16,1.0,50688.0,35.0280876159668,0.015625,0.09618254750967026,29.99349021911621,0.09495554864406586,33,61.20461659,1746189450.1001136,32,0.02462879754602909
0.004283620044589043,0.0,0.0,96,1.0,66048.0,35.0280876159668,0.014322916977107525,0.09618254750967026,30.54817771911621,0.10508745908737183,43,65.126186925,1746189454.02168,42,0.30150333046913147
0.002689163899049163,0.0,0.0,144,1.0,75264.0,35.0280876159668,0.014322916977107525,0.09618254750967026,29.80599021911621,0.1026538759469986,49,67.482380605,1746189456.3778641,48,0.3483480215072632
0.0027177128940820694,0.0,0.0,152,1.0,76800.0,35.0280876159668,0.01302083395421505,0.09618254750967026,30.393230438232422,0.1277100294828415,50,67.872051649,1746189456.7675319,49,0.3515412211418152
0.006232988089323044,0.0,0.0,400,1.0,124416.0,35.0280876159668,0.014322916977107525,0.09618254750967026,30.45703125,0.1253730058670044,81,80.046392251,1746189468.941865,80,0.6603273749351501
0.009184852242469788,0.0,0.0,440,1.0,132096.0,35.0280876159668,0.015625,0.09618254750967026,31.38802146911621,0.15247324109077454,86,82.021430011,1746189470.9167695,85,0.7055772542953491
0.00821644440293312,0.0,0.0,456,1.0,135168.0,35.0280876159668,0.015625,0.09618254750967026,31.268230438232422,0.143018901348114,88,82.803045152,1746189471.6985025,87,0.6974201798439026
0.010868879035115242,0.0,0.0,528,1.0,148992.0,35.0280876159668,0.01497395895421505,0.09618254750967026,30.713542938232422,0.13442453742027283,97,86.327085758,1746189475.2225475,96,0.7118337154388428
0.009959052316844463,0.0,0.0,552,1.0,153600.0,35.0280876159668,0.015625,0.09618254750967026,31.811199188232422,0.1612156480550766,100,87.507726382,1746189476.4031858,99,0.7133861184120178
0.010334091261029243,0.0,0.0,560,1.0,155136.0,35.0280876159668,0.014322916977107525,0.09618254750967026,29.62890625,0.13923417031764984,101,87.899648427,1746189476.7951205,100,0.7262341380119324
0.0224815234541893,0.0,0.0,576,1.0,158208.0,35.0280876159668,0.015625,0.09618254750967026,30.6953125,0.1491687297821045,103,88.68346202,1746189477.5788987,102,0.7449702620506287
0.024630406871438026,0.0,0.0,736,1.0,188928.0,35.0280876159668,0.015625,0.09618254750967026,30.768230438232422,0.14499612152576447,123,96.544099717,1746189485.4395258,122,0.7989522814750671
0.021546045318245888,0.0,0.0,928,1.0,225792.0,35.0280876159668,0.01497395895421505,0.09618254750967026,30.95052146911621,0.16607682406902313,147,105.969775765,1746189494.865141,146,0.7722911834716797
0.02852117270231247,0.0,0.0,1000,1.0,239616.0,35.0280876159668,0.014322916977107525,0.09618254750967026,31.40234375,0.1674923598766327,156,109.502948474,1746189498.3983748,155,0.7995319366455078
0.029833786189556122,0.0,0.0,1008,1.0,241152.0,35.0280876159668,0.01497395895421505,0.09618254750967026,32.0234375,0.17996260523796082,157,109.894867733,1746189498.790294,156,0.7770515084266663
0.04838266968727112,0.0,0.0,1080,1.0,254976.0,35.0280876159668,0.01497395895421505,0.09618254750967026,29.8046875,0.16912339627742767,166,113.458837354,1746189502.3542888,165,0.8212438225746155
0.02953435108065605,0.0,0.0,1168,1.0,271872.0,35.0280876159668,0.015625,0.09618254750967026,31.33333396911621,0.18131518363952637,177,117.776762095,1746189506.6722257,176,0.8493088483810425
0.056218113750219345,0.0,0.0,1280,1.0,293376.0,35.0280876159668,0.015625,0.09618254750967026,30.55208396911621,0.18251237273216248,191,123.281579693,1746189512.1770043,190,0.6642470955848694
0.06574109196662903,0.0,0.0,1320,1.0,301056.0,35.0280876159668,0.01497395895421505,0.09618254750967026,30.58203125,0.15854600071907043,196,125.253090781,1746189514.1485248,195,0.6100755333900452
0.15979604423046112,0.0,0.0,1480,1.0,331776.0,35.0280876159668,0.01497395895421505,0.09618254750967026,31.572917938232422,0.17928284406661987,216,133.156317729,1746189522.051728,215,0.6080710291862488
0.17680084705352783,0.0,0.0,1520,1.0,339456.0,35.0280876159668,0.015625,0.09618254750967026,31.38020896911621,0.17982542514801025,221,135.147069717,1746189524.042475,220,0.5999844074249268
0.19819211959838867,0.0,0.0,1592,1.0,353280.0,35.0280876159668,0.013671875,0.09618254750967026,30.98046875,0.17085716128349304,230,138.708656531,1746189527.6039333,229,0.5717479586601257
0.13708585500717163,0.0,0.0,1608,1.0,356352.0,35.0280876159668,0.015625,0.09618254750967026,30.65755271911621,0.18990060687065125,232,139.495369167,1746189528.3907511,231,0.6098953485488892
0.19921864569187164,0.0,0.0,1848,1.0,402432.0,35.0280876159668,0.015625,0.09618254750967026,31.32552146911621,0.19198887050151825,262,151.402132439,1746189540.297551,261,0.6556229591369629
0.19331836700439453,0.0,0.0,1888,1.0,410112.0,35.0280876159668,0.01497395895421505,0.09618254750967026,30.205730438232422,0.17030780017375946,267,153.39396832,1746189542.2892795,266,0.624081552028656
0.20407629013061523,0.0,0.0,1920,1.0,416256.0,35.0280876159668,0.015625,0.09618254750967026,31.57421875,0.1664927899837494,271,154.976295102,1746189543.8717234,270,0.6319828629493713
0.18755844235420227,0.0,0.0,1928,1.0,417792.0,35.0280876159668,0.01497395895421505,0.09618254750967026,31.26953125,0.18357977271080017,272,155.376359903,1746189544.2716882,271,0.6261692047119141
0.20507439970970154,0.0,0.0,1936,1.0,419328.0,35.0280876159668,0.013671875,0.09618254750967026,31.69661521911621,0.1706818789243698,273,155.770223146,1746189544.665655,272,0.6307907104492188
0.19833290576934814,0.0,0.0,1976,1.0,427008.0,35.0280876159668,0.015625,0.09618254750967026,31.725261688232422,0.19872185587882996,278,157.753396325,1746189546.6488256,277,0.6378724575042725
0.20899072289466858,0.0,0.0,2048,1.0,440832.0,35.0280876159668,0.015625,0.09618254750967026,31.64974021911621,0.1598643958568573,287,161.306794295,1746189550.2022145,286,0.6397193670272827
0.3312889337539673,0.0,0.0,2128,1.0,456192.0,35.0280876159668,0.01497395895421505,0.09618254750967026,31.947917938232422,0.1489991992712021,297,165.259507801,1746189554.154827,296,0.41739392280578613
0.28468844294548035,0.0,0.0,2560,1.0,539136.0,48.173545837402344,0.015625,0.288546085357666,31.96875,0.14352554082870483,351,186.757275014,1746189575.6525886,350,0.4148904085159302
0.3102123737335205,0.0,0.0,2720,1.0,569856.0,48.173545837402344,0.015625,0.288546085357666,30.84895896911621,0.12069740146398544,371,194.686674864,1746189583.5821092,370,0.4531562328338623
0.3288707137107849,0.0,0.0,2792,1.0,583680.0,48.173545837402344,0.015625,0.288546085357666,31.57942771911621,0.08660014718770981,380,198.253082376,1746189587.1485045,379,0.42814111709594727
0.7380832433700562,0.0,0.0,2856,1.0,595968.0,48.173545837402344,0.013671875,0.288546085357666,31.203125,0.08326660841703415,388,201.440944384,1746189590.3362725,387,0.49295204877853394
0.39314404129981995,0.0,0.0,3040,1.0,631296.0,48.173545837402344,0.01497395895421505,0.288546085357666,31.91796875,0.13348859548568726,411,210.685607162,1746189599.5779126,410,0.39284080266952515
0.3714100122451782,0.0,0.0,3048,1.0,632832.0,48.173545837402344,0.01497395895421505,0.288546085357666,32.09375,0.09574532508850098,412,211.081294776,1746189599.9766784,411,0.4096671938896179
0.5000793933868408,0.0,0.0,3168,1.0,655872.0,48.173545837402344,0.015625,0.288546085357666,30.045574188232422,0.08828281611204147,427,217.01855739,1746189605.91391,426,0.4346615672111511
0.6140262484550476,0.0,0.0,3208,1.0,663552.0,48.173545837402344,0.013671875,0.288546085357666,31.131511688232422,0.09289255738258362,432,218.988155366,1746189607.8835373,431,0.46284833550453186
0.4443496763706207,0.0,0.0,3216,1.0,665088.0,48.173545837402344,0.01497395895421505,0.288546085357666,31.55208396911621,0.0939311608672142,433,219.380362585,1746189608.2757819,432,0.4695114493370056
0.4017672538757324,0.0,0.0,3368,1.0,694272.0,48.173545837402344,0.015625,0.288546085357666,31.440105438232422,0.08554049581289291,452,226.91532797,1746189615.8106658,451,0.4168033003807068
0.6372067928314209,0.0,0.0,3496,1.0,718848.0,48.173545837402344,0.015625,0.288546085357666,31.05208396911621,0.10017654299736023,468,233.240082582,1746189622.1353962,467,0.40049654245376587
0.643010139465332,0.0,0.0,3504,1.0,720384.0,48.173545837402344,0.014322916977107525,0.288546085357666,31.98177146911621,0.1006268709897995,469,233.632279081,1746189622.5276947,468,0.39430874586105347
0.5495827198028564,0.0,0.0,3584,1.0,735744.0,48.173545837402344,0.015625,0.288546085357666,31.03255271911621,0.10050122439861298,479,237.591500419,1746189626.4869294,478,0.3379638195037842
0.6874755024909973,0.0,0.0,3624,1.0,743424.0,48.173545837402344,0.014322916977107525,0.288546085357666,31.686199188232422,0.09364421665668488,484,239.576948362,1746189628.472376,483,0.43049106001853943
1.3947563171386719,0.0,0.0,3680,1.0,754176.0,48.173545837402344,0.014322916977107525,0.288546085357666,32.04166793823242,0.1205415278673172,491,242.352402911,1746189631.2477407,490,0.42636728286743164
1.2961856126785278,0.0,0.0,3816,1.0,780288.0,48.173545837402344,0.01497395895421505,0.288546085357666,31.83203125,0.08407723903656006,508,249.060517224,1746189637.9558668,507,0.5465098023414612
1.1162545680999756,0.0,0.0,3952,1.0,806400.0,48.173545837402344,0.01497395895421505,0.288546085357666,31.986980438232422,0.09213744103908539,525,255.803273046,1746189644.6986327,524,0.5338872075080872
1.5139153003692627,0.0,0.0,4080,1.0,830976.0,48.173545837402344,0.015625,0.288546085357666,31.725261688232422,0.08703245967626572,541,262.127173183,1746189651.022521,540,0.5343465805053711
1.6494067907333374,0.0,0.0,4160,1.0,846336.0,48.173545837402344,0.015625,0.288546085357666,31.842449188232422,0.07450316846370697,551,266.089671534,1746189654.9850438,550,0.5426644086837769
1.927857756614685,0.0,0.0,4272,1.0,867840.0,48.173545837402344,0.015625,0.288546085357666,30.78645896911621,0.08294852823019028,565,271.620211763,1746189660.5156372,564,0.5557377934455872
1.6361054182052612,0.0,0.0,4456,1.0,903168.0,48.173545837402344,0.0162760429084301,0.288546085357666,30.276042938232422,0.07132155448198318,588,280.696611668,1746189669.5920236,587,0.5462139844894409
1.4902536869049072,0.0,0.0,4544,1.0,920064.0,48.173545837402344,0.01497395895421505,0.288546085357666,31.11328125,0.06612112373113632,599,285.049024154,1746189673.9443676,598,0.5459892749786377
2.0057997703552246,0.0,0.0,4616,1.0,933888.0,48.173545837402344,0.015625,0.288546085357666,30.733074188232422,0.08306153118610382,608,288.599036876,1746189677.4943566,607,0.5423746109008789
1.3990094661712646,0.0,0.0,4720,1.0,953856.0,48.173545837402344,0.015625,0.288546085357666,30.85546875,0.06547670811414719,621,293.756561761,1746189682.6517744,620,0.4818122982978821
2.1449222564697266,0.0,0.0,4816,1.0,972288.0,48.173545837402344,0.0162760429084301,0.288546085357666,31.0546875,0.09566371142864227,633,298.506980903,1746189687.402296,632,0.5014029741287231
1.619096279144287,0.0,0.0,4824,1.0,973824.0,48.173545837402344,0.0201822929084301,0.288546085357666,28.01171875,0.04284011572599411,634,298.899861819,1746189687.7951322,633,0.5100948810577393
1.6429325342178345,0.0,0.0,4832,1.0,975360.0,48.173545837402344,0.01497395895421505,0.288546085357666,32.28125,0.09950503706932068,635,299.292210027,1746189688.1876256,634,0.529097318649292
2.0110702514648438,0.0,0.0,5008,1.0,1009152.0,53.68122100830078,0.013671875,0.16783225536346436,31.397136688232422,0.1118728369474411,657,308.081741313,1746189696.9771664,656,0.48042434453964233
1.90928053855896,0.0,0.0,5136,1.0,1033728.0,53.68122100830078,0.015625,0.16783225536346436,31.03125,0.10772453248500824,673,314.40000073,1746189703.295407,672,0.5312285423278809
1.1486701965332031,0.0,0.0,5224,1.0,1050624.0,53.68122100830078,0.015625,0.16783225536346436,31.25,0.0991283655166626,684,318.748694477,1746189707.6440432,683,0.5028470158576965
1.2151654958724976,0.0,0.0,5232,1.0,1052160.0,53.68122100830078,0.017578125,0.16783225536346436,30.231121063232422,0.09406967461109161,685,319.143371748,1746189708.0387638,684,0.5415698289871216
1.7234413623809814,0.0,0.0,5240,1.0,1053696.0,53.68122100830078,0.01497395895421505,0.16783225536346436,31.748699188232422,0.12817087769508362,686,319.535616728,1746189708.431039,685,0.5171806812286377
1.117942214012146,0.0,0.0,5512,1.0,1105920.0,53.68122100830078,0.01497395895421505,0.16783225536346436,31.983074188232422,0.16030839085578918,720,332.971676943,1746189721.867108,719,0.452007532119751
2.5462112426757812,0.0,0.0,5536,1.0,1110528.0,53.68122100830078,0.015625,0.16783225536346436,32.184898376464844,0.15503178536891937,723,334.153053546,1746189723.0484679,722,0.4133540689945221
1.9378409385681152,0.0,0.0,5544,1.0,1112064.0,53.68122100830078,0.015625,0.16783225536346436,30.90234375,0.12689392268657684,724,334.54739653,1746189723.4428089,723,0.40957748889923096
1.0146125555038452,0.0,0.0,5600,1.0,1122816.0,53.68122100830078,0.0162760429084301,0.16783225536346436,29.517578125,0.13130733370780945,731,337.331083416,1746189726.226503,730,0.4430834949016571
0.9769912958145142,0.0,0.0,5688,1.0,1139712.0,53.68122100830078,0.014322916977107525,0.16783225536346436,30.217449188232422,0.14240998029708862,742,341.679541763,1746189730.574972,741,0.4100850224494934
0.8365963697433472,0.0,0.0,5904,1.0,1181184.0,53.68122100830078,0.015625,0.16783225536346436,31.940105438232422,0.16244372725486755,769,352.339044799,1746189741.2344406,768,0.3435531258583069
0.3542141616344452,0.0,0.0,6096,1.0,1218048.0,53.68122100830078,0.015625,0.16783225536346436,31.412761688232422,0.1515216827392578,793,361.870934665,1746189750.7662895,792,0.343562513589859
0.3306758403778076,0.0,0.0,6128,1.0,1224192.0,53.68122100830078,0.015625,0.16783225536346436,31.765625,0.14899949729442596,797,363.459084288,1746189752.3544872,796,0.34403669834136963
0.3206511437892914,0.0,0.0,6424,1.0,1281024.0,53.68122100830078,0.015625,0.16783225536346436,31.37109375,0.15551802515983582,834,378.068073678,1746189766.9633825,833,0.27034804224967957
0.2682158350944519,0.0,0.0,6448,1.0,1285632.0,53.68122100830078,0.013671875,0.16783225536346436,31.859375,0.1483195424079895,837,379.247201454,1746189768.142608,836,0.29324162006378174
0.33395642042160034,0.0,0.0,6528,1.0,1300992.0,53.68122100830078,0.015625,0.16783225536346436,31.768230438232422,0.1437065452337265,847,383.239365365,1746189772.1347463,846,0.2308042347431183
0.23118427395820618,0.0,0.0,6592,1.0,1313280.0,53.68122100830078,0.013671875,0.16783225536346436,31.58984375,0.1562797725200653,855,386.403651488,1746189775.2989378,854,0.2147323489189148
0.20657998323440552,0.0,0.0,6600,1.0,1314816.0,53.68122100830078,0.01497395895421505,0.16783225536346436,31.174480438232422,0.12551914155483246,856,386.800458311,1746189775.6958013,855,0.17604409158229828
0.20653611421585083,0.0,0.0,6608,1.0,1316352.0,53.68122100830078,0.013671875,0.16783225536346436,31.15364646911621,0.1387629210948944,857,387.195855141,1746189776.0912669,856,0.18319544196128845
0.21955814957618713,0.0,0.0,6616,1.0,1317888.0,53.68122100830078,0.013671875,0.16783225536346436,31.080730438232422,0.15167424082756042,858,387.59130993,1746189776.4867115,857,0.17974504828453064
0.19358289241790771,0.0,0.0,6704,1.0,1334784.0,53.68122100830078,0.014322916977107525,0.16783225536346436,31.9375,0.13098642230033875,869,391.935186498,1746189780.8305283,868,0.16904255747795105
0.34289878606796265,0.0,0.0,6744,1.0,1342464.0,53.68122100830078,0.01302083395421505,0.16783225536346436,31.39453125,0.14292801916599274,874,393.906845323,1746189782.8022869,873,0.10648326575756073
0.34440022706985474,0.0,0.0,6760,1.0,1345536.0,53.68122100830078,0.01106770895421505,0.16783225536346436,32.03515625,0.1427377164363861,876,394.706206897,1746189783.6015525,875,0.10328592360019684
0.279310405254364,0.0,0.0,6792,1.0,1351680.0,53.68122100830078,0.012369791977107525,0.16783225536346436,32.01171875,0.13431735336780548,880,396.29410045,1746189785.1894252,879,0.09737562388181686
0.10461026430130005,0.0,0.0,7096,1.0,1410048.0,53.68122100830078,0.01106770895421505,0.16783225536346436,30.651042938232422,0.1328374743461609,918,411.332174719,1746189800.2275124,917,0.024741079658269882
0.08696793019771576,0.0,0.0,7168,1.0,1423872.0,53.68122100830078,0.01106770895421505,0.16783225536346436,28.49739646911621,0.09978597611188889,927,414.890508572,1746189803.7858584,926,-0.1017569899559021
0.08970318734645844,0.0,0.0,7200,1.0,1430016.0,53.68122100830078,0.010416666977107525,0.16783225536346436,30.256511688232422,0.12326052039861679,931,416.471327731,1746189805.366744,930,-0.05763685330748558
0.0806189477443695,0.0,0.0,7224,1.0,1434624.0,53.68122100830078,0.012369791977107525,0.16783225536346436,30.654949188232422,0.13039527833461761,934,417.660945286,1746189806.5562756,933,-0.027147606015205383
0.1399710774421692,0.0,0.0,7304,1.0,1449984.0,53.68122100830078,0.01171875,0.16783225536346436,27.85286521911621,0.10589699447154999,944,421.602339219,1746189810.497681,943,-0.04884698614478111
0.07027941942214966,0.0,0.0,7456,1.0,1479168.0,53.68122100830078,0.01106770895421505,0.16783225536346436,30.13020896911621,0.09482067823410034,963,429.143837171,1746189818.0391273,962,-0.0651344358921051
0.056244250386953354,0.0,0.0,7544,1.0,1496064.0,53.68122100830078,0.01106770895421505,0.16783225536346436,28.74739646911621,0.07458623498678207,974,433.479600608,1746189822.3749428,973,-0.050141606479883194
0.0951291173696518,0.0,0.0,7848,1.0,1554432.0,66.06377410888672,0.010416666977107525,0.16145622730255127,29.359375,0.06146186590194702,1012,448.615433164,1746189837.5108664,1011,-0.18447130918502808
0.03655200079083443,0.0,0.0,7896,1.0,1563648.0,66.06377410888672,0.010416666977107525,0.16145622730255127,31.36328125,0.07661253958940506,1018,451.003671895,1746189839.898999,1017,-0.1927269697189331
0.02961476892232895,0.0,0.0,7960,1.0,1575936.0,66.06377410888672,0.01302083395421505,0.16145622730255127,31.38802146911621,0.09988032281398773,1026,454.173537358,1746189843.0688565,1025,-0.1618727445602417
0.028131350874900818,0.0,0.0,8056,1.0,1594368.0,66.06377410888672,0.01171875,0.16145622730255127,28.83984375,0.07819125056266785,1038,458.928819441,1746189847.824256,1037,-0.1533556878566742
0.02235468477010727,0.0,0.0,8384,1.0,1657344.0,66.06377410888672,0.01106770895421505,0.16145622730255127,30.260417938232422,0.09195365756750107,1079,475.133783773,1746189864.02914,1078,-0.17357277870178223
0.02815987728536129,0.0,0.0,8448,1.0,1669632.0,66.06377410888672,0.01171875,0.16145622730255127,28.79296875,0.09900438785552979,1087,478.290164304,1746189867.1855137,1086,-0.19638758897781372
0.0264399666339159,0.0,0.0,8568,1.0,1692672.0,66.06377410888672,0.00911458395421505,0.16145622730255127,29.475261688232422,0.0964261144399643,1102,484.205914019,1746189873.1012404,1101,-0.21294981241226196
0.020111821591854095,0.0,0.0,8744,1.0,1726464.0,66.06377410888672,0.01302083395421505,0.16145622730255127,30.60286521911621,0.13066810369491577,1124,492.923847159,1746189881.819233,1123,-0.20543764531612396
0.018900319933891296,0.0,0.0,8880,1.0,1752576.0,66.06377410888672,0.00911458395421505,0.16145622730255127,27.98828125,0.08285024762153625,1141,499.643500644,1746189888.5388522,1140,-0.18621504306793213
0.01794489473104477,0.0,0.0,8960,1.0,1767936.0,66.06377410888672,0.01106770895421505,0.16145622730255127,29.299480438232422,0.12371814250946045,1151,503.589508022,1746189892.4849334,1150,-0.1936674267053604
0.020276030525565147,0.0,0.0,8968,1.0,1769472.0,66.06377410888672,0.01106770895421505,0.16145622730255127,27.8203125,0.12354668974876404,1152,503.980802537,1746189892.8761168,1151,-0.20447492599487305
0.019588395953178406,0.0,0.0,8976,1.0,1771008.0,66.06377410888672,0.012369791977107525,0.16145622730255127,30.873699188232422,0.1451382040977478,1153,504.372052257,1746189893.2674894,1152,-0.1930178850889206
0.01918865367770195,0.0,0.0,9040,1.0,1783296.0,66.06377410888672,0.01106770895421505,0.16145622730255127,29.22786521911621,0.13615727424621582,1161,507.544834057,1746189896.4401448,1160,-0.1947566568851471
0.01800299994647503,0.0,0.0,9128,1.0,1800192.0,66.06377410888672,0.012369791977107525,0.16145622730255127,29.029949188232422,0.1489766538143158,1172,511.906146909,1746189900.8015423,1171,-0.21053558588027954
0.027953017503023148,0.0,0.0,9424,1.0,1857024.0,66.06377410888672,0.010416666977107525,0.16145622730255127,29.658855438232422,0.19500873982906342,1209,526.51227587,1746189915.407581,1208,-0.2470676749944687
0.01902799680829048,0.0,0.0,9440,1.0,1860096.0,66.06377410888672,0.012369791977107525,0.16145622730255127,31.35286521911621,0.20991113781929016,1211,527.312332452,1746189916.2076232,1210,-0.24983087182044983
0.016843607649207115,0.0,0.0,9592,1.0,1889280.0,66.06377410888672,0.014322916977107525,0.16145622730255127,32.1484375,0.2475956380367279,1230,534.824468573,1746189923.719799,1229,-0.23038896918296814
0.01913578435778618,0.0,0.0,9608,1.0,1892352.0,66.06377410888672,0.01171875,0.16145622730255127,30.869792938232422,0.24121098220348358,1232,535.625629826,1746189924.5209346,1231,-0.22082822024822235
0.017818719148635864,0.0,0.0,9656,1.0,1901568.0,66.06377410888672,0.013671875,0.16145622730255127,31.38411521911621,0.25415149331092834,1238,537.997859828,1746189926.8932157,1237,-0.23314814269542694
0.017432963475584984,0.0,0.0,10032,1.0,1973760.0,66.06377410888672,0.01171875,0.16145622730255127,28.37630271911621,0.1891997754573822,1285,556.573150881,1746189945.468463,1284,-0.16732078790664673
0.015417409129440784,0.0,0.0,10168,1.0,1999872.0,69.94468688964844,0.010416666977107525,0.5082125663757324,28.983074188232422,0.2267114371061325,1302,563.388193356,1746189952.2836127,1301,-0.1790168583393097
0.016823533922433853,0.0,0.0,10360,1.0,2036736.0,69.94468688964844,0.009765625,0.5082125663757324,29.4140625,0.2336653470993042,1326,572.873219453,1746189961.7681372,1325,-0.19859546422958374
0.014393577352166176,0.0,0.0,10608,1.0,2084352.0,69.94468688964844,0.01497395895421505,0.5082125663757324,31.358074188232422,0.3211190104484558,1357,585.157225458,1746189974.052686,1356,-0.21110445261001587
0.016165249049663544,0.0,0.0,10920,1.0,2144256.0,69.94468688964844,0.015625,0.5082125663757324,31.34765625,0.3121371269226074,1396,600.482900192,1746189989.3781278,1395,-0.27984991669654846
0.01705922558903694,0.0,0.0,11336,1.0,2224128.0,69.94468688964844,0.015625,0.5082125663757324,31.33984375,0.30808186531066895,1448,620.944710554,1746190009.8401895,1447,-0.29442089796066284
0.015498699620366096,0.0,0.0,11360,1.0,2228736.0,69.94468688964844,0.01497395895421505,0.5082125663757324,31.89192771911621,0.30048996210098267,1451,622.137072493,1746190011.0317829,1450,-0.2956615090370178
0.013613037765026093,0.0,0.0,11400,1.0,2236416.0,69.94468688964844,0.01497395895421505,0.5082125663757324,30.78125,0.29394853115081787,1456,624.107921993,1746190013.0027554,1455,-0.29360634088516235
0.012210708111524582,0.0,0.0,11408,1.0,2237952.0,69.94468688964844,0.015625,0.5082125663757324,31.54296875,0.29484182596206665,1457,624.501292437,1746190013.396536,1456,-0.2875573933124542
0.0144869489595294,0.0,0.0,11536,1.0,2262528.0,69.94468688964844,0.014322916977107525,0.5082125663757324,32.321617126464844,0.2556472718715668,1473,630.79023385,1746190019.6855543,1472,-0.3183525502681732
0.015188871882855892,0.0,0.0,11560,1.0,2267136.0,69.94468688964844,0.012369791977107525,0.5082125663757324,32.313804626464844,0.2695242166519165,1476,631.971171509,1746190020.8663628,1475,-0.33843594789505005
0.011505790054798126,0.0,0.0,11688,1.0,2291712.0,69.94468688964844,0.013671875,0.5082125663757324,31.217449188232422,0.26285815238952637,1492,638.262882756,1746190027.1580286,1491,-0.32816728949546814
0.013727637007832527,0.0,0.0,12048,1.0,2360832.0,69.94468688964844,0.01302083395421505,0.5082125663757324,31.83984375,0.2860754728317261,1537,655.944582682,1746190044.8398623,1536,-0.3878920376300812
0.009788529016077518,0.0,0.0,12320,1.0,2413056.0,69.94468688964844,0.01497395895421505,0.5082125663757324,30.643230438232422,0.3088853061199188,1571,669.266442291,1746190058.161918,1570,-0.36635980010032654
0.008080010302364826,0.0,0.0,12576,1.0,2462208.0,69.94468688964844,0.014322916977107525,0.5082125663757324,31.4921875,0.32004955410957336,1603,681.811457395,1746190070.7069519,1602,-0.38278651237487793
0.007613340392708778,0.0,0.0,12704,1.0,2486784.0,69.94468688964844,0.01497395895421505,0.5082125663757324,30.959636688232422,0.31853699684143066,1619,688.081083866,1746190076.976585,1618,-0.366719126701355
0.008225792087614536,0.0,0.0,12720,1.0,2489856.0,69.94468688964844,0.01497395895421505,0.5082125663757324,30.951824188232422,0.32152947783470154,1621,688.868114279,1746190077.7635999,1620,-0.37529104948043823
0.00933060236275196,0.0,0.0,12904,1.0000001192092896,2525184.0,63.99761199951172,0.014322916977107525,0.6119222044944763,30.84505271911621,0.3220821022987366,1644,697.986308752,1746190086.881813,1643,-0.3860972225666046
0.007060817442834377,0.0,0.0,12936,1.0000001192092896,2531328.0,63.99761199951172,0.014322916977107525,0.6119222044944763,30.87109375,0.32614779472351074,1648,699.548915763,1746190088.444407,1647,-0.3655039072036743
0.007112322375178337,0.0,0.0,12952,1.0000001192092896,2534400.0,63.99761199951172,0.014322916977107525,0.6119222044944763,31.60286521911621,0.3211652338504791,1650,700.331452711,1746190089.2269275,1649,-0.3846052885055542
0.007081232964992523,0.0,0.0,13040,1.0000001192092896,2551296.0,63.99761199951172,0.013671875,0.6119222044944763,30.48828125,0.3025655448436737,1661,704.646652543,1746190093.5421658,1660,-0.5575699806213379
0.0066127111203968525,0.0,0.0234375,13088,1.0000001192092896,2560512.0,63.99761199951172,0.010416666977107525,0.6119222044944763,30.09895896911621,0.2765389382839203,1667,706.993357499,1746190095.888865,1666,-0.5558227896690369
0.007480809930711985,0.0,0.0,13352,1.0000001192092896,2611200.0,63.99761199951172,0.01106770895421505,0.6119222044944763,27.776042938232422,0.2213183343410492,1700,719.919144778,1746190108.814615,1699,-0.525342583656311
0.006140538491308689,0.0,0.0,13608,1.0000001192092896,2660352.0,63.99761199951172,0.01302083395421505,0.6119222044944763,31.674480438232422,0.3043891191482544,1732,732.484155101,1746190121.3796647,1731,-0.5184001922607422
0.006231376901268959,0.0,0.0,13624,1.0000001192092896,2663424.0,63.99761199951172,0.012369791977107525,0.6119222044944763,30.78125,0.28234708309173584,1734,733.270110639,1746190122.1655529,1733,-0.5300302505493164
0.0061571672558784485,0.0,0.0,13640,1.0000001192092896,2666496.0,63.99761199951172,0.014322916977107525,0.6119222044944763,31.11328125,0.3097306489944458,1736,734.053041776,1746190122.9485722,1735,-0.5174618363380432
0.005995326209813356,0.0,0.0,13664,1.0000001192092896,2671104.0,63.99761199951172,0.01171875,0.6119222044944763,31.53645896911621,0.30267879366874695,1739,735.227694356,1746190124.1232002,1738,-0.537506639957428
0.012232284992933273,0.0,0.0,13744,1.0000001192092896,2686464.0,63.99761199951172,0.012369791977107525,0.6119222044944763,31.65755271911621,0.3142378330230713,1749,739.150281053,1746190128.045778,1748,-0.523102879524231
0.007486886344850063,0.0,0.0,13832,1.0000001192092896,2703360.0,63.99761199951172,0.01302083395421505,0.6119222044944763,31.377605438232422,0.2923355996608734,1760,743.454772177,1746190132.3502665,1759,-0.7000129818916321
0.006679965183138847,0.0,0.0,13864,1.0000001192092896,2709504.0,63.99761199951172,0.01171875,0.6119222044944763,29.397136688232422,0.25284522771835327,1764,745.022451728,1746190133.9179425,1763,-0.6856158375740051
0.00806903000921011,0.0,0.0,13944,1.0000001192092896,2724864.0,63.99761199951172,0.014322916977107525,0.6119222044944763,32.0859375,0.3161005973815918,1774,748.939642438,1746190137.8351443,1773,-0.6586196422576904
0.007329349406063557,0.0,0.0,14024,1.0000001192092896,2740224.0,63.99761199951172,0.013671875,0.6119222044944763,31.643230438232422,0.32559311389923096,1784,752.863680185,1746190141.7591693,1783,-0.6544145345687866
0.007141295820474625,0.0,0.0,14096,1.0000001192092896,2754048.0,63.99761199951172,0.01171875,0.6119222044944763,30.47005271911621,0.2776714563369751,1793,756.388992867,1746190145.284499,1792,-0.6465567350387573
0.009235586039721966,0.0,0.0,14168,1.0000001192092896,2767872.0,63.99761199951172,0.01302083395421505,0.6119222044944763,32.08984375,0.3204694986343384,1802,759.918975084,1746190148.814496,1801,-0.6468210220336914
0.03201848268508911,0.0,0.0,14192,1.0000001192092896,2772480.0,63.99761199951172,0.009765625,0.6119222044944763,30.79427146911621,0.2781234681606293,1805,761.107351917,1746190150.0028584,1804,-0.7429879307746887
0.0072837108746171,0.0,0.0,14256,1.0000001192092896,2784768.0,63.99761199951172,0.013671875,0.6119222044944763,31.326824188232422,0.2996677756309509,1813,764.240309688,1746190153.1358266,1812,-0.7538294792175293
0.006907548755407333,0.0,0.0,14296,1.0000001192092896,2792448.0,63.99761199951172,0.01302083395421505,0.6119222044944763,32.14713668823242,0.31459927558898926,1818,766.199720371,1746190155.0952463,1817,-0.7497433423995972
0.006429819390177727,0.0,0.0,14360,1.0000001192092896,2804736.0,63.99761199951172,0.015625,0.6119222044944763,32.118492126464844,0.3337422013282776,1826,769.33371663,1746190158.229212,1825,-0.7301559448242188
0.007594835013151169,0.0,0.0,14488,1.0000001192092896,2829312.0,63.99761199951172,0.012369791977107525,0.6119222044944763,30.671875,0.3034548759460449,1842,775.591403181,1746190164.4866638,1841,-0.7211309671401978
0.006702188402414322,0.0,0.0,14640,1.0000001192092896,2858496.0,63.99761199951172,0.012369791977107525,0.6119222044944763,31.06640625,0.30316072702407837,1861,783.036499423,1746190171.931976,1860,-0.737993597984314
0.006806444376707077,0.0,0.0,14808,1.0000001192092896,2890752.0,63.99761199951172,0.013671875,0.6119222044944763,31.81770896911621,0.3328702449798584,1882,791.256544747,1746190180.1520486,1881,-0.7433820962905884
0.04641079902648926,0.0,0.0,15304,1.0000001192092896,2985984.0,63.99761199951172,0.014322916977107525,0.6119222044944763,31.81380271911621,0.3228193521499634,1944,815.539696696,1746190204.4351916,1943,-0.6372930407524109
0.006448877975344658,0.0,0.0,15344,1.0000001192092896,2993664.0,63.99761199951172,0.015625,0.6119222044944763,31.87630271911621,0.3460350036621094,1949,817.49230087,1746190206.3877895,1948,-0.744362473487854
0.005824649706482887,0.0,0.0,15424,1.0,3009024.0,61.255584716796875,0.013671875,0.62933748960495,32.07291793823242,0.3377320170402527,1959,821.522711629,1746190210.4181597,1958,-0.7326187491416931
0.005383607931435108,0.0,0.0,15632,1.0,3048960.0,61.255584716796875,0.012369791977107525,0.62933748960495,31.30599021911621,0.3064035475254059,1985,831.69963997,1746190220.5951655,1984,-0.7564014792442322
0.007702467497438192,0.0,0.0,15992,1.0,3118080.0,61.255584716796875,0.010416666977107525,0.62933748960495,29.56380271911621,0.2803244888782501,2030,849.330507171,1746190238.2260034,2029,-0.7917642593383789
0.0073645999655127525,0.0,0.0,16008,1.0,3121152.0,61.255584716796875,0.014322916977107525,0.62933748960495,31.15234375,0.329738587141037,2032,850.108974019,1746190239.0044866,2031,-0.7898595333099365
0.006776674650609493,0.0,0.0,16024,1.0,3124224.0,61.255584716796875,0.01302083395421505,0.62933748960495,31.61328125,0.32569244503974915,2034,850.891288631,1746190239.7867703,2033,-0.7933245301246643
0.005524594336748123,0.0,0.0,16128,1.0,3144192.0,61.255584716796875,0.01302083395421505,0.62933748960495,32.282554626464844,0.3399524390697479,2047,855.980383223,1746190244.8758578,2046,-0.795154333114624
0.008561434224247932,0.0,0.0,16240,1.0,3165696.0,61.255584716796875,0.013671875,0.62933748960495,32.3046875,0.34506601095199585,2061,861.469031875,1746190250.364537,2060,-0.8020820617675781
0.006345654837787151,0.0,0.0,16368,1.0,3190272.0,61.255584716796875,0.01497395895421505,0.62933748960495,31.74609375,0.33304840326309204,2077,867.740507379,1746190256.6360292,2076,-0.812175989151001
0.005079155322164297,0.0,0.0,16512,1.0,3217920.0,61.255584716796875,0.01106770895421505,0.62933748960495,31.389324188232422,0.3182101845741272,2095,874.792647361,1746190263.6881394,2094,-0.7946597933769226
0.006212431006133556,0.0,0.0,16552,1.0,3225600.0,61.255584716796875,0.009765625,0.62933748960495,31.55599021911621,0.31540554761886597,2100,876.751130949,1746190265.6466384,2099,-0.7994549870491028
0.006089185364544392,0.0,0.0,16624,1.0,3239424.0,61.255584716796875,0.009765625,0.62933748960495,29.91015625,0.278596967458725,2109,880.270400024,1746190269.1659098,2108,-0.7984771132469177
0.006533444859087467,0.0,0.0,16664,1.0,3247104.0,61.255584716796875,0.01171875,0.62933748960495,30.9609375,0.31416815519332886,2114,882.224153783,1746190271.119638,2113,-0.8069244623184204
0.005109409336000681,0.0,0.0,16768,1.0,3267072.0,61.255584716796875,0.010416666977107525,0.62933748960495,31.22005271911621,0.30233508348464966,2127,887.323378699,1746190276.218865,2126,-0.8118021488189697
0.005859903991222382,0.0,0.0,16864,1.0,3285504.0,61.255584716796875,0.00911458395421505,0.62933748960495,28.8671875,0.2654634118080139,2139,892.030177619,1746190280.925699,2138,-0.8051603436470032
0.0051839277148246765,0.0,0.0,16944,1.0,3300864.0,61.255584716796875,0.009765625,0.62933748960495,30.13671875,0.29133763909339905,2149,895.979284222,1746190284.8747964,2148,-0.8145022988319397
0.005406252108514309,0.0,0.0,16976,1.0,3307008.0,61.255584716796875,0.01171875,0.62933748960495,30.421875,0.3013818860054016,2153,897.544440755,1746190286.4399242,2152,-0.8224806785583496
0.004690373316407204,0.0,0.0,17320,1.0,3373056.0,61.255584716796875,0.01106770895421505,0.62933748960495,31.83203125,0.3288452625274658,2196,914.39753743,1746190303.2930079,2195,-0.8846226930618286
0.00477129640057683,0.0,0.0,17368,1.0,3382272.0,61.255584716796875,0.009765625,0.62933748960495,30.44140625,0.3094121217727661,2202,916.749878938,1746190305.6453605,2201,-0.8862047791481018
0.004708077758550644,0.0,0.0,17416,1.0,3391488.0,61.255584716796875,0.010416666977107525,0.62933748960495,31.186199188232422,0.3267443776130676,2208,919.096993667,1746190307.9924786,2207,-0.8920734524726868
0.004607521928846836,0.0,0.0,17448,1.0,3397632.0,61.255584716796875,0.009765625,0.62933748960495,31.47005271911621,0.3263600468635559,2212,920.665475569,1746190309.5609627,2211,-0.8930352926254272
0.010290437377989292,0.0,0.0,17576,1.0,3422208.0,61.255584716796875,0.014322916977107525,0.62933748960495,30.822917938232422,0.3308153450489044,2228,926.930491019,1746190315.8259916,2227,-0.9896958470344543
0.0048004393465816975,0.0,0.0,17664,1.0,3439104.0,61.255584716796875,0.009765625,0.62933748960495,29.139324188232422,0.2847394347190857,2239,931.239347767,1746190320.134831,2238,-0.9847660064697266
0.004343891516327858,0.0,0.0,17776,1.0,3460608.0,61.255584716796875,0.01171875,0.62933748960495,31.32421875,0.33585143089294434,2253,936.732806527,1746190325.6282678,2252,-0.9709587097167969
0.004247704520821571,0.0,0.0,17792,1.0,3463680.0,61.255584716796875,0.010416666977107525,0.62933748960495,30.79036521911621,0.3129326403141022,2255,937.513607839,1746190326.409099,2254,-0.9802877902984619
0.004492796026170254,0.0,0.0,17856,1.0,3475968.0,61.255584716796875,0.00911458395421505,0.62933748960495,29.768230438232422,0.3011011481285095,2263,940.644393972,1746190329.5399106,2262,-0.9608333110809326
0.0077591948211193085,0.0,0.0,17936,1.0,3491328.0,61.255584716796875,0.01302083395421505,0.62933748960495,30.631511688232422,0.31533190608024597,2273,944.561404203,1746190333.456897,2272,-0.9574877023696899
0.007045310456305742,0.0,0.0,17944,1.0,3492864.0,61.255584716796875,0.00911458395421505,0.62933748960495,31.39583396911621,0.3177788257598877,2274,944.953324268,1746190333.8488243,2273,-0.959949791431427
0.004446474835276604,0.0,0.0,18128,1.0,3528192.0,65.55851745605469,0.008463541977107525,0.6866937279701233,28.98046875,0.2701953649520874,2297,954.059600142,1746190342.9550908,2296,-0.9541348218917847
0.0043917009606957436,0.0,0.0,18152,1.0,3532800.0,65.55851745605469,0.00911458395421505,0.6866937279701233,29.736980438232422,0.2997215986251831,2300,955.237551675,1746190344.1330261,2299,-0.9413143992424011
0.012551913037896156,0.0,0.0,18352,1.0,3571200.0,65.55851745605469,0.010416666977107525,0.6866937279701233,32.34635543823242,0.3204217553138733,2325,965.024758075,1746190353.9202535,2324,-1.0538334846496582
0.00645650178194046,0.0,0.0,18368,1.0,3574272.0,65.55851745605469,0.01302083395421505,0.6866937279701233,31.59114646911621,0.3303290605545044,2327,965.807894626,1746190354.7033865,2326,-1.0582770109176636
0.005690532736480236,0.0,0.0,18376,1.0,3575808.0,65.55851745605469,0.008463541977107525,0.6866937279701233,29.79817771911621,0.3010188341140747,2328,966.199452672,1746190355.0949547,2327,-1.0449968576431274
0.00546082342043519,0.0,0.0,18392,1.0,3578880.0,65.55851745605469,0.00911458395421505,0.6866937279701233,30.08333396911621,0.300147145986557,2330,966.983500221,1746190355.878999,2329,-1.0417118072509766
0.005014483351260424,0.0,0.0,18664,1.0,3631104.0,65.55851745605469,0.010416666977107525,0.6866937279701233,30.479167938232422,0.3042714595794678,2364,980.30026781,1746190369.1957614,2363,-1.0074734687805176
0.0070845806039869785,0.0,0.0,18680,1.0,3634176.0,65.55851745605469,0.008463541977107525,0.6866937279701233,29.154949188232422,0.28325286507606506,2366,981.083527912,1746190369.9790225,2365,-1.0069825649261475
0.00456666387617588,0.0,0.0,18696,1.0,3637248.0,65.55851745605469,0.009765625,0.6866937279701233,31.29817771911621,0.31042492389678955,2368,981.866521976,1746190370.7620454,2367,-1.0101959705352783
0.007395577616989613,0.0,0.0,18896,1.0,3675648.0,65.55851745605469,0.00911458395421505,0.6866937279701233,28.52734375,0.26807618141174316,2393,991.66409376,1746190380.5596256,2392,-1.0047677755355835
0.004926722496747971,0.0,0.0,18984,1.0,3692544.0,65.55851745605469,0.01106770895421505,0.6866937279701233,31.95442771911621,0.33473092317581177,2404,995.970096237,1746190384.8656323,2403,-1.0392521619796753
0.004906882531940937,0.0,0.0,19024,1.0,3700224.0,65.55851745605469,0.00911458395421505,0.6866937279701233,27.572917938232422,0.2518284320831299,2409,997.925193388,1746190386.8206866,2408,-1.034257411956787
0.004746725782752037,0.0,0.0,19032,1.0,3701760.0,65.55851745605469,0.01106770895421505,0.6866937279701233,30.768230438232422,0.3076211214065552,2410,998.314582016,1746190387.2100716,2409,-1.0336289405822754
0.004942115396261215,0.0,0.0,19160,1.0,3726336.0,65.55851745605469,0.0078125,0.6866937279701233,28.420574188232422,0.2485593557357788,2426,1004.576519686,1746190393.472005,2425,-1.0232280492782593
0.005484882742166519,0.0,0.0,19232,1.0,3740160.0,65.55851745605469,0.008463541977107525,0.6866937279701233,26.62239646911621,0.22820746898651123,2435,1008.10129913,1746190396.9968264,2434,-1.0312390327453613
0.004997190088033676,0.0,0.0,19592,1.0,3809280.0,65.55851745605469,0.008463541977107525,0.6866937279701233,26.39192771911621,0.22687077522277832,2480,1025.736881097,1746190414.6323647,2479,-1.021862506866455
0.007269614841789007,0.0,0.0,19640,1.0,3818496.0,65.55851745605469,0.0078125,0.6866937279701233,27.87239646911621,0.2517164647579193,2486,1028.087357769,1746190416.9828582,2485,-1.0046303272247314
0.005897825118154287,0.0,0.0,19856,1.0,3859968.0,65.55851745605469,0.008463541977107525,0.6866937279701233,29.381511688232422,0.26521360874176025,2513,1038.675747896,1746190427.571262,2512,-1.056962490081787
0.008459984324872494,0.0,0.0,19928,1.0,3873792.0,65.55851745605469,0.008463541977107525,0.6866937279701233,28.98046875,0.26086539030075073,2522,1042.200597699,1746190431.0960898,2521,-1.0341284275054932
0.00588101614266634,0.0,0.0,19968,1.0,3881472.0,65.55851745605469,0.0078125,0.6866937279701233,27.81380271911621,0.24516920745372772,2527,1044.162315027,1746190433.057767,2526,-1.0326124429702759
0.00595884770154953,0.0,0.0,19976,1.0,3883008.0,65.55851745605469,0.0078125,0.6866937279701233,28.998699188232422,0.26457011699676514,2528,1044.55397216,1746190433.449467,2527,-1.0406203269958496
0.00798112154006958,0.0,0.0,20240,1.0,3933696.0,65.55851745605469,0.008463541977107525,0.6866937279701233,29.932292938232422,0.2854689359664917,2561,1057.490831444,1746190446.3863726,2560,-1.0320322513580322
0.006367988418787718,0.0,0.0,20352,1.0,3955200.0,65.55851745605469,0.008463541977107525,0.6866937279701233,31.72265625,0.3099428415298462,2575,1062.972906583,1746190451.868427,2574,-1.1008868217468262
0.005967906676232815,0.0,0.0,20392,1.0,3962880.0,65.55851745605469,0.009765625,0.6866937279701233,30.77734375,0.3133954107761383,2580,1064.966762661,1746190453.8622792,2579,-1.092124104499817
0.005874455440789461,0.0,0.0,20432,1.0,3970560.0,65.55851745605469,0.008463541977107525,0.6866937279701233,29.63411521911621,0.300703227519989,2585,1066.93166954,1746190455.8271613,2584,-1.1056678295135498
0.006181649398058653,0.0,0.0,20472,1.0,3978240.0,65.55851745605469,0.008463541977107525,0.6866937279701233,30.79817771911621,0.3057200610637665,2590,1068.891342655,1746190457.786858,2589,-1.0900143384933472
0.009117700159549713,0.0,0.0,20504,1.0,3984384.0,65.55851745605469,0.0078125,0.6866937279701233,27.7109375,0.2463749349117279,2594,1070.458247002,1746190459.3537579,2593,-1.0945680141448975
0.006207723636180162,0.0018416205421090126,0.0,20600,0.9999999403953552,4002816.0,80.15469360351562,0.0078125,0.7450180649757385,28.33203125,0.2602855861186981,2606,1075.249410983,1746190464.1449044,2605,-1.0861713886260986
0.006857113912701607,0.0018416205421090126,0.0,20728,0.9999999403953552,4027392.0,80.15469360351562,0.008463541977107525,0.7450180649757385,26.48177146911621,0.2315535992383957,2622,1081.513951605,1746190470.4094756,2621,-1.0885732173919678
0.009053712710738182,0.0018416205421090126,0.0,20944,0.9999999403953552,4068864.0,80.15469360351562,0.0078125,0.7450180649757385,25.908855438232422,0.21438205242156982,2649,1092.092528357,1746190480.9880228,2648,-1.0838634967803955
0.007730896584689617,0.0018416205421090126,0.0,21008,0.9999999403953552,4081152.0,80.15469360351562,0.0078125,0.7450180649757385,27.70052146911621,0.253666490316391,2657,1095.238270217,1746190484.133815,2656,-1.076716661453247
0.008665294386446476,0.0018416205421090126,0.0,21064,0.9999999403953552,4091904.0,80.15469360351562,0.0078125,0.7450180649757385,27.729167938232422,0.24563369154930115,2664,1097.981396037,1746190486.8769035,2663,-1.09049654006958
0.007522513158619404,0.0018416205421090126,0.0,21088,0.9999999403953552,4096512.0,80.15469360351562,0.0078125,0.7450180649757385,25.15625,0.21057382225990295,2667,1099.156153784,1746190488.0516696,2666,-1.0920130014419556
0.007422298658639193,0.0018416205421090126,0.0,21104,0.9999999403953552,4099584.0,80.15469360351562,0.0078125,0.7450180649757385,26.768230438232422,0.2281937599182129,2669,1099.939387288,1746190488.8348231,2668,-1.0938925743103027
0.006454070098698139,0.0018416205421090126,0.0,21264,0.9999999403953552,4130304.0,80.15469360351562,0.008463541977107525,0.7450180649757385,28.069011688232422,0.2519257068634033,2689,1107.772354333,1746190496.6678576,2688,-1.0908571481704712
0.007361403200775385,0.0018416205421090126,0.0,21376,0.9999999403953552,4151808.0,80.15469360351562,0.0078125,0.7450180649757385,28.95442771911621,0.26589155197143555,2703,1113.266443748,1746190502.1619225,2702,-1.0715612173080444
0.007182229310274124,0.0018416205421090126,0.0,21400,0.9999999403953552,4156416.0,80.15469360351562,0.0078125,0.7450180649757385,27.765625,0.25684458017349243,2706,1114.444992323,1746190503.340487,2705,-1.0743399858474731
0.011590373702347279,0.0018416205421090126,0.0,21472,0.9999999403953552,4170240.0,80.15469360351562,0.008463541977107525,0.7450180649757385,27.022136688232422,0.25725075602531433,2715,1117.970219554,1746190506.8657136,2714,-1.0796294212341309
0.01320679858326912,0.0018416205421090126,0.0,21480,0.9999999403953552,4171776.0,80.15469360351562,0.0078125,0.7450180649757385,28.03645896911621,0.25882047414779663,2716,1118.362252912,1746190507.2577484,2715,-1.0777229070663452
0.00695557938888669,0.0018416205421090126,0.0,21584,0.9999999403953552,4191744.0,80.15469360351562,0.0078125,0.7450180649757385,27.627605438232422,0.25289618968963623,2729,1123.445354811,1746190512.3408325,2728,-1.0829867124557495
0.006343370769172907,0.0018416205421090126,0.0260416679084301,21800,0.9999999403953552,4233216.0,80.15469360351562,0.008463541977107525,0.7450180649757385,28.69661521911621,0.29684752225875854,2756,1134.024673283,1746190522.9202006,2755,-1.0755221843719482
0.007234628312289715,0.0018416205421090126,0.0,21840,0.9999999403953552,4240896.0,80.15469360351562,0.008463541977107525,0.7450180649757385,24.73177146911621,0.21301507949829102,2761,1135.982906658,1746190524.8782246,2760,-1.0784883499145508
0.007953807711601257,0.0018416205421090126,0.0,21912,0.9999999403953552,4254720.0,80.15469360351562,0.00911458395421505,0.7450180649757385,29.3125,0.28198671340942383,2770,1139.509073972,1746190528.4045756,2769,-1.0691866874694824
0.006621957756578922,0.0018416205421090126,0.0,22000,0.9999999403953552,4271616.0,80.15469360351562,0.008463541977107525,0.7450180649757385,27.62890625,0.2628362774848938,2781,1143.815174181,1746190532.710662,2780,-1.0717756748199463
0.007166454102844,0.0018416205421090126,0.0,22088,0.9999999403953552,4288512.0,80.15469360351562,0.0078125,0.7450180649757385,29.15755271911621,0.2745428681373596,2792,1148.117971677,1746190537.0134683,2791,-1.0793437957763672
0.006477114744484425,0.0018416205421090126,0.0,22352,0.9999999403953552,4339200.0,80.15469360351562,0.0078125,0.7450180649757385,28.65755271911621,0.2693519592285156,2825,1161.059590421,1746190549.9551017,2824,-1.0800117254257202
0.006992200389504433,0.0018416205421090126,0.0,22456,0.9999999403953552,4359168.0,80.15469360351562,0.008463541977107525,0.7450180649757385,29.9375,0.3135940730571747,2838,1166.159438955,1746190555.0549638,2837,-1.0836784839630127
0.008440406993031502,0.0018416205421090126,0.0,22680,0.9999999403953552,4402176.0,80.15469360351562,0.0078125,0.7450180649757385,26.389324188232422,0.23542571067810059,2866,1177.12408268,1746190566.0195963,2865,-1.083604097366333
0.00784972868859768,0.0018416205421090126,0.0,22720,0.9999999403953552,4409856.0,80.15469360351562,0.0078125,0.7450180649757385,28.26953125,0.2496437132358551,2871,1179.076723485,1746190567.9722123,2870,-1.092604637145996
0.007828040979802608,0.0018416205421090126,0.0,22768,0.9999999403953552,4419072.0,80.15469360351562,0.0078125,0.7450180649757385,28.07421875,0.2602078914642334,2877,1181.431279749,1746190570.3267615,2876,-1.0876765251159668
0.009096143767237663,0.0018416205421090126,0.0,23104,0.9999999403953552,4483584.0,80.15469360351562,0.0078125,0.7450180649757385,25.483074188232422,0.23163941502571106,2919,1197.873786009,1746190586.7692883,2918,-1.1007983684539795
0.009281402453780174,0.0038684720639139414,0.0,23176,1.0,4497408.0,84.42166900634766,0.0078125,0.7847376465797424,27.74739646911621,0.2530127763748169,2928,1201.500289744,1746190590.3957856,2927,-1.0906085968017578
0.009100086987018585,0.0038684720639139414,0.0,23248,1.0,4511232.0,84.42166900634766,0.0078125,0.7847376465797424,29.87630271911621,0.29953429102897644,2937,1205.037674582,1746190593.933178,2936,-1.0948238372802734
0.008231878280639648,0.0038684720639139414,0.0,23344,1.0,4529664.0,84.42166900634766,0.008463541977107525,0.7847376465797424,29.236980438232422,0.27139991521835327,2949,1209.739726891,1746190598.6352413,2948,-1.1047468185424805
0.008140837773680687,0.0038684720639139414,0.0,23376,1.0,4535808.0,84.42166900634766,0.0078125,0.7847376465797424,27.842449188232422,0.2515120208263397,2953,1211.309282846,1746190600.204726,2952,-1.1011207103729248
0.008512824773788452,0.0038684720639139414,0.0,23816,1.0,4620288.0,84.42166900634766,0.008463541977107525,0.7847376465797424,27.9921875,0.25746092200279236,3008,1232.862455735,1746190621.757971,3007,-1.1323678493499756
0.008071825839579105,0.0038684720639139414,0.0,23848,1.0,4626432.0,84.42166900634766,0.0078125,0.7847376465797424,28.52864646911621,0.2623479664325714,3012,1234.465164174,1746190623.3606884,3011,-1.1142685413360596
0.010825106874108315,0.0038684720639139414,0.0,23912,1.0,4638720.0,84.42166900634766,0.008463541977107525,0.7847376465797424,25.48177146911621,0.2283599078655243,3020,1237.594276182,1746190626.4897869,3019,-1.113295078277588
0.008517730981111526,0.0038684720639139414,0.0,23928,1.0,4641792.0,84.42166900634766,0.0078125,0.7847376465797424,27.20833396911621,0.24727746844291687,3022,1238.375531069,1746190627.2709951,3021,-1.1085538864135742
0.007654411252588034,0.0038684720639139414,0.0,23960,1.0,4647936.0,84.42166900634766,0.0078125,0.7847376465797424,27.44921875,0.2658221423625946,3026,1239.943177312,1746190628.8386574,3025,-1.110625147819519
0.0074079642072319984,0.0038684720639139414,0.0,24112,1.0,4677120.0,84.42166900634766,0.008463541977107525,0.7847376465797424,27.42578125,0.24712704122066498,3045,1247.389618548,1746190636.285153,3044,-1.1006344556808472
0.0073778387159109116,0.0038684720639139414,0.0,24280,1.0,4709376.0,84.42166900634766,0.0078125,0.7847376465797424,29.62630271911621,0.2844984531402588,3066,1255.616103809,1746190644.5116253,3065,-1.0901758670806885
0.007291603833436966,0.0038684720639139414,0.0,24336,1.0,4720128.0,84.42166900634766,0.008463541977107525,0.7847376465797424,27.29817771911621,0.2500375807285309,3073,1258.353182438,1746190647.2486749,3072,-1.0904242992401123
0.01014490332454443,0.0038684720639139414,0.0,25008,1.0,4849152.0,84.42166900634766,0.0078125,0.7847376465797424,26.651042938232422,0.24911873042583466,3157,1291.261011718,1746190680.1565278,3156,-1.1030199527740479
0.0065056076273322105,0.0038684720639139414,0.0,25168,1.0,4879872.0,84.42166900634766,0.0078125,0.7847376465797424,26.70052146911621,0.2551579177379608,3177,1299.084927269,1746190687.9804063,3176,-1.1169846057891846
0.008154312148690224,0.0038684720639139414,0.0,25328,1.0,4910592.0,84.42166900634766,0.0078125,0.7847376465797424,27.2734375,0.23995821177959442,3197,1306.91572587,1746190695.8112345,3196,-1.0871309041976929
0.007533774711191654,0.0038684720639139414,0.0,25344,1.0,4913664.0,84.42166900634766,0.0078125,0.7847376465797424,27.674480438232422,0.26897498965263367,3199,1307.699085433,1746190696.5946052,3198,-1.089731216430664
0.00594174163416028,0.0038684720639139414,0.0,25400,1.0,4924416.0,84.42166900634766,0.0078125,0.7847376465797424,30.05989646911621,0.29517167806625366,3206,1310.44398876,1746190699.3394904,3205,-1.090341329574585
0.005972560960799456,0.0038684720639139414,0.0,25456,1.0,4935168.0,84.42166900634766,0.0078125,0.7847376465797424,25.936199188232422,0.24395225942134857,3213,1313.184310745,1746190702.0797968,3212,-1.1019622087478638
0.006330392323434353,0.0038684720639139414,0.0240885429084301,25576,1.0,4958208.0,84.42166900634766,0.0078125,0.7847376465797424,25.928386688232422,0.262860506772995,3228,1319.05483412,1746190707.950337,3227,-1.1128178834915161
0.005902192555367947,0.0038684720639139414,0.0,25728,1.0,4987392.0,84.42166900634766,0.00911458395421505,0.7847376465797424,29.451824188232422,0.27961182594299316,3247,1326.492800609,1746190715.3882976,3246,-1.0959529876708984
0.007910476997494698,0.0,0.0,25760,1.0,4993536.0,88.89942169189453,0.008463541977107525,0.8066213130950928,27.20833396911621,0.2545554041862488,3251,1328.153958037,1746190717.0494444,3250,-1.1046772003173828
0.007040463387966156,0.0,0.0,25904,1.0,5021184.0,88.89942169189453,0.0078125,0.8066213130950928,24.69270896911621,0.21599982678890228,3269,1335.206392965,1746190724.1018922,3268,-1.0936789512634277
0.008936998434364796,0.0,0.0,26000,1.0,5039616.0,88.89942169189453,0.0078125,0.8066213130950928,27.60286521911621,0.25162386894226074,3281,1339.910844124,1746190728.806368,3280,-1.0840802192687988
0.009059080854058266,0.0,0.0,26016,1.0,5042688.0,88.89942169189453,0.014322916977107525,0.8066213130950928,32.02213668823242,0.355159729719162,3283,1340.694276814,1746190729.589791,3282,-1.0866711139678955
0.007629565428942442,0.0,0.0,26136,1.0,5065728.0,88.89942169189453,0.008463541977107525,0.8066213130950928,29.09114646911621,0.2765975892543793,3298,1346.570886654,1746190735.466406,3297,-1.1152300834655762
0.008313816040754318,0.0,0.0,26144,1.0,5067264.0,88.89942169189453,0.008463541977107525,0.8066213130950928,30.35677146911621,0.3034309446811676,3299,1346.960508456,1746190735.8560104,3298,-1.1059849262237549
0.01068164873868227,0.0,0.0,26368,1.0,5110272.0,88.89942169189453,0.00911458395421505,0.8066213130950928,30.22265625,0.29266631603240967,3327,1357.926392877,1746190746.8218915,3326,-1.0826318264007568
0.006808331236243248,0.0,0.0,26520,1.0,5139456.0,88.89942169189453,0.0078125,0.8066213130950928,26.36458396911621,0.24175041913986206,3346,1365.368882108,1746190754.2643933,3345,-1.0520505905151367
0.01053050346672535,0.0,0.0,26648,1.0,5164032.0,88.89942169189453,0.0078125,0.8066213130950928,28.05599021911621,0.2597029507160187,3362,1371.631895445,1746190760.5274084,3361,-1.0473744869232178
0.009794935584068298,0.0,0.0,26688,1.0,5171712.0,88.89942169189453,0.0078125,0.8066213130950928,27.56380271911621,0.24188604950904846,3367,1373.583834727,1746190762.4793591,3366,-1.0368146896362305
0.009940305724740028,0.0,0.0,26696,1.0,5173248.0,88.89942169189453,0.0078125,0.8066213130950928,28.4765625,0.25347793102264404,3368,1373.975477286,1746190762.8709958,3367,-1.0778132677078247
0.009831155650317669,0.0,0.0,26736,1.0,5180928.0,88.89942169189453,0.01302083395421505,0.8066213130950928,31.98828125,0.33780622482299805,3373,1375.928422093,1746190764.8239343,3372,-1.0529100894927979
0.011885125190019608,0.0,0.0,26784,1.0,5190144.0,88.89942169189453,0.0078125,0.8066213130950928,29.80859375,0.2901889979839325,3379,1378.280868335,1746190767.1763618,3378,-1.0396294593811035
0.008170129731297493,0.0,0.0,26856,1.0,5203968.0,88.89942169189453,0.008463541977107525,0.8066213130950928,26.90234375,0.2524402141571045,3388,1381.810336771,1746190770.7058454,3387,-1.0226470232009888
0.0103695597499609,0.0,0.0,27040,1.0,5239296.0,88.89942169189453,0.008463541977107525,0.8066213130950928,27.1796875,0.26406607031822205,3411,1390.809752286,1746190779.705258,3410,-1.0387094020843506
0.014618261717259884,0.0,0.0,27096,1.0,5250048.0,88.89942169189453,0.00911458395421505,0.8066213130950928,30.18489646911621,0.2981841266155243,3418,1393.564261004,1746190782.4596636,3417,-1.1059861183166504
0.008898097090423107,0.0,0.0,27280,1.0,5285376.0,88.89942169189453,0.008463541977107525,0.8066213130950928,25.42317771911621,0.22131399810314178,3441,1402.573752141,1746190791.469182,3440,-1.1246771812438965
0.008689583279192448,0.0,0.0,27392,1.0,5306880.0,88.89942169189453,0.0078125,0.8066213130950928,27.390625,0.2535751461982727,3455,1408.089988342,1746190796.9854724,3454,-1.0936166048049927
0.0094375628978014,0.0,0.0,27496,1.0,5326848.0,88.89942169189453,0.0078125,0.8066213130950928,26.268230438232422,0.2432749718427658,3468,1413.181984665,1746190802.0774953,3467,-1.0840492248535156
0.009203009307384491,0.0,0.0,27512,1.0,5329920.0,88.89942169189453,0.0078125,0.8066213130950928,27.36067771911621,0.2385866343975067,3470,1413.965024543,1746190802.8605547,3469,-1.0845037698745728
0.00921778753399849,0.0,0.0,27608,1.0,5348352.0,88.89942169189453,0.0078125,0.8066213130950928,26.32552146911621,0.23043739795684814,3482,1418.663240558,1746190807.5587432,3481,-1.0975720882415771
0.009033100679516792,0.0,0.0,27624,1.0,5351424.0,88.89942169189453,0.0078125,0.8066213130950928,27.182292938232422,0.2460263967514038,3484,1419.446606919,1746190808.342127,3483,-1.0954301357269287
0.011523622088134289,0.0,0.0,27680,1.0,5362176.0,88.89942169189453,0.0078125,0.8066213130950928,27.31770896911621,0.25963079929351807,3491,1422.180904734,1746190811.0764046,3490,-1.0953483581542969
0.008468575775623322,0.0,0.0,27808,1.0,5386752.0,88.89942169189453,0.008463541977107525,0.8066213130950928,29.12890625,0.291027307510376,3507,1428.448526329,1746190817.3440382,3506,-1.1088941097259521
0.008039534091949463,0.0,0.0,27872,1.0,5399040.0,88.89942169189453,0.0078125,0.8066213130950928,24.9921875,0.21402060985565186,3515,1431.583747216,1746190820.4792662,3514,-1.1009236574172974
0.007420169655233622,0.0,0.02473958395421505,27880,1.0,5400576.0,88.89942169189453,0.0078125,0.8066213130950928,27.108074188232422,0.27114206552505493,3516,1431.975394862,1746190820.870912,3515,-1.1095526218414307
0.009506089612841606,0.0,0.0,27904,1.0,5405184.0,88.89942169189453,0.0078125,0.8066213130950928,26.13802146911621,0.24149668216705322,3519,1433.149935988,1746190822.0454419,3518,-1.0912213325500488
0.009098205715417862,0.0,0.0,28152,1.0,5452800.0,88.89942169189453,0.008463541977107525,0.8066213130950928,28.07942771911621,0.27299991250038147,3550,1445.302348046,1746190834.1978393,3549,-1.0948755741119385
0.018052568659186363,0.0,0.0,28264,1.0,5474304.0,88.89942169189453,0.0078125,0.8066213130950928,27.984375,0.25841671228408813,3564,1450.779569223,1746190839.675085,3563,-1.0922541618347168
0.011377918533980846,0.031128404662013054,0.0,28456,1.0,5511168.0,87.7237319946289,0.0078125,0.8496535420417786,27.779949188232422,0.255519300699234,3588,1460.276907297,1746190849.1724057,3587,-1.074503779411316
0.009667584672570229,0.031128404662013054,0.0,28528,1.0,5524992.0,87.7237319946289,0.0078125,0.8496535420417786,27.84114646911621,0.26462432742118835,3597,1463.804530576,1746190852.7000518,3596,-1.1087255477905273
0.009037533774971962,0.031128404662013054,0.0,28568,1.0,5532672.0,87.7237319946289,0.008463541977107525,0.8496535420417786,28.393230438232422,0.2686229348182678,3602,1465.759142477,1746190854.6546495,3601,-1.1094448566436768
0.010758147574961185,0.031128404662013054,0.0,28768,1.0,5571072.0,87.7237319946289,0.0078125,0.8496535420417786,27.0078125,0.25900763273239136,3627,1475.569276365,1746190864.464801,3626,-1.0861470699310303
0.01503926794975996,0.031128404662013054,0.0,29024,1.0,5620224.0,87.7237319946289,0.0078125,0.8496535420417786,26.87239646911621,0.24314740300178528,3659,1488.101672936,1746190876.9971883,3658,-1.0820021629333496
0.012052219361066818,0.031128404662013054,0.0,29168,1.0,5647872.0,87.7237319946289,0.0078125,0.8496535420417786,29.578125,0.28943490982055664,3677,1495.146240005,1746190884.0417068,3676,-1.1648558378219604
0.016741499304771423,0.031128404662013054,0.0,29200,1.0,5654016.0,87.7237319946289,0.008463541977107525,0.8496535420417786,26.03125,0.2259088009595871,3681,1496.709410727,1746190885.6049178,3680,-1.0901012420654297
0.01685503125190735,0.031128404662013054,0.0,29232,1.0,5660160.0,87.7237319946289,0.0078125,0.8496535420417786,25.890625,0.22730788588523865,3685,1498.279663952,1746190887.1751513,3684,-1.08047616481781
0.015296817757189274,0.031128404662013054,0.029296875,29336,1.0,5680128.0,87.7237319946289,0.0078125,0.8496535420417786,27.58984375,0.30330199003219604,3698,1503.371930324,1746190892.2674253,3697,-1.081632375717163
0.011734132654964924,0.031128404662013054,0.0,29504,1.0,5712384.0,87.7237319946289,0.0078125,0.8496535420417786,30.084636688232422,0.29012683033943176,3719,1511.609348695,1746190900.504858,3718,-1.1133838891983032
0.010136939585208893,0.031128404662013054,0.0,29624,1.0,5735424.0,87.7237319946289,0.0078125,0.8496535420417786,28.139324188232422,0.2634631395339966,3734,1517.482243357,1746190906.3777661,3733,-1.1131784915924072
0.012659462168812752,0.031128404662013054,0.0,29728,1.0,5755392.0,87.7237319946289,0.0078125,0.8496535420417786,30.00130271911621,0.30290883779525757,3747,1522.572987123,1746190911.4685109,3746,-1.1031103134155273
0.009296457283198833,0.031128404662013054,0.0,29776,1.0,5764608.0,87.7237319946289,0.0078125,0.8496535420417786,27.60286521911621,0.2678764760494232,3753,1524.923557143,1746190913.8190603,3752,-1.1188116073608398
0.011809265241026878,0.031128404662013054,0.0,29928,1.0,5793792.0,87.7237319946289,0.0078125,0.8496535420417786,27.30599021911621,0.25348687171936035,3772,1532.372085227,1746190921.2675858,3771,-1.1669021844863892
0.008003588765859604,0.031128404662013054,0.0,29936,1.0,5795328.0,87.7237319946289,0.0078125,0.8496535420417786,26.244792938232422,0.24673771858215332,3773,1532.763729717,1746190921.6592314,3772,-1.1758699417114258
0.011244423687458038,0.031128404662013054,0.0,29952,1.0,5798400.0,87.7237319946289,0.0078125,0.8496535420417786,25.98177146911621,0.2451556921005249,3775,1533.547406956,1746190922.4428902,3774,-1.1508607864379883
0.008307304233312607,0.031128404662013054,0.0,30264,1.0,5858304.0,87.7237319946289,0.008463541977107525,0.8496535420417786,27.54427146911621,0.24963587522506714,3814,1548.83289461,1746190937.728432,3813,-1.0987533330917358
0.009393897838890553,0.031128404662013054,0.0,30296,1.0,5864448.0,87.7237319946289,0.0078125,0.8496535420417786,26.143230438232422,0.24521920084953308,3818,1550.398574524,1746190939.2940907,3817,-1.1044533252716064
0.011080952361226082,0.031128404662013054,0.0,30584,1.0,5919744.0,87.7237319946289,0.0078125,0.8496535420417786,27.82942771911621,0.27173376083374023,3854,1564.50253565,1746190953.3979976,3853,-1.0738273859024048
0.015306258574128151,0.031128404662013054,0.0,30632,1.0,5928960.0,87.7237319946289,0.009765625,0.8496535420417786,30.68359375,0.32587629556655884,3860,1566.848545631,1746190955.7440212,3859,-1.0732316970825195
0.03179170563817024,0.031128404662013054,0.0,30768,1.0,5955072.0,87.7237319946289,0.009765625,0.8496535420417786,30.234375,0.3099108338356018,3877,1573.532835923,1746190962.428318,3876,-1.0023545026779175
0.015464533120393753,0.031128404662013054,0.0,30928,1.0,5985792.0,87.7237319946289,0.00911458395421505,0.8496535420417786,30.5859375,0.30562710762023926,3897,1581.372388194,1746190970.2678866,3896,-1.0047221183776855
0.014139197766780853,0.02119460329413414,0.0,30952,0.9999999403953552,5990400.0,81.07706451416016,0.0078125,0.8207570314407349,25.791667938232422,0.23473739624023438,3900,1582.643431276,1746190971.5389345,3899,-1.009720802307129
0.013874524272978306,0.02119460329413414,0.0,31080,0.9999999403953552,6014976.0,81.07706451416016,0.0078125,0.8207570314407349,26.717449188232422,0.23256707191467285,3916,1588.926645789,1746190977.8221772,3915,-1.0229711532592773
0.015416337177157402,0.02119460329413414,0.0,31160,0.9999999403953552,6030336.0,81.07706451416016,0.0078125,0.8207570314407349,26.26171875,0.2322358340024948,3926,1592.841627218,1746190981.7371428,3925,-1.0147769451141357
0.021364908665418625,0.02119460329413414,0.0,31200,0.9999999403953552,6038016.0,81.07706451416016,0.008463541977107525,0.8207570314407349,29.787761688232422,0.30311328172683716,3931,1594.798657745,1746190983.6940935,3930,-1.045011281967163
0.015703385695815086,0.02119460329413414,0.0,31208,0.9999999403953552,6039552.0,81.07706451416016,0.0078125,0.8207570314407349,29.98828125,0.30182796716690063,3932,1595.190482646,1746190984.085988,3931,-0.9947736263275146
0.01840515434741974,0.02119460329413414,0.0,31224,0.9999999403953552,6042624.0,81.07706451416016,0.008463541977107525,0.8207570314407349,29.865886688232422,0.2873966097831726,3934,1595.973825742,1746190984.869336,3933,-0.9722970724105835
0.017958810552954674,0.02119460329413414,0.0,31384,0.9999999403953552,6073344.0,81.07706451416016,0.00911458395421505,0.8207570314407349,29.86067771911621,0.3147784471511841,3954,1603.807296418,1746190992.7027965,3953,-0.9947191476821899
0.020257040858268738,0.02119460329413414,0.0,31408,0.9999999403953552,6077952.0,81.07706451416016,0.0078125,0.8207570314407349,29.506511688232422,0.291443794965744,3957,1604.982140307,1746190993.877654,3956,-0.9917818307876587
0.016566000878810883,0.02119460329413414,0.0,31592,0.9999999403953552,6113280.0,81.07706451416016,0.0078125,0.8207570314407349,29.36849021911621,0.27975642681121826,3980,1613.996330871,1746191002.8918283,3979,-1.0522865056991577
0.011003050953149796,0.02119460329413414,0.0,31624,0.9999999403953552,6119424.0,81.07706451416016,0.008463541977107525,0.8207570314407349,29.59505271911621,0.2937271296977997,3984,1615.563259448,1746191004.4587655,3983,-1.0691492557525635
0.012746227905154228,0.02119460329413414,0.0,31696,0.9999999403953552,6133248.0,81.07706451416016,0.008463541977107525,0.8207570314407349,28.06640625,0.27009549736976624,3993,1619.083386777,1746191007.9788914,3992,-1.0687859058380127
0.013273121789097786,0.02119460329413414,0.0,31728,0.9999999403953552,6139392.0,81.07706451416016,0.0078125,0.8207570314407349,28.63802146911621,0.28260084986686707,3997,1620.65243583,1746191009.5479531,3996,-1.0705201625823975
0.014060799032449722,0.02119460329413414,0.0,31768,0.9999999403953552,6147072.0,81.07706451416016,0.0078125,0.8207570314407349,27.95442771911621,0.2759382128715515,4002,1622.611179168,1746191011.5067,4001,-1.064108967781067
0.01282965112477541,0.02119460329413414,0.0,31936,0.9999999403953552,6179328.0,81.07706451416016,0.00911458395421505,0.8207570314407349,28.166667938232422,0.28154951333999634,4023,1630.835589716,1746191019.731104,4022,-1.04689621925354
0.02558356150984764,0.02119460329413414,0.0,31960,0.9999999403953552,6183936.0,81.07706451416016,0.0078125,0.8207570314407349,27.709636688232422,0.25063925981521606,4026,1632.009062744,1746191020.9045854,4025,-1.0412678718566895
0.014678956009447575,0.02119460329413414,0.0,31992,0.9999999403953552,6190080.0,81.07706451416016,0.0078125,0.8207570314407349,26.94661521911621,0.24874970316886902,4030,1633.577020481,1746191022.4725194,4029,-1.0326879024505615
0.0167430080473423,0.02119460329413414,0.0,32072,0.9999999403953552,6205440.0,81.07706451416016,0.0078125,0.8207570314407349,26.213542938232422,0.24277982115745544,4040,1637.495763454,1746191026.39124,4039,-1.0184473991394043
0.012164252810180187,0.02119460329413414,0.0240885429084301,32096,0.9999999403953552,6210048.0,81.07706451416016,0.0078125,0.8207570314407349,28.46875,0.2865932881832123,4043,1638.67118715,1746191027.5666645,4042,-1.0452951192855835
0.01251296792179346,0.02119460329413414,0.0,32136,0.9999999403953552,6217728.0,81.07706451416016,0.0078125,0.8207570314407349,25.955730438232422,0.23962901532649994,4048,1640.632953948,1746191029.5284731,4047,-1.028232455253601
0.011104855686426163,0.02119460329413414,0.0,32200,0.9999999403953552,6230016.0,81.07706451416016,0.0078125,0.8207570314407349,28.2890625,0.2748868465423584,4056,1643.764922781,1746191032.6604133,4055,-1.0468876361846924
0.01618329808115959,0.02119460329413414,0.0,32360,0.9999999403953552,6260736.0,81.07706451416016,0.0078125,0.8207570314407349,26.63411521911621,0.23357710242271423,4076,1651.60801493,1746191040.503532,4075,-1.0508384704589844
0.022798264399170876,0.02119460329413414,0.0,32408,0.9999999403953552,6269952.0,81.07706451416016,0.0078125,0.8207570314407349,27.33984375,0.2662014961242676,4082,1653.961312797,1746191042.8568208,4081,-1.0335330963134766
0.015798822045326233,0.02119460329413414,0.0,32456,0.9999999403953552,6279168.0,81.07706451416016,0.0078125,0.8207570314407349,25.30989646911621,0.2277844399213791,4088,1656.308625993,1746191045.2041306,4087,-1.045525074005127
0.014178410172462463,0.02119460329413414,0.0,32632,0.9999999403953552,6312960.0,81.07706451416016,0.0078125,0.8207570314407349,26.5078125,0.23320460319519043,4110,1664.924927515,1746191053.820456,4109,-1.039123773574829
0.012611321173608303,0.02119460329413414,0.0,32768,0.9999999403953552,6339072.0,81.07706451416016,0.0078125,0.8207570314407349,30.20833396911621,0.3140951991081238,4127,1671.58177756,1746191060.4772482,4126,-1.0833739042282104
0.015274240635335445,0.02119460329413414,0.0,32776,0.9999999403953552,6340608.0,81.07706451416016,0.008463541977107525,0.8207570314407349,28.807292938232422,0.29323527216911316,4128,1671.973516931,1746191060.8690135,4127,-1.0802658796310425
0.014539100229740143,0.02119460329413414,0.0,32800,0.9999999403953552,6345216.0,81.07706451416016,0.0078125,0.8207570314407349,28.584636688232422,0.2703346610069275,4131,1673.14843048,1746191062.0439224,4130,-1.060312271118164
0.011295672506093979,0.02119460329413414,0.0,32808,0.9999999403953552,6346752.0,81.07706451416016,0.0078125,0.8207570314407349,28.96614646911621,0.28091853857040405,4132,1673.540578287,1746191062.4360635,4131,-1.0621540546417236
0.017587458714842796,0.02119460329413414,0.0,32888,0.9999999403953552,6362112.0,81.07706451416016,0.0078125,0.8207570314407349,27.729167938232422,0.2624693214893341,4142,1677.462269567,1746191066.3577487,4141,-0.9841927289962769
0.013229737989604473,0.02119460329413414,0.0,33048,0.9999999403953552,6392832.0,81.07706451416016,0.008463541977107525,0.8207570314407349,29.703125,0.30186325311660767,4162,1685.301072371,1746191074.1965783,4161,-0.9799079895019531
0.012733526527881622,0.02119460329413414,0.0325520858168602,33080,0.9999999403953552,6398976.0,81.07706451416016,0.0078125,0.8207570314407349,29.57552146911621,0.3365042209625244,4166,1686.867467729,1746191075.7629747,4165,-1.006475806236267
0.012936032377183437,0.02119460329413414,0.0,33096,0.9999999403953552,6402048.0,81.07706451416016,0.0078125,0.8207570314407349,26.2734375,0.23683136701583862,4168,1687.650698561,1746191076.546195,4167,-0.9806848764419556
0.014251421205699444,0.02119460329413414,0.0,33144,0.9999999403953552,6411264.0,81.07706451416016,0.0078125,0.8207570314407349,28.19270896911621,0.2774322032928467,4174,1689.995480717,1746191078.8909876,4173,-1.0018129348754883
0.013549656607210636,0.02119460329413414,0.02864583395421505,33192,0.9999999403953552,6420480.0,81.07706451416016,0.008463541977107525,0.8207570314407349,25.455730438232422,0.2529435157775879,4180,1692.339476258,1746191081.2349823,4179,-0.995118260383606
0.018054934218525887,0.02119460329413414,0.0,33232,0.9999999403953552,6428160.0,81.07706451416016,0.008463541977107525,0.8207570314407349,29.859375,0.29307377338409424,4185,1694.297862191,1746191083.1933393,4184,-0.968644917011261
0.01647542417049408,0.02119460329413414,0.0,33256,0.9999999403953552,6432768.0,81.07706451416016,0.0078125,0.8207570314407349,24.52083396911621,0.22268156707286835,4188,1695.472806628,1746191084.3682823,4187,-0.965794563293457
0.019199684262275696,0.02119460329413414,0.0,33264,0.9999999403953552,6434304.0,81.07706451416016,0.0078125,0.8207570314407349,27.046875,0.25215327739715576,4189,1695.866205643,1746191084.7616909,4188,-0.9765211939811707
0.02486683800816536,0.02119460329413414,0.0,33440,0.9999999403953552,6468096.0,81.07706451416016,0.0078125,0.8207570314407349,26.0234375,0.2316589057445526,4211,1704.48448618,1746191093.3799932,4210,-1.005777359008789
0.015122825279831886,0.02119460329413414,0.0,33520,0.9999999403953552,6483456.0,81.07706451416016,0.0078125,0.8207570314407349,27.00130271911621,0.26341158151626587,4221,1708.39861516,1746191097.2941005,4220,-1.0015114545822144
0.014400385320186615,0.01953125,0.0,33568,1.0,6492672.0,85.6640625,0.0078125,0.8232681751251221,27.611980438232422,0.25619402527809143,4227,1710.846445498,1746191099.741935,4226,-1.0172470808029175
0.025436747819185257,0.01953125,0.0,33744,1.0,6526464.0,85.6640625,0.0078125,0.8232681751251221,27.41796875,0.2480786144733429,4249,1719.454717036,1746191108.3502176,4248,-0.9943039417266846
0.014438925310969353,0.01953125,0.0,33856,1.0,6547968.0,85.6640625,0.008463541977107525,0.8232681751251221,28.66927146911621,0.30598440766334534,4263,1724.943634224,1746191113.8391294,4262,-1.0814018249511719
0.01868036761879921,0.01953125,0.0,33896,1.0,6555648.0,85.6640625,0.0078125,0.8232681751251221,27.42317771911621,0.24812579154968262,4268,1726.898341318,1746191115.7938504,4267,-1.0619754791259766
0.015619049780070782,0.01953125,0.0,33992,1.0,6574080.0,85.6640625,0.0078125,0.8232681751251221,28.59765625,0.28407424688339233,4280,1731.604980129,1746191120.5004592,4279,-1.0645360946655273
0.0150588508695364,0.01953125,0.0,34096,1.0,6594048.0,85.6640625,0.0078125,0.8232681751251221,31.104167938232422,0.30175530910491943,4293,1736.704595134,1746191125.6000044,4292,-1.1044116020202637
0.014532936736941338,0.01953125,0.0,34272,1.0,6627840.0,85.6640625,0.0078125,0.8232681751251221,26.41536521911621,0.24621838331222534,4315,1745.345295882,1746191134.2408154,4314,-1.0910818576812744
0.023164944723248482,0.01953125,0.0,34600,1.0,6690816.0,85.6640625,0.0078125,0.8232681751251221,28.2890625,0.25291547179222107,4356,1761.399187362,1746191150.2946777,4355,-1.0473301410675049
0.025916121900081635,0.01953125,0.0,34656,1.0,6701568.0,85.6640625,0.008463541977107525,0.8232681751251221,27.401042938232422,0.25584039092063904,4363,1764.136771429,1746191153.0322738,4362,-1.0446209907531738
0.030820976942777634,0.01953125,0.0,35048,1.0,6776832.0,85.6640625,0.0078125,0.8232681751251221,30.99739646911621,0.3043326139450073,4412,1783.35077074,1746191172.2462742,4411,-0.9830882549285889
0.025887591764330864,0.01953125,0.0,35288,1.0,6822912.0,85.6640625,0.0078125,0.8232681751251221,29.147136688232422,0.28766706585884094,4442,1795.100123013,1746191183.9956427,4441,-0.9572779536247253
0.023460883647203445,0.01953125,0.0,35344,1.0,6833664.0,85.6640625,0.008463541977107525,0.8232681751251221,31.62239646911621,0.3286265432834625,4449,1797.842813887,1746191186.7383122,4448,-0.9625518321990967
0.033816538751125336,0.01953125,0.0,35400,1.0,6844416.0,85.6640625,0.00911458395421505,0.8232681751251221,27.854167938232422,0.259334921836853,4456,1800.592807435,1746191189.488295,4455,-0.9769167900085449
0.022922128438949585,0.01953125,0.0,35504,1.0,6864384.0,85.6640625,0.00911458395421505,0.8232681751251221,30.100261688232422,0.31784743070602417,4469,1805.686856524,1746191194.5823545,4468,-1.0106613636016846
0.020918384194374084,0.01953125,0.0,35712,1.0,6904320.0,85.6640625,0.0078125,0.8232681751251221,27.13020896911621,0.24808703362941742,4495,1815.880380635,1746191204.7758722,4494,-0.9977383613586426
0.02763335034251213,0.01953125,0.0,35888,1.0,6938112.0,85.6640625,0.0078125,0.8232681751251221,27.05078125,0.2503226101398468,4517,1824.489012436,1746191213.384512,4516,-1.0090686082839966
0.07004763185977936,0.01953125,0.0,35920,1.0,6944256.0,85.6640625,0.0078125,0.8232681751251221,29.3359375,0.2724487781524658,4521,1826.056053641,1746191214.951588,4520,-0.886842668056488
0.031791526824235916,0.017142856493592262,0.0,36360,1.0,7028736.0,78.73143005371094,0.0078125,0.786393404006958,29.162761688232422,0.2721497714519501,4576,1847.688036319,1746191236.583522,4575,-0.9474235773086548
0.060651183128356934,0.017142856493592262,0.0,36392,1.0,7034880.0,78.73143005371094,0.00911458395421505,0.786393404006958,29.721355438232422,0.2990032434463501,4580,1849.263065062,1746191238.158492,4579,-1.0034042596817017
0.06243567168712616,0.017142856493592262,0.0,36408,1.0,7037952.0,78.73143005371094,0.009765625,0.786393404006958,29.631511688232422,0.2873707413673401,4582,1850.046385094,1746191238.941869,4581,-1.0930569171905518
0.03277469426393509,0.017142856493592262,0.0,36480,1.0,7051776.0,78.73143005371094,0.010416666977107525,0.786393404006958,31.240886688232422,0.31978166103363037,4591,1853.57838325,1746191242.4739027,4590,-1.192129135131836
0.019896453246474266,0.017142856493592262,0.0,36496,1.0,7054848.0,78.73143005371094,0.008463541977107525,0.786393404006958,28.82552146911621,0.2660471200942993,4593,1854.363546888,1746191243.2590477,4592,-1.148743987083435
0.02143610268831253,0.017142856493592262,0.0,36568,1.0,7068672.0,78.73143005371094,0.0078125,0.786393404006958,26.60286521911621,0.23212039470672607,4602,1857.888632762,1746191246.7841582,4601,-1.1550674438476562
0.03437423333525658,0.017142856493592262,0.0,36880,1.0,7128576.0,78.73143005371094,0.009765625,0.786393404006958,31.09114646911621,0.32213157415390015,4641,1873.173102436,1746191262.068584,4640,-1.0934007167816162
0.044769205152988434,0.017142856493592262,0.0,36888,1.0,7130112.0,78.73143005371094,0.008463541977107525,0.786393404006958,29.03515625,0.27242204546928406,4642,1873.564978511,1746191262.4604547,4641,-1.0938018560409546
0.05359474569559097,0.017142856493592262,0.0,37008,1.0,7153152.0,78.73143005371094,0.008463541977107525,0.786393404006958,28.421875,0.2625265121459961,4657,1879.442968666,1746191268.3384905,4656,-1.099918246269226
0.04061466455459595,0.017142856493592262,0.0,37056,1.0,7162368.0,78.73143005371094,0.0078125,0.786393404006958,26.88671875,0.24263235926628113,4663,1881.788626099,1746191270.6841397,4662,-1.0628761053085327
0.02739831805229187,0.017142856493592262,0.0,37112,1.0,7173120.0,78.73143005371094,0.0078125,0.786393404006958,27.93880271911621,0.24699881672859192,4670,1884.530150289,1746191273.4256551,4669,-1.0764658451080322
0.03589385002851486,0.017142856493592262,0.0,37248,1.0,7199232.0,78.73143005371094,0.00911458395421505,0.786393404006958,29.166667938232422,0.28648123145103455,4687,1891.197436962,1746191280.0929356,4686,-1.076724886894226
0.02786763571202755,0.017142856493592262,0.0,37400,1.0,7228416.0,78.73143005371094,0.0078125,0.786393404006958,30.0,0.31409308314323425,4706,1898.632241372,1746191287.527741,4705,-1.0901745557785034
0.029003333300352097,0.017142856493592262,0.0,37512,1.0,7249920.0,78.73143005371094,0.0078125,0.786393404006958,28.15625,0.26137644052505493,4720,1904.11829548,1746191293.013767,4719,-1.0750724077224731
0.04042227938771248,0.017142856493592262,0.0,37672,1.0,7280640.0,78.73143005371094,0.0078125,0.786393404006958,29.41796875,0.2704392671585083,4740,1911.954582209,1746191300.8500588,4739,-1.033416748046875
0.020618688315153122,0.017142856493592262,0.0,37768,1.0,7299072.0,78.73143005371094,0.0078125,0.786393404006958,28.881511688232422,0.2617979347705841,4752,1916.679227063,1746191305.5747263,4751,-1.0949790477752686
0.029534868896007538,0.017142856493592262,0.0,37856,1.0,7315968.0,78.73143005371094,0.0078125,0.786393404006958,29.162761688232422,0.2729383707046509,4763,1920.993114166,1746191309.8885977,4762,-1.090032696723938
0.031516022980213165,0.017142856493592262,0.0,37872,1.0,7319040.0,78.73143005371094,0.0078125,0.786393404006958,27.143230438232422,0.2495090663433075,4765,1921.776705194,1746191310.671972,4764,-1.1001737117767334
0.036848168820142746,0.017142856493592262,0.0,37880,1.0,7320576.0,78.73143005371094,0.0078125,0.786393404006958,28.27474021911621,0.2545756697654724,4766,1922.168812703,1746191311.0643013,4765,-1.0638043880462646
0.026675231754779816,0.017142856493592262,0.0358072929084301,37896,1.0,7323648.0,78.73143005371094,0.008463541977107525,0.786393404006958,29.86458396911621,0.3327884078025818,4768,1922.952113748,1746191311.8476074,4767,-1.0891419649124146
0.03081761673092842,0.017142856493592262,0.0,38048,1.0,7352832.0,78.73143005371094,0.00911458395421505,0.786393404006958,29.299480438232422,0.2845376133918762,4787,1930.379870322,1746191319.2753615,4786,-1.049048662185669
0.027320191264152527,0.017142856493592262,0.037109375,38072,1.0,7357440.0,78.73143005371094,0.0078125,0.786393404006958,30.04427146911621,0.3195021152496338,4790,1931.558927558,1746191320.4544294,4789,-1.0567295551300049
0.025340372696518898,0.017142856493592262,0.0,38096,1.0,7362048.0,78.73143005371094,0.0078125,0.786393404006958,31.029949188232422,0.332534521818161,4793,1932.729256938,1746191321.6247718,4792,-1.0746793746948242
0.03734433278441429,0.017142856493592262,0.0,38232,1.0,7388160.0,78.73143005371094,0.008463541977107525,0.786393404006958,30.84895896911621,0.3156375586986542,4810,1939.392081384,1746191328.287534,4809,-1.0474629402160645
0.030369404703378677,0.017142856493592262,0.0,38248,1.0,7391232.0,78.73143005371094,0.008463541977107525,0.786393404006958,29.252605438232422,0.26490646600723267,4812,1940.175356314,1746191329.070861,4811,-1.0819587707519531
0.03897273913025856,0.017142856493592262,0.0,38560,1.0,7451136.0,78.73143005371094,0.008463541977107525,0.786393404006958,30.869792938232422,0.33097022771835327,4851,1955.435137138,1746191344.3306282,4850,-1.1737029552459717
0.046975888311862946,0.023172905668616295,0.0,38752,1.0,7488000.0,75.46167755126953,0.00911458395421505,0.7959869503974915,29.994792938232422,0.3147598206996918,4875,1964.941853595,1746191353.8373458,4874,-1.1743848323822021
0.028860609978437424,0.023172905668616295,0.0,38776,1.0,7492608.0,75.46167755126953,0.009765625,0.7959869503974915,28.315105438232422,0.2701805531978607,4878,1966.117051355,1746191355.012573,4877,-1.1934010982513428
0.04896542429924011,0.023172905668616295,0.0,38848,1.0,7506432.0,75.46167755126953,0.009765625,0.7959869503974915,32.184898376464844,0.34920263290405273,4887,1969.634360785,1746191358.5298688,4886,-1.1645182371139526
0.03740996867418289,0.023172905668616295,0.0,38880,1.0,7512576.0,75.46167755126953,0.010416666977107525,0.7959869503974915,32.263023376464844,0.35516709089279175,4891,1971.19650215,1746191360.0920086,4890,-1.1813652515411377
0.05089568719267845,0.023172905668616295,0.0,38896,1.0,7515648.0,75.46167755126953,0.01106770895421505,0.7959869503974915,31.72005271911621,0.35217541456222534,4893,1971.97874211,1746191360.8742585,4892,-1.1003999710083008
0.05436298996210098,0.023172905668616295,0.0,38944,1.0,7524864.0,75.46167755126953,0.008463541977107525,0.7959869503974915,29.62239646911621,0.2997574210166931,4899,1974.329170844,1746191363.2246885,4898,-1.1075447797775269
0.06794687360525131,0.023172905668616295,0.0,39208,1.0,7575552.0,75.46167755126953,0.008463541977107525,0.7959869503974915,29.475261688232422,0.2908449172973633,4932,1987.265886463,1746191376.1613522,4931,-1.0237185955047607
0.05507221072912216,0.023172905668616295,0.0,39256,1.0,7584768.0,75.46167755126953,0.01106770895421505,0.7959869503974915,30.89583396911621,0.3275030553340912,4938,1989.614765722,1746191378.510267,4937,-1.0508835315704346
0.07512043416500092,0.023172905668616295,0.0,39504,1.0,7632384.0,75.46167755126953,0.008463541977107525,0.7959869503974915,31.16927146911621,0.3291778564453125,4969,2001.762780211,1746191390.6582887,4968,-0.9939568042755127
0.09970521181821823,0.023172905668616295,0.0,39848,1.0,7698432.0,75.46167755126953,0.00911458395421505,0.7959869503974915,32.204429626464844,0.33689185976982117,5012,2018.604738825,1746191407.5002334,5011,-0.9351856708526611
0.09058734029531479,0.023172905668616295,0.0,39992,1.0,7726080.0,75.46167755126953,0.010416666977107525,0.7959869503974915,31.920574188232422,0.35022681951522827,5030,2025.661379642,1746191414.5568857,5029,-0.9661816358566284
0.09573185443878174,0.023172905668616295,0.05078125,40184,1.0,7762944.0,75.46167755126953,0.01106770895421505,0.7959869503974915,31.30599021911621,0.39542970061302185,5054,2035.052423249,1746191423.9479191,5053,-0.908410370349884
0.07574519515037537,0.023172905668616295,0.0,40440,1.0,7812096.0,75.46167755126953,0.008463541977107525,0.7959869503974915,31.08724021911621,0.32900768518447876,5086,2047.59171838,1746191436.4872065,5085,-1.0244673490524292
0.08553184568881989,0.023172905668616295,0.0,40784,1.0,7878144.0,75.46167755126953,0.0078125,0.7959869503974915,31.66015625,0.3443641662597656,5129,2064.439837026,1746191453.3353488,5128,-0.9651606678962708
0.09648963809013367,0.023172905668616295,0.0,40888,1.0,7898112.0,75.46167755126953,0.008463541977107525,0.7959869503974915,31.295574188232422,0.31787246465682983,5142,2069.530332169,1746191458.425843,5141,-0.9859179258346558
0.08748175948858261,0.023172905668616295,0.0,40904,1.0,7901184.0,75.46167755126953,0.0078125,0.7959869503974915,28.561199188232422,0.25863462686538696,5144,2070.313464647,1746191459.2089698,5143,-1.0103671550750732
0.09540130943059921,0.023172905668616295,0.0,41000,1.0,7919616.0,75.46167755126953,0.008463541977107525,0.7959869503974915,30.73828125,0.3003762364387512,5156,2075.020139994,1746191463.9156463,5155,-0.994596004486084
0.15197990834712982,0.023172905668616295,0.0,41152,1.0,7948800.0,75.46167755126953,0.0078125,0.7959869503974915,28.9296875,0.28108176589012146,5175,2082.477357993,1746191471.3728905,5174,-1.0007383823394775
0.1098523885011673,0.023172905668616295,0.0,41192,1.0,7956480.0,75.46167755126953,0.0078125,0.7959869503974915,29.998699188232422,0.3050561249256134,5180,2084.473173541,1746191473.368681,5179,-0.9596241116523743
0.1167440265417099,0.023172905668616295,0.0,41208,1.0,7959552.0,75.46167755126953,0.00911458395421505,0.7959869503974915,30.1796875,0.31498023867607117,5182,2085.25672214,1746191474.1522195,5181,-0.9603019952774048
0.10715837776660919,0.023172905668616295,0.0,41248,1.0,7967232.0,75.46167755126953,0.0078125,0.7959869503974915,30.46614646911621,0.3041834831237793,5187,2087.211139729,1746191476.106637,5186,-0.982437014579773
0.12348344177007675,0.023172905668616295,0.0325520858168602,41328,1.0,7982592.0,75.46167755126953,0.0078125,0.7959869503974915,28.0703125,0.30228090286254883,5197,2091.124703115,1746191480.020191,5196,-0.9396041035652161
0.15013715624809265,0.023172905668616295,0.0,41344,1.0,7985664.0,75.46167755126953,0.008463541977107525,0.7959869503974915,30.373699188232422,0.2933921813964844,5199,2091.907201274,1746191480.8027272,5198,-0.9367798566818237
0.1010114848613739,0.011009174399077892,0.0,41432,1.0,8002560.0,78.06422424316406,0.00911458395421505,0.7681185007095337,30.63020896911621,0.32293474674224854,5210,2096.311697724,1746191485.2072155,5209,-0.8971280455589294
0.10947463661432266,0.011009174399077892,0.0,41672,1.0,8048640.0,78.06422424316406,0.0078125,0.7681185007095337,29.760417938232422,0.28877586126327515,5240,2108.060259832,1746191496.9557626,5239,-0.9499320983886719
0.1686004102230072,0.011009174399077892,0.0377604179084301,42000,1.0,8111616.0,78.06422424316406,0.008463541977107525,0.7681185007095337,28.86458396911621,0.3223602771759033,5281,2124.138767895,1746191513.0342827,5280,-1.0376864671707153
0.1489054560661316,0.011009174399077892,0.0,42176,1.0,8145408.0,78.06422424316406,0.010416666977107525,0.7681185007095337,30.076824188232422,0.2920898497104645,5303,2132.757704741,1746191521.6531973,5302,-1.0423786640167236
0.18929371237754822,0.011009174399077892,0.0,42184,1.0,8146944.0,78.06422424316406,0.010416666977107525,0.7681185007095337,28.984375,0.2971585690975189,5304,2133.149333783,1746191522.0448318,5303,-1.049440860748291
0.1681496798992157,0.011009174399077892,0.0,42200,1.0,8150016.0,78.06422424316406,0.008463541977107525,0.7681185007095337,29.166667938232422,0.27847254276275635,5306,2133.935823989,1746191522.8312523,5305,-1.0268561840057373
0.1317042112350464,0.011009174399077892,0.0,42304,1.0,8169984.0,78.06422424316406,0.008463541977107525,0.7681185007095337,30.069011688232422,0.3044481873512268,5319,2139.021804198,1746191527.9172919,5318,-1.1237895488739014
0.17837874591350555,0.011009174399077892,0.0,42400,1.0,8188416.0,78.06422424316406,0.00911458395421505,0.7681185007095337,31.662761688232422,0.3325352668762207,5331,2143.723069579,1746191532.6185756,5330,-1.0686678886413574
0.12671104073524475,0.011009174399077892,0.0,42520,1.0,8211456.0,78.06422424316406,0.009765625,0.7681185007095337,30.77083396911621,0.30377471446990967,5346,2149.601469011,1746191538.496974,5345,-1.0406194925308228
0.13742810487747192,0.011009174399077892,0.0,42616,1.0,8229888.0,78.06422424316406,0.008463541977107525,0.7681185007095337,31.65364646911621,0.32726913690567017,5358,2154.316014705,1746191543.2114153,5357,-1.0438095331192017
0.12113094329833984,0.011009174399077892,0.0,42648,1.0,8236032.0,78.06422424316406,0.010416666977107525,0.7681185007095337,29.229167938232422,0.27661192417144775,5362,2155.886221055,1746191544.7816796,5361,-1.0337861776351929
0.1369166076183319,0.011009174399077892,0.0,42728,1.0,8251392.0,78.06422424316406,0.0078125,0.7681185007095337,27.983074188232422,0.2697157561779022,5372,2159.803612706,1746191548.699046,5371,-0.9856540560722351
0.13149861991405487,0.011009174399077892,0.0,42736,1.0,8252928.0,78.06422424316406,0.008463541977107525,0.7681185007095337,31.12109375,0.3217678368091583,5373,2160.195284349,1746191549.0908036,5372,-0.9847620725631714
0.1396085023880005,0.011009174399077892,0.0,42744,1.0,8254464.0,78.06422424316406,0.0078125,0.7681185007095337,30.049480438232422,0.3026026487350464,5374,2160.591247368,1746191549.4867723,5373,-0.9872792959213257
0.19798153638839722,0.011009174399077892,0.02864583395421505,42816,1.0,8268288.0,78.06422424316406,0.00911458395421505,0.7681185007095337,29.162761688232422,0.3251059949398041,5383,2164.112544804,1746191553.0080426,5382,-1.068253993988037
0.12119513750076294,0.011009174399077892,0.0,42896,1.0,8283648.0,78.06422424316406,0.008463541977107525,0.7681185007095337,30.072917938232422,0.3135303854942322,5393,2168.02493671,1746191556.9204395,5392,-1.0966885089874268
0.16711875796318054,0.011009174399077892,0.0299479179084301,43232,1.0,8348160.0,78.06422424316406,0.00911458395421505,0.7681185007095337,31.33724021911621,0.3679279088973999,5435,2184.480815998,1746191573.3763058,5434,-1.1121878623962402
0.1274646818637848,0.011009174399077892,0.03515625,43344,1.0,8369664.0,78.06422424316406,0.0078125,0.7681185007095337,31.76692771911621,0.3864913880825043,5449,2189.960629843,1746191578.856148,5448,-1.0608882904052734
0.12864094972610474,0.011009174399077892,0.0,43440,1.0,8388096.0,78.06422424316406,0.008463541977107525,0.7681185007095337,31.046875,0.3406009078025818,5461,2194.675732962,1746191583.5712552,5460,-1.049018144607544
0.12801072001457214,0.011009174399077892,0.0,43464,1.0,8392704.0,78.06422424316406,0.00911458395421505,0.7681185007095337,30.686199188232422,0.3166474401950836,5464,2195.845610057,1746191584.7411227,5463,-1.0346753597259521
0.10536793619394302,0.011009174399077892,0.0,43528,1.0,8404992.0,78.06422424316406,0.008463541977107525,0.7681185007095337,30.127605438232422,0.29341018199920654,5472,2198.970312871,1746191587.865824,5471,-1.1456925868988037
0.13669419288635254,0.011009174399077892,0.02083333395421505,43560,1.0,8411136.0,78.06422424316406,0.008463541977107525,0.7681185007095337,31.432292938232422,0.3651251196861267,5476,2200.537160299,1746191589.4326413,5475,-1.1206321716308594
0.1861177384853363,0.011009174399077892,0.0,43712,1.0,8440320.0,78.06422424316406,0.008463541977107525,0.7681185007095337,30.502605438232422,0.3082462251186371,5495,2207.987029953,1746191596.8825526,5494,-1.146978497505188
0.18497008085250854,0.011009174399077892,0.0,43944,1.0,8484864.0,78.06422424316406,0.008463541977107525,0.7681185007095337,31.904949188232422,0.3370075821876526,5524,2219.337014091,1746191608.232292,5523,-1.0726649761199951
0.2315630465745926,0.058394160121679306,0.0,44160,1.0,8526336.0,74.76642608642578,0.01106770895421505,0.85411137342453,30.604167938232422,0.3170566260814667,5551,2230.011620031,1746191618.9071317,5550,-1.1221568584442139
0.20372018218040466,0.058394160121679306,0.0,44184,1.0,8530944.0,74.76642608642578,0.00911458395421505,0.85411137342453,31.29817771911621,0.32460400462150574,5554,2231.188401599,1746191620.0839186,5553,-1.0592525005340576
0.23813341557979584,0.058394160121679306,0.0345052108168602,44216,1.0,8537088.0,74.76642608642578,0.008463541977107525,0.85411137342453,31.63802146911621,0.38001275062561035,5558,2232.757500839,1746191621.653024,5557,-1.0690090656280518
0.33267903327941895,0.058394160121679306,0.0,44240,1.0,8541696.0,74.76642608642578,0.008463541977107525,0.85411137342453,28.39974021911621,0.2876206040382385,5561,2233.932000377,1746191622.827533,5560,-1.1158537864685059
0.13864485919475555,0.058394160121679306,0.0,44336,1.0,8560128.0,74.76642608642578,0.0078125,0.85411137342453,29.59895896911621,0.29710853099823,5573,2238.638337648,1746191627.5338526,5572,-1.2206670045852661
0.1541581153869629,0.058394160121679306,0.0319010429084301,44352,1.0,8563200.0,74.76642608642578,0.008463541977107525,0.85411137342453,30.39453125,0.3721371591091156,5575,2239.421682724,1746191628.3171904,5574,-1.1745363473892212
0.19973845779895782,0.058394160121679306,0.0,44584,1.0,8607744.0,74.76642608642578,0.0078125,0.85411137342453,31.17578125,0.3312339782714844,5604,2250.784769111,1746191639.680281,5603,-1.1377625465393066
0.21522513031959534,0.058394160121679306,0.0,44592,1.0,8609280.0,74.76642608642578,0.0078125,0.85411137342453,29.984375,0.2946723699569702,5605,2251.17662618,1746191640.072078,5604,-1.1325600147247314
0.18807101249694824,0.058394160121679306,0.0,44616,1.0,8613888.0,74.76642608642578,0.009765625,0.85411137342453,31.75130271911621,0.33965954184532166,5608,2252.382899931,1746191641.242855,5607,-1.1977779865264893
0.2284829169511795,0.058394160121679306,0.0,44640,1.0,8618496.0,74.76642608642578,0.008463541977107525,0.85411137342453,29.002605438232422,0.2760493755340576,5611,2253.560327059,1746191642.4557972,5610,-1.1599527597427368
0.20611804723739624,0.058394160121679306,0.0,44880,1.0,8664576.0,74.76642608642578,0.0078125,0.85411137342453,28.69140625,0.28202733397483826,5641,2265.30371153,1746191654.199173,5640,-1.1457229852676392
0.19144883751869202,0.058394160121679306,0.0,44888,1.0,8666112.0,74.76642608642578,0.008463541977107525,0.85411137342453,30.768230438232422,0.3225582540035248,5642,2265.69630998,1746191654.5917957,5641,-1.1337870359420776
0.1752842664718628,0.058394160121679306,0.0,45264,1.0,8738304.0,74.76642608642578,0.00911458395421505,0.85411137342453,31.59505271911621,0.3750017583370209,5689,2284.109491946,1746191673.004997,5688,-1.1940631866455078
0.22741946578025818,0.058394160121679306,0.0651041716337204,45280,1.0,8741376.0,74.76642608642578,0.0078125,0.85411137342453,31.455730438232422,0.4321894347667694,5691,2284.893058047,1746191673.7885473,5690,-1.1853322982788086
0.18199887871742249,0.058394160121679306,0.0358072929084301,45288,1.0,8742912.0,74.76642608642578,0.0078125,0.85411137342453,29.56380271911621,0.34935879707336426,5692,2285.284841859,1746191674.180305,5691,-1.2166051864624023
0.1561623364686966,0.058394160121679306,0.0325520858168602,45392,1.0,8762880.0,74.76642608642578,0.008463541977107525,0.85411137342453,30.75130271911621,0.36936330795288086,5705,2290.368488829,1746191679.2639813,5704,-1.258256435394287
0.15921533107757568,0.058394160121679306,0.1080729216337204,45496,1.0,8782848.0,74.76642608642578,0.009765625,0.85411137342453,31.578125,0.47029876708984375,5718,2295.465401435,1746191684.3608909,5717,-1.2534533739089966
0.1464977115392685,0.058394160121679306,0.0319010429084301,45584,1.0,8799744.0,74.76642608642578,0.0078125,0.85411137342453,30.713542938232422,0.3531884551048279,5729,2299.779802858,1746191688.6752799,5728,-1.3393213748931885
0.14616644382476807,0.058394160121679306,0.0983072966337204,45712,1.0,8824320.0,74.76642608642578,0.0078125,0.85411137342453,30.62630271911621,0.44063037633895874,5745,2306.059562956,1746191694.9549387,5744,-1.359902262687683
0.1268349289894104,0.058394160121679306,0.0364583358168602,46208,1.0,8919552.0,74.76642608642578,0.00911458395421505,0.85411137342453,31.20442771911621,0.4053778648376465,5807,2330.343209734,1746191719.2387197,5806,-1.2897906303405762
0.13544675707817078,0.058394160121679306,0.095703125,46528,1.0,8980992.0,74.76642608642578,0.0078125,0.85411137342453,30.88671875,0.4654194116592407,5847,2346.020619761,1746191734.916152,5846,-1.24116849899292
0.10911613702774048,0.058394160121679306,0.1302083432674408,46536,1.0,8982528.0,74.76642608642578,0.0078125,0.85411137342453,30.66796875,0.4852585792541504,5848,2346.412391405,1746191735.3078744,5847,-1.24827241897583
0.13954925537109375,0.17279411852359772,0.1100260466337204,46648,1.0,9004032.0,73.77205657958984,0.008463541977107525,1.0348886251449585,31.72265625,0.5015541911125183,5862,2351.994036276,1746191740.8895514,5861,-1.2032506465911865
0.1009349673986435,0.17279411852359772,0.0983072966337204,46744,1.0,9022464.0,73.77205657958984,0.0078125,1.0348886251449585,31.578125,0.4662853181362152,5874,2356.696946741,1746191745.5924304,5873,-1.1932854652404785
0.1777161955833435,0.17279411852359772,0.07421875,46800,1.0,9033216.0,73.77205657958984,0.008463541977107525,1.0348886251449585,31.994792938232422,0.4694092273712158,5881,2359.433203518,1746191748.328716,5880,-1.0929807424545288
0.23120179772377014,0.17279411852359772,0.0520833358168602,47064,1.0,9083904.0,73.77205657958984,0.008463541977107525,1.0348886251449585,30.963542938232422,0.40662217140197754,5914,2372.36536111,1746191761.2608783,5913,-1.097588300704956
0.16697922348976135,0.17279411852359772,0.0611979179084301,47144,1.0,9099264.0,73.77205657958984,0.0078125,1.0348886251449585,30.4375,0.4130963683128357,5924,2376.280941976,1746191765.1764083,5923,-1.0547153949737549
0.15888077020645142,0.17279411852359772,0.0416666679084301,47168,1.0,9103872.0,73.77205657958984,0.008463541977107525,1.0348886251449585,32.26432418823242,0.427839994430542,5927,2377.456254504,1746191766.3517506,5926,-1.0778601169586182
0.20628270506858826,0.17279411852359772,0.0,47352,1.0,9139200.0,73.77205657958984,0.008463541977107525,1.0348886251449585,30.451824188232422,0.3492264151573181,5950,2386.480741062,1746191775.3762524,5949,-1.1220709085464478
0.17945167422294617,0.17279411852359772,0.1451822966337204,47432,1.0,9154560.0,73.77205657958984,0.008463541977107525,1.0348886251449585,31.22005271911621,0.5315017700195312,5960,2390.404672938,1746191779.3001907,5959,-1.250590205192566
0.2132081836462021,0.17279411852359772,0.0670572966337204,47672,1.0,9200640.0,73.77205657958984,0.008463541977107525,1.0348886251449585,29.459636688232422,0.40180444717407227,5990,2402.15327231,1746191791.0487866,5989,-1.2823212146759033
0.2373138964176178,0.17279411852359772,0.142578125,47960,1.0,9255936.0,73.77205657958984,0.008463541977107525,1.0348886251449585,31.901042938232422,0.5306615829467773,6026,2416.252473755,1746191805.1479628,6025,-1.4850239753723145
0.3554590940475464,0.17279411852359772,0.1373697966337204,48112,1.0,9285120.0,73.77205657958984,0.0078125,1.0348886251449585,30.51171875,0.5045944452285767,6045,2423.744371254,1746191812.6398902,6044,-1.461217999458313
0.282608300447464,0.17279411852359772,0.1796875,48416,1.0,9343488.0,73.77205657958984,0.008463541977107525,1.0348886251449585,31.64453125,0.5700081586837769,6083,2438.640561229,1746191827.5360792,6082,-1.4851230382919312
0.29755711555480957,0.17279411852359772,0.1315104216337204,48552,1.0,9369600.0,73.77205657958984,0.0078125,1.0348886251449585,31.264324188232422,0.502967119216919,6100,2445.298477941,1746191834.193971,6099,-1.520358920097351
0.25779783725738525,0.17279411852359772,0.1028645858168602,48616,1.0,9381888.0,73.77205657958984,0.0078125,1.0348886251449585,31.46224021911621,0.48198074102401733,6108,2448.433014255,1746191837.3285518,6107,-1.6134589910507202
0.2536706030368805,0.17279411852359772,0.224609375,48840,1.0,9424896.0,73.77205657958984,0.00911458395421505,1.0348886251449585,31.721355438232422,0.6279272437095642,6136,2459.394872971,1746191848.2903943,6135,-1.6795895099639893
0.25467827916145325,0.17279411852359772,0.1184895858168602,48872,1.0,9431040.0,73.77205657958984,0.00911458395421505,1.0348886251449585,30.205730438232422,0.4795355796813965,6140,2460.963853904,1746191849.8593597,6139,-1.655992031097412
0.28406813740730286,0.17279411852359772,0.0690104216337204,48896,1.0,9435648.0,73.77205657958984,0.008463541977107525,1.0348886251449585,30.91145896911621,0.424577534198761,6143,2462.139054009,1746191851.0345688,6142,-1.5898656845092773
0.2744879722595215,0.17279411852359772,0.0,48904,1.0,9437184.0,73.77205657958984,0.008463541977107525,1.0348886251449585,31.41145896911621,0.38165634870529175,6144,2462.530753344,1746191851.426279,6143,-1.613663911819458
0.24828264117240906,0.17279411852359772,0.1263020932674408,49024,1.0,9460224.0,73.77205657958984,0.008463541977107525,1.0348886251449585,30.75520896911621,0.4923790395259857,6159,2468.415477979,1746191857.3109918,6158,-1.7042914628982544
0.28993892669677734,0.17279411852359772,0.1692708432674408,49040,1.0,9463296.0,73.77205657958984,0.00911458395421505,1.0348886251449585,29.8515625,0.5382422804832458,6161,2469.199247163,1746191858.0947587,6160,-1.6759717464447021
0.34510189294815063,0.17279411852359772,0.1009114608168602,49136,1.0,9481728.0,73.77205657958984,0.008463541977107525,1.0348886251449585,31.736980438232422,0.4852493405342102,6173,2473.899973435,1746191862.7954764,6172,-1.6593431234359741
0.29755693674087524,0.17279411852359772,0.1139322966337204,49144,1.0,9483264.0,73.77205657958984,0.0078125,1.0348886251449585,31.600261688232422,0.5085803866386414,6174,2474.291775022,1746191863.1872761,6173,-1.7098147869110107
0.31950271129608154,0.5320754647254944,0.0618489608168602,49368,1.0,9526272.0,74.71509552001953,0.008463541977107525,1.4659373760223389,31.45833396911621,0.4391830563545227,6202,2485.36427554,1746191874.2597847,6201,-1.7242246866226196
0.3528847098350525,0.5320754647254944,0.2083333432674408,49528,1.0,9556992.0,74.71509552001953,0.008463541977107525,1.4659373760223389,29.88802146911621,0.5623805522918701,6222,2493.204275729,1746191882.0997686,6221,-1.7829792499542236
0.32416513562202454,0.5320754647254944,0.1334635466337204,49584,1.0,9567744.0,74.71509552001953,0.00911458395421505,1.4659373760223389,31.37890625,0.5174981355667114,6229,2495.945699457,1746191884.8411856,6228,-1.7873101234436035
0.31937089562416077,0.5320754647254944,0.033203125,49592,1.0,9569280.0,74.71509552001953,0.0078125,1.4659373760223389,30.7578125,0.3858529329299927,6230,2496.337885063,1746191885.2333913,6229,-1.8328598737716675
0.34803569316864014,0.5320754647254944,0.1490885466337204,49664,1.0,9583104.0,74.71509552001953,0.0078125,1.4659373760223389,31.553386688232422,0.5395376682281494,6239,2499.87137859,1746191888.7669005,6238,-1.820065975189209
0.3906518816947937,0.5320754647254944,0.1282552182674408,49672,1.0,9584640.0,74.71509552001953,0.0078125,1.4659373760223389,30.615886688232422,0.49272045493125916,6240,2500.262881316,1746191889.1584036,6239,-1.8513238430023193
0.3107941746711731,0.5320754647254944,0.1966145932674408,49744,1.0,9598464.0,74.71509552001953,0.008463541977107525,1.4659373760223389,30.828125,0.5653479099273682,6249,2503.779103167,1746191892.6746237,6248,-2.0575006008148193
0.3597344756126404,0.5320754647254944,0.1438802182674408,50136,1.0,9673728.0,74.71509552001953,0.010416666977107525,1.4659373760223389,31.83333396911621,0.5437124967575073,6298,2522.982395462,1746191911.877878,6297,-2.5185680389404297
0.37059926986694336,0.5320754647254944,0.1412760466337204,50144,1.0,9675264.0,74.71509552001953,0.0078125,1.4659373760223389,30.13411521911621,0.5039122104644775,6299,2523.374136505,1746191912.269637,6298,-2.495232582092285
0.3439943790435791,0.5320754647254944,0.13671875,50232,1.0,9692160.0,74.71509552001953,0.010416666977107525,1.4659373760223389,31.41145896911621,0.5171473026275635,6310,2527.685502548,1746191916.5809717,6309,-2.5190930366516113
0.4226403832435608,0.5320754647254944,0.076171875,50512,1.0,9745920.0,74.71509552001953,0.008463541977107525,1.4659373760223389,31.2421875,0.45161864161491394,6345,2541.393578875,1746191930.2890697,6344,-2.3447439670562744
0.37398892641067505,0.5320754647254944,0.1490885466337204,50520,1.0,9747456.0,74.71509552001953,0.009765625,1.4659373760223389,31.861980438232422,0.5385882258415222,6346,2541.785285484,1746191930.6807616,6345,-2.3357908725738525
0.3522084355354309,0.5320754647254944,0.111328125,50536,1.0,9750528.0,74.71509552001953,0.00911458395421505,1.4659373760223389,30.6796875,0.49545878171920776,6348,2542.568653886,1746191931.464161,6347,-2.4038748741149902
0.3030650317668915,0.5320754647254944,0.1087239608168602,50568,1.0,9756672.0,74.71509552001953,0.009765625,1.4659373760223389,32.06119918823242,0.514825701713562,6352,2544.135647002,1746191933.0311413,6351,-2.41654896736145
0.3241505026817322,0.5320754647254944,0.201171875,50744,1.0,9790464.0,74.71509552001953,0.00911458395421505,1.4659373760223389,31.48046875,0.5973053574562073,6374,2552.75971826,1746191941.6552196,6373,-2.358710289001465
0.3511323034763336,0.5320754647254944,0.2037760466337204,50912,1.0,9822720.0,74.71509552001953,0.0078125,1.4659373760223389,30.76171875,0.5870181322097778,6395,2560.998379617,1746191949.8938735,6394,-2.352221727371216
0.4144330322742462,0.5320754647254944,0.2063802182674408,51144,1.0,9867264.0,74.71509552001953,0.008463541977107525,1.4659373760223389,31.076824188232422,0.5909414291381836,6424,2572.3570083,1746191961.252544,6423,-2.5411629676818848
0.3666127026081085,0.5320754647254944,0.27734375,51224,1.0,9882624.0,74.71509552001953,0.0078125,1.4659373760223389,30.80859375,0.6729881763458252,6434,2576.281394037,1746191965.1769044,6433,-2.6138176918029785
0.3898966312408447,0.5320754647254944,0.2604166865348816,51376,1.0,9911808.0,74.71509552001953,0.0078125,1.4659373760223389,30.65755271911621,0.6463035941123962,6453,2583.752610028,1746191972.6477208,6452,-2.7014474868774414
0.3961656093597412,0.5320754647254944,0.0546875,51416,1.0,9919488.0,74.71509552001953,0.0078125,1.4659373760223389,30.68489646911621,0.4256772994995117,6458,2585.716564415,1746191974.6119812,6457,-2.742359161376953
0.39476311206817627,0.5320754647254944,0.1809895932674408,51728,1.0,9979392.0,74.71509552001953,0.0078125,1.4659373760223389,30.64583396911621,0.5624234676361084,6497,2601.04117003,1746191989.9366615,6496,-2.8055708408355713
0.400546669960022,0.5320754647254944,0.1790364682674408,51744,1.0,9982464.0,74.71509552001953,0.0078125,1.4659373760223389,30.709636688232422,0.5509155988693237,6499,2601.825049688,1746191990.7205617,6498,-2.783379077911377
0.3808484971523285,0.6209523677825928,0.2486979216337204,51752,1.0,9984000.0,75.90666961669922,0.0078125,1.568278193473816,31.576824188232422,0.6497080326080322,6500,2602.3133453,1746191991.208745,6499,-2.8093743324279785
0.4929206371307373,0.6209523677825928,0.1263020932674408,51824,1.0,9997824.0,75.90666961669922,0.008463541977107525,1.568278193473816,30.60546875,0.49001526832580566,6509,2605.854604471,1746191994.749906,6508,-2.731234550476074
