returned_won_episode,returned_episode,returned_episode_lengths,loss,test_returned_episode,update_steps,_step,test_returned_episode_returns,test_returned_episode_lengths,test_returned_won_episode,_runtime,grad_steps,qvals,returned_episode_returns,env_step,_timestamp
0.0,0.01302083395421505,31.009117126464844,0.0,1.0,29,28,0.10344257205724716,38.689125061035156,0.0,81.569831795,0,0.0,0.10332537442445755,44544,1746164249.5693848
0.0,0.014322916977107525,31.625001907348633,0.006141838617622852,1.0,45,44,0.10344257205724716,38.689125061035156,0.0,86.316148935,112,0.42182034254074097,0.13189660012722015,69120,1746164254.3156097
0.0,0.015625,31.705730438232422,0.00539228692650795,1.0,51,50,0.10344257205724716,38.689125061035156,0.0,88.291834874,160,0.423376202583313,0.15201227366924286,78336,1746164256.2911286
0.0,0.015625,31.050783157348633,0.0082006910815835,1.0,55,54,0.10344257205724716,38.689125061035156,0.0,89.612486563,192,0.5743952989578247,0.13668186962604523,84480,1746164257.611797
0.0,0.01302083395421505,30.531251907348633,0.015451734885573387,1.0,63,62,0.10344257205724716,38.689125061035156,0.0,92.253498864,256,0.6837277412414551,0.16335059702396393,96768,1746164260.252872
0.0,0.013671875931322575,30.736980438232422,0.012631246820092201,1.0,75,74,0.10344257205724716,38.689125061035156,0.0,96.217079017,352,0.7512935400009155,0.15026932954788208,115200,1746164264.216476
0.0,0.014322916977107525,31.924480438232422,0.022489864379167557,1.0,94,93,0.10344257205724716,38.689125061035156,0.0,102.498825897,504,0.8153485059738159,0.19610987603664398,144384,1746164270.4981778
0.0,0.013671875931322575,31.451824188232422,0.05104689300060272,1.0,123,122,0.10344257205724716,38.689125061035156,0.0,112.06941611,736,0.7890167236328125,0.1921345591545105,188928,1746164280.0684385
0.0,0.014322916977107525,31.727867126464844,0.06876274198293686,1.0,133,132,0.10344257205724716,38.689125061035156,0.0,115.37566778,816,0.7435868978500366,0.1836199164390564,204288,1746164283.3751054
0.0,0.015625,31.162761688232422,0.052597466856241226,1.0,136,135,0.10344257205724716,38.689125061035156,0.0,116.380823717,840,0.5560774803161621,0.18941152095794678,208896,1746164284.3801692
0.0,0.014322916977107525,31.615886688232422,0.04258093982934952,1.0,160,159,0.10344257205724716,38.689125061035156,0.0,124.309529942,1032,0.5993059873580933,0.2211698740720749,245760,1746164292.3089654
0.0,0.01497395895421505,31.658855438232422,0.1482015699148178,1.0,183,182,0.10344257205724716,38.689125061035156,0.0,131.888024067,1216,0.6652718782424927,0.22729498147964478,281088,1746164299.8874786
0.0,0.01497395895421505,31.876304626464844,0.14687612652778625,1.0,187,186,0.10344257205724716,38.689125061035156,0.0,133.222502849,1248,0.6604118347167969,0.19970831274986267,287232,1746164301.2219152
0.0,0.014322916977107525,31.305992126464844,0.13141749799251556,1.0,189,188,0.10344257205724716,38.689125061035156,0.0,133.879134947,1264,0.6810852885246277,0.20875152945518494,290304,1746164301.8783274
0.0,0.013671875931322575,32.28125,0.09047134220600128,1.0,194,193,0.10344257205724716,38.689125061035156,0.0,135.517811843,1304,0.7566864490509033,0.22755134105682373,297984,1746164303.5173345
0.0,0.01302083395421505,32.020835876464844,0.09151525795459747,1.0,196,195,0.10344257205724716,38.689125061035156,0.0,136.17129962,1320,0.7624213695526123,0.23343902826309204,301056,1746164304.1706996
0.0,0.01497395895421505,31.467449188232422,0.13576221466064453,1.0,198,197,0.10344257205724716,38.689125061035156,0.0,136.836066673,1336,0.7576639652252197,0.23356907069683075,304128,1746164304.8354583
0.0,0.01302083395421505,32.2421875,0.16951000690460205,1.0,204,203,0.10344257205724716,38.689125061035156,0.0,138.82774099,1384,0.6904506087303162,0.22397831082344055,313344,1746164306.8271239
0.0,0.012369791977107525,31.404949188232422,0.2873154878616333,1.0,259,258,0.10344257205724716,38.689125061035156,0.0,156.893464941,1824,0.7928097248077393,0.23865552246570587,397824,1746164324.893201
0.0,0.013671875931322575,32.23828125,0.675521194934845,1.0,278,277,0.10344257205724716,38.689125061035156,0.0,163.127579157,1976,0.7749484777450562,0.19821050763130188,427008,1746164331.127272
0.0,0.015625,31.714845657348633,0.6186304092407227,1.0,285,284,0.10344257205724716,38.689125061035156,0.0,165.408179234,2032,0.7701090574264526,0.2736113369464874,437760,1746164333.4078248
0.0,0.014322916977107525,32.161460876464844,0.5488603115081787,1.0,303,302,0.10344257205724716,38.689125061035156,0.0,171.320367574,2176,0.7354094386100769,0.21268479526042938,465408,1746164339.3200521
0.0,0.01497395895421505,31.554689407348633,0.4888182580471039,0.9999999403953552,330,329,0.5710023641586304,57.78640365600586,0.006472491659224033,180.269250065,2392,0.6588855981826782,0.16765360534191132,506880,1746164348.2688065
0.0,0.01953125186264515,27.94270896911621,0.38540828227996826,0.9999999403953552,360,359,0.5710023641586304,57.78640365600586,0.006472491659224033,190.111923667,2632,0.6530783176422119,0.08989562094211578,552960,1746164358.111594
0.0,0.01888020895421505,27.938152313232422,0.16794265806674957,0.9999999403953552,374,373,0.5710023641586304,57.78640365600586,0.006472491659224033,194.689660742,2744,0.5919221639633179,0.0872226133942604,574464,1746164362.6893613
0.0,0.013671875931322575,31.473960876464844,0.17535096406936646,0.9999999403953552,376,375,0.5710023641586304,57.78640365600586,0.006472491659224033,195.346563939,2760,0.5910640954971313,0.14356261491775513,577536,1746164363.3461773
0.0,0.01497395895421505,30.489585876464844,0.20940890908241272,0.9999999403953552,381,380,0.5710023641586304,57.78640365600586,0.006472491659224033,196.996054891,2800,0.6081993579864502,0.10419108718633652,585216,1746164364.9955587
0.0,0.015625,31.371095657348633,0.348399817943573,0.9999999403953552,414,413,0.5710023641586304,57.78640365600586,0.006472491659224033,207.949087222,3064,0.7426227331161499,0.13433845341205597,635904,1746164375.9487233
0.0,0.012369791977107525,31.770835876464844,0.3444739878177643,0.9999999403953552,415,414,0.5710023641586304,57.78640365600586,0.006472491659224033,208.277129087,3072,0.7530155181884766,0.150997132062912,637440,1746164376.276757
0.0,0.01497395895421505,31.153648376464844,0.4774206578731537,0.9999999403953552,424,423,0.5710023641586304,57.78640365600586,0.006472491659224033,211.21709871,3144,0.6962845921516418,0.10998481512069702,651264,1746164379.2167902
0.0,0.013671875931322575,32.204429626464844,0.2660851776599884,0.9999999403953552,432,431,0.5710023641586304,57.78640365600586,0.006472491659224033,213.834767322,3208,0.7566975355148315,0.13636203110218048,663552,1746164381.834473
0.0,0.014322916977107525,31.601564407348633,0.3313440978527069,0.9999999403953552,438,437,0.5710023641586304,57.78640365600586,0.006472491659224033,215.787372889,3256,0.7567213773727417,0.09538260102272034,672768,1746164383.7870872
0.0,0.014322916977107525,31.828126907348633,0.27600789070129395,0.9999999403953552,457,456,0.5710023641586304,57.78640365600586,0.006472491659224033,222.059386806,3408,0.8430114984512329,0.09990143030881882,701952,1746164390.058953
0.0,0.02148437686264515,26.650392532348633,0.4045731723308563,0.9999999403953552,490,489,0.5710023641586304,57.78640365600586,0.006472491659224033,232.86830004,3672,0.7634486556053162,0.040119465440511703,752640,1746164400.8679714
0.0,0.01302083395421505,31.083335876464844,0.27342694997787476,0.9999999403953552,506,505,0.5710023641586304,57.78640365600586,0.006472491659224033,238.113884119,3800,0.7521336674690247,0.0771557167172432,777216,1746164406.1135852
0.0,0.015625,31.486980438232422,0.482452392578125,0.9999999403953552,536,535,0.5710023641586304,57.78640365600586,0.006472491659224033,247.954718561,4040,0.87706458568573,0.07976443320512772,823296,1746164415.9544332
0.0,0.014322916977107525,31.915367126464844,0.2811514139175415,0.9999999403953552,542,541,0.5710023641586304,57.78640365600586,0.006472491659224033,249.938680825,4088,0.9175733327865601,0.0826052576303482,832512,1746164417.9383416
0.0,0.015625,32.22526168823242,0.2792286276817322,0.9999999403953552,592,591,0.5710023641586304,57.78640365600586,0.006472491659224033,266.320930225,4488,0.8815720677375793,0.08240164816379547,909312,1746164434.3206453
0.0,0.01497395895421505,31.848960876464844,0.2819039225578308,0.9999999403953552,610,609,0.5710023641586304,57.78640365600586,0.006472491659224033,272.206071923,4632,1.1385760307312012,0.051904626190662384,936960,1746164440.2057917
0.0,0.012369791977107525,31.305992126464844,0.2910870611667633,0.9999999403953552,611,610,0.5710023641586304,57.78640365600586,0.006472491659224033,272.531445795,4640,1.0687451362609863,0.06260959804058075,938496,1746164440.5311956
0.0,0.010416666977107525,31.946617126464844,0.4832041263580322,0.9999999403953552,627,626,0.5710023641586304,57.78640365600586,0.006472491659224033,277.766955873,4768,1.1850305795669556,0.027265680953860283,963072,1746164445.766651
0.0,0.014322916977107525,32.18229293823242,0.3689069151878357,1.0,657,656,0.02676895633339882,65.7862548828125,0.0,287.693974245,5008,1.0818777084350586,0.05458052083849907,1009152,1746164455.693653
0.0,0.013671875931322575,32.12109375,0.8853636980056763,1.0,662,661,0.02676895633339882,65.7862548828125,0.0,289.328410395,5048,1.0129525661468506,0.051906365901231766,1016832,1746164457.3281262
0.0,0.01497395895421505,32.00390625,0.39472052454948425,1.0,697,696,0.02676895633339882,65.7862548828125,0.0,300.820530342,5328,1.135375738143921,0.04272054135799408,1070592,1746164468.8202603
0.0,0.012369791977107525,32.09375,0.359048068523407,1.0,716,715,0.02676895633339882,65.7862548828125,0.0,307.084335423,5480,1.1542656421661377,0.12902313470840454,1099776,1746164475.0839715
0.0,0.010416666977107525,31.050783157348633,0.31530481576919556,1.0,721,720,0.02676895633339882,65.7862548828125,0.0,308.714953312,5520,1.1455386877059937,0.09285569936037064,1107456,1746164476.714615
0.0,0.01302083395421505,32.020835876464844,0.18041762709617615,1.0,728,727,0.02676895633339882,65.7862548828125,0.0,310.996688631,5576,1.1287683248519897,0.1919885128736496,1118208,1746164478.9963992
0.0,0.011718750931322575,32.305992126464844,0.17326737940311432,1.0,734,733,0.02676895633339882,65.7862548828125,0.0,312.966696632,5624,1.1027038097381592,0.155772402882576,1127424,1746164480.966396
0.0,0.01497395895421505,32.091148376464844,0.26540258526802063,1.0,748,747,0.02676895633339882,65.7862548828125,0.0,317.545133324,5736,1.0147948265075684,0.14939627051353455,1148928,1746164485.5447726
0.0,0.01497395895421505,31.970054626464844,0.24583755433559418,1.0,763,762,0.02676895633339882,65.7862548828125,0.0,322.457663905,5856,1.0581245422363281,0.20854172110557556,1171968,1746164490.4573352
0.0,0.015625,31.789064407348633,0.1314077079296112,1.0,775,774,0.02676895633339882,65.7862548828125,0.0,326.395632355,5952,1.1107715368270874,0.2154112607240677,1190400,1746164494.395342
0.0,0.014322916977107525,31.881511688232422,0.19987702369689941,1.0,790,789,0.02676895633339882,65.7862548828125,0.0,331.318613942,6072,1.1040924787521362,0.24099662899971008,1213440,1746164499.318302
0.0,0.012369791977107525,31.467449188232422,0.21557140350341797,1.0,800,799,0.02676895633339882,65.7862548828125,0.0,334.582778741,6152,1.1456270217895508,0.20246078073978424,1228800,1746164502.5824034
0.0,0.012369791977107525,32.04948043823242,0.09220053255558014,1.0,827,826,0.02676895633339882,65.7862548828125,0.0,343.403485743,6368,1.10275137424469,0.24431277811527252,1270272,1746164511.4031572
0.0,0.011718750931322575,31.677085876464844,0.09043875336647034,1.0,833,832,0.02676895633339882,65.7862548828125,0.0,345.364929624,6416,1.0364047288894653,0.2638780176639557,1279488,1746164513.364399
0.0,0.014322916977107525,31.726564407348633,0.1465415060520172,1.0,846,845,0.02676895633339882,65.7862548828125,0.0,349.635115524,6520,1.0469880104064941,0.22027979791164398,1299456,1746164517.6348124
0.0,0.013671875931322575,31.929689407348633,0.04936552420258522,1.0,854,853,0.02676895633339882,65.7862548828125,0.0,352.278804955,6584,1.0620753765106201,0.2677258253097534,1311744,1746164520.2785244
0.0,0.01497395895421505,32.10026168823242,0.07713166624307632,1.0,857,856,0.02676895633339882,65.7862548828125,0.0,353.257187609,6608,1.0767168998718262,0.28068122267723083,1316352,1746164521.256821
0.0,0.014322916977107525,32.130210876464844,0.061863012611866,1.0,879,878,0.02676895633339882,65.7862548828125,0.0,360.453791669,6784,0.9864925146102905,0.28807082772254944,1350144,1746164528.4534993
0.0,0.011718750931322575,30.414064407348633,0.06392775475978851,1.0,882,881,0.02676895633339882,65.7862548828125,0.0,361.436461462,6808,1.003996729850769,0.2338244616985321,1354752,1746164529.4360895
0.0,0.01497395895421505,32.28515625,0.06206650286912918,1.0,884,883,0.02676895633339882,65.7862548828125,0.0,362.088176211,6824,1.0078649520874023,0.28244900703430176,1357824,1746164530.0879
0.0,0.01497395895421505,32.22916793823242,0.061185576021671295,1.0,887,886,0.02676895633339882,65.7862548828125,0.0,363.063536487,6848,1.0092719793319702,0.2755430340766907,1362432,1746164531.0632737
0.0,0.011718750931322575,31.837242126464844,0.06943175196647644,1.0,913,912,0.02676895633339882,65.7862548828125,0.0,371.583371538,7056,1.0260567665100098,0.27824491262435913,1402368,1746164539.583005
0.0,0.011718750931322575,31.329429626464844,0.0657593235373497,1.0,915,914,0.02676895633339882,65.7862548828125,0.0,372.246029978,7072,1.0119373798370361,0.28210458159446716,1405440,1746164540.245674
0.0,0.014322916977107525,31.718751907348633,0.06684409081935883,1.0,917,916,0.02676895633339882,65.7862548828125,0.0,372.911213574,7088,1.040842056274414,0.29667219519615173,1408512,1746164540.9107537
0.0,0.013671875931322575,31.454429626464844,0.06363654136657715,1.0,921,920,0.02676895633339882,65.7862548828125,0.0,374.218662359,7120,1.0329995155334473,0.2927730679512024,1414656,1746164542.2183754
0.0,0.011718750931322575,29.847658157348633,0.06311926990747452,1.0,931,930,0.02676895633339882,65.7862548828125,0.0,377.474453877,7200,1.0319373607635498,0.27777111530303955,1430016,1746164545.474114
0.0,0.011718750931322575,30.514324188232422,0.06624676287174225,1.0,944,943,0.02676895633339882,65.7862548828125,0.0,381.727952115,7304,0.9791193604469299,0.29642871022224426,1449984,1746164549.7275975
0.0,0.01497395895421505,32.149742126464844,0.06619597971439362,1.0,974,973,0.02676895633339882,65.7862548828125,0.0,391.568869764,7544,0.9974535703659058,0.32182058691978455,1496064,1746164559.5685422
0.0,0.01106770895421505,29.73567771911621,0.06649751961231232,1.0000001192092896,984,983,0.6462076306343079,68.51791381835938,0.0,394.899715766,7624,0.9345378875732422,0.28258344531059265,1511424,1746164562.8994074
0.0,0.01106770895421505,31.075523376464844,0.06200223043560982,1.0000001192092896,999,998,0.6462076306343079,68.51791381835938,0.0,399.804725091,7744,0.9251730442047119,0.30365729331970215,1534464,1746164567.8044364
0.0,0.01106770895421505,32.231773376464844,0.058438077569007874,1.0000001192092896,1004,1003,0.6462076306343079,68.51791381835938,0.0,401.436878235,7784,0.8843037486076355,0.3258984386920929,1542144,1746164569.4366384
0.0,0.01302083395421505,30.558595657348633,0.05785859748721123,1.0000001192092896,1015,1014,0.6462076306343079,68.51791381835938,0.0,405.036399503,7872,0.9415863156318665,0.30424296855926514,1559040,1746164573.0360744
0.0,0.01106770895421505,30.563804626464844,0.052753105759620667,1.0000001192092896,1038,1037,0.6462076306343079,68.51791381835938,0.0,412.595745812,8056,1.007648229598999,0.30824968218803406,1594368,1746164580.5954177
0.0,0.01106770895421505,32.37109375,0.05270155146718025,1.0000001192092896,1054,1053,0.6462076306343079,68.51791381835938,0.0,417.836615366,8184,1.032667875289917,0.33111751079559326,1618944,1746164585.8362074
0.0,0.011718750931322575,29.41927146911621,0.04009139537811279,1.0000001192092896,1066,1065,0.6462076306343079,68.51791381835938,0.0,421.768356376,8280,1.0901724100112915,0.2629372477531433,1637376,1746164589.7679484
0.0,0.01106770895421505,31.371095657348633,0.04438687860965729,1.0000001192092896,1086,1085,0.6462076306343079,68.51791381835938,0.0,428.366710109,8440,1.064098834991455,0.30575937032699585,1668096,1746164596.3663504
0.0,0.00911458395421505,30.128908157348633,0.04121258109807968,1.0000001192092896,1097,1096,0.6462076306343079,68.51791381835938,0.0,431.97631197,8528,1.0002543926239014,0.2917110323905945,1684992,1746164599.9759521
0.0,0.010416666977107525,30.580730438232422,0.040956124663352966,1.0000001192092896,1121,1120,0.6462076306343079,68.51791381835938,0.0,439.843691297,8720,1.1419835090637207,0.307617723941803,1721856,1746164607.8431892
0.0,0.010416666977107525,31.389324188232422,0.046200644224882126,1.0000001192092896,1122,1121,0.6462076306343079,68.51791381835938,0.0,440.171869892,8728,1.165912389755249,0.3300780653953552,1723392,1746164608.171464
0.0,0.010416666977107525,31.368492126464844,0.03187629207968712,1.0000001192092896,1130,1129,0.6462076306343079,68.51791381835938,0.0,442.800916072,8792,1.131232500076294,0.31756332516670227,1735680,1746164610.8006055
0.0,0.010416666977107525,27.79817771911621,0.04202381521463394,1.0000001192092896,1133,1132,0.6462076306343079,68.51791381835938,0.0,443.780010282,8816,1.1381325721740723,0.23215636610984802,1740288,1746164611.7797346
0.0,0.010416666977107525,30.381511688232422,0.028673769906163216,1.0000001192092896,1156,1155,0.6462076306343079,68.51791381835938,0.0,451.352850064,9000,1.0931670665740967,0.27931201457977295,1775616,1746164619.3524513
0.0,0.01302083395421505,32.1484375,0.03282769024372101,1.0000001192092896,1159,1158,0.6462076306343079,68.51791381835938,0.0,452.33797953,9024,1.0587818622589111,0.2965572476387024,1780224,1746164620.3376234
0.0,0.009765625931322575,29.339845657348633,0.030246209353208542,1.0000001192092896,1165,1164,0.6462076306343079,68.51791381835938,0.0,454.343572181,9072,1.1150692701339722,0.2339911311864853,1789440,1746164622.3432214
0.0,0.011718750931322575,32.12890625,0.02742530032992363,1.0000001192092896,1168,1167,0.6462076306343079,68.51791381835938,0.0,455.328397744,9096,1.1059818267822266,0.30145296454429626,1794048,1746164623.3280663
0.0,0.01106770895421505,29.691408157348633,0.02849123626947403,1.0000001192092896,1170,1169,0.6462076306343079,68.51791381835938,0.0,455.984118951,9112,1.0997737646102905,0.23500972986221313,1797120,1746164623.9838018
0.0,0.008463541977107525,31.013023376464844,0.024783194065093994,1.0000001192092896,1227,1226,0.6462076306343079,68.51791381835938,0.0,474.811417236,9568,0.9226343631744385,0.3288489282131195,1884672,1746164642.8110833
0.033203125,0.0078125,30.989585876464844,0.02829386107623577,1.0000001192092896,1240,1239,0.6462076306343079,68.51791381835938,0.0,479.148040218,9672,0.9562434554100037,0.3607969582080841,1904640,1746164647.1477191
0.0,0.00911458395421505,31.733074188232422,0.02470538765192032,1.0000001192092896,1253,1252,0.6462076306343079,68.51791381835938,0.0,483.421408439,9776,0.9515541791915894,0.33285340666770935,1924608,1746164651.4210234
0.0,0.00911458395421505,31.455730438232422,0.02437930554151535,1.0000001192092896,1270,1269,0.6462076306343079,68.51791381835938,0.0,489.031054645,9912,0.8467664122581482,0.3252028822898865,1950720,1746164657.0307086
0.02669270895421505,0.0078125,31.118492126464844,0.028963997960090637,1.0000001192092896,1277,1276,0.6462076306343079,68.51791381835938,0.0,491.366895467,9968,0.860944926738739,0.3487764000892639,1961472,1746164659.366556
0.0,0.0078125,31.570314407348633,0.025170929729938507,1.0000001192092896,1297,1296,0.6462076306343079,68.51791381835938,0.0,498.036605758,10128,0.8390724658966064,0.33513104915618896,1992192,1746164666.0361629
0.0,0.00911458395421505,31.912761688232422,0.02249656617641449,1.0,1301,1300,0.8572103977203369,77.198486328125,0.05671077221632004,499.421533136,10160,0.8198760151863098,0.3219579756259918,1998336,1746164667.4211812
0.03515625,0.008463541977107525,29.484376907348633,0.049811892211437225,1.0,1327,1326,0.8572103977203369,77.198486328125,0.05671077221632004,508.004924021,10368,0.8186454176902771,0.3380155563354492,2038272,1746164676.004578
0.0325520858168602,0.012369791977107525,31.016929626464844,0.04636029154062271,1.0,1362,1361,0.8572103977203369,77.198486328125,0.05671077221632004,519.621400714,10648,0.7900252342224121,0.4007091522216797,2092032,1746164687.6210434
0.02539062686264515,0.01106770895421505,31.187501907348633,0.041543908417224884,1.0,1372,1371,0.8572103977203369,77.198486328125,0.05671077221632004,522.904689474,10728,0.76705002784729,0.36427372694015503,2107392,1746164690.9043472
0.0572916679084301,0.009765625931322575,31.502605438232422,0.046620264649391174,1.0,1377,1376,0.8572103977203369,77.198486328125,0.05671077221632004,524.550695167,10768,0.7682485580444336,0.4153088927268982,2115072,1746164692.5489283
0.0,0.0078125,29.871095657348633,0.04566773772239685,1.0,1381,1380,0.8572103977203369,77.198486328125,0.05671077221632004,525.898034198,10800,0.6960581541061401,0.3270002007484436,2121216,1746164693.8976953
0.033203125,0.008463541977107525,31.380210876464844,0.039035022258758545,1.0,1384,1383,0.8572103977203369,77.198486328125,0.05671077221632004,526.882690243,10824,0.6616669297218323,0.36444756388664246,2125824,1746164694.8821301
0.0,0.0078125,29.752605438232422,0.05548911914229393,1.0,1386,1385,0.8572103977203369,77.198486328125,0.05671077221632004,527.539877385,10840,0.7142044305801392,0.3050709664821625,2128896,1746164695.539576
0.0481770858168602,0.008463541977107525,29.854167938232422,0.049682341516017914,1.0,1396,1395,0.8572103977203369,77.198486328125,0.05671077221632004,530.833009152,10920,0.7053625583648682,0.3615484833717346,2144256,1746164698.8326197
0.0605468787252903,0.008463541977107525,31.382814407348633,0.04908091947436333,1.0,1400,1399,0.8572103977203369,77.198486328125,0.05671077221632004,532.175314715,10952,0.7100125551223755,0.41982778906822205,2150400,1746164700.174826
0.0358072929084301,0.0078125,30.424480438232422,0.05870181322097778,1.0,1410,1409,0.8572103977203369,77.198486328125,0.05671077221632004,535.472246748,11032,0.6495352983474731,0.36633068323135376,2165760,1746164703.4718776
0.0436197929084301,0.008463541977107525,29.171876907348633,0.034433308988809586,1.0,1417,1416,0.8572103977203369,77.198486328125,0.05671077221632004,537.771014556,11088,0.6014437675476074,0.34093984961509705,2176512,1746164705.7706757
0.0559895858168602,0.008463541977107525,30.088542938232422,0.039509378373622894,1.0,1464,1463,0.8572103977203369,77.198486328125,0.05671077221632004,553.289616162,11464,0.510850191116333,0.3852773606777191,2248704,1746164721.2892792
0.1074218824505806,0.00911458395421505,29.13802146911621,0.03771594166755676,1.0,1474,1473,0.8572103977203369,77.198486328125,0.05671077221632004,556.596583363,11544,0.5375635623931885,0.44695115089416504,2264064,1746164724.5962317
0.0859375074505806,0.008463541977107525,30.526042938232422,0.036799535155296326,1.0,1486,1485,0.8572103977203369,77.198486328125,0.05671077221632004,560.557390982,11640,0.525253176689148,0.41959044337272644,2282496,1746164728.5570939
0.1686197966337204,0.008463541977107525,30.825523376464844,0.044181156903505325,1.0,1503,1502,0.8572103977203369,77.198486328125,0.05671077221632004,566.174857871,11776,0.5396214127540588,0.5399277210235596,2308608,1746164734.1745865
0.0768229216337204,0.010416666977107525,30.312501907348633,0.05194494128227234,1.0,1523,1522,0.8572103977203369,77.198486328125,0.05671077221632004,572.763607577,11936,0.564568281173706,0.43303096294403076,2339328,1746164740.7633162
0.1171875074505806,0.008463541977107525,29.765626907348633,0.039605457335710526,1.0,1527,1526,0.8572103977203369,77.198486328125,0.05671077221632004,574.077071114,11968,0.5451609492301941,0.46781983971595764,2345472,1746164742.0767376
0.0371093787252903,0.009765625931322575,30.093751907348633,0.07185164093971252,1.0,1533,1532,0.8572103977203369,77.198486328125,0.05671077221632004,576.067368656,12016,0.5322163105010986,0.4019913971424103,2354688,1746164744.0670328
0.00911458395421505,0.011718750931322575,31.960939407348633,0.10104323923587799,1.0,1546,1545,0.8572103977203369,77.198486328125,0.05671077221632004,580.336071733,12120,0.5067492723464966,0.4136078655719757,2374656,1746164748.3356295
0.0299479179084301,0.00911458395421505,29.89974021911621,0.10582907497882843,1.0,1550,1549,0.8572103977203369,77.198486328125,0.05671077221632004,581.665225663,12152,0.4283757209777832,0.3499417304992676,2380800,1746164749.6648705
0.0,0.008463541977107525,29.377605438232422,0.05597855895757675,1.0,1552,1551,0.8572103977203369,77.198486328125,0.05671077221632004,582.321758526,12168,0.38989636301994324,0.3154326379299164,2383872,1746164750.3213987
0.0690104216337204,0.011718750931322575,31.013023376464844,0.058355726301670074,1.0,1553,1552,0.8572103977203369,77.198486328125,0.05671077221632004,582.650409904,12176,0.38068443536758423,0.456860214471817,2385408,1746164750.6500573
0.0032552084885537624,0.012369791977107525,31.744792938232422,0.060658231377601624,1.0,1562,1561,0.8572103977203369,77.198486328125,0.05671077221632004,585.602502101,12248,0.41517168283462524,0.39992931485176086,2399232,1746164753.602165
0.0872395858168602,0.010416666977107525,31.339845657348633,0.0615568645298481,1.0,1571,1570,0.8572103977203369,77.198486328125,0.05671077221632004,588.583307961,12320,0.4024149477481842,0.47973546385765076,2413056,1746164756.5829961
0.0859375074505806,0.008463541977107525,27.660158157348633,0.0687713548541069,1.0,1578,1577,0.8572103977203369,77.198486328125,0.05671077221632004,590.885575543,12376,0.39685049653053284,0.3766191601753235,2423808,1746164758.885248
0.13671875,0.008463541977107525,30.516929626464844,0.06918799132108688,1.0,1601,1600,0.8572103977203369,77.198486328125,0.05671077221632004,598.47598912,12560,0.42325010895729065,0.5135689377784729,2459136,1746164766.4755995
0.2220052182674408,0.010416666977107525,31.050783157348633,0.10628896951675415,1.0,1604,1603,0.8572103977203369,77.198486328125,0.05671077221632004,599.461939609,12584,0.45589974522590637,0.6419662237167358,2463744,1746164767.4616103
0.0800781324505806,0.008463541977107525,30.611980438232422,0.0805736780166626,1.0,1642,1641,1.3138062953948975,72.6174545288086,0.41442954540252686,612.104105865,12888,0.41956156492233276,0.43376487493515015,2522112,1746164780.1036484
0.2363281399011612,0.00911458395421505,31.295574188232422,0.08321797847747803,1.0,1647,1646,1.3138062953948975,72.6174545288086,0.41442954540252686,613.773577285,12928,0.37702685594558716,0.646058976650238,2529792,1746164781.7731736
0.0833333358168602,0.009765625931322575,30.347658157348633,0.0877188965678215,1.0,1648,1647,1.3138062953948975,72.6174545288086,0.41442954540252686,614.102062191,12936,0.3917059898376465,0.44856375455856323,2531328,1746164782.1017344
0.1074218824505806,0.0078125,30.644533157348633,0.11594747006893158,1.0,1653,1652,1.3138062953948975,72.6174545288086,0.41442954540252686,615.743737588,12976,0.43839001655578613,0.471994549036026,2539008,1746164783.7433927
0.3300781548023224,0.009765625931322575,31.976564407348633,0.09794652462005615,1.0,1664,1663,1.3138062953948975,72.6174545288086,0.41442954540252686,619.394584142,13064,0.27123868465423584,0.8056020736694336,2555904,1746164787.3942344
0.1647135466337204,0.008463541977107525,29.549480438232422,0.11032620817422867,1.0,1686,1685,1.3138062953948975,72.6174545288086,0.41442954540252686,626.666489521,13240,0.28281503915786743,0.5323160886764526,2589696,1746164794.6660006
0.2213541716337204,0.0078125,30.583335876464844,0.0942588746547699,1.0,1688,1687,1.3138062953948975,72.6174545288086,0.41442954540252686,627.327304574,13256,0.2793881893157959,0.6234586238861084,2592768,1746164795.3267407
0.3235677182674408,0.008463541977107525,28.600261688232422,0.13930389285087585,1.0,1717,1716,1.3138062953948975,72.6174545288086,0.41442954540252686,636.949998091,13488,0.1962074488401413,0.6804037094116211,2637312,1746164804.9496589
0.1256510466337204,0.009765625931322575,28.707033157348633,0.13892477750778198,1.0,1719,1718,1.3138062953948975,72.6174545288086,0.41442954540252686,637.606360946,13504,0.2134648859500885,0.4656860828399658,2640384,1746164805.606005
0.2727864682674408,0.009765625931322575,29.514324188232422,0.12814904749393463,1.0,1733,1732,1.3138062953948975,72.6174545288086,0.41442954540252686,642.270092516,13616,0.11552095413208008,0.6602346301078796,2661888,1746164810.2696228
0.2324218899011612,0.008463541977107525,30.985679626464844,0.138045996427536,1.0,1737,1736,1.3138062953948975,72.6174545288086,0.41442954540252686,643.584856547,13648,0.1577373743057251,0.6412347555160522,2668032,1746164811.5844297
0.2604166865348816,0.00911458395421505,29.80599021911621,0.190046489238739,1.0,1754,1753,1.3138062953948975,72.6174545288086,0.41442954540252686,649.236890339,13784,0.08825869858264923,0.6535308957099915,2694144,1746164817.236604
0.2786458432674408,0.00911458395421505,30.717449188232422,0.17839306592941284,1.0,1769,1768,1.3138062953948975,72.6174545288086,0.41442954540252686,654.201416818,13904,0.014791949652135372,0.6731427907943726,2717184,1746164822.2011046
0.251953125,0.0078125,31.397136688232422,0.16558203101158142,1.0,1784,1783,1.3138062953948975,72.6174545288086,0.41442954540252686,659.157711622,14024,0.11027702689170837,0.6597029566764832,2740224,1746164827.1573598
0.2167968899011612,0.009765625931322575,30.651042938232422,0.19075091183185577,1.0,1797,1796,1.3138062953948975,72.6174545288086,0.41442954540252686,663.438565509,14128,-0.012785729020833969,0.6206270456314087,2760192,1746164831.4381943
0.2089843899011612,0.010416666977107525,29.757814407348633,0.16497066617012024,1.0,1802,1801,1.3138062953948975,72.6174545288086,0.41442954540252686,665.095744771,14168,-0.053956300020217896,0.5826658010482788,2767872,1746164833.095332
0.2565104365348816,0.0078125,31.295574188232422,0.17356041073799133,1.0,1803,1802,1.3138062953948975,72.6174545288086,0.41442954540252686,665.443014831,14176,-0.026192856952548027,0.6641172766685486,2769408,1746164833.4424949
0.2949219048023224,0.0078125,30.480470657348633,0.20101894438266754,1.0,1820,1819,1.3138062953948975,72.6174545288086,0.41442954540252686,671.034546552,14312,-0.02151709794998169,0.6991821527481079,2795520,1746164839.0341916
0.1920572966337204,0.008463541977107525,30.760417938232422,0.19932247698307037,1.0,1825,1824,1.3138062953948975,72.6174545288086,0.41442954540252686,672.700715591,14352,-0.021809004247188568,0.5826603770256042,2803200,1746164840.7003067
0.2610677182674408,0.010416666977107525,31.139324188232422,0.21629208326339722,1.0,1837,1836,1.3138062953948975,72.6174545288086,0.41442954540252686,676.695311135,14448,0.052812233567237854,0.7083155512809753,2821632,1746164844.6947706
0.3313802182674408,0.008463541977107525,30.610679626464844,0.23179057240486145,1.0,1855,1854,1.3138062953948975,72.6174545288086,0.41442954540252686,682.647357813,14592,0.13234606385231018,0.7577831745147705,2849280,1746164850.646831
0.1875000149011612,0.0078125,29.019533157348633,0.23295019567012787,1.0,1858,1857,1.3138062953948975,72.6174545288086,0.41442954540252686,683.6329349170001,14616,0.14944133162498474,0.5381177663803101,2853888,1746164851.6326199
0.2285156399011612,0.008463541977107525,30.123699188232422,0.20549224317073822,1.0,1859,1858,1.3138062953948975,72.6174545288086,0.41442954540252686,683.96161072,14624,0.09291025996208191,0.6182922124862671,2855424,1746164851.961296
0.1803385466337204,0.008463541977107525,30.27083396911621,0.20177744328975677,1.0,1868,1867,1.3138062953948975,72.6174545288086,0.41442954540252686,686.91400496,14696,0.1554947942495346,0.5602034330368042,2869248,1746164854.9136393
0.1529947966337204,0.0078125,28.433595657348633,0.21124890446662903,1.0,1870,1869,1.3138062953948975,72.6174545288086,0.41442954540252686,687.573840143,14712,0.20350024104118347,0.5058748722076416,2872320,1746164855.5733762
0.2890625298023224,0.008463541977107525,31.709636688232422,0.27150020003318787,1.0,1915,1914,1.3138062953948975,72.6174545288086,0.41442954540252686,702.496441521,15072,0.34185051918029785,0.7020483613014221,2941440,1746164870.4960809
0.1829427182674408,0.008463541977107525,30.592449188232422,0.25777459144592285,1.0,1922,1921,1.3138062953948975,72.6174545288086,0.41442954540252686,704.793654455,15128,0.38473838567733765,0.57133549451828,2952192,1746164872.7933369
0.4361979365348816,0.009765625931322575,31.321617126464844,0.27094173431396484,1.0,1923,1922,1.3138062953948975,72.6174545288086,0.41442954540252686,705.122234238,15136,0.35305386781692505,0.8986002802848816,2953728,1746164873.1218936
0.2317708432674408,0.00911458395421505,30.566408157348633,0.28423288464546204,1.0,1925,1924,1.3138062953948975,72.6174545288086,0.41442954540252686,705.780024386,15152,0.2997666895389557,0.6326259970664978,2956800,1746164873.7796912
0.3795573115348816,0.00911458395421505,30.27083396911621,0.3028057813644409,1.0,1930,1929,1.3138062953948975,72.6174545288086,0.41442954540252686,707.427250515,15192,0.3731670677661896,0.8077393174171448,2964480,1746164875.4268901
0.2324218899011612,0.008463541977107525,30.549480438232422,0.2649630606174469,1.0,1982,1981,1.7830618619918823,71.81294250488281,0.8076923489570618,724.67850907,15608,0.26490840315818787,0.6279003620147705,3044352,1746164892.6782007
0.3951823115348816,0.010416666977107525,30.839845657348633,0.294655978679657,1.0,1984,1983,1.7830618619918823,71.81294250488281,0.8076923489570618,725.335483795,15624,0.23336516320705414,0.8397969007492065,3047424,1746164893.335122
0.4101562798023224,0.009765625931322575,31.601564407348633,0.32789313793182373,1.0,1990,1989,1.7830618619918823,71.81294250488281,0.8076923489570618,727.339823112,15672,0.25150537490844727,0.856480598449707,3056640,1746164895.3393197
0.3424479365348816,0.00911458395421505,31.751304626464844,0.3325813412666321,1.0,1995,1994,1.7830618619918823,71.81294250488281,0.8076923489570618,728.979404791,15712,0.1474103331565857,0.775371253490448,3064320,1746164896.9790866
0.275390625,0.00911458395421505,30.468751907348633,0.26517975330352783,1.0,2006,2005,1.7830618619918823,71.81294250488281,0.8076923489570618,732.602224418,15800,0.1176120862364769,0.6692163348197937,3081216,1746164900.6018548
0.3404948115348816,0.00911458395421505,31.080730438232422,0.29839831590652466,1.0,2015,2014,1.7830618619918823,71.81294250488281,0.8076923489570618,735.567728219,15872,0.06483564525842667,0.7632153630256653,3095040,1746164903.5674043
0.3613281548023224,0.00911458395421505,31.505210876464844,0.3188548982143402,1.0,2017,2016,1.7830618619918823,71.81294250488281,0.8076923489570618,736.225823085,15888,0.11364059150218964,0.8108307123184204,3098112,1746164904.2255244
0.3085937798023224,0.00911458395421505,30.769533157348633,0.24998003244400024,1.0,2033,2032,1.7830618619918823,71.81294250488281,0.8076923489570618,741.517205036,16016,0.0952027440071106,0.7230446338653564,3122688,1746164909.516864
0.3274739682674408,0.008463541977107525,31.459636688232422,0.2635014057159424,1.0,2036,2035,1.7830618619918823,71.81294250488281,0.8076923489570618,742.50363531,16040,0.09280510246753693,0.748330295085907,3127296,1746164910.5033405
0.3938802182674408,0.008463541977107525,29.897136688232422,0.2816639840602875,1.0,2044,2043,1.7830618619918823,71.81294250488281,0.8076923489570618,745.16309785,16104,0.05478625372052193,0.8054428100585938,3139584,1746164913.1627378
0.3391927182674408,0.009765625931322575,30.738283157348633,0.30462563037872314,1.0,2050,2049,1.7830618619918823,71.81294250488281,0.8076923489570618,747.133923161,16152,0.04178808629512787,0.7573540210723877,3148800,1746164915.133567
0.3417969048023224,0.0078125,30.480470657348633,0.27102386951446533,1.0,2078,2077,1.7830618619918823,71.81294250488281,0.8076923489570618,756.434156739,16376,-0.03498780354857445,0.7492212057113647,3191808,1746164924.4338386
0.2623698115348816,0.0078125,29.283855438232422,0.3127081096172333,1.0,2096,2095,1.7830618619918823,71.81294250488281,0.8076923489570618,762.377414294,16520,-0.06524379551410675,0.6177175641059875,3219456,1746164930.3771064
0.3248698115348816,0.0078125,30.731773376464844,0.3164076507091522,1.0,2097,2096,1.7830618619918823,71.81294250488281,0.8076923489570618,762.704947657,16528,-0.07419298589229584,0.7129866480827332,3220992,1746164930.7046285
0.3457031548023224,0.008463541977107525,31.404949188232422,0.27749103307724,1.0,2103,2102,1.7830618619918823,71.81294250488281,0.8076923489570618,764.671808915,16576,-0.07040112465620041,0.7774521708488464,3230208,1746164932.671476
0.4062500298023224,0.0078125,31.308595657348633,0.29455846548080444,1.0,2104,2103,1.7830618619918823,71.81294250488281,0.8076923489570618,765.000326203,16584,-0.06692221760749817,0.8322917222976685,3231744,1746164933.0000026
0.3463541865348816,0.008463541977107525,29.804689407348633,0.28854238986968994,1.0,2122,2121,1.7830618619918823,71.81294250488281,0.8076923489570618,770.94344111,16728,-0.04710308462381363,0.73688805103302,3259392,1746164938.9430926
0.3307291865348816,0.008463541977107525,31.147136688232422,0.2542860507965088,1.0,2129,2128,1.7830618619918823,71.81294250488281,0.8076923489570618,773.275305024,16784,-0.061052802950143814,0.74496990442276,3270144,1746164941.2749681
0.2740885615348816,0.0078125,30.229167938232422,0.2631790339946747,1.0,2141,2140,1.7830618619918823,71.81294250488281,0.8076923489570618,777.21829678,16880,0.10439147055149078,0.6736453175544739,3288576,1746164945.2179294
0.3990885615348816,0.00911458395421505,31.644533157348633,0.252576619386673,1.0,2143,2142,1.7830618619918823,71.81294250488281,0.8076923489570618,777.881430781,16896,0.05962933972477913,0.8538879752159119,3291648,1746164945.8810701
0.3574219048023224,0.008463541977107525,30.17708396911621,0.36591190099716187,1.0,2157,2156,1.7830618619918823,71.81294250488281,0.8076923489570618,782.525376055,17008,0.15302248299121857,0.7597103714942932,3313152,1746164950.5250275
0.4511719048023224,0.00911458395421505,31.937501907348633,0.31475919485092163,1.0,2161,2160,1.7830618619918823,71.81294250488281,0.8076923489570618,783.858465577,17040,0.16963854432106018,0.9302978515625,3319296,1746164951.8579621
0.2480468899011612,0.00911458395421505,29.75520896911621,0.30126988887786865,1.0,2163,2162,1.7830618619918823,71.81294250488281,0.8076923489570618,784.513349086,17056,0.07605597376823425,0.6348939538002014,3322368,1746164952.5130067
0.3313802182674408,0.0078125,29.48958396911621,0.27423974871635437,1.0,2168,2167,1.7830618619918823,71.81294250488281,0.8076923489570618,786.153991662,17096,0.09560738503932953,0.7023177146911621,3330048,1746164954.1537058
0.4375000298023224,0.010416666977107525,31.085939407348633,0.2913183271884918,1.0,2192,2191,1.7830618619918823,71.81294250488281,0.8076923489570618,794.103269382,17288,0.06155838817358017,0.8945696949958801,3366912,1746164962.1029358
0.3619791865348816,0.010416666977107525,30.587242126464844,0.26935726404190063,1.0,2261,2260,1.7830618619918823,71.81294250488281,0.8076923489570618,816.891756926,17840,-0.024699201807379723,0.774946391582489,3472896,1746164984.8912876
0.3046875298023224,0.0078125,29.807292938232422,0.2581462860107422,1.0,2298,2297,1.8757705688476562,68.42745208740234,0.8892355561256409,829.196470848,18136,-0.028133012354373932,0.6980289816856384,3529728,1746164997.1961498
0.3574219048023224,0.00911458395421505,29.960939407348633,0.20173338055610657,1.0,2309,2308,1.8757705688476562,68.42745208740234,0.8892355561256409,832.83217668,18224,0.016481474041938782,0.7744596004486084,3546624,1746165000.8318186
0.3873698115348816,0.00911458395421505,31.199220657348633,0.20897945761680603,1.0,2310,2309,1.8757705688476562,68.42745208740234,0.8892355561256409,833.164404445,18232,0.00872889719903469,0.8238500952720642,3548160,1746165001.1639426
0.3046875298023224,0.0078125,31.132814407348633,0.19086311757564545,1.0,2314,2313,1.8757705688476562,68.42745208740234,0.8892355561256409,834.510441175,18264,0.06005227565765381,0.69786137342453,3554304,1746165002.510067
0.3919270932674408,0.008463541977107525,31.483074188232422,0.22612015902996063,1.0,2320,2319,1.8757705688476562,68.42745208740234,0.8892355561256409,836.503623885,18312,-0.03168213739991188,0.850708544254303,3563520,1746165004.5033154
0.3098958432674408,0.009765625931322575,31.199220657348633,0.206205815076828,1.0,2325,2324,1.8757705688476562,68.42745208740234,0.8892355561256409,838.144715112,18352,0.00843886099755764,0.7399080395698547,3571200,1746165006.1443574
0.2929687798023224,0.0078125,29.248699188232422,0.17708253860473633,1.0,2333,2332,1.8757705688476562,68.42745208740234,0.8892355561256409,840.785566762,18416,0.00521051324903965,0.6655770540237427,3583488,1746165008.7850935
0.3580729365348816,0.008463541977107525,30.121095657348633,0.20353400707244873,1.0,2339,2338,1.8757705688476562,68.42745208740234,0.8892355561256409,842.78680645,18464,0.00892721302807331,0.7724480032920837,3592704,1746165010.7864788
0.2825520932674408,0.008463541977107525,30.46224021911621,0.20106130838394165,1.0,2361,2360,1.8757705688476562,68.42745208740234,0.8892355561256409,850.057927991,18640,0.002374428790062666,0.6678182482719421,3626496,1746165018.0575733
0.3352864682674408,0.009765625931322575,31.218751907348633,0.19883567094802856,1.0,2369,2368,1.8757705688476562,68.42745208740234,0.8892355561256409,852.691694996,18704,0.0009908806532621384,0.7763685584068298,3638784,1746165020.6913807
0.4003906548023224,0.009765625931322575,31.075523376464844,0.14344990253448486,1.0,2395,2394,1.8757705688476562,68.42745208740234,0.8892355561256409,861.289910175,18912,-0.036826252937316895,0.8612353801727295,3678720,1746165029.2896335
0.2884114682674408,0.0078125,29.679689407348633,0.1551477015018463,1.0,2409,2408,1.8757705688476562,68.42745208740234,0.8892355561256409,865.901470301,19024,-0.00889224000275135,0.6526163816452026,3700224,1746165033.9011786
0.3652344048023224,0.008463541977107525,30.873699188232422,0.1561751812696457,1.0,2412,2411,1.8757705688476562,68.42745208740234,0.8892355561256409,866.886284997,19048,0.01571432314813137,0.8073184490203857,3704832,1746165034.8859656
0.3626302182674408,0.008463541977107525,30.296876907348633,0.18620342016220093,1.0,2421,2420,1.8757705688476562,68.42745208740234,0.8892355561256409,869.877776958,19120,-0.032307643443346024,0.7713215947151184,3718656,1746165037.877318
0.4153645932674408,0.010416666977107525,31.893230438232422,0.16463172435760498,1.0,2426,2425,1.8757705688476562,68.42745208740234,0.8892355561256409,871.553139752,19160,-0.03156207501888275,0.8839014172554016,3726336,1746165039.552726
0.4661458432674408,0.010416666977107525,32.130210876464844,0.1466299295425415,1.0,2432,2431,1.8757705688476562,68.42745208740234,0.8892355561256409,873.523939108,19208,-0.0665898472070694,0.967063844203949,3735552,1746165041.5235999
0.3437500298023224,0.0078125,31.742189407348633,0.18392452597618103,1.0,2438,2437,1.8757705688476562,68.42745208740234,0.8892355561256409,875.495748599,19256,-0.12983137369155884,0.8152466416358948,3744768,1746165043.4954214
0.4615885615348816,0.008463541977107525,31.813804626464844,0.179139643907547,1.0,2442,2441,1.8757705688476562,68.42745208740234,0.8892355561256409,876.841144708,19288,-0.10882557928562164,0.9242740869522095,3750912,1746165044.8408108
0.3984375298023224,0.00911458395421505,30.845054626464844,0.1545846164226532,1.0,2485,2484,1.8757705688476562,68.42745208740234,0.8892355561256409,891.022716568,19632,-0.08633079379796982,0.8280469179153442,3816960,1746165059.0223227
0.4622395932674408,0.009765625931322575,31.364585876464844,0.16439655423164368,1.0,2487,2486,1.8757705688476562,68.42745208740234,0.8892355561256409,891.679689735,19648,-0.10533126443624496,0.9425260424613953,3820032,1746165059.679365
0.3118489682674408,0.008463541977107525,30.503908157348633,0.16378304362297058,1.0,2491,2490,1.8757705688476562,68.42745208740234,0.8892355561256409,892.997647512,19680,-0.10478832572698593,0.7275781631469727,3826176,1746165060.9973545
0.4459635615348816,0.008463541977107525,32.16666793823242,0.19872841238975525,1.0,2498,2497,1.8757705688476562,68.42745208740234,0.8892355561256409,895.319584442,19736,-0.07680460810661316,0.9263504147529602,3836928,1746165063.3191996
0.3821614682674408,0.010416666977107525,30.625001907348633,0.1535683572292328,1.0,2503,2502,1.8757705688476562,68.42745208740234,0.8892355561256409,896.992486341,19776,-0.1379440575838089,0.8236929774284363,3844608,1746165064.9921358
0.3860677182674408,0.00911458395421505,30.389324188232422,0.14122527837753296,1.0,2552,2551,1.8757705688476562,68.42745208740234,0.8892355561256409,913.221538935,20168,-0.17048609256744385,0.8213672041893005,3919872,1746165081.2211282
0.3919270932674408,0.0078125,30.39583396911621,0.14097414910793304,1.0,2557,2556,1.8757705688476562,68.42745208740234,0.8892355561256409,914.869385472,20208,-0.15777039527893066,0.8104143142700195,3927552,1746165082.869013
0.3984375298023224,0.008463541977107525,30.725261688232422,0.1888798475265503,1.0,2568,2567,1.8757705688476562,68.42745208740234,0.8892355561256409,918.51447185,20296,-0.12147051841020584,0.8226302266120911,3944448,1746165086.5140326
0.4316406548023224,0.009765625931322575,31.808595657348633,0.16692060232162476,1.0,2569,2568,1.8757705688476562,68.42745208740234,0.8892355561256409,918.844053593,20304,-0.10715834051370621,0.8960117697715759,3945984,1746165086.8435721
0.3925781548023224,0.008463541977107525,30.871095657348633,0.19918259978294373,1.0,2572,2571,1.8757705688476562,68.42745208740234,0.8892355561256409,919.841189355,20328,-0.08645355701446533,0.8151159286499023,3950592,1746165087.8407915
0.3626302182674408,0.008463541977107525,29.84114646911621,0.13424021005630493,1.0,2575,2574,1.8757705688476562,68.42745208740234,0.8892355561256409,920.856175971,20352,-0.08884531259536743,0.752921462059021,3955200,1746165088.8556526
0.4186198115348816,0.008463541977107525,31.377605438232422,0.14223864674568176,1.0,2578,2577,1.8757705688476562,68.42745208740234,0.8892355561256409,921.841857494,20376,-0.12055923789739609,0.8647755980491638,3959808,1746165089.841527
0.4082031548023224,0.0078125,30.639324188232422,0.1207096129655838,1.0,2602,2601,1.9564316272735596,68.46056365966797,0.9589905142784119,929.970657737,20568,-0.033418215811252594,0.8479329943656921,3996672,1746165097.9700916
0.4342448115348816,0.00911458395421505,31.424480438232422,0.14486467838287354,1.0,2635,2634,1.9564316272735596,68.46056365966797,0.9589905142784119,940.873870777,20832,0.058961525559425354,0.8986409902572632,4047360,1746165108.8733811
0.4303385615348816,0.009765625931322575,31.165367126464844,0.19696903228759766,1.0,2637,2636,1.9564316272735596,68.46056365966797,0.9589905142784119,941.562440095,20848,0.01738443784415722,0.8800618052482605,4050432,1746165109.5619223
0.4654948115348816,0.008463541977107525,31.925783157348633,0.16779474914073944,1.0,2660,2659,1.9564316272735596,68.46056365966797,0.9589905142784119,949.162397049,21032,0.01594294048845768,0.9309896230697632,4085760,1746165117.1619859
0.3346354365348816,0.00911458395421505,28.628908157348633,0.12025199830532074,1.0,2669,2668,1.9564316272735596,68.46056365966797,0.9589905142784119,952.128359751,21104,0.03870241716504097,0.7058252096176147,4099584,1746165120.128037
0.4388020932674408,0.008463541977107525,31.036460876464844,0.17099900543689728,1.0,2684,2683,1.9564316272735596,68.46056365966797,0.9589905142784119,957.134507756,21224,-0.04644041508436203,0.89789879322052,4122624,1746165125.1340523
0.4993489980697632,0.010416666977107525,31.907554626464844,0.17293162643909454,1.0,2685,2684,1.9564316272735596,68.46056365966797,0.9589905142784119,957.478245655,21232,-0.023231804370880127,0.9986979961395264,4124160,1746165125.4777553
0.4700520932674408,0.008463541977107525,31.994792938232422,0.1574462503194809,1.0,2691,2690,1.9564316272735596,68.46056365966797,0.9589905142784119,959.449452398,21280,-0.06715656816959381,0.9401041865348816,4133376,1746165127.4491172
0.4075520932674408,0.008463541977107525,31.138023376464844,0.15996414422988892,1.0,2694,2693,1.9564316272735596,68.46056365966797,0.9589905142784119,960.436345143,21304,-0.09202928096055984,0.8485408425331116,4137984,1746165128.4359674
0.5084635615348816,0.00911458395421505,32.2734375,0.17674383521080017,1.0,2696,2695,1.9564316272735596,68.46056365966797,0.9589905142784119,961.096556082,21320,-0.10188348591327667,1.0169271230697632,4141056,1746165129.0961876
0.4309895932674408,0.012369791977107525,32.0703125,0.24810436367988586,1.0,2724,2723,1.9564316272735596,68.46056365966797,0.9589905142784119,970.393266323,21544,-0.2728789746761322,0.9281627535820007,4184064,1746165138.392781
0.4537760615348816,0.008463541977107525,31.289064407348633,0.25285595655441284,1.0,2730,2729,1.9564316272735596,68.46056365966797,0.9589905142784119,972.388751133,21592,-0.27922770380973816,0.9075521230697632,4193280,1746165140.3884103
0.2545573115348816,0.008463541977107525,29.289064407348633,0.18612053990364075,1.0,2741,2740,1.9564316272735596,68.46056365966797,0.9589905142784119,976.022889691,21680,-0.326686829328537,0.6131802201271057,4210176,1746165144.0224764
0.4342448115348816,0.009765625931322575,30.816408157348633,0.13857372105121613,1.0,2745,2744,1.9564316272735596,68.46056365966797,0.9589905142784119,977.350464604,21712,-0.31056734919548035,0.8866503834724426,4216320,1746165145.350091
0.3789062798023224,0.008463541977107525,30.618492126464844,0.16204756498336792,1.0,2748,2747,1.9564316272735596,68.46056365966797,0.9589905142784119,978.372210245,21736,-0.33992862701416016,0.8025798201560974,4220928,1746165146.371733
0.3476562798023224,0.00911458395421505,29.760417938232422,0.14233794808387756,1.0,2765,2764,1.9564316272735596,68.46056365966797,0.9589905142784119,983.986277783,21872,-0.37050360441207886,0.759300172328949,4247040,1746165151.9858124
0.4140625298023224,0.009765625931322575,31.414064407348633,0.1873418688774109,1.0,2769,2768,1.9564316272735596,68.46056365966797,0.9589905142784119,985.311397752,21904,-0.3832189440727234,0.8592703938484192,4253184,1746165153.3108256
0.3430989682674408,0.00911458395421505,30.003908157348633,0.17630800604820251,1.0,2787,2786,1.9564316272735596,68.46056365966797,0.9589905142784119,991.274301338,22048,-0.29389849305152893,0.7530403733253479,4280832,1746165159.2735248
0.3287760615348816,0.008463541977107525,30.798179626464844,0.13306592404842377,1.0,2813,2812,1.9564316272735596,68.46056365966797,0.9589905142784119,999.888969592,22256,-0.2999922037124634,0.7405447363853455,4320768,1746165167.888581
0.3964844048023224,0.00911458395421505,31.269533157348633,0.11873959004878998,1.0,2842,2841,1.9564316272735596,68.46056365966797,0.9589905142784119,1009.512073758,22488,-0.29839619994163513,0.8531370162963867,4365312,1746165177.5117471
0.4778646230697632,0.011718750931322575,31.549480438232422,0.11457760632038116,1.0,2844,2843,1.9564316272735596,68.46056365966797,0.9589905142784119,1010.170841591,22504,-0.25755706429481506,0.9747656583786011,4368384,1746165178.1704779
0.4036458432674408,0.00911458395421505,30.545574188232422,0.11993616074323654,1.0,2863,2862,1.9564316272735596,68.46056365966797,0.9589905142784119,1016.450747111,22656,-0.29142236709594727,0.843640923500061,4397568,1746165184.450339
0.3619791865348816,0.008463541977107525,30.651042938232422,0.1465289145708084,1.0,2868,2867,1.9564316272735596,68.46056365966797,0.9589905142784119,1018.12241609,22696,-0.26411205530166626,0.7706878781318665,4405248,1746165186.1220045
0.4407552182674408,0.009765625931322575,31.149742126464844,0.10441415011882782,1.0,2875,2874,1.9564316272735596,68.46056365966797,0.9589905142784119,1020.428138728,22752,-0.25409817695617676,0.8815104365348816,4416000,1746165188.4277976
0.3613281548023224,0.0078125,30.739585876464844,0.10346506536006927,1.0,2882,2881,1.9564316272735596,68.46056365966797,0.9589905142784119,1022.76768853,22808,-0.2779574990272522,0.7729288935661316,4426752,1746165190.7669237
0.3847656548023224,0.00911458395421505,31.727867126464844,0.15676751732826233,1.0,2906,2905,1.9564316272735596,68.46056365966797,0.9589905142784119,1030.726755999,23000,-0.2697942852973938,0.8272155523300171,4463616,1746165198.7263951
0.3424479365348816,0.008463541977107525,29.414064407348633,0.12252350151538849,1.0,2919,2918,1.9564316272735596,68.46056365966797,0.9589905142784119,1035.008217668,23104,-0.29141965508461,0.7209667563438416,4483584,1746165203.00783
0.3658854365348816,0.008463541977107525,30.789064407348633,0.11726552248001099,1.0,2922,2921,1.9564316272735596,68.46056365966797,0.9589905142784119,1036.01049959,23128,-0.3171766996383667,0.8012256622314453,4488192,1746165204.0100133
0.4069010615348816,0.00911458395421505,30.654949188232422,0.1388731300830841,1.0,2923,2922,1.9564316272735596,68.46056365966797,0.9589905142784119,1036.361750353,23136,-0.30860644578933716,0.8437093496322632,4489728,1746165204.361237
0.4218750298023224,0.008463541977107525,31.674480438232422,0.14052657783031464,1.0,2926,2925,1.9354404211044312,67.81055450439453,0.9409937858581543,1037.421783018,23160,-0.3149069547653198,0.8758898377418518,4494336,1746165205.421392
0.4772135615348816,0.009765625931322575,31.744792938232422,0.10991906374692917,1.0,2936,2935,1.9354404211044312,67.81055450439453,0.9409937858581543,1040.715309986,23240,-0.26973503828048706,0.9564313888549805,4509696,1746165208.7147717
0.3932291865348816,0.008463541977107525,30.320314407348633,0.11277388781309128,1.0,2950,2949,1.9354404211044312,67.81055450439453,0.9409937858581543,1045.363921769,23352,-0.3000774383544922,0.8093245625495911,4531200,1746165213.3635337
0.2858073115348816,0.00911458395421505,29.66536521911621,0.11621352285146713,1.0,2958,2957,1.9354404211044312,67.81055450439453,0.9409937858581543,1048.020226242,23416,-0.24813345074653625,0.6629825830459595,4543488,1746165216.0196888
0.4199219048023224,0.00911458395421505,31.675783157348633,0.10760931670665741,1.0,2980,2979,1.9354404211044312,67.81055450439453,0.9409937858581543,1055.289502796,23592,-0.2744789719581604,0.8708617687225342,4577280,1746165223.2891364
0.3352864682674408,0.0078125,30.04036521911621,0.11056835949420929,1.0,2988,2987,1.9354404211044312,67.81055450439453,0.9409937858581543,1057.917083807,23656,-0.2660364806652069,0.7237158417701721,4589568,1746165225.9167597
0.3203125298023224,0.009765625931322575,29.828126907348633,0.10491009056568146,1.0,2993,2992,1.9354404211044312,67.81055450439453,0.9409937858581543,1059.596547014,23696,-0.25234878063201904,0.7113669514656067,4597248,1746165227.5960941
0.4108073115348816,0.00911458395421505,31.470054626464844,0.11210640519857407,1.0,3016,3015,1.9354404211044312,67.81055450439453,0.9409937858581543,1067.163289845,23880,-0.2914612591266632,0.8741341233253479,4632576,1746165235.1629333
0.4700520932674408,0.00911458395421505,32.00651168823242,0.1251395344734192,1.0,3017,3016,1.9354404211044312,67.81055450439453,0.9409937858581543,1067.491185453,23888,-0.31293755769729614,0.9401041865348816,4634112,1746165235.4908373
0.4042969048023224,0.00911458395421505,30.269533157348633,0.09015204757452011,1.0,3031,3030,1.9354404211044312,67.81055450439453,0.9409937858581543,1072.167838298,24000,-0.28361549973487854,0.8426725268363953,4655616,1746165240.1674294
0.4811198115348816,0.009765625931322575,31.772136688232422,0.11843623220920563,1.0,3040,3039,1.9354404211044312,67.81055450439453,0.9409937858581543,1075.167628443,24072,-0.26424652338027954,0.9622396230697632,4669440,1746165243.1672392
0.4746094048023224,0.009765625931322575,31.335939407348633,0.07300162315368652,1.0,3042,3041,1.9354404211044312,67.81055450439453,0.9409937858581543,1075.849793804,24088,-0.26317983865737915,0.9492188096046448,4672512,1746165243.8494475
0.4661458432674408,0.010416666977107525,32.18229293823242,0.08715583384037018,1.0,3066,3065,1.9354404211044312,67.81055450439453,0.9409937858581543,1083.77311072,24280,-0.27036795020103455,0.9648600816726685,4709376,1746165251.7728033
0.3619791865348816,0.009765625931322575,31.295574188232422,0.10717736184597015,1.0,3100,3099,1.9354404211044312,67.81055450439453,0.9409937858581543,1095.035804512,24552,-0.2568986415863037,0.80008864402771,4761600,1746165263.0354242
0.3417969048023224,0.009765625931322575,29.660158157348633,0.09819018840789795,1.0,3101,3100,1.9354404211044312,67.81055450439453,0.9409937858581543,1095.363762165,24560,-0.24670621752738953,0.7437174916267395,4763136,1746165263.3634272
0.3802083432674408,0.010416666977107525,30.565105438232422,0.15129435062408447,1.0,3104,3103,1.9354404211044312,67.81055450439453,0.9409937858581543,1096.36220054,24584,-0.23875971138477325,0.8303027153015137,4767744,1746165264.361582
0.4003906548023224,0.009765625931322575,31.589845657348633,0.09914405643939972,1.0,3114,3113,1.9354404211044312,67.81055450439453,0.9409937858581543,1099.710811701,24664,-0.2904985249042511,0.8835168480873108,4783104,1746165267.7104383
0.4921875298023224,0.009765625931322575,31.765626907348633,0.09293301403522491,1.0,3122,3121,1.9354404211044312,67.81055450439453,0.9409937858581543,1102.337027051,24728,-0.2516583502292633,0.9843750596046448,4795392,1746165270.3366961
0.3958333432674408,0.01106770895421505,30.628908157348633,0.1142161637544632,1.0,3134,3133,1.9354404211044312,67.81055450439453,0.9409937858581543,1106.303118908,24824,-0.19301754236221313,0.8372328281402588,4813824,1746165274.3028038
0.3984375298023224,0.009765625931322575,31.035158157348633,0.11869791150093079,1.0,3160,3159,1.9354404211044312,67.81055450439453,0.9409937858581543,1114.922857939,25032,-0.282541424036026,0.8388748168945312,4853760,1746165282.9224966
0.3151041865348816,0.008463541977107525,30.674480438232422,0.11510680615901947,1.0,3174,3173,1.9354404211044312,67.81055450439453,0.9409937858581543,1119.534633978,25144,-0.2769920825958252,0.7246403098106384,4875264,1746165287.534261
0.4303385615348816,0.01106770895421505,31.428386688232422,0.09834358841180801,1.0,3182,3181,1.9354404211044312,67.81055450439453,0.9409937858581543,1122.222536544,25208,-0.25769519805908203,0.89287930727005,4887552,1746165290.2221787
0.3424479365348816,0.00911458395421505,29.522136688232422,0.0819053202867508,1.0,3187,3186,1.9354404211044312,67.81055450439453,0.9409937858581543,1123.898680486,25248,-0.24824614822864532,0.7337279319763184,4895232,1746165291.8981586
0.4479166865348816,0.01106770895421505,31.932292938232422,0.09113113582134247,1.0,3212,3211,1.9354404211044312,67.81055450439453,0.9409937858581543,1132.182242231,25448,-0.20561710000038147,0.9212673902511597,4933632,1746165300.181896
0.3092448115348816,0.010416666977107525,31.427085876464844,0.10473883152008057,1.0,3216,3215,1.9354404211044312,67.81055450439453,0.9409937858581543,1133.533283033,25480,-0.1976875215768814,0.7367530465126038,4939776,1746165301.532677
0.4511719048023224,0.008463541977107525,30.805992126464844,0.16773122549057007,1.0,3241,3240,1.9354404211044312,67.81055450439453,0.9409937858581543,1141.774681654,25680,-0.22627660632133484,0.9023438096046448,4978176,1746165309.7742991
0.3255208432674408,0.00911458395421505,30.898439407348633,0.09351474046707153,1.0,3246,3245,1.9354404211044312,67.81055450439453,0.9409937858581543,1143.415477362,25720,-0.25339290499687195,0.7571126818656921,4985856,1746165311.4151895
0.3880208432674408,0.00911458395421505,30.144533157348633,0.12273202836513519,0.9999999403953552,3281,3280,1.9495340585708618,65.26398468017578,0.9540889263153076,1155.026640871,26000,-0.20153777301311493,0.8078135848045349,5039616,1746165323.0263064
0.4231770932674408,0.00911458395421505,31.589845657348633,0.0916430726647377,0.9999999403953552,3285,3284,1.9495340585708618,65.26398468017578,0.9540889263153076,1156.34772068,26032,-0.2870365381240845,0.8718351125717163,5045760,1746165324.3473418
0.3984375298023224,0.010416666977107525,31.220054626464844,0.14484810829162598,0.9999999403953552,3286,3285,1.9495340585708618,65.26398468017578,0.9540889263153076,1156.679254761,26040,-0.2936217486858368,0.8407814502716064,5047296,1746165324.678897
0.3691406548023224,0.00911458395421505,30.04427146911621,0.17396719753742218,0.9999999403953552,3287,3286,1.9495340585708618,65.26398468017578,0.9540889263153076,1157.007797251,26048,-0.3131071925163269,0.7809545993804932,5048832,1746165325.0074534
0.4733073115348816,0.009765625931322575,31.371095657348633,0.22807887196540833,0.9999999403953552,3292,3291,1.9495340585708618,65.26398468017578,0.9540889263153076,1158.64682283,26088,-0.39235740900039673,0.9466146230697632,5056512,1746165326.6465003
0.3561198115348816,0.009765625931322575,29.644533157348633,0.08583986014127731,0.9999999403953552,3342,3341,1.9495340585708618,65.26398468017578,0.9540889263153076,1175.165090997,26488,-0.3553276062011719,0.7536458969116211,5133312,1746165343.1647053
0.3515625298023224,0.008463541977107525,30.35677146911621,0.1232258677482605,0.9999999403953552,3354,3353,1.9495340585708618,65.26398468017578,0.9540889263153076,1179.18371508,26584,-0.29212865233421326,0.7550423741340637,5151744,1746165347.1833913
0.4134114682674408,0.008463541977107525,30.936199188232422,0.09325693547725677,0.9999999403953552,3362,3361,1.9495340585708618,65.26398468017578,0.9540889263153076,1181.835602927,26648,-0.32477402687072754,0.8708740472793579,5164032,1746165349.835318
0.3626302182674408,0.008463541977107525,31.981773376464844,0.09767192602157593,0.9999999403953552,3369,3368,1.9495340585708618,65.26398468017578,0.9540889263153076,1184.129212746,26704,-0.32445353269577026,0.8080949187278748,5174784,1746165352.1288881
0.4511719048023224,0.010416666977107525,31.345054626464844,0.0806732028722763,0.9999999403953552,3390,3389,1.9495340585708618,65.26398468017578,0.9540889263153076,1191.0611604,26872,-0.27913835644721985,0.92658531665802,5207040,1746165359.0608516
0.4003906548023224,0.009765625931322575,30.916667938232422,0.14011724293231964,0.9999999403953552,3400,3399,1.9495340585708618,65.26398468017578,0.9540889263153076,1194.380459007,26952,-0.24710458517074585,0.8507519960403442,5222400,1746165362.3801324
0.4036458432674408,0.00911458395421505,30.994792938232422,0.1377149522304535,0.9999999403953552,3409,3408,1.9495340585708618,65.26398468017578,0.9540889263153076,1197.342302279,27024,-0.26347219944000244,0.8390299677848816,5236224,1746165365.3418143
0.4615885615348816,0.0078125,31.371095657348633,0.09319963306188583,0.9999999403953552,3418,3417,1.9495340585708618,65.26398468017578,0.9540889263153076,1200.325041174,27096,-0.3171355128288269,0.9380565881729126,5250048,1746165368.324733
0.4225260615348816,0.009765625931322575,31.828126907348633,0.15395063161849976,0.9999999403953552,3436,3435,1.9495340585708618,65.26398468017578,0.9540889263153076,1206.252622212,27240,-0.23841646313667297,0.8742294311523438,5277696,1746165374.2522914
0.4361979365348816,0.008463541977107525,32.02734375,0.10427691787481308,0.9999999403953552,3466,3465,1.9495340585708618,65.26398468017578,0.9540889263153076,1216.215197569,27480,-0.3631381392478943,0.90632164478302,5323776,1746165384.2148356
0.3789062798023224,0.008463541977107525,31.087242126464844,0.15808913111686707,0.9999999403953552,3511,3510,1.9495340585708618,65.26398468017578,0.9540889263153076,1231.131332751,27840,-0.43872037529945374,0.8074724078178406,5392896,1746165399.13096
0.4537760615348816,0.00911458395421505,31.460939407348633,0.12698209285736084,0.9999999403953552,3515,3514,1.9495340585708618,65.26398468017578,0.9540889263153076,1232.47463826,27872,-0.423133909702301,0.9307047724723816,5399040,1746165400.4743183
0.4524739682674408,0.010416666977107525,31.398439407348633,0.10981933027505875,0.9999999403953552,3521,3520,1.9495340585708618,65.26398468017578,0.9540889263153076,1234.444242057,27920,-0.4194549322128296,0.9279850721359253,5408256,1746165402.4439511
0.3964844048023224,0.009765625931322575,30.809898376464844,0.10261838138103485,0.9999999403953552,3532,3531,1.9495340585708618,65.26398468017578,0.9540889263153076,1238.091831271,28008,-0.4169202446937561,0.8362744450569153,5425152,1746165406.0914502
0.3567708432674408,0.008463541977107525,30.757814407348633,0.1332300752401352,0.9999999403953552,3536,3535,1.9495340585708618,65.26398468017578,0.9540889263153076,1239.434506559,28040,-0.4210677146911621,0.7835686802864075,5431296,1746165407.4339674
0.4127604365348816,0.009765625931322575,31.023439407348633,0.11040230095386505,0.9999999403953552,3538,3537,1.9495340585708618,65.26398468017578,0.9540889263153076,1240.093428561,28056,-0.40208929777145386,0.8706494569778442,5434368,1746165408.093043
0.3177083432674408,0.008463541977107525,30.688804626464844,0.14781060814857483,0.9999999403953552,3546,3545,1.9495340585708618,65.26398468017578,0.9540889263153076,1242.745508469,28120,-0.4745234251022339,0.7269303202629089,5446656,1746165410.7452085
0.4127604365348816,0.00911458395421505,31.279949188232422,0.0941486805677414,0.9999999403953552,3573,3572,1.9495340585708618,65.26398468017578,0.9540889263153076,1251.62561695,28336,-0.4364350438117981,0.8480643033981323,5488128,1746165419.625205
0.4166666865348816,0.008463541977107525,31.070314407348633,0.09971991181373596,0.9999999403953552,3574,3573,1.9495340585708618,65.26398468017578,0.9540889263153076,1251.960646413,28344,-0.44962960481643677,0.8508210778236389,5489664,1746165419.9601848
0.4492187798023224,0.008463541977107525,31.149742126464844,0.09781390428543091,1.0,3609,3608,1.9091696739196777,68.0509262084961,0.9197531342506409,1263.573810053,28624,-0.3766566514968872,0.8984375596046448,5543424,1746165431.5733469
0.3990885615348816,0.009765625931322575,30.841148376464844,0.09189188480377197,1.0,3623,3622,1.9091696739196777,68.0509262084961,0.9197531342506409,1268.199672003,28736,-0.39868471026420593,0.8447355031967163,5564928,1746165436.1993432
0.4407552182674408,0.009765625931322575,32.00260543823242,0.12624898552894592,1.0,3628,3627,1.9091696739196777,68.0509262084961,0.9197531342506409,1269.849754307,28776,-0.415743350982666,0.9364218711853027,5572608,1746165437.849344
0.4231770932674408,0.008463541977107525,31.417970657348633,0.10822983086109161,1.0,3636,3635,1.9091696739196777,68.0509262084961,0.9197531342506409,1272.528631343,28840,-0.37810173630714417,0.8689470291137695,5584896,1746165440.5282838
0.4492187798023224,0.00911458395421505,31.127605438232422,0.107820063829422,1.0,3638,3637,1.9091696739196777,68.0509262084961,0.9197531342506409,1273.188877278,28856,-0.38586854934692383,0.8984375596046448,5587968,1746165441.1884174
0.3600260615348816,0.00911458395421505,30.877605438232422,0.08214113861322403,1.0,3654,3653,1.9091696739196777,68.0509262084961,0.9197531342506409,1278.471719879,28984,-0.36237356066703796,0.7743831276893616,5612544,1746165446.471378
0.4941406548023224,0.010416666977107525,32.1484375,0.08000606298446655,1.0,3658,3657,1.9091696739196777,68.0509262084961,0.9197531342506409,1279.787409454,29016,-0.3414059579372406,0.9882813096046448,5618688,1746165447.7870266
0.4694010615348816,0.009765625931322575,31.923179626464844,0.13730739057064056,1.0,3671,3670,1.9091696739196777,68.0509262084961,0.9197531342506409,1284.067213882,29120,-0.40595394372940063,0.9622583389282227,5638656,1746165452.0668929
0.4283854365348816,0.00911458395421505,30.881511688232422,0.08928477764129639,1.0,3681,3680,1.9091696739196777,68.0509262084961,0.9197531342506409,1287.376465089,29200,-0.35293328762054443,0.87311851978302,5654016,1746165455.3761313
0.3470052182674408,0.00911458395421505,30.277345657348633,0.10528971999883652,1.0,3686,3685,1.9091696739196777,68.0509262084961,0.9197531342506409,1289.020181305,29240,-0.3633701801300049,0.7406414151191711,5661696,1746165457.019779
0.4329427182674408,0.00911458395421505,32.259117126464844,0.10103199630975723,1.0,3709,3708,1.9091696739196777,68.0509262084961,0.9197531342506409,1296.605957371,29424,-0.38035643100738525,0.9303174018859863,5697024,1746165464.605452
0.3912760615348816,0.010416666977107525,30.472658157348633,0.08064303547143936,1.0,3731,3730,1.9091696739196777,68.0509262084961,0.9197531342506409,1303.899374389,29600,-0.4494261145591736,0.82856285572052,5730816,1746165471.8990362
0.4420573115348816,0.00911458395421505,31.863283157348633,0.07590089738368988,1.0,3756,3755,1.9091696739196777,68.0509262084961,0.9197531342506409,1312.189960318,29800,-0.3793140649795532,0.9080729484558105,5769216,1746165480.1895888
0.5390625,0.010416666977107525,32.203125,0.0811561793088913,1.0,3767,3766,1.9091696739196777,68.0509262084961,0.9197531342506409,1315.868624373,29888,-0.3693767189979553,1.078125,5786112,1746165483.868173
0.4108073115348816,0.00911458395421505,31.649742126464844,0.07699143141508102,1.0,3775,3774,1.9091696739196777,68.0509262084961,0.9197531342506409,1318.558686202,29952,-0.3230927586555481,0.8781834840774536,5798400,1746165486.5582125
0.4062500298023224,0.00911458395421505,31.177085876464844,0.08078479766845703,1.0,3786,3785,1.9091696739196777,68.0509262084961,0.9197531342506409,1322.175410771,30040,-0.30190593004226685,0.8589783310890198,5815296,1746165490.175082
0.4635416865348816,0.00911458395421505,32.013023376464844,0.0631086528301239,1.0,3803,3802,1.9091696739196777,68.0509262084961,0.9197531342506409,1327.827091709,30176,-0.35721707344055176,0.9270833730697632,5841408,1746165495.826695
0.4205729365348816,0.009765625931322575,31.082033157348633,0.08345696330070496,1.0,3818,3817,1.9091696739196777,68.0509262084961,0.9197531342506409,1332.783482753,30296,-0.44632279872894287,0.8935384154319763,5864448,1746165500.7831228
0.4192708432674408,0.00911458395421505,30.972658157348633,0.08386237919330597,1.0,3827,3826,1.9091696739196777,68.0509262084961,0.9197531342506409,1335.765643251,30368,-0.37654560804367065,0.8825529217720032,5878272,1746165503.765281
0.4830729365348816,0.010416666977107525,31.143230438232422,0.06624136865139008,1.0,3842,3841,1.9091696739196777,68.0509262084961,0.9197531342506409,1340.781860388,30488,-0.3991643190383911,0.9661458730697632,5901312,1746165508.7815785
0.3678385615348816,0.008463541977107525,31.214845657348633,0.09632941335439682,1.0,3859,3858,1.9091696739196777,68.0509262084961,0.9197531342506409,1346.391652558,30624,-0.37787187099456787,0.7896272540092468,5927424,1746165514.3913162
0.4361979365348816,0.009765625931322575,30.591148376464844,0.11162160336971283,1.0,3866,3865,1.9091696739196777,68.0509262084961,0.9197531342506409,1348.686919447,30680,-0.3485774099826813,0.8908984065055847,5938176,1746165516.686603
0.4160156548023224,0.00911458395421505,31.433595657348633,0.061875876039266586,1.0,3884,3883,1.9091696739196777,68.0509262084961,0.9197531342506409,1354.636191863,30824,-0.3381449580192566,0.8857821226119995,5965824,1746165522.6358435
0.4433594048023224,0.00911458395421505,31.057292938232422,0.12820804119110107,1.0,3910,3909,1.9685914516448975,64.43399047851562,0.9719101190567017,1363.345593454,31032,-0.2810516357421875,0.8867188096046448,6005760,1746165531.3452406
0.4401041865348816,0.00911458395421505,31.106773376464844,0.06669053435325623,1.0,3916,3915,1.9685914516448975,64.43399047851562,0.9719101190567017,1365.315774087,31080,-0.27625125646591187,0.9098958969116211,6014976,1746165533.3154562
0.4173177182674408,0.010416666977107525,31.290367126464844,0.05991493910551071,1.0,3939,3938,1.9685914516448975,64.43399047851562,0.9719101190567017,1372.951633045,31264,-0.36792129278182983,0.8870068788528442,6050304,1746165540.9513311
0.4518229365348816,0.01106770895421505,31.399742126464844,0.09768100082874298,1.0,3987,3986,1.9685914516448975,64.43399047851562,0.9719101190567017,1388.827517414,31648,-0.2720947265625,0.9315365552902222,6124032,1746165556.82721
0.3385416865348816,0.008463541977107525,30.46614646911621,0.09077871590852737,1.0,4001,4000,1.9685914516448975,64.43399047851562,0.9719101190567017,1393.459178591,31760,-0.30510398745536804,0.7319319844245911,6145536,1746165561.458843
0.2936198115348816,0.0078125,30.490886688232422,0.07710033655166626,1.0,4025,4024,1.9685914516448975,64.43399047851562,0.9719101190567017,1401.354551938,31952,-0.261863112449646,0.6809408068656921,6182400,1746165569.3542206
0.4921875298023224,0.01106770895421505,32.01823043823242,0.09301808476448059,1.0,4031,4030,1.9685914516448975,64.43399047851562,0.9719101190567017,1403.334738103,32000,-0.26447200775146484,0.9874485731124878,6191616,1746165571.3343623
0.3580729365348816,0.008463541977107525,30.664064407348633,0.06816816329956055,1.0,4033,4032,1.9685914516448975,64.43399047851562,0.9719101190567017,1404.014058851,32016,-0.3258607089519501,0.7608643174171448,6194688,1746165572.0137324
0.4303385615348816,0.009765625931322575,31.479167938232422,0.08832189440727234,1.0,4051,4050,1.9685914516448975,64.43399047851562,0.9719101190567017,1409.930515112,32160,-0.35920843482017517,0.8848291039466858,6222336,1746165577.9301932
0.4055989682674408,0.008463541977107525,30.406251907348633,0.07152970135211945,1.0,4082,4081,1.9685914516448975,64.43399047851562,0.9719101190567017,1420.175568788,32408,-0.4003748595714569,0.8391577005386353,6269952,1746165588.1751943
0.3951823115348816,0.009765625931322575,30.37239646911621,0.0659978836774826,1.0,4092,4091,1.9685914516448975,64.43399047851562,0.9719101190567017,1423.473024632,32488,-0.31838101148605347,0.8231655359268188,6285312,1746165591.4726603
0.4277344048023224,0.009765625931322575,31.523439407348633,0.107224240899086,1.0,4094,4093,1.9685914516448975,64.43399047851562,0.9719101190567017,1424.151189347,32504,-0.33851563930511475,0.8841459155082703,6288384,1746165592.1508317
0.3645833432674408,0.009765625931322575,31.802085876464844,0.0649125874042511,1.0,4101,4100,1.9685914516448975,64.43399047851562,0.9719101190567017,1426.445099008,32560,-0.3674469292163849,0.8187858462333679,6299136,1746165594.4447672
0.4947916865348816,0.009765625931322575,31.805992126464844,0.09185288846492767,1.0,4105,4104,1.9685914516448975,64.43399047851562,0.9719101190567017,1427.76081952,32592,-0.3778499364852905,0.9895833730697632,6305280,1746165595.7604296
0.3684895932674408,0.00911458395421505,31.433595657348633,0.09696726500988007,1.0,4107,4106,1.9685914516448975,64.43399047851562,0.9719101190567017,1428.41994282,32608,-0.38435208797454834,0.8161154985427856,6308352,1746165596.4195278
0.4687500298023224,0.011718750931322575,31.201824188232422,0.06876692175865173,1.0,4124,4123,1.9685914516448975,64.43399047851562,0.9719101190567017,1434.046288432,32744,-0.35339266061782837,0.95563805103302,6334464,1746165602.0459008
0.3906250298023224,0.009765625931322575,30.328126907348633,0.08072417974472046,1.0,4139,4138,1.9685914516448975,64.43399047851562,0.9719101190567017,1439.009712311,32864,-0.2918887734413147,0.8245263695716858,6357504,1746165607.0093977
0.4694010615348816,0.01106770895421505,31.510417938232422,0.054534826427698135,1.0,4169,4168,1.9685914516448975,64.43399047851562,0.9719101190567017,1448.938227928,33104,-0.2535642683506012,0.9388021230697632,6403584,1746165616.937764
0.4485677182674408,0.010416666977107525,31.902345657348633,0.06078999117016792,1.0,4172,4171,1.9685914516448975,64.43399047851562,0.9719101190567017,1449.924195101,33128,-0.2627570629119873,0.9240018129348755,6408192,1746165617.9238605
0.4231770932674408,0.00911458395421505,31.036460876464844,0.0669759064912796,1.0,4174,4173,1.9685914516448975,64.43399047851562,0.9719101190567017,1450.588770575,33144,-0.26721036434173584,0.8789917230606079,6411264,1746165618.5884783
0.4121094048023224,0.009765625931322575,31.061199188232422,0.08330347388982773,1.0,4181,4180,1.9685914516448975,64.43399047851562,0.9719101190567017,1452.884543279,33200,-0.14686861634254456,0.874677836894989,6422016,1746165620.8841877
0.3756510615348816,0.008463541977107525,30.139324188232422,0.0993034690618515,1.0,4184,4183,1.9685914516448975,64.43399047851562,0.9719101190567017,1453.873028814,33224,-0.16062170267105103,0.7867578268051147,6426624,1746165621.8725448
0.4407552182674408,0.009765625931322575,31.098960876464844,0.09827226400375366,1.0,4193,4192,1.9685914516448975,64.43399047851562,0.9719101190567017,1456.86141587,33296,-0.19375252723693848,0.9010075926780701,6440448,1746165624.8611064
0.4101562798023224,0.010416666977107525,30.688804626464844,0.08304570615291595,1.0,4227,4226,1.9744540452957153,61.85393524169922,0.9775281548500061,1468.163023361,33568,-0.23429086804389954,0.8706477284431458,6492672,1746165636.1626368
0.4726562798023224,0.012369791977107525,31.190105438232422,0.0975482314825058,1.0,4231,4230,1.9744540452957153,61.85393524169922,0.9775281548500061,1469.477623412,33600,-0.2517491281032562,0.9630177021026611,6498816,1746165637.477274
0.3971354365348816,0.00911458395421505,31.058595657348633,0.06767858564853668,1.0,4236,4235,1.9744540452957153,61.85393524169922,0.9775281548500061,1471.122305499,33640,-0.17129844427108765,0.8627808094024658,6506496,1746165639.121969
0.4368489682674408,0.01106770895421505,31.498699188232422,0.08141914755105972,1.0,4243,4242,1.9744540452957153,61.85393524169922,0.9775281548500061,1473.453472865,33696,-0.17908938229084015,0.9286426901817322,6517248,1746165641.4531362
0.4088541865348816,0.009765625931322575,31.054689407348633,0.0797911286354065,1.0,4248,4247,1.9744540452957153,61.85393524169922,0.9775281548500061,1475.095303515,33736,-0.16376160085201263,0.8479818105697632,6524928,1746165643.0949821
0.4199219048023224,0.009765625931322575,31.020835876464844,0.09314665198326111,1.0,4260,4259,1.9744540452957153,61.85393524169922,0.9775281548500061,1479.061216024,33832,-0.1521478146314621,0.8851758241653442,6543360,1746165647.0608454
0.4654948115348816,0.01106770895421505,31.175783157348633,0.06911879032850266,1.0,4295,4294,1.9744540452957153,61.85393524169922,0.9775281548500061,1490.609375887,34112,-0.2486007958650589,0.9309896230697632,6597120,1746165658.6089005
0.4960937798023224,0.011718750931322575,31.450523376464844,0.07272655516862869,1.0,4324,4323,1.9744540452957153,61.85393524169922,0.9775281548500061,1500.240583425,34344,-0.24068543314933777,1.0116209983825684,6641664,1746165668.2401197
0.529296875,0.011718750931322575,31.962242126464844,0.0824810191988945,1.0,4336,4335,1.9744540452957153,61.85393524169922,0.9775281548500061,1504.249405808,34440,-0.24683500826358795,1.05859375,6660096,1746165672.249083
0.4440104365348816,0.010416666977107525,30.515626907348633,0.082420215010643,1.0,4341,4340,1.9744540452957153,61.85393524169922,0.9775281548500061,1505.924125711,34480,-0.3130439817905426,0.9256706237792969,6667776,1746165673.9238198
0.5013021230697632,0.01106770895421505,31.805992126464844,0.08245803415775299,1.0,4342,4341,1.9744540452957153,61.85393524169922,0.9775281548500061,1506.252429222,34488,-0.3264066278934479,1.0026042461395264,6669312,1746165674.2521408
0.4915364980697632,0.010416666977107525,31.651042938232422,0.06902086734771729,1.0,4343,4342,1.9744540452957153,61.85393524169922,0.9775281548500061,1506.580620101,34496,-0.32907378673553467,0.9830729961395264,6670848,1746165674.58031
0.5364583730697632,0.012369791977107525,32.11979293823242,0.053046874701976776,1.0,4375,4374,1.9744540452957153,61.85393524169922,0.9775281548500061,1517.185756088,34752,-0.31186556816101074,1.0729167461395264,6720000,1746165685.1854446
0.5397135615348816,0.012369791977107525,32.03125,0.049309439957141876,1.0,4376,4375,1.9744540452957153,61.85393524169922,0.9775281548500061,1517.519609295,34760,-0.3140093684196472,1.0794271230697632,6721536,1746165685.5190384
0.4973958730697632,0.012369791977107525,31.010417938232422,0.04672764986753464,1.0,4379,4378,1.9744540452957153,61.85393524169922,0.9775281548500061,1518.507170227,34784,-0.2809513509273529,1.0203125476837158,6726144,1746165686.506734
0.4602864682674408,0.01302083395421505,31.843751907348633,0.05235929787158966,1.0,4387,4386,1.9744540452957153,61.85393524169922,0.9775281548500061,1521.139640031,34848,-0.29898974299430847,0.9715820550918579,6738432,1746165689.1393456
0.4088541865348816,0.00911458395421505,31.139324188232422,0.0682988315820694,1.0,4402,4401,1.9744540452957153,61.85393524169922,0.9775281548500061,1526.124060794,34968,-0.2639191150665283,0.8453418016433716,6761472,1746165694.123689
0.52734375,0.01302083395421505,32.13671875,0.062071964144706726,1.0,4417,4416,1.9744540452957153,61.85393524169922,0.9775281548500061,1531.082884687,35088,-0.3024149537086487,1.0546875,6784512,1746165699.0825107
0.5540364980697632,0.01302083395421505,31.988283157348633,0.05762813240289688,1.0,4452,4451,1.9744540452957153,61.85393524169922,0.9775281548500061,1542.637914032,35368,-0.23467276990413666,1.1080729961395264,6838272,1746165710.6375866
0.5026041865348816,0.01302083395421505,31.805992126464844,0.04656801000237465,1.0,4463,4462,1.9744540452957153,61.85393524169922,0.9775281548500061,1546.264044346,35456,-0.20829907059669495,1.0052083730697632,6855168,1746165714.2637227
0.525390625,0.015625,32.020835876464844,0.07485663890838623,1.0,4481,4480,1.9744540452957153,61.85393524169922,0.9775281548500061,1552.216487449,35600,-0.31762367486953735,1.0778605937957764,6882816,1746165720.2161644
0.5104166865348816,0.012369791977107525,31.679689407348633,0.053753018379211426,1.0,4487,4486,1.9744540452957153,61.85393524169922,0.9775281548500061,1554.189050122,35648,-0.2629126012325287,1.027274489402771,6892032,1746165722.188759
0.515625,0.014322916977107525,31.751304626464844,0.07640373706817627,1.0,4493,4492,1.9744540452957153,61.85393524169922,0.9775281548500061,1556.19248224,35696,-0.2699870467185974,1.03125,6901248,1746165724.1921299
0.5208333730697632,0.01302083395421505,31.575523376464844,0.08674006164073944,1.0,4495,4494,1.9744540452957153,61.85393524169922,0.9775281548500061,1556.849285842,35712,-0.3072710335254669,1.04219651222229,6904320,1746165724.8489475
0.5305989980697632,0.013671875931322575,32.255210876464844,0.079201839864254,1.0,4497,4496,1.9744540452957153,61.85393524169922,0.9775281548500061,1557.507603234,35728,-0.3213711977005005,1.0611979961395264,6907392,1746165725.507221
0.5475260615348816,0.01302083395421505,32.03125,0.04980099946260452,1.0,4508,4507,1.9744540452957153,61.85393524169922,0.9775281548500061,1561.124701726,35816,-0.288368284702301,1.0950521230697632,6924288,1746165729.1243432
0.5104166865348816,0.01302083395421505,32.208335876464844,0.04826704040169716,1.0,4517,4516,1.9744540452957153,61.85393524169922,0.9775281548500061,1564.137323688,35888,-0.37006473541259766,1.058247685432434,6938112,1746165732.1369164
0.4837239980697632,0.011718750931322575,31.424480438232422,0.04741420969367027,1.0,4532,4531,1.9744540452957153,61.85393524169922,0.9775281548500061,1569.071482721,36008,-0.3752339780330658,0.9674479961395264,6961152,1746165737.0683317
0.4635416865348816,0.009765625931322575,31.834636688232422,0.05659867450594902,1.0,4540,4539,1.9744540452957153,61.85393524169922,0.9775281548500061,1571.741977669,36072,-0.3043901324272156,0.9493783116340637,6973440,1746165739.7415948
0.544921875,0.014322916977107525,32.29557418823242,0.03845273703336716,1.0,4546,4545,1.9744540452957153,61.85393524169922,0.9775281548500061,1573.711103237,36120,-0.2839004397392273,1.08984375,6982656,1746165741.7107828
0.5579427480697632,0.013671875931322575,32.24088668823242,0.05285206437110901,1.0,4567,4566,1.979353666305542,58.90397644042969,0.9812362194061279,1580.719916461,36288,-0.16973426938056946,1.1158854961395264,7014912,1746165748.7196255
0.5227864980697632,0.01302083395421505,30.947917938232422,0.04924832284450531,1.0,4575,4574,1.979353666305542,58.90397644042969,0.9812362194061279,1583.368647488,36352,-0.15027713775634766,1.0455729961395264,7027200,1746165751.3682742
0.53515625,0.013671875931322575,31.808595657348633,0.04670803248882294,1.0,4578,4577,1.979353666305542,58.90397644042969,0.9812362194061279,1584.353114162,36376,-0.1796262413263321,1.0703125,7031808,1746165752.3527622
0.5384114980697632,0.014322916977107525,31.807292938232422,0.1053122729063034,1.0,4587,4586,1.979353666305542,58.90397644042969,0.9812362194061279,1587.311280481,36448,-0.16286951303482056,1.0768229961395264,7045632,1746165755.3109722
0.55078125,0.014322916977107525,32.0390625,0.07633554935455322,1.0,4590,4589,1.979353666305542,58.90397644042969,0.9812362194061279,1588.298545141,36472,-0.12185367941856384,1.103730320930481,7050240,1746165756.2980835
0.541015625,0.014322916977107525,31.911460876464844,0.037892453372478485,1.0,4599,4598,1.979353666305542,58.90397644042969,0.9812362194061279,1591.267415311,36544,-0.10793411731719971,1.08203125,7064064,1746165759.2670648
0.53125,0.013671875931322575,31.923179626464844,0.0550752729177475,1.0,4601,4600,1.979353666305542,58.90397644042969,0.9812362194061279,1591.924330282,36560,-0.12837447226047516,1.0625,7067136,1746165759.9240198
0.4902344048023224,0.01106770895421505,31.609376907348633,0.06277257204055786,1.0,4622,4621,1.979353666305542,58.90397644042969,0.9812362194061279,1598.86507666,36728,-0.15079107880592346,0.9804688096046448,7099392,1746165766.8647747
0.4830729365348816,0.012369791977107525,30.542970657348633,0.062461432069540024,1.0,4629,4628,1.979353666305542,58.90397644042969,0.9812362194061279,1601.18991659,36784,-0.21078062057495117,0.9841928482055664,7110144,1746165769.1895823
0.5494791865348816,0.01302083395421505,32.052085876464844,0.06768367439508438,1.0,4651,4650,1.979353666305542,58.90397644042969,0.9812362194061279,1608.441621535,36960,-0.1354558765888214,1.0989583730697632,7143936,1746165776.4412622
0.5084635615348816,0.011718750931322575,32.0625,0.06487833708524704,1.0,4654,4653,1.979353666305542,58.90397644042969,0.9812362194061279,1609.427878726,36984,-0.10606606304645538,1.0251191854476929,7148544,1746165777.427554
0.525390625,0.011718750931322575,31.502605438232422,0.04771697521209717,1.0,4677,4676,1.979353666305542,58.90397644042969,0.9812362194061279,1617.02917448,37168,-0.20443511009216309,1.05078125,7183872,1746165785.0287635
0.515625,0.01497395895421505,31.835939407348633,0.03996497392654419,1.0,4705,4704,1.979353666305542,58.90397644042969,0.9812362194061279,1626.299526113,37392,-0.2637365460395813,1.057174563407898,7226880,1746165794.29913
0.5559896230697632,0.013671875931322575,32.087242126464844,0.07313868403434753,1.0,4760,4759,1.979353666305542,58.90397644042969,0.9812362194061279,1644.480465324,37832,-0.2517257332801819,1.1119792461395264,7311360,1746165812.4800904
0.56640625,0.01497395895421505,32.046875,0.037030503153800964,1.0,4767,4766,1.979353666305542,58.90397644042969,0.9812362194061279,1646.825594569,37888,-0.23454312980175018,1.1328125,7322112,1746165814.8251412
0.5631510615348816,0.014322916977107525,31.950523376464844,0.04083358496427536,1.0,4769,4768,1.979353666305542,58.90397644042969,0.9812362194061279,1647.482544536,37904,-0.24954575300216675,1.1263021230697632,7325184,1746165815.4821815
0.5052083730697632,0.013671875931322575,32.015625,0.03450755774974823,1.0,4771,4770,1.979353666305542,58.90397644042969,0.9812362194061279,1648.139500274,37920,-0.2291376292705536,1.0383658409118652,7328256,1746165816.1391494
0.5266927480697632,0.011718750931322575,31.923179626464844,0.039539605379104614,1.0,4778,4777,1.979353666305542,58.90397644042969,0.9812362194061279,1650.474575516,37976,-0.21514509618282318,1.0533854961395264,7339008,1746165818.474242
0.5631510615348816,0.01497395895421505,32.059898376464844,0.05098320543766022,1.0,4794,4793,1.979353666305542,58.90397644042969,0.9812362194061279,1655.770059171,38104,-0.19824889302253723,1.1263021230697632,7363584,1746165823.769776
0.4895833730697632,0.012369791977107525,31.460939407348633,0.0603877454996109,1.0,4823,4822,1.979353666305542,58.90397644042969,0.9812362194061279,1665.33856426,38336,-0.33193475008010864,1.0048763751983643,7408128,1746165833.3382306
0.5299479365348816,0.012369791977107525,31.126304626464844,0.053554803133010864,1.0,4830,4829,1.979353666305542,58.90397644042969,0.9812362194061279,1667.638028666,38392,-0.38606399297714233,1.0749576091766357,7418880,1746165835.637626
0.5091146230697632,0.01497395895421505,31.839845657348633,0.0373050794005394,1.0,4840,4839,1.979353666305542,58.90397644042969,0.9812362194061279,1670.963129516,38472,-0.34315547347068787,1.048119306564331,7434240,1746165838.9627004
0.4947916865348816,0.012369791977107525,31.778648376464844,0.04384004324674606,1.0,4849,4848,1.979353666305542,58.90397644042969,0.9812362194061279,1673.950605205,38544,-0.3429718613624573,1.0141243934631348,7448064,1746165841.9502904
0.5227864980697632,0.014322916977107525,31.609376907348633,0.054188743233680725,1.0,4856,4855,1.979353666305542,58.90397644042969,0.9812362194061279,1676.252129063,38600,-0.3252725601196289,1.0692253112792969,7458816,1746165844.2518232
0.5423177480697632,0.013671875931322575,31.697917938232422,0.05392046272754669,1.0,4860,4859,1.979353666305542,58.90397644042969,0.9812362194061279,1677.576183939,38632,-0.37645667791366577,1.0846354961395264,7464960,1746165845.575816
0.4980469048023224,0.013671875931322575,31.205730438232422,0.03822261840105057,1.0,4865,4864,1.979353666305542,58.90397644042969,0.9812362194061279,1679.240653778,38672,-0.3421519994735718,0.9960938096046448,7472640,1746165847.240362
0.556640625,0.01497395895421505,31.803386688232422,0.030270623043179512,1.0,4869,4868,1.979353666305542,58.90397644042969,0.9812362194061279,1680.559684934,38704,-0.3472442030906677,1.11328125,7478784,1746165848.5593848
0.5748698115348816,0.015625,31.817710876464844,0.029439175501465797,1.0,4873,4872,1.979353666305542,58.90397644042969,0.9812362194061279,1681.87166366,38736,-0.33707183599472046,1.1497396230697632,7484928,1746165849.8712995
0.560546875,0.015625,31.832033157348633,0.03665041923522949,1.0,4874,4873,1.979353666305542,58.90397644042969,0.9812362194061279,1682.198511459,38744,-0.3374132513999939,1.12109375,7486464,1746165850.1981802
0.5618489980697632,0.01497395895421505,31.847658157348633,0.05181923508644104,1.0,4878,4877,1.9955384731292725,55.8139533996582,0.9959555268287659,1683.6114701,38776,-0.35017335414886475,1.1236979961395264,7492608,1746165851.6109328
0.5735677480697632,0.015625,31.996095657348633,0.03576890006661415,1.0,4890,4889,1.9955384731292725,55.8139533996582,0.9959555268287659,1687.618931857,38872,-0.32977837324142456,1.1471354961395264,7511040,1746165855.618539
0.5390625,0.014322916977107525,31.583335876464844,0.03153136000037193,1.0,4893,4892,1.9955384731292725,55.8139533996582,0.9959555268287659,1688.603668296,38896,-0.30723607540130615,1.078125,7515648,1746165856.6033132
0.5286458730697632,0.01497395895421505,31.746095657348633,0.030597418546676636,1.0,4910,4909,1.9955384731292725,55.8139533996582,0.9959555268287659,1694.173490886,39032,-0.3035553991794586,1.0572917461395264,7541760,1746165862.1731777
0.5390625,0.014322916977107525,31.734376907348633,0.03440786525607109,1.0,4932,4931,1.9955384731292725,55.8139533996582,0.9959555268287659,1701.376109818,39208,-0.34719741344451904,1.078125,7575552,1746165869.375795
0.5813802480697632,0.01497395895421505,32.015625,0.04539372771978378,1.0,4934,4933,1.9955384731292725,55.8139533996582,0.9959555268287659,1702.023558716,39224,-0.3985254168510437,1.1627604961395264,7578624,1746165870.0232546
0.5481771230697632,0.014322916977107525,31.764324188232422,0.024618789553642273,1.0,4959,4958,1.9955384731292725,55.8139533996582,0.9959555268287659,1710.205561071,39424,-0.28483322262763977,1.0963542461395264,7617024,1746165878.205236
0.5631510615348816,0.013671875931322575,31.747398376464844,0.03157486021518707,1.0,4994,4993,1.9955384731292725,55.8139533996582,0.9959555268287659,1721.690968941,39704,-0.315857470035553,1.129517674446106,7670784,1746165889.690681
0.5403646230697632,0.01302083395421505,31.516929626464844,0.01965518668293953,1.0,5013,5012,1.9955384731292725,55.8139533996582,0.9959555268287659,1727.903604537,39856,-0.2819397449493408,1.0807292461395264,7699968,1746165895.9032972
0.5703125,0.013671875931322575,31.506511688232422,0.01957153156399727,1.0,5026,5025,1.9955384731292725,55.8139533996582,0.9959555268287659,1732.180107119,39960,-0.2930697202682495,1.140625,7719936,1746165900.1797554
0.4882812798023224,0.01302083395421505,30.738283157348633,0.021039126440882683,1.0,5035,5034,1.9955384731292725,55.8139533996582,0.9959555268287659,1735.133774613,40032,-0.25708621740341187,0.9961622357368469,7733760,1746165903.1333327
0.5221354365348816,0.013671875931322575,31.822917938232422,0.025586172938346863,1.0,5039,5038,1.9955384731292725,55.8139533996582,0.9959555268287659,1736.435303889,40064,-0.3238171339035034,1.0807597637176514,7739904,1746165904.4349895
0.5286458730697632,0.014322916977107525,31.455730438232422,0.023322399705648422,1.0,5041,5040,1.9955384731292725,55.8139533996582,0.9959555268287659,1737.090690834,40080,-0.3385804295539856,1.0572917461395264,7742976,1746165905.0903456
0.5592448115348816,0.014322916977107525,31.921876907348633,0.019172636792063713,1.0,5045,5044,1.9955384731292725,55.8139533996582,0.9959555268287659,1738.395925508,40112,-0.3662967085838318,1.1184896230697632,7749120,1746165906.3955646
0.5748698115348816,0.015625,32.001304626464844,0.02297285757958889,1.0,5069,5068,1.9955384731292725,55.8139533996582,0.9959555268287659,1746.236430519,40304,-0.17893126606941223,1.1497396230697632,7785984,1746165914.2360222
0.5397135615348816,0.01497395895421505,31.180992126464844,0.025913812220096588,1.0,5099,5098,1.9955384731292725,55.8139533996582,0.9959555268287659,1756.071982804,40544,-0.27827975153923035,1.0794271230697632,7832064,1746165924.0717082
0.5546875,0.01497395895421505,31.881511688232422,0.02327222004532814,1.0,5106,5105,1.9955384731292725,55.8139533996582,0.9959555268287659,1758.383770912,40600,-0.33107995986938477,1.109375,7842816,1746165926.3834448
0.5813802480697632,0.014322916977107525,31.919273376464844,0.02385609596967697,1.0,5111,5110,1.9955384731292725,55.8139533996582,0.9959555268287659,1760.01276421,40640,-0.3228984475135803,1.1627604961395264,7850496,1746165928.0124638
0.5735677480697632,0.013671875931322575,31.739585876464844,0.0424039289355278,1.0,5130,5129,1.9955384731292725,55.8139533996582,0.9959555268287659,1766.230784898,40792,-0.21111518144607544,1.1501519680023193,7879680,1746165934.230479
0.5520833730697632,0.01497395895421505,31.506511688232422,0.02541227638721466,1.0,5140,5139,1.9955384731292725,55.8139533996582,0.9959555268287659,1769.537752182,40872,-0.18058104813098907,1.1041667461395264,7895040,1746165937.5372567
0.568359375,0.015625,31.735679626464844,0.018702229484915733,1.0,5150,5149,1.9955384731292725,55.8139533996582,0.9959555268287659,1772.826532962,40952,-0.23268182575702667,1.1463054418563843,7910400,1746165940.8261719
0.5201823115348816,0.014322916977107525,31.734376907348633,0.03451405465602875,1.0,5162,5161,1.9955384731292725,55.8139533996582,0.9959555268287659,1776.816418587,41048,-0.24051183462142944,1.0706706047058105,7928832,1746165944.8160195
0.5201823115348816,0.014322916977107525,31.605470657348633,0.034612759947776794,1.0,5170,5169,1.9955384731292725,55.8139533996582,0.9959555268287659,1779.468466452,41112,-0.12515343725681305,1.0403646230697632,7941120,1746165947.4681594
0.5234375,0.014322916977107525,31.858074188232422,0.03642777353525162,1.0,5203,5202,1.9718730449676514,57.27730178833008,0.975374698638916,1790.45897446,41376,-0.36592036485671997,1.0763345956802368,7991808,1746165958.4586174
0.5501302480697632,0.014322916977107525,31.954429626464844,0.03480561450123787,1.0,5216,5215,1.9718730449676514,57.27730178833008,0.975374698638916,1794.818921986,41480,-0.3277888298034668,1.1002604961395264,8011776,1746165962.818302
0.4863281548023224,0.01302083395421505,30.638023376464844,0.023519335314631462,1.0,5232,5231,1.9718730449676514,57.27730178833008,0.975374698638916,1800.150154672,41608,-0.28220731019973755,0.9894499778747559,8036352,1746165968.1493783
0.4785156548023224,0.012369791977107525,31.740886688232422,0.02360815927386284,1.0,5254,5253,1.9718730449676514,57.27730178833008,0.975374698638916,1807.409961602,41784,-0.2759435176849365,0.9882145524024963,8070144,1746165975.4096444
0.3378906548023224,0.00911458395421505,30.492189407348633,0.05415039882063866,1.0,5272,5271,1.9718730449676514,57.27730178833008,0.975374698638916,1813.340683075,41928,-0.3269854187965393,0.7420377731323242,8097792,1746165981.3403451
0.5397135615348816,0.012369791977107525,31.848960876464844,0.02444985881447792,1.0,5294,5293,1.9718730449676514,57.27730178833008,0.975374698638916,1820.643911179,42104,-0.32155168056488037,1.0794271230697632,8131584,1746165988.6435025
0.5279948115348816,0.01497395895421505,31.006511688232422,0.03404742479324341,1.0,5349,5348,1.9718730449676514,57.27730178833008,0.975374698638916,1838.912576442,42544,-0.31548458337783813,1.0735352039337158,8216064,1746166006.9118536
0.5618489980697632,0.014322916977107525,31.940105438232422,0.02715820074081421,1.0,5354,5353,1.9718730449676514,57.27730178833008,0.975374698638916,1840.564517035,42584,-0.30902278423309326,1.1280111074447632,8223744,1746166008.5639439
0.5514323115348816,0.01497395895421505,31.484376907348633,0.031419843435287476,1.0,5357,5356,1.9718730449676514,57.27730178833008,0.975374698638916,1841.550609755,42608,-0.3053582012653351,1.1028646230697632,8228352,1746166009.5501359
0.5657552480697632,0.01497395895421505,31.651042938232422,0.027133220806717873,1.0,5366,5365,1.9718730449676514,57.27730178833008,0.975374698638916,1844.559751932,42680,-0.25793755054473877,1.1315104961395264,8242176,1746166012.5592358
0.546875,0.01497395895421505,31.738283157348633,0.03135684132575989,1.0,5375,5374,1.9718730449676514,57.27730178833008,0.975374698638916,1847.544569457,42752,-0.3002627491950989,1.09375,8256000,1746166015.5438154
0.4850260615348816,0.01497395895421505,31.260417938232422,0.02166004106402397,1.0,5384,5383,1.9718730449676514,57.27730178833008,0.975374698638916,1850.542775748,42824,-0.2935672998428345,1.020860195159912,8269824,1746166018.542218
0.4928385615348816,0.014322916977107525,31.989585876464844,0.0325230248272419,1.0,5395,5394,1.9718730449676514,57.27730178833008,0.975374698638916,1854.179441856,42912,-0.21933294832706451,1.0122096538543701,8286720,1746166022.1789138
0.5572916865348816,0.013671875931322575,32.083335876464844,0.02249366044998169,1.0,5408,5407,1.9718730449676514,57.27730178833008,0.975374698638916,1858.455202139,43016,-0.2179025411605835,1.1145833730697632,8306688,1746166026.4544742
0.5598958730697632,0.015625,31.761720657348633,0.021723691374063492,1.0,5431,5430,1.9718730449676514,57.27730178833008,0.975374698638916,1866.069349613,43200,-0.23009060323238373,1.1197917461395264,8342016,1746166034.0687618
0.4947916865348816,0.01302083395421505,30.587242126464844,0.03494348004460335,1.0,5488,5487,1.9718730449676514,57.27730178833008,0.975374698638916,1884.880478285,43656,-0.2639690041542053,1.0065367221832275,8429568,1746166052.8798225
0.4915364980697632,0.01302083395421505,31.670574188232422,0.029002491384744644,1.0,5530,5529,1.9748817682266235,56.978607177734375,0.9764705896377563,1898.787511122,43992,-0.16316111385822296,1.0124317407608032,8494080,1746166066.7871592
0.5208333730697632,0.014322916977107525,31.571617126464844,0.029169388115406036,1.0,5531,5530,1.9748817682266235,56.978607177734375,0.9764705896377563,1899.115764074,44000,-0.15972693264484406,1.0416667461395264,8495616,1746166067.115432
0.4921875298023224,0.01302083395421505,30.953126907348633,0.035882532596588135,1.0,5541,5540,1.9748817682266235,56.978607177734375,0.9764705896377563,1902.42898262,44080,-0.17732131481170654,1.003619909286499,8510976,1746166070.42846
0.2988281548023224,0.01106770895421505,31.386720657348633,0.02653723955154419,1.0,5555,5554,1.9748817682266235,56.978607177734375,0.9764705896377563,1907.063119443,44192,-0.167676642537117,0.7574295401573181,8532480,1746166075.0627809
0.4980469048023224,0.01302083395421505,30.720054626464844,0.02341301739215851,1.0,5608,5607,1.9748817682266235,56.978607177734375,0.9764705896377563,1924.546400594,44616,-0.33365702629089355,1.017551302909851,8613888,1746166092.5460815
0.556640625,0.014322916977107525,32.11198043823242,0.03085155040025711,1.0,5653,5652,1.9748817682266235,56.978607177734375,0.9764705896377563,1939.458315753,44976,-0.28312546014785767,1.11328125,8683008,1746166107.4578161
0.5494791865348816,0.01497395895421505,31.653648376464844,0.02691473439335823,1.0,5654,5653,1.9748817682266235,56.978607177734375,0.9764705896377563,1939.785891687,44984,-0.2828304171562195,1.0989583730697632,8684544,1746166107.785539
0.55078125,0.013671875931322575,31.889324188232422,0.03520803898572922,1.0,5657,5656,1.9748817682266235,56.978607177734375,0.9764705896377563,1940.770899622,45008,-0.27027660608291626,1.1015625,8689152,1746166108.7705812
0.501953125,0.014322916977107525,31.752605438232422,0.029336830601096153,1.0,5676,5675,1.9748817682266235,56.978607177734375,0.9764705896377563,1947.047701365,45160,-0.29754316806793213,1.027805209159851,8718336,1746166115.0474024
0.4980469048023224,0.013671875931322575,31.683595657348633,0.03652796894311905,1.0,5679,5678,1.9748817682266235,56.978607177734375,0.9764705896377563,1948.032340119,45184,-0.2596723437309265,1.0353831052780151,8722944,1746166116.0319877
0.5800781846046448,0.014322916977107525,31.938804626464844,0.028483277186751366,1.0,5690,5689,1.9748817682266235,56.978607177734375,0.9764705896377563,1951.664513081,45272,-0.23012550175189972,1.1601563692092896,8739840,1746166119.6641402
0.5690104365348816,0.014322916977107525,31.723960876464844,0.03699810430407524,1.0,5748,5747,1.9748817682266235,56.978607177734375,0.9764705896377563,1970.82350603,45736,-0.31453049182891846,1.1380208730697632,8828928,1746166138.8231719
0.55078125,0.014322916977107525,31.890626907348633,0.03328721225261688,1.0,5755,5754,1.9748817682266235,56.978607177734375,0.9764705896377563,1973.121664347,45792,-0.326730877161026,1.1015625,8839680,1746166141.1213083
0.501953125,0.01302083395421505,31.524742126464844,0.041156020015478134,1.0,5762,5761,1.9748817682266235,56.978607177734375,0.9764705896377563,1975.424786222,45848,-0.22059796750545502,1.00390625,8850432,1746166143.4243212
0.4765625298023224,0.013671875931322575,31.102867126464844,0.0421178936958313,1.0,5780,5779,1.9748817682266235,56.978607177734375,0.9764705896377563,1981.408891175,45992,-0.2994774580001831,0.9725830554962158,8878080,1746166149.408579
0.4680989682674408,0.01302083395421505,31.451824188232422,0.055390313267707825,1.0,5786,5785,1.9748817682266235,56.978607177734375,0.9764705896377563,1983.38367641,46040,-0.26781681180000305,0.9769982099533081,8887296,1746166151.3832219
0.1380208432674408,0.0078125,28.588542938232422,0.09356054663658142,1.0,5811,5810,1.9748817682266235,56.978607177734375,0.9764705896377563,1991.672742486,46240,-0.24563327431678772,0.4656778872013092,8925696,1746166159.6722732
0.533203125,0.01497395895421505,31.825523376464844,0.03378600999712944,1.0,5829,5828,1.9748817682266235,56.978607177734375,0.9764705896377563,1997.622292213,46384,-0.23028191924095154,1.06640625,8953344,1746166165.62181
0.568359375,0.013671875931322575,31.847658157348633,0.031242214143276215,1.0,5834,5833,1.9748817682266235,56.978607177734375,0.9764705896377563,1999.260152704,46424,-0.2213069647550583,1.13671875,8961024,1746166167.2598076
0.5397135615348816,0.014322916977107525,31.833335876464844,0.03309206664562225,1.0,5844,5843,1.9748817682266235,56.978607177734375,0.9764705896377563,2002.545875961,46504,-0.24106018245220184,1.0794271230697632,8976384,1746166170.5454154
0.5631510615348816,0.01302083395421505,31.667970657348633,0.029858935624361038,1.0,5856,5855,1.9944231510162354,54.991981506347656,0.9949899911880493,2006.615928242,46600,-0.23428975045681,1.1263021230697632,8994816,1746166174.6156073
0.4680989682674408,0.013671875931322575,31.988283157348633,0.03778660297393799,1.0,5904,5903,1.9944231510162354,54.991981506347656,0.9949899911880493,2022.443045631,46984,-0.2671769857406616,0.9979881644248962,9068544,1746166190.4426637
0.5572916865348816,0.01497395895421505,31.622398376464844,0.042288169264793396,1.0,5922,5921,1.9944231510162354,54.991981506347656,0.9949899911880493,2028.387922946,47128,-0.22877928614616394,1.1145833730697632,9096192,1746166196.3875568
0.5514323115348816,0.01302083395421505,31.912761688232422,0.06360089778900146,1.0,5938,5937,1.9944231510162354,54.991981506347656,0.9949899911880493,2033.704460872,47256,-0.2629041075706482,1.1028646230697632,9120768,1746166201.7041225
0.4531250298023224,0.01302083395421505,30.786460876464844,0.07081659138202667,1.0,5949,5948,1.9944231510162354,54.991981506347656,0.9949899911880493,2037.356270406,47344,-0.2416222095489502,0.9269189834594727,9137664,1746166205.3558438
0.53515625,0.01497395895421505,31.536460876464844,0.040259599685668945,1.0,6001,6000,1.9944231510162354,54.991981506347656,0.9949899911880493,2054.560601964,47760,-0.2866412401199341,1.0703125,9217536,1746166222.560242
0.5625,0.01497395895421505,31.885417938232422,0.025175094604492188,1.0,6002,6001,1.9944231510162354,54.991981506347656,0.9949899911880493,2054.887108968,47768,-0.2732263207435608,1.1298974752426147,9219072,1746166222.8867645
0.5475260615348816,0.013671875931322575,31.700523376464844,0.025913506746292114,1.0,6004,6003,1.9944231510162354,54.991981506347656,0.9949899911880493,2055.543934644,47784,-0.25723421573638916,1.0950521230697632,9222144,1746166223.543608
0.5559896230697632,0.01497395895421505,32.16276168823242,0.028805335983633995,1.0,6011,6010,1.9944231510162354,54.991981506347656,0.9949899911880493,2057.847223869,47840,-0.23590651154518127,1.1193962097167969,9232896,1746166225.8468826
0.4954427480697632,0.011718750931322575,31.835939407348633,0.027886025607585907,1.0,6017,6016,1.9944231510162354,54.991981506347656,0.9949899911880493,2059.850645213,47888,-0.24191467463970184,1.0324137210845947,9242112,1746166227.8503067
0.5494791865348816,0.01302083395421505,31.712242126464844,0.03153102844953537,1.0,6027,6026,1.9944231510162354,54.991981506347656,0.9949899911880493,2063.131332129,47968,-0.21558356285095215,1.0989583730697632,9257472,1746166231.1310105
0.5651041865348816,0.014322916977107525,31.770835876464844,0.02618192508816719,1.0,6057,6056,1.9944231510162354,54.991981506347656,0.9949899911880493,2073.090254285,48208,-0.1893121302127838,1.1302083730697632,9303552,1746166241.089747
0.4863281548023224,0.013671875931322575,31.712242126464844,0.01948428340256214,1.0,6058,6057,1.9944231510162354,54.991981506347656,0.9949899911880493,2073.418736501,48216,-0.17561161518096924,1.0012956857681274,9305088,1746166241.4183514
0.5559896230697632,0.014322916977107525,31.921876907348633,0.021114544942975044,1.0,6060,6059,1.9944231510162354,54.991981506347656,0.9949899911880493,2074.07645162,48232,-0.1842280626296997,1.11830735206604,9308160,1746166242.0761008
0.5735677480697632,0.014322916977107525,31.954429626464844,0.03263287991285324,1.0,6078,6077,1.9944231510162354,54.991981506347656,0.9949899911880493,2080.017981082,48376,-0.15982598066329956,1.1471354961395264,9335808,1746166248.0174298
0.5286458730697632,0.01497395895421505,31.794273376464844,0.03612067550420761,1.0,6090,6089,1.9944231510162354,54.991981506347656,0.9949899911880493,2083.99712934,48472,-0.14276033639907837,1.0914950370788574,9354240,1746166251.996681
0.5546875,0.015625,31.787761688232422,0.026799125596880913,1.0,6092,6091,1.9944231510162354,54.991981506347656,0.9949899911880493,2084.681518958,48488,-0.166276216506958,1.1162525415420532,9357312,1746166252.681009
0.4641927182674408,0.012369791977107525,31.149742126464844,0.02918228507041931,1.0,6112,6111,1.9944231510162354,54.991981506347656,0.9949899911880493,2091.29754145,48648,-0.0932958796620369,0.9619996547698975,9388032,1746166259.2971659
0.529296875,0.012369791977107525,31.505210876464844,0.03750065714120865,1.0,6144,6143,1.9944231510162354,54.991981506347656,0.9949899911880493,2101.926290034,48904,-0.20040671527385712,1.05859375,9437184,1746166269.9257922
0.5813802480697632,0.01497395895421505,31.733074188232422,0.04445707052946091,1.0,6169,6168,1.9944231510162354,54.991981506347656,0.9949899911880493,2110.189940407,49104,-0.23578186333179474,1.1627604961395264,9475584,1746166278.1896102
0.5768229365348816,0.01497395895421505,31.716148376464844,0.03894422948360443,1.0,6177,6176,1.9899582862854004,55.29436111450195,0.9906054139137268,2112.895447047,49168,-0.22774618864059448,1.1536458730697632,9487872,1746166280.8950975
0.533203125,0.014322916977107525,31.975261688232422,0.027977460995316505,1.0,6226,6225,1.9899582862854004,55.29436111450195,0.9906054139137268,2129.111153095,49560,-0.24517786502838135,1.0971324443817139,9563136,1746166297.1106899
0.5260416865348816,0.015625,31.782554626464844,0.030874745920300484,1.0,6227,6226,1.9899582862854004,55.29436111450195,0.9906054139137268,2129.439741059,49568,-0.2628929615020752,1.0851740837097168,9564672,1746166297.439383
0.5618489980697632,0.015625,32.0,0.024119602516293526,1.0,6252,6251,1.9899582862854004,55.29436111450195,0.9906054139137268,2137.709252101,49768,-0.21705293655395508,1.1236979961395264,9603072,1746166305.708836
0.4889323115348816,0.01497395895421505,31.960939407348633,0.023799516260623932,1.0,6255,6254,1.9899582862854004,55.29436111450195,0.9906054139137268,2138.701875857,49792,-0.22188037633895874,1.04160737991333,9607680,1746166306.7014973
0.513671875,0.015625,31.554689407348633,0.02380700409412384,1.0,6258,6257,1.9899582862854004,55.29436111450195,0.9906054139137268,2139.709775227,49816,-0.20468150079250336,1.0526564121246338,9612288,1746166307.7094245
0.5384114980697632,0.013671875931322575,31.596355438232422,0.02666388638317585,1.0,6262,6261,1.9899582862854004,55.29436111450195,0.9906054139137268,2141.027503284,49848,-0.16686980426311493,1.0768229961395264,9618432,1746166309.0271559
0.5813802480697632,0.015625,31.598960876464844,0.05103733390569687,1.0,6274,6273,1.9899582862854004,55.29436111450195,0.9906054139137268,2145.003947983,49944,-0.053125739097595215,1.1627604961395264,9636864,1746166313.0033784
0.5240885615348816,0.01302083395421505,31.574220657348633,0.04111433029174805,1.0,6280,6279,1.9899582862854004,55.29436111450195,0.9906054139137268,2146.97461321,49992,-0.03160947561264038,1.0481771230697632,9646080,1746166314.974253
0.560546875,0.01497395895421505,31.888023376464844,0.038340725004673004,1.0,6283,6282,1.9899582862854004,55.29436111450195,0.9906054139137268,2147.95985883,50016,-0.11273786425590515,1.12109375,9650688,1746166315.959529
0.5618489980697632,0.013671875931322575,31.449220657348633,0.03155231475830078,1.0,6290,6289,1.9899582862854004,55.29436111450195,0.9906054139137268,2150.267834457,50072,-0.0998564213514328,1.1236979961395264,9661440,1746166318.267492
0.5716146230697632,0.014322916977107525,31.967449188232422,0.07014384865760803,1.0,6317,6316,1.9899582862854004,55.29436111450195,0.9906054139137268,2159.210422856,50288,-0.20556819438934326,1.1432292461395264,9702912,1746166327.210074
0.5878906846046448,0.015625,31.949220657348633,0.039156265556812286,1.0,6323,6322,1.9899582862854004,55.29436111450195,0.9906054139137268,2161.188218523,50336,-0.24254992604255676,1.1777148246765137,9712128,1746166329.187877
0.5455729365348816,0.015625,31.613283157348633,0.04904508963227272,1.0,6328,6327,1.9899582862854004,55.29436111450195,0.9906054139137268,2162.830356009,50376,-0.1865299940109253,1.0911458730697632,9719808,1746166330.8300397
0.5540364980697632,0.01497395895421505,31.869792938232422,0.050114307552576065,1.0,6329,6328,1.9899582862854004,55.29436111450195,0.9906054139137268,2163.158789103,50384,-0.2006240338087082,1.1080729961395264,9721344,1746166331.1584935
0.5533854365348816,0.014322916977107525,31.860679626464844,0.03032025694847107,1.0,6333,6332,1.9899582862854004,55.29436111450195,0.9906054139137268,2164.495328835,50416,-0.20326364040374756,1.1067708730697632,9727488,1746166332.4948823
0.544921875,0.014322916977107525,31.914064407348633,0.02632766216993332,1.0,6351,6350,1.9899582862854004,55.29436111450195,0.9906054139137268,2170.438063606,50560,-0.19533967971801758,1.08984375,9755136,1746166338.4377124
0.568359375,0.015625,31.787761688232422,0.02718099020421505,1.0,6352,6351,1.9899582862854004,55.29436111450195,0.9906054139137268,2170.76686436,50568,-0.21230167150497437,1.13671875,9756672,1746166338.7665277
0.5520833730697632,0.015625,31.734376907348633,0.030164845287799835,1.0,6373,6372,1.9899582862854004,55.29436111450195,0.9906054139137268,2177.709241768,50736,-0.12133361399173737,1.1041667461395264,9788928,1746166345.708837
0.55078125,0.01497395895421505,31.808595657348633,0.028128501027822495,1.0,6375,6374,1.9899582862854004,55.29436111450195,0.9906054139137268,2178.36527851,50752,-0.1051926538348198,1.1015625,9792000,1746166346.3648677
0.533203125,0.013671875931322575,31.605470657348633,0.03700271248817444,1.0,6389,6388,1.9899582862854004,55.29436111450195,0.9906054139137268,2182.976165798,50864,-0.1662367582321167,1.06640625,9813504,1746166350.9758039
0.5260416865348816,0.013671875931322575,31.851564407348633,0.050436295568943024,1.0,6397,6396,1.9899582862854004,55.29436111450195,0.9906054139137268,2185.629365214,50928,-0.08486650884151459,1.0520833730697632,9825792,1746166353.6289177
0.5722656846046448,0.013671875931322575,31.833335876464844,0.025719955563545227,1.0,6409,6408,1.9899582862854004,55.29436111450195,0.9906054139137268,2189.633876673,51024,-0.15622152388095856,1.1445313692092896,9844224,1746166357.6335855
0.5540364980697632,0.01497395895421505,31.902345657348633,0.035513654351234436,1.0,6417,6416,1.9899582862854004,55.29436111450195,0.9906054139137268,2192.268465761,51088,-0.1241927444934845,1.1080729961395264,9856512,1746166360.2681127
0.5579427480697632,0.01497395895421505,32.22265625,0.0312269926071167,1.0,6444,6443,1.9899582862854004,55.29436111450195,0.9906054139137268,2201.195335455,51304,-0.13115182518959045,1.1177421808242798,9897984,1746166369.1949625
0.5598958730697632,0.015625,31.643230438232422,0.02376433089375496,1.0,6452,6451,1.9899582862854004,55.29436111450195,0.9906054139137268,2203.840427849,51368,-0.1037152037024498,1.1197917461395264,9910272,1746166371.8399572
0.5813802480697632,0.014322916977107525,31.669273376464844,0.027313701808452606,1.0,6454,6453,1.9899582862854004,55.29436111450195,0.9906054139137268,2204.497178499,51384,-0.10196730494499207,1.1627604961395264,9913344,1746166372.4967206
0.5859375596046448,0.01497395895421505,31.960939407348633,0.09416602551937103,1.0,6473,6472,1.9899582862854004,55.29436111450195,0.9906054139137268,2210.763509194,51536,-0.12151714414358139,1.1718751192092896,9942528,1746166378.7631736
0.5104166865348816,0.015625,31.888023376464844,0.035649459809064865,1.0,6508,6507,1.9885715246200562,56.17860794067383,0.989615797996521,2222.37757354,51816,-0.2234288603067398,1.04450523853302,9996288,1746166390.3771994
