returned_won_episode,returned_episode,returned_episode_lengths,loss,test_returned_episode,update_steps,_step,test_returned_episode_returns,test_returned_episode_lengths,test_returned_won_episode,_runtime,grad_steps,qvals,returned_episode_returns,env_step,_timestamp
0.0,0.02408854104578495,26.38411521911621,0.0,1.0,7,6,0.06096353754401207,35.56966018676758,0.0,101.056095177,0,0.0,0.14579860866069794,10752,1746192096.948728
0.0,0.01953125,26.36067771911621,0.0,1.0,16,15,0.06096353754401207,35.56966018676758,0.0,101.554166831,0,0.0,0.12434635311365128,24576,1746192097.4468777
0.0,0.01888020895421505,26.28645896911621,0.0,1.0,24,23,0.06096353754401207,35.56966018676758,0.0,101.995357195,0,0.0,0.1338142305612564,36864,1746192097.888034
0.0,0.01888020895421505,28.587890625,0.0,1.0,27,26,0.06096353754401207,35.56966018676758,0.0,102.166253656,0,0.0,0.14029166102409363,41472,1746192098.0588324
0.0,0.01692708395421505,30.17122459411621,0.00774820800870657,1.0,69,68,0.06096353754401207,35.56966018676758,0.0,113.62156748,304,0.865572988986969,0.1630755066871643,105984,1746192109.5144773
0.0,0.01692708395421505,29.865234375,0.007823490537703037,1.0,70,69,0.06096353754401207,35.56966018676758,0.0,113.915904007,312,0.8409624099731445,0.18837586045265198,107520,1746192109.808789
0.0,0.02018229104578495,27.66471290588379,0.02364039607346058,1.0,82,81,0.06096353754401207,35.56966018676758,0.0,117.459967378,408,0.9044778347015381,0.16032202541828156,125952,1746192113.3528616
0.0,0.02018229104578495,28.63020896911621,0.008808702230453491,1.0,90,89,0.06096353754401207,35.56966018676758,0.0,119.828355936,472,0.8810874819755554,0.18142445385456085,138240,1746192115.7209938
0.0,0.01822916604578495,28.7890625,0.01116248220205307,1.0,95,94,0.06096353754401207,35.56966018676758,0.0,121.304462542,512,0.8357995748519897,0.18855640292167664,145920,1746192117.1973922
0.0,0.01953125,27.919921875,0.011496217921376228,1.0,108,107,0.06096353754401207,35.56966018676758,0.0,125.147521173,616,0.8370184898376465,0.18742795288562775,165888,1746192121.0403368
0.0,0.01627604104578495,28.81315040588379,0.03197132796049118,1.0,122,121,0.06096353754401207,35.56966018676758,0.0,129.273114335,728,0.8440666794776917,0.16339148581027985,187392,1746192125.1657124
0.0,0.01953125,28.29166603088379,0.016216281801462173,1.0,127,126,0.06096353754401207,35.56966018676758,0.0,130.747620931,768,0.8369239568710327,0.176820307970047,195072,1746192126.6403563
0.0,0.017578125,29.0546875,0.01905447617173195,1.0,151,150,0.06096353754401207,35.56966018676758,0.0,137.839987742,960,0.8067435026168823,0.20296700298786163,231936,1746192133.7327995
0.0,0.017578125,28.62369728088379,0.03951790928840637,1.0,152,151,0.06096353754401207,35.56966018676758,0.0,138.135654592,968,0.8366985321044922,0.19575606286525726,233472,1746192134.0282724
0.0,0.01822916604578495,28.8125,0.022696172818541527,1.0,157,156,0.06096353754401207,35.56966018676758,0.0,139.615434083,1008,0.8149592876434326,0.19954773783683777,241152,1746192135.5080202
0.0,0.015625,30.07291603088379,0.029311133548617363,1.0,188,187,0.06096353754401207,35.56966018676758,0.0,148.764864758,1256,0.7265872359275818,0.180634543299675,288768,1746192144.6575997
0.0,0.017578125,29.22916603088379,0.03980805724859238,1.0,195,194,0.06096353754401207,35.56966018676758,0.0,150.836087055,1312,0.7236149311065674,0.18448175489902496,299520,1746192146.7288752
0.0,0.015625,28.44986915588379,0.03379172831773758,1.0,204,203,0.06096353754401207,35.56966018676758,0.0,153.494198249,1384,0.7182501554489136,0.1980581432580948,313344,1746192149.3869543
0.0,0.01627604104578495,28.32161521911621,0.055375419557094574,1.0,216,215,0.06096353754401207,35.56966018676758,0.0,157.037030592,1480,0.6834660768508911,0.1713133603334427,331776,1746192152.9298632
0.0,0.01692708395421505,29.96484375,0.058030083775520325,1.0,222,221,0.06096353754401207,35.56966018676758,0.0,158.807046474,1528,0.6122423410415649,0.1961510181427002,340992,1746192154.6997592
0.0,0.017578125,29.0078125,0.03889239579439163,1.0,224,223,0.06096353754401207,35.56966018676758,0.0,159.392445068,1544,0.6058435440063477,0.1803637146949768,344064,1746192155.2852235
0.0,0.01692708395421505,29.94075584411621,0.05302964150905609,1.0,242,241,0.06096353754401207,35.56966018676758,0.0,164.687849481,1688,0.63442063331604,0.2027638852596283,371712,1746192160.5808551
0.0,0.017578125,30.16861915588379,0.046603597700595856,1.0,249,248,0.06096353754401207,35.56966018676758,0.0,166.746979829,1744,0.6370181441307068,0.2081015557050705,382464,1746192162.6400423
0.0,0.015625,29.85546875,0.06315088272094727,1.0,251,250,0.06096353754401207,35.56966018676758,0.0,167.335244346,1760,0.5984042882919312,0.192412331700325,385536,1746192163.228335
0.0,0.01627604104578495,29.11002540588379,0.05562977492809296,1.0,266,265,0.06096353754401207,35.56966018676758,0.0,171.762627897,1880,0.5586118102073669,0.18350085616111755,408576,1746192167.655704
0.0,0.01627604104578495,29.74088478088379,0.06471200287342072,1.0,268,267,0.06096353754401207,35.56966018676758,0.0,172.35015568,1896,0.5529510974884033,0.18772220611572266,411648,1746192168.2432306
0.0,0.017578125,28.58528709411621,0.09441528469324112,1.0,326,325,0.02333529107272625,28.190500259399414,0.0,189.486429564,2360,0.4825088381767273,0.15397047996520996,500736,1746192185.3795388
0.0,0.02083333395421505,29.021484375,0.12229903787374496,1.0,332,331,0.02333529107272625,28.190500259399414,0.0,191.255588512,2408,0.49217697978019714,0.17120051383972168,509952,1746192187.1486626
0.0,0.01888020895421505,28.2890625,0.13758037984371185,1.0,352,351,0.02333529107272625,28.190500259399414,0.0,197.138708555,2568,0.4455634355545044,0.15030118823051453,540672,1746192193.0318005
0.0,0.01822916604578495,29.19205665588379,0.1182449609041214,1.0,365,364,0.02333529107272625,28.190500259399414,0.0,200.962424827,2672,0.4783482849597931,0.20219963788986206,560640,1746192196.8554978
0.0,0.01692708395421505,29.87239646911621,0.10021886229515076,1.0,370,369,0.02333529107272625,28.190500259399414,0.0,202.428713218,2712,0.511493444442749,0.15385587513446808,568320,1746192198.3217897
0.0,0.01692708395421505,29.42838478088379,0.10443595051765442,1.0,376,375,0.02333529107272625,28.190500259399414,0.0,204.193251993,2760,0.4760597348213196,0.15005207061767578,577536,1746192200.0863345
0.0,0.02213541604578495,26.54947853088379,0.11507762968540192,1.0,378,377,0.02333529107272625,28.190500259399414,0.0,204.781947336,2776,0.47835713624954224,0.14749912917613983,580608,1746192200.6750202
0.0,0.015625,31.01953125,0.26909753680229187,1.0,398,397,0.02333529107272625,28.190500259399414,0.0,210.667994998,2936,0.5497665405273438,0.13372394442558289,611328,1746192206.5610757
0.0,0.01822916604578495,28.65950584411621,0.23417234420776367,1.0,400,399,0.02333529107272625,28.190500259399414,0.0,211.257123302,2952,0.5898311734199524,0.14998523890972137,614400,1746192207.150205
0.0,0.017578125,29.93229103088379,0.20512045919895172,1.0,414,413,0.02333529107272625,28.190500259399414,0.0,215.473763412,3064,0.5270034074783325,0.16102170944213867,635904,1746192211.3668044
0.0,0.01627604104578495,29.86849021911621,0.29686540365219116,1.0,440,439,0.02333529107272625,28.190500259399414,0.0,223.117486501,3272,0.4750552773475647,0.16300781071186066,675840,1746192219.0102744
0.0,0.015625,30.53645896911621,0.1861281543970108,1.0,472,471,0.02333529107272625,28.190500259399414,0.0,232.538327682,3528,0.4018614888191223,0.18511022627353668,724992,1746192228.4313731
0.0,0.014973958022892475,30.61067771911621,0.18826597929000854,1.0,481,480,0.02333529107272625,28.190500259399414,0.0,235.181443236,3600,0.41375184059143066,0.12135589122772217,738816,1746192231.0745318
0.0,0.014973958022892475,31.671875,0.24424199759960175,1.0,527,526,0.02333529107272625,28.190500259399414,0.0,248.724484419,3968,0.34199392795562744,0.1428532898426056,809472,1746192244.6175508
0.0,0.014973958022892475,31.91666603088379,0.20831888914108276,1.0,531,530,0.02333529107272625,28.190500259399414,0.0,249.901180458,4000,0.33030450344085693,0.16732986271381378,815616,1746192245.7942536
0.0,0.012369791977107525,31.86067771911621,0.18699783086776733,1.0,537,536,0.02333529107272625,28.190500259399414,0.0,251.661185472,4048,0.3693974018096924,0.1422213464975357,824832,1746192247.5542543
0.0,0.011067708022892475,31.55338478088379,0.40329423546791077,1.0,544,543,0.02333529107272625,28.190500259399414,0.0,253.721503064,4104,0.34351104497909546,0.1547473818063736,835584,1746192249.6146138
0.0,0.013671875,31.79817771911621,0.38767850399017334,1.0,547,546,0.02333529107272625,28.190500259399414,0.0,254.60216649,4128,0.3510172367095947,0.13894444704055786,840192,1746192250.4952447
0.0,0.015625,29.36653709411621,0.3916913866996765,1.0,560,559,0.02333529107272625,28.190500259399414,0.0,258.426172653,4232,0.3533019423484802,0.12991666793823242,860160,1746192254.3192747
0.0,0.013671875,31.7265625,0.34705477952957153,1.0,635,634,0.02333529107272625,28.190500259399414,0.0,280.501432141,4832,0.17241060733795166,0.09839408844709396,975360,1746192276.3945436
0.0,0.013671875,31.04427146911621,0.27413392066955566,1.0,642,641,0.02333529107272625,28.190500259399414,0.0,282.573091129,4888,0.20433062314987183,0.08988281339406967,986112,1746192278.466146
0.0,0.012369791977107525,31.34244728088379,0.3211515545845032,1.0,718,717,0.19824504852294922,54.18730926513672,0.0,304.982972117,5496,0.31226104497909546,0.16886892914772034,1102848,1746192300.8760521
0.0,0.01627604104578495,30.78515625,0.2789279818534851,1.0,720,719,0.19824504852294922,54.18730926513672,0.0,305.569005531,5512,0.3192667067050934,0.17971961200237274,1105920,1746192301.4620864
0.0,0.015625,31.14453125,0.26196062564849854,1.0,739,738,0.19824504852294922,54.18730926513672,0.0,311.176919097,5664,0.2936971187591553,0.21304340660572052,1135104,1746192307.0699825
0.0,0.010416666977107525,31.56770896911621,0.23038426041603088,1.0,743,742,0.19824504852294922,54.18730926513672,0.0,312.350274562,5696,0.28904563188552856,0.15581943094730377,1141248,1746192308.2433734
0.0,0.009114583022892475,29.93619728088379,0.4463694393634796,1.0,763,762,0.19824504852294922,54.18730926513672,0.0,318.231575538,5856,0.34342604875564575,0.14084026217460632,1171968,1746192314.124688
0.0,0.015625,32.0,0.4843563735485077,1.0,766,765,0.19824504852294922,54.18730926513672,0.0,319.116736388,5880,0.33565419912338257,0.24377165734767914,1176576,1746192315.0098176
0.0,0.01171875,31.94791603088379,0.23241572082042694,1.0,779,778,0.19824504852294922,54.18730926513672,0.0,322.942902771,5984,0.331199586391449,0.1760755032300949,1196544,1746192318.835975
0.0,0.0078125,31.01041603088379,0.23217712342739105,1.0,797,796,0.19824504852294922,54.18730926513672,0.0,328.235258203,6128,0.27672046422958374,0.14415103197097778,1224192,1746192324.1283383
0.0,0.013671875,31.88671875,0.12373541295528412,1.0,803,802,0.19824504852294922,54.18730926513672,0.0,329.998954118,6176,0.2578924000263214,0.20678383111953735,1233408,1746192325.8920438
0.0,0.009765625,31.52213478088379,0.12880010902881622,1.0,815,814,0.19824504852294922,54.18730926513672,0.0,333.532723827,6272,0.22932922840118408,0.1878689080476761,1251840,1746192329.4258254
0.0,0.0078125,31.42708396911621,0.11207747459411621,1.0,831,830,0.19824504852294922,54.18730926513672,0.0,338.235989253,6400,0.16774404048919678,0.1765216886997223,1276416,1746192334.129078
0.0,0.011067708022892475,32.11198043823242,0.1691272109746933,1.0,856,855,0.19824504852294922,54.18730926513672,0.0,345.630631313,6600,0.14735856652259827,0.2605329751968384,1314816,1746192341.5237246
0.0,0.009765625,32.19401168823242,0.16726714372634888,1.0,865,864,0.19824504852294922,54.18730926513672,0.0,348.277104157,6672,0.06952783465385437,0.2032187283039093,1328640,1746192344.1701932
0.0,0.010416666977107525,31.10416603088379,0.09618835896253586,1.0,867,866,0.19824504852294922,54.18730926513672,0.0,348.862670355,6688,0.10245766490697861,0.1902751624584198,1331712,1746192344.755771
0.0,0.011067708022892475,31.30208396911621,0.11446505039930344,1.0,882,881,0.19824504852294922,54.18730926513672,0.0,353.273195142,6808,0.052927643060684204,0.22881333529949188,1354752,1746192349.166292
0.0,0.01171875,31.375,0.054237302392721176,1.0,897,896,0.19824504852294922,54.18730926513672,0.0,357.683959628,6928,0.08586340397596359,0.21681161224842072,1377792,1746192353.5770512
0.0,0.009765625,32.20963668823242,0.05330751836299896,1.0,900,899,0.19824504852294922,54.18730926513672,0.0,358.565417965,6952,0.08895266801118851,0.22751040756702423,1382400,1746192354.4584935
0.0,0.008463541977107525,31.31380271911621,0.08991289138793945,1.0,903,902,0.19824504852294922,54.18730926513672,0.0,359.448135203,6976,0.09380754828453064,0.22055988013744354,1387008,1746192355.341227
0.0,0.01171875,30.71875,0.08207835257053375,1.0,909,908,0.19824504852294922,54.18730926513672,0.0,361.224463374,7024,0.0947582945227623,0.20180554687976837,1396224,1746192357.1175535
0.0,0.009114583022892475,31.83463478088379,0.08480190485715866,1.0,910,909,0.19824504852294922,54.18730926513672,0.0,361.518539117,7032,0.09300465136766434,0.20742446184158325,1397760,1746192357.4116206
0.0,0.009765625,31.38802146911621,0.047149404883384705,1.0,921,920,0.19824504852294922,54.18730926513672,0.0,364.747055479,7120,0.08972547203302383,0.2059253305196762,1414656,1746192360.640147
0.0,0.011067708022892475,31.27734375,0.0433114618062973,1.0,923,922,0.19824504852294922,54.18730926513672,0.0,365.334802982,7136,0.08004207909107208,0.2040511965751648,1417728,1746192361.2278912
0.0,0.01171875,31.79036521911621,0.040013834834098816,1.0,925,924,0.19824504852294922,54.18730926513672,0.0,365.922601682,7152,0.076605424284935,0.22074389457702637,1420800,1746192361.8157027
0.0,0.013671875,32.08463668823242,0.03596080094575882,1.0,930,929,0.19824504852294922,54.18730926513672,0.0,367.392689233,7192,0.07598497718572617,0.22515016794204712,1428480,1746192363.2857852
0.0,0.011067708022892475,29.88150978088379,0.026062341406941414,1.0,980,979,0.41429439187049866,67.35302734375,0.0,382.148125852,7592,0.10438692569732666,0.193025141954422,1505280,1746192378.0412002
0.0,0.011067708022892475,29.64713478088379,0.044776551425457,1.0,985,984,0.41429439187049866,67.35302734375,0.0,383.616542882,7632,0.10954368114471436,0.18581943213939667,1512960,1746192379.5096445
0.0,0.009114583022892475,30.51692771911621,0.03902895003557205,1.0,990,989,0.41429439187049866,67.35302734375,0.0,385.081737523,7672,0.10449062287807465,0.1927916556596756,1520640,1746192380.974829
0.0,0.011067708022892475,32.2109375,0.06694025546312332,1.0,999,998,0.41429439187049866,67.35302734375,0.0,387.726515273,7744,0.14227832853794098,0.224203959107399,1534464,1746192383.6196253
0.0,0.013020833022892475,29.33333396911621,0.023341229185461998,1.0,1003,1002,0.41429439187049866,67.35302734375,0.0,388.914715213,7776,0.1167995035648346,0.21557462215423584,1540608,1746192384.8076577
0.0,0.013671875,31.19791603088379,0.018619194626808167,1.0,1027,1026,0.41429439187049866,67.35302734375,0.0,395.97254697,7968,0.14042875170707703,0.23915015161037445,1577472,1746192391.8656538
0.0,0.013020833022892475,31.20052146911621,0.0190327987074852,1.0,1031,1030,0.41429439187049866,67.35302734375,0.0,397.149211349,8000,0.1511079967021942,0.24574823677539825,1583616,1746192393.042301
0.0,0.01171875,30.56640625,0.025836482644081116,1.0,1032,1031,0.41429439187049866,67.35302734375,0.0,397.443084234,8008,0.15429610013961792,0.2092369645833969,1585152,1746192393.33619
0.0,0.012369791977107525,31.97265625,0.020839056000113487,1.0,1034,1033,0.41429439187049866,67.35302734375,0.0,398.031055798,8024,0.14276236295700073,0.2341310679912567,1588224,1746192393.924149
0.0,0.013020833022892475,32.0625,0.025410354137420654,1.0,1072,1071,0.41429439187049866,67.35302734375,0.0,409.202140577,8328,0.12822464108467102,0.27800866961479187,1646592,1746192405.0952344
0.0,0.011067708022892475,29.3203125,0.01642419397830963,1.0,1091,1090,0.41429439187049866,67.35302734375,0.0,414.778354467,8480,0.14049836993217468,0.22129856050014496,1675776,1746192410.6714413
0.0,0.009765625,30.77864646911621,0.015077858231961727,1.0,1108,1107,0.41429439187049866,67.35302734375,0.0,419.774301353,8616,0.154642254114151,0.25109630823135376,1701888,1746192415.6673872
0.0,0.013671875,31.875,0.013972492888569832,1.0,1124,1123,0.41429439187049866,67.35302734375,0.0,424.479201329,8744,0.17501550912857056,0.28428730368614197,1726464,1746192420.3722973
0.0,0.011067708022892475,31.97916603088379,0.013549931347370148,1.0,1135,1134,0.41429439187049866,67.35302734375,0.0,427.707692771,8832,0.16351601481437683,0.2916101813316345,1743360,1746192423.6007967
0.0,0.009114583022892475,31.359375,0.013346819207072258,1.0,1151,1150,0.41429439187049866,67.35302734375,0.0,432.41405586,8960,0.19349485635757446,0.2847282588481903,1767936,1746192428.3071275
0.0,0.009114583022892475,31.890625,0.013046654872596264,1.0,1183,1182,0.41429439187049866,67.35302734375,0.0,441.821304467,9216,0.1807948350906372,0.278799444437027,1817088,1746192437.714389
0.0,0.008463541977107525,28.50911521911621,0.013021845370531082,1.0,1192,1191,0.41429439187049866,67.35302734375,0.0,444.467060415,9288,0.18273018300533295,0.24556592106819153,1830912,1746192440.3601418
0.0,0.010416666977107525,31.93359375,0.01245751790702343,1.0,1195,1194,0.41429439187049866,67.35302734375,0.0,445.347156558,9312,0.18818292021751404,0.3099869191646576,1835520,1746192441.2402494
0.0,0.011067708022892475,31.95572853088379,0.012382898479700089,1.0,1207,1206,0.41429439187049866,67.35302734375,0.0,448.874724346,9408,0.20194792747497559,0.3198636770248413,1853952,1746192444.7678301
0.0,0.009765625,31.63802146911621,0.011975996196269989,1.0,1223,1222,0.41429439187049866,67.35302734375,0.0,453.57721834,9536,0.2196446657180786,0.2828836441040039,1878528,1746192449.470318
0.0,0.010416666977107525,31.29296875,0.012068438343703747,1.0,1236,1235,0.41429439187049866,67.35302734375,0.0,457.39440459,9640,0.2302718162536621,0.30183592438697815,1898496,1746192453.2875261
0.0,0.01171875,30.77474021911621,0.012958632782101631,1.0,1243,1242,0.41429439187049866,67.35302734375,0.0,459.446427414,9696,0.24454066157341003,0.29044875502586365,1909248,1746192455.3395245
0.0,0.009114583022892475,31.34635353088379,0.011505922302603722,1.0,1252,1251,0.41429439187049866,67.35302734375,0.0,462.091358896,9768,0.22874407470226288,0.2996084988117218,1923072,1746192457.9844472
0.0,0.009765625,31.80989646911621,0.016665302217006683,1.0,1273,1272,0.41429439187049866,67.35302734375,0.0,468.279474469,9936,0.2417965680360794,0.31339231133461,1955328,1746192464.172512
0.0,0.0078125,31.18489646911621,0.015465755946934223,1.0,1274,1273,0.41429439187049866,67.35302734375,0.0,468.573953344,9944,0.23424097895622253,0.2995164096355438,1956864,1746192464.4670165
0.0,0.0078125,29.0546875,0.011987820267677307,1.0,1279,1278,0.41429439187049866,67.35302734375,0.0,470.043650263,9984,0.2264367938041687,0.2682603895664215,1964544,1746192465.9367328
0.0,0.008463541977107525,31.30078125,0.01448177918791771,1.0,1292,1291,0.41429439187049866,67.35302734375,0.0,473.888433989,10088,0.2574108839035034,0.3061622679233551,1984512,1746192469.781568
0.0,0.01171875,31.25911521911621,0.012640943750739098,1.0,1300,1299,0.6875689625740051,74.62678527832031,0.0035714288242161274,476.302240549,10152,0.238074392080307,0.30748605728149414,1996800,1746192472.195352
0.0,0.01171875,30.24088478088379,0.013363020494580269,1.0,1306,1305,0.6875689625740051,74.62678527832031,0.0035714288242161274,478.069983211,10200,0.24892646074295044,0.2748523950576782,2006016,1746192473.963058
0.0,0.0078125,30.63541603088379,0.01154725905507803,1.0,1329,1328,0.6875689625740051,74.62678527832031,0.0035714288242161274,484.833664062,10384,0.18749520182609558,0.29062408208847046,2041344,1746192480.7267423
0.0,0.008463541977107525,30.3125,0.012995229102671146,1.0,1342,1341,0.6875689625740051,74.62678527832031,0.0035714288242161274,488.653256594,10488,0.1954595148563385,0.29772302508354187,2061312,1746192484.5463593
0.0,0.0078125,29.90625,0.012988822534680367,1.0,1344,1343,0.6875689625740051,74.62678527832031,0.0035714288242161274,489.239884726,10504,0.19580483436584473,0.286003440618515,2064384,1746192485.1329765
0.0,0.0078125,30.70182228088379,0.012385020963847637,1.0,1348,1347,0.6875689625740051,74.62678527832031,0.0035714288242161274,490.414312308,10536,0.19436141848564148,0.3032265305519104,2070528,1746192486.3074172
0.0,0.008463541977107525,30.55729103088379,0.03228088840842247,1.0,1374,1373,0.6875689625740051,74.62678527832031,0.0035714288242161274,498.056847687,10744,0.16440168023109436,0.30194786190986633,2110464,1746192493.9498796
0.0,0.0078125,31.39974021911621,0.017967047169804573,1.0,1398,1397,0.6875689625740051,74.62678527832031,0.0035714288242161274,505.119001033,10936,0.1783697009086609,0.30882981419563293,2147328,1746192501.0120883
0.0,0.009114583022892475,30.91666603088379,0.026612307876348495,1.0,1432,1431,0.6875689625740051,74.62678527832031,0.0035714288242161274,515.140592463,11208,0.1582765430212021,0.2785494327545166,2199552,1746192511.0336869
0.02213541604578495,0.0078125,27.91145896911621,0.017411988228559494,1.0,1442,1441,0.6875689625740051,74.62678527832031,0.0035714288242161274,518.078778116,11288,0.0163712240755558,0.27065446972846985,2214912,1746192513.9718652
0.0,0.0078125,31.359375,0.018566733226180077,1.0,1468,1467,0.6875689625740051,74.62678527832031,0.0035714288242161274,525.728478386,11496,0.028323853388428688,0.3081605136394501,2254848,1746192521.6216052
0.02734375,0.0078125,29.00390625,0.016189463436603546,1.0,1479,1478,0.6875689625740051,74.62678527832031,0.0035714288242161274,528.965541572,11584,0.02953316643834114,0.3139973282814026,2271744,1746192524.8586202
0.0,0.008463541977107525,31.1015625,0.018846631050109863,1.0,1486,1485,0.6875689625740051,74.62678527832031,0.0035714288242161274,531.018889185,11640,0.024286091327667236,0.322069376707077,2282496,1746192526.9119134
0.0,0.0078125,31.40104103088379,0.01939897984266281,1.0,1495,1494,0.6875689625740051,74.62678527832031,0.0035714288242161274,533.666638254,11712,0.043325670063495636,0.31468915939331055,2296320,1746192529.559718
0.0,0.0078125,30.015625,0.015092829242348671,1.0,1524,1523,0.6875689625740051,74.62678527832031,0.0035714288242161274,542.186537475,11944,0.042418934404850006,0.30720219016075134,2340864,1746192538.0796525
0.0,0.0078125,28.84765625,0.02942419983446598,1.0,1528,1527,0.6875689625740051,74.62678527832031,0.0035714288242161274,543.363173314,11976,0.03607388958334923,0.28482022881507874,2347008,1746192539.2562594
0.0,0.008463541977107525,28.88671875,0.03396890312433243,1.0,1540,1539,0.6875689625740051,74.62678527832031,0.0035714288242161274,546.893467365,12072,0.02936881221830845,0.2643801271915436,2365440,1746192542.7865717
0.01953125,0.0078125,28.67578125,0.026442229747772217,1.0,1541,1540,0.6875689625740051,74.62678527832031,0.0035714288242161274,547.186102432,12080,0.03563600778579712,0.308192640542984,2366976,1746192543.079193
0.0,0.0078125,29.53255271911621,0.031965695321559906,1.0,1543,1542,0.6875689625740051,74.62678527832031,0.0035714288242161274,547.771402372,12096,0.006336448714137077,0.29353034496307373,2370048,1746192543.664478
0.0,0.0078125,29.90755271911621,0.020829560235142708,1.0,1545,1544,0.6875689625740051,74.62678527832031,0.0035714288242161274,548.358023219,12112,0.005848571192473173,0.28328901529312134,2373120,1746192544.251112
0.0475260429084301,0.0078125,29.09765625,0.025155190378427505,1.0,1576,1575,0.6875689625740051,74.62678527832031,0.0035714288242161274,557.487414693,12360,-0.01474760938435793,0.3367716372013092,2420736,1746192553.380515
0.02213541604578495,0.0078125,29.0859375,0.024756301194429398,1.0,1582,1581,0.6875689625740051,74.62678527832031,0.0035714288242161274,559.252496842,12408,-0.004814131185412407,0.30641570687294006,2429952,1746192555.1456044
0.0,0.0078125,29.94791603088379,0.035321515053510666,1.0,1604,1603,0.6875689625740051,74.62678527832031,0.0035714288242161274,565.716764058,12584,-0.03818373382091522,0.29903551936149597,2463744,1746192561.6098654
0.0,0.008463541977107525,31.34895896911621,0.03023330494761467,0.9999999403953552,1627,1626,1.027870774269104,90.72340393066406,0.1779496967792511,572.541768476,12768,-0.14284658432006836,0.3107239007949829,2499072,1746192568.4348373
0.048828125,0.0078125,28.32942771911621,0.031191715970635414,0.9999999403953552,1630,1629,1.027870774269104,90.72340393066406,0.1779496967792511,573.423301811,12792,-0.14754843711853027,0.32469266653060913,2503680,1746192569.3163989
0.02278645895421505,0.0078125,27.37369728088379,0.03773333132266998,0.9999999403953552,1639,1638,1.027870774269104,90.72340393066406,0.1779496967792511,576.069127724,12864,-0.12415022403001785,0.2748141884803772,2517504,1746192571.962195
0.02669270895421505,0.0078125,29.12109375,0.024589894339442253,0.9999999403953552,1645,1644,1.027870774269104,90.72340393066406,0.1779496967792511,577.833474514,12912,-0.11952202022075653,0.3071058690547943,2526720,1746192573.7265794
0.048828125,0.0078125,28.84244728088379,0.035777851939201355,0.9999999403953552,1663,1662,1.027870774269104,90.72340393066406,0.1779496967792511,583.12759605,13056,-0.09798094630241394,0.339780330657959,2554368,1746192579.0206823
0.025390625,0.0078125,30.00520896911621,0.04117145389318466,0.9999999403953552,1668,1667,1.027870774269104,90.72340393066406,0.1779496967792511,584.59332239,13096,-0.09937138855457306,0.3216865658760071,2562048,1746192580.4863937
0.0,0.008463541977107525,29.61979103088379,0.043990589678287506,0.9999999403953552,1687,1686,1.027870774269104,90.72340393066406,0.1779496967792511,590.175956995,13248,-0.14885255694389343,0.2790103852748871,2591232,1746192586.0690506
0.0403645820915699,0.0078125,24.50650978088379,0.05469059571623802,0.9999999403953552,1694,1693,1.027870774269104,90.72340393066406,0.1779496967792511,592.235069697,13304,-0.15834227204322815,0.26626989245414734,2601984,1746192588.1281834
0.0,0.0078125,27.05078125,0.057618752121925354,0.9999999403953552,1700,1699,1.027870774269104,90.72340393066406,0.1779496967792511,594.001149707,13352,-0.15312722325325012,0.24444442987442017,2611200,1746192589.894231
0.02669270895421505,0.0078125,28.37109375,0.044165000319480896,0.9999999403953552,1702,1701,1.027870774269104,90.72340393066406,0.1779496967792511,594.589530584,13368,-0.14066821336746216,0.3096970021724701,2614272,1746192590.4826436
0.0,0.0078125,29.43880271911621,0.04363136738538742,0.9999999403953552,1714,1713,1.027870774269104,90.72340393066406,0.1779496967792511,598.112177686,13464,-0.15049627423286438,0.28383153676986694,2632704,1746192594.005255
0.02278645895421505,0.0078125,27.58072853088379,0.04415987804532051,0.9999999403953552,1717,1716,1.027870774269104,90.72340393066406,0.1779496967792511,599.006806957,13488,-0.13267108798027039,0.29092007875442505,2637312,1746192594.8998632
0.0885416641831398,0.0078125,24.0703125,0.05137588083744049,0.9999999403953552,1739,1738,1.027870774269104,90.72340393066406,0.1779496967792511,605.502180178,13664,-0.15058037638664246,0.32558849453926086,2671104,1746192601.3952594
0.0,0.0078125,25.91666603088379,0.04703151434659958,0.9999999403953552,1744,1743,1.027870774269104,90.72340393066406,0.1779496967792511,606.972781919,13704,-0.1798868179321289,0.24389317631721497,2678784,1746192602.8658574
0.0533854179084301,0.0078125,29.48828125,0.05466897040605545,0.9999999403953552,1745,1744,1.027870774269104,90.72340393066406,0.1779496967792511,607.265154815,13712,-0.17436860501766205,0.3442542850971222,2680320,1746192603.1582456
0.0,0.0078125,29.58203125,0.048599354922771454,0.9999999403953552,1751,1750,1.027870774269104,90.72340393066406,0.1779496967792511,609.026140843,13760,-0.15691430866718292,0.28196001052856445,2689536,1746192604.9191363
0.0631510391831398,0.0078125,24.46224021911621,0.05283275991678238,0.9999999403953552,1753,1752,1.027870774269104,90.72340393066406,0.1779496967792511,609.61476679,13776,-0.16454532742500305,0.29922303557395935,2692608,1746192605.5078528
0.0,0.0078125,28.31119728088379,0.0693938359618187,0.9999999403953552,1777,1776,1.027870774269104,90.72340393066406,0.1779496967792511,616.674158958,13968,-0.14159807562828064,0.2527708113193512,2729472,1746192612.567229
0.02278645895421505,0.0078125,29.54427146911621,0.09470443427562714,0.9999999403953552,1788,1787,1.027870774269104,90.72340393066406,0.1779496967792511,619.908714382,14056,-0.14009083807468414,0.30440273880958557,2746368,1746192615.8018088
0.0846354141831398,0.0078125,28.11067771911621,0.05992737412452698,0.9999999403953552,1803,1802,1.027870774269104,90.72340393066406,0.1779496967792511,624.327665761,14176,-0.15472078323364258,0.3685745894908905,2769408,1746192620.2207465
0.0696614608168602,0.0078125,26.5859375,0.08715946972370148,0.9999999403953552,1814,1813,1.027870774269104,90.72340393066406,0.1779496967792511,627.561260763,14264,-0.15799057483673096,0.32840967178344727,2786304,1746192623.4543579
0.0774739608168602,0.0078125,29.41275978088379,0.07413319498300552,0.9999999403953552,1822,1821,1.027870774269104,90.72340393066406,0.1779496967792511,629.909457168,14328,-0.14760653674602509,0.38419872522354126,2798592,1746192625.8025565
0.0,0.0078125,27.69791603088379,0.06229425221681595,0.9999999403953552,1827,1826,1.027870774269104,90.72340393066406,0.1779496967792511,631.383794364,14368,-0.12512969970703125,0.24189493060112,2806272,1746192627.2768602
0.0,0.0078125,28.98828125,0.07557527720928192,0.9999999403953552,1846,1845,1.027870774269104,90.72340393066406,0.1779496967792511,636.958681957,14520,-0.09461602568626404,0.2751292586326599,2835456,1746192632.8517575
0.12109375,0.0078125,25.87760353088379,0.07495776563882828,0.9999999403953552,1850,1849,1.027870774269104,90.72340393066406,0.1779496967792511,638.133814879,14552,-0.11240167915821075,0.37775516510009766,2841600,1746192634.0268967
0.0514322929084301,0.0078125,26.76692771911621,0.08499983698129654,0.9999999403953552,1858,1857,1.027870774269104,90.72340393066406,0.1779496967792511,640.485226654,14616,-0.10024143755435944,0.2926509976387024,2853888,1746192636.3783195
0.0696614608168602,0.0078125,24.69140625,0.07773134857416153,0.9999999403953552,1863,1862,1.027870774269104,90.72340393066406,0.1779496967792511,641.954278409,14656,-0.09821733087301254,0.3027803301811218,2861568,1746192637.847376
0.046875,0.0078125,26.875,0.09841552376747131,0.9999999403953552,1889,1888,1.027870774269104,90.72340393066406,0.1779496967792511,649.608209933,14864,-0.1704890877008438,0.3077569007873535,2901504,1746192645.5013137
0.0,0.0078125,25.68229103088379,0.1124594658613205,0.9999999403953552,1901,1900,1.027870774269104,90.72340393066406,0.1779496967792511,653.141623931,14960,-0.17401115596294403,0.21826383471488953,2919936,1746192649.034724
0.0911458358168602,0.0078125,24.56770896911621,0.0914539098739624,0.9999999403953552,1908,1907,1.027870774269104,90.72340393066406,0.1779496967792511,655.194935462,15016,-0.14978107810020447,0.328453928232193,2930688,1746192651.0880103
0.02799479104578495,0.008463541977107525,30.07942771911621,0.10670564323663712,0.9999999403953552,1936,1935,1.027870774269104,90.72340393066406,0.1779496967792511,663.4313496,15240,-0.2294939160346985,0.30246350169181824,2973696,1746192659.324446
0.04296875,0.0078125,29.10416603088379,0.10614638030529022,0.9999999403953552,1939,1938,1.027870774269104,90.72340393066406,0.1779496967792511,664.312357765,15264,-0.23697529733181,0.3207690715789795,2978304,1746192660.205424
0.0768229141831398,0.0078125,26.41666603088379,0.20572508871555328,0.9999999403953552,1946,1945,1.027870774269104,90.72340393066406,0.1779496967792511,666.37476443,15320,-0.2310977578163147,0.3298584520816803,2989056,1746192662.2678418
0.05078125,0.0078125,29.18099021911621,0.18144188821315765,1.0,1965,1964,1.2422245740890503,91.44054412841797,0.3469785451889038,672.027137662,15472,-0.24421098828315735,0.310709148645401,3018240,1746192667.9202278
0.083984375,0.0078125,26.02213478088379,0.17475874722003937,1.0,1971,1970,1.2422245740890503,91.44054412841797,0.3469785451889038,673.790619158,15520,-0.2730884850025177,0.32258763909339905,3027456,1746192669.683717
0.1315104216337204,0.0078125,29.35286521911621,0.2011074721813202,1.0,1984,1983,1.2422245740890503,91.44054412841797,0.3469785451889038,677.614956812,15624,-0.28817254304885864,0.4150468409061432,3047424,1746192673.5080554
0.0748697891831398,0.0078125,28.23177146911621,0.15476079285144806,1.0,2010,2009,1.2422245740890503,91.44054412841797,0.3469785451889038,685.265372253,15832,-0.3270840644836426,0.34361886978149414,3087360,1746192681.1584568
0.0735677108168602,0.0078125,25.48828125,0.13259586691856384,1.0,2020,2019,1.2422245740890503,91.44054412841797,0.3469785451889038,688.21735606,15912,-0.3105979561805725,0.32028552889823914,3102720,1746192684.1104298
0.0501302070915699,0.0078125,28.0625,0.17009665071964264,1.0,2032,2031,1.2422245740890503,91.44054412841797,0.3469785451889038,691.747269644,16008,-0.3215673565864563,0.3272143602371216,3121152,1746192687.6403556
0.0494791679084301,0.009114583022892475,28.06119728088379,0.16093218326568604,1.0,2039,2038,1.2422245740890503,91.44054412841797,0.3469785451889038,693.807811183,16064,-0.3265782594680786,0.32328468561172485,3131904,1746192689.700893
0.0989583358168602,0.0078125,27.6484375,0.13768473267555237,1.0,2043,2042,1.2422245740890503,91.44054412841797,0.3469785451889038,694.985020088,16096,-0.3405134677886963,0.3710824251174927,3138048,1746192690.8781345
0.0455729179084301,0.0078125,24.69400978088379,0.15937265753746033,1.0,2045,2044,1.2422245740890503,91.44054412841797,0.3469785451889038,695.573035076,16112,-0.3226829171180725,0.2486371248960495,3141120,1746192691.4661374
0.1276041716337204,0.0078125,26.67578125,0.1484610140323639,1.0,2050,2049,1.2422245740890503,91.44054412841797,0.3469785451889038,697.043908757,16152,-0.30902624130249023,0.3853558599948883,3148800,1746192692.9369812
0.01953125,0.0078125,27.69140625,0.17564883828163147,1.0,2076,2075,1.2422245740890503,91.44054412841797,0.3469785451889038,704.689137523,16360,-0.30483880639076233,0.2717421352863312,3188736,1746192700.5822449
0.138671875,0.0078125,24.63671875,0.19361808896064758,1.0,2079,2078,1.2422245740890503,91.44054412841797,0.3469785451889038,705.567376044,16384,-0.32889455556869507,0.3785008192062378,3193344,1746192701.4604726
0.0494791679084301,0.0078125,26.89974021911621,0.18024054169654846,1.0,2082,2081,1.2422245740890503,91.44054412841797,0.3469785451889038,706.449983797,16408,-0.32461708784103394,0.30207550525665283,3197952,1746192702.3430715
0.1380208283662796,0.0078125,25.67838478088379,0.18451452255249023,1.0,2084,2083,1.2422245740890503,91.44054412841797,0.3469785451889038,707.038160418,16424,-0.28997913002967834,0.3776179850101471,3201024,1746192702.9312544
0.02864583395421505,0.0078125,27.00650978088379,0.17159168422222137,1.0,2089,2088,1.2422245740890503,91.44054412841797,0.3469785451889038,708.5074289,16464,-0.2942224144935608,0.2889383137226105,3208704,1746192704.4005258
0.1263020783662796,0.0078125,24.99609375,0.18889501690864563,1.0,2118,2117,1.2422245740890503,91.44054412841797,0.3469785451889038,717.034863906,16696,-0.38067033886909485,0.37797561287879944,3253248,1746192712.9279664
0.1953125,0.0078125,25.77994728088379,0.21417604386806488,1.0,2130,2129,1.2422245740890503,91.44054412841797,0.3469785451889038,720.567632193,16792,-0.3852298855781555,0.46114838123321533,3271680,1746192716.4607325
0.1959635466337204,0.0078125,25.23177146911621,0.17929711937904358,1.0,2144,2143,1.2422245740890503,91.44054412841797,0.3469785451889038,724.678068396,16904,-0.4640224874019623,0.45655548572540283,3293184,1746192720.571163
0.1080729141831398,0.0078125,24.07421875,0.17893573641777039,1.0,2158,2157,1.2422245740890503,91.44054412841797,0.3469785451889038,728.785626343,17016,-0.40885990858078003,0.34365707635879517,3314688,1746192724.6787267
0.146484375,0.0078125,26.10677146911621,0.20816361904144287,1.0,2168,2167,1.2422245740890503,91.44054412841797,0.3469785451889038,731.763753249,17096,-0.3949034810066223,0.41379332542419434,3330048,1746192727.656853
0.1263020783662796,0.0078125,25.34505271911621,0.19040736556053162,1.0,2211,2210,1.2422245740890503,91.44054412841797,0.3469785451889038,744.420420783,17440,-0.4127267599105835,0.3738662898540497,3396096,1746192740.3135302
0.0,0.0078125,28.27083396911621,0.1981378197669983,1.0,2219,2218,1.2422245740890503,91.44054412841797,0.3469785451889038,746.772994005,17504,-0.3592029809951782,0.260566771030426,3408384,1746192742.6660812
0.0950520858168602,0.0078125,26.01822853088379,0.22521436214447021,1.0,2235,2234,1.2422245740890503,91.44054412841797,0.3469785451889038,751.479265465,17632,-0.45104357600212097,0.34948867559432983,3432960,1746192747.3723557
0.076171875,0.0078125,24.859375,0.19918781518936157,1.0,2242,2241,1.2422245740890503,91.44054412841797,0.3469785451889038,753.539817677,17688,-0.4875943064689636,0.320533812046051,3443712,1746192749.4328876
0.1549479216337204,0.0078125,26.23828125,0.19559350609779358,1.0,2246,2245,1.2422245740890503,91.44054412841797,0.3469785451889038,754.720800643,17720,-0.5071861147880554,0.42622652649879456,3449856,1746192750.6138258
0.1002604141831398,0.0078125,26.78515625,0.1901523470878601,1.0,2249,2248,1.2422245740890503,91.44054412841797,0.3469785451889038,755.601471105,17744,-0.4882611036300659,0.3648983836174011,3454464,1746192751.4946122
0.1477864533662796,0.0078125,26.13541603088379,0.20594263076782227,1.0,2254,2253,1.2422245740890503,91.44054412841797,0.3469785451889038,757.068794377,17784,-0.4809848368167877,0.4150528907775879,3462144,1746192752.96188
0.1868489533662796,0.0078125,26.73046875,0.20936813950538635,1.0,2257,2256,1.2422245740890503,91.44054412841797,0.3469785451889038,757.951211133,17808,-0.48041999340057373,0.4657760262489319,3466752,1746192753.8442905
0.0813802108168602,0.0078125,25.26041603088379,0.17447899281978607,1.0,2262,2261,1.2422245740890503,91.44054412841797,0.3469785451889038,759.42328931,17848,-0.47658222913742065,0.31819096207618713,3474432,1746192755.3163767
0.1256510466337204,0.0078125,25.72395896911621,0.17926180362701416,1.0,2268,2267,1.2422245740890503,91.44054412841797,0.3469785451889038,761.185970557,17896,-0.46170490980148315,0.3694860637187958,3483648,1746192757.0790536
0.1373697966337204,0.0078125,25.13541603088379,0.1830291748046875,1.0,2272,2271,1.2422245740890503,91.44054412841797,0.3469785451889038,762.361429145,17928,-0.496171236038208,0.38930028676986694,3489792,1746192758.254533
0.2291666716337204,0.0078125,26.63020896911621,0.19769789278507233,1.0,2311,2310,1.612480640411377,92.17933654785156,0.6666666865348816,773.894077059,18240,-0.4887303411960602,0.5107777714729309,3549696,1746192769.7871814
0.1966145783662796,0.0078125,26.17317771911621,0.1934332549571991,1.0,2355,2354,1.612480640411377,92.17933654785156,0.6666666865348816,786.846863163,18592,-0.6027106046676636,0.46159976720809937,3617280,1746192782.7399719
0.173828125,0.0078125,27.52994728088379,0.24594201147556305,1.0,2359,2358,1.612480640411377,92.17933654785156,0.6666666865348816,788.025664418,18624,-0.5570697784423828,0.4485771954059601,3623424,1746192783.9186776
0.201171875,0.0078125,26.15234375,0.2636723518371582,1.0,2361,2360,1.612480640411377,92.17933654785156,0.6666666865348816,788.614129456,18640,-0.590874433517456,0.47773170471191406,3626496,1746192784.5072145
0.1796875,0.0078125,27.58333396911621,0.20732878148555756,1.0,2420,2419,1.612480640411377,92.17933654785156,0.6666666865348816,805.972887281,19112,-0.8071303963661194,0.4549270272254944,3717120,1746192801.8659875
0.103515625,0.0078125,26.59895896911621,0.3318585157394409,1.0,2453,2452,1.612480640411377,92.17933654785156,0.6666666865348816,815.672846054,19376,-0.828500509262085,0.3525928556919098,3767808,1746192811.565919
0.0520833320915699,0.0078125,27.10286521911621,0.2514318525791168,1.0,2468,2467,1.612480640411377,92.17933654785156,0.6666666865348816,820.087532935,19496,-0.9113246202468872,0.2985668182373047,3790848,1746192815.9806468
0.0716145858168602,0.0078125,25.95442771911621,0.26477110385894775,1.0,2469,2468,1.612480640411377,92.17933654785156,0.6666666865348816,820.381329201,19504,-0.8715965747833252,0.32034197449684143,3792384,1746192816.2744212
0.228515625,0.0078125,26.9765625,0.18374280631542206,1.0,2472,2471,1.612480640411377,92.17933654785156,0.6666666865348816,821.263039392,19528,-0.9081406593322754,0.5127299427986145,3796992,1746192817.1561267
0.263671875,0.0078125,26.83072853088379,0.2039930522441864,1.0,2475,2474,1.612480640411377,92.17933654785156,0.6666666865348816,822.149554903,19552,-0.982519268989563,0.5504860281944275,3801600,1746192818.0426762
0.1842447966337204,0.0078125,24.50650978088379,0.2723804712295532,1.0,2479,2478,1.612480640411377,92.17933654785156,0.6666666865348816,823.32150374,19584,-0.9017815589904785,0.4381978511810303,3807744,1746192819.214598
0.15234375,0.0078125,25.59895896911621,0.20431314408779144,1.0,2509,2508,1.612480640411377,92.17933654785156,0.6666666865348816,832.134694529,19824,-0.8504680395126343,0.41517359018325806,3853824,1746192828.0277586
0.2057291716337204,0.0078125,27.35546875,0.2603268623352051,1.0,2523,2522,1.612480640411377,92.17933654785156,0.6666666865348816,836.249580194,19936,-1.0757375955581665,0.4881414473056793,3875328,1746192832.1426783
0.1399739533662796,0.0078125,29.11067771911621,0.28720563650131226,1.0,2546,2545,1.612480640411377,92.17933654785156,0.6666666865348816,843.022066153,20120,-1.1120820045471191,0.42550691962242126,3910656,1746192838.9150794
0.1868489533662796,0.0078125,27.37109375,0.2343788743019104,1.0,2593,2592,1.612480640411377,92.17933654785156,0.6666666865348816,856.83640828,20496,-1.3282133340835571,0.4782229959964752,3982848,1746192852.729509
0.2591145932674408,0.0078125,26.81640625,0.2667909264564514,1.0,2619,2618,1.8294528722763062,90.953125,0.845703125,864.568975446,20704,-1.256052017211914,0.5522968173027039,4022784,1746192860.462086
0.1927083283662796,0.0078125,25.31119728088379,0.24754059314727783,1.0,2621,2620,1.8294528722763062,90.953125,0.845703125,865.157302345,20720,-1.2660937309265137,0.4545555114746094,4025856,1746192861.0503893
0.1712239533662796,0.0078125,25.70442771911621,0.19822180271148682,1.0,2625,2624,1.8294528722763062,90.953125,0.845703125,866.333939403,20752,-1.218103051185608,0.43473953008651733,4032000,1746192862.227051
0.1647135466337204,0.0078125,25.75650978088379,0.196283221244812,1.0,2629,2628,1.8294528722763062,90.953125,0.845703125,867.508440735,20784,-1.2041335105895996,0.4220563471317291,4038144,1746192863.401522
0.11328125,0.0078125,25.36197853088379,0.23760098218917847,1.0,2651,2650,1.8294528722763062,90.953125,0.845703125,873.978394629,20960,-1.0214399099349976,0.35064926743507385,4071936,1746192869.8714695
0.2272135466337204,0.0078125,26.87760353088379,0.264477014541626,1.0,2658,2657,1.8294528722763062,90.953125,0.845703125,876.036978832,21016,-1.0763142108917236,0.5165416598320007,4082688,1746192871.9300568
0.26953125,0.0078125,26.40755271911621,0.2083115428686142,1.0,2670,2669,1.8294528722763062,90.953125,0.845703125,879.565811148,21112,-1.126577377319336,0.5571215152740479,4101120,1746192875.4588797
0.2291666716337204,0.0078125,25.09505271911621,0.21138322353363037,1.0,2678,2677,1.8294528722763062,90.953125,0.845703125,881.915626989,21176,-1.173459529876709,0.4912916421890259,4113408,1746192877.808718
0.2122395783662796,0.0078125,25.19270896911621,0.2147102952003479,1.0,2687,2686,1.8294528722763062,90.953125,0.845703125,884.557636317,21248,-1.002510905265808,0.47238627076148987,4127232,1746192880.4507265
0.09765625,0.0078125,25.19400978088379,0.22600632905960083,1.0,2690,2689,1.8294528722763062,90.953125,0.845703125,885.440297781,21272,-0.9692704081535339,0.3432534635066986,4131840,1746192881.3333814
0.216796875,0.0078125,25.85025978088379,0.30932554602622986,1.0,2696,2695,1.8294528722763062,90.953125,0.845703125,887.204125094,21320,-1.054086446762085,0.4896353781223297,4141056,1746192883.0972137
0.234375,0.0078125,26.09635353088379,0.19130957126617432,1.0,2735,2734,1.8294528722763062,90.953125,0.845703125,898.66722332,21632,-1.0313215255737305,0.508392333984375,4200960,1746192894.5603385
0.2395833283662796,0.0078125,26.51171875,0.19820886850357056,1.0,2742,2741,1.8294528722763062,90.953125,0.845703125,900.731436441,21688,-0.9207528829574585,0.5214374661445618,4211712,1746192896.6245546
0.1705729216337204,0.0078125,26.73697853088379,0.24055740237236023,1.0,2760,2759,1.8294528722763062,90.953125,0.845703125,906.026362549,21832,-0.7047871351242065,0.4473610520362854,4239360,1746192901.9194305
0.1946614533662796,0.0078125,26.28125,0.27948248386383057,1.0,2775,2774,1.8294528722763062,90.953125,0.845703125,910.428712633,21952,-0.7155802249908447,0.4571266770362854,4262400,1746192906.3218265
0.1751302033662796,0.0078125,24.05208396911621,0.25824564695358276,1.0,2779,2778,1.8294528722763062,90.953125,0.845703125,911.603930535,21984,-0.7093188762664795,0.4187048077583313,4268544,1746192907.4970152
0.236328125,0.0078125,25.84895896911621,0.24703183770179749,1.0,2786,2785,1.8294528722763062,90.953125,0.845703125,913.663022594,22040,-0.7003254294395447,0.5092465281486511,4279296,1746192909.5560987
0.15234375,0.0078125,27.78515625,0.2572236657142639,1.0,2816,2815,1.8294528722763062,90.953125,0.845703125,922.487792724,22280,-0.5775958895683289,0.4328376054763794,4325376,1746192918.3808832
0.2213541716337204,0.0078125,26.66796875,0.2476172149181366,1.0,2819,2818,1.8294528722763062,90.953125,0.845703125,923.371167566,22304,-0.5780289173126221,0.4994765520095825,4329984,1746192919.2642515
0.201171875,0.0078125,24.48307228088379,0.25230151414871216,1.0,2829,2828,1.8294528722763062,90.953125,0.845703125,926.309060771,22384,-0.6271326541900635,0.4482569098472595,4345344,1746192922.202143
0.26953125,0.0078125,26.97786521911621,0.23939324915409088,1.0,2831,2830,1.8294528722763062,90.953125,0.845703125,926.897422919,22400,-0.5830473899841309,0.5594799518585205,4348416,1746192922.7905118
0.2473958283662796,0.0078125,25.08854103088379,0.17448534071445465,1.0,2839,2838,1.8294528722763062,90.953125,0.845703125,929.250794637,22464,-0.6262220144271851,0.5115867257118225,4360704,1746192925.1438935
0.2063802033662796,0.0078125,27.13932228088379,0.16506394743919373,1.0,2843,2842,1.8294528722763062,90.953125,0.845703125,930.424645315,22496,-0.731124997138977,0.48650169372558594,4366848,1746192926.3177412
0.2369791716337204,0.0078125,25.55989646911621,0.15277835726737976,1.0,2851,2850,1.8294528722763062,90.953125,0.845703125,932.777480737,22560,-0.7315564155578613,0.5097603797912598,4379136,1746192928.6705804
0.251953125,0.008463541977107525,25.40104103088379,0.16389873623847961,1.0,2866,2865,1.8294528722763062,90.953125,0.845703125,937.188047749,22680,-0.7199422717094421,0.5207803845405579,4402176,1746192933.081139
0.2096354216337204,0.0078125,25.52474021911621,0.14572417736053467,1.0,2901,2900,1.8294528722763062,90.953125,0.845703125,947.478586707,22960,-0.5636330842971802,0.47467702627182007,4455936,1746192943.3716984
0.1848958283662796,0.0078125,25.67317771911621,0.14691907167434692,1.0,2905,2904,1.8294528722763062,90.953125,0.845703125,948.667087124,22992,-0.6146471500396729,0.44874298572540283,4462080,1746192944.5601778
0.1458333283662796,0.0078125,25.33463478088379,0.12563756108283997,1.0,2937,2936,1.8845336437225342,91.322265625,0.896484375,958.14141665,23248,-0.5561447143554688,0.40073347091674805,4511232,1746192954.0345018
0.19140625,0.0078125,25.63411521911621,0.15134480595588684,1.0,2953,2952,1.8845336437225342,91.322265625,0.896484375,962.849435338,23376,-0.5205254554748535,0.4600520730018616,4535808,1746192958.7425265
0.2369791716337204,0.0078125,25.57552146911621,0.12315189838409424,1.0,2981,2980,1.8845336437225342,91.322265625,0.896484375,971.078087117,23600,-0.5320912599563599,0.5073783993721008,4578816,1746192966.971169
0.2486979216337204,0.0078125,26.60416603088379,0.18017874658107758,1.0,3000,2999,1.8845336437225342,91.322265625,0.896484375,976.674772057,23752,-0.6194852590560913,0.5341179966926575,4608000,1746192972.567838
0.2740885317325592,0.0078125,26.63150978088379,0.18689246475696564,1.0,3033,3032,1.8845336437225342,91.322265625,0.896484375,986.376166281,24016,-0.5955862402915955,0.5659201145172119,4658688,1746192982.2692444
0.2265625,0.0078125,25.48697853088379,0.16780608892440796,1.0,3058,3057,1.8845336437225342,91.322265625,0.896484375,993.767073387,24216,-0.410247266292572,0.49382373690605164,4697088,1746192989.660143
0.29296875,0.0078125,26.75390625,0.09716423600912094,1.0,3109,3108,1.8845336437225342,91.322265625,0.896484375,1008.760585142,24624,-0.44102293252944946,0.5859373807907104,4775424,1746193004.6536567
0.2571614682674408,0.0078125,26.93619728088379,0.09359796345233917,1.0,3124,3123,1.8845336437225342,91.322265625,0.896484375,1013.183496428,24744,-0.47329673171043396,0.5539947152137756,4798464,1746193009.0765939
0.26953125,0.0078125,26.80338478088379,0.10750752687454224,1.0,3139,3138,1.8845336437225342,91.322265625,0.896484375,1017.586063127,24864,-0.420919269323349,0.5583332777023315,4821504,1746193013.4791546
0.25390625,0.0078125,26.18229103088379,0.10112874209880829,1.0,3150,3149,1.8845336437225342,91.322265625,0.896484375,1020.823613403,24952,-0.3603132367134094,0.5312108993530273,4838400,1746193016.7167056
0.279296875,0.0078125,27.63932228088379,0.09180130064487457,1.0,3154,3153,1.8845336437225342,91.322265625,0.896484375,1021.99964489,24984,-0.415763795375824,0.5819270610809326,4844544,1746193017.8927486
0.2727864682674408,0.0078125,26.58724021911621,0.10850615054368973,1.0,3163,3162,1.8845336437225342,91.322265625,0.896484375,1024.64552773,25056,-0.41384798288345337,0.5636318922042847,4858368,1746193020.5385857
0.2194010466337204,0.0078125,26.36588478088379,0.10952046513557434,1.0,3168,3167,1.8845336437225342,91.322265625,0.896484375,1026.114206435,25096,-0.41218695044517517,0.497256875038147,4866048,1746193022.007304
0.255859375,0.0078125,27.44270896911621,0.11159278452396393,1.0,3174,3173,1.8845336437225342,91.322265625,0.896484375,1027.877361377,25144,-0.31176525354385376,0.5514886975288391,4875264,1746193023.7704551
0.22265625,0.0078125,27.75520896911621,0.1249847263097763,1.0,3187,3186,1.8845336437225342,91.322265625,0.896484375,1031.705285363,25248,-0.3388630151748657,0.5078523755073547,4895232,1746193027.598371
0.205078125,0.0078125,25.45963478088379,0.08507340401411057,1.0,3202,3201,1.8845336437225342,91.322265625,0.896484375,1036.116558337,25368,-0.3641335368156433,0.4673228859901428,4918272,1746193032.0096421
0.2415364533662796,0.0078125,26.5546875,0.10020877420902252,1.0,3205,3204,1.8845336437225342,91.322265625,0.896484375,1037.002433266,25392,-0.3633824586868286,0.5237447619438171,4922880,1746193032.8955052
0.279296875,0.0078125,25.99349021911621,0.07417657971382141,1.0,3225,3224,1.8845336437225342,91.322265625,0.896484375,1042.889868917,25552,-0.3573029637336731,0.5585936307907104,4953600,1746193038.7829528
0.2337239533662796,0.0078125,26.9921875,0.11932067573070526,1.0,3235,3234,1.8845336437225342,91.322265625,0.896484375,1045.831485964,25632,-0.35568875074386597,0.5276579260826111,4968960,1746193041.7243483
0.21484375,0.0078125,26.796875,0.1013939306139946,1.0,3236,3235,1.8845336437225342,91.322265625,0.896484375,1046.129712894,25640,-0.3205433487892151,0.49379074573516846,4970496,1746193042.022739
0.2330729216337204,0.0078125,26.56900978088379,0.0980013906955719,1.0,3237,3236,1.8845336437225342,91.322265625,0.896484375,1046.423534514,25648,-0.3513439893722534,0.5104556679725647,4972032,1746193042.3166504
0.2727864682674408,0.0078125,26.95572853088379,0.08462348580360413,1.0,3248,3247,1.8845336437225342,91.322265625,0.896484375,1049.657873569,25736,-0.40070825815200806,0.5647047758102417,4988928,1746193045.550932
0.2421875,0.0078125,25.8671875,0.11280849575996399,1.0,3273,3272,1.9260282516479492,89.458984375,0.931640625,1057.06877868,25936,-0.5836832523345947,0.5204929709434509,5027328,1746193052.9618568
0.2552083432674408,0.0078125,26.20052146911621,0.06613581627607346,1.0,3284,3283,1.9260282516479492,89.458984375,0.931640625,1060.303880135,26024,-0.5690737962722778,0.5340589880943298,5044224,1746193056.1969712
0.3040364682674408,0.0078125,27.3203125,0.09230615198612213,1.0,3291,3290,1.9260282516479492,89.458984375,0.931640625,1062.360493305,26080,-0.5499893426895142,0.608072817325592,5054976,1746193058.2536006
0.2877604067325592,0.0078125,26.48307228088379,0.09881856292486191,1.0,3331,3330,1.9260282516479492,89.458984375,0.931640625,1074.133645915,26400,-0.4636315405368805,0.5755207538604736,5116416,1746193070.026722
0.2584635317325592,0.0078125,25.83333396911621,0.11405394971370697,1.0,3334,3333,1.9260282516479492,89.458984375,0.931640625,1075.016728248,26424,-0.47441789507865906,0.5349860787391663,5121024,1746193070.9097877
0.2467447966337204,0.0078125,26.34765625,0.10716500133275986,1.0,3336,3335,1.9260282516479492,89.458984375,0.931640625,1075.60556714,26440,-0.44772812724113464,0.5296162366867065,5124096,1746193071.498646
0.2578125,0.0078125,25.74479103088379,0.0897255688905716,1.0,3338,3337,1.9260282516479492,89.458984375,0.931640625,1076.194420048,26456,-0.4549388885498047,0.5316179394721985,5127168,1746193072.0875309
0.2623697817325592,0.0078125,26.02864646911621,0.09715639799833298,1.0,3372,3371,1.9260282516479492,89.458984375,0.931640625,1086.21057403,26728,-0.4044646620750427,0.5424825549125671,5179392,1746193082.103672
0.306640625,0.0078125,27.46875,0.11662672460079193,1.0,3385,3384,1.9260282516479492,89.458984375,0.931640625,1090.031235798,26832,-0.46764951944351196,0.6132811307907104,5199360,1746193085.9243026
0.3072916567325592,0.0078125,27.46484375,0.07229011505842209,1.0,3392,3391,1.9260282516479492,89.458984375,0.931640625,1092.095117628,26888,-0.4232938289642334,0.6145832538604736,5210112,1746193087.9881873
0.1966145783662796,0.0078125,25.28385353088379,0.06563549488782883,1.0,3406,3405,1.9260282516479492,89.458984375,0.931640625,1096.209883637,27000,-0.5556305050849915,0.4523029327392578,5231616,1746193092.1029472
0.2890625,0.0078125,26.5390625,0.07708261907100677,1.0,3407,3406,1.9260282516479492,89.458984375,0.931640625,1096.504097131,27008,-0.5514259934425354,0.5781248807907104,5233152,1746193092.397162
0.2291666716337204,0.0078125,25.13541603088379,0.07681030035018921,1.0,3412,3411,1.9260282516479492,89.458984375,0.931640625,1097.970742924,27048,-0.5580528974533081,0.49381938576698303,5240832,1746193093.8638074
0.1985677033662796,0.0078125,26.22005271911621,0.07093817740678787,1.0,3413,3412,1.9260282516479492,89.458984375,0.931640625,1098.264480898,27056,-0.5379290580749512,0.4729270040988922,5242368,1746193094.1575704
0.2467447966337204,0.0078125,26.46744728088379,0.06785526871681213,1.0,3419,3418,1.9260282516479492,89.458984375,0.931640625,1100.031032288,27104,-0.5433624982833862,0.5301449298858643,5251584,1746193095.924113
0.2102864533662796,0.0078125,25.39713478088379,0.1286354660987854,1.0,3438,3437,1.9260282516479492,89.458984375,0.931640625,1105.624102961,27256,-0.4977291524410248,0.47589921951293945,5280768,1746193101.5171943
0.1640625,0.0078125,25.69140625,0.10905487835407257,1.0,3439,3438,1.9260282516479492,89.458984375,0.931640625,1105.918063491,27264,-0.49410995841026306,0.4253358542919159,5282304,1746193101.8111653
0.220703125,0.0078125,24.86067771911621,0.09572826325893402,1.0,3446,3445,1.9260282516479492,89.458984375,0.931640625,1107.970965984,27320,-0.5016689300537109,0.4766024053096771,5293056,1746193103.8640685
0.2428385466337204,0.0078125,26.734375,0.09131240844726562,1.0,3464,3463,1.9260282516479492,89.458984375,0.931640625,1113.269870962,27464,-0.41655343770980835,0.5267482399940491,5320704,1746193109.1629646
0.2513020932674408,0.0078125,27.13671875,0.08375545591115952,1.0,3474,3473,1.9260282516479492,89.458984375,0.931640625,1116.208698718,27544,-0.37756669521331787,0.5405694246292114,5336064,1746193112.1017957
0.2565104067325592,0.0078125,27.83203125,0.06182786822319031,1.0,3478,3477,1.9260282516479492,89.458984375,0.931640625,1117.384929509,27576,-0.40107521414756775,0.5556309819221497,5342208,1746193113.2780046
0.2955729067325592,0.0078125,26.87109375,0.07249914109706879,1.0,3480,3479,1.9260282516479492,89.458984375,0.931640625,1117.994511846,27592,-0.3887372612953186,0.5911457538604736,5345280,1746193113.8876324
0.2721354067325592,0.0078125,26.6875,0.07574012875556946,1.0,3482,3481,1.9260282516479492,89.458984375,0.931640625,1118.58263725,27608,-0.39449015259742737,0.5634374618530273,5348352,1746193114.4757302
0.2180989533662796,0.0078125,27.9375,0.07414045929908752,1.0,3483,3482,1.9260282516479492,89.458984375,0.931640625,1118.876668713,27616,-0.38141822814941406,0.5099062323570251,5349888,1746193114.7697709
0.265625,0.0078125,27.55208396911621,0.0717991292476654,1.0,3484,3483,1.9260282516479492,89.458984375,0.931640625,1119.17081937,27624,-0.3615610897541046,0.5700971484184265,5351424,1746193115.063905
0.2506510317325592,0.0078125,25.46875,0.0690089613199234,1.0,3506,3505,1.9260282516479492,89.458984375,0.931640625,1125.658660401,27800,-0.35117971897125244,0.5224635004997253,5385216,1746193121.551753
0.21875,0.0078125,26.22265625,0.06507451832294464,1.0,3507,3506,1.9260282516479492,89.458984375,0.931640625,1125.953457009,27808,-0.33612003922462463,0.49296697974205017,5386752,1746193121.846545
0.2532552182674408,0.0078125,27.28775978088379,0.057748012244701385,1.0,3509,3508,1.9260282516479492,89.458984375,0.931640625,1126.541352011,27824,-0.33553746342658997,0.5464261174201965,5389824,1746193122.434453
0.1861979216337204,0.0078125,25.32682228088379,0.1002170592546463,1.0,3547,3546,1.9260282516479492,89.458984375,0.931640625,1137.723473349,28128,-0.2791714370250702,0.44288450479507446,5448192,1746193133.61656
0.2734375,0.0078125,26.93099021911621,0.0828462541103363,1.0,3589,3588,1.972374677658081,90.337890625,0.974609375,1150.129074567,28464,-0.36517012119293213,0.5680511593818665,5512704,1746193146.0221581
0.2662760317325592,0.0078125,27.35807228088379,0.07759755104780197,1.0,3599,3598,1.972374677658081,90.337890625,0.974609375,1153.068689607,28544,-0.16642746329307556,0.5685902237892151,5528064,1746193148.9617896
0.29296875,0.0078125,26.74088478088379,0.09520770609378815,1.0,3600,3599,1.972374677658081,90.337890625,0.974609375,1153.362645474,28552,-0.19993047416210175,0.5859373807907104,5529600,1746193149.25574
0.2825520932674408,0.0078125,27.0078125,0.08318544924259186,1.0,3606,3605,1.972374677658081,90.337890625,0.974609375,1155.132796503,28600,-0.1431463062763214,0.5831631422042847,5538816,1746193151.0258954
0.291015625,0.0078125,26.6484375,0.07319550216197968,1.0,3654,3653,1.972374677658081,90.337890625,0.974609375,1169.258132972,28984,-0.1970650553703308,0.5820311307907104,5612544,1746193165.1512363
0.2180989533662796,0.0078125,25.81900978088379,0.08382101356983185,1.0,3656,3655,1.972374677658081,90.337890625,0.974609375,1169.846823656,29000,-0.2228066474199295,0.493909627199173,5615616,1746193165.7399049
0.1907552033662796,0.0078125,26.26041603088379,0.06187538802623749,1.0,3697,3696,1.972374677658081,90.337890625,0.974609375,1181.918919325,29328,-0.3282255530357361,0.4630259871482849,5678592,1746193177.8120055
0.2708333432674408,0.0078125,26.85546875,0.05996917188167572,1.0,3700,3699,1.972374677658081,90.337890625,0.974609375,1182.800410769,29352,-0.24092820286750793,0.5616353154182434,5683200,1746193178.693488
0.271484375,0.0078125,27.07682228088379,0.059105947613716125,1.0,3711,3710,1.972374677658081,90.337890625,0.974609375,1186.038128832,29440,-0.2140643298625946,0.562900960445404,5700096,1746193181.9311833
0.2265625,0.0078125,26.5625,0.0700903832912445,1.0,3716,3715,1.972374677658081,90.337890625,0.974609375,1187.515333478,29480,-0.17435908317565918,0.5082499980926514,5707776,1746193183.4084036
0.166015625,0.0078125,25.28645896911621,0.07482790946960449,1.0,3733,3732,1.972374677658081,90.337890625,0.974609375,1192.51959755,29616,-0.1896630823612213,0.43025603890419006,5733888,1746193188.4126961
0.18359375,0.0078125,26.27994728088379,0.07323934882879257,1.0,3748,3747,1.972374677658081,90.337890625,0.974609375,1196.928362803,29736,-0.2454172819852829,0.45387664437294006,5756928,1746193192.8214514
0.1575520783662796,0.0078125,27.05989646911621,0.11664819717407227,1.0,3753,3752,1.972374677658081,90.337890625,0.974609375,1198.399225026,29776,-0.2066306471824646,0.44052600860595703,5764608,1746193194.2923126
0.25390625,0.0078125,26.31119728088379,0.15556959807872772,1.0,3756,3755,1.972374677658081,90.337890625,0.974609375,1199.282075579,29800,-0.20855508744716644,0.5319061875343323,5769216,1746193195.1751719
0.24609375,0.0078125,26.90755271911621,0.09144691377878189,1.0,3761,3760,1.972374677658081,90.337890625,0.974609375,1200.751519542,29840,-0.18723446130752563,0.5334669947624207,5776896,1746193196.6446292
0.2298177033662796,0.0078125,27.21224021911621,0.06729668378829956,1.0,3772,3771,1.972374677658081,90.337890625,0.974609375,1203.989546064,29928,-0.22897937893867493,0.5294287800788879,5793792,1746193199.8826544
0.27734375,0.0078125,26.94791603088379,0.06453651934862137,1.0,3795,3794,1.972374677658081,90.337890625,0.974609375,1210.767363495,30112,-0.27118730545043945,0.5742430090904236,5829120,1746193206.6604605
0.298828125,0.0078125,27.07291603088379,0.052544545382261276,1.0,3796,3795,1.972374677658081,90.337890625,0.974609375,1211.061757573,30120,-0.2597138583660126,0.5976561307907104,5830656,1746193206.9548428
0.2890625,0.0078125,26.515625,0.041145727038383484,1.0,3803,3802,1.972374677658081,90.337890625,0.974609375,1213.121335737,30176,-0.23201343417167664,0.5781248807907104,5841408,1746193209.0144308
0.2578125,0.0078125,25.76953125,0.07034089416265488,1.0,3830,3829,1.972374677658081,90.337890625,0.974609375,1221.074199727,30392,-0.3260241150856018,0.5324200987815857,5882880,1746193216.967269
0.2721354067325592,0.0078125,26.65494728088379,0.056786876171827316,1.0,3845,3844,1.972374677658081,90.337890625,0.974609375,1225.487425774,30512,-0.3368344306945801,0.5636197328567505,5905920,1746193221.3805149
0.2799479067325592,0.0078125,27.55078125,0.07593489438295364,1.0,3851,3850,1.972374677658081,90.337890625,0.974609375,1227.2535432,30560,-0.3622400760650635,0.5838020443916321,5915136,1746193223.1466398
0.2473958283662796,0.0078125,26.36328125,0.06206399202346802,1.0,3880,3879,1.972374677658081,90.337890625,0.974609375,1235.788825132,30792,-0.2222699224948883,0.5322725176811218,5959680,1746193231.6819377
0.2473958283662796,0.0078125,26.64453125,0.04910667985677719,1.0,3904,3903,1.9435596466064453,91.1640625,0.947265625,1242.923096828,30984,-0.2698272466659546,0.535694420337677,5996544,1746193238.8161674
0.205078125,0.0078125,26.48567771911621,0.09985838830471039,1.0,3910,3909,1.9435596466064453,91.1640625,0.947265625,1244.689706136,31032,-0.2673628032207489,0.475873202085495,6005760,1746193240.5827851
0.232421875,0.0078125,25.86849021911621,0.0628218948841095,1.0,3916,3915,1.9435596466064453,91.1640625,0.947265625,1246.454733958,31080,-0.247808575630188,0.5074634552001953,6014976,1746193242.3478131
0.291015625,0.0078125,26.64583396911621,0.059366293251514435,1.0,3935,3934,1.9435596466064453,91.1640625,0.947265625,1252.082035727,31232,-0.30664387345314026,0.5820311307907104,6044160,1746193247.9751272
0.234375,0.0078125,25.42057228088379,0.0539507195353508,1.0,3959,3958,1.9435596466064453,91.1640625,0.947265625,1259.134372109,31424,-0.32316339015960693,0.5042360424995422,6081024,1746193255.0274634
0.22265625,0.0078125,26.42708396911621,0.04939735680818558,1.0,3975,3974,1.9435596466064453,91.1640625,0.947265625,1263.850344476,31552,-0.19963499903678894,0.5017638802528381,6105600,1746193259.7434323
0.2141927033662796,0.0078125,25.94791603088379,0.06795573979616165,1.0,4000,3999,1.9435596466064453,91.1640625,0.947265625,1271.198407991,31752,-0.2019643485546112,0.48624739050865173,6144000,1746193267.0914536
0.2135416716337204,0.0078125,25.90104103088379,0.06347676366567612,1.0,4046,4045,1.9435596466064453,91.1640625,0.947265625,1284.752676032,32120,-0.29611295461654663,0.48734548687934875,6214656,1746193280.6457825
0.2428385466337204,0.0078125,26.19921875,0.07718931138515472,1.0,4050,4049,1.9435596466064453,91.1640625,0.947265625,1285.925928192,32152,-0.35837671160697937,0.5238714218139648,6220800,1746193281.8190181
0.1692708283662796,0.0078125,25.9921875,0.07788937538862228,1.0,4064,4063,1.9435596466064453,91.1640625,0.947265625,1290.045747398,32264,-0.35809266567230225,0.43831682205200195,6242304,1746193285.9388561
0.2734375,0.0078125,26.61067771911621,0.06717100739479065,1.0,4100,4099,1.9435596466064453,91.1640625,0.947265625,1300.664464389,32552,-0.17665649950504303,0.5645971298217773,6297600,1746193296.5575733
0.251953125,0.0078125,27.3515625,0.0705045685172081,1.0,4116,4115,1.9435596466064453,91.1640625,0.947265625,1305.373332017,32680,-0.1137620061635971,0.5536223649978638,6322176,1746193301.2663918
0.2265625,0.0078125,26.96354103088379,0.06674708425998688,1.0,4117,4116,1.9435596466064453,91.1640625,0.947265625,1305.667939795,32688,-0.11896294355392456,0.513383686542511,6323712,1746193301.561038
0.2565104067325592,0.0078125,27.43619728088379,0.07219650596380234,1.0,4119,4118,1.9435596466064453,91.1640625,0.947265625,1306.257226594,32704,-0.13788430392742157,0.5570650100708008,6326784,1746193302.1503122
0.2740885317325592,0.0078125,27.25650978088379,0.0660238116979599,1.0,4134,4133,1.9435596466064453,91.1640625,0.947265625,1310.676345315,32824,-0.16893357038497925,0.5745694041252136,6349824,1746193306.5694335
0.2845052182674408,0.0078125,27.21354103088379,0.06509945541620255,1.0,4150,4149,1.9435596466064453,91.1640625,0.947265625,1315.377105902,32952,-0.15461793541908264,0.5843714475631714,6374400,1746193311.2701793
0.2727864682674408,0.0078125,26.57552146911621,0.07007188349962234,1.0,4163,4162,1.9435596466064453,91.1640625,0.947265625,1319.203836899,33056,-0.21581387519836426,0.5621979236602783,6394368,1746193315.0969067
0.3053385317325592,0.0078125,27.40885353088379,0.11121898889541626,1.0,4181,4180,1.9435596466064453,91.1640625,0.947265625,1324.50464377,33200,-0.29984229803085327,0.6106770038604736,6422016,1746193320.3977406
0.2766927182674408,0.0078125,26.796875,0.06520883738994598,1.0,4192,4191,1.9435596466064453,91.1640625,0.947265625,1327.742577746,33288,-0.2827673554420471,0.5711283683776855,6438912,1746193323.6356652
0.2734375,0.0078125,27.16536521911621,0.05572570487856865,1.0,4195,4194,1.9435596466064453,91.1640625,0.947265625,1328.626168985,33312,-0.2520669102668762,0.568020761013031,6443520,1746193324.5192351
0.2877604067325592,0.0078125,26.45182228088379,0.0643484815955162,1.0,4196,4195,1.9435596466064453,91.1640625,0.947265625,1328.919696908,33320,-0.2596895098686218,0.5755208134651184,6445056,1746193324.812778
0.2682291567325592,0.0078125,26.63671875,0.0727943480014801,1.0,4201,4200,1.9435596466064453,91.1640625,0.947265625,1330.391854634,33360,-0.26492244005203247,0.5588644742965698,6452736,1746193326.284938
0.2473958283662796,0.0078125,27.45052146911621,0.05170144513249397,1.0,4222,4221,1.9435596466064453,91.1640625,0.947265625,1336.564031027,33528,-0.36958542466163635,0.5398784279823303,6484992,1746193332.4571006
0.1647135466337204,0.0078125,27.77734375,0.09702526032924652,1.0,4238,4237,1.9439008235931396,90.158203125,0.94921875,1341.337147816,33656,-0.34693020582199097,0.44945135712623596,6509568,1746193337.230232
0.2421875,0.0078125,26.34375,0.07977008819580078,1.0,4239,4238,1.9439008235931396,90.158203125,0.94921875,1341.631220731,33664,-0.3246207535266876,0.5234339833259583,6511104,1746193337.5243232
0.2799479067325592,0.0078125,26.98697853088379,0.07063587754964828,1.0,4245,4244,1.9439008235931396,90.158203125,0.94921875,1343.396509476,33712,-0.2777947783470154,0.5751110911369324,6520320,1746193339.2896044
0.2923177182674408,0.0078125,27.640625,0.05528523772954941,1.0,4253,4252,1.9439008235931396,90.158203125,0.94921875,1345.752576508,33776,-0.23232103884220123,0.6031631231307983,6532608,1746193341.6456885
0.24609375,0.0078125,26.38671875,0.1030266284942627,1.0,4276,4275,1.9439008235931396,90.158203125,0.94921875,1352.520696211,33960,-0.31676390767097473,0.529499888420105,6567936,1746193348.4137793
0.3040364682674408,0.0078125,27.25,0.06402701139450073,1.0,4299,4298,1.9439008235931396,90.158203125,0.94921875,1359.285432309,34144,-0.366161048412323,0.608072817325592,6603264,1746193355.1784954
0.2877604067325592,0.0078125,27.48177146911621,0.0814988985657692,1.0,4303,4302,1.9439008235931396,90.158203125,0.94921875,1360.46712681,34176,-0.36632364988327026,0.5941154360771179,6609408,1746193356.3602211
0.2916666567325592,0.0078125,28.25,0.05948959290981293,1.0,4319,4318,1.9439008235931396,90.158203125,0.94921875,1365.175713611,34304,-0.2883751392364502,0.6101171970367432,6633984,1746193361.068792
0.2825520932674408,0.0078125,27.27474021911621,0.05575942620635033,1.0,4328,4327,1.9439008235931396,90.158203125,0.94921875,1367.824652024,34376,-0.2832143306732178,0.5854426622390747,6647808,1746193363.7177312
0.2955729067325592,0.0078125,28.28645896911621,0.06353575736284256,1.0,4349,4348,1.9439008235931396,90.158203125,0.94921875,1373.999192189,34544,-0.28762179613113403,0.6173862814903259,6680064,1746193369.8922732
0.2890625,0.0078125,27.84114646911621,0.056794751435518265,1.0,4365,4364,1.9439008235931396,90.158203125,0.94921875,1378.724638824,34672,-0.2679603695869446,0.6032785773277283,6704640,1746193374.6177292
0.3040364682674408,0.0078125,27.28645896911621,0.07211538404226303,1.0,4399,4398,1.9439008235931396,90.158203125,0.94921875,1388.739097042,34944,-0.310924232006073,0.608072817325592,6756864,1746193384.632165
0.2513020932674408,0.0078125,26.8359375,0.05092029273509979,1.0,4404,4403,1.9439008235931396,90.158203125,0.94921875,1390.209872587,34984,-0.3064291179180145,0.544374942779541,6764544,1746193386.1029723
0.2721354067325592,0.0078125,26.57161521911621,0.05088949203491211,1.0,4412,4411,1.9439008235931396,90.158203125,0.94921875,1392.566938201,35048,-0.31388163566589355,0.562974750995636,6776832,1746193388.4600356
0.2786458432674408,0.0078125,26.859375,0.0540766716003418,1.0,4421,4420,1.9439008235931396,90.158203125,0.94921875,1395.22064734,35120,-0.31758981943130493,0.574718713760376,6790656,1746193391.1137414
0.2565104067325592,0.0078125,27.04947853088379,0.06342332810163498,1.0,4424,4423,1.9439008235931396,90.158203125,0.94921875,1396.105005125,35144,-0.28102242946624756,0.5558289289474487,6795264,1746193391.9980378
0.3138020932674408,0.0078125,27.8203125,0.04957523196935654,1.0,4433,4432,1.9439008235931396,90.158203125,0.94921875,1398.752168809,35216,-0.26324713230133057,0.627604067325592,6809088,1746193394.6452405
0.2903645932674408,0.0078125,26.60286521911621,0.04576059803366661,1.0,4455,4454,1.9439008235931396,90.158203125,0.94921875,1405.219197702,35392,-0.28649020195007324,0.5807291865348816,6842880,1746193401.1122794
0.29296875,0.0078125,26.71744728088379,0.04239107668399811,1.0,4460,4459,1.9439008235931396,90.158203125,0.94921875,1406.685028036,35432,-0.28138458728790283,0.5859373807907104,6850560,1746193402.5781069
0.189453125,0.0078125,27.18229103088379,0.046726763248443604,1.0,4464,4463,1.9439008235931396,90.158203125,0.94921875,1407.860806751,35464,-0.2592940330505371,0.4768810272216797,6856704,1746193403.75386
0.2473958283662796,0.0078125,27.00390625,0.05266851186752319,1.0,4476,4475,1.9439008235931396,90.158203125,0.94921875,1411.389456219,35560,-0.23148885369300842,0.538672685623169,6875136,1746193407.2825544
0.2467447966337204,0.0078125,27.05859375,0.04885478317737579,1.0,4485,4484,1.9439008235931396,90.158203125,0.94921875,1414.036949381,35632,-0.25711315870285034,0.5374183654785156,6888960,1746193409.9300206
0.2493489533662796,0.008463541977107525,27.36588478088379,0.058577459305524826,1.0,4495,4494,1.9439008235931396,90.158203125,0.94921875,1416.974218104,35712,-0.2498113065958023,0.5487473607063293,6904320,1746193412.8673007
0.228515625,0.0078125,25.16145896911621,0.05005350336432457,1.0,4505,4504,1.9439008235931396,90.158203125,0.94921875,1419.916319158,35792,-0.2264278084039688,0.49176210165023804,6919680,1746193415.8094168
0.26953125,0.0078125,26.73046875,0.04218968003988266,1.0,4507,4506,1.9439008235931396,90.158203125,0.94921875,1420.507831549,35808,-0.2093917280435562,0.5589009523391724,6922752,1746193416.4009202
0.2682291567325592,0.0078125,26.28775978088379,0.043023306876420975,1.0,4512,4511,1.9439008235931396,90.158203125,0.94921875,1421.975451509,35848,-0.20644362270832062,0.5518897175788879,6930432,1746193417.8685431
0.189453125,0.0078125,27.49739646911621,0.06685938686132431,1.0,4538,4537,1.9439008235931396,90.158203125,0.94921875,1429.634090722,36056,-0.16954666376113892,0.4757291078567505,6970368,1746193425.527182
0.208984375,0.0078125,26.69400978088379,0.04932600259780884,1.0,4548,4547,1.9439008235931396,90.158203125,0.94921875,1432.571117652,36136,-0.1663341373205185,0.4973072409629822,6985728,1746193428.4642136
0.1940104216337204,0.0078125,25.45703125,0.05416266247630119,1.0,4572,4571,1.8075050115585327,90.685546875,0.8203125,1439.688844241,36328,-0.1382380872964859,0.4600321054458618,7022592,1746193435.5819275
0.2734375,0.0078125,26.76302146911621,0.051866523921489716,1.0,4573,4572,1.8075050115585327,90.685546875,0.8203125,1439.983086448,36336,-0.15775714814662933,0.5642638206481934,7024128,1746193435.8761566
0.2727864682674408,0.0078125,26.48958396911621,0.051170095801353455,1.0,4574,4573,1.8075050115585327,90.685546875,0.8203125,1440.277438851,36344,-0.11556379497051239,0.5636318922042847,7025664,1746193436.1705272
0.2819010317325592,0.0078125,27.38150978088379,0.06349335610866547,1.0,4591,4590,1.8075050115585327,90.685546875,0.8203125,1445.278662648,36480,-0.18673643469810486,0.5827603936195374,7051776,1746193441.1717372
0.287109375,0.0078125,27.81900978088379,0.08601301163434982,1.0,4606,4605,1.8075050115585327,90.685546875,0.8203125,1449.698832895,36600,-0.2408364713191986,0.5975937247276306,7074816,1746193445.591898
0.169921875,0.0078125,25.19010353088379,0.05202144384384155,1.0,4625,4624,1.8075050115585327,90.685546875,0.8203125,1455.287371191,36752,-0.27790209650993347,0.4337994158267975,7104000,1746193451.180468
0.2747395932674408,0.0078125,26.65364646911621,0.06791911274194717,1.0,4628,4627,1.8075050115585327,90.685546875,0.8203125,1456.172117598,36776,-0.2747189700603485,0.5661041736602783,7108608,1746193452.0652077
0.2805989682674408,0.0078125,27.48697853088379,0.06433749198913574,1.0,4632,4631,1.8075050115585327,90.685546875,0.8203125,1457.349098938,36808,-0.24605095386505127,0.5855415463447571,7114752,1746193453.2421846
0.2180989533662796,0.0078125,25.51953125,0.06228032335639,1.0,4633,4632,1.8075050115585327,90.685546875,0.8203125,1457.643351334,36816,-0.3050045967102051,0.4909782409667969,7116288,1746193453.5364554
0.287109375,0.0078125,27.81380271911621,0.06165019050240517,1.0,4643,4642,1.8075050115585327,90.685546875,0.8203125,1460.587003697,36896,-0.25617948174476624,0.5969252586364746,7131648,1746193456.4801085
0.2037760466337204,0.0078125,26.17838478088379,0.06008143723011017,1.0,4646,4645,1.8075050115585327,90.685546875,0.8203125,1461.475587579,36920,-0.24290169775485992,0.4843827784061432,7136256,1746193457.36866
0.2721354067325592,0.0078125,26.99869728088379,0.057525232434272766,1.0,4665,4664,1.8075050115585327,90.685546875,0.8203125,1467.059778294,37072,-0.25897735357284546,0.5689235925674438,7165440,1746193462.9528534
0.2408854216337204,0.0078125,27.25911521911621,0.06516154110431671,1.0,4674,4673,1.8075050115585327,90.685546875,0.8203125,1469.720160453,37144,-0.29524704813957214,0.5402404069900513,7179264,1746193465.6132212
0.2981770932674408,0.0078125,27.85025978088379,0.05983647704124451,1.0,4683,4682,1.8075050115585327,90.685546875,0.8203125,1472.365356938,37216,-0.24152109026908875,0.6147308349609375,7193088,1746193468.2584593
0.1647135466337204,0.0078125,27.56900978088379,0.06881919503211975,1.0,4700,4699,1.8075050115585327,90.685546875,0.8203125,1477.364864948,37352,-0.24075967073440552,0.4639999568462372,7219200,1746193473.2579663
0.283203125,0.0078125,27.45182228088379,0.08543774485588074,1.0,4787,4786,1.8075050115585327,90.685546875,0.8203125,1502.94735915,38048,-0.296905517578125,0.5888124108314514,7352832,1746193498.8404598
0.279296875,0.0078125,26.921875,0.09019364416599274,1.0,4808,4807,1.8075050115585327,90.685546875,0.8203125,1509.146344901,38216,-0.2996487617492676,0.57570481300354,7385088,1746193505.039434
0.2473958283662796,0.0078125,26.11849021911621,0.06939274072647095,1.0,4811,4810,1.8075050115585327,90.685546875,0.8203125,1510.028702689,38240,-0.30967947840690613,0.5305954217910767,7389696,1746193505.9217744
0.265625,0.0078125,27.03515625,0.06823401153087616,1.0,4847,4846,1.8075050115585327,90.685546875,0.8203125,1520.624002636,38528,-0.31899523735046387,0.5544166564941406,7444992,1746193516.517111
0.3170572817325592,0.0078125,27.98177146911621,0.07648913562297821,1.0,4858,4857,1.8075050115585327,90.685546875,0.8203125,1523.856085979,38616,-0.33696287870407104,0.6341145038604736,7461888,1746193519.7491868
0.318359375,0.0078125,28.07552146911621,0.06742430478334427,1.0,4870,4869,1.8075050115585327,90.685546875,0.8203125,1527.389096694,38712,-0.3608589172363281,0.6367186307907104,7480320,1746193523.2821877
0.29296875,0.0078125,27.5546875,0.06701888144016266,1.0,4873,4872,1.8075050115585327,90.685546875,0.8203125,1528.274288767,38736,-0.35804855823516846,0.6033645272254944,7484928,1746193524.1673667
0.2565104067325592,0.0078125,27.71354103088379,0.09876272082328796,1.0,4880,4879,1.9708173274993896,89.736328125,0.97265625,1530.390021586,38792,-0.4621233344078064,0.5585156083106995,7495680,1746193526.2830882
0.2838541567325592,0.0078125,27.15494728088379,0.08577534556388855,1.0,4889,4888,1.9708173274993896,89.736328125,0.97265625,1533.039061027,38864,-0.4018755853176117,0.5851353406906128,7509504,1746193528.9321494
0.2369791716337204,0.0078125,25.58203125,0.12320034950971603,1.0,4997,4996,1.9708173274993896,89.736328125,0.97265625,1564.799123962,39728,-0.2350885570049286,0.5075485706329346,7675392,1746193560.6922097
0.296875,0.0078125,28.375,0.057321544736623764,1.0,5020,5019,1.9708173274993896,89.736328125,0.97265625,1571.559182789,39912,-0.1974925696849823,0.6139166355133057,7710720,1746193567.4522457
0.2897135317325592,0.0078125,26.51432228088379,0.08695601671934128,1.0,5050,5049,1.9708173274993896,89.736328125,0.97265625,1580.384384897,40152,-0.27102577686309814,0.5794270038604736,7756800,1746193576.27747
0.2428385466337204,0.0078125,26.61458396911621,0.060168586671352386,1.0,5056,5055,1.9708173274993896,89.736328125,0.97265625,1582.149455469,40200,-0.34081822633743286,0.5225138068199158,7766016,1746193578.0425525
0.2708333432674408,0.0078125,26.57682228088379,0.0459728017449379,1.0,5065,5064,1.9708173274993896,89.736328125,0.97265625,1584.796997433,40272,-0.2416858673095703,0.5593731999397278,7779840,1746193580.6900978
0.3059895932674408,0.0078125,27.37630271911621,0.06471893936395645,1.0,5119,5118,1.9708173274993896,89.736328125,0.97265625,1600.689283052,40704,-0.1999836266040802,0.611979067325592,7862784,1746193596.5823731
0.2194010466337204,0.0078125,26.38671875,0.06510535627603531,1.0,5146,5145,1.9708173274993896,89.736328125,0.97265625,1608.627703437,40920,-0.22920745611190796,0.4938714802265167,7904256,1746193604.5206883
0.29296875,0.0078125,27.56770896911621,0.0442904494702816,1.0,5173,5172,1.9708173274993896,89.736328125,0.97265625,1616.568642905,41136,-0.18312996625900269,0.6039965152740479,7945728,1746193612.4617398
0.310546875,0.0078125,27.69400978088379,0.048773057758808136,1.0,5174,5173,1.9708173274993896,89.736328125,0.97265625,1616.861771584,41144,-0.20009291172027588,0.6210936307907104,7947264,1746193612.754866
0.2493489533662796,0.0078125,26.234375,0.07016518712043762,1.0,5198,5197,1.9708173274993896,89.736328125,0.97265625,1623.920928853,41336,-0.1375274360179901,0.5344999432563782,7984128,1746193619.8140252
0.2532552182674408,0.0078125,25.46875,0.04079676419496536,1.0,5208,5207,1.964202880859375,88.673828125,0.966796875,1626.921306609,41416,-0.11087391525506973,0.5228193998336792,7999488,1746193622.8143766
0.298828125,0.0078125,26.95052146911621,0.049715690314769745,1.0,5229,5228,1.964202880859375,88.673828125,0.966796875,1633.094791074,41584,-0.1301976889371872,0.5976561307907104,8031744,1746193628.9878724
0.267578125,0.0078125,26.23567771911621,0.053006142377853394,1.0,5259,5258,1.964202880859375,88.673828125,0.966796875,1641.952030223,41824,-0.19437529146671295,0.5511492490768433,8077824,1746193637.8451197
0.2610677182674408,0.0078125,25.9296875,0.0528080053627491,1.0,5268,5267,1.964202880859375,88.673828125,0.966796875,1644.594178082,41896,-0.14457648992538452,0.5389304757118225,8091648,1746193640.487286
0.3053385317325592,0.0078125,27.38802146911621,0.05650847777724266,1.0,5278,5277,1.964202880859375,88.673828125,0.966796875,1647.546469614,41976,-0.2248152494430542,0.6106770038604736,8107008,1746193643.439551
0.23828125,0.0078125,25.72135353088379,0.07257908582687378,1.0,5279,5278,1.964202880859375,88.673828125,0.966796875,1647.840230148,41984,-0.23949873447418213,0.5137274265289307,8108544,1746193643.7333224
0.3020833432674408,0.0078125,27.19140625,0.04565581679344177,1.0,5305,5304,1.964202880859375,88.673828125,0.966796875,1655.486072128,42192,-0.12241804599761963,0.604166567325592,8148480,1746193651.379153
0.2083333283662796,0.0078125,26.84765625,0.05688384175300598,1.0,5326,5325,1.964202880859375,88.673828125,0.966796875,1661.654950123,42360,-0.13216641545295715,0.500781238079071,8180736,1746193657.5480227
0.296875,0.0078125,28.43229103088379,0.05995088443160057,1.0,5343,5342,1.964202880859375,88.673828125,0.966796875,1666.65128547,42496,-0.16281871497631073,0.6131293177604675,8206848,1746193662.5443742
0.2545572817325592,0.0078125,27.89974021911621,0.04689636453986168,1.0,5374,5373,1.964202880859375,88.673828125,0.966796875,1675.776652334,42744,-0.15348297357559204,0.5575459599494934,8254464,1746193671.6697428
0.2740885317325592,0.0078125,28.43099021911621,0.04839914292097092,1.0,5386,5385,1.964202880859375,88.673828125,0.966796875,1679.300877167,42840,-0.1711300015449524,0.5943297743797302,8272896,1746193675.1939635
0.3092447817325592,0.0078125,27.55078125,0.05911674350500107,1.0,5392,5391,1.964202880859375,88.673828125,0.966796875,1681.071443623,42888,-0.2128092348575592,0.6184895038604736,8282112,1746193676.964546
0.3033854067325592,0.0078125,28.11588478088379,0.056307028979063034,1.0,5393,5392,1.964202880859375,88.673828125,0.966796875,1681.365415447,42896,-0.1888556182384491,0.6249886751174927,8283648,1746193677.2585194
0.306640625,0.0078125,27.39453125,0.06178160756826401,1.0,5397,5396,1.964202880859375,88.673828125,0.966796875,1682.541127117,42928,-0.2003505676984787,0.6132811307907104,8289792,1746193678.434217
0.2740885317325592,0.0078125,26.6015625,0.05573638156056404,1.0,5405,5404,1.964202880859375,88.673828125,0.966796875,1684.888094542,42992,-0.16790929436683655,0.5659201145172119,8302080,1746193680.7811651
0.3092447817325592,0.0078125,27.57291603088379,0.0525098480284214,1.0,5424,5423,1.964202880859375,88.673828125,0.966796875,1690.48711737,43144,-0.22056874632835388,0.6184895038604736,8331264,1746193686.3802104
0.2897135317325592,0.0078125,27.39713478088379,0.03565247356891632,1.0,5432,5431,1.964202880859375,88.673828125,0.966796875,1692.840644203,43208,-0.19762437045574188,0.5963680148124695,8343552,1746193688.733728
0.3190104067325592,0.0078125,28.09114646911621,0.051726892590522766,1.0,5437,5436,1.964202880859375,88.673828125,0.966796875,1694.30669697,43248,-0.21586911380290985,0.6380207538604736,8351232,1746193690.1997716
0.2864583432674408,0.0078125,27.6328125,0.043523482978343964,1.0,5440,5439,1.964202880859375,88.673828125,0.966796875,1695.188861762,43272,-0.21149225533008575,0.5937637686729431,8355840,1746193691.081955
0.2389322966337204,0.0078125,28.10677146911621,0.04898397624492645,1.0,5498,5497,1.964202880859375,88.673828125,0.966796875,1712.240443724,43736,-0.26492738723754883,0.542963445186615,8444928,1746193708.1335409
0.30859375,0.0078125,27.54947853088379,0.04790079966187477,1.0,5508,5507,1.964202880859375,88.673828125,0.966796875,1715.178809185,43816,-0.23989403247833252,0.6171873807907104,8460288,1746193711.0718896
0.2936197817325592,0.0078125,28.29947853088379,0.04282946139574051,1.0,5526,5525,1.9854320287704468,86.36328125,0.986328125,1720.526384406,43960,-0.23489972949028015,0.6092880964279175,8487936,1746193716.419455
0.263671875,0.0078125,26.04036521911621,0.04187384992837906,1.0,5530,5529,1.9854320287704468,86.36328125,0.986328125,1721.701531246,43992,-0.21737320721149445,0.5454027652740479,8494080,1746193717.5946295
0.2545572817325592,0.0078125,26.88150978088379,0.05661916360259056,1.0,5542,5541,1.9854320287704468,86.36328125,0.986328125,1725.231374502,44088,-0.2609255313873291,0.5472517013549805,8512512,1746193721.1244678
0.302734375,0.0078125,27.20442771911621,0.030586469918489456,1.0,5547,5546,1.9854320287704468,86.36328125,0.986328125,1726.702763274,44128,-0.18947088718414307,0.6054686307907104,8520192,1746193722.5958393
0.2845052182674408,0.0078125,28.00650978088379,0.04077305272221565,1.0,5585,5584,1.9854320287704468,86.36328125,0.986328125,1737.860685966,44432,-0.18689072132110596,0.5963593125343323,8578560,1746193733.7537978
0.3138020932674408,0.0078125,27.7890625,0.04206019639968872,1.0,5587,5586,1.9854320287704468,86.36328125,0.986328125,1738.448844459,44448,-0.1649358868598938,0.627604067325592,8581632,1746193734.341932
0.259765625,0.0078125,26.74609375,0.05144968628883362,1.0,5596,5595,1.9854320287704468,86.36328125,0.986328125,1741.10465006,44520,-0.20037338137626648,0.5556492209434509,8595456,1746193736.9977307
0.3287760317325592,0.0078125,28.49869728088379,0.048753853887319565,1.0,5599,5598,1.9854320287704468,86.36328125,0.986328125,1741.986188528,44544,-0.15739770233631134,0.6575520038604736,8600064,1746193737.8792627
0.2688802182674408,0.0078125,27.40625,0.0440613254904747,1.0,5608,5607,1.9854320287704468,86.36328125,0.986328125,1744.625876902,44616,-0.1303393542766571,0.5745216608047485,8613888,1746193740.5189304
0.2552083432674408,0.0078125,26.73697853088379,0.04168812185525894,1.0,5610,5609,1.9854320287704468,86.36328125,0.986328125,1745.21111553,44632,-0.12999822199344635,0.5498141646385193,8616960,1746193741.104189
0.3092447817325592,0.0078125,27.62239646911621,0.04084887355566025,1.0,5620,5619,1.9854320287704468,86.36328125,0.986328125,1748.142052333,44712,-0.13730815052986145,0.6184895038604736,8632320,1746193744.0351193
0.3079427182674408,0.0078125,27.51432228088379,0.05793922394514084,1.0,5626,5625,1.9854320287704468,86.36328125,0.986328125,1749.906275316,44760,-0.17035654187202454,0.615885317325592,8641536,1746193745.7993608
0.2884114682674408,0.0078125,26.45572853088379,0.06646674871444702,1.0,5637,5636,1.9854320287704468,86.36328125,0.986328125,1753.143547904,44848,-0.18541529774665833,0.576822817325592,8658432,1746193749.0366516
0.2805989682674408,0.0078125,26.98958396911621,0.052982479333877563,1.0,5641,5640,1.9854320287704468,86.36328125,0.986328125,1754.318358795,44880,-0.1570655256509781,0.5792568922042847,8664576,1746193750.2114577
0.2447916716337204,0.0078125,26.75,0.05233807861804962,1.0,5648,5647,1.9854320287704468,86.36328125,0.986328125,1756.37713904,44936,-0.1658935546875,0.5308107137680054,8675328,1746193752.2702036
0.3079427182674408,0.0078125,27.48046875,0.05586119368672371,1.0,5660,5659,1.9854320287704468,86.36328125,0.986328125,1759.900467051,45032,-0.18456414341926575,0.615885317325592,8693760,1746193755.7935562
0.3138020932674408,0.0078125,27.72265625,0.049847740679979324,1.0,5677,5676,1.9854320287704468,86.36328125,0.986328125,1764.917432677,45168,-0.1898958683013916,0.627604067325592,8719872,1746193760.8105297
0.3138020932674408,0.0078125,27.73828125,0.056124307215213776,1.0,5680,5679,1.9854320287704468,86.36328125,0.986328125,1765.798625516,45192,-0.16738393902778625,0.627604067325592,8724480,1746193761.6917033
0.2369791716337204,0.0078125,26.2734375,0.135634183883667,1.0,5709,5708,1.9854320287704468,86.36328125,0.986328125,1774.3247245,45424,-0.18316295742988586,0.5156353116035461,8769024,1746193770.2178009
0.2545572817325592,0.0078125,26.9140625,0.05046018958091736,1.0,5722,5721,1.9854320287704468,86.36328125,0.986328125,1778.146281156,45528,-0.1058628037571907,0.5511648654937744,8788992,1746193774.0393846
0.3209635317325592,0.0078125,28.1640625,0.05719320476055145,1.0,5740,5739,1.9854320287704468,86.36328125,0.986328125,1783.439825717,45672,-0.06918150186538696,0.6419270634651184,8816640,1746193779.3329206
0.2819010317325592,0.0078125,27.51692771911621,0.038713909685611725,1.0,5748,5747,1.9854320287704468,86.36328125,0.986328125,1785.792337066,45736,-0.04793637618422508,0.5869712829589844,8828928,1746193781.6854267
0.267578125,0.0078125,27.37890625,0.035381022840738297,1.0,5762,5761,1.9854320287704468,86.36328125,0.986328125,1789.90460779,45848,-0.075701504945755,0.5710710883140564,8850432,1746193785.7976878
0.3190104067325592,0.0078125,28.07421875,0.04800588637590408,1.0,5776,5775,1.9854320287704468,86.36328125,0.986328125,1794.018726688,45960,-0.11217093467712402,0.6380207538604736,8871936,1746193789.9117951
0.2903645932674408,0.0078125,26.56510353088379,0.04884570091962814,1.0,5786,5785,1.9854320287704468,86.36328125,0.986328125,1796.959880657,46040,-0.09008149802684784,0.580729067325592,8887296,1746193792.8529537
0.2024739533662796,0.0078125,27.22135353088379,0.05015213415026665,1.0,5811,5810,1.9854320287704468,86.36328125,0.986328125,1804.30786862,46240,-0.16582003235816956,0.4970676600933075,8925696,1746193800.2009542
0.251953125,0.0078125,26.78775978088379,0.03436867147684097,1.0,5814,5813,1.9854320287704468,86.36328125,0.986328125,1805.190231845,46264,-0.14952965080738068,0.5434504747390747,8930304,1746193801.0833392
0.2897135317325592,0.0078125,26.54427146911621,0.037446167320013046,1.0,5834,5833,1.9854320287704468,86.36328125,0.986328125,1811.06867643,46424,-0.11563573777675629,0.5794270038604736,8961024,1746193806.9617507
0.2552083432674408,0.0078125,27.0625,0.04256683215498924,1.0,5846,5845,1.9854320287704468,86.36328125,0.986328125,1814.595672796,46520,-0.09866839647293091,0.5508862733840942,8979456,1746193810.4887433
0.2955729067325592,0.0078125,26.86328125,0.04527254030108452,1.0,5848,5847,1.9854320287704468,86.36328125,0.986328125,1815.188401756,46536,-0.08864912390708923,0.5911457538604736,8982528,1746193811.0814672
0.2942708432674408,0.0078125,26.75390625,0.04207533970475197,1.0,5868,5867,1.9551299810409546,88.0234375,0.95703125,1821.132396801,46696,-0.11196360737085342,0.588541567325592,9013248,1746193817.0255113
0.2994791567325592,0.0078125,27.10677146911621,0.042041927576065063,1.0,5872,5871,1.9551299810409546,88.0234375,0.95703125,1822.305630039,46728,-0.1434861719608307,0.5989582538604736,9019392,1746193818.198687
0.306640625,0.0078125,27.46224021911621,0.05814013630151749,1.0,5880,5879,1.9551299810409546,88.0234375,0.95703125,1824.653339887,46792,-0.1668112576007843,0.6132811307907104,9031680,1746193820.546429
0.3125,0.0078125,27.72005271911621,0.039403773844242096,1.0,5883,5882,1.9551299810409546,88.0234375,0.95703125,1825.535699646,46816,-0.11141948401927948,0.6249998807907104,9036288,1746193821.428774
0.2447916716337204,0.0078125,26.3828125,0.046563416719436646,1.0,5893,5892,1.9551299810409546,88.0234375,0.95703125,1828.475700133,46896,-0.12901872396469116,0.524872362613678,9051648,1746193824.368796
0.2923177182674408,0.0078125,26.71354103088379,0.0325392484664917,1.0,5900,5899,1.9551299810409546,88.0234375,0.95703125,1830.540635548,46952,-0.0818304494023323,0.584635317325592,9062400,1746193826.4337416
0.1731770783662796,0.0078125,25.31119728088379,0.043557509779930115,1.0,5909,5908,1.9551299810409546,88.0234375,0.95703125,1833.183129247,47024,-0.10096780210733414,0.4388870894908905,9076224,1746193829.076198
0.2845052182674408,0.0078125,27.21354103088379,0.06323621422052383,1.0,5914,5913,1.9551299810409546,88.0234375,0.95703125,1834.653016874,47064,-0.1221681758761406,0.5870693922042847,9083904,1746193830.5460856
0.2643229067325592,0.0078125,27.1640625,0.041216038167476654,1.0,5927,5926,1.9551299810409546,88.0234375,0.95703125,1838.468469738,47168,-0.10973703116178513,0.5673437118530273,9103872,1746193834.3615706
0.2376302033662796,0.0078125,25.73567771911621,0.03326848894357681,1.0,5934,5933,1.9551299810409546,88.0234375,0.95703125,1840.528383237,47224,-0.12761026620864868,0.5119053721427917,9114624,1746193836.4214604
0.27734375,0.0078125,26.91015625,0.03460153937339783,1.0,5942,5941,1.9551299810409546,88.0234375,0.95703125,1842.879408161,47288,-0.10852816700935364,0.5736978650093079,9126912,1746193838.7725124
0.193359375,0.0078125,24.48046875,0.045441001653671265,1.0,5946,5945,1.9551299810409546,88.0234375,0.95703125,1844.054521504,47320,-0.10568313300609589,0.44073954224586487,9133056,1746193839.94762
0.28125,0.0078125,26.07942771911621,0.060667820274829865,1.0,5950,5949,1.9551299810409546,88.0234375,0.95703125,1845.229277999,47352,-0.16362178325653076,0.5624998807907104,9139200,1746193841.1223521
0.298828125,0.0078125,26.95442771911621,0.037587713450193405,1.0,5957,5956,1.9551299810409546,88.0234375,0.95703125,1847.292383873,47408,-0.16514013707637787,0.5976561307907104,9149952,1746193843.1854675
0.220703125,0.0078125,25.64583396911621,0.042114026844501495,1.0,5966,5965,1.9551299810409546,88.0234375,0.95703125,1849.937710314,47480,-0.17035497725009918,0.49591222405433655,9163776,1746193845.830804
0.3196614682674408,0.0078125,28.11458396911621,0.04182238504290581,1.0,5968,5967,1.9551299810409546,88.0234375,0.95703125,1850.529648582,47496,-0.18632036447525024,0.639322817325592,9166848,1746193846.4227204
0.24609375,0.0078125,26.33203125,0.047022171318531036,1.0,5974,5973,1.9551299810409546,88.0234375,0.95703125,1852.293505352,47544,-0.16854634881019592,0.5328202247619629,9176064,1746193848.1865726
0.177734375,0.0078125,25.49349021911621,0.032495759427547455,1.0,5993,5992,1.9551299810409546,88.0234375,0.95703125,1857.871119618,47696,-0.11968834698200226,0.4408376216888428,9205248,1746193853.764206
0.2291666716337204,0.0078125,26.14453125,0.03218569606542587,1.0,5994,5993,1.9551299810409546,88.0234375,0.95703125,1858.164907612,47704,-0.13427478075027466,0.5136544704437256,9206784,1746193854.0579815
0.2643229067325592,0.0078125,27.90885353088379,0.031597111374139786,1.0,5999,5998,1.9551299810409546,88.0234375,0.95703125,1859.629900932,47744,-0.12767165899276733,0.5696067214012146,9214464,1746193855.5229924
0.26171875,0.0078125,26.87760353088379,0.044658876955509186,1.0,6003,6002,1.9551299810409546,88.0234375,0.95703125,1860.804862982,47776,-0.14829477667808533,0.5573437213897705,9220608,1746193856.697942
0.2278645783662796,0.0078125,25.10025978088379,0.06096917390823364,1.0,6004,6003,1.9551299810409546,88.0234375,0.95703125,1861.096996444,47784,-0.168281689286232,0.4915216863155365,9222144,1746193856.9900746
0.2825520932674408,0.0078125,26.15494728088379,0.0366479828953743,1.0,6034,6033,1.9551299810409546,88.0234375,0.95703125,1869.921355293,48024,-0.1611865758895874,0.565104067325592,9268224,1746193865.8144002
0.3333333432674408,0.0078125,28.72786521911621,0.04585207998752594,1.0,6035,6034,1.9551299810409546,88.0234375,0.95703125,1870.215186668,48032,-0.15585964918136597,0.666666567325592,9269760,1746193866.1082613
0.2727864682674408,0.0078125,27.359375,0.041546836495399475,1.0,6036,6035,1.9551299810409546,88.0234375,0.95703125,1870.511423594,48040,-0.1778324544429779,0.5802568793296814,9271296,1746193866.4044917
0.296875,0.0078125,27.79427146911621,0.0547177791595459,1.0,6037,6036,1.9551299810409546,88.0234375,0.95703125,1870.803687801,48048,-0.17853021621704102,0.6105450391769409,9272832,1746193866.6967568
0.3072916567325592,0.0078125,27.49349021911621,0.04978302866220474,1.0,6040,6039,1.9551299810409546,88.0234375,0.95703125,1871.683547282,48072,-0.2248346209526062,0.6145832538604736,9277440,1746193867.5766356
0.32421875,0.0078125,28.296875,0.051439590752124786,1.0,6050,6049,1.9551299810409546,88.0234375,0.95703125,1874.626033499,48152,-0.20617926120758057,0.6484373807907104,9292800,1746193870.5191052
0.2298177033662796,0.0078125,27.13802146911621,0.03843146562576294,1.0,6053,6052,1.9551299810409546,88.0234375,0.95703125,1875.508448713,48176,-0.17075318098068237,0.5250624418258667,9297408,1746193871.4015427
0.2428385466337204,0.0078125,26.27994728088379,0.02979261614382267,1.0,6062,6061,1.9551299810409546,88.0234375,0.95703125,1878.156197466,48248,-0.16486190259456635,0.5225659012794495,9311232,1746193874.049269
0.318359375,0.0078125,27.90885353088379,0.0335845872759819,1.0,6065,6064,1.9551299810409546,88.0234375,0.95703125,1879.0376162,48272,-0.16705723106861115,0.6367186307907104,9315840,1746193874.9307125
0.2454427033662796,0.0078125,26.10286521911621,0.04524388536810875,1.0,6123,6122,1.9551299810409546,88.0234375,0.95703125,1896.109793543,48736,-0.20211583375930786,0.5266509652137756,9404928,1746193892.0028915
0.1770833283662796,0.0078125,25.796875,0.05930805951356888,1.0,6165,6164,1.9551299810409546,88.0234375,0.95703125,1908.45548021,49072,-0.1644209772348404,0.44135236740112305,9469440,1746193904.3485708
0.1868489533662796,0.0078125,27.45703125,0.06629014015197754,1.0,6176,6175,1.8049372434616089,90.3828125,0.822265625,1911.748483801,49160,-0.1632530689239502,0.4731987416744232,9486336,1746193907.6415927
0.248046875,0.0078125,26.15104103088379,0.05650632828474045,1.0,6188,6187,1.8049372434616089,90.3828125,0.822265625,1915.274916163,49256,-0.23066480457782745,0.5317047834396362,9504768,1746193911.1679885
0.2845052182674408,0.0078125,27.828125,0.05838799104094505,1.0,6221,6220,1.8049372434616089,90.3828125,0.822265625,1924.987862721,49520,-0.1771833747625351,0.5917238593101501,9555456,1746193920.8809211
0.240234375,0.0078125,25.76692771911621,0.06914722919464111,1.0,6255,6254,1.8049372434616089,90.3828125,0.822265625,1934.983625366,49792,-0.22588101029396057,0.5162708163261414,9607680,1746193930.8767028
0.2532552182674408,0.0078125,25.98307228088379,0.06410571932792664,1.0,6257,6256,1.8049372434616089,90.3828125,0.822265625,1935.571614802,49808,-0.19631096720695496,0.5266900062561035,9610752,1746193931.4647036
0.265625,0.0078125,26.19921875,0.06539679318666458,1.0,6258,6257,1.8049372434616089,90.3828125,0.822265625,1935.872251183,49816,-0.15826675295829773,0.5491388440132141,9612288,1746193931.7652583
0.2252604216337204,0.0078125,25.90234375,0.06732213497161865,1.0,6259,6258,1.8049372434616089,90.3828125,0.822265625,1936.1667789,49824,-0.1924382895231247,0.49944788217544556,9613824,1746193932.0598507
0.3020833432674408,0.0078125,27.20442771911621,0.06683343648910522,1.0,6265,6264,1.8049372434616089,90.3828125,0.822265625,1937.926610841,49872,-0.18858474493026733,0.604166567325592,9623040,1746193933.8196905
0.1953125,0.0078125,25.16275978088379,0.08814015984535217,1.0,6275,6274,1.8049372434616089,90.3828125,0.822265625,1940.868412596,49952,-0.1968395709991455,0.45855897665023804,9638400,1746193936.7614274
0.2141927033662796,0.0078125,25.21354103088379,0.07325659692287445,1.0,6290,6289,1.8049372434616089,90.3828125,0.822265625,1945.27452936,50072,-0.20199653506278992,0.48139488697052,9661440,1746193941.1676183
0.26171875,0.0078125,27.5078125,0.052959609776735306,1.0,6294,6293,1.8049372434616089,90.3828125,0.822265625,1946.450688659,50104,-0.17094719409942627,0.5648193955421448,9667584,1746193942.3437793
0.26171875,0.0078125,27.01171875,0.054313234984874725,1.0,6301,6300,1.8049372434616089,90.3828125,0.822265625,1948.522748365,50160,-0.18535751104354858,0.5613463521003723,9678336,1746193944.415814
0.3033854067325592,0.0078125,27.30208396911621,0.06626188009977341,1.0,6317,6316,1.8049372434616089,90.3828125,0.822265625,1953.230293976,50288,-0.1826314926147461,0.6067707538604736,9702912,1746193949.123379
0.22265625,0.0078125,26.0625,0.06106982380151749,1.0,6321,6320,1.8049372434616089,90.3828125,0.822265625,1954.408038227,50320,-0.1782211810350418,0.4981466829776764,9709056,1746193950.3011384
0.2845052182674408,0.0078125,27.1171875,0.06665217876434326,1.0,6323,6322,1.8049372434616089,90.3828125,0.822265625,1954.994045667,50336,-0.19926398992538452,0.5870693922042847,9712128,1746193950.8871307
0.2571614682674408,0.0078125,26.56640625,0.07305773347616196,1.0,6334,6333,1.8049372434616089,90.3828125,0.822265625,1958.232343159,50424,-0.12237396836280823,0.5496388673782349,9729024,1746193954.125437
0.2526041567325592,0.0078125,26.39322853088379,0.06440950930118561,1.0,6337,6336,1.8049372434616089,90.3828125,0.822265625,1959.114290112,50448,-0.1426110714673996,0.5394304990768433,9733632,1746193955.0073612
0.2174479216337204,0.0078125,25.37890625,0.05510042607784271,1.0,6350,6349,1.8049372434616089,90.3828125,0.822265625,1962.936463587,50552,-0.16512158513069153,0.4881249666213989,9753600,1746193958.829532
0.3131510317325592,0.0078125,27.77083396911621,0.0567440390586853,1.0,6361,6360,1.8049372434616089,90.3828125,0.822265625,1966.170303261,50640,-0.11537210643291473,0.6263020038604736,9770496,1746193962.0633798
0.30859375,0.0078125,27.57942771911621,0.061893194913864136,1.0,6367,6366,1.8049372434616089,90.3828125,0.822265625,1967.934101158,50688,-0.12184149026870728,0.6171873807907104,9779712,1746193963.8271883
0.3235677182674408,0.0078125,28.30338478088379,0.04791006073355675,1.0,6377,6376,1.8049372434616089,90.3828125,0.822265625,1970.883854543,50768,-0.13343723118305206,0.647135317325592,9795072,1746193966.776941
0.3001302182674408,0.0078125,28.23958396911621,0.061526570469141006,1.0,6404,6403,1.8049372434616089,90.3828125,0.822265625,1978.814259359,50984,-0.12180984765291214,0.6224392056465149,9836544,1746193974.7073555
0.3020833432674408,0.0078125,27.23307228088379,0.0539047010242939,1.0,6405,6404,1.8049372434616089,90.3828125,0.822265625,1979.106442089,50992,-0.11198215186595917,0.604166567325592,9838080,1746193974.9995298
0.3053385317325592,0.0078125,28.14453125,0.059510692954063416,1.0,6423,6422,1.8049372434616089,90.3828125,0.822265625,1984.394733393,51136,-0.09466759115457535,0.6277881264686584,9865728,1746193980.287812
0.267578125,0.0078125,27.10546875,0.05891158804297447,1.0,6435,6434,1.8049372434616089,90.3828125,0.822265625,1987.918570449,51232,-0.09374091029167175,0.5698402523994446,9884160,1746193983.8116572
0.2734375,0.0078125,26.55989646911621,0.06354524940252304,1.0,6448,6447,1.8049372434616089,90.3828125,0.822265625,1991.761021575,51336,-0.0938350260257721,0.5633541345596313,9904128,1746193987.6541166
0.2799479067325592,0.0078125,26.81119728088379,0.05762934312224388,1.0,6450,6449,1.8049372434616089,90.3828125,0.822265625,1992.346979211,51352,-0.07859720289707184,0.5773228406906128,9907200,1746193988.2400534
0.2506510317325592,0.0078125,27.41536521911621,0.06817367672920227,1.0,6458,6457,1.8049372434616089,90.3828125,0.822265625,1994.695557116,51416,-0.09921981394290924,0.5470771789550781,9919488,1746193990.5886705
0.2701822817325592,0.0078125,26.359375,0.05317254737019539,1.0,6485,6484,1.8049372434616089,90.3828125,0.822265625,2002.629820697,51632,-0.0551973432302475,0.5584139823913574,9960960,1746193998.5229084
0.2252604216337204,0.0078125,26.40234375,0.05633574351668358,1.0,6493,6492,1.8049372434616089,90.3828125,0.822265625,2004.983626014,51696,-0.05629829317331314,0.5100451111793518,9973248,1746194000.8766758
