returned_episode_lengths,returned_won_episode,update_steps,_step,test_returned_episode_returns,loss,returned_episode,_runtime,grad_steps,returned_episode_returns,test_returned_episode_lengths,test_returned_won_episode,test_returned_episode,qvals,env_step,_timestamp
17.98372459411621,0.0,18,17,0.24112875759601593,0.0,0.0416666679084301,49.659986943,0,0.14048296213150024,14.325743675231934,0.0,1.0,0.0,27648,1746181120.3254328
17.56640625,0.0,33,32,0.24112875759601593,0.022472679615020752,0.0429687537252903,51.533334041,16,0.13399620354175568,14.325743675231934,0.0,1.0,-0.011706093326210976,50688,1746181122.1987517
16.73046875,0.0,52,51,0.24112875759601593,0.08915698528289795,0.0475260429084301,60.198798204,168,0.15265151858329773,14.325743675231934,0.0,1.0,0.29463034868240356,79872,1746181130.8642483
17.09700584411621,0.0,94,93,0.24112875759601593,0.06518243253231049,0.0449218787252903,79.365417688,504,0.1501302272081375,14.325743675231934,0.0,1.0,0.3051350712776184,144384,1746181150.030867
17.37239646911621,0.0,126,125,0.24112875759601593,0.04373840242624283,0.0449218787252903,93.96597974,760,0.17853932082653046,14.325743675231934,0.0,1.0,0.22922489047050476,193536,1746181164.6314428
17.961589813232422,0.0,131,130,0.24112875759601593,0.043194979429244995,0.0429687537252903,96.248801052,800,0.164358451962471,14.325743675231934,0.0,1.0,0.2333998680114746,201216,1746181166.9142036
16.533855438232422,0.0,143,142,0.24112875759601593,0.04839770868420601,0.0475260429084301,101.724001433,896,0.17591148614883423,14.325743675231934,0.0,1.0,0.27628976106643677,219648,1746181172.3894246
16.37044334411621,0.0,186,185,0.24112875759601593,0.1643892228603363,0.0475260429084301,121.347315287,1240,0.1890743523836136,14.325743675231934,0.0,1.0,0.22641080617904663,285696,1746181192.012757
17.688152313232422,0.0,195,194,0.24112875759601593,0.1183094009757042,0.0436197929084301,125.453807977,1312,0.16691526770591736,14.325743675231934,0.0,1.0,0.228041410446167,299520,1746181196.119249
17.39388084411621,0.0,199,198,0.24112875759601593,0.14132051169872284,0.0436197929084301,127.27854057,1344,0.18612690269947052,14.325743675231934,0.0,1.0,0.20476019382476807,305664,1746181197.9439702
17.55599021911621,0.0,216,215,0.24112875759601593,0.1617809385061264,0.0449218787252903,135.034290081,1480,0.16459518671035767,14.325743675231934,0.0,1.0,0.13614723086357117,331776,1746181205.6997154
16.97005271911621,0.0,247,246,0.24112875759601593,0.19616398215293884,0.0462239608168602,149.185845326,1728,0.17812500894069672,14.325743675231934,0.0,1.0,0.1541624367237091,379392,1746181219.851306
18.30208396911621,0.0,258,257,0.24112875759601593,0.1868617832660675,0.0423177108168602,154.208612619,1816,0.15916195511817932,14.325743675231934,0.0,1.0,0.1646760106086731,396288,1746181224.8740494
17.479167938232422,0.0,260,259,0.24112875759601593,0.1843298375606537,0.0436197929084301,155.120829678,1832,0.18549954891204834,14.325743675231934,0.0,1.0,0.15486589074134827,399360,1746181225.7862527
17.166015625,0.0,267,266,0.24112875759601593,0.0987337976694107,0.0455729179084301,158.315528578,1888,0.19960938394069672,14.325743675231934,0.0,1.0,0.19707685708999634,410112,1746181228.9809604
16.604167938232422,0.0,290,289,0.24112875759601593,0.15829864144325256,0.0475260429084301,168.819014704,2072,0.22671639919281006,14.325743675231934,0.0,1.0,0.1487381011247635,445440,1746181239.4844718
17.209636688232422,0.0,311,310,0.24112875759601593,0.06343754380941391,0.0462239608168602,178.402581534,2240,0.24112220108509064,14.325743675231934,0.0,1.0,0.14354950189590454,477696,1746181249.0679808
17.080078125,0.0,325,324,0.564441978931427,0.054067835211753845,0.0462239608168602,184.910105182,2352,0.24281491339206696,19.12710189819336,0.0,1.0,0.1521562933921814,499200,1746181255.5755136
16.531902313232422,0.0,344,343,0.564441978931427,0.053640227764844894,0.0449218787252903,193.580547103,2504,0.27470412850379944,19.12710189819336,0.0,1.0,0.15082888305187225,528384,1746181264.2459824
16.86067771911621,0.0,346,345,0.564441978931427,0.05312317609786987,0.0442708358168602,194.494135715,2520,0.2530895173549652,19.12710189819336,0.0,1.0,0.1468321979045868,531456,1746181265.159566
15.306641578674316,0.0,349,348,0.564441978931427,0.05668618530035019,0.0501302108168602,195.862888369,2544,0.29917147755622864,19.12710189819336,0.0,1.0,0.1460072547197342,536064,1746181266.5283334
16.91796875,0.0,367,366,0.564441978931427,0.05182383954524994,0.0462239608168602,204.072728939,2688,0.2990412414073944,19.12710189819336,0.0,1.0,0.14175637066364288,563712,1746181274.738173
15.818360328674316,0.0,374,373,0.564441978931427,0.052165329456329346,0.0501302108168602,207.265490442,2744,0.3076705038547516,19.12710189819336,0.0,1.0,0.14068098366260529,574464,1746181277.9309423
13.858073234558105,0.0,403,402,0.564441978931427,0.07133658230304718,0.0605468787252903,220.506417274,2976,0.3391335904598236,19.12710189819336,0.0,1.0,0.07776527106761932,619008,1746181291.171854
17.130859375,0.0,436,435,0.564441978931427,0.0954500362277031,0.0436197929084301,235.629848164,3240,0.36780309677124023,19.12710189819336,0.0,1.0,0.04991784319281578,669696,1746181306.2953036
14.305990219116211,0.0,452,451,0.564441978931427,0.04850482940673828,0.0579427108168602,242.934308625,3368,0.4286932349205017,19.12710189819336,0.0,1.0,0.06142513453960419,694272,1746181313.5997458
13.597005844116211,0.0,475,474,0.564441978931427,0.05814848095178604,0.0625,253.436691587,3552,0.41596829891204834,19.12710189819336,0.0,1.0,0.06508128345012665,729600,1746181324.1021545
13.445313453674316,0.0,486,485,0.564441978931427,0.036228761076927185,0.0618489608168602,258.454073275,3640,0.4405895173549652,19.12710189819336,0.0,1.0,0.060657549649477005,746496,1746181329.119525
13.156901359558105,0.0,493,492,0.564441978931427,0.04592781513929367,0.0638020858168602,261.651059688,3696,0.4457978308200836,19.12710189819336,0.0,1.0,0.0669524222612381,757248,1746181332.3164914
13.653646469116211,0.0,518,517,0.564441978931427,0.06798388808965683,0.0611979216337204,273.057658801,3896,0.46889206767082214,19.12710189819336,0.0,1.0,0.04695484787225723,795648,1746181343.7231095
13.800782203674316,0.0,523,522,0.564441978931427,0.06890389323234558,0.0611979216337204,275.3377303,3936,0.48519182205200195,19.12710189819336,0.0,1.0,0.03659522160887718,803328,1746181346.0031571
13.942057609558105,0.0,529,528,0.564441978931427,0.08551108837127686,0.0605468787252903,278.074439704,3984,0.4760062098503113,19.12710189819336,0.0,1.0,-0.010423406958580017,812544,1746181348.7398827
14.664063453674316,0.0,546,545,0.564441978931427,0.050350647419691086,0.0572916679084301,285.830675667,4120,0.5027936100959778,19.12710189819336,0.0,1.0,-0.008438936434686184,838656,1746181356.496125
13.120443344116211,0.0,557,556,0.564441978931427,0.06581741571426392,0.0611979216337204,290.849190906,4208,0.4788115620613098,19.12710189819336,0.0,1.0,-0.01586281508207321,855552,1746181361.5146427
12.815104484558105,0.0,560,559,0.564441978931427,0.05459604039788246,0.0638020858168602,292.217458604,4232,0.4930397868156433,19.12710189819336,0.0,1.0,-0.021449733525514603,860160,1746181362.8828652
13.559245109558105,0.0,578,577,0.564441978931427,0.05884358286857605,0.0618489608168602,300.426580596,4376,0.5409446358680725,19.12710189819336,0.0,1.0,-0.020015515387058258,887808,1746181371.092033
13.628255844116211,0.0,615,614,0.564441978931427,0.06739526987075806,0.0611979216337204,317.310705,4672,0.5724905729293823,19.12710189819336,0.0,1.0,-0.05144893005490303,944640,1746181387.9761357
13.845052719116211,0.0,642,641,0.564441978931427,0.08497098088264465,0.0605468787252903,329.629244491,4888,0.590329110622406,19.12710189819336,0.0,1.0,-0.07977133989334106,986112,1746181400.2946959
13.877604484558105,0.0,644,643,0.564441978931427,0.07417114078998566,0.0598958358168602,330.544751857,4904,0.562926173210144,19.12710189819336,0.0,1.0,-0.09588144719600677,989184,1746181401.2102222
16.22395896911621,0.02148437686264515,667,666,0.6500900387763977,0.07947781682014465,0.0462239608168602,341.159252034,5088,0.6063329577445984,15.413430213928223,0.004760711453855038,1.0,-0.11771766096353531,1024512,1746181411.8246825
14.248047828674316,0.0,679,678,0.6500900387763977,0.0718020647764206,0.0566406287252903,346.633266355,5184,0.5867780447006226,15.413430213928223,0.004760711453855038,1.0,-0.133256733417511,1042944,1746181417.2987092
14.528646469116211,0.005859375465661287,684,683,0.6500900387763977,0.07276648283004761,0.0488281287252903,348.913368596,5224,0.5602864623069763,15.413430213928223,0.004760711453855038,1.0,-0.12462431937456131,1050624,1746181419.578814
15.321615219116211,0.010416666977107525,690,689,0.6500900387763977,0.08165612816810608,0.0481770858168602,351.660993666,5272,0.5744674205780029,15.413430213928223,0.004760711453855038,1.0,-0.11720052361488342,1059840,1746181422.3264432
13.828776359558105,0.02083333395421505,693,692,0.6500900387763977,0.08823953568935394,0.0592447929084301,353.029080407,5296,0.6203481554985046,15.413430213928223,0.004760711453855038,1.0,-0.12907856702804565,1064448,1746181423.6945357
14.231120109558105,0.0,716,715,0.6500900387763977,0.05920399725437164,0.0566406287252903,363.523008832,5480,0.6045218706130981,15.413430213928223,0.004760711453855038,1.0,-0.15066632628440857,1099776,1746181434.1884186
15.078776359558105,0.0,728,727,0.6500900387763977,0.0728577971458435,0.0540364608168602,368.999365769,5576,0.6094816327095032,15.413430213928223,0.004760711453855038,1.0,-0.14442488551139832,1118208,1746181439.6648104
15.444011688232422,0.0,740,739,0.6500900387763977,0.11536149680614471,0.0514322929084301,374.474441298,5672,0.6132458448410034,15.413430213928223,0.004760711453855038,1.0,-0.1610434651374817,1136640,1746181445.139878
15.147135734558105,0.008463541977107525,751,750,0.6500900387763977,0.09393711388111115,0.0488281287252903,379.493874758,5760,0.586908221244812,15.413430213928223,0.004760711453855038,1.0,-0.18996849656105042,1153536,1746181450.1593258
14.190755844116211,0.0,759,758,0.6500900387763977,0.09452960640192032,0.0579427108168602,383.146714456,5824,0.6264323592185974,15.413430213928223,0.004760711453855038,1.0,-0.20850932598114014,1165824,1746181453.8121512
14.834635734558105,0.0345052108168602,762,761,0.6500900387763977,0.07682883739471436,0.0546875037252903,384.515339905,5848,0.6609494686126709,15.413430213928223,0.004760711453855038,1.0,-0.19928249716758728,1170432,1746181455.1807835
14.887370109558105,0.00390625,765,764,0.6500900387763977,0.08468306064605713,0.0546875037252903,385.884721893,5872,0.6290484666824341,15.413430213928223,0.004760711453855038,1.0,-0.18723148107528687,1175040,1746181456.5501516
15.380860328674316,0.0,795,794,0.6500900387763977,0.09357105195522308,0.0527343787252903,399.583875236,6112,0.6059186458587646,15.413430213928223,0.004760711453855038,1.0,-0.194372296333313,1221120,1746181470.2493246
13.946615219116211,0.0,812,811,0.6500900387763977,0.07711425423622131,0.0598958358168602,407.344218765,6248,0.6084162592887878,15.413430213928223,0.004760711453855038,1.0,-0.18917110562324524,1247232,1746181478.0096524
13.897787094116211,0.0,813,812,0.6500900387763977,0.09018190950155258,0.0605468787252903,407.800480095,6256,0.6132457852363586,15.413430213928223,0.004760711453855038,1.0,-0.19259366393089294,1248768,1746181478.465923
13.679688453674316,0.02278645895421505,819,818,0.6500900387763977,0.09311812371015549,0.0611979216337204,410.544333203,6304,0.6367425322532654,15.413430213928223,0.004760711453855038,1.0,-0.18891838192939758,1257984,1746181481.2097502
13.958333969116211,0.010416666977107525,822,821,0.6500900387763977,0.09686047583818436,0.0605468787252903,411.913131488,6328,0.6264205574989319,15.413430213928223,0.004760711453855038,1.0,-0.21137747168540955,1262592,1746181482.5784652
13.837891578674316,0.009765625931322575,827,826,0.6500900387763977,0.08847547322511673,0.0592447929084301,414.194152236,6368,0.627900242805481,15.413430213928223,0.004760711453855038,1.0,-0.2095983922481537,1270272,1746181484.8595743
14.555990219116211,0.010416666977107525,889,888,0.6500900387763977,0.08907651901245117,0.0579427108168602,442.510885444,6864,0.6329072713851929,15.413430213928223,0.004760711453855038,1.0,-0.25089260935783386,1365504,1746181513.1763349
13.214844703674316,0.0,900,899,0.6500900387763977,0.10535020381212234,0.0625,447.536329561,6952,0.5953243970870972,15.413430213928223,0.004760711453855038,1.0,-0.2597726583480835,1382400,1746181518.2017927
14.310547828674316,0.02278645895421505,920,919,0.6500900387763977,0.0790661871433258,0.0572916679084301,456.668895235,7112,0.633972704410553,15.413430213928223,0.004760711453855038,1.0,-0.295513391494751,1413120,1746181527.3343632
14.656250953674316,0.0,941,940,0.6500900387763977,0.08884015679359436,0.0553385429084301,466.253442323,7280,0.6244556307792664,15.413430213928223,0.004760711453855038,1.0,-0.30024248361587524,1445376,1746181536.918883
14.639323234558105,0.01888020895421505,951,950,0.6500900387763977,0.12006190419197083,0.0559895858168602,470.815889641,7360,0.6465672850608826,15.413430213928223,0.004760711453855038,1.0,-0.2848316729068756,1460736,1746181541.4813333
14.701823234558105,0.010416666977107525,954,953,0.6500900387763977,0.12054650485515594,0.0520833358168602,472.183953632,7384,0.6315224170684814,15.413430213928223,0.004760711453855038,1.0,-0.29541826248168945,1465344,1746181542.849411
14.186198234558105,0.0,962,961,0.6500900387763977,0.12103331834077835,0.0579427108168602,475.832975591,7448,0.5986980199813843,15.413430213928223,0.004760711453855038,1.0,-0.3163609504699707,1477632,1746181546.4984355
15.680990219116211,0.0345052108168602,966,965,0.6500900387763977,0.10818350315093994,0.0481770858168602,477.660437614,7480,0.6793680191040039,15.413430213928223,0.004760711453855038,1.0,-0.30712807178497314,1483776,1746181548.3258884
15.369792938232422,0.009765625931322575,1001,1000,0.774931013584137,0.09569071233272552,0.0527343787252903,493.750899767,7760,0.6572208404541016,16.84787368774414,0.03810049593448639,1.0,-0.31859034299850464,1537536,1746181564.416354
14.751302719116211,0.0221354179084301,1002,1001,0.774931013584137,0.08969324827194214,0.0546875037252903,494.20712214,7768,0.6564986705780029,16.84787368774414,0.03810049593448639,1.0,-0.3222600817680359,1539072,1746181564.8725631
16.853515625,0.012369791977107525,1011,1010,0.774931013584137,0.11330866813659668,0.0455729179084301,498.314305943,7840,0.616891622543335,16.84787368774414,0.03810049593448639,1.0,-0.33204299211502075,1552896,1746181568.9797575
14.384766578674316,0.01888020895421505,1026,1025,0.774931013584137,0.10774848610162735,0.0566406287252903,505.170093704,7960,0.6598486304283142,16.84787368774414,0.03810049593448639,1.0,-0.33698922395706177,1575936,1746181575.835538
15.266277313232422,0.0403645858168602,1031,1030,0.774931013584137,0.0978122428059578,0.0533854179084301,507.450800516,8000,0.660831093788147,16.84787368774414,0.03810049593448639,1.0,-0.35144707560539246,1583616,1746181578.1162605
14.264323234558105,0.009765625931322575,1036,1035,0.774931013584137,0.12100669741630554,0.0572916679084301,509.731204937,8040,0.6341029405593872,16.84787368774414,0.03810049593448639,1.0,-0.39811694622039795,1591296,1746181580.3966374
14.307291984558105,0.01106770895421505,1039,1038,0.774931013584137,0.1256125420331955,0.0566406287252903,511.103148845,8064,0.6292969584465027,16.84787368774414,0.03810049593448639,1.0,-0.4184179902076721,1595904,1746181581.7686193
14.970052719116211,0.02669270895421505,1058,1057,0.774931013584137,0.10799364745616913,0.0533854179084301,519.771199686,8216,0.6510062217712402,16.84787368774414,0.03810049593448639,1.0,-0.4023129642009735,1625088,1746181590.4366438
14.396485328674316,0.0338541679084301,1060,1059,0.774931013584137,0.09870713949203491,0.0559895858168602,520.686886187,8232,0.6680399179458618,16.84787368774414,0.03810049593448639,1.0,-0.4025665521621704,1628160,1746181591.352332
15.460938453674316,0.0507812537252903,1063,1062,0.774931013584137,0.13248252868652344,0.0527343787252903,522.055373587,8256,0.6901989579200745,16.84787368774414,0.03810049593448639,1.0,-0.3836687207221985,1632768,1746181592.7208118
15.583985328674316,0.0,1081,1080,0.774931013584137,0.11129827797412872,0.0514322929084301,530.268273211,8400,0.6265152096748352,16.84787368774414,0.03810049593448639,1.0,-0.386628657579422,1660416,1746181600.9337168
14.438151359558105,0.0299479179084301,1089,1088,0.774931013584137,0.1430581957101822,0.0559895858168602,533.918495985,8464,0.6500000953674316,16.84787368774414,0.03810049593448639,1.0,-0.3979271650314331,1672704,1746181604.5839365
16.6015625,0.0384114608168602,1104,1103,0.774931013584137,0.17351379990577698,0.0488281287252903,540.761996659,8584,0.6614702343940735,16.84787368774414,0.03810049593448639,1.0,-0.40577834844589233,1695744,1746181611.4274242
17.26953125,0.02278645895421505,1115,1114,0.774931013584137,0.17031708359718323,0.0410156287252903,545.780155691,8672,0.5860914587974548,16.84787368774414,0.03810049593448639,1.0,-0.43978914618492126,1712640,1746181616.4455965
15.251302719116211,0.02864583395421505,1146,1145,0.774931013584137,0.24498535692691803,0.0520833358168602,559.928417624,8920,0.6507576107978821,16.84787368774414,0.03810049593448639,1.0,-0.41937926411628723,1760256,1746181630.5938745
17.625652313232422,0.0,1163,1162,0.774931013584137,0.28429877758026123,0.0449218787252903,567.683429284,9056,0.6454901695251465,16.84787368774414,0.03810049593448639,1.0,-0.5266799926757812,1786368,1746181638.3488688
15.584636688232422,0.01302083395421505,1170,1169,0.774931013584137,0.28525078296661377,0.0507812537252903,570.877051314,9112,0.6406724452972412,16.84787368774414,0.03810049593448639,1.0,-0.5219518542289734,1797120,1746181641.5424871
16.6328125,0.01106770895421505,1174,1173,0.774931013584137,0.37220463156700134,0.0462239608168602,572.701414738,9144,0.6283618211746216,16.84787368774414,0.03810049593448639,1.0,-0.5156854391098022,1803264,1746181643.3668592
15.494141578674316,0.0605468787252903,1195,1194,0.774931013584137,0.3422977924346924,0.0527343787252903,582.286706797,9312,0.6913471817970276,16.84787368774414,0.03810049593448639,1.0,-0.4579627811908722,1835520,1746181652.9521422
15.606771469116211,0.013671875931322575,1200,1199,0.774931013584137,0.37828153371810913,0.0481770858168602,584.566770505,9352,0.6401870846748352,16.84787368774414,0.03810049593448639,1.0,-0.45203861594200134,1843200,1746181655.2322278
15.698568344116211,0.0729166716337204,1204,1203,0.774931013584137,0.31617066264152527,0.0520833358168602,586.39344298,9384,0.7068537473678589,16.84787368774414,0.03810049593448639,1.0,-0.4895143508911133,1849344,1746181657.0588975
15.896485328674316,0.0566406287252903,1230,1229,0.774931013584137,0.4512820839881897,0.0455729179084301,598.256362967,9592,0.6550190448760986,16.84787368774414,0.03810049593448639,1.0,-0.44527167081832886,1889280,1746181668.9218037
16.212890625,0.0494791679084301,1238,1237,0.774931013584137,0.39009684324264526,0.0507812537252903,601.912215664,9656,0.6730943322181702,16.84787368774414,0.03810049593448639,1.0,-0.4640270471572876,1901568,1746181672.5776439
16.466796875,0.0546875037252903,1271,1270,0.774931013584137,0.42434054613113403,0.0488281287252903,616.987038748,9920,0.6945194602012634,16.84787368774414,0.03810049593448639,1.0,-0.4686540961265564,1952256,1746181687.652484
15.145182609558105,0.0533854179084301,1288,1287,0.774931013584137,0.3822576403617859,0.0527343787252903,624.747258865,10056,0.6871212720870972,16.84787368774414,0.03810049593448639,1.0,-0.538884162902832,1978368,1746181695.4126787
16.08984375,0.0449218787252903,1292,1291,0.774931013584137,0.3694821000099182,0.0481770858168602,626.571754719,10088,0.6826468706130981,16.84787368774414,0.03810049593448639,1.0,-0.5366215705871582,1984512,1746181697.237216
16.37434959411621,0.0221354179084301,1294,1293,0.774931013584137,0.34924232959747314,0.0501302108168602,627.484990322,10104,0.6637311577796936,16.84787368774414,0.03810049593448639,1.0,-0.5026388764381409,1987584,1746181698.1504176
15.946615219116211,0.0781250074505806,1324,1323,0.9599155783653259,0.46829935908317566,0.0507812537252903,641.289373969,10344,0.7181819081306458,19.567787170410156,0.1549386829137802,1.0,-0.4474610388278961,2033664,1746181711.954814
16.79427146911621,0.0579427108168602,1326,1325,0.9599155783653259,0.4912944436073303,0.0481770858168602,642.202087866,10360,0.7256866693496704,19.567787170410156,0.1549386829137802,1.0,-0.4441351890563965,2036736,1746181712.8675444
16.595703125,0.0846354216337204,1332,1331,0.9599155783653259,0.4271182417869568,0.0475260429084301,644.939439517,10408,0.7408382296562195,19.567787170410156,0.1549386829137802,1.0,-0.4424762427806854,2045952,1746181715.6049144
16.27734375,0.0488281287252903,1343,1342,0.9599155783653259,0.44486141204833984,0.0494791679084301,649.959947438,10496,0.6692590713500977,19.567787170410156,0.1549386829137802,1.0,-0.45368829369544983,2062848,1746181720.6254032
16.37630271911621,0.0638020858168602,1347,1346,0.9599155783653259,0.4713655710220337,0.0488281287252903,651.789038993,10528,0.717471718788147,19.567787170410156,0.1549386829137802,1.0,-0.4343857169151306,2068992,1746181722.4544454
16.4609375,0.0716145858168602,1360,1359,0.9599155783653259,0.442371129989624,0.0488281287252903,657.719764656,10632,0.716998279094696,19.567787170410156,0.1549386829137802,1.0,-0.4535908102989197,2088960,1746181728.3851418
15.843099594116211,0.0462239608168602,1364,1363,0.9599155783653259,0.48444390296936035,0.0514322929084301,659.544468765,10664,0.6719934344291687,19.567787170410156,0.1549386829137802,1.0,-0.48834893107414246,2095104,1746181730.2099023
14.814454078674316,0.0657552108168602,1367,1366,0.9599155783653259,0.49414896965026855,0.0553385429084301,660.917224456,10688,0.6930043697357178,19.567787170410156,0.1549386829137802,1.0,-0.49395084381103516,2099712,1746181731.5826461
15.122396469116211,0.02473958395421505,1379,1378,0.9599155783653259,0.47648531198501587,0.0520833358168602,666.390681233,10784,0.6603102684020996,19.567787170410156,0.1549386829137802,1.0,-0.5298893451690674,2118144,1746181737.0561323
16.23567771911621,0.0338541679084301,1404,1403,0.9599155783653259,0.5269813537597656,0.0494791679084301,677.803175092,10984,0.6738283038139343,19.567787170410156,0.1549386829137802,1.0,-0.7304844856262207,2156544,1746181748.46861
16.080078125,0.0514322929084301,1406,1405,0.9599155783653259,0.5174440741539001,0.0488281287252903,678.715446454,11000,0.6847420334815979,19.567787170410156,0.1549386829137802,1.0,-0.7025864124298096,2159616,1746181749.3808694
16.54817771911621,0.0462239608168602,1438,1437,0.9599155783653259,0.5898565649986267,0.0475260429084301,693.316645527,11256,0.7043206691741943,19.567787170410156,0.1549386829137802,1.0,-0.6677513122558594,2208768,1746181763.9820724
16.838542938232422,0.0403645858168602,1460,1459,0.9599155783653259,0.6237277388572693,0.0475260429084301,703.355522688,11432,0.6882694363594055,19.567787170410156,0.1549386829137802,1.0,-0.6750370860099792,2242560,1746181774.020973
15.601563453674316,0.0,1467,1466,0.9599155783653259,0.5030725002288818,0.0507812537252903,706.548555046,11488,0.631806492805481,19.567787170410156,0.1549386829137802,1.0,-0.7118501663208008,2253312,1746181777.2140086
15.412110328674316,0.0416666679084301,1472,1471,0.9599155783653259,0.5636059045791626,0.0514322929084301,708.82891798,11528,0.665305495262146,19.567787170410156,0.1549386829137802,1.0,-0.7174357175827026,2260992,1746181779.4943883
15.697266578674316,0.0468750037252903,1485,1484,0.9599155783653259,0.5602980256080627,0.0501302108168602,714.762953605,11632,0.6711175441741943,19.567787170410156,0.1549386829137802,1.0,-0.7311428189277649,2280960,1746181785.4283848
15.291016578674316,0.0690104216337204,1495,1494,0.9599155783653259,0.6531966924667358,0.0533854179084301,719.327650252,11712,0.710144579410553,19.567787170410156,0.1549386829137802,1.0,-0.7842316627502441,2296320,1746181789.993079
16.86328125,0.1165364608168602,1513,1512,0.9599155783653259,0.5816341638565063,0.0475260429084301,727.544068586,11856,0.783179521560669,19.567787170410156,0.1549386829137802,1.0,-0.715048611164093,2323968,1746181798.2095108
16.1484375,0.0878906324505806,1530,1529,0.9599155783653259,0.629534900188446,0.0507812537252903,735.305772768,11992,0.75166916847229,19.567787170410156,0.1549386829137802,1.0,-0.6704903841018677,2350080,1746181805.9712455
15.929688453674316,0.0455729179084301,1545,1544,0.9599155783653259,0.708919882774353,0.0494791679084301,742.152069536,12112,0.688470721244812,19.567787170410156,0.1549386829137802,1.0,-0.6322365999221802,2373120,1746181812.8174963
15.986329078674316,0.0677083358168602,1552,1551,0.9599155783653259,0.7909133434295654,0.0488281287252903,745.344716716,12168,0.7203007936477661,19.567787170410156,0.1549386829137802,1.0,-0.5970645546913147,2383872,1746181816.0101666
16.125,0.0598958358168602,1581,1580,0.9599155783653259,0.7447463274002075,0.0494791679084301,758.583630402,12400,0.7093750834465027,19.567787170410156,0.1549386829137802,1.0,-0.6584330201148987,2428416,1746181829.2490726
16.62434959411621,0.0878906324505806,1588,1587,0.9599155783653259,0.8142732381820679,0.0488281287252903,761.783227954,12456,0.7429807186126709,19.567787170410156,0.1549386829137802,1.0,-0.6386917233467102,2439168,1746181832.4486601
16.66145896911621,0.0742187574505806,1601,1600,0.9599155783653259,0.6677933931350708,0.0475260429084301,767.715675906,12560,0.7184423208236694,19.567787170410156,0.1549386829137802,1.0,-0.6455135345458984,2459136,1746181838.381139
16.1796875,0.1341145932674408,1604,1603,0.9599155783653259,0.6180760264396667,0.0481770858168602,769.084550948,12584,0.7880682945251465,19.567787170410156,0.1549386829137802,1.0,-0.6380667686462402,2463744,1746181839.7499955
16.553386688232422,0.0690104216337204,1608,1607,0.9599155783653259,0.560126006603241,0.0468750037252903,770.911776903,12616,0.7168561816215515,19.567787170410156,0.1549386829137802,1.0,-0.6225939989089966,2469888,1746181841.57725
16.19661521911621,0.0852864608168602,1623,1622,0.9599155783653259,0.587936520576477,0.0488281287252903,777.754422367,12736,0.7391217947006226,19.567787170410156,0.1549386829137802,1.0,-0.6353505849838257,2492928,1746181848.4198565
16.168621063232422,0.0898437574505806,1645,1644,0.9736661314964294,0.5543783903121948,0.0494791679084301,787.91561574,12912,0.7484967708587646,19.721240997314453,0.16862745583057404,1.0,-0.7212514877319336,2526720,1746181858.5810728
16.255859375,0.1009114608168602,1657,1656,0.9736661314964294,0.4478575587272644,0.0488281287252903,793.392115817,13008,0.7708334922790527,19.721240997314453,0.16862745583057404,1.0,-0.7348218560218811,2545152,1746181864.057555
16.05859375,0.0944010466337204,1665,1664,0.9736661314964294,0.47794198989868164,0.0507812537252903,797.04958646,13072,0.7384943962097168,19.721240997314453,0.16862745583057404,1.0,-0.7289152145385742,2557440,1746181867.7150235
15.042318344116211,0.0826822966337204,1673,1672,0.9736661314964294,0.5549652576446533,0.0540364608168602,800.702353108,13136,0.7351444363594055,19.721240997314453,0.16862745583057404,1.0,-0.723138689994812,2569728,1746181871.3678153
14.673829078674316,0.02473958395421505,1679,1678,0.9736661314964294,0.53875732421875,0.0546875037252903,803.439221788,13184,0.6376540064811707,19.721240997314453,0.16862745583057404,1.0,-0.7374738454818726,2578944,1746181874.1046767
15.034505844116211,0.064453125,1683,1682,0.9736661314964294,0.5894476771354675,0.0527343787252903,805.264175271,13216,0.7115650177001953,19.721240997314453,0.16862745583057404,1.0,-0.7631074786186218,2585088,1746181875.9296207
15.077474594116211,0.0963541716337204,1692,1691,0.9736661314964294,0.5903390645980835,0.0540364608168602,809.371900044,13288,0.7377841472625732,19.721240997314453,0.16862745583057404,1.0,-0.7782902717590332,2598912,1746181880.0373418
15.319011688232422,0.0579427108168602,1693,1692,0.9736661314964294,0.5595859289169312,0.0520833358168602,809.828013862,13296,0.7034092545509338,19.721240997314453,0.16862745583057404,1.0,-0.7691524028778076,2600448,1746181880.4934368
14.677083969116211,0.0527343787252903,1722,1721,0.9736661314964294,0.5170973539352417,0.0553385429084301,823.08187877,13528,0.6613755822181702,19.721240997314453,0.16862745583057404,1.0,-0.738647997379303,2644992,1746181893.747341
16.510417938232422,0.0462239608168602,1734,1733,0.9736661314964294,0.6239335536956787,0.0468750037252903,828.555924331,13624,0.6963661313056946,19.721240997314453,0.16862745583057404,1.0,-0.8841226100921631,2663424,1746181899.2213745
16.35286521911621,0.0481770858168602,1736,1735,0.9736661314964294,0.5781646370887756,0.0488281287252903,829.471259046,13640,0.691477358341217,19.721240997314453,0.16862745583057404,1.0,-0.886115550994873,2666496,1746181900.1366556
16.50390625,0.0885416716337204,1769,1768,0.9736661314964294,0.6458485126495361,0.0475260429084301,844.525908128,13904,0.7581085562705994,19.721240997314453,0.16862745583057404,1.0,-0.90594482421875,2717184,1746181915.191369
16.60677146911621,0.0716145858168602,1783,1782,0.9736661314964294,0.922803521156311,0.0475260429084301,850.922620893,14016,0.731782853603363,19.721240997314453,0.16862745583057404,1.0,-0.9496740698814392,2738688,1746181921.588078
16.41927146911621,0.0904947966337204,1798,1797,0.9736661314964294,0.6704330444335938,0.0475260429084301,857.768119736,14136,0.7472538948059082,19.721240997314453,0.16862745583057404,1.0,-0.8952255249023438,2761728,1746181928.433526
16.83724021911621,0.0826822966337204,1806,1805,0.9736661314964294,0.7357990145683289,0.0468750037252903,861.420643896,14200,0.7554214596748352,19.721240997314453,0.16862745583057404,1.0,-0.9355990290641785,2774016,1746181932.0860767
16.533203125,0.1432291716337204,1813,1812,0.9736661314964294,0.8121447563171387,0.0488281287252903,864.61392639,14256,0.831321120262146,19.721240997314453,0.16862745583057404,1.0,-0.9506433606147766,2784768,1746181935.279389
16.716796875,0.0930989608168602,1818,1817,0.9736661314964294,0.8217600584030151,0.0468750037252903,866.894272389,14296,0.7729049921035767,19.721240997314453,0.16862745583057404,1.0,-0.9605774879455566,2792448,1746181937.5596528
16.754558563232422,0.1341145932674408,1819,1818,0.9736661314964294,0.7918357253074646,0.0462239608168602,867.350068958,14304,0.8130446672439575,19.721240997314453,0.16862745583057404,1.0,-0.9779744148254395,2793984,1746181938.0155327
15.316407203674316,0.0605468787252903,1830,1829,0.9736661314964294,0.7969649434089661,0.0527343787252903,872.374606027,14392,0.6977628469467163,19.721240997314453,0.16862745583057404,1.0,-0.9371920824050903,2810880,1746181943.040017
16.71875,0.0976562574505806,1835,1834,0.9736661314964294,0.7884382009506226,0.0468750037252903,874.655101548,14432,0.7518703937530518,19.721240997314453,0.16862745583057404,1.0,-0.8535064458847046,2818560,1746181945.320551
16.54817771911621,0.0338541679084301,1840,1839,0.9736661314964294,0.7753378748893738,0.0475260429084301,876.935662173,14472,0.6815460324287415,19.721240997314453,0.16862745583057404,1.0,-0.8675351142883301,2826240,1746181947.6010404
16.46419334411621,0.1165364608168602,1862,1861,0.9736661314964294,0.794274628162384,0.0481770858168602,886.975041757,14648,0.7762666344642639,19.721240997314453,0.16862745583057404,1.0,-0.8928411602973938,2860032,1746181957.6405041
16.58203125,0.0722656324505806,1882,1881,0.9736661314964294,0.8542004823684692,0.0462239608168602,896.099720537,14808,0.7252960801124573,19.721240997314453,0.16862745583057404,1.0,-1.0946052074432373,2890752,1746181966.7651808
15.160807609558105,0.0631510466337204,1942,1941,0.9736661314964294,0.7970702648162842,0.0527343787252903,923.481184567,15288,0.7028647661209106,19.721240997314453,0.16862745583057404,1.0,-0.9998660087585449,2982912,1746181994.1466177
15.778646469116211,0.033203125,1952,1951,0.9752543568611145,0.7878793478012085,0.0514322929084301,928.160117104,15368,0.6701350212097168,18.196725845336914,0.16696427762508392,1.0,-1.0186362266540527,2998272,1746181998.8255706
15.690755844116211,0.1243489682674408,1955,1954,0.9752543568611145,0.8005920052528381,0.0501302108168602,929.528667355,15392,0.77571040391922,18.196725845336914,0.16696427762508392,1.0,-1.0287539958953857,3002880,1746182000.194098
15.426433563232422,0.0,1956,1955,0.9752543568611145,0.772753894329071,0.0514322929084301,929.984975121,15400,0.6357600688934326,18.196725845336914,0.16696427762508392,1.0,-1.0218868255615234,3004416,1746182000.6504061
15.454427719116211,0.0833333358168602,1960,1959,0.9752543568611145,0.7890802025794983,0.0514322929084301,931.813440151,15432,0.7391810417175293,18.196725845336914,0.16696427762508392,1.0,-1.0164927244186401,3010560,1746182002.4788766
15.244141578674316,0.0872395858168602,1966,1965,0.9752543568611145,0.8845206499099731,0.0527343787252903,934.550289811,15480,0.7388850450515747,18.196725845336914,0.16696427762508392,1.0,-1.0094249248504639,3019776,1746182005.215737
16.765625,0.0885416716337204,1974,1973,0.9752543568611145,0.7856676578521729,0.0462239608168602,938.198856945,15544,0.7612453699111938,18.196725845336914,0.16696427762508392,1.0,-1.0337650775909424,3032064,1746182008.8643038
15.198568344116211,0.0501302108168602,1990,1989,0.9752543568611145,0.6543987989425659,0.0540364608168602,945.499918672,15672,0.6975853443145752,18.196725845336914,0.16696427762508392,1.0,-1.1340129375457764,3056640,1746182016.1653657
15.037110328674316,0.0950520858168602,2002,2001,0.9752543568611145,0.750961422920227,0.0533854179084301,950.981953485,15768,0.750260591506958,18.196725845336914,0.16696427762508392,1.0,-1.1933666467666626,3075072,1746182021.6474338
15.169922828674316,0.011718750931322575,2013,2012,0.9752543568611145,0.8737980723381042,0.0533854179084301,955.999639566,15856,0.6592448949813843,18.196725845336914,0.16696427762508392,1.0,-1.1885634660720825,3091968,1746182026.6651049
16.395183563232422,0.0839843824505806,2036,2035,0.9752543568611145,1.079685926437378,0.0481770858168602,966.494196826,16040,0.7593751549720764,18.196725845336914,0.16696427762508392,1.0,-1.266052007675171,3127296,1746182037.1596255
15.934896469116211,0.0852864608168602,2056,2055,0.9752543568611145,0.82396399974823,0.0507812537252903,975.62406625,16200,0.7436317205429077,18.196725845336914,0.16696427762508392,1.0,-1.3323742151260376,3158016,1746182046.289488
15.917318344116211,0.0494791679084301,2065,2064,0.9752543568611145,0.7180212736129761,0.0494791679084301,979.731539859,16272,0.6853812336921692,18.196725845336914,0.16696427762508392,1.0,-1.3812618255615234,3171840,1746182050.3969772
16.359375,0.0787760466337204,2079,2078,0.9752543568611145,0.6643680334091187,0.0481770858168602,986.121150133,16384,0.7430043816566467,18.196725845336914,0.16696427762508392,1.0,-1.3473482131958008,3193344,1746182056.786591
16.41536521911621,0.0761718824505806,2089,2088,0.9752543568611145,0.6532021164894104,0.0481770858168602,990.685646057,16464,0.7443183064460754,18.196725845336914,0.16696427762508392,1.0,-1.3239670991897583,3208704,1746182061.351055
16.63606834411621,0.1751302182674408,2090,2089,0.9752543568611145,0.6700306534767151,0.0475260429084301,991.142084649,16472,0.8527108430862427,18.196725845336914,0.16696427762508392,1.0,-1.3288404941558838,3210240,1746182061.8075292
16.973308563232422,0.12890625,2095,2094,0.9752543568611145,0.7092986106872559,0.0468750037252903,993.422845587,16512,0.8140271306037903,18.196725845336914,0.16696427762508392,1.0,-1.3780732154846191,3217920,1746182064.088292
16.76953125,0.2330729216337204,2096,2095,0.9752543568611145,0.6974706053733826,0.0468750037252903,993.878909041,16520,0.933428168296814,18.196725845336914,0.16696427762508392,1.0,-1.3765840530395508,3219456,1746182064.5443506
16.481121063232422,0.0670572966337204,2104,2103,0.9752543568611145,0.6694265007972717,0.0481770858168602,997.529025702,16584,0.7250829935073853,18.196725845336914,0.16696427762508392,1.0,-1.5770317316055298,3231744,1746182068.194395
15.190104484558105,0.06640625,2159,2158,0.9752543568611145,0.780512273311615,0.0533854179084301,1022.64452359,17024,0.7187027335166931,18.196725845336914,0.16696427762508392,1.0,-1.3548086881637573,3316224,1746182093.3099496
14.980469703674316,0.0670572966337204,2203,2202,0.9752543568611145,0.9644348621368408,0.0540364608168602,1042.721849143,17376,0.7041075825691223,18.196725845336914,0.16696427762508392,1.0,-1.2188572883605957,3383808,1746182113.3872993
16.445964813232422,0.1139322966337204,2211,2210,0.9752543568611145,0.9262975454330444,0.0481770858168602,1046.371228284,17440,0.7850853204727173,18.196725845336914,0.16696427762508392,1.0,-1.1787776947021484,3396096,1746182117.0366702
15.720052719116211,0.0729166716337204,2214,2213,0.9752543568611145,0.9419114589691162,0.0507812537252903,1047.739955252,17464,0.7114465832710266,18.196725845336914,0.16696427762508392,1.0,-1.22062349319458,3400704,1746182118.405419
15.800782203674316,0.0820312574505806,2223,2222,0.9752543568611145,0.9119362831115723,0.0494791679084301,1051.848263033,17536,0.7354050278663635,18.196725845336914,0.16696427762508392,1.0,-1.3213627338409424,3414528,1746182122.5137084
15.144532203674316,0.1126302108168602,2227,2226,0.9752543568611145,0.9113463759422302,0.0533854179084301,1053.672383353,17568,0.7670455574989319,18.196725845336914,0.16696427762508392,1.0,-1.3940746784210205,3420672,1746182124.33778
16.731121063232422,0.1243489682674408,2229,2228,0.9752543568611145,0.8565616011619568,0.0475260429084301,1054.58453708,17584,0.8060488700866699,18.196725845336914,0.16696427762508392,1.0,-1.3944140672683716,3423744,1746182125.24999
16.86653709411621,0.1848958432674408,2247,2246,0.9752543568611145,1.0458416938781738,0.0468750037252903,1062.796901022,17728,0.8817354440689087,18.196725845336914,0.16696427762508392,1.0,-1.375610589981079,3451392,1746182133.4623404
16.486980438232422,0.0755208358168602,2269,2268,0.9752543568611145,0.8201233148574829,0.0462239608168602,1072.837386771,17904,0.7342922687530518,18.196725845336914,0.16696427762508392,1.0,-1.5998740196228027,3485184,1746182143.5028267
15.393230438232422,0.0585937537252903,2284,2283,1.1172808408737183,0.729117751121521,0.0520833358168602,1079.797931469,18024,0.6980825066566467,20.292343139648438,0.26682135462760925,1.0,-1.5856564044952393,3508224,1746182150.4633818
16.478515625,0.1171875074505806,2291,2290,1.1172808408737183,0.8202409744262695,0.0468750037252903,1082.992344384,18080,0.7800664901733398,20.292343139648438,0.26682135462760925,1.0,-1.5322725772857666,3518976,1746182153.6577682
16.664714813232422,0.0917968824505806,2296,2295,1.1172808408737183,0.7550903558731079,0.0468750037252903,1085.272753308,18120,0.7536341547966003,20.292343139648438,0.26682135462760925,1.0,-1.5532382726669312,3526656,1746182155.9382246
16.846355438232422,0.138671875,2323,2322,1.1172808408737183,0.6514312028884888,0.0468750037252903,1097.594901499,18336,0.813660204410553,20.292343139648438,0.26682135462760925,1.0,-1.7175233364105225,3568128,1746182168.2603548
16.80599021911621,0.1321614682674408,2330,2329,1.1172808408737183,0.6645625829696655,0.0468750037252903,1100.789847231,18392,0.8229286670684814,20.292343139648438,0.26682135462760925,1.0,-1.7423198223114014,3578880,1746182171.4553058
16.474609375,0.0781250074505806,2334,2333,1.1172808408737183,0.6371201276779175,0.0488281287252903,1102.614386042,18424,0.7440696954727173,20.292343139648438,0.26682135462760925,1.0,-1.7402534484863281,3585024,1746182173.279831
16.748046875,0.1041666716337204,2344,2343,1.1172808408737183,0.6251609921455383,0.0462239608168602,1107.175591441,18504,0.7859258651733398,20.292343139648438,0.26682135462760925,1.0,-1.7831785678863525,3600384,1746182177.841041
16.586589813232422,0.1477864682674408,2366,2365,1.1172808408737183,0.6511920690536499,0.0468750037252903,1117.215453423,18680,0.8255683183670044,20.292343139648438,0.26682135462760925,1.0,-1.792942762374878,3634176,1746182187.8809125
15.746746063232422,0.068359375,2371,2370,1.1172808408737183,0.7979140281677246,0.0514322929084301,1119.496298921,18720,0.7149741053581238,20.292343139648438,0.26682135462760925,1.0,-1.8396129608154297,3641856,1746182190.1617448
15.988933563232422,0.0481770858168602,2383,2382,1.1172808408737183,0.6680541634559631,0.0501302108168602,1124.972649157,18816,0.6933476328849792,20.292343139648438,0.26682135462760925,1.0,-2.0618844032287598,3660288,1746182195.6380847
15.718750953674316,0.130859375,2392,2391,1.1172808408737183,0.5668476819992065,0.0494791679084301,1129.08141864,18888,0.7909565567970276,20.292343139648438,0.26682135462760925,1.0,-2.039381504058838,3674112,1746182199.7468355
14.775391578674316,0.033203125,2411,2410,1.1172808408737183,0.685441255569458,0.0553385429084301,1137.751775875,19040,0.6719224452972412,20.292343139648438,0.26682135462760925,1.0,-2.094639539718628,3703296,1746182208.4172237
15.560547828674316,0.0533854179084301,2425,2424,1.1172808408737183,0.6255151033401489,0.0514322929084301,1144.140138708,19152,0.6934659481048584,20.292343139648438,0.26682135462760925,1.0,-2.4515719413757324,3724800,1746182214.80557
16.0859375,0.130859375,2448,2447,1.1172808408737183,0.6977007389068604,0.0475260429084301,1154.638428275,19336,0.7845644950866699,20.292343139648438,0.26682135462760925,1.0,-2.4602603912353516,3760128,1746182225.303887
16.46875,0.138671875,2449,2448,1.1172808408737183,0.7416083812713623,0.0468750037252903,1155.09441343,19344,0.8032079935073853,20.292343139648438,0.26682135462760925,1.0,-2.4657349586486816,3761664,1746182225.7598903
16.70247459411621,0.1315104216337204,2450,2449,1.1172808408737183,0.7162961959838867,0.0475260429084301,1155.550620884,19352,0.8067354559898376,20.292343139648438,0.26682135462760925,1.0,-2.4977364540100098,3763200,1746182226.2160702
16.51692771911621,0.0950520858168602,2469,2468,1.1172808408737183,0.5962717533111572,0.0462239608168602,1164.220329388,19504,0.7540010213851929,20.292343139648438,0.26682135462760925,1.0,-2.608607292175293,3792384,1746182234.8857658
14.880860328674316,0.0781250074505806,2498,2497,1.1172808408737183,0.9273887276649475,0.0533854179084301,1177.454638548,19736,0.7134825587272644,20.292343139648438,0.26682135462760925,1.0,-2.472679615020752,3836928,1746182248.120051
15.010416984558105,0.033203125,2533,2532,1.1172808408737183,0.9511028528213501,0.0533854179084301,1193.429295948,20016,0.6672468185424805,20.292343139648438,0.26682135462760925,1.0,-2.4834303855895996,3890688,1746182264.0947316
16.07942771911621,0.0761718824505806,2537,2536,1.1172808408737183,1.0385525226593018,0.0501302108168602,1195.260998377,20048,0.7254972457885742,20.292343139648438,0.26682135462760925,1.0,-2.527099609375,3896832,1746182265.9263394
15.608074188232422,0.0553385429084301,2556,2555,1.1172808408737183,0.945473313331604,0.0514322929084301,1203.932551675,20200,0.6841620206832886,20.292343139648438,0.26682135462760925,1.0,-2.497105360031128,3926016,1746182274.5979996
16.556640625,0.1028645858168602,2594,2593,1.1172808408737183,0.7563837170600891,0.0475260429084301,1221.287971788,20504,0.7687737941741943,20.292343139648438,0.26682135462760925,1.0,-2.400012731552124,3984384,1746182291.9534154
16.83919334411621,0.0950520858168602,2600,2599,1.1069231033325195,0.7122625112533569,0.0468750037252903,1224.142776327,20552,0.7791076302528381,20.257389068603516,0.2593822479248047,0.9999999403953552,-2.4570729732513428,3993600,1746182294.808223
16.451171875,0.0807291716337204,2602,2601,1.1069231033325195,0.8127301931381226,0.0462239608168602,1225.055249466,20568,0.7373225092887878,20.257389068603516,0.2593822479248047,0.9999999403953552,-2.3003909587860107,3996672,1746182295.7206926
16.576824188232422,0.1002604216337204,2604,2603,1.1069231033325195,0.8438679575920105,0.0468750037252903,1225.967696185,20584,0.7588897943496704,20.257389068603516,0.2593822479248047,0.9999999403953552,-2.3243954181671143,3999744,1746182296.6331198
16.44661521911621,0.0546875037252903,2618,2617,1.1069231033325195,0.9975287914276123,0.0475260429084301,1232.355825513,20696,0.7085939049720764,20.257389068603516,0.2593822479248047,0.9999999403953552,-2.3721280097961426,4021248,1746182303.02128
16.486980438232422,0.1028645858168602,2622,2621,1.1069231033325195,1.0791106224060059,0.0481770858168602,1234.180788813,20728,0.7682647705078125,20.257389068603516,0.2593822479248047,0.9999999403953552,-2.352644681930542,4027392,1746182304.846247
15.108073234558105,0.0950520858168602,2658,2657,1.1069231033325195,1.2749383449554443,0.0540364608168602,1250.609633331,21016,0.7358784675598145,20.257389068603516,0.2593822479248047,0.9999999403953552,-2.2727088928222656,4082688,1746182321.2750952
15.885417938232422,0.0885416716337204,2695,2694,1.1069231033325195,1.0201029777526855,0.0501302108168602,1267.495189596,21312,0.7397254705429077,20.257389068603516,0.2593822479248047,0.9999999403953552,-2.3650145530700684,4139520,1746182338.1606328
16.9296875,0.1197916716337204,2700,2699,1.1069231033325195,1.114875078201294,0.0468750037252903,1269.776274709,21352,0.8014916181564331,20.257389068603516,0.2593822479248047,0.9999999403953552,-2.2825257778167725,4147200,1746182340.4417174
15.221354484558105,0.0449218787252903,2704,2703,1.1069231033325195,0.8873429298400879,0.0527343787252903,1271.604245198,21384,0.6844935417175293,20.257389068603516,0.2593822479248047,0.9999999403953552,-2.3585205078125,4153344,1746182342.2696846
16.035808563232422,0.0397135429084301,2721,2720,1.1069231033325195,0.877089262008667,0.0494791679084301,1279.359887175,21520,0.685677170753479,20.257389068603516,0.2593822479248047,0.9999999403953552,-2.3712949752807617,4179456,1746182350.02536
16.876953125,0.0957031324505806,2748,2747,1.1069231033325195,0.8391645550727844,0.0462239608168602,1291.68487721,21736,0.762961745262146,20.257389068603516,0.2593822479248047,0.9999999403953552,-2.272094488143921,4220928,1746182362.3503234
15.121745109558105,0.0651041716337204,2802,2801,1.1069231033325195,0.8453018665313721,0.0527343787252903,1316.332955146,22168,0.7109968066215515,20.257389068603516,0.2593822479248047,0.9999999403953552,-2.6118035316467285,4303872,1746182386.998404
15.238282203674316,0.1002604216337204,2811,2810,1.1069231033325195,0.8627630472183228,0.0520833358168602,1320.437997865,22240,0.7560725808143616,20.257389068603516,0.2593822479248047,0.9999999403953552,-2.728745937347412,4317696,1746182391.103431
16.6640625,0.1276041716337204,2830,2829,1.1069231033325195,0.7500801682472229,0.0475260429084301,1329.104039502,22392,0.8061791062355042,20.257389068603516,0.2593822479248047,0.9999999403953552,-2.7340099811553955,4346880,1746182399.7694867
16.799480438232422,0.1562500149011612,2841,2840,1.1069231033325195,0.7009141445159912,0.0481770858168602,1334.122864761,22480,0.8333926200866699,20.257389068603516,0.2593822479248047,0.9999999403953552,-2.831547737121582,4363776,1746182404.7883167
16.469402313232422,0.1569010466337204,2899,2898,1.1069231033325195,0.7153180837631226,0.0481770858168602,1360.595335343,22944,0.8328126668930054,20.257389068603516,0.2593822479248047,0.9999999403953552,-2.9113426208496094,4452864,1746182431.2607605
16.725261688232422,0.1074218824505806,2924,2923,1.1069231033325195,1.1329877376556396,0.0475260429084301,1372.000959583,23144,0.7837122082710266,20.257389068603516,0.2593822479248047,0.9999999403953552,-3.04752254486084,4491264,1746182442.6664035
15.423177719116211,0.0449218787252903,2941,2940,1.128631353378296,0.9798407554626465,0.0520833358168602,1379.874762217,23280,0.703586757183075,20.363576889038086,0.2718479037284851,1.0000001192092896,-3.117290496826172,4517376,1746182450.5402155
16.658855438232422,0.0872395858168602,2986,2985,1.128631353378296,0.999090850353241,0.0468750037252903,1400.407627095,23640,0.7622042298316956,20.363576889038086,0.2718479037284851,1.0000001192092896,-3.2032439708709717,4586496,1746182471.07308
16.848308563232422,0.1145833358168602,2990,2989,1.128631353378296,1.0046710968017578,0.0468750037252903,1402.253969785,23672,0.8004617691040039,20.363576889038086,0.2718479037284851,1.0000001192092896,-3.18894100189209,4592640,1746182472.919442
16.96614646911621,0.1692708432674408,2991,2990,1.128631353378296,1.049562692642212,0.0462239608168602,1402.709971017,23680,0.8590555191040039,20.363576889038086,0.2718479037284851,1.0000001192092896,-3.1580607891082764,4594176,1746182473.3754387
16.671875,0.1328125,3022,3021,1.128631353378296,0.9579797983169556,0.0455729179084301,1416.855457641,23928,0.8108547925949097,20.363576889038086,0.2718479037284851,1.0000001192092896,-2.7889139652252197,4641792,1746182487.5209188
16.717449188232422,0.1354166716337204,3027,3026,1.128631353378296,0.7099460363388062,0.0462239608168602,1419.136446827,23968,0.8234140276908875,20.363576889038086,0.2718479037284851,1.0000001192092896,-2.8740992546081543,4649472,1746182489.8018882
15.505860328674316,0.1282552182674408,3055,3054,1.128631353378296,0.7800081968307495,0.0514322929084301,1431.921200277,24192,0.7820550799369812,20.363576889038086,0.2718479037284851,1.0000001192092896,-3.002333402633667,4692480,1746182502.586635
14.841146469116211,0.0696614608168602,3079,3078,1.128631353378296,0.9329603910446167,0.0540364608168602,1442.872505444,24384,0.7037051320075989,20.363576889038086,0.2718479037284851,1.0000001192092896,-3.0013694763183594,4729344,1746182513.537954
15.212891578674316,0.06640625,3082,3081,1.128631353378296,0.8511088490486145,0.0540364608168602,1444.241327615,24408,0.7231653928756714,20.363576889038086,0.2718479037284851,1.0000001192092896,-3.074280023574829,4733952,1746182514.9067805
15.421875953674316,0.0872395858168602,3092,3091,1.128631353378296,0.9183155298233032,0.0514322929084301,1448.802288054,24488,0.7467213273048401,20.363576889038086,0.2718479037284851,1.0000001192092896,-3.146059513092041,4749312,1746182519.4677489
15.696615219116211,0.1653645932674408,3111,3110,1.128631353378296,0.9717857837677002,0.0514322929084301,1457.471128348,24640,0.8321260809898376,20.363576889038086,0.2718479037284851,1.0000001192092896,-3.326073408126831,4778496,1746182528.1365638
15.059896469116211,0.0319010429084301,3114,3113,1.128631353378296,0.9454272389411926,0.0533854179084301,1458.839858095,24664,0.6747515797615051,20.363576889038086,0.2718479037284851,1.0000001192092896,-3.2364048957824707,4783104,1746182529.5052965
15.613282203674316,0.0631510466337204,3132,3131,1.128631353378296,1.0182158946990967,0.0514322929084301,1467.050570289,24808,0.7215791940689087,20.363576889038086,0.2718479037284851,1.0000001192092896,-3.291720390319824,4810752,1746182537.7160387
15.249349594116211,0.0755208358168602,3143,3142,1.128631353378296,0.9985279440879822,0.0520833358168602,1472.073271311,24896,0.7304216027259827,20.363576889038086,0.2718479037284851,1.0000001192092896,-3.330660104751587,4827648,1746182542.738713
15.863282203674316,0.0891927108168602,3176,3175,1.128631353378296,0.910481333732605,0.0501302108168602,1487.13458951,25160,0.7720763683319092,20.363576889038086,0.2718479037284851,1.0000001192092896,-3.3093924522399902,4878336,1746182557.8000162
15.988933563232422,0.0826822966337204,3192,3191,1.128631353378296,0.7873477935791016,0.0481770858168602,1494.432914775,25288,0.7410985827445984,20.363576889038086,0.2718479037284851,1.0000001192092896,-3.321068525314331,4902912,1746182565.0983844
15.391927719116211,0.0566406287252903,3196,3195,1.128631353378296,0.9028723239898682,0.0527343787252903,1496.256988642,25320,0.7120858430862427,20.363576889038086,0.2718479037284851,1.0000001192092896,-3.253119468688965,4909056,1746182566.9224408
15.565755844116211,0.1529947966337204,3216,3215,1.128631353378296,1.1165523529052734,0.0507812537252903,1505.386076037,25480,0.8266099691390991,20.363576889038086,0.2718479037284851,1.0000001192092896,-3.323073387145996,4939776,1746182576.0515294
15.383464813232422,0.1054687574505806,3240,3239,1.128631353378296,1.145018219947815,0.0533854179084301,1516.337672444,25672,0.7654949426651001,20.363576889038086,0.2718479037284851,1.0000001192092896,-3.1325578689575195,4976640,1746182587.0031052
15.475912094116211,0.1093750074505806,3243,3242,1.128631353378296,0.9583660960197449,0.0520833358168602,1517.706217712,25696,0.7712950706481934,20.363576889038086,0.2718479037284851,1.0000001192092896,-3.2004003524780273,4981248,1746182588.371653
15.570964813232422,0.0546875037252903,3253,3252,1.0226869583129883,0.9607554078102112,0.0520833358168602,1522.39219675,25776,0.707587718963623,18.594255447387695,0.19981667399406433,0.9999999403953552,-3.240142822265625,4996608,1746182593.057645
15.578777313232422,0.0722656324505806,3266,3265,1.0226869583129883,0.8783907890319824,0.0507812537252903,1528.322543557,25880,0.7305280566215515,18.594255447387695,0.19981667399406433,0.9999999403953552,-3.1973419189453125,5016576,1746182598.9879768
15.908204078674316,0.1803385466337204,3269,3268,1.0226869583129883,0.9207412004470825,0.0488281287252903,1529.690803627,25904,0.8624882698059082,18.594255447387695,0.19981667399406433,0.9999999403953552,-3.2053775787353516,5021184,1746182600.3562508
15.186849594116211,0.033203125,3292,3291,1.0226869583129883,1.1633176803588867,0.0520833358168602,1540.187031925,26088,0.6809068322181702,18.594255447387695,0.19981667399406433,0.9999999403953552,-3.2198925018310547,5056512,1746182610.8524663
15.474610328674316,0.1419270932674408,3295,3294,1.0226869583129883,1.2275158166885376,0.0520833358168602,1541.561546632,26112,0.8064395189285278,18.594255447387695,0.19981667399406433,0.9999999403953552,-3.2072293758392334,5061120,1746182612.2269957
15.504558563232422,0.0852864608168602,3305,3304,1.0226869583129883,1.3434724807739258,0.0527343787252903,1546.129470458,26192,0.7360204458236694,18.594255447387695,0.19981667399406433,0.9999999403953552,-3.1090521812438965,5076480,1746182616.7948966
16.033203125,0.0911458358168602,3319,3318,1.0226869583129883,1.1987476348876953,0.0488281287252903,1552.518619075,26304,0.7395479083061218,18.594255447387695,0.19981667399406433,0.9999999403953552,-3.4086246490478516,5097984,1746182623.184072
15.526693344116211,0.0657552108168602,3324,3323,1.0226869583129883,1.2677998542785645,0.0514322929084301,1554.799268476,26344,0.7250356674194336,18.594255447387695,0.19981667399406433,0.9999999403953552,-3.375190258026123,5105664,1746182625.4647152
15.968750953674316,0.1165364608168602,3333,3332,1.0226869583129883,1.3926845788955688,0.0507812537252903,1558.905794545,26416,0.8065578937530518,18.594255447387695,0.19981667399406433,0.9999999403953552,-3.350984573364258,5119488,1746182629.571234
15.594402313232422,0.064453125,3360,3359,1.0226869583129883,1.1404844522476196,0.0507812537252903,1571.228454544,26632,0.7290366291999817,18.594255447387695,0.19981667399406433,0.9999999403953552,-3.3128774166107178,5160960,1746182641.8938885
17.158203125,0.1360677182674408,3407,3406,1.0226869583129883,0.9525201320648193,0.0468750037252903,1592.672682724,27008,0.8416549563407898,18.594255447387695,0.19981667399406433,0.9999999403953552,-3.837975025177002,5233152,1746182663.3381283
16.91796875,0.1048177108168602,3418,3417,1.0226869583129883,0.7344687581062317,0.0468750037252903,1597.717230233,27096,0.7915247082710266,18.594255447387695,0.19981667399406433,0.9999999403953552,-3.8808164596557617,5250048,1746182668.3625286
16.736328125,0.1595052182674408,3425,3424,1.0226869583129883,0.738814115524292,0.0468750037252903,1600.914147848,27152,0.8426137566566467,18.594255447387695,0.19981667399406433,0.9999999403953552,-3.7938380241394043,5260800,1746182671.5796134
15.518880844116211,0.0768229216337204,3430,3429,1.0226869583129883,0.6950933933258057,0.0520833358168602,1603.194324436,27192,0.740364670753479,18.594255447387695,0.19981667399406433,0.9999999403953552,-3.830690860748291,5268480,1746182673.8597999
15.226563453674316,0.1100260466337204,3431,3430,1.0226869583129883,0.7877637147903442,0.0514322929084301,1603.650367989,27200,0.7619673609733582,18.594255447387695,0.19981667399406433,0.9999999403953552,-3.8155033588409424,5270016,1746182674.3158202
16.81770896911621,0.1471354216337204,3433,3432,1.0226869583129883,0.7254538536071777,0.0462239608168602,1604.562484541,27216,0.831025242805481,18.594255447387695,0.19981667399406433,0.9999999403953552,-3.7667832374572754,5273088,1746182675.2279634
16.764324188232422,0.12890625,3442,3441,1.0226869583129883,0.6586391925811768,0.0468750037252903,1608.671037789,27288,0.8063684701919556,18.594255447387695,0.19981667399406433,0.9999999403953552,-3.781342029571533,5286912,1746182679.336472
16.859375,0.1790364682674408,3445,3444,1.0226869583129883,0.6461104154586792,0.0475260429084301,1610.04227152,27312,0.8688211441040039,18.594255447387695,0.19981667399406433,0.9999999403953552,-3.8270888328552246,5291520,1746182680.70767
16.73372459411621,0.1002604216337204,3451,3450,1.0226869583129883,0.6584175825119019,0.0481770858168602,1612.78291732,27360,0.7746922969818115,18.594255447387695,0.19981667399406433,0.9999999403953552,-3.8173820972442627,5300736,1746182683.4483733
15.698568344116211,0.0983072966337204,3467,3466,1.0226869583129883,0.6399223804473877,0.0520833358168602,1620.080617356,27488,0.7689158320426941,18.594255447387695,0.19981667399406433,0.9999999403953552,-4.074692726135254,5325312,1746182690.7460704
15.279297828674316,0.0852864608168602,3483,3482,1.0226869583129883,0.6296857595443726,0.0514322929084301,1627.384513564,27616,0.7359020709991455,18.594255447387695,0.19981667399406433,0.9999999403953552,-4.338590621948242,5349888,1746182698.0499558
17.07942771911621,0.1549479216337204,3499,3498,1.0226869583129883,0.708747386932373,0.0455729179084301,1634.682501905,27744,0.8535630702972412,18.594255447387695,0.19981667399406433,0.9999999403953552,-4.235651016235352,5374464,1746182705.3476307
15.998047828674316,0.0813802108168602,3503,3502,1.0226869583129883,0.6296265721321106,0.0501302108168602,1636.511420909,27776,0.7377840876579285,18.594255447387695,0.19981667399406433,0.9999999403953552,-4.260392665863037,5380608,1746182707.1768491
16.63020896911621,0.1015625074505806,3526,3525,1.0226869583129883,0.7677652835845947,0.0468750037252903,1647.009801927,27960,0.7852155566215515,18.594255447387695,0.19981667399406433,0.9999999403953552,-4.241353988647461,5415936,1746182717.6752822
17.65950584411621,0.1888020932674408,3559,3558,1.0226869583129883,1.1639198064804077,0.0455729179084301,1662.070766106,28224,0.9097184538841248,18.594255447387695,0.19981667399406433,0.9999999403953552,-4.205305099487305,5466624,1746182732.7362297
15.264974594116211,0.0957031324505806,3564,3563,1.0226869583129883,1.325089931488037,0.0514322929084301,1664.351284512,28264,0.7460939288139343,18.594255447387695,0.19981667399406433,0.9999999403953552,-4.26482629776001,5474304,1746182735.01672
15.223307609558105,0.0885416716337204,3579,3578,1.019173502922058,1.4952099323272705,0.0527343787252903,1671.316117481,28384,0.7569011449813843,18.56825065612793,0.19744057953357697,1.0,-4.489626407623291,5497344,1746182741.9815543
15.292318344116211,0.0716145858168602,3583,3582,1.019173502922058,0.9960194230079651,0.0533854179084301,1673.141483456,28416,0.7266218066215515,18.56825065612793,0.19744057953357697,1.0,-4.712123394012451,5503488,1746182743.8069186
16.074871063232422,0.1178385466337204,3636,3635,1.019173502922058,1.0622951984405518,0.0501302108168602,1697.318736764,28840,0.791145920753479,18.56825065612793,0.19744057953357697,1.0,-5.0468902587890625,5584896,1746182767.9841728
16.45052146911621,0.1054687574505806,3664,3663,1.019173502922058,1.1664965152740479,0.0481770858168602,1710.093309305,29064,0.7670100331306458,18.56825065612793,0.19744057953357697,1.0,-4.761870384216309,5627904,1746182780.7587352
17.180339813232422,0.2011718899011612,3670,3669,1.019173502922058,1.2186932563781738,0.0455729179084301,1712.834636896,29112,0.9033855199813843,18.56825065612793,0.19744057953357697,1.0,-4.662345886230469,5637120,1746182783.5000706
17.00130271911621,0.1432291716337204,3677,3676,1.019173502922058,1.285433053970337,0.0468750037252903,1716.027976164,29168,0.8282317519187927,18.56825065612793,0.19744057953357697,1.0,-4.548047065734863,5647872,1746182786.6934278
16.73372459411621,0.1471354216337204,3687,3686,1.019173502922058,1.3475091457366943,0.0468750037252903,1720.595270846,29248,0.8368963599205017,18.56825065612793,0.19744057953357697,1.0,-4.486228942871094,5663232,1746182791.2607195
17.1953125,0.1315104216337204,3705,3704,1.019173502922058,1.2585513591766357,0.0462239608168602,1728.8064957,29392,0.824621319770813,18.56825065612793,0.19744057953357697,1.0,-4.561120986938477,5690880,1746182799.4719374
17.13411521911621,0.2180989682674408,3718,3717,1.019173502922058,1.0625765323638916,0.0468750037252903,1734.736858881,29496,0.9182056188583374,18.56825065612793,0.19744057953357697,1.0,-4.4369072914123535,5710848,1746182805.4023004
17.212890625,0.1445312649011612,3731,3730,1.019173502922058,1.1739330291748047,0.0462239608168602,1740.671154529,29600,0.8443301320075989,18.56825065612793,0.19744057953357697,1.0,-4.455653190612793,5730816,1746182811.3363733
15.447266578674316,0.130859375,3798,3797,1.019173502922058,0.8457308411598206,0.0494791679084301,1771.249540094,30136,0.7885062098503113,18.56825065612793,0.19744057953357697,1.0,-4.38297176361084,5833728,1746182841.9149704
15.832032203674316,0.0800781324505806,3799,3798,1.019173502922058,0.856521487236023,0.0507812537252903,1771.705867404,30144,0.7431464195251465,18.56825065612793,0.19744057953357697,1.0,-4.367456912994385,5835264,1746182842.371317
15.487630844116211,0.0930989608168602,3810,3809,1.019173502922058,0.8011837005615234,0.0514322929084301,1776.724278242,30232,0.7509944438934326,18.56825065612793,0.19744057953357697,1.0,-4.341275215148926,5852160,1746182847.3897283
16.09375,0.0807291716337204,3812,3811,1.019173502922058,0.9709936380386353,0.0488281287252903,1777.636817694,30248,0.7425664067268372,18.56825065612793,0.19744057953357697,1.0,-4.3992109298706055,5855232,1746182848.3022614
15.517579078674316,0.0904947966337204,3832,3831,1.019173502922058,1.0725077390670776,0.0501302108168602,1786.765957032,30408,0.7510772943496704,18.56825065612793,0.19744057953357697,1.0,-4.735835075378418,5885952,1746182857.4314063
15.912761688232422,0.1054687574505806,3839,3838,1.019173502922058,0.9661047458648682,0.0481770858168602,1789.959186394,30464,0.7589963674545288,18.56825065612793,0.19744057953357697,1.0,-4.656002998352051,5896704,1746182860.6245987
15.701824188232422,0.0807291716337204,3843,3842,1.019173502922058,1.0790295600891113,0.0494791679084301,1791.787073301,30496,0.7190223932266235,18.56825065612793,0.19744057953357697,1.0,-4.748086452484131,5902848,1746182862.4524992
16.0,0.064453125,3847,3846,1.019173502922058,1.148268461227417,0.0494791679084301,1793.619201217,30528,0.7080610990524292,18.56825065612793,0.19744057953357697,1.0,-4.72833776473999,5908992,1746182864.2845192
15.482422828674316,0.0924479216337204,3868,3867,1.019173502922058,0.8919452428817749,0.0507812537252903,1803.222466535,30696,0.7497634291648865,18.56825065612793,0.19744057953357697,1.0,-4.759797096252441,5941248,1746182873.8879318
15.722005844116211,0.0436197929084301,3874,3873,1.019173502922058,0.9458410143852234,0.0501302108168602,1805.961487339,30744,0.6842449307441711,18.56825065612793,0.19744057953357697,1.0,-4.667089462280273,5950464,1746182876.6269066
15.834636688232422,0.0572916679084301,3887,3886,1.019173502922058,0.9941335320472717,0.0507812537252903,1811.892279165,30848,0.7060961723327637,18.56825065612793,0.19744057953357697,1.0,-4.608401775360107,5970432,1746182882.5577362
15.552735328674316,0.0585937537252903,3922,3921,1.025876760482788,0.7496845722198486,0.0514322929084301,1827.978085966,31128,0.7223012447357178,18.70085906982422,0.20178131759166718,1.0,-4.924991130828857,6024192,1746182898.6435423
15.756511688232422,0.0722656324505806,3950,3949,1.025876760482788,0.8725515007972717,0.0501302108168602,1840.75560819,31352,0.7269768714904785,18.70085906982422,0.20178131759166718,1.0,-4.80851936340332,6067200,1746182911.4210632
15.983074188232422,0.0494791679084301,3958,3957,1.025876760482788,0.8647270202636719,0.0494791679084301,1844.405500195,31416,0.6957623958587646,18.70085906982422,0.20178131759166718,1.0,-4.974750995635986,6079488,1746182915.0709589
15.888672828674316,0.0611979216337204,3976,3975,1.025876760482788,0.7664970755577087,0.0488281287252903,1852.618311117,31560,0.7142401933670044,18.70085906982422,0.20178131759166718,1.0,-4.684582710266113,6107136,1746182923.283654
15.458333969116211,0.0989583358168602,4020,4019,1.025876760482788,0.9975334405899048,0.0520833358168602,1872.696592983,31912,0.7646899819374084,18.70085906982422,0.20178131759166718,1.0,-5.515323638916016,6174720,1746182943.362021
15.679688453674316,0.0657552108168602,4043,4042,1.025876760482788,1.1094214916229248,0.0494791679084301,1883.195383835,32096,0.7131866812705994,18.70085906982422,0.20178131759166718,1.0,-5.979011058807373,6210048,1746182953.8608341
15.336589813232422,0.1145833358168602,4045,4044,1.025876760482788,1.125787615776062,0.0514322929084301,1884.107833411,32112,0.7735441327095032,18.70085906982422,0.20178131759166718,1.0,-5.942181587219238,6213120,1746182954.7732756
15.671224594116211,0.0872395858168602,4064,4063,1.025876760482788,1.1888377666473389,0.0501302108168602,1892.779097479,32264,0.7438329458236694,18.70085906982422,0.20178131759166718,1.0,-6.132020473480225,6242304,1746182963.4445496
15.244141578674316,0.1041666716337204,4067,4066,1.025876760482788,1.2212541103363037,0.0514322929084301,1894.147358256,32288,0.7468631863594055,18.70085906982422,0.20178131759166718,1.0,-6.037849426269531,6246912,1746182964.8128128
15.345052719116211,0.01497395895421505,4100,4099,1.025876760482788,1.0284223556518555,0.0520833358168602,1909.206965463,32552,0.657197117805481,18.70085906982422,0.20178131759166718,1.0,-6.494455814361572,6297600,1746182979.8723989
15.823568344116211,0.1171875074505806,4107,4106,1.025876760482788,0.9954854249954224,0.0514322929084301,1912.401524936,32608,0.7708216905593872,18.70085906982422,0.20178131759166718,1.0,-6.060287952423096,6308352,1746182983.0669498
15.829427719116211,0.1471354216337204,4110,4109,1.025876760482788,0.9869526624679565,0.0494791679084301,1913.769962046,32632,0.8131747841835022,18.70085906982422,0.20178131759166718,1.0,-6.10810661315918,6312960,1746182984.4353857
15.688802719116211,0.0345052108168602,4113,4112,1.025876760482788,1.033884048461914,0.0507812537252903,1915.138644711,32656,0.6880682706832886,18.70085906982422,0.20178131759166718,1.0,-6.174704551696777,6317568,1746182985.8040617
15.215495109558105,0.0462239608168602,4129,4128,1.025876760482788,0.96064692735672,0.0527343787252903,1922.43719958,32784,0.6820195913314819,18.70085906982422,0.20178131759166718,1.0,-6.316995620727539,6342144,1746182993.102622
15.942708969116211,0.0891927108168602,4149,4148,1.025876760482788,0.9830343723297119,0.0468750037252903,1931.568352116,32944,0.7664300799369812,18.70085906982422,0.20178131759166718,1.0,-6.676608085632324,6372864,1746183002.2338057
15.785808563232422,0.1165364608168602,4177,4176,1.025876760482788,0.9385817646980286,0.0488281287252903,1944.344916972,33168,0.7800664305686951,18.70085906982422,0.20178131759166718,1.0,-6.789139747619629,6415872,1746183015.0103774
15.287110328674316,0.1236979216337204,4191,4190,1.025876760482788,0.9787691831588745,0.0520833358168602,1950.740508976,33280,0.78096604347229,18.70085906982422,0.20178131759166718,1.0,-7.044381618499756,6437376,1746183021.4058774
15.940755844116211,0.1536458432674408,4205,4204,1.025876760482788,0.8588666319847107,0.0481770858168602,1957.126430424,33392,0.8347657918930054,18.70085906982422,0.20178131759166718,1.0,-6.919187545776367,6458880,1746183027.791848
15.762371063232422,0.1328125,4210,4209,1.025876760482788,0.961460292339325,0.0514322929084301,1959.407211545,33432,0.8086767792701721,18.70085906982422,0.20178131759166718,1.0,-7.079991340637207,6466560,1746183030.072655
15.644532203674316,0.0605468787252903,4214,4213,1.025876760482788,0.94878089427948,0.0501302108168602,1961.232004331,33464,0.7079547047615051,18.70085906982422,0.20178131759166718,1.0,-7.299203395843506,6472704,1746183031.8974388
16.314453125,0.1621093899011612,4218,4217,1.025876760482788,1.0360060930252075,0.0488281287252903,1963.05644956,33496,0.8429096937179565,18.70085906982422,0.20178131759166718,1.0,-7.237476348876953,6478848,1746183033.721889
16.25911521911621,0.1132812574505806,4229,4228,1.0365962982177734,0.9744839668273926,0.0488281287252903,1968.193612256,33584,0.7865412831306458,18.968799591064453,0.20842434465885162,1.0,-7.100106716156006,6495744,1746183038.8590825
15.728516578674316,0.0820312574505806,4237,4236,1.0365962982177734,0.9174854755401611,0.0501302108168602,1971.842595189,33648,0.7432292699813843,18.968799591064453,0.20842434465885162,1.0,-7.177477836608887,6508032,1746183042.5080318
16.822265625,0.1822916716337204,4251,4250,1.0365962982177734,1.053539752960205,0.0468750037252903,1978.228664356,33760,0.8695077300071716,18.968799591064453,0.20842434465885162,1.0,-6.981513977050781,6529536,1746183048.8941078
16.819011688232422,0.1888020932674408,4254,4253,1.0365962982177734,1.0654675960540771,0.0455729179084301,1979.597127051,33784,0.8671165704727173,18.968799591064453,0.20842434465885162,1.0,-7.018410682678223,6534144,1746183050.2625704
16.945964813232422,0.1210937574505806,4267,4266,1.0365962982177734,0.9417383074760437,0.0468750037252903,1985.533879745,33888,0.7985559701919556,18.968799591064453,0.20842434465885162,1.0,-6.991311073303223,6554112,1746183056.1993272
17.338542938232422,0.1920572966337204,4279,4278,1.0365962982177734,1.026319146156311,0.0462239608168602,1991.021055184,33984,0.8987216949462891,18.968799591064453,0.20842434465885162,1.0,-6.917091369628906,6572544,1746183061.6864996
16.896484375,0.1132812574505806,4281,4280,1.0365962982177734,1.0999544858932495,0.0462239608168602,1991.933195724,34000,0.7918916344642639,18.968799591064453,0.20842434465885162,1.0,-6.907628059387207,6575616,1746183062.5986462
17.17578125,0.1184895858168602,4286,4285,1.0365962982177734,1.088342308998108,0.0462239608168602,1994.220691928,34040,0.7979641556739807,18.968799591064453,0.20842434465885162,1.0,-6.944087028503418,6583296,1746183064.8861554
17.201824188232422,0.1627604216337204,4294,4293,1.0365962982177734,1.2558273077011108,0.0462239608168602,1997.870710698,34104,0.8535749316215515,18.968799591064453,0.20842434465885162,1.0,-7.2040886878967285,6595584,1746183068.5361624
16.996746063232422,0.1660156399011612,4315,4314,1.0365962982177734,1.1994531154632568,0.0462239608168602,2007.455150598,34272,0.8603812456130981,18.968799591064453,0.20842434465885162,1.0,-7.499932289123535,6627840,1746183078.1205778
16.828777313232422,0.1920572966337204,4321,4320,1.0365962982177734,1.2097318172454834,0.0462239608168602,2010.191791551,34320,0.8903646469116211,18.968799591064453,0.20842434465885162,1.0,-7.485067367553711,6637056,1746183080.857247
17.442058563232422,0.2552083432674408,4324,4323,1.0365962982177734,1.1613638401031494,0.0449218787252903,2011.564085174,34344,0.9717566967010498,18.968799591064453,0.20842434465885162,1.0,-7.427637100219727,6641664,1746183082.229524
16.643230438232422,0.1536458432674408,4327,4326,1.0365962982177734,1.1240291595458984,0.0468750037252903,2012.932423351,34368,0.8417496085166931,18.968799591064453,0.20842434465885162,1.0,-7.571098327636719,6646272,1746183083.5978563
16.93684959411621,0.2122395932674408,4331,4330,1.0365962982177734,1.1052247285842896,0.0462239608168602,2014.756756798,34400,0.9065342545509338,18.968799591064453,0.20842434465885162,1.0,-7.626334190368652,6652416,1746183085.4222126
17.275390625,0.1067708358168602,4336,4335,1.0365962982177734,1.1346023082733154,0.0455729179084301,2017.037438613,34440,0.7999646067619324,18.968799591064453,0.20842434465885162,1.0,-7.568896293640137,6660096,1746183087.7028174
16.963542938232422,0.1757812649011612,4346,4345,1.0365962982177734,0.9318154454231262,0.0475260429084301,2021.602572833,34520,0.8614940047264099,18.968799591064453,0.20842434465885162,1.0,-7.518811225891113,6675456,1746183092.2680137
17.259765625,0.1022135466337204,4352,4351,1.0365962982177734,0.8912492990493774,0.0455729179084301,2024.339629385,34568,0.7991241216659546,18.968799591064453,0.20842434465885162,1.0,-7.551130294799805,6684672,1746183095.0050654
17.180339813232422,0.1946614682674408,4357,4356,1.0365962982177734,0.9242724180221558,0.0455729179084301,2026.621807496,34608,0.9027818441390991,18.968799591064453,0.20842434465885162,1.0,-7.910556793212891,6692352,1746183097.2872584
16.53450584411621,0.0781250074505806,4368,4367,1.0365962982177734,0.7824965119361877,0.0475260429084301,2031.645968513,34696,0.7445787191390991,18.968799591064453,0.20842434465885162,1.0,-7.900200843811035,6709248,1746183102.3114095
17.014324188232422,0.1523437649011612,4379,4378,1.0365962982177734,0.9816303253173828,0.0468750037252903,2036.663499247,34784,0.8484494090080261,18.968799591064453,0.20842434465885162,1.0,-7.889171600341797,6726144,1746183107.328943
16.873699188232422,0.0917968824505806,4381,4380,1.0365962982177734,0.9835202097892761,0.0475260429084301,2037.5761106,34800,0.7726682424545288,18.968799591064453,0.20842434465885162,1.0,-7.862196922302246,6729216,1746183108.2415473
16.959636688232422,0.1523437649011612,4393,4392,1.0365962982177734,0.8551254868507385,0.0462239608168602,2043.051773841,34896,0.8401161432266235,18.968799591064453,0.20842434465885162,1.0,-8.089151382446289,6747648,1746183113.7172382
17.08984375,0.0937500074505806,4403,4402,1.0365962982177734,1.0668948888778687,0.0468750037252903,2047.620945006,34976,0.778799831867218,18.968799591064453,0.20842434465885162,1.0,-8.288918495178223,6763008,1746183118.2864027
15.897787094116211,0.1276041716337204,4416,4415,1.0365962982177734,0.9875324964523315,0.0494791679084301,2053.554393461,35080,0.7955020070075989,18.968799591064453,0.20842434465885162,1.0,-8.675714492797852,6782976,1746183124.2197907
17.195964813232422,0.1985677182674408,4425,4424,1.0365962982177734,1.0725758075714111,0.0455729179084301,2057.660685337,35152,0.8922467827796936,18.968799591064453,0.20842434465885162,1.0,-8.742979049682617,6796800,1746183128.3261478
15.519532203674316,0.0703125,4428,4427,1.0365962982177734,1.0606426000595093,0.0533854179084301,2059.029115755,35176,0.7225024700164795,18.968799591064453,0.20842434465885162,1.0,-8.825021743774414,6801408,1746183129.6945758
17.33984375,0.1171875074505806,4433,4432,1.0365962982177734,1.0411373376846313,0.0468750037252903,2061.313895092,35216,0.801823079586029,18.968799591064453,0.20842434465885162,1.0,-8.877223014831543,6809088,1746183131.979341
15.955079078674316,0.0455729179084301,4437,4436,1.0365962982177734,1.5173242092132568,0.0494791679084301,2063.138312598,35248,0.697881281375885,18.968799591064453,0.20842434465885162,1.0,-8.747342109680176,6815232,1746183133.803748
17.697265625,0.0944010466337204,4445,4444,1.0365962982177734,0.9290392994880676,0.0436197929084301,2066.786908127,35312,0.7758287191390991,18.968799591064453,0.20842434465885162,1.0,-9.069713592529297,6827520,1746183137.4523578
17.279296875,0.1634114682674408,4476,4475,1.0365962982177734,1.1220977306365967,0.0462239608168602,2080.930288554,35560,0.8653528690338135,18.968799591064453,0.20842434465885162,1.0,-8.08863639831543,6875136,1746183151.5957322
15.841146469116211,0.0924479216337204,4488,4487,1.0365962982177734,0.9199539422988892,0.0494791679084301,2086.404802504,35656,0.7614703178405762,18.968799591064453,0.20842434465885162,1.0,-8.725356101989746,6893568,1746183157.070271
15.776693344116211,0.1028645858168602,4497,4496,1.0365962982177734,0.8445714712142944,0.0514322929084301,2090.513677719,35728,0.7707269191741943,18.968799591064453,0.20842434465885162,1.0,-8.71922492980957,6907392,1746183161.1791172
15.428386688232422,0.0826822966337204,4498,4497,1.0365962982177734,0.8331857919692993,0.0514322929084301,2090.96975633,35736,0.7297231554985046,18.968799591064453,0.20842434465885162,1.0,-8.724159240722656,6908928,1746183161.6352103
15.716146469116211,0.1295572966337204,4510,4509,1.0365962982177734,0.8304687738418579,0.0494791679084301,2096.444355531,35832,0.7987453937530518,18.968799591064453,0.20842434465885162,1.0,-8.824817657470703,6927360,1746183167.1098094
16.13216209411621,0.1217447966337204,4535,4534,1.0365962982177734,1.1189582347869873,0.0481770858168602,2107.852111266,36032,0.7883050441741943,18.968799591064453,0.20842434465885162,1.0,-8.464969635009766,6965760,1746183178.5175114
15.822266578674316,0.1002604216337204,4545,4544,1.0365962982177734,1.14858078956604,0.0501302108168602,2112.417414381,36112,0.76263028383255,18.968799591064453,0.20842434465885162,1.0,-8.485623359680176,6981120,1746183183.0828378
15.152995109558105,0.0201822929084301,4546,4545,1.0365962982177734,1.155248761177063,0.0520833358168602,2112.873496378,36120,0.6520715951919556,18.968799591064453,0.20842434465885162,1.0,-8.461738586425781,6982656,1746183183.5389411
15.832683563232422,0.0677083358168602,4553,4552,1.040753960609436,1.1723512411117554,0.0501302108168602,2116.18561789,36176,0.7293207049369812,19.303667068481445,0.20829345285892487,0.9999999403953552,-8.540054321289062,6993408,1746183186.85106
15.888672828674316,0.0996093824505806,4603,4602,1.040753960609436,0.999540388584137,0.0514322929084301,2138.998871068,36576,0.7577415704727173,19.303667068481445,0.20829345285892487,0.9999999403953552,-9.170589447021484,7070208,1746183209.664315
15.658855438232422,0.0729166716337204,4634,4633,1.040753960609436,0.9749020338058472,0.0520833358168602,2153.155874264,36824,0.7371213436126709,19.303667068481445,0.20829345285892487,0.9999999403953552,-8.961556434631348,7117824,1746183223.8213332
15.979818344116211,0.1054687574505806,4650,4649,1.040753960609436,1.0615538358688354,0.0494791679084301,2160.458274747,36952,0.7746331691741943,19.303667068481445,0.20829345285892487,0.9999999403953552,-9.572175979614258,7142400,1746183231.1236947
15.649089813232422,0.1067708358168602,4658,4657,1.040753960609436,1.062057375907898,0.0494791679084301,2164.108470546,37016,0.7705374956130981,19.303667068481445,0.20829345285892487,0.9999999403953552,-9.479215621948242,7154688,1746183234.7739387
15.541667938232422,0.1015625074505806,4659,4658,1.040753960609436,1.0527745485305786,0.0520833358168602,2164.56471541,37024,0.7691289782524109,19.303667068481445,0.20829345285892487,0.9999999403953552,-9.42501449584961,7156224,1746183235.2301602
15.253255844116211,0.1067708358168602,4662,4661,1.040753960609436,0.8433771133422852,0.0514322929084301,2165.933008107,37048,0.7613992691040039,19.303667068481445,0.20829345285892487,0.9999999403953552,-9.435564041137695,7160832,1746183236.5984635
15.514324188232422,0.1412760466337204,4674,4673,1.040753960609436,0.9866032004356384,0.0494791679084301,2171.410120501,37144,0.8076468706130981,19.303667068481445,0.20829345285892487,0.9999999403953552,-9.63205337524414,7179264,1746183242.075571
15.840496063232422,0.1145833358168602,4675,4674,1.040753960609436,0.982714056968689,0.0520833358168602,2171.866281206,37152,0.7844935059547424,19.303667068481445,0.20829345285892487,0.9999999403953552,-9.682861328125,7180800,1746183242.5317087
15.501302719116211,0.0572916679084301,4700,4699,1.040753960609436,0.9335314035415649,0.0520833358168602,2183.278134802,37352,0.713447093963623,19.303667068481445,0.20829345285892487,0.9999999403953552,-9.910341262817383,7219200,1746183253.9435923
15.344402313232422,0.0930989608168602,4715,4714,1.040753960609436,1.025607943534851,0.0520833358168602,2190.140354015,37472,0.7377960681915283,19.303667068481445,0.20829345285892487,0.9999999403953552,-9.977646827697754,7242240,1746183260.8058128
15.673829078674316,0.0722656324505806,4719,4718,1.040753960609436,0.9392006397247314,0.0520833358168602,2191.969151082,37504,0.7296403050422668,19.303667068481445,0.20829345285892487,0.9999999403953552,-9.778972625732422,7248384,1746183262.6346092
15.467449188232422,0.0709635466337204,4727,4726,1.040753960609436,1.0218939781188965,0.0501302108168602,2195.625815209,37568,0.7281488180160522,19.303667068481445,0.20829345285892487,0.9999999403953552,-10.063750267028809,7260672,1746183266.291294
15.386068344116211,0.0911458358168602,4731,4730,1.040753960609436,0.9718358516693115,0.0527343787252903,2197.44987658,37600,0.7352392077445984,19.303667068481445,0.20829345285892487,0.9999999403953552,-10.608497619628906,7266816,1746183268.1153474
15.571615219116211,0.1321614682674408,4749,4748,1.040753960609436,0.8583129644393921,0.0475260429084301,2205.667759292,37744,0.7849196791648865,19.303667068481445,0.20829345285892487,0.9999999403953552,-10.829168319702148,7294464,1746183276.3332098
15.694011688232422,0.1015625074505806,4750,4749,1.040753960609436,0.881525456905365,0.0488281287252903,2206.124319982,37752,0.753267228603363,19.303667068481445,0.20829345285892487,0.9999999403953552,-10.801824569702148,7296000,1746183276.7897577
15.448568344116211,0.0872395858168602,4760,4759,1.040753960609436,0.959539532661438,0.0514322929084301,2210.689442883,37832,0.7396544814109802,19.303667068481445,0.20829345285892487,0.9999999403953552,-10.912723541259766,7311360,1746183281.354867
15.918621063232422,0.1334635466337204,4791,4790,1.040753960609436,0.848655641078949,0.0501302108168602,2224.831377673,38080,0.7994082570075989,19.303667068481445,0.20829345285892487,0.9999999403953552,-11.14063549041748,7358976,1746183295.496814
15.315755844116211,0.0703125,4801,4800,1.040753960609436,0.7710760831832886,0.0520833358168602,2229.396237006,38160,0.7320196032524109,19.303667068481445,0.20829345285892487,0.9999999403953552,-11.892633438110352,7374336,1746183300.0616372
15.412110328674316,0.1002604216337204,4807,4806,1.040753960609436,0.9048573970794678,0.0514322929084301,2232.133459904,38208,0.7704901695251465,19.303667068481445,0.20829345285892487,0.9999999403953552,-11.902063369750977,7383552,1746183302.7989216
15.605469703674316,0.1432291716337204,4811,4810,1.040753960609436,0.9116601943969727,0.0520833358168602,2233.95808545,38240,0.8119910955429077,19.303667068481445,0.20829345285892487,0.9999999403953552,-12.021231651306152,7389696,1746183304.623528
15.335287094116211,0.0677083358168602,4836,4835,1.040753960609436,0.9936766624450684,0.0527343787252903,2245.36246199,38440,0.7187027335166931,19.303667068481445,0.20829345285892487,0.9999999403953552,-12.493622779846191,7428096,1746183316.0279155
15.650391578674316,0.0774739608168602,4837,4836,1.040753960609436,0.9832850694656372,0.0520833358168602,2245.818586677,38448,0.7274977564811707,19.303667068481445,0.20829345285892487,0.9999999403953552,-12.622802734375,7429632,1746183316.4840515
15.660808563232422,0.0722656324505806,4852,4851,1.040753960609436,0.8671455383300781,0.0488281287252903,2252.665882428,38568,0.7148793935775757,19.303667068481445,0.20829345285892487,0.9999999403953552,-12.779997825622559,7452672,1746183323.3313596
15.413412094116211,0.0781250074505806,4853,4852,1.040753960609436,0.9009975790977478,0.0501302108168602,2253.122619782,38576,0.7014797329902649,19.303667068481445,0.20829345285892487,0.9999999403953552,-12.758543014526367,7454208,1746183323.788036
15.683594703674316,0.0481770858168602,4863,4862,1.040753960609436,0.8926432132720947,0.0501302108168602,2257.684956309,38656,0.6790128946304321,19.303667068481445,0.20829345285892487,0.9999999403953552,-12.595747947692871,7469568,1746183328.3504055
15.864583969116211,0.0729166716337204,4871,4870,1.040753960609436,0.9756437540054321,0.0488281287252903,2261.335349059,38720,0.7135773301124573,19.303667068481445,0.20829345285892487,0.9999999403953552,-12.65960693359375,7481856,1746183332.0007534
17.474609375,0.0820312574505806,4882,4881,1.1565275192260742,0.7242553234100342,0.0442708358168602,2266.471340764,38808,0.7087477445602417,20.845104217529297,0.2978505790233612,1.0,-13.01292610168457,7498752,1746183337.1367831
17.19075584411621,0.0970052108168602,4885,4884,1.1565275192260742,0.6812299489974976,0.0462239608168602,2267.839614185,38832,0.7472776174545288,20.845104217529297,0.2978505790233612,1.0,-12.861856460571289,7503360,1746183338.505074
17.254558563232422,0.1223958432674408,4894,4893,1.1565275192260742,0.7480652332305908,0.0455729179084301,2271.945305372,38904,0.7943301200866699,20.845104217529297,0.2978505790233612,1.0,-12.771944046020508,7517184,1746183342.6107523
17.267578125,0.1223958432674408,4896,4895,1.1565275192260742,0.7334154844284058,0.0455729179084301,2272.857806825,38920,0.7853931188583374,20.845104217529297,0.2978505790233612,1.0,-12.734346389770508,7520256,1746183343.5232525
17.510417938232422,0.1516927182674408,4899,4898,1.1565275192260742,0.7062200307846069,0.0436197929084301,2274.226574594,38944,0.829557478427887,20.845104217529297,0.2978505790233612,1.0,-12.786215782165527,7524864,1746183344.8919988
17.11458396911621,0.1516927182674408,4909,4908,1.1565275192260742,0.7670691013336182,0.0462239608168602,2278.789363372,39024,0.8417259454727173,20.845104217529297,0.2978505790233612,1.0,-12.670035362243652,7540224,1746183349.4548063
17.32161521911621,0.1842447966337204,4917,4916,1.1565275192260742,0.6970067620277405,0.0462239608168602,2282.43986997,39088,0.8838779926300049,20.845104217529297,0.2978505790233612,1.0,-12.251834869384766,7552512,1746183353.105334
17.537761688232422,0.1230468824505806,4919,4918,1.1565275192260742,0.6994854211807251,0.0462239608168602,2283.351986206,39104,0.8102865815162659,20.845104217529297,0.2978505790233612,1.0,-12.314970970153809,7555584,1746183354.017442
17.111980438232422,0.1119791716337204,4936,4935,1.1565275192260742,0.6087386608123779,0.0462239608168602,2291.110175227,39240,0.7923888564109802,20.845104217529297,0.2978505790233612,1.0,-12.421517372131348,7581696,1746183361.7755997
16.830078125,0.1217447966337204,4948,4947,1.1565275192260742,0.6959764957427979,0.0468750037252903,2296.585111759,39336,0.8061554431915283,20.845104217529297,0.2978505790233612,1.0,-12.193968772888184,7600128,1746183367.2505507
16.740886688232422,0.0944010466337204,4950,4949,1.1565275192260742,0.6524559259414673,0.0462239608168602,2297.497274032,39352,0.7631511688232422,20.845104217529297,0.2978505790233612,1.0,-12.412639617919922,7603200,1746183368.1627295
17.65169334411621,0.1575520932674408,4951,4950,1.1565275192260742,0.6741034984588623,0.0449218787252903,2297.956173481,39360,0.8448864221572876,20.845104217529297,0.2978505790233612,1.0,-12.475264549255371,7604736,1746183368.6215966
16.763671875,0.1197916716337204,4958,4957,1.1565275192260742,0.6961332559585571,0.0468750037252903,2301.153984798,39416,0.7986506819725037,20.845104217529297,0.2978505790233612,1.0,-12.818851470947266,7615488,1746183371.819375
17.119140625,0.1152343824505806,4961,4960,1.1565275192260742,0.7304503321647644,0.0455729179084301,2302.522353524,39440,0.7992307543754578,20.845104217529297,0.2978505790233612,1.0,-12.780993461608887,7620096,1746183373.1878023
15.897136688232422,0.0703125,4977,4976,1.1565275192260742,0.6380196809768677,0.0494791679084301,2309.822969364,39568,0.7442236542701721,20.845104217529297,0.2978505790233612,1.0,-13.064312934875488,7644672,1746183380.4883978
15.618490219116211,0.1341145932674408,4991,4990,1.1565275192260742,0.7659164667129517,0.0514322929084301,2316.216925291,39680,0.7972421050071716,20.845104217529297,0.2978505790233612,1.0,-13.330078125,7666176,1746183386.8823712
14.871745109558105,0.0657552108168602,5011,5010,1.1565275192260742,1.050123929977417,0.0520833358168602,2325.340772302,39840,0.6913353204727173,20.845104217529297,0.2978505790233612,1.0,-13.879179000854492,7696896,1746183396.006205
15.946615219116211,0.0690104216337204,5036,5035,1.1565275192260742,1.019203543663025,0.0481770858168602,2336.750258148,40040,0.6958926320075989,20.845104217529297,0.2978505790233612,1.0,-14.577332496643066,7735296,1746183407.4157054
15.907552719116211,0.1015625074505806,5039,5038,1.1565275192260742,1.0367217063903809,0.0501302108168602,2338.118842473,40064,0.7705730199813843,20.845104217529297,0.2978505790233612,1.0,-14.649368286132812,7739904,1746183408.7843006
15.437500953674316,0.0839843824505806,5058,5057,1.1565275192260742,1.0391335487365723,0.0520833358168602,2346.791533865,40216,0.7317590713500977,20.845104217529297,0.2978505790233612,1.0,-15.636603355407715,7769088,1746183417.4569824
15.091797828674316,0.0865885466337204,5094,5093,1.1565275192260742,1.1896312236785889,0.0540364608168602,2363.221054981,40504,0.7202416062355042,20.845104217529297,0.2978505790233612,1.0,-15.70505142211914,7824384,1746183433.886483
15.305339813232422,0.0800781324505806,5107,5106,1.1565275192260742,1.0035717487335205,0.0514322929084301,2369.150740573,40608,0.7050546407699585,20.845104217529297,0.2978505790233612,1.0,-15.895390510559082,7844352,1746183439.8162153
15.421875953674316,0.1165364608168602,5148,5147,1.1565275192260742,1.0030750036239624,0.0514322929084301,2387.932191799,40936,0.7607364058494568,20.845104217529297,0.2978505790233612,1.0,-15.194293022155762,7907328,1746183458.597406
15.305339813232422,0.0826822966337204,5150,5149,1.1565275192260742,1.167201042175293,0.0514322929084301,2388.846307005,40952,0.7351445555686951,20.845104217529297,0.2978505790233612,1.0,-15.54487419128418,7910400,1746183459.51158
15.581380844116211,0.0885416716337204,5156,5155,1.1565275192260742,0.9635999798774719,0.0514322929084301,2391.596484135,41000,0.7346118688583374,20.845104217529297,0.2978505790233612,1.0,-16.183168411254883,7919616,1746183462.2615964
15.535157203674316,0.1028645858168602,5162,5161,1.1565275192260742,0.8455275297164917,0.0507812537252903,2394.336975461,41048,0.7465910315513611,20.845104217529297,0.2978505790233612,1.0,-16.258941650390625,7928832,1746183465.0022955
15.907552719116211,0.1165364608168602,5168,5167,1.1565275192260742,0.8444012999534607,0.0501302108168602,2397.079251748,41096,0.7886956930160522,20.845104217529297,0.2978505790233612,1.0,-16.443283081054688,7938048,1746183467.744491
15.367839813232422,0.1054687574505806,5171,5170,1.1565275192260742,0.8219971060752869,0.0527343787252903,2398.455995359,41120,0.7541785836219788,20.845104217529297,0.2978505790233612,1.0,-16.427200317382812,7942656,1746183469.1211696
15.557292938232422,0.1067708358168602,5176,5175,1.1565275192260742,0.9897220730781555,0.0520833358168602,2400.749618087,41160,0.7628908157348633,20.845104217529297,0.2978505790233612,1.0,-16.878215789794922,7950336,1746183471.414895
15.627605438232422,0.0716145858168602,5177,5176,1.1565275192260742,0.9381998777389526,0.0514322929084301,2401.207407923,41168,0.7381393909454346,20.845104217529297,0.2978505790233612,1.0,-16.862041473388672,7951872,1746183471.8726385
15.420574188232422,0.1100260466337204,5178,5177,1.1565275192260742,1.0033153295516968,0.0514322929084301,2401.664416083,41176,0.7705375552177429,20.845104217529297,0.2978505790233612,1.0,-16.819293975830078,7953408,1746183472.3296673
15.652344703674316,0.0872395858168602,5182,5181,1.1565275192260742,0.9932304620742798,0.0520833358168602,2403.494144204,41208,0.7498106956481934,20.845104217529297,0.2978505790233612,1.0,-16.878719329833984,7959552,1746183474.159404
15.199219703674316,0.0742187574505806,5188,5187,1.1565275192260742,1.0473508834838867,0.0527343787252903,2406.237998842,41256,0.7031132578849792,20.845104217529297,0.2978505790233612,1.0,-16.958194732666016,7968768,1746183476.9032402
15.546875953674316,0.068359375,5191,5190,1.1565275192260742,1.06144118309021,0.0514322929084301,2407.609911348,41280,0.7263850569725037,20.845104217529297,0.2978505790233612,1.0,-17.017898559570312,7973376,1746183478.27513
15.050130844116211,0.02083333395421505,5216,5215,1.0329667329788208,0.888687252998352,0.0533854179084301,2419.159203596,41480,0.6554214954376221,18.719606399536133,0.20590950548648834,1.0,-16.961212158203125,8011776,1746183489.8244643
15.340496063232422,0.0319010429084301,5217,5216,1.0329667329788208,0.9360942840576172,0.0520833358168602,2419.616068464,41488,0.6904712915420532,18.719606399536133,0.20590950548648834,1.0,-16.882076263427734,8013312,1746183490.2813332
15.813152313232422,0.06640625,5236,5235,1.0329667329788208,1.035449743270874,0.0501302108168602,2428.30488987,41640,0.721318781375885,18.719606399536133,0.20590950548648834,1.0,-16.608203887939453,8042496,1746183498.9703338
15.627605438232422,0.0917968824505806,5242,5241,1.0329667329788208,0.9123386740684509,0.0501302108168602,2431.046201355,41688,0.7425426840782166,18.719606399536133,0.20590950548648834,1.0,-16.55047607421875,8051712,1746183501.711611
16.041667938232422,0.0963541716337204,5257,5256,1.0329667329788208,1.063681721687317,0.0488281287252903,2437.887660701,41808,0.7640508413314819,18.719606399536133,0.20590950548648834,1.0,-17.113815307617188,8074752,1746183508.5530946
15.870443344116211,0.1132812574505806,5264,5263,1.0329667329788208,1.0390276908874512,0.0494791679084301,2441.08081419,41864,0.7716620564460754,18.719606399536133,0.20590950548648834,1.0,-17.132104873657227,8085504,1746183511.7462652
15.845052719116211,0.0625,5266,5265,1.0329667329788208,1.0090923309326172,0.0520833358168602,2441.993020881,41880,0.721591055393219,18.719606399536133,0.20590950548648834,1.0,-17.138446807861328,8088576,1746183512.658474
15.806641578674316,0.1132812574505806,5284,5283,1.0329667329788208,0.9456524848937988,0.0507812537252903,2450.214359848,42024,0.793039858341217,18.719606399536133,0.20590950548648834,1.0,-17.926284790039062,8116224,1746183520.8798134
15.475912094116211,0.0996093824505806,5307,5306,1.0329667329788208,0.8559698462486267,0.0514322929084301,2460.707865569,42208,0.7428742051124573,18.719606399536133,0.20590950548648834,1.0,-17.452125549316406,8151552,1746183531.3732986
15.645183563232422,0.0611979216337204,5311,5310,1.0329667329788208,0.8690069913864136,0.0507812537252903,2462.532410137,42240,0.7105943560600281,18.719606399536133,0.20590950548648834,1.0,-17.41510009765625,8157696,1746183533.1978383
15.174479484558105,0.0716145858168602,5339,5338,1.0329667329788208,0.8381224870681763,0.0527343787252903,2475.310394067,42464,0.717684805393219,18.719606399536133,0.20590950548648834,1.0,-18.095531463623047,8200704,1746183545.975828
15.611980438232422,0.0455729179084301,5344,5343,1.0329667329788208,0.9557273387908936,0.0501302108168602,2477.592389256,42504,0.6963306069374084,18.719606399536133,0.20590950548648834,1.0,-18.00713348388672,8208384,1746183548.2577531
15.867188453674316,0.0970052108168602,5367,5366,1.0329667329788208,1.1693412065505981,0.0501302108168602,2488.086889645,42688,0.7764087319374084,18.719606399536133,0.20590950548648834,1.0,-17.68166732788086,8243712,1746183558.752358
15.598308563232422,0.1210937574505806,5374,5373,1.0329667329788208,1.0163564682006836,0.0494791679084301,2491.282343159,42744,0.7834636569023132,18.719606399536133,0.20590950548648834,1.0,-17.616127014160156,8254464,1746183561.9477844
15.641277313232422,0.1230468824505806,5377,5376,1.0329667329788208,0.949906587600708,0.0494791679084301,2492.650902045,42768,0.7815578579902649,18.719606399536133,0.20590950548648834,1.0,-17.4993839263916,8259072,1746183563.3163617
15.570964813232422,0.0944010466337204,5396,5395,1.0329667329788208,0.8726447820663452,0.0520833358168602,2501.325179148,42920,0.7615413665771484,18.719606399536133,0.20590950548648834,1.0,-17.621801376342773,8288256,1746183571.9906201
15.480469703674316,0.0677083358168602,5403,5402,1.0329667329788208,0.8195158839225769,0.0520833358168602,2504.517790724,42976,0.7247870564460754,18.719606399536133,0.20590950548648834,1.0,-17.469768524169922,8299008,1746183575.1832511
15.533855438232422,0.1152343824505806,5410,5409,1.0329667329788208,0.914743185043335,0.0507812537252903,2507.712826869,43032,0.7786341905593872,18.719606399536133,0.20590950548648834,1.0,-17.484634399414062,8309760,1746183578.3782637
16.08528709411621,0.1901041716337204,5418,5417,1.0329667329788208,0.7990708947181702,0.0488281287252903,2511.36625347,43096,0.8695077300071716,18.719606399536133,0.20590950548648834,1.0,-17.649173736572266,8322048,1746183582.0316856
15.981771469116211,0.0833333358168602,5423,5422,1.0329667329788208,0.8999391794204712,0.0494791679084301,2513.647236898,43136,0.7598604559898376,18.719606399536133,0.20590950548648834,1.0,-17.43091583251953,8329728,1746183584.3126845
15.592449188232422,0.0787760466337204,5438,5437,1.0329667329788208,0.7908505201339722,0.0507812537252903,2520.489025216,43256,0.7378907799720764,18.719606399536133,0.20590950548648834,1.0,-17.839738845825195,8352768,1746183591.1544714
16.180339813232422,0.1608072966337204,5443,5442,1.0329667329788208,0.7805670499801636,0.0475260429084301,2522.770271731,43296,0.8476918935775757,18.719606399536133,0.20590950548648834,1.0,-17.870861053466797,8360448,1746183593.4354024
15.736980438232422,0.1243489682674408,5447,5446,1.0329667329788208,0.8205282688140869,0.0507812537252903,2524.598055779,43328,0.8048415184020996,18.719606399536133,0.20590950548648834,1.0,-17.516094207763672,8366592,1746183595.2634642
17.42708396911621,0.1692708432674408,5455,5454,1.0329667329788208,0.8836188316345215,0.0436197929084301,2528.246699375,43392,0.861103355884552,18.719606399536133,0.20590950548648834,1.0,-17.538021087646484,8378880,1746183598.9121442
17.24153709411621,0.1152343824505806,5457,5456,1.0329667329788208,0.8316315412521362,0.0449218787252903,2529.159305339,43408,0.7860679030418396,18.719606399536133,0.20590950548648834,1.0,-17.570449829101562,8381952,1746183599.8247442
15.572917938232422,0.0970052108168602,5474,5473,1.0329667329788208,0.8693587183952332,0.0494791679084301,2536.916014936,43544,0.7464726567268372,18.719606399536133,0.20590950548648834,1.0,-18.102909088134766,8408064,1746183607.5814486
17.285808563232422,0.1595052182674408,5521,5520,1.0329667329788208,0.7530710697174072,0.0462239608168602,2558.368270895,43920,0.8444130420684814,18.719606399536133,0.20590950548648834,1.0,-19.014455795288086,8480256,1746183629.0337074
17.45442771911621,0.1380208432674408,5522,5521,1.0329667329788208,0.8164785504341125,0.0455729179084301,2558.824427273,43928,0.8204073309898376,18.719606399536133,0.20590950548648834,1.0,-18.95592498779297,8481792,1746183629.4898624
17.332683563232422,0.134765625,5530,5529,1.209787368774414,0.8746715784072876,0.0436197929084301,2562.593023751,43992,0.80153888463974,20.74813461303711,0.33898305892944336,1.0,-19.040267944335938,8494080,1746183633.2584698
17.147136688232422,0.1705729216337204,5532,5531,1.209787368774414,0.9983400106430054,0.0462239608168602,2563.505477291,44008,0.861884593963623,20.74813461303711,0.33898305892944336,1.0,-18.97418785095215,8497152,1746183634.1709166
17.207683563232422,0.1660156399011612,5545,5544,1.209787368774414,1.0243223905563354,0.0462239608168602,2569.43715425,44112,0.861304521560669,20.74813461303711,0.33898305892944336,1.0,-18.251174926757812,8517120,1746183640.1025913
17.307292938232422,0.1842447966337204,5546,5545,1.209787368774414,1.022948980331421,0.0449218787252903,2569.893364849,44120,0.8747397065162659,20.74813461303711,0.33898305892944336,1.0,-18.24736976623535,8518656,1746183640.558815
15.957683563232422,0.1158854216337204,5586,5585,1.209787368774414,0.9543417692184448,0.0507812537252903,2588.170012076,44440,0.7881511449813843,20.74813461303711,0.33898305892944336,1.0,-18.495376586914062,8580096,1746183658.8354683
15.333333969116211,0.0677083358168602,5590,5589,1.209787368774414,0.9282102584838867,0.0533854179084301,2589.994907765,44472,0.7258050441741943,20.74813461303711,0.33898305892944336,1.0,-18.77899932861328,8586240,1746183660.6603692
15.719402313232422,0.0585937537252903,5600,5599,1.209787368774414,0.9926742315292358,0.0494791679084301,2594.561327068,44552,0.7215082049369812,20.74813461303711,0.33898305892944336,1.0,-19.024669647216797,8601600,1746183665.2267873
15.585287094116211,0.0651041716337204,5606,5605,1.209787368774414,0.8947219848632812,0.0507812537252903,2597.299669995,44600,0.7073982954025269,20.74813461303711,0.33898305892944336,1.0,-18.910358428955078,8610816,1746183667.9650633
15.931641578674316,0.0833333358168602,5612,5611,1.209787368774414,0.868151068687439,0.0501302108168602,2600.037147466,44648,0.737156867980957,20.74813461303711,0.33898305892944336,1.0,-19.22268295288086,8620032,1746183670.7025907
15.709636688232422,0.0878906324505806,5613,5612,1.209787368774414,0.7255051136016846,0.0507812537252903,2600.496595521,44656,0.7557056546211243,20.74813461303711,0.33898305892944336,1.0,-19.324735641479492,8621568,1746183671.1620598
15.102213859558105,0.0716145858168602,5625,5624,1.209787368774414,0.6858152151107788,0.0520833358168602,2605.972153614,44752,0.7154593467712402,20.74813461303711,0.33898305892944336,1.0,-19.225303649902344,8640000,1746183676.6375847
15.720704078674316,0.1315104216337204,5638,5637,1.209787368774414,0.8066715002059937,0.0514322929084301,2611.903383037,44856,0.8072681427001953,20.74813461303711,0.33898305892944336,1.0,-19.638275146484375,8659968,1746183682.5688336
15.828777313232422,0.1458333432674408,5644,5643,1.209787368774414,0.9074599146842957,0.0494791679084301,2614.640551024,44904,0.8140034079551697,20.74813461303711,0.33898305892944336,1.0,-19.45354461669922,8669184,1746183685.3059976
15.990886688232422,0.12890625,5653,5652,1.209787368774414,0.788101077079773,0.0494791679084301,2618.746036907,44976,0.789891242980957,20.74813461303711,0.33898305892944336,1.0,-19.293590545654297,8683008,1746183689.4114928
15.408855438232422,0.0800781324505806,5654,5653,1.209787368774414,0.8365128040313721,0.0533854179084301,2619.202164791,44984,0.7422468662261963,20.74813461303711,0.33898305892944336,1.0,-19.16126251220703,8684544,1746183689.867608
15.416016578674316,0.0839843824505806,5687,5686,1.209787368774414,0.9780757427215576,0.0533854179084301,2634.26040872,45248,0.7437501549720764,20.74813461303711,0.33898305892944336,1.0,-19.631637573242188,8735232,1746183704.925836
15.423829078674316,0.1035156324505806,5693,5692,1.209787368774414,1.0791685581207275,0.0514322929084301,2636.997283703,45296,0.7654948830604553,20.74813461303711,0.33898305892944336,1.0,-19.82809829711914,8744448,1746183707.662727
15.857422828674316,0.068359375,5702,5701,1.209787368774414,1.0628769397735596,0.0507812537252903,2641.105973759,45368,0.7336530685424805,20.74813461303711,0.33898305892944336,1.0,-20.118398666381836,8758272,1746183711.771408
15.711589813232422,0.0546875037252903,5716,5715,1.209787368774414,1.1389553546905518,0.0501302108168602,2647.502562954,45480,0.7145360708236694,20.74813461303711,0.33898305892944336,1.0,-20.088823318481445,8779776,1746183718.1680088
15.601563453674316,0.1471354216337204,5720,5719,1.209787368774414,1.1526265144348145,0.0520833358168602,2649.327103623,45512,0.8087122440338135,20.74813461303711,0.33898305892944336,1.0,-20.184629440307617,8785920,1746183719.9925554
15.645833969116211,0.1067708358168602,5721,5720,1.209787368774414,1.0911619663238525,0.0501302108168602,2649.783160482,45520,0.7598012685775757,20.74813461303711,0.33898305892944336,1.0,-20.327241897583008,8787456,1746183720.4486027
15.460938453674316,0.0885416716337204,5747,5746,1.209787368774414,0.9540802240371704,0.0501302108168602,2661.651500057,45728,0.7492188811302185,20.74813461303711,0.33898305892944336,1.0,-19.615131378173828,8827392,1746183732.3169394
15.682943344116211,0.1087239608168602,5762,5761,1.209787368774414,1.1225234270095825,0.0514322929084301,2668.493399782,45848,0.7764205932617188,20.74813461303711,0.33898305892944336,1.0,-19.33431625366211,8850432,1746183739.158836
15.248699188232422,0.1067708358168602,5809,5808,1.209787368774414,0.8667093515396118,0.0527343787252903,2689.941273251,46224,0.7660512924194336,20.74813461303711,0.33898305892944336,1.0,-19.337570190429688,8922624,1746183760.606733
15.559246063232422,0.0657552108168602,5860,5859,1.0314029455184937,1.1613469123840332,0.0507812537252903,2713.340015321,46632,0.7283263206481934,18.569812774658203,0.20439963042736053,0.9999999403953552,-19.608261108398438,9000960,1746183784.0054545
15.376302719116211,0.0859375074505806,5885,5884,1.0314029455184937,0.9680505990982056,0.0527343787252903,2724.750633753,46832,0.7387902736663818,18.569812774658203,0.20439963042736053,0.9999999403953552,-20.486160278320312,9039360,1746183795.4160616
15.275391578674316,0.0690104216337204,5886,5885,1.0314029455184937,0.8996083736419678,0.0527343787252903,2725.206845281,46840,0.7289537191390991,18.569812774658203,0.20439963042736053,0.9999999403953552,-20.46086883544922,9040896,1746183795.8723009
15.299480438232422,0.1471354216337204,5892,5891,1.0314029455184937,1.3245651721954346,0.0527343787252903,2727.943799315,46888,0.8041194677352905,18.569812774658203,0.20439963042736053,0.9999999403953552,-20.615753173828125,9050112,1746183798.6092503
15.207682609558105,0.0462239608168602,5900,5899,1.0314029455184937,0.8856396675109863,0.0533854179084301,2731.597195196,46952,0.6988400220870972,18.569812774658203,0.20439963042736053,0.9999999403953552,-20.91694450378418,9062400,1746183802.2626498
15.415365219116211,0.0774739608168602,5902,5901,1.0314029455184937,1.003019094467163,0.0520833358168602,2732.509498736,46968,0.7433239221572876,18.569812774658203,0.20439963042736053,0.9999999403953552,-20.824426651000977,9065472,1746183803.1749368
15.626302719116211,0.0625,5917,5916,1.0314029455184937,0.7557206749916077,0.0501302108168602,2739.35233917,47088,0.7198036313056946,18.569812774658203,0.20439963042736053,0.9999999403953552,-20.76514434814453,9088512,1746183810.017781
15.266277313232422,0.0911458358168602,5918,5917,1.0314029455184937,0.782008171081543,0.0507812537252903,2739.808486477,47096,0.7405422329902649,18.569812774658203,0.20439963042736053,0.9999999403953552,-20.667007446289062,9090048,1746183810.4739425
15.464844703674316,0.0703125,5921,5920,1.0314029455184937,0.7668764591217041,0.0520833358168602,2741.176950439,47120,0.7303860187530518,18.569812774658203,0.20439963042736053,0.9999999403953552,-20.627769470214844,9094656,1746183811.842395
15.682943344116211,0.1171875074505806,5936,5935,1.0314029455184937,1.1411415338516235,0.0494791679084301,2748.020324672,47240,0.7891573309898376,18.569812774658203,0.20439963042736053,0.9999999403953552,-20.83499526977539,9117696,1746183818.6857922
15.864583969116211,0.1263020932674408,5945,5944,1.0314029455184937,0.9067137241363525,0.0507812537252903,2752.125956341,47312,0.7894059419631958,18.569812774658203,0.20439963042736053,0.9999999403953552,-21.51789665222168,9131520,1746183822.791436
15.301433563232422,0.1210937574505806,5954,5953,1.0314029455184937,0.8143221735954285,0.0527343787252903,2756.233061353,47384,0.7725380063056946,18.569812774658203,0.20439963042736053,0.9999999403953552,-21.669525146484375,9145344,1746183826.89849
15.927735328674316,0.1048177108168602,5957,5956,1.0314029455184937,0.8947004079818726,0.0501302108168602,2757.601613602,47408,0.7803386449813843,18.569812774658203,0.20439963042736053,0.9999999403953552,-21.345272064208984,9149952,1746183828.2670717
15.268880844116211,0.0488281287252903,5964,5963,1.0314029455184937,1.0236835479736328,0.0520833358168602,2760.794922154,47464,0.6836885213851929,18.569812774658203,0.20439963042736053,0.9999999403953552,-21.446311950683594,9160704,1746183831.4603763
15.777996063232422,0.1184895858168602,5975,5974,1.0314029455184937,0.9783684015274048,0.0507812537252903,2765.811228387,47552,0.7891572713851929,18.569812774658203,0.20439963042736053,0.9999999403953552,-21.42316436767578,9177600,1746183836.4766645
16.041667938232422,0.1276041716337204,5993,5992,1.0314029455184937,0.737173855304718,0.0494791679084301,2774.025207967,47696,0.7933594584465027,18.569812774658203,0.20439963042736053,0.9999999403953552,-22.012495040893555,9205248,1746183844.690638
15.610677719116211,0.0852864608168602,6007,6006,1.0314029455184937,0.7401441931724548,0.0514322929084301,2780.433071423,47808,0.7377486824989319,18.569812774658203,0.20439963042736053,0.9999999403953552,-22.040021896362305,9226752,1746183851.0985086
15.671875953674316,0.0774739608168602,6028,6027,1.0314029455184937,0.8919245004653931,0.0514322929084301,2790.01206628,47976,0.7370384335517883,18.569812774658203,0.20439963042736053,0.9999999403953552,-22.551563262939453,9259008,1746183860.6775157
15.660157203674316,0.0371093787252903,6037,6036,1.0314029455184937,0.9513424038887024,0.0501302108168602,2794.121086981,48048,0.684209406375885,18.569812774658203,0.20439963042736053,0.9999999403953552,-21.96004295349121,9272832,1746183864.7865324
15.292318344116211,0.0970052108168602,6051,6050,1.0314029455184937,0.8966501355171204,0.0527343787252903,2800.511061587,48160,0.7402463555335999,18.569812774658203,0.20439963042736053,0.9999999403953552,-21.98043441772461,9294336,1746183871.1765187
15.430339813232422,0.0957031324505806,6052,6051,1.0314029455184937,0.8509025573730469,0.0501302108168602,2800.96709569,48168,0.7354877591133118,18.569812774658203,0.20439963042736053,0.9999999403953552,-22.11089324951172,9295872,1746183871.6325514
16.1953125,0.1503906399011612,6059,6058,1.0314029455184937,1.0476140975952148,0.0481770858168602,2804.16186445,48224,0.8300901055335999,18.569812774658203,0.20439963042736053,0.9999999403953552,-22.589759826660156,9306624,1746183874.8273013
17.533203125,0.0898437574505806,6083,6082,1.0314029455184937,0.7963294982910156,0.0436197929084301,2815.117910761,48416,0.7678031921386719,18.569812774658203,0.20439963042736053,0.9999999403953552,-22.35015106201172,9343488,1746183885.7833247
16.897136688232422,0.1282552182674408,6086,6085,1.0314029455184937,0.8107515573501587,0.0468750037252903,2816.486303458,48440,0.7944130301475525,18.569812774658203,0.20439963042736053,0.9999999403953552,-22.180011749267578,9348096,1746183887.1517396
16.92122459411621,0.1328125,6093,6092,1.0314029455184937,0.8065845966339111,0.0475260429084301,2819.679617931,48496,0.810404896736145,18.569812774658203,0.20439963042736053,0.9999999403953552,-22.512048721313477,9358848,1746183890.345056
17.19856834411621,0.1516927182674408,6115,6114,1.0314029455184937,0.7189140319824219,0.0442708358168602,2829.720230746,48672,0.8314868211746216,18.569812774658203,0.20439963042736053,0.9999999403953552,-22.739641189575195,9392640,1746183900.385695
15.992188453674316,0.1302083432674408,6161,6160,1.0314029455184937,1.0030823945999146,0.0488281287252903,2850.712519321,49040,0.7771899104118347,18.569812774658203,0.20439963042736053,0.9999999403953552,-24.01587677001953,9463296,1746183921.3779883
15.660808563232422,0.1002604216337204,6168,6167,1.0314029455184937,0.9340258836746216,0.0514322929084301,2853.905709389,49096,0.7473485469818115,18.569812774658203,0.20439963042736053,0.9999999403953552,-24.43074607849121,9474048,1746183924.5711591
15.687500953674316,0.1178385466337204,6176,6175,1.016441822052002,0.8139886856079102,0.0514322929084301,2857.674004402,49160,0.7731890678405762,18.84143829345703,0.19572624564170837,1.0000001192092896,-24.796104431152344,9486336,1746183928.3394423
16.008464813232422,0.0800781324505806,6179,6178,1.016441822052002,0.8242439031600952,0.0494791679084301,2859.042228088,49184,0.7419981956481934,18.84143829345703,0.19572624564170837,1.0000001192092896,-24.88608741760254,9490944,1746183929.7076426
15.541016578674316,0.0989583358168602,6195,6194,1.016441822052002,0.8975543975830078,0.0501302108168602,2866.34979494,49312,0.7552321553230286,18.84143829345703,0.19572624564170837,1.0000001192092896,-24.981769561767578,9515520,1746183937.015216
15.672527313232422,0.1191406324505806,6200,6199,1.016441822052002,0.8240536451339722,0.0507812537252903,2868.630155238,49352,0.7808713316917419,18.84143829345703,0.19572624564170837,1.0000001192092896,-24.779338836669922,9523200,1746183939.2956235
15.494792938232422,0.0703125,6226,6225,1.016441822052002,0.9695249795913696,0.0520833358168602,2880.497701676,49560,0.7203955054283142,18.84143829345703,0.19572624564170837,1.0000001192092896,-25.40248680114746,9563136,1746183951.1631377
15.101563453674316,0.01106770895421505,6228,6227,1.016441822052002,1.037501335144043,0.0540364608168602,2881.410910102,49576,0.6436908841133118,18.84143829345703,0.19572624564170837,1.0000001192092896,-25.542795181274414,9566208,1746183952.0763583
15.595704078674316,0.0865885466337204,6233,6232,1.016441822052002,0.8908904194831848,0.0514322929084301,2883.691691866,49616,0.7252723574638367,18.84143829345703,0.19572624564170837,1.0000001192092896,-25.049591064453125,9573888,1746183954.3571641
15.484375953674316,0.0800781324505806,6235,6234,1.016441822052002,0.8950095176696777,0.0520833358168602,2884.606711513,49632,0.726006269454956,18.84143829345703,0.19572624564170837,1.0000001192092896,-25.055580139160156,9576960,1746183955.2721636
15.490235328674316,0.12890625,6272,6271,1.016441822052002,1.1473747491836548,0.0520833358168602,2901.490299385,49928,0.7977155447006226,18.84143829345703,0.19572624564170837,1.0000001192092896,-25.18578338623047,9633792,1746183972.1557627
15.824871063232422,0.0878906324505806,6287,6286,1.016441822052002,1.2133731842041016,0.0507812537252903,2908.332664956,50048,0.7478339076042175,18.84143829345703,0.19572624564170837,1.0000001192092896,-25.221607208251953,9656832,1746183978.998107
15.850912094116211,0.0722656324505806,6290,6289,1.016441822052002,1.2280409336090088,0.0501302108168602,2909.701221341,50072,0.7381393909454346,18.84143829345703,0.19572624564170837,1.0000001192092896,-25.058490753173828,9661440,1746183980.3666618
15.973958969116211,0.0794270858168602,6311,6310,1.016441822052002,1.0549808740615845,0.0501302108168602,2919.284881411,50240,0.7484731674194336,18.84143829345703,0.19572624564170837,1.0000001192092896,-24.798030853271484,9693696,1746183989.9503434
15.666016578674316,0.1458333432674408,6348,6347,1.016441822052002,0.9355528354644775,0.0507812537252903,2936.171985044,50536,0.8202415704727173,18.84143829345703,0.19572624564170837,1.0000001192092896,-24.869300842285156,9750528,1746184006.837434
15.839844703674316,0.1191406324505806,6369,6368,1.016441822052002,0.9061986207962036,0.0494791679084301,2945.756571504,50704,0.8009234666824341,18.84143829345703,0.19572624564170837,1.0000001192092896,-26.20438003540039,9782784,1746184016.4220207
15.470704078674316,0.1321614682674408,6370,6369,1.016441822052002,0.8736337423324585,0.0520833358168602,2946.212574111,50712,0.797549843788147,18.84143829345703,0.19572624564170837,1.0000001192092896,-26.19234275817871,9784320,1746184016.8780339
15.716146469116211,0.0911458358168602,6400,6399,1.016441822052002,1.1547057628631592,0.0501302108168602,2959.904344315,50952,0.7479759454727173,18.84143829345703,0.19572624564170837,1.0000001192092896,-26.296262741088867,9830400,1746184030.5697722
15.630860328674316,0.1321614682674408,6427,6426,1.016441822052002,1.1789376735687256,0.0520833358168602,2972.245123408,51168,0.8032789826393127,18.84143829345703,0.19572624564170837,1.0000001192092896,-25.664745330810547,9871872,1746184042.9105499
15.548177719116211,0.1152343824505806,6433,6432,1.016441822052002,1.1215299367904663,0.0520833358168602,2974.982165147,51216,0.786588728427887,18.84143829345703,0.19572624564170837,1.0000001192092896,-24.938594818115234,9881088,1746184045.6476085
15.532552719116211,0.0696614608168602,6436,6435,1.016441822052002,1.164738655090332,0.0520833358168602,2976.350622461,51240,0.7301374077796936,18.84143829345703,0.19572624564170837,1.0000001192092896,-25.177059173583984,9885696,1746184047.016064
15.854818344116211,0.1321614682674408,6441,6440,1.016441822052002,1.188664436340332,0.0488281287252903,2978.630629364,51280,0.8046047687530518,18.84143829345703,0.19572624564170837,1.0000001192092896,-25.37788200378418,9893376,1746184049.2960947
15.527344703674316,0.0970052108168602,6466,6465,1.016441822052002,1.3492060899734497,0.0520833358168602,2990.042241641,51480,0.7672349810600281,18.84143829345703,0.19572624564170837,1.0000001192092896,-25.777063369750977,9931776,1746184060.707556
16.01953125,0.1562500149011612,6476,6475,1.016441822052002,1.3184586763381958,0.0494791679084301,2994.606345373,51560,0.8370858430862427,18.84143829345703,0.19572624564170837,1.0000001192092896,-25.691043853759766,9947136,1746184065.2717936
15.532552719116211,0.1028645858168602,6479,6478,1.016441822052002,1.3167357444763184,0.0520833358168602,2995.976028493,51584,0.7615176439285278,18.84143829345703,0.19572624564170837,1.0000001192092896,-25.767730712890625,9951744,1746184066.641427
15.708985328674316,0.0963541716337204,6481,6480,1.016441822052002,1.2604811191558838,0.0501302108168602,2996.888365199,51600,0.768039882183075,18.84143829345703,0.19572624564170837,1.0000001192092896,-25.76200294494629,9954816,1746184067.5538208
15.373699188232422,0.0566406287252903,6488,6487,1.016441822052002,1.1017507314682007,0.0507812537252903,3000.081108524,51656,0.7127605676651001,18.84143829345703,0.19572624564170837,1.0000001192092896,-25.635391235351562,9965568,1746184070.7465773
