returned_episode_lengths,returned_won_episode,update_steps,_step,test_returned_episode_returns,loss,returned_episode,_runtime,grad_steps,returned_episode_returns,test_returned_episode_lengths,test_returned_won_episode,test_returned_episode,qvals,env_step,_timestamp
16.21614646911621,0.0,9,8,0.18758003413677216,0.0,0.0501302108168602,55.243768569,0,0.12473960220813751,11.488933563232422,0.0,1.0,0.0,13824,1746174314.2614567
15.497396469116211,0.0,28,27,0.18758003413677216,0.0,0.0527343787252903,56.43667651,0,0.13539499044418335,11.488933563232422,0.0,1.0,0.0,43008,1746174315.4543767
15.408855438232422,0.0,34,33,0.18758003413677216,0.03315575793385506,0.0527343787252903,57.611731531,24,0.127495676279068,11.488933563232422,0.0,1.0,0.04107464849948883,52224,1746174316.6294305
15.289714813232422,0.0,43,42,0.18758003413677216,0.05151822790503502,0.0527343787252903,60.590144859,96,0.13261719048023224,11.488933563232422,0.0,1.0,0.25185731053352356,66048,1746174319.6078267
14.632162094116211,0.0,60,59,0.18758003413677216,0.044609494507312775,0.0559895858168602,66.178554686,232,0.14461807906627655,11.488933563232422,0.0,1.0,0.39005663990974426,92160,1746174325.1962345
14.643229484558105,0.0,69,68,0.18758003413677216,0.05151788890361786,0.0546875037252903,69.146045747,304,0.14791667461395264,11.488933563232422,0.0,1.0,0.5038623213768005,105984,1746174328.1637325
14.837891578674316,0.0,86,85,0.18758003413677216,0.047739818692207336,0.0553385429084301,74.748892721,440,0.15091148018836975,11.488933563232422,0.0,1.0,0.4529876708984375,132096,1746174333.76655
14.576172828674316,0.0,105,104,0.18758003413677216,0.05433104187250137,0.0559895858168602,81.017184315,592,0.16280382871627808,11.488933563232422,0.0,1.0,0.3895030915737152,161280,1746174340.0348387
14.521485328674316,0.0,116,115,0.18758003413677216,0.11677050590515137,0.0566406287252903,84.638873821,680,0.17167969048023224,11.488933563232422,0.0,1.0,0.334279865026474,178176,1746174343.6565342
13.964193344116211,0.0,117,116,0.18758003413677216,0.10426032543182373,0.0611979216337204,84.969335132,688,0.15629343688488007,11.488933563232422,0.0,1.0,0.35154294967651367,179712,1746174343.9869592
15.283204078674316,0.0,125,124,0.18758003413677216,0.0817103385925293,0.0520833358168602,87.609024289,752,0.16885854303836823,11.488933563232422,0.0,1.0,0.32416558265686035,192000,1746174346.6266816
13.934245109558105,0.0,149,148,0.18758003413677216,0.10285499691963196,0.0585937537252903,95.539652041,944,0.1828993260860443,11.488933563232422,0.0,1.0,0.33108195662498474,228864,1746174354.5572364
14.602213859558105,0.0,159,158,0.18758003413677216,0.11939709633588791,0.0572916679084301,98.849980326,1024,0.17269966006278992,11.488933563232422,0.0,1.0,0.3285863995552063,244224,1746174357.8673458
14.042969703674316,0.0,165,164,0.18758003413677216,0.10009478032588959,0.0598958358168602,100.836130012,1072,0.170464426279068,11.488933563232422,0.0,1.0,0.3350241184234619,253440,1746174359.8537812
13.626954078674316,0.0,173,172,0.18758003413677216,0.15196570754051208,0.0618489608168602,103.472195124,1136,0.175347238779068,11.488933563232422,0.0,1.0,0.32525360584259033,265728,1746174362.489743
13.882813453674316,0.0,185,184,0.18758003413677216,0.12728135287761688,0.0611979216337204,107.430612019,1232,0.1989583522081375,11.488933563232422,0.0,1.0,0.337655633687973,284160,1746174366.4482737
14.184245109558105,0.0,213,212,0.18758003413677216,0.09170491993427277,0.0585937537252903,116.695114178,1456,0.1955295354127884,11.488933563232422,0.0,1.0,0.28670796751976013,327168,1746174375.712748
15.004557609558105,0.0,221,220,0.18758003413677216,0.14971628785133362,0.0553385429084301,119.345187763,1520,0.21221789717674255,11.488933563232422,0.0,1.0,0.2902911603450775,339456,1746174378.362864
14.161458969116211,0.0,247,246,0.18758003413677216,0.07531306147575378,0.0579427108168602,127.96705244,1728,0.22769099473953247,11.488933563232422,0.0,1.0,0.34497758746147156,379392,1746174386.9846718
14.058594703674316,0.0,262,261,0.18758003413677216,0.07188409566879272,0.0592447929084301,132.971845388,1848,0.23745661973953247,11.488933563232422,0.0,1.0,0.34099388122558594,402432,1746174391.9893858
13.093750953674316,0.0,270,269,0.18758003413677216,0.07038073241710663,0.0638020858168602,135.616992157,1912,0.26158854365348816,11.488933563232422,0.0,1.0,0.34531205892562866,414720,1746174394.634659
13.833985328674316,0.0,274,273,0.18758003413677216,0.07296017557382584,0.0598958358168602,136.936166834,1944,0.23352865874767303,11.488933563232422,0.0,1.0,0.34365224838256836,420864,1746174395.9537992
14.186849594116211,0.0,276,275,0.18758003413677216,0.06595460325479507,0.0579427108168602,137.616516888,1960,0.253472238779068,11.488933563232422,0.0,1.0,0.34186264872550964,423936,1746174396.6341274
14.802735328674316,0.0,277,276,0.18758003413677216,0.07263092696666718,0.0566406287252903,137.94756017,1968,0.25850698351860046,11.488933563232422,0.0,1.0,0.34169286489486694,425472,1746174396.96519
14.254557609558105,0.0,290,289,0.18758003413677216,0.11144576966762543,0.0566406287252903,142.294252728,2072,0.2349826544523239,11.488933563232422,0.0,1.0,0.3565656840801239,445440,1746174401.3118935
14.079427719116211,0.0,295,294,0.18758003413677216,0.05227525904774666,0.0572916679084301,143.97666741,2112,0.2723524570465088,11.488933563232422,0.0,1.0,0.35434380173683167,453120,1746174402.9943168
14.050782203674316,0.0,303,302,0.18758003413677216,0.05085229128599167,0.0585937537252903,146.627369433,2176,0.2542317807674408,11.488933563232422,0.0,1.0,0.352424293756485,465408,1746174405.6449409
13.923177719116211,0.0,327,326,0.5815351605415344,0.04961622878909111,0.0598958358168602,154.689442539,2368,0.2733290195465088,16.165788650512695,0.0015789472963660955,1.0,0.37374061346054077,502272,1746174413.7070932
12.828776359558105,0.0,338,337,0.5815351605415344,0.045148707926273346,0.0657552108168602,158.33923313,2456,0.2987630367279053,16.165788650512695,0.0015789472963660955,1.0,0.3730717897415161,519168,1746174417.3568625
13.025391578674316,0.0,352,351,0.5815351605415344,0.05472801625728607,0.0638020858168602,163.013510005,2568,0.3137587308883667,16.165788650512695,0.0015789472963660955,1.0,0.370154470205307,540672,1746174422.0311427
11.694010734558105,0.0,364,363,0.5815351605415344,0.280627965927124,0.0742187574505806,166.979113364,2664,0.28487417101860046,16.165788650512695,0.0015789472963660955,1.0,0.28370195627212524,559104,1746174425.9967322
12.026693344116211,0.0,367,366,0.5815351605415344,0.06932631134986877,0.0716145858168602,167.973183473,2688,0.3137153089046478,16.165788650512695,0.0015789472963660955,1.0,0.2488478124141693,563712,1746174426.9908092
12.211588859558105,0.0,388,387,0.5815351605415344,0.051795441657304764,0.0703125,174.994013901,2856,0.3136502206325531,16.165788650512695,0.0015789472963660955,1.0,0.2241794764995575,595968,1746174434.0116138
11.852865219116211,0.0,393,392,0.5815351605415344,0.048921532928943634,0.0716145858168602,176.669064196,2896,0.32343757152557373,16.165788650512695,0.0015789472963660955,1.0,0.22143705189228058,603648,1746174435.6866934
12.617188453674316,0.0,404,403,0.5815351605415344,0.0485248789191246,0.06640625,180.323177241,2984,0.3473525047302246,16.165788650512695,0.0015789472963660955,1.0,0.23106925189495087,620544,1746174439.340769
13.012370109558105,0.0,405,404,0.5815351605415344,0.04916161298751831,0.064453125,180.682798932,2992,0.33266061544418335,16.165788650512695,0.0015789472963660955,1.0,0.23519517481327057,622080,1746174439.7003403
12.612630844116211,0.0,422,421,0.5815351605415344,0.060157228261232376,0.0690104216337204,186.516795135,3128,0.36885857582092285,16.165788650512695,0.0015789472963660955,1.0,0.2514721751213074,648192,1746174445.5344095
12.404948234558105,0.0,449,448,0.5815351605415344,0.08281014859676361,0.0690104216337204,195.480543193,3344,0.374131977558136,16.165788650512695,0.0015789472963660955,1.0,0.08459480106830597,689664,1746174454.4981766
12.130860328674316,0.0,466,465,0.5815351605415344,0.05738309770822525,0.0696614608168602,201.106185345,3480,0.3847222924232483,16.165788650512695,0.0015789472963660955,1.0,0.10831847786903381,715776,1746174460.1238267
12.511068344116211,0.0,468,467,0.5815351605415344,0.05547679215669632,0.0696614608168602,201.769958939,3496,0.38213980197906494,16.165788650512695,0.0015789472963660955,1.0,0.10602088272571564,718848,1746174460.7875822
11.925130844116211,0.0,472,471,0.5815351605415344,0.06581806391477585,0.0716145858168602,203.11659313,3528,0.3980903625488281,16.165788650512695,0.0015789472963660955,1.0,0.10863444209098816,724992,1746174462.134075
12.285157203674316,0.0,476,475,0.5815351605415344,0.06661578267812729,0.0703125,204.436656006,3560,0.39858946204185486,16.165788650512695,0.0015789472963660955,1.0,0.12470386922359467,731136,1746174463.4542475
12.341146469116211,0.0,491,490,0.5815351605415344,0.06157201901078224,0.0703125,209.435524442,3680,0.3989367187023163,16.165788650512695,0.0015789472963660955,1.0,0.11866609752178192,754176,1746174468.4531605
11.693360328674316,0.0,500,499,0.5815351605415344,0.0639171451330185,0.0755208358168602,212.445814518,3752,0.4011719226837158,16.165788650512695,0.0015789472963660955,1.0,0.1303572952747345,768000,1746174471.4634485
11.957032203674316,0.0,501,500,0.5815351605415344,0.06632614135742188,0.0716145858168602,212.774605105,3760,0.4093099534511566,16.165788650512695,0.0015789472963660955,1.0,0.13646405935287476,769536,1746174471.7922509
12.169922828674316,0.0,510,509,0.5815351605415344,0.06563079357147217,0.0696614608168602,215.763728568,3832,0.4105035364627838,16.165788650512695,0.0015789472963660955,1.0,0.11389634013175964,783360,1746174474.781247
13.013021469116211,0.0,518,517,0.5815351605415344,0.07752808928489685,0.0657552108168602,218.437007104,3896,0.42445752024650574,16.165788650512695,0.0015789472963660955,1.0,0.09136676788330078,795648,1746174477.4546533
12.389323234558105,0.0,521,520,0.5815351605415344,0.07159943878650665,0.0696614608168602,219.431748677,3920,0.4057075083255768,16.165788650512695,0.0015789472963660955,1.0,0.09136216342449188,800256,1746174478.449382
11.929688453674316,0.0,560,559,0.5815351605415344,0.053825490176677704,0.0703125,232.39833434,4232,0.4474610388278961,16.165788650512695,0.0015789472963660955,1.0,0.07355431467294693,860160,1746174491.4159493
12.339193344116211,0.0,563,562,0.5815351605415344,0.057114049792289734,0.068359375,233.393862086,4256,0.45935335755348206,16.165788650512695,0.0015789472963660955,1.0,0.08019373565912247,864768,1746174492.4113922
11.238282203674316,0.0,576,575,0.5815351605415344,0.0765155628323555,0.0787760466337204,237.749625628,4360,0.4273872375488281,16.165788650512695,0.0015789472963660955,1.0,0.039604656398296356,884736,1746174496.7672594
12.718750953674316,0.0,582,581,0.5815351605415344,0.07237764447927475,0.0670572966337204,239.728944357,4408,0.4586588740348816,16.165788650512695,0.0015789472963660955,1.0,0.07644666731357574,893952,1746174498.746598
12.055338859558105,0.0,617,616,0.5815351605415344,0.05421139672398567,0.068359375,251.413867868,4688,0.4884549081325531,16.165788650512695,0.0015789472963660955,1.0,0.02339242771267891,947712,1746174510.4315207
12.003255844116211,0.0,632,631,0.5815351605415344,0.060200177133083344,0.0709635466337204,256.394960438,4808,0.49646270275115967,16.165788650512695,0.0015789472963660955,1.0,0.033705875277519226,970752,1746174515.4126039
11.454427719116211,0.0,663,662,0.5842157006263733,0.10694962739944458,0.0748697966337204,266.802162735,5056,0.5085286498069763,13.020587921142578,0.00147058826405555,1.0,0.011216547340154648,1018368,1746174525.8196898
11.199870109558105,0.0,667,666,0.5842157006263733,0.07533280551433563,0.0774739608168602,268.150081164,5088,0.5061632394790649,13.020587921142578,0.00147058826405555,1.0,0.014335578307509422,1024512,1746174527.1677008
11.737630844116211,0.0,673,672,0.5842157006263733,0.08497296273708344,0.0748697966337204,270.138858477,5136,0.5147786736488342,13.020587921142578,0.00147058826405555,1.0,0.018046755343675613,1033728,1746174529.156504
12.102213859558105,0.0,691,690,0.5842157006263733,0.06272359192371368,0.0703125,276.145094396,5280,0.5099393129348755,13.020587921142578,0.00147058826405555,1.0,0.005215238779783249,1061376,1746174535.1627116
12.761068344116211,0.0,731,730,0.5842157006263733,0.06224612146615982,0.0657552108168602,289.448077668,5600,0.5014540553092957,13.020587921142578,0.00147058826405555,1.0,-0.00756135443225503,1122816,1746174548.465599
13.510416984558105,0.0,738,737,0.5842157006263733,0.05685873329639435,0.0625,291.795161554,5656,0.5125217437744141,13.020587921142578,0.00147058826405555,1.0,-0.000634650990832597,1133568,1746174550.8127756
13.311198234558105,0.0,766,765,0.5842157006263733,0.0625186413526535,0.0625,301.091323942,5880,0.4875217080116272,13.020587921142578,0.00147058826405555,1.0,0.024409163743257523,1176576,1746174560.108935
11.622396469116211,0.0,816,815,0.5842157006263733,0.06343638151884079,0.0748697966337204,317.714948156,6280,0.51848965883255,13.020587921142578,0.00147058826405555,1.0,0.03504541143774986,1253376,1746174576.732596
11.151693344116211,0.0,824,823,0.5842157006263733,0.07671155035495758,0.0781250074505806,320.368842671,6344,0.4955295920372009,13.020587921142578,0.00147058826405555,1.0,0.03176888823509216,1265664,1746174579.3864615
11.563802719116211,0.0,825,824,0.5842157006263733,0.07730340957641602,0.0735677108168602,320.699791975,6352,0.5191189646720886,13.020587921142578,0.00147058826405555,1.0,0.02539617009460926,1267200,1746174579.7174056
11.593750953674316,0.0,835,834,0.5842157006263733,0.06337594985961914,0.0748697966337204,324.022655865,6432,0.5257378816604614,13.020587921142578,0.00147058826405555,1.0,0.012485321611166,1282560,1746174583.0402992
11.828125953674316,0.0,838,837,0.5842157006263733,0.07213420420885086,0.0735677108168602,325.017380827,6456,0.5220052599906921,13.020587921142578,0.00147058826405555,1.0,0.005165010690689087,1287168,1746174584.035028
12.281901359558105,0.0,844,843,0.5842157006263733,0.08387365192174911,0.0703125,327.023295919,6504,0.5198785066604614,13.020587921142578,0.00147058826405555,1.0,-0.05096065253019333,1296384,1746174586.0407488
11.633463859558105,0.0,846,845,0.5842157006263733,0.07422883808612823,0.0748697966337204,327.681195671,6520,0.5324002504348755,13.020587921142578,0.00147058826405555,1.0,-0.04650615155696869,1299456,1746174586.6988292
11.561849594116211,0.0,857,856,0.5842157006263733,0.056354060769081116,0.0755208358168602,331.348965,6608,0.5176649689674377,13.020587921142578,0.00147058826405555,1.0,-0.03609972447156906,1316352,1746174590.3665838
12.836588859558105,0.0,887,886,0.5842157006263733,0.06867252290248871,0.06640625,341.309428451,6848,0.509678840637207,13.020587921142578,0.00147058826405555,1.0,-0.011431727558374405,1362432,1746174600.3269396
12.151041984558105,0.0,907,906,0.5842157006263733,0.058513615280389786,0.0703125,347.972198191,7008,0.5212674140930176,13.020587921142578,0.00147058826405555,1.0,0.02645590901374817,1393152,1746174606.9898171
11.699870109558105,0.0,937,936,0.5842157006263733,0.06405039131641388,0.0748697966337204,357.950171188,7248,0.5381510853767395,13.020587921142578,0.00147058826405555,1.0,-0.025952128693461418,1439232,1746174616.967768
12.119791984558105,0.0,939,938,0.5842157006263733,0.06237507984042168,0.0696614608168602,358.610644094,7264,0.5328559279441833,13.020587921142578,0.00147058826405555,1.0,-0.03227011114358902,1442304,1746174617.6282775
12.911458969116211,0.008463541977107525,947,946,0.5842157006263733,0.05536237359046936,0.0651041716337204,361.260355296,7328,0.5513455867767334,13.020587921142578,0.00147058826405555,1.0,-0.046304941177368164,1454592,1746174620.2779698
13.604166984558105,0.004557291977107525,961,960,0.5842157006263733,0.06054721400141716,0.0611979216337204,365.925244657,7440,0.542013943195343,13.020587921142578,0.00147058826405555,1.0,-0.03758007287979126,1476096,1746174624.9428847
11.643880844116211,0.0,982,981,0.6170151233673096,0.10636918246746063,0.0729166716337204,372.999773293,7608,0.5207031965255737,14.583135604858398,0.0030878859106451273,1.0,-0.045149147510528564,1508352,1746174632.0174196
12.134766578674316,0.0,993,992,0.6170151233673096,0.05186086893081665,0.0716145858168602,376.668468177,7696,0.5425999164581299,14.583135604858398,0.0030878859106451273,1.0,-0.06927411258220673,1525248,1746174635.686103
11.736329078674316,0.008463541977107525,1001,1000,0.6170151233673096,0.05746083706617355,0.0735677108168602,379.311267642,7760,0.5366103053092957,14.583135604858398,0.0030878859106451273,1.0,-0.07355207204818726,1537536,1746174638.3288422
11.901693344116211,0.0,1020,1019,0.6170151233673096,0.062377385795116425,0.0716145858168602,385.632718887,7912,0.5240017771720886,14.583135604858398,0.0030878859106451273,1.0,-0.06886711716651917,1566720,1746174644.650338
12.837891578674316,0.00911458395421505,1024,1023,0.6170151233673096,0.058167412877082825,0.0677083358168602,386.972479813,7944,0.5401042699813843,14.583135604858398,0.0030878859106451273,1.0,-0.06221262365579605,1572864,1746174645.9901094
13.166016578674316,0.0,1028,1027,0.6170151233673096,0.07770682871341705,0.0638020858168602,388.298282239,7976,0.5114150047302246,14.583135604858398,0.0030878859106451273,1.0,-0.05759789049625397,1579008,1746174647.3159297
13.054037094116211,0.0,1039,1038,0.6170151233673096,0.05915902554988861,0.0651041716337204,391.951737071,8064,0.5210937857627869,14.583135604858398,0.0030878859106451273,1.0,-0.05248703807592392,1595904,1746174650.9693365
12.607422828674316,0.0,1050,1049,0.6170151233673096,0.06527675688266754,0.0670572966337204,395.611730111,8152,0.5270833969116211,14.583135604858398,0.0030878859106451273,1.0,-0.05389911308884621,1612800,1746174654.6294096
12.149088859558105,0.0,1067,1066,0.6170151233673096,0.06492345780134201,0.0709635466337204,401.242467195,8288,0.5183160305023193,14.583135604858398,0.0030878859106451273,1.0,-0.04610353708267212,1638912,1746174660.2600975
11.962891578674316,0.0,1092,1091,0.6170151233673096,0.06262660026550293,0.0703125,409.558132877,8488,0.5267578363418579,14.583135604858398,0.0030878859106451273,1.0,-0.017587101086974144,1677312,1746174668.5757656
12.762370109558105,0.0,1125,1124,0.6170151233673096,0.046800993382930756,0.068359375,420.555021799,8752,0.5383247137069702,14.583135604858398,0.0030878859106451273,1.0,-0.04018806666135788,1728000,1746174679.5478182
12.589844703674316,0.008463541977107525,1156,1155,0.6170151233673096,0.06367838382720947,0.0677083358168602,430.838814448,9000,0.534092903137207,14.583135604858398,0.0030878859106451273,1.0,-0.11190624535083771,1775616,1746174689.8564382
12.112630844116211,0.008463541977107525,1173,1172,0.6170151233673096,0.07673414051532745,0.0709635466337204,436.495809741,9136,0.5565322041511536,14.583135604858398,0.0030878859106451273,1.0,-0.1605985164642334,1801728,1746174695.5134585
14.437500953674316,0.0,1212,1211,0.6170151233673096,0.05792684853076935,0.0559895858168602,449.47621016,9448,0.5203776955604553,14.583135604858398,0.0030878859106451273,1.0,-0.12004294991493225,1861632,1746174708.4938393
14.203776359558105,0.0,1218,1217,0.6170151233673096,0.06358680129051208,0.0585937537252903,451.462702707,9496,0.5145400166511536,14.583135604858398,0.0030878859106451273,1.0,-0.11760751903057098,1870848,1746174710.4803524
15.167969703674316,0.0,1229,1228,0.6170151233673096,0.06100500002503395,0.0546875037252903,455.148654721,9584,0.5289280414581299,14.583135604858398,0.0030878859106451273,1.0,-0.117461197078228,1887744,1746174714.1659563
13.050130844116211,0.009765625931322575,1248,1247,0.6170151233673096,0.062593013048172,0.0631510466337204,461.463183582,9736,0.5464627742767334,14.583135604858398,0.0030878859106451273,1.0,-0.11637990176677704,1916928,1746174720.4808095
12.119791984558105,0.0,1264,1263,0.6170151233673096,0.07429926842451096,0.0703125,466.77586123,9864,0.5250651240348816,14.583135604858398,0.0030878859106451273,1.0,-0.1501452773809433,1941504,1746174725.7934887
12.242838859558105,0.0,1290,1289,0.6170151233673096,0.06576710194349289,0.068359375,475.445276369,10072,0.534375011920929,14.583135604858398,0.0030878859106451273,1.0,-0.12635308504104614,1981440,1746174734.4629157
12.353516578674316,0.0,1298,1297,0.6170151233673096,0.07431503385305405,0.0690104216337204,478.112056438,10136,0.5424914360046387,14.583135604858398,0.0030878859106451273,1.0,-0.12774278223514557,1993728,1746174737.129652
13.367188453674316,0.0,1309,1308,0.6454951167106628,0.08046697080135345,0.0631510466337204,481.854692316,10224,0.5374349355697632,14.140815734863281,0.007482992950826883,1.0,-0.14149855077266693,2010624,1746174740.872341
13.457682609558105,0.011718750931322575,1372,1371,0.6454951167106628,0.08173195272684097,0.0618489608168602,502.770991408,10728,0.5437501072883606,14.140815734863281,0.007482992950826883,1.0,-0.16166749596595764,2107392,1746174761.788601
12.494141578674316,0.008463541977107525,1373,1372,0.6454951167106628,0.08300697803497314,0.068359375,503.102765478,10736,0.535481870174408,14.140815734863281,0.007482992950826883,1.0,-0.16229309141635895,2108928,1746174762.1203845
13.960938453674316,0.01692708395421505,1379,1378,0.6454951167106628,0.07761234045028687,0.0598958358168602,505.084466951,10784,0.5601780414581299,14.140815734863281,0.007482992950826883,1.0,-0.15937891602516174,2118144,1746174764.10209
13.328776359558105,0.0,1392,1391,0.6454951167106628,0.09819088876247406,0.0638020858168602,509.413624429,10888,0.5347005724906921,14.140815734863281,0.007482992950826883,1.0,-0.15688589215278625,2138112,1746174768.4312649
12.970052719116211,0.0,1393,1392,0.6454951167106628,0.08775743842124939,0.0638020858168602,509.744903351,10896,0.53509122133255,14.140815734863281,0.007482992950826883,1.0,-0.15176111459732056,2139648,1746174768.762559
12.744141578674316,0.0,1400,1399,0.6454951167106628,0.08278516680002213,0.0657552108168602,512.069241123,10952,0.5255426168441772,14.140815734863281,0.007482992950826883,1.0,-0.1695033311843872,2150400,1746174771.0868874
13.236329078674316,0.0,1401,1400,0.6454951167106628,0.09069327265024185,0.0625,512.400742893,10960,0.5476129055023193,14.140815734863281,0.007482992950826883,1.0,-0.16491951048374176,2151936,1746174771.4183834
12.403646469116211,0.00911458395421505,1485,1484,0.6454951167106628,0.07280054688453674,0.0690104216337204,540.343541191,11632,0.5644965767860413,14.140815734863281,0.007482992950826883,1.0,-0.1149619072675705,2280960,1746174799.3611445
12.445313453674316,0.009765625931322575,1495,1494,0.6454951167106628,0.07391920685768127,0.0690104216337204,543.689998195,11712,0.5604602098464966,14.140815734863281,0.007482992950826883,1.0,-0.10917908698320389,2296320,1746174802.707502
13.023438453674316,0.01888020895421505,1511,1510,0.6454951167106628,0.1480083465576172,0.06640625,549.025779897,11840,0.5699002742767334,14.140815734863281,0.007482992950826883,1.0,-0.13765934109687805,2320896,1746174808.0433993
13.033204078674316,0.00911458395421505,1513,1512,0.6454951167106628,0.09285940229892731,0.0618489608168602,549.68871049,11856,0.5339844822883606,14.140815734863281,0.007482992950826883,1.0,-0.13511234521865845,2323968,1746174808.7063615
12.891276359558105,0.0,1518,1517,0.6454951167106628,0.09183221310377121,0.0657552108168602,551.363557154,11896,0.5452040433883667,14.140815734863281,0.007482992950826883,1.0,-0.13237425684928894,2331648,1746174810.381052
12.623698234558105,0.0,1524,1523,0.6454951167106628,0.08211463689804077,0.0677083358168602,553.373042264,11944,0.562630295753479,14.140815734863281,0.007482992950826883,1.0,-0.1330871284008026,2340864,1746174812.3905358
14.363932609558105,0.0,1556,1555,0.6454951167106628,0.09805266559123993,0.0566406287252903,563.999574423,12200,0.5438369512557983,14.140815734863281,0.007482992950826883,1.0,-0.1606743186712265,2390016,1746174823.0167894
13.536458969116211,0.0,1558,1557,0.6454951167106628,0.08475598692893982,0.0592447929084301,564.662535502,12216,0.543207585811615,14.140815734863281,0.007482992950826883,1.0,-0.162693589925766,2393088,1746174823.6799278
14.578776359558105,0.0,1571,1570,0.6454951167106628,0.08611950278282166,0.0559895858168602,569.032803535,12320,0.5332900285720825,14.140815734863281,0.007482992950826883,1.0,-0.1472044438123703,2413056,1746174828.0501418
12.990235328674316,0.0,1578,1577,0.6454951167106628,0.11662006378173828,0.064453125,571.357513789,12376,0.5307943820953369,14.140815734863281,0.007482992950826883,1.0,-0.1448374092578888,2423808,1746174830.375135
12.817057609558105,0.00911458395421505,1587,1586,0.6454951167106628,0.09604150056838989,0.0657552108168602,574.356778226,12448,0.5521702170372009,14.140815734863281,0.007482992950826883,1.0,-0.1772579848766327,2437632,1746174833.3744261
12.548829078674316,0.0,1588,1587,0.6454951167106628,0.08425101637840271,0.0690104216337204,574.687878442,12456,0.542013943195343,14.140815734863281,0.007482992950826883,1.0,-0.17730998992919922,2439168,1746174833.7055268
12.837891578674316,0.017578125,1589,1588,0.6454951167106628,0.09044019877910614,0.0670572966337204,575.019167012,12464,0.5740669369697571,14.140815734863281,0.007482992950826883,1.0,-0.18296334147453308,2440704,1746174834.0368028
12.747396469116211,0.0,1601,1600,0.6454951167106628,0.09117915481328964,0.0670572966337204,579.024376644,12560,0.5471789240837097,14.140815734863281,0.007482992950826883,1.0,-0.17781461775302887,2459136,1746174838.041993
14.052735328674316,0.0,1613,1612,0.6454951167106628,0.11598917841911316,0.0585937537252903,583.040460984,12656,0.5398221611976624,14.140815734863281,0.007482992950826883,1.0,-0.1553015559911728,2477568,1746174842.057968
13.676432609558105,0.0,1617,1616,0.6454951167106628,0.09734991192817688,0.0625,584.37222879,12688,0.5270399451255798,14.140815734863281,0.007482992950826883,1.0,-0.1553754061460495,2483712,1746174843.389851
12.527344703674316,0.0,1634,1633,0.6434346437454224,0.11989334225654602,0.0670572966337204,590.136047811,12824,0.5289496779441833,16.102670669555664,0.006547930650413036,1.0,-0.16003519296646118,2509824,1746174849.1536849
12.647787094116211,0.00911458395421505,1649,1648,0.6434346437454224,0.11643008142709732,0.0670572966337204,595.159898319,12944,0.5448567867279053,16.102670669555664,0.006547930650413036,1.0,-0.18338268995285034,2532864,1746174854.1774597
13.468099594116211,0.0,1653,1652,0.6434346437454224,0.11692344397306442,0.0631510466337204,596.489130883,12976,0.5552084445953369,16.102670669555664,0.006547930650413036,1.0,-0.18300297856330872,2539008,1746174855.5067527
13.270833969116211,0.0,1671,1670,0.6434346437454224,0.10531280934810638,0.0625,602.500244782,13120,0.5522353053092957,16.102670669555664,0.006547930650413036,1.0,-0.17754390835762024,2566656,1746174861.51742
14.396485328674316,0.008463541977107525,1690,1689,0.6434346437454224,0.09805522859096527,0.0572916679084301,608.812570532,13272,0.5669054388999939,16.102670669555664,0.006547930650413036,1.0,-0.17833971977233887,2595840,1746174867.8299484
12.810547828674316,0.02343750186264515,1701,1700,0.6434346437454224,0.0997876226902008,0.0651041716337204,612.47946987,13360,0.569770097732544,16.102670669555664,0.006547930650413036,1.0,-0.17340312898159027,2612736,1746174871.496758
14.143880844116211,0.0182291679084301,1718,1717,0.6434346437454224,0.10956864058971405,0.0579427108168602,618.127580601,13496,0.5638238787651062,16.102670669555664,0.006547930650413036,1.0,-0.15803468227386475,2638848,1746174877.1450765
12.463541984558105,0.0078125,1740,1739,0.6434346437454224,0.14847958087921143,0.068359375,625.48687651,13672,0.55559903383255,16.102670669555664,0.006547930650413036,1.0,-0.20688825845718384,2672640,1746174884.5042312
12.499349594116211,0.008463541977107525,1741,1740,0.6434346437454224,0.10997461527585983,0.068359375,625.819267867,13680,0.5626953840255737,16.102670669555664,0.006547930650413036,1.0,-0.20279885828495026,2674176,1746174884.8365715
13.087891578674316,0.00911458395421505,1747,1746,0.6434346437454224,0.08103878051042557,0.0651041716337204,627.823243468,13728,0.573459267616272,16.102670669555664,0.006547930650413036,1.0,-0.21669748425483704,2683392,1746174886.8406398
13.269532203674316,0.0,1753,1752,0.6434346437454224,0.09959298372268677,0.064453125,629.805434387,13776,0.5570313334465027,16.102670669555664,0.006547930650413036,1.0,-0.21226274967193604,2692608,1746174888.8227603
12.927735328674316,0.0,1755,1754,0.6434346437454224,0.08576719462871552,0.0657552108168602,630.471901779,13792,0.5347657203674316,16.102670669555664,0.006547930650413036,1.0,-0.21517910063266754,2695680,1746174889.4892678
13.243490219116211,0.0,1797,1796,0.6434346437454224,0.11075355112552643,0.0625,644.430682854,14128,0.537217915058136,16.102670669555664,0.006547930650413036,1.0,-0.2190159559249878,2760192,1746174903.4480584
14.023438453674316,0.009765625931322575,1811,1810,0.6434346437454224,0.10307422280311584,0.0598958358168602,649.067113068,14240,0.547764778137207,16.102670669555664,0.006547930650413036,1.0,-0.21415480971336365,2781696,1746174908.0845397
13.785807609558105,0.0,1814,1813,0.6434346437454224,0.09123678505420685,0.0611979216337204,650.078946362,14264,0.5532987117767334,16.102670669555664,0.006547930650413036,1.0,-0.21412870287895203,2786304,1746174909.0961695
13.479166984558105,0.01106770895421505,1825,1824,0.6434346437454224,0.10807958245277405,0.0631510466337204,653.719782346,14352,0.5584419369697571,16.102670669555664,0.006547930650413036,1.0,-0.20736706256866455,2803200,1746174912.7372394
14.328125953674316,0.010416666977107525,1839,1838,0.6434346437454224,0.10737182945013046,0.0579427108168602,658.38107952,14464,0.5558160543441772,16.102670669555664,0.006547930650413036,1.0,-0.19740921258926392,2824704,1746174917.3984382
14.436198234558105,0.009765625931322575,1858,1857,0.6434346437454224,0.10455209016799927,0.0572916679084301,664.675259171,14616,0.5600478649139404,16.102670669555664,0.006547930650413036,1.0,-0.18900185823440552,2853888,1746174923.692913
14.525391578674316,0.0,1876,1875,0.6434346437454224,0.11016849428415298,0.0559895858168602,670.646631913,14760,0.5440105199813843,16.102670669555664,0.006547930650413036,1.0,-0.19348353147506714,2881536,1746174929.66426
13.268880844116211,0.0,1884,1883,0.6434346437454224,0.10479629784822464,0.0625,673.290257639,14824,0.5480469465255737,16.102670669555664,0.006547930650413036,1.0,-0.18577232956886292,2893824,1746174932.3078775
14.598307609558105,0.01302083395421505,1889,1888,0.6434346437454224,0.10597364604473114,0.0553385429084301,674.961993096,14864,0.5631945729255676,16.102670669555664,0.006547930650413036,1.0,-0.19113418459892273,2901504,1746174933.9796453
12.875000953674316,0.00911458395421505,1898,1897,0.6434346437454224,0.10374023020267487,0.0631510466337204,677.940926337,14936,0.5513455867767334,16.102670669555664,0.006547930650413036,1.0,-0.1822817325592041,2915328,1746174936.9585555
13.308594703674316,0.0,1905,1904,0.6434346437454224,0.0996459424495697,0.0631510466337204,680.262263236,14992,0.5442926287651062,16.102670669555664,0.006547930650413036,1.0,-0.17391234636306763,2926080,1746174939.2799091
13.761068344116211,0.0,1929,1928,0.6434346437454224,0.10629259049892426,0.0618489608168602,688.232558275,15184,0.537348210811615,16.102670669555664,0.006547930650413036,1.0,-0.16037052869796753,2962944,1746174947.2502003
12.785157203674316,0.0,1943,1942,0.6434346437454224,0.123272605240345,0.0657552108168602,692.881063738,15296,0.5570530295372009,16.102670669555664,0.006547930650413036,1.0,-0.16176757216453552,2984448,1746174951.8987067
12.942708969116211,0.013671875931322575,1963,1962,0.6629579067230225,0.12674963474273682,0.0657552108168602,699.576257291,15456,0.577604353427887,14.37890338897705,0.012953967787325382,1.0,-0.16778886318206787,3015168,1746174958.5938883
13.047526359558105,0.0201822929084301,1977,1976,0.6629579067230225,0.10966327786445618,0.0657552108168602,704.20227496,15568,0.562717080116272,14.37890338897705,0.012953967787325382,1.0,-0.18129989504814148,3036672,1746174963.2199256
13.028646469116211,0.0,1978,1977,0.6629579067230225,0.11753157526254654,0.064453125,704.534375537,15576,0.535481870174408,14.37890338897705,0.012953967787325382,1.0,-0.17995701730251312,3038208,1746174963.5520306
12.899088859558105,0.0078125,1983,1982,0.6629579067230225,0.11054544895887375,0.0657552108168602,706.208601267,15616,0.5393446683883667,14.37890338897705,0.012953967787325382,1.0,-0.17979830503463745,3045888,1746174965.2262378
14.337891578674316,0.010416666977107525,1988,1987,0.6629579067230225,0.12858377397060394,0.0579427108168602,707.862517869,15656,0.5815756916999817,14.37890338897705,0.012953967787325382,1.0,-0.1787073314189911,3053568,1746174966.8801546
13.676432609558105,0.009765625931322575,1989,1988,0.6629579067230225,0.13321630656719208,0.0618489608168602,708.193243027,15664,0.57708340883255,14.37890338897705,0.012953967787325382,1.0,-0.18447300791740417,3055104,1746174967.2108836
13.398438453674316,0.0,1992,1991,0.6629579067230225,0.11986162513494492,0.0611979216337204,709.179883929,15688,0.537326455116272,14.37890338897705,0.012953967787325382,1.0,-0.2015959918498993,3059712,1746174968.1975389
14.214193344116211,0.0,2000,1999,0.6629579067230225,0.1122000440955162,0.0592447929084301,711.831941541,15752,0.5126519799232483,14.37890338897705,0.012953967787325382,1.0,-0.20116731524467468,3072000,1746174970.8495882
13.967448234558105,0.0,2007,2006,0.6629579067230225,0.13093508780002594,0.0598958358168602,714.142558199,15808,0.5575522184371948,14.37890338897705,0.012953967787325382,1.0,-0.18601980805397034,3082752,1746174973.1601868
13.991537094116211,0.0,2014,2013,0.6629579067230225,0.12295093387365341,0.0572916679084301,716.465917195,15864,0.5425782203674316,14.37890338897705,0.012953967787325382,1.0,-0.1805487722158432,3093504,1746174975.4835887
13.310547828674316,0.0,2024,2023,0.6629579067230225,0.1189897283911705,0.0625,719.780066444,15944,0.5369575619697571,14.37890338897705,0.012953967787325382,1.0,-0.18869388103485107,3108864,1746174978.7975261
13.707032203674316,0.0,2043,2042,0.6629579067230225,0.14092591404914856,0.0611979216337204,726.065088247,16096,0.546050488948822,14.37890338897705,0.012953967787325382,1.0,-0.18857499957084656,3138048,1746174985.0827205
13.029297828674316,0.0,2071,2070,0.6629579067230225,0.1723312884569168,0.0638020858168602,735.358376581,16320,0.5340061187744141,14.37890338897705,0.012953967787325382,1.0,-0.1929638683795929,3181056,1746174994.376041
13.926432609558105,0.0,2076,2075,0.6629579067230225,0.1593170464038849,0.0598958358168602,737.010209405,16360,0.537131130695343,14.37890338897705,0.012953967787325382,1.0,-0.19531981647014618,3188736,1746174996.0277953
13.085287094116211,0.0,2077,2076,0.6629579067230225,0.1693037450313568,0.0657552108168602,737.341484123,16368,0.5376303195953369,14.37890338897705,0.012953967787325382,1.0,-0.20952357351779938,3190272,1746174996.3591201
12.992188453674316,0.00911458395421505,2087,2086,0.6629579067230225,0.1375826597213745,0.0657552108168602,740.646175275,16448,0.5756077170372009,14.37890338897705,0.012953967787325382,1.0,-0.22971618175506592,3205632,1746174999.6636512
13.051432609558105,0.0,2091,2090,0.6629579067230225,0.15543514490127563,0.06640625,741.965516879,16480,0.5621095299720764,14.37890338897705,0.012953967787325382,1.0,-0.2237919420003891,3211776,1746175000.9831493
13.317057609558105,0.0,2108,2107,0.6629579067230225,0.15259991586208344,0.0625,747.606445589,16616,0.5617839694023132,14.37890338897705,0.012953967787325382,1.0,-0.2091122418642044,3237888,1746175006.6240819
13.636068344116211,0.0,2121,2120,0.6629579067230225,0.1487739086151123,0.0618489608168602,751.918182701,16720,0.5531250834465027,14.37890338897705,0.012953967787325382,1.0,-0.2377159148454666,3257856,1746175010.9358008
14.315755844116211,0.013671875931322575,2135,2134,0.6629579067230225,0.13900181651115417,0.0572916679084301,756.549546967,16832,0.5533638000488281,14.37890338897705,0.012953967787325382,1.0,-0.23316116631031036,3279360,1746175015.5671864
14.996745109558105,0.01106770895421505,2152,2151,0.6629579067230225,0.19878444075584412,0.0540364608168602,762.180764474,16968,0.541037380695343,14.37890338897705,0.012953967787325382,1.0,-0.22531114518642426,3305472,1746175021.1984153
13.313802719116211,0.00911458395421505,2155,2154,0.6629579067230225,0.16611798107624054,0.0618489608168602,763.197424014,16992,0.5562934279441833,14.37890338897705,0.012953967787325382,1.0,-0.22889576852321625,3310080,1746175022.215064
14.662110328674316,0.01106770895421505,2160,2159,0.6629579067230225,0.1434263288974762,0.0546875037252903,764.88955807,17032,0.5729167461395264,14.37890338897705,0.012953967787325382,1.0,-0.2214231789112091,3317760,1746175023.907219
13.571615219116211,0.0,2183,2182,0.6629579067230225,0.17112018167972565,0.0618489608168602,772.504641982,17216,0.5564019680023193,14.37890338897705,0.012953967787325382,1.0,-0.22494113445281982,3353088,1746175031.5222764
13.698568344116211,0.0,2184,2183,0.6629579067230225,0.16094744205474854,0.0605468787252903,772.835419468,17224,0.5551651120185852,14.37890338897705,0.012953967787325382,1.0,-0.2267547845840454,3354624,1746175031.8530688
14.108724594116211,0.00911458395421505,2185,2184,0.6629579067230225,0.16316772997379303,0.0592447929084301,773.167811241,17232,0.5758464336395264,14.37890338897705,0.012953967787325382,1.0,-0.22036349773406982,3356160,1746175032.1854467
13.264323234558105,0.0,2215,2214,0.6629579067230225,0.1444157361984253,0.0625,783.101526252,17472,0.5446398854255676,14.37890338897705,0.012953967787325382,1.0,-0.21405792236328125,3402240,1746175042.119181
14.282552719116211,0.014322916977107525,2251,2250,0.6629579067230225,0.1357635259628296,0.0579427108168602,795.035384843,17760,0.5648655295372009,14.37890338897705,0.012953967787325382,1.0,-0.22716853022575378,3457536,1746175054.053035
14.272787094116211,0.010416666977107525,2254,2253,0.6629579067230225,0.1453053504228592,0.0572916679084301,796.030383471,17784,0.554904580116272,14.37890338897705,0.012953967787325382,1.0,-0.22873730957508087,3462144,1746175055.0480194
13.645182609558105,0.00911458395421505,2286,2285,0.6955899000167847,0.22059553861618042,0.0618489608168602,806.704453554,18040,0.5610243678092957,16.805126190185547,0.030044101178646088,1.0,-0.21600157022476196,3511296,1746175065.7220933
13.964844703674316,0.009765625931322575,2297,2296,0.6955899000167847,0.18333415687084198,0.0598958358168602,810.360574045,18128,0.5738282203674316,16.805126190185547,0.030044101178646088,1.0,-0.22019341588020325,3528192,1746175069.3781588
14.213541984558105,0.0,2314,2313,0.6955899000167847,0.1900661587715149,0.0592447929084301,815.979998155,18264,0.5585504174232483,16.805126190185547,0.030044101178646088,1.0,-0.22828419506549835,3554304,1746175074.9976206
13.566407203674316,0.01888020895421505,2358,2357,0.6955899000167847,0.18159641325473785,0.0611979216337204,830.562105864,18616,0.577191948890686,16.805126190185547,0.030044101178646088,1.0,-0.27394357323646545,3621888,1746175089.5797515
14.733724594116211,0.0,2393,2392,0.6955899000167847,0.17847895622253418,0.0540364608168602,842.158158865,18896,0.5358290672302246,16.805126190185547,0.030044101178646088,1.0,-0.26558637619018555,3675648,1746175101.1758018
14.212891578674316,0.0,2401,2400,0.6955899000167847,0.20540833473205566,0.0579427108168602,844.811565744,18960,0.5404080748558044,16.805126190185547,0.030044101178646088,1.0,-0.25637054443359375,3687936,1746175103.8291788
14.840495109558105,0.0201822929084301,2402,2401,0.6955899000167847,0.20823267102241516,0.0540364608168602,845.143623597,18968,0.5470487475395203,16.805126190185547,0.030044101178646088,1.0,-0.2577242851257324,3689472,1746175104.1612587
13.954427719116211,0.0,2431,2430,0.6955899000167847,0.17667484283447266,0.0605468787252903,854.740780589,19200,0.5500000715255737,16.805126190185547,0.030044101178646088,1.0,-0.26073265075683594,3734016,1746175113.7584302
14.309245109558105,0.0,2440,2439,0.6955899000167847,0.13887448608875275,0.0585937537252903,857.714186854,19272,0.5561633110046387,16.805126190185547,0.030044101178646088,1.0,-0.2571066617965698,3747840,1746175116.7318408
14.742188453674316,0.0,2451,2450,0.6955899000167847,0.18053236603736877,0.0553385429084301,861.364089899,19360,0.563498318195343,16.805126190185547,0.030044101178646088,1.0,-0.23868092894554138,3764736,1746175120.3817265
14.985026359558105,0.009765625931322575,2462,2461,0.6955899000167847,0.195455402135849,0.0546875037252903,865.005768153,19448,0.5711806416511536,16.805126190185547,0.030044101178646088,1.0,-0.28445005416870117,3781632,1746175124.0234292
15.061849594116211,0.010416666977107525,2474,2473,0.6955899000167847,0.1821562796831131,0.0540364608168602,868.96706018,19544,0.5561850070953369,16.805126190185547,0.030044101178646088,1.0,-0.2882653474807739,3800064,1746175127.9847121
12.998047828674316,0.008463541977107525,2475,2474,0.6955899000167847,0.19249877333641052,0.0638020858168602,869.297569461,19552,0.5559896230697632,16.805126190185547,0.030044101178646088,1.0,-0.29166918992996216,3801600,1746175128.3152058
13.535157203674316,0.008463541977107525,2483,2482,0.6955899000167847,0.19208338856697083,0.0611979216337204,871.958574555,19616,0.57317715883255,16.805126190185547,0.030044101178646088,1.0,-0.28389233350753784,3813888,1746175130.976191
13.386068344116211,0.0,2494,2493,0.6955899000167847,0.18380361795425415,0.0625,875.590907949,19704,0.538107693195343,16.805126190185547,0.030044101178646088,1.0,-0.27973291277885437,3830784,1746175134.608565
14.222005844116211,0.0,2532,2531,0.6955899000167847,0.2443283051252365,0.0579427108168602,888.180848314,20008,0.5437066555023193,16.805126190185547,0.030044101178646088,1.0,-0.27277910709381104,3889152,1746175147.1984656
13.964844703674316,0.0,2533,2532,0.6955899000167847,0.23107513785362244,0.0572916679084301,888.511608735,20016,0.5445964336395264,16.805126190185547,0.030044101178646088,1.0,-0.2816008925437927,3890688,1746175147.5292292
13.805338859558105,0.0,2536,2535,0.6955899000167847,0.2347431480884552,0.0611979216337204,889.505687779,20040,0.5599393248558044,16.805126190185547,0.030044101178646088,1.0,-0.27692076563835144,3895296,1746175148.5233264
14.136719703674316,0.011718750931322575,2539,2538,0.6955899000167847,0.2475416362285614,0.0592447929084301,890.498751329,20064,0.5717665553092957,16.805126190185547,0.030044101178646088,1.0,-0.28949540853500366,3899904,1746175149.5163758
14.664063453674316,0.011718750931322575,2562,2561,0.6955899000167847,0.2184997797012329,0.0566406287252903,898.104888548,20248,0.5640408992767334,16.805126190185547,0.030044101178646088,1.0,-0.2826399505138397,3935232,1746175157.1225557
14.196615219116211,0.00911458395421505,2566,2565,0.6955899000167847,0.24049973487854004,0.0579427108168602,899.429949067,20280,0.563520073890686,16.805126190185547,0.030044101178646088,1.0,-0.3009002208709717,3941376,1746175158.4476142
13.572916984558105,0.01888020895421505,2567,2566,0.6955899000167847,0.25428342819213867,0.0611979216337204,899.761469704,20288,0.5551649928092957,16.805126190185547,0.030044101178646088,1.0,-0.29459142684936523,3942912,1746175158.7791443
14.376954078674316,0.00911458395421505,2569,2568,0.6955899000167847,0.21008694171905518,0.0559895858168602,900.438065819,20304,0.5545356869697571,16.805126190185547,0.030044101178646088,1.0,-0.2950528562068939,3945984,1746175159.4556746
12.977213859558105,0.0,2585,2584,0.6955899000167847,0.27198219299316406,0.0631510466337204,905.730579677,20432,0.5425565242767334,16.805126190185547,0.030044101178646088,1.0,-0.3030955493450165,3970560,1746175164.7481766
15.234375953674316,0.010416666977107525,2607,2606,0.7173184752464294,0.2680160403251648,0.0533854179084301,913.120989951,20608,0.5751086473464966,17.57619285583496,0.039390452206134796,1.0,-0.31141698360443115,4004352,1746175172.138663
14.203776359558105,0.013671875931322575,2627,2626,0.7173184752464294,0.3288523852825165,0.0579427108168602,919.734163647,20768,0.5364149808883667,17.57619285583496,0.039390452206134796,1.0,-0.3192669749259949,4035072,1746175178.7518218
14.583985328674316,0.0201822929084301,2637,2636,0.7173184752464294,0.33421069383621216,0.0572916679084301,923.044039707,20848,0.5970704555511475,17.57619285583496,0.039390452206134796,1.0,-0.3296327292919159,4050432,1746175182.061722
13.828776359558105,0.01692708395421505,2647,2646,0.7173184752464294,0.2990284264087677,0.0605468787252903,926.35772527,20928,0.5616537928581238,17.57619285583496,0.039390452206134796,1.0,-0.3349964916706085,4065792,1746175185.3753939
15.948568344116211,0.01106770895421505,2653,2652,0.7173184752464294,0.28152692317962646,0.0507812537252903,928.345609494,20976,0.5397787094116211,17.57619285583496,0.039390452206134796,1.0,-0.35118919610977173,4075008,1746175187.3632972
15.458985328674316,0.0384114608168602,2656,2655,0.7173184752464294,0.27319109439849854,0.0527343787252903,929.340754917,21000,0.6156467795372009,17.57619285583496,0.039390452206134796,1.0,-0.3444069027900696,4079616,1746175188.3584044
15.033204078674316,0.02148437686264515,2660,2659,0.7173184752464294,0.2848488688468933,0.0533854179084301,930.677437345,21032,0.5838542580604553,17.57619285583496,0.039390452206134796,1.0,-0.34139060974121094,4085760,1746175189.6950827
15.337240219116211,0.01497395895421505,2672,2671,0.7173184752464294,0.2766556739807129,0.0533854179084301,934.649706823,21128,0.5658203959465027,17.57619285583496,0.039390452206134796,1.0,-0.34555768966674805,4104192,1746175193.6673481
15.419271469116211,0.01106770895421505,2684,2683,0.7173184752464294,0.3039518892765045,0.0540364608168602,938.611569951,21224,0.5572483539581299,17.57619285583496,0.039390452206134796,1.0,-0.3319513499736786,4122624,1746175197.6290433
14.611329078674316,0.0,2687,2686,0.7173184752464294,0.29276132583618164,0.0559895858168602,939.605868867,21248,0.5311198830604553,17.57619285583496,0.039390452206134796,1.0,-0.3382657766342163,4127232,1746175198.6235468
14.979818344116211,0.010416666977107525,2692,2691,0.7173184752464294,0.3172330856323242,0.0533854179084301,941.264676627,21288,0.5600261092185974,17.57619285583496,0.039390452206134796,1.0,-0.3374041020870209,4134912,1746175200.2823281
13.728516578674316,0.0,2710,2709,0.7173184752464294,0.36657899618148804,0.0611979216337204,947.239942221,21432,0.524522602558136,17.57619285583496,0.039390452206134796,1.0,-0.366800993680954,4162560,1746175206.2576015
14.289713859558105,0.013671875931322575,2725,2724,0.7173184752464294,0.37848135828971863,0.0579427108168602,952.204442839,21552,0.5696181058883667,17.57619285583496,0.039390452206134796,1.0,-0.3494113087654114,4185600,1746175211.2220898
14.236979484558105,0.02148437686264515,2736,2735,0.7173184752464294,0.47174882888793945,0.0566406287252903,955.844645827,21640,0.5686632990837097,17.57619285583496,0.039390452206134796,1.0,-0.3563918471336365,4202496,1746175214.862276
15.013021469116211,0.03125,2743,2742,0.7173184752464294,0.49693232774734497,0.0540364608168602,958.163388292,21696,0.588085949420929,17.57619285583496,0.039390452206134796,1.0,-0.3603951334953308,4213248,1746175217.1810155
13.662760734558105,0.01953125186264515,2753,2752,0.7173184752464294,0.4549476206302643,0.0592447929084301,961.487835456,21776,0.5555773973464966,17.57619285583496,0.039390452206134796,1.0,-0.37802910804748535,4228608,1746175220.5055044
13.643880844116211,0.02929687686264515,2774,2773,0.7173184752464294,0.43649598956108093,0.0605468787252903,968.439852469,21944,0.5929688215255737,17.57619285583496,0.039390452206134796,1.0,-0.40160268545150757,4260864,1746175227.4575195
14.360026359558105,0.009765625931322575,2802,2801,0.7173184752464294,0.43542221188545227,0.0585937537252903,977.723604241,22168,0.5735243558883667,17.57619285583496,0.039390452206134796,1.0,-0.3933788537979126,4303872,1746175236.7412539
14.213541984558105,0.0,2819,2818,0.7173184752464294,0.49237918853759766,0.0572916679084301,983.355384069,22304,0.5212674140930176,17.57619285583496,0.039390452206134796,1.0,-0.38501670956611633,4329984,1746175242.3730402
14.904948234558105,0.0,2854,2853,0.7173184752464294,0.4213988184928894,0.0540364608168602,994.938496561,22584,0.5697484016418457,17.57619285583496,0.039390452206134796,1.0,-0.4024870693683624,4383744,1746175253.956149
14.940755844116211,0.0520833358168602,2856,2855,0.7173184752464294,0.42660555243492126,0.0559895858168602,995.601424769,22600,0.6358290910720825,17.57619285583496,0.039390452206134796,1.0,-0.4018884301185608,4386816,1746175254.6190803
15.649740219116211,0.01106770895421505,2876,2875,0.7173184752464294,0.32077473402023315,0.0514322929084301,1002.214123591,22760,0.5593099594116211,17.57619285583496,0.039390452206134796,1.0,-0.4059905409812927,4417536,1746175261.2317767
14.802083969116211,0.02929687686264515,2908,2907,0.7173184752464294,0.34921741485595703,0.0559895858168602,1012.827004868,23016,0.6128690242767334,17.57619285583496,0.039390452206134796,1.0,-0.39738020300865173,4466688,1746175271.844575
15.104166984558105,0.02343750186264515,2913,2912,0.7173184752464294,0.3646712899208069,0.0540364608168602,1014.486926542,23056,0.5774957537651062,17.57619285583496,0.039390452206134796,1.0,-0.4067835509777069,4474368,1746175273.5045805
14.839844703674316,0.0,2921,2920,0.7173184752464294,0.35188770294189453,0.0533854179084301,1017.133002971,23120,0.5766493678092957,17.57619285583496,0.039390452206134796,1.0,-0.4093562364578247,4486656,1746175276.1506698
14.384766578674316,0.033203125,2954,2953,0.7177802920341492,0.44224250316619873,0.0572916679084301,1028.145495185,23384,0.593988835811615,16.84720802307129,0.03340635448694229,1.0,-0.4124646782875061,4537344,1746175287.1631534
14.266927719116211,0.0358072929084301,2963,2962,0.7177802920341492,0.4406074285507202,0.0579427108168602,1031.135409944,23456,0.5906901359558105,16.84720802307129,0.03340635448694229,1.0,-0.41171765327453613,4551168,1746175290.1530545
14.055990219116211,0.0201822929084301,2990,2989,0.7177802920341492,0.4494246244430542,0.0605468787252903,1040.070839126,23672,0.5625434517860413,16.84720802307129,0.03340635448694229,1.0,-0.4261781573295593,4592640,1746175299.0885022
15.431641578674316,0.010416666977107525,3016,3015,0.7177802920341492,0.519080400466919,0.0527343787252903,1048.673155476,23880,0.5825087428092957,16.84720802307129,0.03340635448694229,1.0,-0.41460102796554565,4632576,1746175307.6907496
14.662760734558105,0.0403645858168602,3046,3045,0.7177802920341492,0.40221184492111206,0.0566406287252903,1058.658171801,24120,0.6352214217185974,16.84720802307129,0.03340635448694229,1.0,-0.4424858093261719,4678656,1746175317.6758635
15.451172828674316,0.0,3048,3047,0.7177802920341492,0.3956909477710724,0.0527343787252903,1059.320795692,24136,0.5767579078674316,16.84720802307129,0.03340635448694229,1.0,-0.44549500942230225,4681728,1746175318.3385026
14.317057609558105,0.0358072929084301,3055,3054,0.7177802920341492,0.43677592277526855,0.0572916679084301,1061.644046756,24192,0.6160374283790588,16.84720802307129,0.03340635448694229,1.0,-0.4335739016532898,4692480,1746175320.6617224
14.314454078674316,0.03515625,3062,3061,0.7177802920341492,0.4828318655490875,0.0566406287252903,1063.961496033,24248,0.60930997133255,16.84720802307129,0.03340635448694229,1.0,-0.4386371374130249,4703232,1746175322.979126
14.233724594116211,0.0201822929084301,3063,3062,0.7177802920341492,0.5013980269432068,0.0585937537252903,1064.293989643,24256,0.600824773311615,16.84720802307129,0.03340635448694229,1.0,-0.43190622329711914,4704768,1746175323.3116336
14.737630844116211,0.0279947929084301,3085,3084,0.7177802920341492,0.5100764036178589,0.0546875037252903,1071.574035052,24432,0.6199653744697571,16.84720802307129,0.03340635448694229,1.0,-0.4346603751182556,4738560,1746175330.5916767
14.914063453674316,0.0358072929084301,3086,3085,0.7177802920341492,0.5494130849838257,0.0527343787252903,1071.904170292,24440,0.615277886390686,16.84720802307129,0.03340635448694229,1.0,-0.43826228380203247,4740096,1746175330.9218595
14.775391578674316,0.0611979216337204,3090,3089,0.7177802920341492,0.5668344497680664,0.0546875037252903,1073.23025866,24472,0.6478300094604492,16.84720802307129,0.03340635448694229,1.0,-0.44763460755348206,4746240,1746175332.2479098
15.404949188232422,0.0592447929084301,3095,3094,0.7177802920341492,0.45131343603134155,0.0527343787252903,1074.888764976,24512,0.6286460161209106,16.84720802307129,0.03340635448694229,1.0,-0.4488576054573059,4753920,1746175333.9064205
15.981121063232422,0.0364583358168602,3114,3113,0.7177802920341492,0.4543333053588867,0.0507812537252903,1081.175662677,24664,0.6092883348464966,16.84720802307129,0.03340635448694229,1.0,-0.4520062506198883,4783104,1746175340.1933193
15.208333969116211,0.0475260429084301,3159,3158,0.7177802920341492,0.4016238749027252,0.0546875037252903,1096.097022198,25024,0.6316841244697571,16.84720802307129,0.03340635448694229,1.0,-0.46239784359931946,4852224,1746175355.1146731
15.448568344116211,0.00911458395421505,3163,3162,0.7177802920341492,0.4305625259876251,0.0527343787252903,1097.41932303,25056,0.597916841506958,16.84720802307129,0.03340635448694229,1.0,-0.4634660482406616,4858368,1746175356.436975
15.170573234558105,0.02148437686264515,3164,3163,0.7177802920341492,0.46405094861984253,0.0520833358168602,1097.747632087,25064,0.6145183444023132,16.84720802307129,0.03340635448694229,1.0,-0.4599124789237976,4859904,1746175356.765298
15.610027313232422,0.0625,3178,3177,0.7177802920341492,0.4331779479980469,0.0520833358168602,1102.377020352,25176,0.6550782322883606,16.84720802307129,0.03340635448694229,1.0,-0.4701859951019287,4881408,1746175361.3947167
15.297527313232422,0.0540364608168602,3179,3178,0.7177802920341492,0.4414452314376831,0.0546875037252903,1102.705794111,25184,0.655729353427887,16.84720802307129,0.03340635448694229,1.0,-0.46583473682403564,4882944,1746175361.7234313
14.402344703674316,0.0,3186,3185,0.7177802920341492,0.48845216631889343,0.0566406287252903,1105.024481839,25240,0.5553820133209229,16.84720802307129,0.03340635448694229,1.0,-0.4589100182056427,4893696,1746175364.0421424
15.076172828674316,0.009765625931322575,3187,3186,0.7177802920341492,0.4762493968009949,0.0533854179084301,1105.362016841,25248,0.5822049975395203,16.84720802307129,0.03340635448694229,1.0,-0.45614194869995117,4895232,1746175364.3795316
14.321615219116211,0.02278645895421505,3195,3194,0.7177802920341492,0.5682313442230225,0.0572916679084301,1108.011407606,25312,0.6008681058883667,16.84720802307129,0.03340635448694229,1.0,-0.4363911747932434,4907520,1746175367.0290923
16.125,0.0221354179084301,3210,3209,0.7177802920341492,0.5735467672348022,0.0520833358168602,1112.970287647,25432,0.6051433086395264,16.84720802307129,0.03340635448694229,1.0,-0.43797212839126587,4930560,1746175371.9879186
15.537110328674316,0.0364583358168602,3215,3214,0.7177802920341492,0.529979944229126,0.0533854179084301,1114.627551987,25472,0.6216798424720764,16.84720802307129,0.03340635448694229,1.0,-0.44994401931762695,4938240,1746175373.6452086
14.262370109558105,0.02148437686264515,3223,3222,0.7177802920341492,0.5461512207984924,0.0572916679084301,1117.27774097,25536,0.5863065123558044,16.84720802307129,0.03340635448694229,1.0,-0.4564335346221924,4950528,1746175376.2953851
15.225260734558105,0.0364583358168602,3245,3244,0.7177802920341492,0.5535474419593811,0.0527343787252903,1124.559569079,25712,0.6173394918441772,16.84720802307129,0.03340635448694229,1.0,-0.45630428194999695,4984320,1746175383.5772219
15.375652313232422,0.011718750931322575,3260,3259,0.7865831255912781,0.623509407043457,0.0533854179084301,1129.607583625,25832,0.5784723162651062,17.521949768066406,0.07269099354743958,1.0,-0.45462852716445923,5007360,1746175388.6252306
14.753255844116211,0.02539062686264515,3271,3270,0.7865831255912781,0.4695517122745514,0.0553385429084301,1133.250054815,25920,0.5749132633209229,17.521949768066406,0.07269099354743958,1.0,-0.4603087902069092,5024256,1746175392.2677186
15.418621063232422,0.0429687537252903,3273,3272,0.7865831255912781,0.4631224274635315,0.0527343787252903,1133.911382284,25936,0.6166884899139404,17.521949768066406,0.07269099354743958,1.0,-0.47189950942993164,5027328,1746175392.9290535
15.078125953674316,0.0488281287252903,3282,3281,0.7865831255912781,0.49932754039764404,0.0546875037252903,1136.897126261,26008,0.620356023311615,17.521949768066406,0.07269099354743958,1.0,-0.457284539937973,5041152,1746175395.9147713
14.707032203674316,0.02343750186264515,3288,3287,0.7865831255912781,0.4916560649871826,0.0566406287252903,1138.882016618,26056,0.5568360090255737,17.521949768066406,0.07269099354743958,1.0,-0.47627362608909607,5050368,1746175397.8996723
14.787760734558105,0.02343750186264515,3291,3290,0.7865831255912781,0.4804711937904358,0.0546875037252903,1139.869880472,26080,0.5969402194023132,17.521949768066406,0.07269099354743958,1.0,-0.46530795097351074,5054976,1746175398.8875523
15.417969703674316,0.0397135429084301,3301,3300,0.7865831255912781,0.5125289559364319,0.0527343787252903,1143.190272304,26160,0.6120660305023193,17.521949768066406,0.07269099354743958,1.0,-0.4750627875328064,5070336,1746175402.2079654
15.218750953674316,0.02473958395421505,3313,3312,0.7865831255912781,0.49452948570251465,0.0520833358168602,1147.157991654,26256,0.5796658992767334,17.521949768066406,0.07269099354743958,1.0,-0.48499906063079834,5088768,1746175406.1756585
15.602865219116211,0.0462239608168602,3335,3334,0.7865831255912781,0.579212486743927,0.0514322929084301,1154.459850351,26432,0.6303603053092957,17.521949768066406,0.07269099354743958,1.0,-0.4736417531967163,5122560,1746175413.477512
15.340496063232422,0.01302083395421505,3338,3337,0.7865831255912781,0.5546824932098389,0.0533854179084301,1155.454409599,26456,0.59075528383255,17.521949768066406,0.07269099354743958,1.0,-0.48646241426467896,5127168,1746175414.4720628
15.419271469116211,0.0221354179084301,3345,3344,0.7865831255912781,0.6594988107681274,0.0540364608168602,1157.767282433,26512,0.598849892616272,17.521949768066406,0.07269099354743958,1.0,-0.47589170932769775,5137920,1746175416.7849464
15.453125953674316,0.013671875931322575,3357,3356,0.7865831255912781,0.6376908421516418,0.0507812537252903,1161.746681863,26608,0.589887261390686,17.521949768066406,0.07269099354743958,1.0,-0.46907156705856323,5156352,1746175420.7643409
15.704427719116211,0.0338541679084301,3383,3382,0.7865831255912781,0.7248709201812744,0.0514322929084301,1170.351316826,26816,0.6011068820953369,17.521949768066406,0.07269099354743958,1.0,-0.4663090407848358,5196288,1746175429.36898
15.037760734558105,0.0436197929084301,3403,3402,0.7865831255912781,0.6503466367721558,0.0533854179084301,1176.963292725,26976,0.6406468749046326,17.521949768066406,0.07269099354743958,1.0,-0.48311150074005127,5227008,1746175435.9809628
14.755208969116211,0.02734375186264515,3410,3409,0.7865831255912781,0.6584312915802002,0.0553385429084301,1179.283962759,27032,0.5969835519790649,17.521949768066406,0.07269099354743958,1.0,-0.48864346742630005,5237760,1746175438.3016384
14.639974594116211,0.00911458395421505,3412,3411,0.7865831255912781,0.6995285749435425,0.0559895858168602,1179.947168549,27048,0.5829862356185913,17.521949768066406,0.07269099354743958,1.0,-0.4854854941368103,5240832,1746175438.9648333
14.150391578674316,0.0201822929084301,3413,3412,0.7865831255912781,0.6831780672073364,0.0585937537252903,1180.278607357,27056,0.5758898854255676,17.521949768066406,0.07269099354743958,1.0,-0.4797148108482361,5242368,1746175439.2962801
15.215495109558105,0.02343750186264515,3423,3422,0.7865831255912781,0.6786137819290161,0.0527343787252903,1183.596193778,27136,0.596137285232544,17.521949768066406,0.07269099354743958,1.0,-0.4824342727661133,5257728,1746175442.6138651
15.347657203674316,0.01106770895421505,3432,3431,0.7865831255912781,0.6994917988777161,0.0533854179084301,1186.578312127,27208,0.582161545753479,17.521949768066406,0.07269099354743958,1.0,-0.45987311005592346,5271552,1746175445.595984
15.248699188232422,0.0611979216337204,3441,3440,0.7865831255912781,0.6697701215744019,0.0540364608168602,1189.551990742,27280,0.6385852098464966,17.521949768066406,0.07269099354743958,1.0,-0.4586643576622009,5285376,1746175448.5696447
15.221354484558105,0.010416666977107525,3465,3464,0.7865831255912781,0.5261276960372925,0.0546875037252903,1197.497086068,27472,0.5890626311302185,17.521949768066406,0.07269099354743958,1.0,-0.4818534255027771,5322240,1746175456.514727
16.009765625,0.0800781324505806,3471,3470,0.7865831255912781,0.48049530386924744,0.0507812537252903,1199.518474758,27520,0.6920573711395264,17.521949768066406,0.07269099354743958,1.0,-0.47970306873321533,5331456,1746175458.5361083
15.446615219116211,0.0651041716337204,3497,3496,0.7865831255912781,0.4813404679298401,0.0520833358168602,1208.132089457,27728,0.661349892616272,17.521949768066406,0.07269099354743958,1.0,-0.4586777687072754,5371392,1746175467.1497383
15.750652313232422,0.0364583358168602,3499,3498,0.7865831255912781,0.48868197202682495,0.0507812537252903,1208.789811826,27744,0.621419370174408,17.521949768066406,0.07269099354743958,1.0,-0.46630263328552246,5374464,1746175467.8074908
14.769532203674316,0.0,3529,3528,0.7865831255912781,0.4903114438056946,0.0540364608168602,1218.731652712,27984,0.5659289360046387,17.521949768066406,0.07269099354743958,1.0,-0.47381213307380676,5420544,1746175477.74928
16.091796875,0.0325520858168602,3532,3531,0.7865831255912781,0.45502766966819763,0.0501302108168602,1219.723371506,28008,0.6209202408790588,17.521949768066406,0.07269099354743958,1.0,-0.479499876499176,5425152,1746175478.7409985
16.203125,0.02864583395421505,3554,3553,0.7865831255912781,0.4192461669445038,0.0507812537252903,1227.004215596,28184,0.6287327408790588,17.521949768066406,0.07269099354743958,1.0,-0.4941580295562744,5458944,1746175486.0218108
15.833985328674316,0.0468750037252903,3555,3554,0.7865831255912781,0.4030417501926422,0.0527343787252903,1227.335522203,28192,0.6370444297790527,17.521949768066406,0.07269099354743958,1.0,-0.4958774149417877,5460480,1746175486.3531775
16.12239646911621,0.0358072929084301,3561,3560,0.7865831255912781,0.42154738306999207,0.0488281287252903,1229.324182204,28240,0.6165799498558044,17.521949768066406,0.07269099354743958,1.0,-0.5027101635932922,5469696,1746175488.341847
16.03515625,0.0221354179084301,3567,3566,0.7865831255912781,0.45329350233078003,0.0507812537252903,1231.308600922,28288,0.6082032322883606,17.521949768066406,0.07269099354743958,1.0,-0.48289769887924194,5478912,1746175490.3262777
16.220703125,0.0371093787252903,3577,3576,0.806187093257904,0.4133993089199066,0.0494791679084301,1234.698022901,28368,0.629145085811615,18.421403884887695,0.08524788916110992,1.0,-0.4795248806476593,5494272,1746175493.7156951
14.994141578674316,0.00911458395421505,3600,3599,0.806187093257904,0.6748708486557007,0.0546875037252903,1242.325279132,28552,0.586154580116272,18.421403884887695,0.08524788916110992,1.0,-0.46791359782218933,5529600,1746175501.3429344
15.031901359558105,0.02539062686264515,3611,3610,0.806187093257904,0.6089903116226196,0.0546875037252903,1245.970177876,28640,0.6280166506767273,18.421403884887695,0.08524788916110992,1.0,-0.4832408130168915,5546496,1746175504.9877508
14.167318344116211,0.033203125,3619,3618,0.806187093257904,0.705971360206604,0.0579427108168602,1248.62233073,28704,0.6083117723464966,18.421403884887695,0.08524788916110992,1.0,-0.47902712225914,5558784,1746175507.6399827
15.251954078674316,0.02083333395421505,3630,3629,0.806187093257904,0.73658287525177,0.0533854179084301,1252.265318852,28792,0.6108508110046387,18.421403884887695,0.08524788916110992,1.0,-0.48175764083862305,5575680,1746175511.2829616
15.518880844116211,0.02669270895421505,3661,3660,0.806187093257904,0.7017368674278259,0.0540364608168602,1262.540165782,29040,0.6241103410720825,18.421403884887695,0.08524788916110992,1.0,-0.47782811522483826,5623296,1746175521.557787
15.423829078674316,0.0416666679084301,3671,3670,0.806187093257904,0.7523525357246399,0.0527343787252903,1265.848764827,29120,0.625325620174408,18.421403884887695,0.08524788916110992,1.0,-0.4674122929573059,5638656,1746175524.8664248
15.738282203674316,0.02343750186264515,3697,3696,0.806187093257904,0.7058874368667603,0.0514322929084301,1274.441889402,29328,0.6012587547302246,18.421403884887695,0.08524788916110992,1.0,-0.4779377579689026,5678592,1746175533.4595609
15.400391578674316,0.06640625,3721,3720,0.806187093257904,0.6612734794616699,0.0527343787252903,1282.394431139,29520,0.661349892616272,18.421403884887695,0.08524788916110992,1.0,-0.5053257942199707,5715456,1746175541.4120898
15.361980438232422,0.01953125186264515,3740,3739,0.806187093257904,0.6895188689231873,0.0540364608168602,1288.689826502,29672,0.5858073830604553,18.421403884887695,0.08524788916110992,1.0,-0.4811035692691803,5744640,1746175547.7074423
15.707032203674316,0.03515625,3744,3743,0.806187093257904,0.6531535387039185,0.0514322929084301,1290.016210431,29704,0.6151477098464966,18.421403884887695,0.08524788916110992,1.0,-0.48439982533454895,5750784,1746175549.0338652
15.182291984558105,0.01106770895421505,3762,3761,0.806187093257904,0.6785414218902588,0.0533854179084301,1295.965528992,29848,0.5648221373558044,18.421403884887695,0.08524788916110992,1.0,-0.5008060336112976,5778432,1746175554.9831831
14.233073234558105,0.02148437686264515,3767,3766,0.806187093257904,0.7271597385406494,0.0572916679084301,1297.617858305,29888,0.5832032561302185,18.421403884887695,0.08524788916110992,1.0,-0.5061559677124023,5786112,1746175556.6355393
15.287761688232422,0.02669270895421505,3782,3781,0.806187093257904,0.5922035574913025,0.0527343787252903,1302.575445849,30008,0.596723198890686,18.421403884887695,0.08524788916110992,1.0,-0.5187089443206787,5809152,1746175561.593075
14.831380844116211,0.0449218787252903,3809,3808,0.806187093257904,0.5814128518104553,0.0553385429084301,1311.524875984,30224,0.6092231869697571,18.421403884887695,0.08524788916110992,1.0,-0.5127060413360596,5850624,1746175570.542551
14.579427719116211,0.0,3820,3819,0.806187093257904,0.5845150947570801,0.0559895858168602,1315.159890625,30312,0.5562934875488281,18.421403884887695,0.08524788916110992,1.0,-0.5178275108337402,5867520,1746175574.1775532
14.757162094116211,0.0501302108168602,3827,3826,0.806187093257904,0.5480400323867798,0.0546875037252903,1317.478228419,30368,0.6206164360046387,18.421403884887695,0.08524788916110992,1.0,-0.5159496068954468,5878272,1746175576.4958792
15.309896469116211,0.0182291679084301,3838,3837,0.806187093257904,0.6271481513977051,0.0527343787252903,1321.118892824,30456,0.6027995347976685,18.421403884887695,0.08524788916110992,1.0,-0.5200668573379517,5895168,1746175580.136546
15.391277313232422,0.0572916679084301,3843,3842,0.806187093257904,0.6062853336334229,0.0527343787252903,1322.775612449,30496,0.627170205116272,18.421403884887695,0.08524788916110992,1.0,-0.5147042870521545,5902848,1746175581.7932518
15.127604484558105,0.0559895858168602,3847,3846,0.806187093257904,0.571026086807251,0.0533854179084301,1324.104505422,30528,0.654513955116272,18.421403884887695,0.08524788916110992,1.0,-0.5177904963493347,5908992,1746175583.122073
15.517579078674316,0.01953125186264515,3849,3848,0.806187093257904,0.642198383808136,0.0533854179084301,1324.768035355,30544,0.6011502742767334,18.421403884887695,0.08524788916110992,1.0,-0.5209041833877563,5912064,1746175583.7857175
14.717448234558105,0.0436197929084301,3853,3852,0.806187093257904,0.5500494837760925,0.0566406287252903,1326.093735421,30576,0.6212457418441772,18.421403884887695,0.08524788916110992,1.0,-0.5232204794883728,5918208,1746175585.1113915
14.856120109558105,0.0540364608168602,3866,3865,0.806187093257904,0.659997820854187,0.0559895858168602,1330.394614162,30680,0.6427518725395203,18.421403884887695,0.08524788916110992,1.0,-0.5214038491249084,5938176,1746175589.4122722
15.190755844116211,0.0358072929084301,3873,3872,0.806187093257904,0.6245231628417969,0.0540364608168602,1332.714187121,30736,0.6184462308883667,18.421403884887695,0.08524788916110992,1.0,-0.5268560647964478,5948928,1746175591.7318351
14.940104484558105,0.02669270895421505,3878,3877,0.806187093257904,0.5652357339859009,0.0546875037252903,1334.370584492,30776,0.628949761390686,18.421403884887695,0.08524788916110992,1.0,-0.5170716047286987,5956608,1746175593.3882356
15.140625953674316,0.01106770895421505,3885,3884,0.806187093257904,0.572602391242981,0.0559895858168602,1336.68969224,30832,0.6272570490837097,18.421403884887695,0.08524788916110992,1.0,-0.5486047267913818,5967360,1746175595.7073529
15.548177719116211,0.03515625,3889,3888,0.806187093257904,0.5524100065231323,0.0520833358168602,1338.00990671,30864,0.6118490695953369,18.421403884887695,0.08524788916110992,1.0,-0.5377112627029419,5973504,1746175597.0276003
16.001953125,0.064453125,3894,3893,0.806187093257904,0.5666881799697876,0.0507812537252903,1339.664864742,30904,0.6642362475395203,18.421403884887695,0.08524788916110992,1.0,-0.5391298532485962,5981184,1746175598.682524
15.570313453674316,0.0774739608168602,3895,3894,0.806187093257904,0.5669892430305481,0.0507812537252903,1339.995817937,30912,0.679145097732544,18.421403884887695,0.08524788916110992,1.0,-0.5377036333084106,5982720,1746175599.0135102
15.722005844116211,0.0305989608168602,3902,3901,0.8499437570571899,0.5557982325553894,0.0520833358168602,1342.40830079,30968,0.6251519918441772,18.69358253479004,0.11237334460020065,1.0,-0.5294244885444641,5993472,1746175601.4259713
15.393230438232422,0.0800781324505806,3929,3928,0.8499437570571899,0.6849074363708496,0.0533854179084301,1351.385846475,31184,0.68450528383255,18.69358253479004,0.11237334460020065,1.0,-0.5315861701965332,6034944,1746175610.4035137
15.346355438232422,0.0436197929084301,3937,3936,0.8499437570571899,0.6606462001800537,0.0540364608168602,1354.0266986,31248,0.625238835811615,18.69358253479004,0.11237334460020065,1.0,-0.5293946862220764,6047232,1746175613.0443568
15.440105438232422,0.03515625,3939,3938,0.8499437570571899,0.6653053760528564,0.0527343787252903,1354.688647513,31264,0.614691972732544,18.69358253479004,0.11237334460020065,1.0,-0.5417844653129578,6050304,1746175613.7063105
15.178385734558105,0.03125,3947,3946,0.8499437570571899,0.6139436364173889,0.0540364608168602,1357.32966017,31328,0.6142362356185913,18.69358253479004,0.11237334460020065,1.0,-0.5404865741729736,6062592,1746175616.3473322
14.714193344116211,0.0566406287252903,3986,3985,0.8499437570571899,0.8112912178039551,0.0553385429084301,1370.176067662,31640,0.6475695371627808,18.69358253479004,0.11237334460020065,1.0,-0.5000263452529907,6122496,1746175629.1936967
15.964193344116211,0.0162760429084301,4004,4003,0.8499437570571899,0.8022469878196716,0.0501302108168602,1376.128221925,31784,0.605534017086029,18.69358253479004,0.11237334460020065,1.0,-0.5038583278656006,6150144,1746175635.1458726
15.519532203674316,0.0527343787252903,4010,4009,0.8499437570571899,0.7766554355621338,0.0533854179084301,1378.098264613,31832,0.6436415910720825,18.69358253479004,0.11237334460020065,1.0,-0.5150214433670044,6159360,1746175637.115922
15.781902313232422,0.02343750186264515,4028,4027,0.8499437570571899,0.831579327583313,0.0514322929084301,1384.03582311,31976,0.6279081106185913,18.69358253479004,0.11237334460020065,1.0,-0.4961128234863281,6187008,1746175643.053521
15.647787094116211,0.0566406287252903,4032,4031,0.8499437570571899,0.8644072413444519,0.0520833358168602,1385.352574227,32008,0.6539064049720764,18.69358253479004,0.11237334460020065,1.0,-0.4972931146621704,6193152,1746175644.370222
15.130860328674316,0.011718750931322575,4050,4049,0.8499437570571899,0.8463910818099976,0.0527343787252903,1391.275027001,32152,0.5772353410720825,18.69358253479004,0.11237334460020065,1.0,-0.5350548624992371,6220800,1746175650.2927077
14.985026359558105,0.0813802108168602,4052,4051,0.8499437570571899,0.7568039298057556,0.0533854179084301,1391.934444468,32168,0.6646485328674316,18.69358253479004,0.11237334460020065,1.0,-0.5505684614181519,6223872,1746175650.9520888
16.11849021911621,0.02539062686264515,4076,4075,0.8499437570571899,0.792601466178894,0.0494791679084301,1399.851040969,32360,0.614496648311615,18.69358253479004,0.11237334460020065,1.0,-0.5427519679069519,6260736,1746175658.8686864
14.427083969116211,0.012369791977107525,4086,4085,0.8499437570571899,0.6659877300262451,0.0559895858168602,1403.142198657,32440,0.5784506797790527,18.69358253479004,0.11237334460020065,1.0,-0.5471820831298828,6276096,1746175662.1598895
15.257813453674316,0.02473958395421505,4091,4090,0.8499437570571899,0.6056322455406189,0.0520833358168602,1404.791002893,32480,0.6014541387557983,18.69358253479004,0.11237334460020065,1.0,-0.5574891567230225,6283776,1746175663.8084772
14.786458969116211,0.0,4120,4119,0.8499437570571899,0.6614601612091064,0.0546875037252903,1414.346531881,32712,0.5700088143348694,18.69358253479004,0.11237334460020065,1.0,-0.5303074717521667,6328320,1746175673.3642066
15.285808563232422,0.0358072929084301,4138,4137,0.8499437570571899,0.6246660947799683,0.0533854179084301,1420.26558999,32856,0.6091797351837158,18.69358253479004,0.11237334460020065,1.0,-0.5432887673377991,6355968,1746175679.2832513
15.852214813232422,0.0729166716337204,4142,4141,0.8499437570571899,0.643211841583252,0.0507812537252903,1421.589898326,32888,0.6677518486976624,18.69358253479004,0.11237334460020065,1.0,-0.5402029156684875,6362112,1746175680.6075895
15.337891578674316,0.0410156287252903,4148,4147,0.8499437570571899,0.6285833120346069,0.0527343787252903,1423.568790337,32936,0.6545791625976562,18.69358253479004,0.11237334460020065,1.0,-0.5510749816894531,6371328,1746175682.5864778
16.06380271911621,0.0638020858168602,4151,4150,0.8499437570571899,0.5961644649505615,0.0501302108168602,1424.558537312,32960,0.6802735924720764,18.69358253479004,0.11237334460020065,1.0,-0.5517301559448242,6375936,1746175683.5762134
15.694011688232422,0.0462239608168602,4152,4151,0.8499437570571899,0.5701704621315002,0.0507812537252903,1424.885516708,32968,0.6411459445953369,18.69358253479004,0.11237334460020065,1.0,-0.5577012300491333,6377472,1746175683.903206
15.726563453674316,0.0319010429084301,4157,4156,0.8499437570571899,0.559788703918457,0.0507812537252903,1426.542736173,33008,0.6322917342185974,18.69358253479004,0.11237334460020065,1.0,-0.5545495748519897,6385152,1746175685.560437
16.01497459411621,0.0631510466337204,4167,4166,0.8499437570571899,0.61124187707901,0.0501302108168602,1429.831044658,33088,0.6620878577232361,18.69358253479004,0.11237334460020065,1.0,-0.542877197265625,6400512,1746175688.8487465
15.587891578674316,0.0540364608168602,4170,4169,0.8499437570571899,0.6089240312576294,0.0514322929084301,1430.824471192,33112,0.6718534231185913,18.69358253479004,0.11237334460020065,1.0,-0.5460593700408936,6405120,1746175689.842171
16.002605438232422,0.0364583358168602,4182,4181,0.8499437570571899,0.6179858446121216,0.0501302108168602,1434.788598967,33208,0.62688809633255,18.69358253479004,0.11237334460020065,1.0,-0.5452286601066589,6423552,1746175693.806263
15.698568344116211,0.02343750186264515,4188,4187,0.8499437570571899,0.580001175403595,0.0514322929084301,1436.77478842,33256,0.6199870705604553,18.69358253479004,0.11237334460020065,1.0,-0.5481714010238647,6432768,1746175695.7924564
15.641927719116211,0.0358072929084301,4201,4200,0.8499437570571899,0.706961989402771,0.0507812537252903,1441.077106673,33360,0.6174480319023132,18.69358253479004,0.11237334460020065,1.0,-0.5335638523101807,6452736,1746175700.0947454
15.089193344116211,0.0403645858168602,4216,4215,0.8499437570571899,0.7410037517547607,0.0540364608168602,1446.040128003,33480,0.6247613430023193,18.69358253479004,0.11237334460020065,1.0,-0.5284584164619446,6475776,1746175705.0578043
14.635416984558105,0.0345052108168602,4234,4233,0.8622059226036072,0.7791258692741394,0.0553385429084301,1452.0692461,33624,0.6159071922302246,18.620012283325195,0.11325967311859131,1.0,-0.5223705768585205,6503424,1746175711.0869067
15.361980438232422,0.0566406287252903,4241,4240,0.8622059226036072,0.7100527286529541,0.0533854179084301,1454.398686198,33680,0.6490452289581299,18.620012283325195,0.11325967311859131,1.0,-0.5297189950942993,6514176,1746175713.4163465
15.579427719116211,0.0442708358168602,4275,4274,0.8622059226036072,0.8977386951446533,0.0527343787252903,1465.640778439,33952,0.6414497494697571,18.620012283325195,0.11325967311859131,1.0,-0.5172871351242065,6566400,1746175724.6584222
15.465496063232422,0.01497395895421505,4278,4277,0.8622059226036072,0.915940523147583,0.0533854179084301,1466.634961611,33976,0.6199002861976624,18.620012283325195,0.11325967311859131,1.0,-0.5235559940338135,6571008,1746175725.6526
15.402996063232422,0.0696614608168602,4295,4294,0.8622059226036072,0.8467490673065186,0.0520833358168602,1472.263484265,34112,0.6581815481185913,18.620012283325195,0.11325967311859131,1.0,-0.5357128381729126,6597120,1746175731.2811506
15.865886688232422,0.02669270895421505,4307,4306,0.8622059226036072,0.8259759545326233,0.0507812537252903,1476.231502829,34208,0.6235244274139404,18.620012283325195,0.11325967311859131,1.0,-0.5370705723762512,6615552,1746175735.2491758
15.423829078674316,0.0527343787252903,4309,4308,0.8622059226036072,0.8093534111976624,0.0520833358168602,1476.893838921,34224,0.6526042222976685,18.620012283325195,0.11325967311859131,1.0,-0.540309488773346,6618624,1746175735.9115248
15.207682609558105,0.02083333395421505,4325,4324,0.8622059226036072,0.8514760732650757,0.0533854179084301,1482.182140725,34352,0.6074220538139343,18.620012283325195,0.11325967311859131,1.0,-0.5356414318084717,6643200,1746175741.1997306
15.455730438232422,0.0436197929084301,4327,4326,0.8622059226036072,0.8346551656723022,0.0514322929084301,1482.84488368,34368,0.6449219584465027,18.620012283325195,0.11325967311859131,1.0,-0.5307779312133789,6646272,1746175741.8625426
16.149089813232422,0.0579427108168602,4330,4329,0.8622059226036072,0.8712718486785889,0.0514322929084301,1483.841519281,34392,0.6689454317092896,18.620012283325195,0.11325967311859131,1.0,-0.5326026082038879,6650880,1746175742.8591957
15.289063453674316,0.01888020895421505,4334,4333,0.8622059226036072,0.8716933131217957,0.0533854179084301,1485.18072626,34424,0.6047743558883667,18.620012283325195,0.11325967311859131,1.0,-0.5263651609420776,6657024,1746175744.1982996
15.363282203674316,0.0533854179084301,4357,4356,0.8622059226036072,0.94097501039505,0.0520833358168602,1492.821878816,34608,0.6417970061302185,18.620012283325195,0.11325967311859131,1.0,-0.5315479040145874,6692352,1746175751.8395698
15.765625953674316,0.0533854179084301,4373,4372,0.8622059226036072,0.8611244559288025,0.0494791679084301,1498.123210642,34736,0.6397787928581238,18.620012283325195,0.11325967311859131,1.0,-0.5379894375801086,6716928,1746175757.1408
16.05989646911621,0.0397135429084301,4383,4382,0.8622059226036072,0.9409343600273132,0.0494791679084301,1501.427760434,34816,0.6340929865837097,18.620012283325195,0.11325967311859131,1.0,-0.5185496807098389,6732288,1746175760.445352
14.496094703674316,0.004557291977107525,4402,4401,0.8622059226036072,1.0101749897003174,0.0566406287252903,1507.709094993,34968,0.564691960811615,18.620012283325195,0.11325967311859131,1.0,-0.5395097732543945,6761472,1746175766.726755
15.871746063232422,0.0559895858168602,4468,4467,0.8622059226036072,0.870855987071991,0.0514322929084301,1529.561773612,35496,0.6618056893348694,18.620012283325195,0.11325967311859131,1.0,-0.5256832838058472,6862848,1746175788.579416
15.613933563232422,0.0455729179084301,4479,4478,0.8622059226036072,0.9431373476982117,0.0514322929084301,1533.195392454,35584,0.6307075619697571,18.620012283325195,0.11325967311859131,1.0,-0.5413766503334045,6879744,1746175792.2130396
15.658204078674316,0.0774739608168602,4480,4479,0.8622059226036072,0.9124662280082703,0.0520833358168602,1533.526632295,35592,0.67180997133255,18.620012283325195,0.11325967311859131,1.0,-0.5383082628250122,6881280,1746175792.544283
15.524740219116211,0.0423177108168602,4490,4489,0.8622059226036072,0.8315749168395996,0.0520833358168602,1536.837485477,35672,0.62884122133255,18.620012283325195,0.11325967311859131,1.0,-0.5334571599960327,6896640,1746175795.855154
15.911458969116211,0.1165364608168602,4495,4494,0.8622059226036072,0.7471708059310913,0.0520833358168602,1538.493182319,35712,0.7477214336395264,18.620012283325195,0.11325967311859131,1.0,-0.5389858484268188,6904320,1746175797.5108337
15.426433563232422,0.03515625,4499,4498,0.8622059226036072,0.7967498302459717,0.0533854179084301,1539.821823316,35744,0.6159506440162659,18.620012283325195,0.11325967311859131,1.0,-0.5385260581970215,6910464,1746175798.8394713
15.572917938232422,0.0436197929084301,4509,4508,0.8622059226036072,0.7895838618278503,0.0514322929084301,1543.125267365,35824,0.6378473043441772,18.620012283325195,0.11325967311859131,1.0,-0.5227198004722595,6925824,1746175802.1429207
15.555339813232422,0.0553385429084301,4512,4511,0.8622059226036072,0.9082515239715576,0.0514322929084301,1544.11643356,35848,0.6340712904930115,18.620012283325195,0.11325967311859131,1.0,-0.5305756330490112,6930432,1746175803.1341214
15.892579078674316,0.0240885429084301,4540,4539,0.8622059226036072,0.9080196022987366,0.0507812537252903,1553.403074546,36072,0.6231338977813721,18.620012283325195,0.11325967311859131,1.0,-0.5282188653945923,6973440,1746175812.4207137
15.388672828674316,0.0559895858168602,4593,4592,0.8845901489257812,0.8385198712348938,0.0546875037252903,1571.026718634,36496,0.6350695490837097,19.229398727416992,0.1349029690027237,1.0,-0.5205370187759399,7054848,1746175830.0443854
16.141277313232422,0.0319010429084301,4603,4602,0.8845901489257812,1.0857124328613281,0.0501302108168602,1574.339185631,36576,0.618229329586029,19.229398727416992,0.1349029690027237,1.0,-0.5070472955703735,7070208,1746175833.3568506
15.340496063232422,0.0826822966337204,4626,4625,0.8845901489257812,1.0563071966171265,0.0514322929084301,1581.939849526,36760,0.674826443195343,19.229398727416992,0.1349029690027237,1.0,-0.5204066038131714,7105536,1746175840.9575255
15.722657203674316,0.0358072929084301,4650,4649,0.8845901489257812,0.9575920104980469,0.0501302108168602,1589.878999249,36952,0.6290582418441772,19.229398727416992,0.1349029690027237,1.0,-0.525879442691803,7142400,1746175848.8966777
15.859375953674316,0.1100260466337204,4661,4660,0.8845901489257812,0.8974757194519043,0.0520833358168602,1593.517089904,37040,0.711176335811615,19.229398727416992,0.1349029690027237,1.0,-0.5148763656616211,7159296,1746175852.5347595
15.682943344116211,0.1074218824505806,4663,4662,0.8845901489257812,0.8530902862548828,0.0520833358168602,1594.180263482,37056,0.7027995586395264,19.229398727416992,0.1349029690027237,1.0,-0.5242190361022949,7162368,1746175853.1979253
16.229167938232422,0.0338541679084301,4686,4685,0.8845901489257812,0.6664859056472778,0.0501302108168602,1601.795520954,37240,0.6354167461395264,19.229398727416992,0.1349029690027237,1.0,-0.5373804569244385,7197696,1746175860.8129687
15.844402313232422,0.064453125,4687,4686,0.8845901489257812,0.7154124975204468,0.0494791679084301,1602.124308672,37248,0.6605468988418579,19.229398727416992,0.1349029690027237,1.0,-0.5374240875244141,7199232,1746175861.14196
15.976563453674316,0.0846354216337204,4723,4722,0.8845901489257812,0.6895443797111511,0.0507812537252903,1614.030390472,37536,0.701606035232544,19.229398727416992,0.1349029690027237,1.0,-0.5553368330001831,7254528,1746175873.0480433
15.328125953674316,0.0390625037252903,4740,4739,0.8845901489257812,0.6855604648590088,0.0520833358168602,1619.642946485,37672,0.6196181774139404,19.229398727416992,0.1349029690027237,1.0,-0.5574790239334106,7280640,1746175878.6606257
15.707032203674316,0.0605468787252903,4742,4741,0.8845901489257812,0.6624952554702759,0.0501302108168602,1620.302556298,37688,0.6541666984558105,19.229398727416992,0.1349029690027237,1.0,-0.5556474924087524,7283712,1746175879.3202045
15.162110328674316,0.0442708358168602,4757,4756,0.8845901489257812,0.7392799258232117,0.0533854179084301,1625.271563832,37808,0.6195313334465027,19.229398727416992,0.1349029690027237,1.0,-0.5583627223968506,7306752,1746175884.2892256
15.274740219116211,0.0781250074505806,4759,4758,0.8845901489257812,0.6908324956893921,0.0520833358168602,1625.934477982,37824,0.6630643606185913,19.229398727416992,0.1349029690027237,1.0,-0.5666195154190063,7309824,1746175884.9521475
15.417318344116211,0.0670572966337204,4773,4772,0.8845901489257812,0.6516387462615967,0.0546875037252903,1630.561688328,37936,0.6541233658790588,19.229398727416992,0.1349029690027237,1.0,-0.5393863916397095,7331328,1746175889.5793693
15.954427719116211,0.0794270858168602,4776,4775,0.8845901489257812,0.7391709089279175,0.0501302108168602,1631.555095856,37960,0.6860243678092957,19.229398727416992,0.1349029690027237,1.0,-0.5217251181602478,7335936,1746175890.57276
15.339193344116211,0.0950520858168602,4782,4781,0.8845901489257812,0.7641553282737732,0.0540364608168602,1633.577604327,38008,0.7103082537651062,19.229398727416992,0.1349029690027237,1.0,-0.5309535264968872,7345152,1746175892.5952892
15.991537094116211,0.0514322929084301,4824,4823,0.8845901489257812,0.8729493618011475,0.0507812537252903,1647.494777496,38344,0.6624784469604492,19.229398727416992,0.1349029690027237,1.0,-0.516731858253479,7409664,1746175906.5124218
15.669922828674316,0.02864583395421505,4831,4830,0.8845901489257812,0.7272483110427856,0.0520833358168602,1649.81349254,38400,0.5966581106185913,19.229398727416992,0.1349029690027237,1.0,-0.522793173789978,7420416,1746175908.83112
15.485677719116211,0.0319010429084301,4849,4848,0.8845901489257812,0.8204577565193176,0.0520833358168602,1655.773520908,38544,0.6239801049232483,19.229398727416992,0.1349029690027237,1.0,-0.5184264779090881,7448064,1746175914.7911932
15.726563453674316,0.0559895858168602,4858,4857,0.8845901489257812,0.837868332862854,0.0520833358168602,1658.745544124,38616,0.65813809633255,19.229398727416992,0.1349029690027237,1.0,-0.5271160006523132,7461888,1746175917.763204
15.626954078674316,0.0423177108168602,4861,4860,0.8845901489257812,0.7650659084320068,0.0507812537252903,1659.738147376,38640,0.624349057674408,19.229398727416992,0.1349029690027237,1.0,-0.5319738984107971,7466496,1746175918.7558055
15.940105438232422,0.0501302108168602,4894,4893,0.8816652297973633,1.2237677574157715,0.0514322929084301,1670.737821417,38904,0.6470269560813904,18.700336456298828,0.12947657704353333,0.9999999403953552,-0.5462377071380615,7517184,1746175929.7554977
16.47265625,0.0996093824505806,4895,4894,0.8816652297973633,1.0924749374389648,0.0488281287252903,1671.068352924,38912,0.694357693195343,18.700336456298828,0.12947657704353333,0.9999999403953552,-0.5521746873855591,7518720,1746175930.0860229
15.884115219116211,0.0911458358168602,4911,4910,0.8816652297973633,1.1651113033294678,0.0507812537252903,1676.372062083,39040,0.6899306178092957,18.700336456298828,0.12947657704353333,0.9999999403953552,-0.5508564114570618,7543296,1746175935.3896394
15.986329078674316,0.0364583358168602,4915,4914,0.8816652297973633,0.9724932312965393,0.0501302108168602,1677.697530057,39072,0.648893415927887,18.700336456298828,0.12947657704353333,0.9999999403953552,-0.5576463937759399,7549440,1746175936.715185
15.104166984558105,0.0572916679084301,4924,4923,0.8816652297973633,1.1351940631866455,0.0520833358168602,1680.67439962,39144,0.636935830116272,18.700336456298828,0.12947657704353333,0.9999999403953552,-0.5359399318695068,7563264,1746175939.6920822
15.966797828674316,0.0703125,4948,4947,0.8816652297973633,1.1129913330078125,0.0507812537252903,1688.619198295,39336,0.664323091506958,18.700336456298828,0.12947657704353333,0.9999999403953552,-0.528172492980957,7600128,1746175947.636868
15.961589813232422,0.0358072929084301,4952,4951,0.8816652297973633,1.0096431970596313,0.0488281287252903,1689.935796658,39368,0.631987988948822,18.700336456298828,0.12947657704353333,0.9999999403953552,-0.5180923938751221,7606272,1746175948.9534907
15.844402313232422,0.0507812537252903,4971,4970,0.8816652297973633,1.0038257837295532,0.0527343787252903,1696.234406847,39520,0.6590712666511536,18.700336456298828,0.12947657704353333,0.9999999403953552,-0.5335332155227661,7635456,1746175955.2520823
15.236329078674316,0.0865885466337204,4978,4977,0.8816652297973633,1.0324660539627075,0.0527343787252903,1698.548624858,39576,0.6710504293441772,18.700336456298828,0.12947657704353333,0.9999999403953552,-0.5266803503036499,7646208,1746175957.5663114
15.529297828674316,0.1022135466337204,4991,4990,0.8816652297973633,0.9936113357543945,0.0540364608168602,1702.858684674,39680,0.7116103172302246,18.700336456298828,0.12947657704353333,0.9999999403953552,-0.5378454923629761,7666176,1746175961.8762927
15.345704078674316,0.0468750037252903,4995,4994,0.8816652297973633,0.8700706958770752,0.0527343787252903,1704.181642081,39712,0.6268013119697571,18.700336456298828,0.12947657704353333,0.9999999403953552,-0.545762300491333,7672320,1746175963.1992836
15.356771469116211,0.02669270895421505,5011,5010,0.8816652297973633,0.8888558149337769,0.0527343787252903,1709.468323994,39840,0.5994141697883606,18.700336456298828,0.12947657704353333,0.9999999403953552,-0.5530703067779541,7696896,1746175968.485968
16.291015625,0.0944010466337204,5025,5024,0.8816652297973633,0.7638565897941589,0.0494791679084301,1714.11094375,39952,0.723698079586029,18.700336456298828,0.12947657704353333,0.9999999403953552,-0.5787906646728516,7718400,1746175973.1286175
15.774089813232422,0.02734375186264515,5047,5046,0.8816652297973633,0.710256040096283,0.0507812537252903,1721.381190158,40128,0.620442807674408,18.700336456298828,0.12947657704353333,0.9999999403953552,-0.5640674829483032,7752192,1746175980.3988318
15.908855438232422,0.0507812537252903,5065,5064,0.8816652297973633,0.7154829502105713,0.0507812537252903,1727.356769145,40272,0.6590930223464966,18.700336456298828,0.12947657704353333,0.9999999403953552,-0.5539171695709229,7779840,1746175986.3744059
16.03645896911621,0.0807291716337204,5074,5073,0.8816652297973633,0.8184509873390198,0.0494791679084301,1730.332405132,40344,0.6956598162651062,18.700336456298828,0.12947657704353333,0.9999999403953552,-0.5654600858688354,7793664,1746175989.3500583
15.393880844116211,0.0546875037252903,5078,5077,0.8816652297973633,0.799349844455719,0.0520833358168602,1731.661756138,40376,0.6454211473464966,18.700336456298828,0.12947657704353333,0.9999999403953552,-0.5732097625732422,7799808,1746175990.679371
15.641927719116211,0.0384114608168602,5080,5079,0.8816652297973633,0.7887585163116455,0.0514322929084301,1732.325659439,40392,0.6303386092185974,18.700336456298828,0.12947657704353333,0.9999999403953552,-0.5663256049156189,7802880,1746175991.3433034
14.982422828674316,0.0826822966337204,5106,5105,0.8816652297973633,0.8151288628578186,0.0540364608168602,1740.937237748,40600,0.6822049617767334,18.700336456298828,0.12947657704353333,0.9999999403953552,-0.5672475099563599,7842816,1746175999.9548652
15.966797828674316,0.0546875037252903,5125,5124,0.8816652297973633,0.9417533278465271,0.0501302108168602,1747.235517628,40752,0.6943360567092896,18.700336456298828,0.12947657704353333,0.9999999403953552,-0.5532625317573547,7872000,1746176006.2531855
15.673829078674316,0.0846354216337204,5131,5130,0.8816652297973633,0.8989500999450684,0.0520833358168602,1749.223504718,40800,0.6913846731185913,18.700336456298828,0.12947657704353333,0.9999999403953552,-0.5508644580841064,7881216,1746176008.2411726
15.458333969116211,0.0514322929084301,5150,5149,0.8816652297973633,1.0484120845794678,0.0507812537252903,1755.520578116,40952,0.6534940600395203,18.700336456298828,0.12947657704353333,0.9999999403953552,-0.5589113235473633,7910400,1746176014.5382695
15.998047828674316,0.0638020858168602,5157,5156,0.8816652297973633,1.083301305770874,0.0520833358168602,1757.836631251,41008,0.693511426448822,18.700336456298828,0.12947657704353333,0.9999999403953552,-0.5514310002326965,7921152,1746176016.8542833
15.494792938232422,0.0820312574505806,5171,5170,0.8816652297973633,1.064985990524292,0.0514322929084301,1762.464132755,41120,0.6898438334465027,18.700336456298828,0.12947657704353333,0.9999999403953552,-0.5687474608421326,7942656,1746176021.4817727
15.326172828674316,0.0559895858168602,5182,5181,0.8816652297973633,1.0365519523620605,0.0520833358168602,1766.099758531,41208,0.6523439288139343,18.700336456298828,0.12947657704353333,0.9999999403953552,-0.5705959796905518,7959552,1746176025.1173966
15.639974594116211,0.0904947966337204,5196,5195,0.8816652297973633,0.9911617040634155,0.0507812537252903,1770.737235601,41320,0.704535722732544,18.700336456298828,0.12947657704353333,0.9999999403953552,-0.5709919333457947,7981056,1746176029.7548478
15.850912094116211,0.0983072966337204,5198,5197,0.8816652297973633,0.9921176433563232,0.0501302108168602,1771.401506641,41336,0.719748318195343,18.700336456298828,0.12947657704353333,0.9999999403953552,-0.5770045518875122,7984128,1746176030.4191504
15.599610328674316,0.0768229216337204,5206,5205,0.8960897922515869,1.0423109531402588,0.0520833358168602,1774.109115453,41400,0.674848198890686,18.595977783203125,0.13833028078079224,1.0,-0.5711294412612915,7996416,1746176033.1267831
16.061199188232422,0.0651041716337204,5209,5208,0.8960897922515869,0.9851837158203125,0.0494791679084301,1775.105247383,41424,0.6664063334465027,18.595977783203125,0.13833028078079224,1.0,-0.5746059417724609,8001024,1746176034.1229005
15.656250953674316,0.1015625074505806,5218,5217,0.8960897922515869,1.0681651830673218,0.0501302108168602,1778.112299566,41496,0.7322484254837036,18.595977783203125,0.13833028078079224,1.0,-0.5903441905975342,8014848,1746176037.1299467
16.32421875,0.0891927108168602,5219,5218,0.8960897922515869,1.1543827056884766,0.0507812537252903,1778.444008631,41504,0.7171441912651062,18.595977783203125,0.13833028078079224,1.0,-0.5793803334236145,8016384,1746176037.4616554
15.424480438232422,0.0878906324505806,5232,5231,0.8960897922515869,0.9713547229766846,0.0533854179084301,1782.741040244,41608,0.696527898311615,18.595977783203125,0.13833028078079224,1.0,-0.5892274379730225,8036352,1746176041.758707
16.05989646911621,0.0462239608168602,5259,5258,0.8960897922515869,0.7655116319656372,0.0494791679084301,1791.689593493,41824,0.6523221731185913,18.595977783203125,0.13833028078079224,1.0,-0.603259801864624,8077824,1746176050.7072663
15.455730438232422,0.0852864608168602,5265,5264,0.8960897922515869,0.7767630815505981,0.0520833358168602,1793.670182902,41872,0.6853734254837036,18.595977783203125,0.13833028078079224,1.0,-0.6122558116912842,8087040,1746176052.6878192
14.863282203674316,0.0527343787252903,5290,5289,0.8960897922515869,0.7611924409866333,0.0533854179084301,1801.937627768,42072,0.6517362594604492,18.595977783203125,0.13833028078079224,1.0,-0.5957452654838562,8125440,1746176060.9552867
15.603516578674316,0.0957031324505806,5308,5307,0.8960897922515869,0.8948003053665161,0.0514322929084301,1807.903471389,42216,0.7026910781860352,18.595977783203125,0.13833028078079224,1.0,-0.5882716178894043,8153088,1746176066.9211314
15.320313453674316,0.0442708358168602,5311,5310,0.8960897922515869,0.9260116219520569,0.0520833358168602,1808.894618912,42240,0.6404514908790588,18.595977783203125,0.13833028078079224,1.0,-0.5722613334655762,8157696,1746176067.912281
15.322266578674316,0.0807291716337204,5318,5317,0.8960897922515869,0.8775112628936768,0.0527343787252903,1811.22812832,42296,0.7005860209465027,18.595977783203125,0.13833028078079224,1.0,-0.5839592814445496,8168448,1746176070.2457805
15.401693344116211,0.03515625,5325,5324,0.8960897922515869,1.0272268056869507,0.0527343787252903,1813.541875661,42352,0.617231011390686,18.595977783203125,0.13833028078079224,1.0,-0.5859618186950684,8179200,1746176072.5595846
15.577474594116211,0.0585937537252903,5352,5351,0.8960897922515869,0.8776750564575195,0.0494791679084301,1822.488946069,42568,0.6608073711395264,18.595977783203125,0.13833028078079224,1.0,-0.6120113134384155,8220672,1746176081.5065918
15.944662094116211,0.0696614608168602,5374,5373,0.8960897922515869,0.996178150177002,0.0494791679084301,1829.757698023,42744,0.6854384541511536,18.595977783203125,0.13833028078079224,1.0,-0.5931705236434937,8254464,1746176088.775371
15.938802719116211,0.0514322929084301,5398,5397,0.8960897922515869,0.8157270550727844,0.0501302108168602,1837.729403112,42936,0.646527886390686,18.595977783203125,0.13833028078079224,1.0,-0.5993120074272156,8291328,1746176096.7470295
15.440105438232422,0.0221354179084301,5406,5405,0.8960897922515869,0.9368177056312561,0.0527343787252903,1840.369065977,43000,0.6157553195953369,18.595977783203125,0.13833028078079224,1.0,-0.6007120013237,8303616,1746176099.3867412
15.942708969116211,0.033203125,5415,5414,0.8960897922515869,1.0462093353271484,0.0501302108168602,1843.34663101,43072,0.6277778744697571,18.595977783203125,0.13833028078079224,1.0,-0.578275740146637,8317440,1746176102.3642626
15.753907203674316,0.1015625074505806,5422,5421,0.8960897922515869,1.0073274374008179,0.0507812537252903,1845.661191238,43128,0.7175782322883606,18.595977783203125,0.13833028078079224,1.0,-0.5773448348045349,8328192,1746176104.678832
15.070313453674316,0.0709635466337204,5449,5448,0.8960897922515869,0.9795684814453125,0.0546875037252903,1854.595252149,43344,0.6597440242767334,18.595977783203125,0.13833028078079224,1.0,-0.5938762426376343,8369664,1746176113.6129286
15.393880844116211,0.0449218787252903,5486,5485,0.8960897922515869,1.1366056203842163,0.0527343787252903,1866.896675694,43640,0.6323351860046387,18.595977783203125,0.13833028078079224,1.0,-0.585556149482727,8426496,1746176125.9143624
15.137370109558105,0.064453125,5488,5487,0.8960897922515869,1.0801491737365723,0.0540364608168602,1867.560855607,43656,0.6569879055023193,18.595977783203125,0.13833028078079224,1.0,-0.5953049659729004,8429568,1746176126.5783937
16.14583396911621,0.0878906324505806,5494,5493,0.8960897922515869,1.1838322877883911,0.0488281287252903,1869.55123762,43704,0.7106988430023193,18.595977783203125,0.13833028078079224,1.0,-0.5916339159011841,8438784,1746176128.5688658
15.709636688232422,0.0865885466337204,5497,5496,0.8960897922515869,1.1523267030715942,0.0514322929084301,1870.544054344,43728,0.6978515982627869,18.595977783203125,0.13833028078079224,1.0,-0.5977073907852173,8443392,1746176129.5616615
15.268230438232422,0.0742187574505806,5503,5502,0.8960897922515869,1.10642409324646,0.0527343787252903,1872.537660292,43776,0.6735894680023193,18.595977783203125,0.13833028078079224,1.0,-0.5982644557952881,8452608,1746176131.5552282
15.704427719116211,0.0696614608168602,5520,5519,0.8960897922515869,0.974098801612854,0.0507812537252903,1878.164009727,43912,0.6820964813232422,18.595977783203125,0.13833028078079224,1.0,-0.6044816970825195,8478720,1746176137.1814744
15.444011688232422,0.0520833358168602,5521,5520,0.8960897922515869,0.9473970532417297,0.0527343787252903,1878.496026957,43920,0.6601346731185913,18.595977783203125,0.13833028078079224,1.0,-0.6045390367507935,8480256,1746176137.513672
15.739583969116211,0.0488281287252903,5537,5536,0.9123216867446899,0.8775624632835388,0.0501302108168602,1883.870257879,44048,0.6434680223464966,19.059823989868164,0.14672544598579407,1.0,-0.6242712736129761,8504832,1746176142.8879287
15.935547828674316,0.0755208358168602,5541,5540,0.9123216867446899,0.9509844779968262,0.0507812537252903,1885.193215385,44080,0.6879558563232422,19.059823989868164,0.14672544598579407,1.0,-0.6163192391395569,8510976,1746176144.2108667
15.743490219116211,0.1061197966337204,5554,5553,0.9123216867446899,1.0445455312728882,0.0507812537252903,1889.520915044,44184,0.7217882871627808,19.059823989868164,0.14672544598579407,1.0,-0.6100672483444214,8530944,1746176148.5386071
15.568360328674316,0.0872395858168602,5565,5564,0.9123216867446899,1.0942069292068481,0.0514322929084301,1893.169026337,44272,0.6782118678092957,19.059823989868164,0.14672544598579407,1.0,-0.5810533761978149,8547840,1746176152.1866941
15.656250953674316,0.0358072929084301,5566,5565,0.9123216867446899,1.1264370679855347,0.0501302108168602,1893.498776005,44280,0.6256945729255676,19.059823989868164,0.14672544598579407,1.0,-0.5954657793045044,8549376,1746176152.5163352
15.777344703674316,0.013671875931322575,5568,5567,0.9123216867446899,1.0634677410125732,0.0514322929084301,1894.161316695,44296,0.6017796397209167,19.059823989868164,0.14672544598579407,1.0,-0.5870987176895142,8552448,1746176153.1789978
16.595703125,0.1445312649011612,5585,5584,0.9123216867446899,1.0822232961654663,0.0475260429084301,1899.81863028,44432,0.7752388119697571,19.059823989868164,0.14672544598579407,1.0,-0.5862195491790771,8578560,1746176158.8362973
16.649089813232422,0.02929687686264515,5591,5590,0.9123216867446899,1.1563301086425781,0.0475260429084301,1901.818761283,44480,0.6332682967185974,19.059823989868164,0.14672544598579407,1.0,-0.5855681896209717,8587776,1746176160.8364468
16.254558563232422,0.0937500074505806,5654,5653,0.9123216867446899,1.1108390092849731,0.0494791679084301,1922.765842531,44984,0.7250218391418457,19.059823989868164,0.14672544598579407,1.0,-0.5996729731559753,8684544,1746176181.783417
15.435547828674316,0.0833333358168602,5685,5684,0.9123216867446899,1.2657489776611328,0.0527343787252903,1933.057011684,45232,0.6888238787651062,19.059823989868164,0.14672544598579407,1.0,-0.5838934779167175,8732160,1746176192.0746737
15.500652313232422,0.0657552108168602,5698,5697,0.9123216867446899,1.176361322402954,0.0507812537252903,1937.364258211,45336,0.685612142086029,19.059823989868164,0.14672544598579407,1.0,-0.6087513566017151,8752128,1746176196.3818493
16.86849021911621,0.0872395858168602,5744,5743,0.9123216867446899,0.8778122663497925,0.0468750037252903,1952.648457131,45704,0.7107856869697571,19.059823989868164,0.14672544598579407,1.0,-0.6265469789505005,8822784,1746176211.6661189
16.125,0.0930989608168602,5749,5748,0.9123216867446899,0.858521580696106,0.0481770858168602,1954.302652105,45744,0.7000434994697571,19.059823989868164,0.14672544598579407,1.0,-0.6166955232620239,8830464,1746176213.3203208
16.001953125,0.1145833358168602,5761,5760,0.9123216867446899,0.886062502861023,0.0488281287252903,1958.291809589,45840,0.7197049856185913,19.059823989868164,0.14672544598579407,1.0,-0.6217495203018188,8848896,1746176217.3093321
16.102214813232422,0.0722656324505806,5766,5765,0.9123216867446899,0.8326540589332581,0.0488281287252903,1959.955459231,45880,0.6753039360046387,19.059823989868164,0.14672544598579407,1.0,-0.6288231015205383,8856576,1746176218.9730594
15.425130844116211,0.0540364608168602,5789,5788,0.9123216867446899,0.9509956240653992,0.0533854179084301,1967.570289284,46064,0.6569662690162659,19.059823989868164,0.14672544598579407,1.0,-0.6528301239013672,8891904,1746176226.5879385
16.211589813232422,0.0442708358168602,5807,5806,0.9123216867446899,0.9817185401916504,0.0475260429084301,1973.522933629,46208,0.6449220180511475,19.059823989868164,0.14672544598579407,1.0,-0.6257743239402771,8919552,1746176232.5405762
15.917969703674316,0.0690104216337204,5827,5826,0.9123216867446899,1.0146335363388062,0.0507812537252903,1980.129375119,46368,0.6764107346534729,19.059823989868164,0.14672544598579407,1.0,-0.6070886850357056,8950272,1746176239.1470585
16.656902313232422,0.1041666716337204,5839,5838,0.9123216867446899,0.9697803258895874,0.0481770858168602,1984.114618103,46464,0.7396051287651062,19.059823989868164,0.14672544598579407,1.0,-0.619330644607544,8968704,1746176243.1322908
16.0,0.0397135429084301,5843,5842,0.9123216867446899,0.9767423868179321,0.0494791679084301,1985.441533931,46496,0.6616537570953369,19.059823989868164,0.14672544598579407,1.0,-0.6278462409973145,8974848,1746176244.4591959
15.772136688232422,0.02669270895421505,5846,5845,0.9123216867446899,0.9592284560203552,0.0481770858168602,1986.434133889,46520,0.6178169846534729,19.059823989868164,0.14672544598579407,1.0,-0.6178632378578186,8979456,1746176245.4517734
15.828125953674316,0.0240885429084301,5848,5847,0.9123216867446899,0.9916034936904907,0.0501302108168602,1987.096909739,46536,0.6308595538139343,19.059823989868164,0.14672544598579407,1.0,-0.6105730533599854,8982528,1746176246.1145952
15.993490219116211,0.1106770858168602,5885,5884,0.9481195211410522,0.998928964138031,0.0494791679084301,1999.399155277,46832,0.7194011807441711,19.54057502746582,0.17135468125343323,1.0,-0.6141819953918457,9039360,1746176258.4168096
16.13606834411621,0.0800781324505806,5887,5886,0.9481195211410522,0.957007110118866,0.0501302108168602,2000.061091355,46848,0.7140409350395203,19.54057502746582,0.17135468125343323,1.0,-0.6166905164718628,9042432,1746176259.0787325
16.40234375,0.0722656324505806,5906,5905,0.9481195211410522,1.0522537231445312,0.0468750037252903,2006.339112378,47000,0.6717014908790588,19.54057502746582,0.17135468125343323,1.0,-0.6084786057472229,9071616,1746176265.3567584
16.37434959411621,0.0794270858168602,5908,5907,0.9481195211410522,1.0744481086730957,0.0481770858168602,2007.002403488,47016,0.7264106869697571,19.54057502746582,0.17135468125343323,1.0,-0.6050571203231812,9074688,1746176266.0200603
15.746746063232422,0.0696614608168602,5949,5948,0.9481195211410522,0.9672468900680542,0.0488281287252903,2020.605580077,47344,0.6610894799232483,19.54057502746582,0.17135468125343323,1.0,-0.6033287048339844,9137664,1746176279.6232264
16.115234375,0.0761718824505806,5952,5951,0.9481195211410522,0.9674217700958252,0.0501302108168602,2021.600609124,47368,0.6977865695953369,19.54057502746582,0.17135468125343323,1.0,-0.6226996183395386,9142272,1746176280.618267
15.962891578674316,0.0638020858168602,5954,5953,0.9481195211410522,0.9524009227752686,0.0501302108168602,2022.263015404,47384,0.6756077408790588,19.54057502746582,0.17135468125343323,1.0,-0.6188533306121826,9145344,1746176281.280673
15.736980438232422,0.1126302108168602,5961,5960,0.9481195211410522,0.9535704851150513,0.0514322929084301,2024.582806007,47440,0.736371636390686,19.54057502746582,0.17135468125343323,1.0,-0.6196763515472412,9156096,1746176283.6004715
15.753255844116211,0.0605468787252903,5971,5970,0.9481195211410522,1.094269871711731,0.0507812537252903,2027.892912358,47520,0.6653863787651062,19.54057502746582,0.17135468125343323,1.0,-0.6193442344665527,9171456,1746176286.9105544
15.242839813232422,0.0826822966337204,5989,5988,0.9481195211410522,0.979866623878479,0.0527343787252903,2033.851783268,47664,0.7039064168930054,19.54057502746582,0.17135468125343323,1.0,-0.6319122314453125,9199104,1746176292.869456
15.434246063232422,0.1263020932674408,5991,5990,0.9481195211410522,0.8817753791809082,0.0540364608168602,2034.516393941,47680,0.7401476502418518,19.54057502746582,0.17135468125343323,1.0,-0.6416345834732056,9202176,1746176293.5340612
15.189454078674316,0.0546875037252903,6027,6026,0.9481195211410522,0.957183837890625,0.0520833358168602,2046.433034354,47968,0.6496095657348633,19.54057502746582,0.17135468125343323,1.0,-0.6293465495109558,9257472,1746176305.4506977
15.785157203674316,0.1009114608168602,6037,6036,0.9481195211410522,0.9654303789138794,0.0507812537252903,2049.737416342,48048,0.7108290791511536,19.54057502746582,0.17135468125343323,1.0,-0.6373194456100464,9272832,1746176308.7550604
15.744141578674316,0.0514322929084301,6049,6048,0.9481195211410522,0.9169740676879883,0.0501302108168602,2053.709684295,48144,0.6647353768348694,19.54057502746582,0.17135468125343323,1.0,-0.6523212194442749,9291264,1746176312.7273183
15.800130844116211,0.0553385429084301,6078,6077,0.9481195211410522,1.0386096239089966,0.0514322929084301,2063.288235072,48376,0.6461806893348694,19.54057502746582,0.17135468125343323,1.0,-0.6209473013877869,9335808,1746176322.3059015
16.48046875,0.06640625,6093,6092,0.9481195211410522,1.0549094676971436,0.0488281287252903,2068.295635933,48496,0.69134122133255,19.54057502746582,0.17135468125343323,1.0,-0.6047524213790894,9358848,1746176327.3133159
15.888021469116211,0.06640625,6095,6094,0.9481195211410522,1.0493931770324707,0.0488281287252903,2068.958307791,48512,0.6746746301651001,19.54057502746582,0.17135468125343323,1.0,-0.6231796741485596,9361920,1746176327.97599
15.883464813232422,0.0963541716337204,6132,6131,0.9481195211410522,1.0388823747634888,0.0494791679084301,2081.232331241,48808,0.6919705867767334,19.54057502746582,0.17135468125343323,1.0,-0.6490402221679688,9418752,1746176340.2500172
16.086589813232422,0.03125,6164,6163,0.9481195211410522,0.7989200353622437,0.0494791679084301,2091.826365659,49064,0.620334267616272,19.54057502746582,0.17135468125343323,1.0,-0.6707500219345093,9467904,1746176350.8440273
16.490886688232422,0.1074218824505806,6171,6170,0.9481195211410522,0.8533201217651367,0.0481770858168602,2094.14453983,49120,0.7495443820953369,19.54057502746582,0.17135468125343323,1.0,-0.6507687568664551,9478656,1746176353.1622112
16.544921875,0.0677083358168602,6186,6185,0.9773579835891724,0.8763073086738586,0.0488281287252903,2099.183292081,49240,0.7090061902999878,19.337249755859375,0.1937122941017151,1.0,-0.6629602909088135,9501696,1746176358.200945
15.266277313232422,0.0781250074505806,6191,6190,0.9773579835891724,0.814095139503479,0.0527343787252903,2100.840911098,49280,0.6801649928092957,19.337249755859375,0.1937122941017151,1.0,-0.6546601057052612,9509376,1746176359.8584282
15.930339813232422,0.0501302108168602,6209,6208,0.9773579835891724,0.9051811695098877,0.0507812537252903,2106.810243511,49424,0.658441960811615,19.337249755859375,0.1937122941017151,1.0,-0.6339818835258484,9537024,1746176365.8278844
15.825521469116211,0.068359375,6221,6220,0.9773579835891724,0.9897124767303467,0.0527343787252903,2110.772721803,49520,0.6556858420372009,19.337249755859375,0.1937122941017151,1.0,-0.6291325092315674,9555456,1746176369.79038
15.530599594116211,0.1132812574505806,6232,6231,0.9773579835891724,1.009535789489746,0.0514322929084301,2114.418493685,49608,0.7336806654930115,19.337249755859375,0.1937122941017151,1.0,-0.6402756571769714,9572352,1746176373.4361608
15.683594703674316,0.0410156287252903,6240,6239,0.9773579835891724,1.0118838548660278,0.0501302108168602,2117.069320607,49672,0.6488282084465027,19.337249755859375,0.1937122941017151,1.0,-0.6384607553482056,9584640,1746176376.0869794
15.918621063232422,0.0748697966337204,6241,6240,0.9773579835891724,1.0320518016815186,0.0501302108168602,2117.400399486,49680,0.7044054865837097,19.337249755859375,0.1937122941017151,1.0,-0.6526279449462891,9586176,1746176376.4180508
15.927083969116211,0.0716145858168602,6272,6271,0.9773579835891724,1.1246827840805054,0.0501302108168602,2127.645155771,49928,0.6786025166511536,19.337249755859375,0.1937122941017151,1.0,-0.614273726940155,9633792,1746176386.662799
15.756511688232422,0.06640625,6329,6328,0.9773579835891724,1.0789291858673096,0.0514322929084301,2146.520073039,50384,0.6676867604255676,19.337249755859375,0.1937122941017151,1.0,-0.6246528625488281,9721344,1746176405.5375967
16.41731834411621,0.1093750074505806,6330,6329,0.9773579835891724,1.0499911308288574,0.0488281287252903,2146.855246329,50392,0.7528212666511536,19.337249755859375,0.1937122941017151,1.0,-0.6345669031143188,9722880,1746176405.8728428
15.740886688232422,0.0514322929084301,6337,6336,0.9773579835891724,1.021986484527588,0.0514322929084301,2149.164930334,50448,0.650434136390686,19.337249755859375,0.1937122941017151,1.0,-0.6414759159088135,9733632,1746176408.1825955
16.38020896911621,0.0885416716337204,6344,6343,0.9773579835891724,0.9504679441452026,0.0488281287252903,2151.490436405,50504,0.7090495824813843,19.337249755859375,0.1937122941017151,1.0,-0.6518466472625732,9744384,1746176410.5080822
16.2734375,0.0677083358168602,6361,6360,0.9773579835891724,0.9408400058746338,0.0494791679084301,2157.109378235,50640,0.6911243200302124,19.337249755859375,0.1937122941017151,1.0,-0.6602276563644409,9770496,1746176416.1270337
16.26106834411621,0.0957031324505806,6364,6363,0.9773579835891724,1.1353809833526611,0.0488281287252903,2158.116198241,50664,0.7200956344604492,19.337249755859375,0.1937122941017151,1.0,-0.626620888710022,9775104,1746176417.1338496
15.661458969116211,0.0930989608168602,6373,6372,0.9773579835891724,1.063795566558838,0.0507812537252903,2161.101838183,50736,0.7054254412651062,19.337249755859375,0.1937122941017151,1.0,-0.6340132355690002,9788928,1746176420.119493
16.453777313232422,0.0807291716337204,6384,6383,0.9773579835891724,1.1448135375976562,0.0475260429084301,2164.745767306,50824,0.700238823890686,19.337249755859375,0.1937122941017151,1.0,-0.6174411773681641,9805824,1746176423.7634497
16.07356834411621,0.0794270858168602,6387,6386,0.9773579835891724,1.1439812183380127,0.0494791679084301,2165.742834596,50848,0.695638120174408,19.337249755859375,0.1937122941017151,1.0,-0.6266686916351318,9810432,1746176424.7604952
15.515625953674316,0.0533854179084301,6419,6418,0.9773579835891724,1.07146418094635,0.0527343787252903,2176.334716232,51104,0.6454427242279053,19.337249755859375,0.1937122941017151,1.0,-0.6189693212509155,9859584,1746176435.3523672
15.741537094116211,0.1158854216337204,6423,6422,0.9773579835891724,1.0406306982040405,0.0507812537252903,2177.66016128,51136,0.7420574426651001,19.337249755859375,0.1937122941017151,1.0,-0.621812105178833,9865728,1746176436.6778307
15.543621063232422,0.0859375074505806,6433,6432,0.9773579835891724,0.8870024681091309,0.0520833358168602,2180.965436998,51216,0.6909506320953369,19.337249755859375,0.1937122941017151,1.0,-0.6305926442146301,9881088,1746176439.983083
15.576172828674316,0.0761718824505806,6437,6436,0.9773579835891724,0.8801635503768921,0.0514322929084301,2182.287753079,51248,0.6932291984558105,19.337249755859375,0.1937122941017151,1.0,-0.6354610323905945,9887232,1746176441.305421
16.234375,0.0872395858168602,6438,6437,0.9773579835891724,0.8917449712753296,0.0507812537252903,2182.618774334,51256,0.719184160232544,19.337249755859375,0.1937122941017151,1.0,-0.6357017755508423,9888768,1746176441.6364377
15.432292938232422,0.0696614608168602,6442,6441,0.9773579835891724,0.8607029914855957,0.0514322929084301,2183.945607705,51288,0.6847440600395203,19.337249755859375,0.1937122941017151,1.0,-0.6580932140350342,9894912,1746176442.963249
15.431641578674316,0.0651041716337204,6467,6466,0.9773579835891724,0.6972039937973022,0.0514322929084301,2192.229910192,51488,0.6549914479255676,19.337249755859375,0.1937122941017151,1.0,-0.6819320321083069,9933312,1746176451.2476163
15.960287094116211,0.0592447929084301,6473,6472,0.9773579835891724,0.7469524145126343,0.0501302108168602,2194.216265647,51536,0.6764975190162659,19.337249755859375,0.1937122941017151,1.0,-0.6659523844718933,9942528,1746176453.2339206
