returned_episode_lengths,returned_won_episode,test_returned_episode,update_steps,grad_steps,loss,_step,test_returned_episode_returns,env_step,returned_episode,_runtime,test_returned_episode_lengths,returned_episode_returns,qvals,test_returned_won_episode,_timestamp
26.23828125,0.0,1.0,21,0,0.0,20,0.0021013151854276657,32256,0.02018229104578495,45.641288616,12.093387603759766,0.12856684625148773,0.0,0.0,1746191169.1390789
26.28580665588379,0.0,1.0,24,0,0.0,23,0.0021013151854276657,36864,0.021484375,45.808630229,12.093387603759766,0.12240537256002426,0.0,0.0,1746191169.3069036
28.31380271911621,0.0,1.0,39,64,0.00559421069920063,38,0.0021013151854276657,59904,0.02083333395421505,48.55949321,12.093387603759766,0.1567256897687912,0.15667098760604858,0.0,1746191172.0577834
27.79557228088379,0.0,1.0,67,288,0.007712834514677525,66,0.0021013151854276657,102912,0.02018229104578495,56.832651897,12.093387603759766,0.1714600771665573,0.8996715545654297,0.0,1746191180.3309453
28.57877540588379,0.0,1.0,81,400,0.0076115014962852,80,0.0021013151854276657,124416,0.01888020895421505,60.972129787,12.093387603759766,0.18649131059646606,0.9025577306747437,0.0,1746191184.4704359
28.59635353088379,0.0,1.0,84,424,0.009584976360201836,83,0.0021013151854276657,129024,0.01627604104578495,61.858370868,12.093387603759766,0.17309634387493134,0.903962254524231,0.0,1746191185.356676
30.02864646911621,0.0,1.0,86,440,0.008932536467909813,85,0.0021013151854276657,132096,0.01692708395421505,62.448991187,12.093387603759766,0.18680031597614288,0.901681661605835,0.0,1746191185.9473011
29.69205665588379,0.0,1.0,158,1016,0.020167334005236626,157,0.0021013151854276657,242688,0.01822916604578495,83.719436623,12.093387603759766,0.19303645193576813,0.8481235504150391,0.0,1746191207.2177267
29.984375,0.0,1.0,170,1112,0.02319856733083725,169,0.0021013151854276657,261120,0.017578125,87.268537267,12.093387603759766,0.21034373342990875,0.8331351280212402,0.0,1746191210.7668133
29.63150978088379,0.0,1.0,173,1136,0.04560548812150955,172,0.0021013151854276657,265728,0.01822916604578495,88.15396493,12.093387603759766,0.20239147543907166,0.854718804359436,0.0,1746191211.652282
29.37955665588379,0.0,1.0,197,1328,0.03271932899951935,196,0.0021013151854276657,302592,0.014973958022892475,95.24371932,12.093387603759766,0.19343140721321106,0.8239254951477051,0.0,1746191218.7420173
29.43880271911621,0.0,1.0,199,1344,0.03065795637667179,198,0.0021013151854276657,305664,0.01692708395421505,95.834147028,12.093387603759766,0.21553818881511688,0.8330243825912476,0.0,1746191219.33244
29.68684959411621,0.0,1.0,219,1504,0.039454035460948944,218,0.0021013151854276657,336384,0.01692708395421505,101.744248613,12.093387603759766,0.180059015750885,0.7439745664596558,0.0,1746191225.2425473
29.56900978088379,0.0,1.0,246,1720,0.0885302796959877,245,0.0021013151854276657,377856,0.01627604104578495,109.716942124,12.093387603759766,0.182157963514328,0.5882896780967712,0.0,1746191233.215231
28.37760353088379,0.0,1.0,248,1736,0.05568733438849449,247,0.0021013151854276657,380928,0.017578125,110.307629162,12.093387603759766,0.18670745193958282,0.5562628507614136,0.0,1746191233.805925
30.51302146911621,0.0,1.0,270,1912,0.047709740698337555,269,0.0021013151854276657,414720,0.01692708395421505,116.805834835,12.093387603759766,0.2045017033815384,0.581900954246521,0.0,1746191240.3041356
28.19986915588379,0.0,1.0,278,1976,0.05347561091184616,277,0.0021013151854276657,427008,0.01953125,119.16937312,12.093387603759766,0.1757933795452118,0.5344386696815491,0.0,1746191242.667667
27.69270896911621,0.0,1.0,279,1984,0.05313345044851303,278,0.0021013151854276657,428544,0.01953125,119.46441816,12.093387603759766,0.16072221100330353,0.5387711524963379,0.0,1746191242.9627144
27.51627540588379,0.0,1.0,290,2072,0.1070326566696167,289,0.0021013151854276657,445440,0.01888020895421505,122.718216419,12.093387603759766,0.1954062283039093,0.43736571073532104,0.0,1746191246.216502
28.37109375,0.0,1.0,299,2144,0.16569331288337708,298,0.0021013151854276657,459264,0.01822916604578495,125.374904272,12.093387603759766,0.1620260328054428,0.7072537541389465,0.0,1746191248.8732076
28.27734375,0.0,1.0,314,2264,0.11125175654888153,313,0.0021013151854276657,482304,0.02018229104578495,129.804406383,12.093387603759766,0.14994008839130402,0.6043773889541626,0.0,1746191253.3026958
29.90104103088379,0.0,1.0,322,2328,0.15061622858047485,321,0.0021013151854276657,494592,0.01692708395421505,132.169994932,12.093387603759766,0.15976908802986145,0.5886882543563843,0.0,1746191255.668285
30.94791603088379,0.0,1.0,325,2352,0.16786901652812958,324,0.06765097379684448,499200,0.01627604104578495,133.11909199,38.28116226196289,0.1857578009366989,0.56874018907547,0.0,1746191256.6173887
30.75390625,0.0,1.0,338,2456,0.4044390320777893,337,0.06765097379684448,519168,0.01627604104578495,136.959207009,38.28116226196289,0.15199391543865204,0.400591105222702,0.0,1746191260.457498
29.08072853088379,0.0,1.0,343,2496,0.23751407861709595,342,0.06765097379684448,526848,0.01888020895421505,138.435432149,38.28116226196289,0.1842343658208847,0.42892691493034363,0.0,1746191261.9337516
28.56315040588379,0.0,1.0,363,2656,0.2268398106098175,362,0.06765097379684448,557568,0.01888020895421505,144.34543084,38.28116226196289,0.14694617688655853,0.3852660655975342,0.0,1746191267.8437319
29.27994728088379,0.0,1.0,375,2752,0.22134995460510254,374,0.06765097379684448,576000,0.017578125,147.8941374,38.28116226196289,0.1467803716659546,0.3644093871116638,0.0,1746191271.3924506
25.18619728088379,0.0,1.0,388,2856,0.2269892394542694,387,0.06765097379684448,595968,0.025390625,151.734751981,38.28116226196289,0.13449913263320923,0.40523767471313477,0.0,1746191275.2330472
29.52474021911621,0.0,1.0,394,2904,0.22601312398910522,393,0.06765097379684448,605184,0.017578125,153.506544537,38.28116226196289,0.1758333146572113,0.3196670711040497,0.0,1746191277.0048358
28.59049415588379,0.0,1.0,418,3096,0.16054940223693848,417,0.06765097379684448,642048,0.01822916604578495,160.668987877,38.28116226196289,0.14046354591846466,0.28807687759399414,0.0,1746191284.1672113
30.03125,0.0,1.0,419,3104,0.14973457157611847,418,0.06765097379684448,643584,0.015625,160.96436211,38.28116226196289,0.16494877636432648,0.2701042890548706,0.0,1746191284.462632
29.09440040588379,0.0,1.0,426,3160,0.20888236165046692,425,0.06765097379684448,654336,0.01888020895421505,163.034552271,38.28116226196289,0.16085241734981537,0.28188586235046387,0.0,1746191286.532832
29.94986915588379,0.0,1.0,430,3192,0.16828706860542297,429,0.06765097379684448,660480,0.01888020895421505,164.216495428,38.28116226196289,0.18582551181316376,0.2670312523841858,0.0,1746191287.7147796
30.205078125,0.0,1.0,437,3248,0.13776539266109467,436,0.06765097379684448,671232,0.015625,166.28406582,38.28116226196289,0.1540026068687439,0.2525804936885834,0.0,1746191289.782372
30.28515625,0.0,1.0,441,3280,0.14892815053462982,440,0.06765097379684448,677376,0.015625,167.464607128,38.28116226196289,0.16267447173595428,0.21479938924312592,0.0,1746191290.9629061
31.6484375,0.0,1.0,444,3304,0.19697317481040955,443,0.06765097379684448,681984,0.015625,168.350674854,38.28116226196289,0.15936285257339478,0.19022780656814575,0.0,1746191291.848968
31.35546875,0.0,1.0,463,3456,0.17321926355361938,462,0.06765097379684448,711168,0.014973958022892475,173.964800909,38.28116226196289,0.1613038182258606,0.18394634127616882,0.0,1746191297.4631045
31.91015625,0.0,1.0,464,3464,0.16142255067825317,463,0.06765097379684448,712704,0.014322916977107525,174.260092476,38.28116226196289,0.1634826362133026,0.2011200338602066,0.0,1746191297.7583969
31.10546875,0.0,1.0,477,3568,0.16370752453804016,476,0.06765097379684448,732672,0.013671875,178.098354513,38.28116226196289,0.13537152111530304,0.2117851972579956,0.0,1746191301.5966604
28.19661521911621,0.0,1.0,490,3672,0.17789950966835022,489,0.06765097379684448,752640,0.017578125,181.941722466,38.28116226196289,0.10712587088346481,0.22838431596755981,0.0,1746191305.4400048
30.69010353088379,0.0,1.0,494,3704,0.16909989714622498,493,0.06765097379684448,758784,0.015625,183.122431892,38.28116226196289,0.14532464742660522,0.24049890041351318,0.0,1746191306.6207206
30.13932228088379,0.0,1.0,516,3880,0.16935956478118896,515,0.06765097379684448,792576,0.015625,189.625824176,38.28116226196289,0.16428297758102417,0.21720770001411438,0.0,1746191313.1241179
31.65364646911621,0.0,1.0,521,3920,0.12274715304374695,520,0.06765097379684448,800256,0.015625,191.105644576,38.28116226196289,0.16602082550525665,0.23322704434394836,0.0,1746191314.6039555
31.20182228088379,0.0,1.0,524,3944,0.11610692739486694,523,0.06765097379684448,804864,0.012369791977107525,191.991674511,38.28116226196289,0.14464756846427917,0.22291414439678192,0.0,1746191315.489987
31.375,0.0,1.0,536,4040,0.17137102782726288,535,0.06765097379684448,823296,0.015625,195.535085031,38.28116226196289,0.16843575239181519,0.20731115341186523,0.0,1746191319.0333807
31.05078125,0.0,1.0,538,4056,0.15720687806606293,537,0.06765097379684448,826368,0.01171875,196.125566824,38.28116226196289,0.15102168917655945,0.1807393729686737,0.0,1746191319.6238716
31.17317771911621,0.0,1.0,567,4288,0.11226342618465424,566,0.06765097379684448,870912,0.012369791977107525,204.709699593,38.28116226196289,0.12619705498218536,0.17605599761009216,0.0,1746191328.2080011
30.55208396911621,0.0,1.0,574,4344,0.12865740060806274,573,0.06765097379684448,881664,0.013020833022892475,206.775774379,38.28116226196289,0.13720746338367462,0.21543069183826447,0.0,1746191330.274077
30.52083396911621,0.0,1.0,582,4408,0.12661167979240417,581,0.06765097379684448,893952,0.01627604104578495,209.12915344,38.28116226196289,0.12881596386432648,0.2045648992061615,0.0,1746191332.6274824
31.52474021911621,0.0,1.0,591,4480,0.10904733836650848,590,0.06765097379684448,907776,0.014973958022892475,211.799288404,38.28116226196289,0.13849741220474243,0.171746164560318,0.0,1746191335.297368
30.39974021911621,0.0,1.0,595,4512,0.1481594443321228,594,0.06765097379684448,913920,0.013671875,212.983990107,38.28116226196289,0.11643575131893158,0.18415555357933044,0.0,1746191336.4820807
31.51432228088379,0.0,1.0,613,4656,0.0936601534485817,612,0.06765097379684448,941568,0.010416666977107525,218.328164714,38.28116226196289,0.10497048497200012,0.18332916498184204,0.0,1746191341.8263898
31.265625,0.0,1.0,621,4720,0.10215116292238235,620,0.06765097379684448,953856,0.01171875,220.697882798,38.28116226196289,0.11824218183755875,0.14803791046142578,0.0,1746191344.1961284
29.16796875,0.0,1.0,632,4808,0.07659256458282471,631,0.06765097379684448,970752,0.013671875,223.953981794,38.28116226196289,0.07120659947395325,0.18582066893577576,0.0,1746191347.4520829
31.66015625,0.0,1.0,643,4896,0.07301320880651474,642,0.06765097379684448,987648,0.013020833022892475,227.209584542,38.28116226196289,0.07173696905374527,0.19369158148765564,0.0,1746191350.70768
31.77083396911621,0.0,1.0,647,4928,0.07446455955505371,646,0.06765097379684448,993792,0.013671875,228.393612744,38.28116226196289,0.11969704180955887,0.205107182264328,0.0,1746191351.8917613
31.93880271911621,0.0,1.0,665,5072,0.07796040177345276,664,0.09060069173574448,1021440,0.013671875,233.790674314,56.59690475463867,0.11921180784702301,0.06829489022493362,0.0,1746191357.288891
31.02213478088379,0.0,1.0,676,5160,0.08749742805957794,675,0.09060069173574448,1038336,0.010416666977107525,237.045810239,56.59690475463867,0.06391666829586029,0.0763392299413681,0.0,1746191360.5438764
32.13411331176758,0.0,1.0,685,5232,0.06960005313158035,684,0.09060069173574448,1052160,0.013020833022892475,239.717691929,56.59690475463867,0.09274913370609283,0.09795915335416794,0.0,1746191363.2157438
31.6328125,0.0,1.0,702,5368,0.055631570518016815,701,0.09060069173574448,1078272,0.012369791977107525,244.757244707,56.59690475463867,0.09859461337327957,0.09977920353412628,0.0,1746191368.2552726
31.3359375,0.0,1.0,703,5376,0.05762174353003502,702,0.09060069173574448,1079808,0.011067708022892475,245.053434204,56.59690475463867,0.07268489897251129,0.09230358898639679,0.0,1746191368.551514
31.65234375,0.0,1.0,730,5592,0.06660264730453491,729,0.09060069173574448,1121280,0.009765625,253.056822637,56.59690475463867,0.10553471744060516,0.061540331691503525,0.0,1746191376.5549023
31.765625,0.0,1.0,736,5640,0.053811851888895035,735,0.09060069173574448,1130496,0.011067708022892475,254.832879714,56.59690475463867,0.1203966960310936,0.07012413442134857,0.0,1746191378.331051
31.3984375,0.0,1.0,739,5664,0.05526025593280792,738,0.09060069173574448,1135104,0.011067708022892475,255.724040145,56.59690475463867,0.11507032066583633,0.08506894111633301,0.0,1746191379.2222087
31.99479103088379,0.0,1.0,781,6000,0.04733061045408249,780,0.09060069173574448,1199616,0.013671875,268.159911352,56.59690475463867,0.20834720134735107,0.010752110742032528,0.0,1746191391.6581974
31.73567771911621,0.0,1.0,794,6104,0.06031891331076622,793,0.09060069173574448,1219584,0.011067708022892475,272.000612149,56.59690475463867,0.2257230579853058,0.06250420212745667,0.0,1746191395.4989088
31.60025978088379,0.0,1.0,841,6480,0.033668506890535355,840,0.09060069173574448,1291776,0.01171875,285.887810606,56.59690475463867,0.2799791395664215,0.05933617427945137,0.0,1746191409.3860908
30.41145896911621,0.0,1.0,844,6504,0.04196403548121452,843,0.09060069173574448,1296384,0.013671875,286.773960255,56.59690475463867,0.24336542189121246,0.08863452821969986,0.0,1746191410.2722576
31.20833396911621,0.0,1.0,870,6712,0.0245693139731884,869,0.09060069173574448,1336320,0.013020833022892475,294.472467392,56.59690475463867,0.26078903675079346,0.04180516302585602,0.0,1746191417.9707584
31.77213478088379,0.0,1.0,872,6728,0.025798648595809937,871,0.09060069173574448,1339392,0.014973958022892475,295.063014985,56.59690475463867,0.2565911114215851,0.05959748849272728,0.0,1746191418.5613053
32.07161331176758,0.0,1.0,873,6736,0.024842068552970886,872,0.09060069173574448,1340928,0.01171875,295.358202809,56.59690475463867,0.264210045337677,0.044986166059970856,0.0,1746191418.8564925
31.76432228088379,0.0,1.0,876,6760,0.02555624395608902,875,0.09060069173574448,1345536,0.013020833022892475,296.243924661,56.59690475463867,0.29257461428642273,0.05714587867259979,0.0,1746191419.7422268
31.88411521911621,0.0,1.0,887,6848,0.024166196584701538,886,0.09060069173574448,1362432,0.013020833022892475,299.493203987,56.59690475463867,0.2787083089351654,0.04173925146460533,0.0,1746191422.9915056
30.52994728088379,0.0,1.0,896,6920,0.026519039645791054,895,0.09060069173574448,1376256,0.014973958022892475,302.155099567,56.59690475463867,0.27395135164260864,0.06194575875997543,0.0,1746191425.65339
31.00911521911621,0.0,1.0,902,6968,0.023800993338227272,901,0.09060069173574448,1385472,0.012369791977107525,303.926485992,56.59690475463867,0.26808157563209534,0.05046292766928673,0.0,1746191427.4247823
30.33724021911621,0.0,1.0,910,7032,0.045674048364162445,909,0.09060069173574448,1397760,0.008463541977107525,306.289578568,56.59690475463867,0.2260720282793045,0.10406360030174255,0.0,1746191429.7878773
30.0,0.0,1.0,913,7056,0.05168524757027626,912,0.09060069173574448,1402368,0.015625,307.175255545,56.59690475463867,0.26056593656539917,0.04499848932027817,0.0,1746191430.6735601
30.59505271911621,0.0,1.0,932,7208,0.04310639947652817,931,0.09060069173574448,1431552,0.011067708022892475,312.788545812,56.59690475463867,0.2464773952960968,0.052267782390117645,0.0,1746191436.286843
31.86588478088379,0.0,1.0,945,7312,0.020523641258478165,944,0.09060069173574448,1451520,0.012369791977107525,316.627070942,56.59690475463867,0.2850954532623291,0.0584712028503418,0.0,1746191440.125367
31.20052146911621,0.0,1.0,968,7496,0.017505625262856483,967,0.09060069173574448,1486848,0.013020833022892475,323.423896024,56.59690475463867,0.28953817486763,0.04466259479522705,0.0,1746191446.9222088
32.04817581176758,0.0,1.0,994,7704,0.014816517010331154,993,0.5883956551551819,1526784,0.013020833022892475,331.170058605,61.95935821533203,0.3088037669658661,-0.0480690523982048,0.0,1746191454.6683402
30.03775978088379,0.0,1.0,995,7712,0.013812379911541939,994,0.5883956551551819,1528320,0.013020833022892475,331.465142968,61.95935821533203,0.2678072452545166,-0.05557535961270332,0.0,1746191454.963461
32.04426956176758,0.0,1.0,1005,7792,0.014510292559862137,1004,0.5883956551551819,1543680,0.012369791977107525,334.41752677,61.95935821533203,0.31488192081451416,-0.03183969110250473,0.0,1746191457.9158087
31.17708396911621,0.0,1.0,1011,7840,0.015402990393340588,1010,0.5883956551551819,1552896,0.013671875,336.190322535,61.95935821533203,0.3069782853126526,-0.02289116382598877,0.0,1746191459.6886113
32.20051956176758,0.0,1.0,1025,7952,0.014056636020541191,1024,0.5883956551551819,1574400,0.01171875,340.323147114,61.95935821533203,0.33385324478149414,-0.00717699620872736,0.0,1746191463.8214643
31.90494728088379,0.0,1.0,1086,8440,0.011566591449081898,1085,0.5883956551551819,1668096,0.01171875,358.338879632,61.95935821533203,0.30097565054893494,-0.112337626516819,0.0,1746191481.837184
27.94270896911621,0.0,1.0,1117,8688,0.03517971932888031,1116,0.5883956551551819,1715712,0.014973958022892475,367.498868888,61.95935821533203,0.2254730612039566,-0.24923750758171082,0.0,1746191490.9971812
31.87239646911621,0.0,1.0,1126,8760,0.015659239143133163,1125,0.5883956551551819,1729536,0.012369791977107525,370.155903476,61.95935821533203,0.3018914759159088,-0.1734979897737503,0.0,1746191493.6542225
32.20051956176758,0.0,1.0,1135,8832,0.010953908786177635,1134,0.5883956551551819,1743360,0.009114583022892475,372.816605022,61.95935821533203,0.32240620255470276,-0.16282153129577637,0.0,1746191496.3149085
29.79166603088379,0.0,1.0,1158,9016,0.01067727617919445,1157,0.5883956551551819,1778688,0.0078125,379.608586038,61.95935821533203,0.2692091763019562,-0.12651950120925903,0.0,1746191503.1068823
32.25,0.0,1.0,1163,9056,0.010262392461299896,1162,0.5883956551551819,1786368,0.012369791977107525,381.084562301,61.95935821533203,0.3445468246936798,-0.12091107666492462,0.0,1746191504.5828633
31.06900978088379,0.0,1.0,1176,9160,0.011587554588913918,1175,0.5883956551551819,1806336,0.010416666977107525,384.925397565,61.95935821533203,0.30117443203926086,-0.12775713205337524,0.0,1746191508.4236953
31.77734375,0.0,1.0,1204,9384,0.012789495289325714,1203,0.5883956551551819,1849344,0.01171875,393.198538898,61.95935821533203,0.31322044134140015,-0.11560793966054916,0.0,1746191516.6968083
31.48828125,0.0,1.0,1212,9448,0.011777309700846672,1211,0.5883956551551819,1861632,0.010416666977107525,395.561996962,61.95935821533203,0.3108445703983307,-0.12370389699935913,0.0,1746191519.060304
32.15364456176758,0.0,1.0,1221,9520,0.011268720030784607,1220,0.5883956551551819,1875456,0.014322916977107525,398.219027242,61.95935821533203,0.3303714990615845,-0.13229936361312866,0.0,1746191521.717321
32.31380081176758,0.0,1.0,1227,9568,0.011878754012286663,1226,0.5883956551551819,1884672,0.013020833022892475,399.991324655,61.95935821533203,0.32707542181015015,-0.1300729513168335,0.0,1746191523.4896042
31.04947853088379,0.0,1.0,1232,9608,0.012193525210022926,1231,0.5883956551551819,1892352,0.009114583022892475,401.468225445,61.95935821533203,0.31377163529396057,-0.13008180260658264,0.0,1746191524.9665103
32.30859375,0.0,1.0,1255,9792,0.011644316837191582,1254,0.5883956551551819,1927680,0.011067708022892475,408.260236808,61.95935821533203,0.3226683437824249,-0.07067403197288513,0.0,1746191531.7585318
32.0703125,0.0,1.0,1266,9880,0.010949007235467434,1265,0.5883956551551819,1944576,0.010416666977107525,411.509278576,61.95935821533203,0.3232525885105133,-0.08174843341112137,0.0,1746191535.0075715
32.09114456176758,0.0,1.0,1268,9896,0.010741634294390678,1267,0.5883956551551819,1947648,0.010416666977107525,412.100327976,61.95935821533203,0.31571176648139954,-0.08412769436836243,0.0,1746191535.5986102
31.9453125,0.0,1.0,1281,10000,0.009959260001778603,1280,0.5883956551551819,1967616,0.01171875,415.938661664,61.95935821533203,0.32475513219833374,-0.07543204724788666,0.0,1746191539.4369588
31.93619728088379,0.0,1.0,1294,10104,0.025504734367132187,1293,0.5883956551551819,1987584,0.013020833022892475,419.798407706,61.95935821533203,0.3228827714920044,-0.150534987449646,0.0,1746191543.2770174
31.296875,0.0,1.0,1303,10176,0.01810753159224987,1302,0.6643967032432556,2001408,0.0078125,422.525823398,67.39274597167969,0.31028467416763306,-0.20938906073570251,0.0,1746191546.0241368
31.30729103088379,0.0,1.0,1313,10256,0.010305723175406456,1312,0.6643967032432556,2016768,0.01171875,425.479620758,67.39274597167969,0.3198792636394501,-0.22002002596855164,0.0,1746191548.9779243
31.26041603088379,0.0,1.0,1363,10656,0.012286879122257233,1362,0.6643967032432556,2093568,0.0078125,440.255343207,67.39274597167969,0.32669177651405334,-0.1350102722644806,0.0,1746191563.7536225
30.52864646911621,0.0,1.0,1397,10928,0.011138303205370903,1396,0.6643967032432556,2145792,0.008463541977107525,450.296296005,67.39274597167969,0.3055051863193512,-0.15830591320991516,0.0,1746191573.7945893
31.953125,0.0,1.0,1406,11000,0.022453654557466507,1405,0.6643967032432556,2159616,0.010416666977107525,452.954694329,67.39274597167969,0.3100086450576782,-0.34575575590133667,0.0,1746191576.4529798
31.77734375,0.0,1.0,1416,11080,0.010954206809401512,1415,0.6643967032432556,2174976,0.01171875,455.910596998,67.39274597167969,0.3190372884273529,-0.30042070150375366,0.0,1746191579.4088876
31.1015625,0.0,1.0,1417,11088,0.011200200766324997,1416,0.6643967032432556,2176512,0.008463541977107525,456.206577291,67.39274597167969,0.29873520135879517,-0.3123750686645508,0.0,1746191579.704862
30.51822853088379,0.0,1.0,1425,11152,0.010571771301329136,1424,0.6643967032432556,2188800,0.008463541977107525,458.568867191,67.39274597167969,0.2878471910953522,-0.3040963113307953,0.0,1746191582.067172
31.76953125,0.0,1.0,1438,11256,0.012226264923810959,1437,0.6643967032432556,2208768,0.009114583022892475,462.406896705,67.39274597167969,0.31729856133461,-0.2978934049606323,0.0,1746191585.9051895
31.30208396911621,0.0,1.0,1474,11544,0.027456101030111313,1473,0.6643967032432556,2264064,0.008463541977107525,473.043993308,67.39274597167969,0.3029504716396332,-0.18467971682548523,0.0,1746191596.5423043
30.36197853088379,0.0,1.0,1504,11784,0.012118149548768997,1503,0.6643967032432556,2310144,0.008463541977107525,481.903352955,67.39274597167969,0.2918975055217743,-0.17840778827667236,0.0,1746191605.4016497
30.3828125,0.0,1.0,1522,11928,0.012270349077880383,1521,0.6643967032432556,2337792,0.009114583022892475,487.217804793,67.39274597167969,0.28993743658065796,-0.20860229432582855,0.0,1746191610.7160888
29.96224021911621,0.0,1.0,1546,12120,0.011518741026520729,1545,0.6643967032432556,2374656,0.009114583022892475,494.310778089,67.39274597167969,0.2985633313655853,-0.23688820004463196,0.0,1746191617.8090768
30.87369728088379,0.0,1.0,1569,12304,0.010395465418696404,1568,0.6643967032432556,2409984,0.008463541977107525,501.105345687,67.39274597167969,0.31775689125061035,-0.23859182000160217,0.0,1746191624.6036217
30.85677146911621,0.0,1.0,1575,12352,0.01780364103615284,1574,0.6643967032432556,2419200,0.0078125,502.876017546,67.39274597167969,0.313384473323822,-0.2542973756790161,0.0,1746191626.3743324
30.97525978088379,0.0,1.0,1585,12432,0.16953060030937195,1584,0.6643967032432556,2434560,0.013671875,505.829005452,67.39274597167969,0.27130812406539917,-0.25308847427368164,0.0,1746191629.3273106
30.57421875,0.0,1.0,1587,12448,0.061952855437994,1586,0.6643967032432556,2437632,0.009114583022892475,506.419646039,67.39274597167969,0.2467300146818161,-0.3768802881240845,0.0,1746191629.9179463
30.75390625,0.0,1.0,1592,12488,0.016429927200078964,1591,0.6643967032432556,2445312,0.008463541977107525,507.898776007,67.39274597167969,0.290948748588562,-0.3089445233345032,0.0,1746191631.397076
31.62890625,0.0,1.0,1596,12520,0.01280522346496582,1595,0.6643967032432556,2451456,0.008463541977107525,509.079144907,67.39274597167969,0.3136075735092163,-0.30826401710510254,0.0,1746191632.5774426
31.12369728088379,0.0,1.0,1605,12592,0.01378470379859209,1604,0.6643967032432556,2465280,0.008463541977107525,511.741932037,67.39274597167969,0.3215164244174957,-0.3004564046859741,0.0,1746191635.2402592
31.81640625,0.0,1.0,1616,12680,0.01830434426665306,1615,0.6643967032432556,2482176,0.0078125,514.990519269,67.39274597167969,0.33239492774009705,-0.31021732091903687,0.0,1746191638.4888208
31.40755271911621,0.0,1.0,1622,12728,0.015999697148799896,1621,0.6643967032432556,2491392,0.0078125,516.761625839,67.39274597167969,0.33000776171684265,-0.3078729212284088,0.0,1746191640.2599158
31.421875,0.02473958395421505,1.0,1623,12736,0.012212450616061687,1622,0.6643967032432556,2492928,0.009114583022892475,517.056862249,67.39274597167969,0.3550190329551697,-0.2925051748752594,0.0,1746191640.5551543
31.48046875,0.0,1.0,1624,12744,0.015827860683202744,1623,0.6643967032432556,2494464,0.0078125,517.3521204,67.39274597167969,0.31149646639823914,-0.3093684911727905,0.0,1746191640.850419
31.74869728088379,0.0,1.0,1649,12944,0.011143743991851807,1648,0.7630719542503357,2532864,0.0078125,524.797828367,73.0055923461914,0.3329114019870758,-0.30499833822250366,0.007462686393409967,1746191648.2961488
31.95572853088379,0.0,1.0,1650,12952,0.01254794280976057,1649,0.7630719542503357,2534400,0.009765625,525.093200563,73.0055923461914,0.33733153343200684,-0.32209494709968567,0.007462686393409967,1746191648.5914958
30.0859375,0.0,1.0,1665,13072,0.016083894297480583,1664,0.7630719542503357,2557440,0.0078125,529.525899396,73.0055923461914,0.3007933497428894,-0.3579201102256775,0.007462686393409967,1746191653.0242066
31.77474021911621,0.0,1.0,1667,13088,0.00998765416443348,1666,0.7630719542503357,2560512,0.0078125,530.116476613,73.0055923461914,0.3127707839012146,-0.3676524758338928,0.007462686393409967,1746191653.6147714
32.14453125,0.0,1.0,1677,13168,0.018127107992768288,1676,0.7630719542503357,2575872,0.009114583022892475,533.072131478,73.0055923461914,0.3389964699745178,-0.35534876585006714,0.007462686393409967,1746191656.5704286
29.81510353088379,0.0,1.0,1678,13176,0.01379617489874363,1677,0.7630719542503357,2577408,0.008463541977107525,533.367054476,73.0055923461914,0.3099330961704254,-0.35966092348098755,0.007462686393409967,1746191656.8653653
30.9375,0.0,1.0,1686,13240,0.009416557848453522,1685,0.7630719542503357,2589696,0.0078125,535.731014983,73.0055923461914,0.3227204382419586,-0.3532348573207855,0.007462686393409967,1746191659.2293224
29.77864646911621,0.0,1.0,1724,13544,0.017419079318642616,1723,0.7630719542503357,2648064,0.0078125,546.95512454,73.0055923461914,0.29043048620224,-0.36867690086364746,0.007462686393409967,1746191670.4534326
29.3671875,0.0377604179084301,1.0,1779,13984,0.02051110938191414,1778,0.7630719542503357,2732544,0.0078125,563.22251388,73.0055923461914,0.32673609256744385,-0.3650958836078644,0.007462686393409967,1746191686.7208133
28.75911521911621,0.0,1.0,1788,14056,0.011914139613509178,1787,0.7630719542503357,2746368,0.0078125,565.881175195,73.0055923461914,0.25418224930763245,-0.36014431715011597,0.007462686393409967,1746191689.3794725
29.28125,0.0,1.0,1811,14240,0.029249563813209534,1810,0.7630719542503357,2781696,0.0078125,572.674304236,73.0055923461914,0.2822343409061432,-0.37322455644607544,0.007462686393409967,1746191696.172606
29.14974021911621,0.0234375,1.0,1818,14296,0.01587500423192978,1817,0.7630719542503357,2792448,0.0078125,574.740088239,73.0055923461914,0.281583309173584,-0.3938376307487488,0.007462686393409967,1746191698.2383902
28.45182228088379,0.0481770820915699,1.0,1824,14344,0.019384747371077538,1823,0.7630719542503357,2801664,0.0078125,576.511730361,73.0055923461914,0.31405550241470337,-0.3811105489730835,0.007462686393409967,1746191700.0100334
27.69010353088379,0.02604166604578495,1.0,1833,14416,0.0321773886680603,1832,0.7630719542503357,2815488,0.0078125,579.170252914,73.0055923461914,0.2874904274940491,-0.37689685821533203,0.007462686393409967,1746191702.6685598
28.42578125,0.0,1.0,1872,14728,0.024202074855566025,1871,0.7630719542503357,2875392,0.0078125,590.695622121,73.0055923461914,0.2585276961326599,-0.3314058482646942,0.007462686393409967,1746191714.1939178
29.05859375,0.0,1.0,1885,14832,0.026259617879986763,1884,0.7630719542503357,2895360,0.008463541977107525,594.533223045,73.0055923461914,0.24245309829711914,-0.34364569187164307,0.007462686393409967,1746191718.031522
29.86458396911621,0.0,1.0,1886,14840,0.035777658224105835,1885,0.7630719542503357,2896896,0.0078125,594.828501214,73.0055923461914,0.276425302028656,-0.3374163508415222,0.007462686393409967,1746191718.3268042
30.25520896911621,0.0,1.0,1891,14880,0.02593698538839817,1890,0.7630719542503357,2904576,0.0078125,596.305469248,73.0055923461914,0.29218050837516785,-0.33742326498031616,0.007462686393409967,1746191719.8037617
30.36849021911621,0.0455729179084301,1.0,1930,15192,0.03490648791193962,1929,0.7630719542503357,2964480,0.0078125,607.826921002,73.0055923461914,0.33064836263656616,-0.32616087794303894,0.007462686393409967,1746191731.3252208
27.11328125,0.06640625,1.0,1942,15288,0.035022489726543427,1941,0.7630719542503357,2982912,0.0078125,611.370276507,73.0055923461914,0.32456937432289124,-0.3116413950920105,0.007462686393409967,1746191734.8685648
30.875,0.0,1.0,1947,15328,0.05970754474401474,1946,0.7630719542503357,2990592,0.0078125,612.847132615,73.0055923461914,0.30393660068511963,-0.3106529414653778,0.007462686393409967,1746191736.3454444
30.48177146911621,0.025390625,0.9999999403953552,1966,15480,0.02980356477200985,1965,0.7952837944030762,3019776,0.0078125,618.522023864,77.01707458496094,0.339029461145401,-0.31150710582733154,0.024667929857969284,1746191742.020323
31.18880271911621,0.0,0.9999999403953552,1990,15672,0.03802264854311943,1989,0.7952837944030762,3056640,0.0078125,625.620256823,77.01707458496094,0.30527251958847046,-0.3042280077934265,0.024667929857969284,1746191749.1185207
31.12630271911621,0.0,0.9999999403953552,2005,15792,0.0498056635260582,2004,0.7952837944030762,3079680,0.0078125,630.048686545,77.01707458496094,0.3113263249397278,-0.2825249433517456,0.024667929857969284,1746191753.5469987
27.03125,0.02278645895421505,0.9999999403953552,2007,15808,0.038490358740091324,2006,0.7952837944030762,3082752,0.008463541977107525,630.640361585,77.01707458496094,0.27631592750549316,-0.2808465361595154,0.024667929857969284,1746191754.138313
30.67708396911621,0.0,0.9999999403953552,2013,15856,0.0722610354423523,2012,0.7952837944030762,3091968,0.008463541977107525,632.412994281,77.01707458496094,0.2827794849872589,-0.29798370599746704,0.024667929857969284,1746191755.9113052
29.78515625,0.0,0.9999999403953552,2014,15864,0.05870781093835831,2013,0.7952837944030762,3093504,0.010416666977107525,632.70815647,77.01707458496094,0.2905694246292114,-0.28749382495880127,0.024667929857969284,1746191756.2064407
28.5546875,0.0234375,0.9999999403953552,2025,15952,0.06815415620803833,2024,0.7952837944030762,3110400,0.0078125,635.956040713,77.01707458496094,0.3021996021270752,-0.28183603286743164,0.024667929857969284,1746191759.4543447
27.26953125,0.0,0.9999999403953552,2040,16072,0.04680750519037247,2039,0.7952837944030762,3133440,0.0078125,640.390841592,77.01707458496094,0.2570772171020508,-0.2885320484638214,0.024667929857969284,1746191763.8891392
27.4140625,0.02734375,0.9999999403953552,2049,16144,0.06462237238883972,2048,0.7952837944030762,3147264,0.008463541977107525,643.048830429,77.01707458496094,0.29870572686195374,-0.2805800437927246,0.024667929857969284,1746191766.547105
28.65755271911621,0.0,0.9999999403953552,2066,16280,0.0712662935256958,2065,0.7952837944030762,3173376,0.0078125,648.06899365,77.01707458496094,0.26527947187423706,-0.33323681354522705,0.024667929857969284,1746191771.5672927
31.31900978088379,0.0,0.9999999403953552,2068,16296,0.06704850494861603,2067,0.7952837944030762,3176448,0.01171875,648.659910497,77.01707458496094,0.30586281418800354,-0.3625190258026123,0.024667929857969284,1746191772.1582296
29.14192771911621,0.0794270858168602,0.9999999403953552,2070,16312,0.04994175210595131,2069,0.7952837944030762,3179520,0.0078125,649.250480648,77.01707458496094,0.38193222880363464,-0.35916799306869507,0.024667929857969284,1746191772.7487783
28.3828125,0.02734375,0.9999999403953552,2076,16360,0.053383756428956985,2075,0.7952837944030762,3188736,0.0078125,651.021725714,77.01707458496094,0.303647518157959,-0.33997631072998047,0.024667929857969284,1746191774.5199993
26.60546875,0.0670572891831398,0.9999999403953552,2088,16456,0.06382489204406738,2087,0.7952837944030762,3207168,0.0078125,654.56477992,77.01707458496094,0.3278132975101471,-0.34607863426208496,0.024667929857969284,1746191778.063083
27.34765625,0.0,0.9999999403953552,2094,16504,0.05859226733446121,2093,0.7952837944030762,3216384,0.008463541977107525,656.33666788,77.01707458496094,0.2574426531791687,-0.3342486023902893,0.024667929857969284,1746191779.834958
28.45182228088379,0.0,0.9999999403953552,2105,16592,0.09520648419857025,2104,0.7952837944030762,3233280,0.0078125,659.587264567,77.01707458496094,0.25829681754112244,-0.30598607659339905,0.024667929857969284,1746191783.0855594
30.9453125,0.0,0.9999999403953552,2106,16600,0.1049618124961853,2105,0.7952837944030762,3234816,0.0078125,659.882769464,77.01707458496094,0.27548518776893616,-0.32906556129455566,0.024667929857969284,1746191783.3810668
28.60025978088379,0.0,0.9999999403953552,2120,16712,0.08451754599809647,2119,0.7952837944030762,3256320,0.0078125,664.021900034,77.01707458496094,0.2699044644832611,-0.31394505500793457,0.024667929857969284,1746191787.5201898
29.29817771911621,0.02213541604578495,0.9999999403953552,2126,16760,0.11133731156587601,2125,0.7952837944030762,3265536,0.0078125,665.794014743,77.01707458496094,0.3095363974571228,-0.34592634439468384,0.024667929857969284,1746191789.292317
31.21224021911621,0.0,0.9999999403953552,2157,17008,0.0905231162905693,2156,0.7952837944030762,3313152,0.0078125,674.94806077,77.01707458496094,0.30065447092056274,-0.3015551269054413,0.024667929857969284,1746191798.4463716
28.875,0.02018229104578495,0.9999999403953552,2172,17128,0.1259775161743164,2171,0.7952837944030762,3336192,0.0078125,679.398849536,77.01707458496094,0.3127482235431671,-0.3138761520385742,0.024667929857969284,1746191802.8971622
28.52474021911621,0.0442708320915699,0.9999999403953552,2184,17224,0.09678256511688232,2183,0.7952837944030762,3354624,0.0078125,682.942833499,77.01707458496094,0.3278115689754486,-0.3052927255630493,0.024667929857969284,1746191806.4411285
28.71614646911621,0.02473958395421505,0.9999999403953552,2190,17272,0.19044215977191925,2189,0.7952837944030762,3363840,0.0078125,684.715254256,77.01707458496094,0.3169955909252167,-0.2962765693664551,0.024667929857969284,1746191808.2135363
25.59375,0.0696614608168602,0.9999999403953552,2204,17384,0.0859902873635292,2203,0.7952837944030762,3385344,0.0078125,688.847826285,77.01707458496094,0.32165881991386414,-0.3177388906478882,0.024667929857969284,1746191812.346109
26.26822853088379,0.0748697891831398,0.9999999403953552,2234,17624,0.10196204483509064,2233,0.7952837944030762,3431424,0.0078125,697.710026901,77.01707458496094,0.3369695544242859,-0.29828253388404846,0.024667929857969284,1746191821.2083287
25.79427146911621,0.0436197929084301,0.9999999403953552,2255,17792,0.10283248126506805,2254,0.7952837944030762,3463680,0.0078125,703.910506449,77.01707458496094,0.2897855341434479,-0.2463447004556656,0.024667929857969284,1746191827.408811
27.62630271911621,0.0774739608168602,0.9999999403953552,2260,17832,0.14184126257896423,2259,0.7952837944030762,3471360,0.0078125,705.386252088,77.01707458496094,0.3494322597980499,-0.29638755321502686,0.024667929857969284,1746191828.8845513
29.61458396911621,0.0,1.0,2277,17968,0.10757794231176376,2276,1.2250025272369385,3497472,0.0078125,710.474816462,88.849609375,0.27855029702186584,-0.26026490330696106,0.310546875,1746191833.9731286
28.82291603088379,0.029296875,1.0,2279,17984,0.11898931115865707,2278,1.2250025272369385,3500544,0.0078125,711.06745448,88.849609375,0.3038879632949829,-0.2964766025543213,0.310546875,1746191834.5657065
27.66927146911621,0.1204427108168602,1.0,2317,18288,0.1287916898727417,2316,1.2250025272369385,3558912,0.0078125,722.302343396,88.849609375,0.37791141867637634,-0.25730305910110474,0.310546875,1746191845.8005881
26.41275978088379,0.02669270895421505,1.0,2337,18448,0.09586051106452942,2336,1.2250025272369385,3589632,0.0078125,728.208951003,88.849609375,0.28151124715805054,-0.30404824018478394,0.310546875,1746191851.7071726
27.51432228088379,0.05078125,1.0,2359,18624,0.10641942918300629,2358,1.2250025272369385,3623424,0.0078125,734.712383442,88.849609375,0.33276036381721497,-0.3235994279384613,0.310546875,1746191858.2106655
28.12760353088379,0.1282552033662796,1.0,2400,18952,0.1453409194946289,2399,1.2250025272369385,3686400,0.0078125,746.818152486,88.849609375,0.4030025601387024,-0.2445203810930252,0.310546875,1746191870.3164577
25.93880271911621,0.0436197929084301,1.0,2401,18960,0.1398368626832962,2400,1.2250025272369385,3687936,0.0078125,747.113313384,88.849609375,0.29858413338661194,-0.2501509189605713,0.310546875,1746191870.6116061
27.37760353088379,0.0891927108168602,1.0,2403,18976,0.1556265950202942,2402,1.2250025272369385,3691008,0.0078125,747.704065985,88.849609375,0.3642655909061432,-0.30392158031463623,0.310546875,1746191871.2023754
27.54947853088379,0.0442708320915699,1.0,2404,18984,0.1344311237335205,2403,1.2250025272369385,3692544,0.0078125,747.999567046,88.849609375,0.31892791390419006,-0.2866821587085724,0.310546875,1746191871.4978669
26.60025978088379,0.103515625,1.0,2407,19008,0.12056255340576172,2406,1.2250025272369385,3697152,0.0078125,748.885471048,88.849609375,0.371627539396286,-0.2879739999771118,0.310546875,1746191872.3837547
26.08333396911621,0.1471354216337204,1.0,2409,19024,0.1159190833568573,2408,1.2250025272369385,3700224,0.0078125,749.476381206,88.849609375,0.4110589623451233,-0.2838039994239807,0.310546875,1746191872.9746733
26.54947853088379,0.123046875,1.0,2432,19208,0.1400451511144638,2431,1.2250025272369385,3735552,0.0078125,756.272804461,88.849609375,0.39051035046577454,-0.26420748233795166,0.310546875,1746191879.77111
27.82942771911621,0.0852864608168602,1.0,2483,19616,0.14396563172340393,2482,1.2250025272369385,3813888,0.0078125,771.341603644,88.849609375,0.3678567111492157,-0.34602993726730347,0.310546875,1746191894.839897
26.25520896911621,0.2161458283662796,1.0,2488,19656,0.14649303257465363,2487,1.2250025272369385,3821568,0.0078125,772.818281412,88.849609375,0.4908992350101471,-0.3459858298301697,0.310546875,1746191896.3165753
26.39322853088379,0.1341145783662796,1.0,2494,19704,0.12338341027498245,2493,1.2250025272369385,3830784,0.0078125,774.589927083,88.849609375,0.4055476784706116,-0.33127692341804504,0.310546875,1746191898.088064
26.67057228088379,0.189453125,1.0,2518,19896,0.13619478046894073,2517,1.2250025272369385,3867648,0.0078125,781.682179041,88.849609375,0.4800936281681061,-0.3420088291168213,0.310546875,1746191905.1804652
27.03385353088379,0.19140625,1.0,2549,20144,0.13518784940242767,2548,1.2250025272369385,3915264,0.0078125,790.841437913,88.849609375,0.4717421531677246,-0.4082423448562622,0.310546875,1746191914.3397295
27.06640625,0.2037760466337204,1.0,2568,20296,0.1617666780948639,2567,1.2250025272369385,3944448,0.0078125,796.452669995,88.849609375,0.48944786190986633,-0.37343236804008484,0.310546875,1746191919.950969
26.18619728088379,0.1328125,1.0,2605,20592,0.1901891678571701,2604,1.3181973695755005,4001280,0.0078125,807.442674908,87.26004028320312,0.39909628033638,-0.4353974461555481,0.4416826069355011,1746191930.9409616
26.41015625,0.07421875,1.0,2619,20704,0.1802344173192978,2618,1.3181973695755005,4022784,0.0078125,811.60166175,87.26004028320312,0.3302213251590729,-0.4487472176551819,0.4416826069355011,1746191935.099957
27.06380271911621,0.1171875,1.0,2627,20768,0.17693231999874115,2626,1.3181973695755005,4035072,0.0078125,813.965113053,87.26004028320312,0.38457199931144714,-0.39589935541152954,0.4416826069355011,1746191937.463417
27.00911521911621,0.1373697966337204,1.0,2636,20840,0.2023085653781891,2635,1.3181973695755005,4048896,0.0078125,816.62217344,87.26004028320312,0.40043744444847107,-0.3659633696079254,0.4416826069355011,1746191940.1204762
25.67447853088379,0.14453125,1.0,2648,20936,0.182152658700943,2647,1.3181973695755005,4067328,0.0078125,820.165736837,87.26004028320312,0.4040320813655853,-0.35251718759536743,0.4416826069355011,1746191943.664029
26.28385353088379,0.1588541716337204,1.0,2668,21096,0.20245510339736938,2667,1.3181973695755005,4098048,0.0078125,826.073886723,87.26004028320312,0.4329886734485626,-0.36718377470970154,0.4416826069355011,1746191949.5721612
25.65755271911621,0.1477864533662796,1.0,2669,21104,0.1797522008419037,2668,1.3181973695755005,4099584,0.0078125,826.369287961,87.26004028320312,0.4048367738723755,-0.38297563791275024,0.4416826069355011,1746191949.8675714
26.72916603088379,0.2024739533662796,1.0,2674,21144,0.23418885469436646,2673,1.3181973695755005,4107264,0.0078125,827.84582137,87.26004028320312,0.4906049966812134,-0.4105052649974823,0.4416826069355011,1746191951.3440945
26.42057228088379,0.072265625,1.0,2682,21208,0.1780099868774414,2681,1.3181973695755005,4119552,0.0078125,830.207151917,87.26004028320312,0.33376991748809814,-0.4202967882156372,0.4416826069355011,1746191953.7054558
26.12890625,0.1536458283662796,1.0,2687,21248,0.17242932319641113,2686,1.3181973695755005,4127232,0.0078125,831.688573873,87.26004028320312,0.42447736859321594,-0.42765945196151733,0.4416826069355011,1746191955.1868587
25.49869728088379,0.0475260429084301,1.0,2698,21336,0.2164982408285141,2697,1.3181973695755005,4144128,0.0078125,834.935878571,87.26004028320312,0.27894702553749084,-0.43766093254089355,0.4416826069355011,1746191958.4341667
26.63411521911621,0.0748697891831398,1.0,2708,21416,0.2032216489315033,2707,1.3181973695755005,4159488,0.0078125,837.889519294,87.26004028320312,0.33252599835395813,-0.40805116295814514,0.4416826069355011,1746191961.38781
27.77864646911621,0.0807291641831398,1.0,2720,21512,0.19713276624679565,2719,1.3181973695755005,4177920,0.0078125,841.436433442,87.26004028320312,0.3653905689716339,-0.38643863797187805,0.4416826069355011,1746191964.9347408
27.26953125,0.1243489608168602,1.0,2731,21600,0.22543670237064362,2730,1.3181973695755005,4194816,0.0078125,844.686216583,87.26004028320312,0.38010498881340027,-0.41833290457725525,0.4416826069355011,1746191968.1845021
27.40885353088379,0.103515625,1.0,2733,21616,0.19550186395645142,2732,1.3181973695755005,4197888,0.0078125,845.276385032,87.26004028320312,0.38668134808540344,-0.4416895806789398,0.4416826069355011,1746191968.7746873
25.72525978088379,0.1712239533662796,1.0,2734,21624,0.200310617685318,2733,1.3181973695755005,4199424,0.0078125,845.57175396,87.26004028320312,0.43347302079200745,-0.4417992830276489,0.4416826069355011,1746191969.0700521
26.38541603088379,0.1256510466337204,1.0,2743,21696,0.27490830421447754,2742,1.3181973695755005,4213248,0.0078125,848.227668601,87.26004028320312,0.3866666257381439,-0.4430222809314728,0.4416826069355011,1746191971.72596
26.95703125,0.080078125,1.0,2763,21856,0.2416604459285736,2762,1.3181973695755005,4243968,0.0078125,854.133596459,87.26004028320312,0.3364253044128418,-0.5128328204154968,0.4416826069355011,1746191977.6318967
27.890625,0.0553385429084301,1.0,2771,21920,0.2598017454147339,2770,1.3181973695755005,4256256,0.0078125,856.50059808,87.26004028320312,0.3291197419166565,-0.41867464780807495,0.4416826069355011,1746191979.9988635
26.79166603088379,0.1302083283662796,1.0,2801,22160,0.23389311134815216,2800,1.3181973695755005,4302336,0.0078125,865.358427859,87.26004028320312,0.40303555130958557,-0.4286062717437744,0.4416826069355011,1746191988.8567235
26.63932228088379,0.1497395783662796,1.0,2807,22208,0.27337491512298584,2806,1.3181973695755005,4311552,0.0078125,867.130105105,87.26004028320312,0.42126989364624023,-0.4436933398246765,0.4416826069355011,1746191990.6284
26.71744728088379,0.1458333283662796,1.0,2859,22624,0.24159149825572968,2858,1.3181973695755005,4391424,0.0078125,882.494777956,87.26004028320312,0.4208358824253082,-0.4360871911048889,0.4416826069355011,1746192005.9930627
26.21224021911621,0.1354166716337204,1.0,2876,22760,0.21445155143737793,2875,1.3181973695755005,4417536,0.0078125,887.516722248,87.26004028320312,0.38622739911079407,-0.5840765237808228,0.4416826069355011,1746192011.0150166
26.35416603088379,0.2454427033662796,1.0,2899,22944,0.20110929012298584,2898,1.3181973695755005,4452864,0.0078125,894.313094312,87.26004028320312,0.5286492109298706,-0.43453365564346313,0.4416826069355011,1746192017.8114047
26.6640625,0.2486979216337204,1.0,2921,23120,0.22528916597366333,2920,1.3181973695755005,4486656,0.0078125,900.811609949,87.26004028320312,0.5350390672683716,-0.380652517080307,0.4416826069355011,1746192024.3099017
26.76041603088379,0.201171875,1.0,2952,23368,0.17733146250247955,2951,1.5956170558929443,4534272,0.0078125,910.036086373,92.056640625,0.4858211576938629,-0.44739875197410583,0.658203125,1746192033.5343955
26.390625,0.2421875,1.0,2954,23384,0.19793611764907837,2953,1.5956170558929443,4537344,0.0078125,910.62962971,92.056640625,0.5223159193992615,-0.4566195011138916,0.658203125,1746192034.1279228
25.5,0.1940104216337204,1.0,2977,23568,0.17807143926620483,2976,1.5956170558929443,4572672,0.0078125,917.425202414,92.056640625,0.4575980603694916,-0.42502361536026,0.658203125,1746192040.9235125
26.06119728088379,0.2643229067325592,1.0,2978,23576,0.19868230819702148,2977,1.5956170558929443,4574208,0.0078125,917.720270474,92.056640625,0.5467048287391663,-0.4225420355796814,0.658203125,1746192041.2185605
26.08333396911621,0.126953125,1.0,2986,23640,0.1787235140800476,2985,1.5956170558929443,4586496,0.0078125,920.082566602,92.056640625,0.39602771401405334,-0.4036087989807129,0.658203125,1746192043.580859
27.29296875,0.1458333283662796,1.0,2995,23712,0.2007383108139038,2994,1.5956170558929443,4600320,0.0078125,922.743904237,92.056640625,0.43365538120269775,-0.41749662160873413,0.658203125,1746192046.2422054
24.8125,0.1614583283662796,1.0,3016,23880,0.19508489966392517,3015,1.5956170558929443,4632576,0.0078125,928.945960495,92.056640625,0.4196310043334961,-0.41514211893081665,0.658203125,1746192052.444261
26.29427146911621,0.2513020932674408,1.0,3028,23976,0.31624242663383484,3027,1.5956170558929443,4651008,0.0078125,932.497445138,92.056640625,0.5371423363685608,-0.4656364321708679,0.658203125,1746192055.9957497
27.72005271911621,0.2877604067325592,1.0,3036,24040,0.3442133069038391,3035,1.5956170558929443,4663296,0.0078125,934.859219241,92.056640625,0.597714364528656,-0.4998266398906708,0.658203125,1746192058.3575306
26.5,0.234375,1.0,3075,24352,0.30109670758247375,3074,1.5956170558929443,4723200,0.0078125,946.397857222,92.056640625,0.5212429761886597,-0.5182961225509644,0.658203125,1746192069.8961403
26.56119728088379,0.2532552182674408,1.0,3084,24424,0.25397127866744995,3083,1.5956170558929443,4737024,0.0078125,949.054668676,92.056640625,0.5368402600288391,-0.5803197622299194,0.658203125,1746192072.5529695
27.27734375,0.302734375,1.0,3113,24656,0.23863068222999573,3112,1.5956170558929443,4781568,0.0078125,957.624423519,92.056640625,0.6054686307907104,-0.5839993357658386,0.658203125,1746192081.1227186
25.82161521911621,0.1998697966337204,1.0,3132,24808,0.17948973178863525,3131,1.5956170558929443,4810752,0.0078125,963.243849098,92.056640625,0.46610063314437866,-0.6078042984008789,0.658203125,1746192086.7421563
26.22265625,0.2493489533662796,1.0,3136,24840,0.16854259371757507,3135,1.5956170558929443,4816896,0.0078125,964.4251974,92.056640625,0.5341839790344238,-0.6044122576713562,0.658203125,1746192087.9234908
27.47395896911621,0.2845052182674408,1.0,3149,24944,0.2144307792186737,3148,1.5956170558929443,4836864,0.0078125,968.264193086,92.056640625,0.5873228907585144,-0.5944833755493164,0.658203125,1746192091.762495
26.63932228088379,0.234375,1.0,3151,24960,0.1991523802280426,3150,1.5956170558929443,4839936,0.0078125,968.85525279,92.056640625,0.5106596946716309,-0.607466459274292,0.658203125,1746192092.3535419
27.02994728088379,0.2578125,1.0,3183,25216,0.17541372776031494,3182,1.5956170558929443,4889088,0.0078125,978.312259682,92.056640625,0.5532464981079102,-0.6013317704200745,0.658203125,1746192101.810534
26.83333396911621,0.2643229067325592,1.0,3200,25352,0.20059466361999512,3199,1.5956170558929443,4915200,0.0078125,983.335735598,92.056640625,0.5460641980171204,-0.5340894460678101,0.658203125,1746192106.8340282
25.66015625,0.2083333283662796,1.0,3206,25400,0.16215895116329193,3205,1.5956170558929443,4924416,0.008463541977107525,985.107727138,92.056640625,0.4583497643470764,-0.5867591500282288,0.658203125,1746192108.6059942
26.87369728088379,0.2272135466337204,1.0,3224,25544,0.18474748730659485,3223,1.5956170558929443,4952064,0.0078125,990.425020911,92.056640625,0.511742115020752,-0.6361594200134277,0.658203125,1746192113.9232545
25.92317771911621,0.26171875,1.0,3232,25608,0.20776012539863586,3231,1.5956170558929443,4964352,0.0078125,992.788976355,92.056640625,0.541180431842804,-0.6344915628433228,0.658203125,1746192116.2872727
26.36588478088379,0.2259114533662796,1.0,3235,25632,0.1643516570329666,3234,1.5956170558929443,4968960,0.0078125,993.6744884,92.056640625,0.50171959400177,-0.6230956315994263,0.658203125,1746192117.172775
25.59635353088379,0.2552083432674408,1.0,3237,25648,0.18310704827308655,3236,1.5956170558929443,4972032,0.0078125,994.265477323,92.056640625,0.5268958210945129,-0.6621731519699097,0.658203125,1746192117.7637668
25.37760353088379,0.2350260466337204,1.0,3245,25712,0.19785594940185547,3244,1.5956170558929443,4984320,0.0078125,996.627826092,92.056640625,0.5055381655693054,-0.5887856483459473,0.658203125,1746192120.1261196
25.42057228088379,0.234375,1.0,3264,25864,0.15907779335975647,3263,1.8666038513183594,5013504,0.0078125,1002.304266642,89.8671875,0.5036041140556335,-0.48300042748451233,0.884765625,1746192125.80256
25.80989646911621,0.2376302033662796,1.0,3284,26024,0.17890597879886627,3283,1.8666038513183594,5044224,0.0078125,1008.218348108,89.8671875,0.5146032571792603,-0.39736175537109375,0.884765625,1746192131.7166364
26.77734375,0.2747395932674408,1.0,3294,26104,0.1525956094264984,3293,1.8666038513183594,5059584,0.0078125,1011.172333154,89.8671875,0.5681509971618652,-0.3897620737552643,0.884765625,1746192134.670644
26.04296875,0.2278645783662796,1.0,3337,26448,0.1450822502374649,3336,1.8666038513183594,5125632,0.0078125,1023.872146523,89.8671875,0.5054999589920044,-0.4643271565437317,0.884765625,1746192147.3704574
25.80078125,0.1608072966337204,1.0,3339,26464,0.11477906256914139,3338,1.8666038513183594,5128704,0.0078125,1024.463318904,89.8671875,0.4066605567932129,-0.44779157638549805,0.884765625,1746192147.961597
26.82161521911621,0.2623697817325592,1.0,3340,26472,0.13406622409820557,3339,1.8666038513183594,5130240,0.0078125,1024.758586792,89.8671875,0.54782634973526,-0.4536585807800293,0.884765625,1746192148.256872
26.23697853088379,0.2174479216337204,1.0,3342,26488,0.14877256751060486,3341,1.8666038513183594,5133312,0.0078125,1025.349243639,89.8671875,0.49389925599098206,-0.47731083631515503,0.884765625,1746192148.8475168
26.89322853088379,0.2955729067325592,1.0,3343,26496,0.15928223729133606,3342,1.8666038513183594,5134848,0.0078125,1025.644671329,89.8671875,0.5911457538604736,-0.4474935233592987,0.884765625,1746192149.1429543
25.765625,0.2408854216337204,1.0,3369,26704,0.12061328440904617,3368,1.8666038513183594,5174784,0.0078125,1033.323009471,89.8671875,0.5178888440132141,-0.35393643379211426,0.884765625,1746192156.8213317
26.12630271911621,0.2643229067325592,1.0,3412,27048,0.14930005371570587,3411,1.8666038513183594,5240832,0.0078125,1046.027529332,89.8671875,0.5441526770591736,-0.28492724895477295,0.884765625,1746192169.5258183
26.12890625,0.2473958283662796,1.0,3422,27128,0.11955985426902771,3421,1.8666038513183594,5256192,0.0078125,1048.979570846,89.8671875,0.528381884098053,-0.3160513639450073,0.884765625,1746192172.477863
26.57161521911621,0.2727864682674408,1.0,3437,27248,0.13505344092845917,3436,1.8666038513183594,5279232,0.0078125,1053.410423923,89.8671875,0.5626839399337769,-0.29663223028182983,0.884765625,1746192176.908706
24.9609375,0.2454427033662796,1.0,3458,27416,0.14117367565631866,3457,1.8666038513183594,5311488,0.0078125,1059.620391126,89.8671875,0.5070486068725586,-0.21974654495716095,0.884765625,1746192183.1186733
26.00130271911621,0.2799479067325592,1.0,3484,27624,0.10369739681482315,3483,1.8666038513183594,5351424,0.0078125,1067.302386767,89.8671875,0.5598957538604736,-0.21244576573371887,0.884765625,1746192190.80066
25.90885353088379,0.2779947817325592,1.0,3502,27768,0.08630896359682083,3501,1.8666038513183594,5379072,0.0078125,1072.641206973,89.8671875,0.5559895038604736,-0.19294987618923187,0.884765625,1746192196.1395133
25.64583396911621,0.255859375,1.0,3511,27840,0.1375604271888733,3510,1.8666038513183594,5392896,0.0078125,1075.303280892,89.8671875,0.529461681842804,-0.21732087433338165,0.884765625,1746192198.8015797
25.72525978088379,0.2571614682674408,1.0,3537,28048,0.08117496967315674,3536,1.8666038513183594,5432832,0.0078125,1082.980725235,89.8671875,0.531749963760376,-0.11110980808734894,0.884765625,1746192206.479033
24.75650978088379,0.2408854216337204,1.0,3540,28072,0.12150510400533676,3539,1.8666038513183594,5437440,0.0078125,1083.866714401,89.8671875,0.4991978704929352,-0.1416005939245224,0.884765625,1746192207.365022
25.72916603088379,0.2571614682674408,1.0,3555,28192,0.07871504873037338,3554,1.8666038513183594,5460480,0.0078125,1088.295801673,89.8671875,0.5323818922042847,-0.16006587445735931,0.884765625,1746192211.794093
26.78775978088379,0.2936197817325592,1.0,3560,28232,0.10607798397541046,3559,1.8666038513183594,5468160,0.0078125,1089.771643476,89.8671875,0.5872395038604736,-0.15827372670173645,0.884765625,1746192213.2699244
24.97916603088379,0.2272135466337204,1.0,3572,28328,0.1041737049818039,3571,1.8666038513183594,5486592,0.0078125,1093.322313046,89.8671875,0.48864927887916565,-0.061791785061359406,0.884765625,1746192216.820608
23.52864646911621,0.2213541716337204,1.0,3598,28536,0.07661780714988708,3597,1.9335856437683105,5526528,0.0078125,1101.066737432,93.931640625,0.46076732873916626,-0.10383817553520203,0.9375,1746192224.5650158
25.89453125,0.2298177033662796,1.0,3612,28648,0.09207212924957275,3611,1.9335856437683105,5548032,0.0078125,1105.207766605,93.931640625,0.4944469630718231,-0.046848613768815994,0.9375,1746192228.70606
25.81510353088379,0.259765625,1.0,3634,28824,0.08523517847061157,3633,1.9335856437683105,5581824,0.0078125,1111.707411044,93.931640625,0.53664231300354,-0.0896134302020073,0.9375,1746192235.2056997
25.55599021911621,0.2545572817325592,1.0,3654,28984,0.09549857676029205,3653,1.9335856437683105,5612544,0.0078125,1117.614027277,93.931640625,0.5271735787391663,-0.18178945779800415,0.9375,1746192241.1123242
24.40755271911621,0.19921875,1.0,3660,29032,0.10319840162992477,3659,1.9335856437683105,5621760,0.0078125,1119.384995655,93.931640625,0.4508323669433594,-0.22814127802848816,0.9375,1746192242.8832846
26.04296875,0.2571614682674408,1.0,3670,29112,0.08528228104114532,3669,1.9335856437683105,5637120,0.0078125,1122.343201003,93.931640625,0.5323089361190796,-0.2149783968925476,0.9375,1746192245.8414927
25.765625,0.2109375,1.0,3674,29144,0.10565981268882751,3673,1.9335856437683105,5643264,0.0078125,1123.523750994,93.931640625,0.4786423146724701,-0.2310192883014679,0.9375,1746192247.022047
26.03125,0.1751302033662796,1.0,3675,29152,0.06627239286899567,3674,1.9335856437683105,5644800,0.0078125,1123.818858668,93.931640625,0.4449044466018677,-0.19721907377243042,0.9375,1746192247.3171608
25.96744728088379,0.240234375,1.0,3678,29176,0.08069056272506714,3677,1.9335856437683105,5649408,0.0078125,1124.704452682,93.931640625,0.5200728178024292,-0.1917385309934616,0.9375,1746192248.2027364
26.20442771911621,0.265625,1.0,3688,29256,0.08409057557582855,3687,1.9335856437683105,5664768,0.0078125,1127.658257997,93.931640625,0.5493090152740479,-0.21911638975143433,0.9375,1746192251.1565466
26.578125,0.1744791716337204,1.0,3693,29296,0.09243406355381012,3692,1.9335856437683105,5672448,0.0078125,1129.134720252,93.931640625,0.44660064578056335,-0.2527869939804077,0.9375,1746192252.6330078
24.63802146911621,0.181640625,1.0,3705,29392,0.07422250509262085,3704,1.9335856437683105,5690880,0.0078125,1132.677165998,93.931640625,0.4273723363876343,-0.25482648611068726,0.9375,1746192256.175484
26.94661521911621,0.2473958283662796,1.0,3735,29632,0.07355284690856934,3734,1.9335856437683105,5736960,0.0078125,1141.540376083,93.931640625,0.5379643440246582,-0.20520398020744324,0.9375,1746192265.038662
25.70963478088379,0.2369791716337204,1.0,3736,29640,0.07088126987218857,3735,1.9335856437683105,5738496,0.0078125,1141.835722237,93.931640625,0.5092195272445679,-0.22209227085113525,0.9375,1746192265.3340087
26.91275978088379,0.2962239682674408,1.0,3775,29952,0.06290854513645172,3774,1.9335856437683105,5798400,0.0078125,1153.358278989,93.931640625,0.592447817325592,-0.16427187621593475,0.9375,1746192276.856582
25.91145896911621,0.2122395783662796,1.0,3784,30024,0.08688172698020935,3783,1.9335856437683105,5812224,0.0078125,1156.016828499,93.931640625,0.4844409227371216,-0.1521664410829544,0.9375,1746192279.5151293
26.81900978088379,0.2415364533662796,1.0,3791,30080,0.07139892876148224,3790,1.9335856437683105,5822976,0.0078125,1158.08449449,93.931640625,0.5183263421058655,-0.16485874354839325,0.9375,1746192281.58277
25.60807228088379,0.255859375,1.0,3792,30088,0.08396665006875992,3791,1.9335856437683105,5824512,0.0078125,1158.379905157,93.931640625,0.5297777652740479,-0.16822092235088348,0.9375,1746192281.8782165
26.02083396911621,0.25,1.0,3797,30128,0.09036192297935486,3796,1.9335856437683105,5832192,0.0078125,1159.855241474,93.931640625,0.5204530358314514,-0.2289046347141266,0.9375,1746192283.3535488
27.328125,0.0416666679084301,1.0,3798,30136,0.11451137065887451,3797,1.9335856437683105,5833728,0.0078125,1160.150398211,93.931640625,0.2755034267902374,-0.22650712728500366,0.9375,1746192283.6486843
24.4140625,0.1809895783662796,1.0,3856,30600,0.08056830614805222,3855,1.9335856437683105,5922816,0.0078125,1177.285162139,93.931640625,0.4286753237247467,-0.15324361622333527,0.9375,1746192300.7834675
26.34505271911621,0.2682291567325592,1.0,3866,30680,0.08192097395658493,3865,1.9335856437683105,5938176,0.0078125,1180.237799076,93.931640625,0.5499235391616821,-0.172587588429451,0.9375,1746192303.7361014
25.91536521911621,0.193359375,1.0,3875,30752,0.06316954642534256,3874,1.9335856437683105,5952000,0.0078125,1182.902057664,93.931640625,0.46749210357666016,-0.13629202544689178,0.9375,1746192306.4003668
26.546875,0.2486979216337204,1.0,3876,30760,0.06770315021276474,3875,1.9335856437683105,5953536,0.0078125,1183.197410722,93.931640625,0.5301631093025208,-0.13650524616241455,0.9375,1746192306.695699
27.4140625,0.2747395932674408,1.0,3878,30776,0.07156411558389664,3877,1.9335856437683105,5956608,0.0078125,1183.787809967,93.931640625,0.5732985734939575,-0.13186806440353394,0.9375,1746192307.2861013
26.6875,0.2923177182674408,1.0,3882,30808,0.06463157385587692,3881,1.9335856437683105,5962752,0.0078125,1184.968737473,93.931640625,0.584635317325592,-0.12132120877504349,0.9375,1746192308.4670293
25.93489646911621,0.244140625,1.0,3913,31056,0.07021360844373703,3912,1.9340308904647827,6010368,0.0078125,1194.186960085,90.802734375,0.5213853716850281,-0.15078666806221008,0.94140625,1746192317.6852577
25.56900978088379,0.236328125,1.0,3914,31064,0.06699247658252716,3913,1.9340308904647827,6011904,0.0078125,1194.48194846,90.802734375,0.5055234432220459,-0.15332485735416412,0.94140625,1746192317.9802508
25.875,0.2122395783662796,1.0,3920,31112,0.07750147581100464,3919,1.9340308904647827,6021120,0.0078125,1196.252918334,90.802734375,0.47909632325172424,-0.15736770629882812,0.94140625,1746192319.7512233
25.65625,0.212890625,1.0,3926,31160,0.07310359179973602,3925,1.9340308904647827,6030336,0.0078125,1198.045907629,90.802734375,0.4817447066307068,-0.17339149117469788,0.94140625,1746192321.5442195
24.97135353088379,0.2272135466337204,1.0,3936,31240,0.07850144058465958,3935,1.9340308904647827,6045696,0.0078125,1201.007577245,90.802734375,0.48643743991851807,-0.1728319674730301,0.94140625,1746192324.505871
25.88150978088379,0.2239583283662796,1.0,3947,31328,0.06473332643508911,3946,1.9340308904647827,6062592,0.0078125,1204.255511264,90.802734375,0.4899252951145172,-0.1334518939256668,0.94140625,1746192327.7538035
27.00650978088379,0.2552083432674408,1.0,3963,31456,0.07484245300292969,3962,1.9340308904647827,6087168,0.0078125,1208.979385715,90.802734375,0.5492282509803772,-0.10392366349697113,0.94140625,1746192332.477691
26.6796875,0.2408854216337204,1.0,3965,31472,0.06509902328252792,3964,1.9340308904647827,6090240,0.0078125,1209.570138701,90.802734375,0.5327881574630737,-0.13425713777542114,0.94140625,1746192333.0684373
24.515625,0.1751302033662796,1.0,3966,31480,0.06963495165109634,3965,1.9340308904647827,6091776,0.0078125,1209.865525188,90.802734375,0.4233523905277252,-0.12189743667840958,0.94140625,1746192333.3638163
26.94010353088379,0.296875,1.0,3988,31656,0.08237194269895554,3987,1.9340308904647827,6125568,0.0078125,1216.36899557,90.802734375,0.5937498807907104,-0.1488855481147766,0.94140625,1746192339.8673007
26.11979103088379,0.2649739682674408,1.0,4007,31808,0.06187627092003822,4006,1.9340308904647827,6154752,0.0078125,1221.98272333,90.802734375,0.5470589399337769,-0.0809754878282547,0.94140625,1746192345.481035
25.55338478088379,0.2024739533662796,1.0,4008,31816,0.06340958178043365,4007,1.9340308904647827,6156288,0.0078125,1222.278079801,90.802734375,0.4693662226200104,-0.07110600918531418,0.94140625,1746192345.7763803
26.77864646911621,0.2493489533662796,1.0,4018,31896,0.06604448705911636,4017,1.9340308904647827,6171648,0.0078125,1225.231277681,90.802734375,0.5397186875343323,-0.13049089908599854,0.94140625,1746192348.7295575
27.93619728088379,0.3170572817325592,1.0,4022,31928,0.04971029609441757,4021,1.9340308904647827,6177792,0.0078125,1226.412090615,90.802734375,0.6341145038604736,-0.08060988783836365,0.94140625,1746192349.9103997
27.015625,0.2649739682674408,1.0,4033,32016,0.05840764567255974,4032,1.9340308904647827,6194688,0.0078125,1229.661113411,90.802734375,0.562420129776001,-0.21611769497394562,0.94140625,1746192353.1594176
26.66536521911621,0.2337239533662796,1.0,4037,32048,0.0668942853808403,4036,1.9340308904647827,6200832,0.0078125,1230.843643188,90.802734375,0.5230381488800049,-0.2232632339000702,0.94140625,1746192354.3419333
27.80078125,0.3151041567325592,1.0,4039,32064,0.07366228103637695,4038,1.9340308904647827,6203904,0.0078125,1231.43386449,90.802734375,0.6302082538604736,-0.1422327160835266,0.94140625,1746192354.9321659
26.91536521911621,0.2643229067325592,1.0,4042,32088,0.07364419102668762,4041,1.9340308904647827,6208512,0.0078125,1232.321957074,90.802734375,0.5638158917427063,-0.12817654013633728,0.94140625,1746192355.8202636
27.87369728088379,0.31640625,1.0,4062,32248,0.055239491164684296,4061,1.9340308904647827,6239232,0.0078125,1238.228806062,90.802734375,0.6328123807907104,-0.12355197221040726,0.94140625,1746192361.727081
25.72395896911621,0.2578125,1.0,4067,32288,0.045530810952186584,4066,1.9340308904647827,6246912,0.0078125,1239.705882589,90.802734375,0.5336840152740479,-0.12741492688655853,0.94140625,1746192363.2041836
26.36458396911621,0.2669270932674408,1.0,4080,32392,0.06770399957895279,4079,1.9340308904647827,6266880,0.0078125,1243.544238509,90.802734375,0.5522603988647461,-0.18087682127952576,0.94140625,1746192367.0425243
25.73046875,0.2584635317325592,1.0,4089,32464,0.06917361170053482,4088,1.9340308904647827,6280704,0.0078125,1246.203502287,90.802734375,0.5308541059494019,-0.1269606649875641,0.94140625,1746192369.7018013
27.03645896911621,0.283203125,1.0,4093,32496,0.05434649437665939,4092,1.9340308904647827,6286848,0.0078125,1247.384678797,90.802734375,0.5841492414474487,-0.14188365638256073,0.94140625,1746192370.8829687
26.17317771911621,0.2669270932674408,1.0,4142,32888,0.06576529145240784,4141,1.9340308904647827,6362112,0.0078125,1261.860644745,90.802734375,0.5515971779823303,-0.2302086502313614,0.94140625,1746192385.358929
26.68489646911621,0.2760416567325592,1.0,4145,32912,0.052693113684654236,4144,1.9340308904647827,6366720,0.0078125,1262.746856835,90.802734375,0.5695103406906128,-0.2109001874923706,0.94140625,1746192386.245148
26.27083396911621,0.2532552182674408,1.0,4166,33080,0.06301847845315933,4165,1.9340308904647827,6398976,0.0078125,1268.947823517,90.802734375,0.5392984747886658,-0.256560742855072,0.94140625,1746192392.4461136
26.19661521911621,0.2317708283662796,1.0,4167,33088,0.053815748542547226,4166,1.9340308904647827,6400512,0.0078125,1269.243156931,90.802734375,0.5167707800865173,-0.2543173134326935,0.94140625,1746192392.7414498
27.42708396911621,0.306640625,1.0,4175,33152,0.04932629317045212,4174,1.9340308904647827,6412800,0.0078125,1271.608507511,90.802734375,0.6132811307907104,-0.21460537612438202,0.94140625,1746192395.106806
26.50130271911621,0.2447916716337204,1.0,4215,33472,0.04240801930427551,4214,1.9340308904647827,6474240,0.0078125,1283.425098606,90.802734375,0.5265806317329407,-0.11269618570804596,0.94140625,1746192406.9234056
26.98567771911621,0.2786458432674408,1.0,4224,33544,0.06802681088447571,4223,1.9340308904647827,6488064,0.0078125,1286.082348433,90.802734375,0.5755364298820496,-0.14553557336330414,0.94140625,1746192409.5806363
27.484375,0.3072916567325592,1.0,4228,33576,0.050035953521728516,4227,1.9551690816879272,6494208,0.0078125,1287.326705394,89.0625,0.6145832538604736,-0.1244097501039505,0.958984375,1746192410.8249967
27.51302146911621,0.2897135317325592,1.0,4232,33608,0.05789462849497795,4231,1.9551690816879272,6500352,0.0078125,1288.507882284,89.0625,0.598098874092102,-0.18417809903621674,0.958984375,1746192412.0061793
27.07942771911621,0.3001302182674408,1.0,4243,33696,0.05241912603378296,4242,1.9551690816879272,6517248,0.0078125,1291.76062731,89.0625,0.6002604365348816,-0.16454273462295532,0.958984375,1746192415.258918
25.60416603088379,0.2552083432674408,1.0,4257,33808,0.05599716305732727,4256,1.9551690816879272,6538752,0.0078125,1295.895063938,89.0625,0.5281596779823303,-0.18003803491592407,0.958984375,1746192419.3933663
27.09114646911621,0.2272135466337204,1.0,4260,33832,0.07605858147144318,4259,1.9551690816879272,6543360,0.0078125,1296.788060037,89.0625,0.51613450050354,-0.19041457772254944,0.958984375,1746192420.2863584
26.44921875,0.2721354067325592,1.0,4261,33840,0.08309213817119598,4260,1.9551690816879272,6544896,0.0078125,1297.083204564,89.0625,0.5613818764686584,-0.21285857260227203,0.958984375,1746192420.581503
25.58072853088379,0.23828125,1.0,4263,33856,0.0717252641916275,4262,1.9551690816879272,6547968,0.0078125,1297.67400295,89.0625,0.5111006498336792,-0.09531553089618683,0.958984375,1746192421.1723135
26.4140625,0.2701822817325592,1.0,4283,34016,0.06845244765281677,4282,1.9551690816879272,6578688,0.0078125,1303.584365688,89.0625,0.5577915906906128,-0.10212952643632889,0.958984375,1746192427.0826762
26.45833396911621,0.248046875,1.0,4295,34112,0.05945277959108353,4294,1.9551690816879272,6597120,0.0078125,1307.129662944,89.0625,0.5367395281791687,-0.10014492273330688,0.958984375,1746192430.6279716
25.88671875,0.2356770783662796,1.0,4310,34232,0.05584400147199631,4309,1.9551690816879272,6620160,0.0078125,1311.566421258,89.0625,0.5020728707313538,-0.14710569381713867,0.958984375,1746192435.0647008
26.34505271911621,0.2434895783662796,1.0,4311,34240,0.04797601327300072,4310,1.9551690816879272,6621696,0.0078125,1311.861767477,89.0625,0.5207803845405579,-0.1450842320919037,0.958984375,1746192435.3600528
26.5234375,0.291015625,1.0,4314,34264,0.07442057877779007,4313,1.9551690816879272,6626304,0.0078125,1312.747330803,89.0625,0.5820311307907104,-0.19373944401741028,0.958984375,1746192436.2456148
26.87369728088379,0.2955729067325592,1.0,4330,34392,0.07332253456115723,4329,1.9551690816879272,6650880,0.0078125,1317.472415073,89.0625,0.5911457538604736,-0.13590407371520996,0.958984375,1746192440.97069
28.20052146911621,0.3216145932674408,1.0,4345,34512,0.04460886865854263,4344,1.9551690816879272,6673920,0.0078125,1321.90328356,89.0625,0.643229067325592,-0.13494601845741272,0.958984375,1746192445.4015608
26.75520896911621,0.228515625,1.0,4347,34528,0.06801950186491013,4346,1.9551690816879272,6676992,0.0078125,1322.494013537,89.0625,0.5154998898506165,-0.11749386042356491,0.958984375,1746192445.9923236
27.38150978088379,0.306640625,1.0,4361,34640,0.06108967214822769,4360,1.9551690816879272,6698496,0.0078125,1326.649994507,89.0625,0.6132811307907104,-0.18745341897010803,0.958984375,1746192450.1275876
26.51302146911621,0.25390625,1.0,4363,34656,0.055273473262786865,4362,1.9551690816879272,6701568,0.0078125,1327.240695499,89.0625,0.5432985424995422,-0.16780444979667664,0.958984375,1746192450.7389877
27.95572853088379,0.2942708432674408,1.0,4364,34664,0.06270016729831696,4363,1.9551690816879272,6703104,0.0078125,1327.536035356,89.0625,0.6093228459358215,-0.13319845497608185,0.958984375,1746192451.0343542
26.75520896911621,0.294921875,1.0,4375,34752,0.040096353739500046,4374,1.9551690816879272,6720000,0.0078125,1330.78455524,89.0625,0.5898436307907104,-0.10227560251951218,0.958984375,1746192454.282848
26.77604103088379,0.2936197817325592,1.0,4376,34760,0.05687975883483887,4375,1.9551690816879272,6721536,0.0078125,1331.079741325,89.0625,0.5872395038604736,-0.11032930016517639,0.958984375,1746192454.5780473
27.94270896911621,0.294921875,1.0,4392,34888,0.05866427719593048,4391,1.9551690816879272,6746112,0.0078125,1335.807531457,89.0625,0.6090450882911682,-0.10723889619112015,0.958984375,1746192459.3058221
27.9375,0.3001302182674408,1.0,4439,35264,0.05977655574679375,4438,1.9551690816879272,6818304,0.0078125,1349.699044665,89.0625,0.617687463760376,-0.23151299357414246,0.958984375,1746192473.1973374
27.01822853088379,0.2727864682674408,1.0,4442,35288,0.0487075038254261,4441,1.9551690816879272,6822912,0.0078125,1350.585391061,89.0625,0.5678489208221436,-0.189230814576149,0.958984375,1746192474.0836794
27.45703125,0.30859375,1.0,4450,35352,0.062089018523693085,4449,1.9551690816879272,6835200,0.0078125,1352.950718328,89.0625,0.6171873807907104,-0.1789860725402832,0.958984375,1746192476.449007
27.19010353088379,0.2545572817325592,1.0,4461,35440,0.0666947215795517,4460,1.9551690816879272,6852096,0.0078125,1356.19782939,89.0625,0.5471579432487488,-0.06030566617846489,0.958984375,1746192479.6961277
26.90234375,0.296875,1.0,4502,35768,0.057003624737262726,4501,1.9551690816879272,6915072,0.0078125,1368.310614695,89.0625,0.5937498807907104,-0.05009196698665619,0.958984375,1746192491.8089106
26.42838478088379,0.287109375,1.0,4508,35816,0.05187921226024628,4507,1.9551690816879272,6924288,0.0078125,1370.082838611,89.0625,0.5742186307907104,-0.00732871238142252,0.958984375,1746192493.5811386
26.07942771911621,0.2317708283662796,1.0,4521,35920,0.044362716376781464,4520,1.9551690816879272,6944256,0.0078125,1373.924465282,89.0625,0.5022143125534058,-0.0008750474080443382,0.958984375,1746192497.4227533
26.62109375,0.21484375,1.0,4539,36064,0.08035584539175034,4538,1.9551690816879272,6971904,0.0078125,1379.242262087,89.0625,0.48871347308158875,-0.10937119275331497,0.958984375,1746192502.7405472
25.84765625,0.2220052033662796,1.0,4548,36136,0.07090121507644653,4547,1.9551690816879272,6985728,0.0078125,1381.903958186,89.0625,0.4970225393772125,-0.08088186383247375,0.958984375,1746192505.4022746
26.31900978088379,0.2513020932674408,1.0,4591,36480,0.06844718754291534,4590,1.7653043270111084,7051776,0.0078125,1394.678144043,93.2890625,0.5338124632835388,-0.1021767258644104,0.798828125,1746192518.1763964
25.82942771911621,0.2415364533662796,1.0,4592,36488,0.07164358347654343,4591,1.7653043270111084,7053312,0.0078125,1394.973428967,93.2890625,0.5163471698760986,-0.10832101851701736,0.798828125,1746192518.4717166
26.9609375,0.296875,1.0,4594,36504,0.06713249534368515,4593,1.7653043270111084,7056384,0.0078125,1395.563889999,93.2890625,0.5937498807907104,-0.08925171196460724,0.798828125,1746192519.062186
26.34765625,0.265625,1.0,4614,36664,0.04811766371130943,4613,1.7653043270111084,7087104,0.0078125,1401.472609221,93.2890625,0.5517889857292175,-0.1136355996131897,0.798828125,1746192524.9708803
26.79166603088379,0.2708333432674408,1.0,4618,36696,0.043213844299316406,4617,1.7653043270111084,7093248,0.0078125,1402.652932553,93.2890625,0.5545181632041931,-0.07937666773796082,0.798828125,1746192526.1512353
26.42708396911621,0.2708333432674408,1.0,4641,36880,0.04213821887969971,4640,1.7653043270111084,7128576,0.0078125,1409.444421988,93.2890625,0.5597256422042847,-0.16736897826194763,0.798828125,1746192532.9427085
25.79427146911621,0.2428385466337204,1.0,4654,36984,0.06222531571984291,4653,1.7653043270111084,7148544,0.0078125,1413.291998699,93.2890625,0.5178332924842834,-0.17259915173053741,0.798828125,1746192536.7902994
26.58724021911621,0.2747395932674408,1.0,4664,37064,0.05563729256391525,4663,1.7653043270111084,7163904,0.0078125,1416.243924612,93.2890625,0.566906213760376,-0.13912442326545715,0.798828125,1746192539.7422147
25.7421875,0.2584635317325592,1.0,4668,37096,0.05458492413163185,4667,1.7653043270111084,7170048,0.0078125,1417.425375245,93.2890625,0.5302221775054932,-0.1395835280418396,0.798828125,1746192540.9236667
26.39583396911621,0.2701822817325592,1.0,4679,37184,0.05828540772199631,4678,1.7653043270111084,7186944,0.0078125,1420.676202383,93.2890625,0.5571597218513489,-0.13235925137996674,0.798828125,1746192544.1745193
26.98567771911621,0.2805989682674408,1.0,4700,37352,0.041556477546691895,4699,1.7653043270111084,7219200,0.0078125,1426.878697908,93.2890625,0.578624963760376,-0.13907012343406677,0.798828125,1746192550.376988
27.484375,0.3072916567325592,1.0,4707,37408,0.05049332603812218,4706,1.7653043270111084,7229952,0.0078125,1428.945686503,93.2890625,0.6145832538604736,-0.1357414722442627,0.798828125,1746192552.4439816
28.04817771911621,0.3190104067325592,1.0,4716,37480,0.07925020158290863,4715,1.7653043270111084,7243776,0.0078125,1431.607765717,93.2890625,0.6380207538604736,-0.06884202361106873,0.798828125,1746192555.106053
26.91536521911621,0.2799479067325592,1.0,4740,37672,0.05428165942430496,4739,1.7653043270111084,7280640,0.0078125,1438.694264014,93.2890625,0.5770068764686584,-0.10688363760709763,0.798828125,1746192562.1925602
27.7890625,0.3138020932674408,1.0,4754,37784,0.04458159953355789,4753,1.7653043270111084,7302144,0.0078125,1442.837202594,93.2890625,0.627604067325592,-0.10045817494392395,0.798828125,1746192566.335492
27.08463478088379,0.2838541567325592,1.0,4765,37872,0.04076455533504486,4764,1.7653043270111084,7319040,0.0078125,1446.084805021,93.2890625,0.5851353406906128,-0.1375993937253952,0.798828125,1746192569.583101
25.61979103088379,0.2565104067325592,1.0,4771,37920,0.030516181141138077,4770,1.7653043270111084,7328256,0.0078125,1447.857326046,93.2890625,0.5310798287391663,-0.11035818606615067,0.798828125,1746192571.3555503
27.73177146911621,0.296875,1.0,4806,38200,0.06428933888673782,4805,1.7653043270111084,7382016,0.0078125,1458.219222413,93.2890625,0.6114929914474487,-0.11226848512887955,0.798828125,1746192581.7175086
27.35546875,0.2884114682674408,1.0,4812,38248,0.04313989728689194,4811,1.7653043270111084,7391232,0.0078125,1459.992666091,93.2890625,0.594249963760376,-0.08648364245891571,0.798828125,1746192583.490944
27.64974021911621,0.3111979067325592,1.0,4816,38280,0.035426996648311615,4815,1.7653043270111084,7397376,0.0078125,1461.173227754,93.2890625,0.6223957538604736,-0.06052316725254059,0.798828125,1746192584.671525
26.4453125,0.2434895783662796,1.0,4851,38560,0.04821815341711044,4850,1.7653043270111084,7451136,0.0078125,1471.508932308,93.2890625,0.5310190320014954,-0.1152435913681984,0.798828125,1746192595.0072422
28.27734375,0.294921875,1.0,4886,38840,0.04457949101924896,4885,1.9351272583007812,7504896,0.0078125,1481.910043881,89.712890625,0.6157395243644714,-0.13836045563220978,0.939453125,1746192605.4083343
27.53775978088379,0.2858072817325592,1.0,4888,38856,0.04780932515859604,4887,1.9351272583007812,7507968,0.0078125,1482.50091589,89.712890625,0.5937933325767517,-0.1440553218126297,0.939453125,1746192605.9992378
25.93619728088379,0.26171875,1.0,4909,39024,0.039983853697776794,4908,1.9351272583007812,7540224,0.0078125,1488.704205044,89.712890625,0.5414964556694031,-0.1326797604560852,0.939453125,1746192612.2025108
26.73958396911621,0.2740885317325592,1.0,4946,39320,0.04090690240263939,4945,1.9351272583007812,7597056,0.0078125,1499.638100563,89.712890625,0.5688880085945129,-0.09535704553127289,0.939453125,1746192623.13641
26.15494728088379,0.2493489533662796,1.0,4961,39440,0.03850788623094559,4960,1.9351272583007812,7620096,0.0078125,1504.068672241,89.712890625,0.5346457958221436,-0.02069402113556862,0.939453125,1746192627.566961
27.1796875,0.302734375,1.0,4993,39696,0.06763307005167007,4992,1.9351272583007812,7669248,0.0078125,1513.525731095,89.712890625,0.6054686307907104,-0.08923202753067017,0.939453125,1746192637.024024
27.77474021911621,0.3131510317325592,1.0,5002,39768,0.047780841588974,5001,1.9351272583007812,7683072,0.0078125,1516.182914367,89.712890625,0.6263020038604736,-0.010805351659655571,0.939453125,1746192639.68122
27.00390625,0.23046875,1.0,5003,39776,0.0505647286772728,5002,1.9351272583007812,7684608,0.0078125,1516.478441942,89.712890625,0.5262308120727539,-0.0261378213763237,0.939453125,1746192639.9767385
26.33463478088379,0.244140625,1.0,5008,39816,0.032900236546993256,5007,1.9351272583007812,7692288,0.0078125,1517.955375218,89.712890625,0.5230763554573059,-0.02225765958428383,0.939453125,1746192641.4536724
27.13150978088379,0.3014322817325592,1.0,5015,39872,0.037566810846328735,5014,1.9351272583007812,7703040,0.0078125,1520.022226014,89.712890625,0.6028645038604736,-0.05330705642700195,0.939453125,1746192643.520519
26.52474021911621,0.2513020932674408,1.0,5017,39888,0.052130650728940964,5016,1.9351272583007812,7706112,0.0078125,1520.613774457,89.712890625,0.5410537719726562,-0.07276566326618195,0.939453125,1746192644.112083
27.08203125,0.283203125,1.0,5022,39928,0.03579168766736984,5021,1.9351272583007812,7713792,0.0078125,1522.08973817,89.712890625,0.5828853845596313,-0.05578221008181572,0.939453125,1746192645.587928
26.87239646911621,0.2552083432674408,1.0,5048,40136,0.04420149326324463,5047,1.9351272583007812,7753728,0.0078125,1529.76863983,89.712890625,0.5477837920188904,-0.05406598746776581,0.939453125,1746192653.2669253
27.14974021911621,0.3014322817325592,1.0,5103,40576,0.029613163322210312,5102,1.9351272583007812,7838208,0.0078125,1546.019505448,89.712890625,0.6028645038604736,-0.0807420089840889,0.939453125,1746192669.5177958
26.84114646911621,0.2786458432674408,1.0,5113,40656,0.054582059383392334,5112,1.9351272583007812,7853568,0.0078125,1548.972836106,89.712890625,0.5750346183776855,-0.08832719177007675,0.939453125,1746192672.4711444
27.02864646911621,0.255859375,1.0,5127,40768,0.04418952018022537,5126,1.9351272583007812,7875072,0.0078125,1553.110366002,89.712890625,0.5489634275436401,-0.08568091690540314,0.939453125,1746192676.608643
26.82682228088379,0.2545572817325592,1.0,5130,40792,0.049036651849746704,5129,1.9351272583007812,7879680,0.0078125,1553.996798183,89.712890625,0.5429487228393555,-0.1047225296497345,0.939453125,1746192677.4950957
25.83463478088379,0.2623697817325592,1.0,5137,40848,0.07465009391307831,5136,1.9351272583007812,7890432,0.0078125,1556.063037264,89.712890625,0.5424826145172119,-0.11917014420032501,0.939453125,1746192679.5613139
27.61979103088379,0.310546875,1.0,5145,40912,0.04838703200221062,5144,1.9351272583007812,7902720,0.0078125,1558.425460621,89.712890625,0.6210936307907104,-0.1078718826174736,0.939453125,1746192681.9237485
25.67708396911621,0.2584635317325592,1.0,5149,40944,0.043253976851701736,5148,1.9351272583007812,7908864,0.0078125,1559.606555062,89.712890625,0.5340381264686584,-0.09697137773036957,0.939453125,1746192683.104846
26.55859375,0.2180989533662796,1.0,5152,40968,0.049418576061725616,5151,1.9351272583007812,7913472,0.0078125,1560.492713787,89.712890625,0.4992048442363739,-0.08790480345487595,0.939453125,1746192683.9909852
25.29557228088379,0.26953125,1.0,5155,40992,0.041347477585077286,5154,1.9351272583007812,7918080,0.0078125,1561.379227102,89.712890625,0.5390623807907104,-0.09503678977489471,0.939453125,1746192684.8775365
26.92317771911621,0.2610677182674408,1.0,5161,41040,0.04043623059988022,5160,1.9351272583007812,7927296,0.0078125,1563.15053801,89.712890625,0.5551362633705139,-0.06134248524904251,0.939453125,1746192686.6488247
26.1640625,0.2838541567325592,1.0,5168,41096,0.048411957919597626,5167,1.9351272583007812,7938048,0.0078125,1565.218033144,89.712890625,0.5677082538604736,-0.06301671266555786,0.939453125,1746192688.7163498
26.58333396911621,0.2486979216337204,1.0,5195,41312,0.04565200209617615,5194,1.9351272583007812,7979520,0.0078125,1573.194742046,89.712890625,0.5385450720787048,-0.0759178102016449,0.939453125,1746192696.693054
27.3828125,0.306640625,1.0,5205,41392,0.0520673505961895,5204,1.9305881261825562,7994880,0.0078125,1576.210333214,88.0703125,0.6132811307907104,-0.09631948173046112,0.935546875,1746192699.708629
26.38932228088379,0.2408854216337204,1.0,5275,41952,0.06383173167705536,5274,1.9305881261825562,8102400,0.0078125,1596.912649583,88.0703125,0.5244139432907104,-0.06120127812027931,0.935546875,1746192720.4109497
26.875,0.2799479067325592,1.0,5280,41992,0.06850488483905792,5279,1.9305881261825562,8110080,0.0078125,1598.389907464,88.0703125,0.5779548287391663,-0.05998186767101288,0.935546875,1746192721.888216
25.95442771911621,0.2220052033662796,1.0,5286,42040,0.055945493280887604,5285,1.9305881261825562,8119296,0.0078125,1600.163023605,88.0703125,0.5006483793258667,-0.03216926008462906,0.935546875,1746192723.6613126
27.5859375,0.310546875,1.0,5288,42056,0.07661883533000946,5287,1.9305881261825562,8122368,0.0078125,1600.75344359,88.0703125,0.6210936307907104,-0.05504538118839264,0.935546875,1746192724.2517204
27.80078125,0.287109375,1.0,5296,42120,0.12093865871429443,5295,1.9305881261825562,8134656,0.0078125,1603.115803926,88.0703125,0.5983575582504272,-0.10097408294677734,0.935546875,1746192726.6140962
27.3046875,0.2565104067325592,1.0,5304,42184,0.06904441863298416,5303,1.9305881261825562,8146944,0.0078125,1605.478942662,88.0703125,0.55045485496521,-0.15706896781921387,0.935546875,1746192728.9772358
26.46224021911621,0.2727864682674408,1.0,5305,42192,0.06557661294937134,5304,1.9305881261825562,8148480,0.0078125,1605.775247863,88.0703125,0.5633158683776855,-0.17560850083827972,0.935546875,1746192729.2735326
25.52213478088379,0.2565104067325592,1.0,5311,42240,0.06164306029677391,5310,1.9305881261825562,8157696,0.0078125,1607.545673943,88.0703125,0.5290138721466064,-0.08614276349544525,0.935546875,1746192731.043954
27.18880271911621,0.302734375,1.0,5319,42304,0.04898426681756973,5318,1.9305881261825562,8169984,0.0078125,1609.908971499,88.0703125,0.6054686307907104,-0.10624657571315765,0.935546875,1746192733.4072666
27.84244728088379,0.2981770932674408,1.0,5333,42416,0.05374763906002045,5332,1.9305881261825562,8191488,0.0078125,1614.048161341,88.0703125,0.6125173568725586,-0.07525008916854858,0.935546875,1746192737.5464623
27.58984375,0.3098958432674408,1.0,5336,42440,0.07696408778429031,5335,1.9305881261825562,8196096,0.0078125,1614.934092638,88.0703125,0.619791567325592,-0.11659051477909088,0.935546875,1746192738.4323897
27.39453125,0.2623697817325592,1.0,5349,42544,0.06381533294916153,5348,1.9305881261825562,8216064,0.0078125,1618.771990899,88.0703125,0.562536358833313,-0.10686936229467392,0.935546875,1746192742.2702968
25.5703125,0.21875,1.0,5351,42560,0.047697678208351135,5350,1.9305881261825562,8219136,0.0078125,1619.362228239,88.0703125,0.4923219680786133,-0.10159932076931,0.935546875,1746192742.8605185
26.24349021911621,0.2669270932674408,1.0,5352,42568,0.07852194458246231,5351,1.9305881261825562,8220672,0.0078125,1619.657832917,88.0703125,0.5487290620803833,-0.1303572803735733,0.935546875,1746192743.1561155
26.07421875,0.2643229067325592,1.0,5381,42800,0.05844628065824509,5380,1.9305881261825562,8265216,0.0078125,1628.224941129,88.0703125,0.5444044470787048,-0.13999435305595398,0.935546875,1746192751.7232635
26.9921875,0.2994791567325592,1.0,5393,42896,0.048957034945487976,5392,1.9305881261825562,8283648,0.0078125,1631.767473803,88.0703125,0.5989582538604736,-0.11007764935493469,0.935546875,1746192755.2657716
27.53775978088379,0.3111979067325592,1.0,5412,43048,0.06805646419525146,5411,1.9305881261825562,8312832,0.0078125,1637.378790786,88.0703125,0.6223957538604736,-0.1366778016090393,0.935546875,1746192760.877093
26.00520896911621,0.2805989682674408,1.0,5423,43136,0.055604610592126846,5422,1.9305881261825562,8329728,0.0078125,1640.630662441,88.0703125,0.561197817325592,-0.10007037222385406,0.935546875,1746192764.1289544
26.11979103088379,0.2662760317325592,1.0,5434,43224,0.07393275946378708,5433,1.9305881261825562,8346624,0.0078125,1643.878335302,88.0703125,0.5499790906906128,-0.10793370008468628,0.935546875,1746192767.3766236
27.41796875,0.291015625,1.0,5446,43320,0.08874263614416122,5445,1.9305881261825562,8365056,0.0078125,1647.422059572,88.0703125,0.6000902652740479,-0.11022555083036423,0.935546875,1746192770.920302
26.95833396911621,0.298828125,1.0,5495,43712,0.06836673617362976,5494,1.9305881261825562,8440320,0.0078125,1661.900935938,88.0703125,0.5976561307907104,-0.09215089678764343,0.935546875,1746192785.399231
25.77994728088379,0.2604166567325592,1.0,5498,43736,0.09980875253677368,5497,1.9305881261825562,8444928,0.0078125,1662.787217576,88.0703125,0.5388923287391663,-0.10326434671878815,0.935546875,1746192786.2855146
26.51692771911621,0.2552083432674408,1.0,5506,43800,0.09151142835617065,5505,1.9305881261825562,8457216,0.0078125,1665.149227809,88.0703125,0.5446388721466064,-0.05891461670398712,0.935546875,1746192788.64753
26.46875,0.2721354067325592,1.0,5508,43816,0.08904460817575455,5507,1.9305881261825562,8460288,0.0078125,1665.739887329,88.0703125,0.5623297691345215,-0.15342634916305542,0.935546875,1746192789.2381501
27.30989646911621,0.2786458432674408,1.0,5519,43904,0.05637354403734207,5518,1.9305881261825562,8477184,0.0078125,1668.98884605,88.0703125,0.5802829265594482,-0.09477891027927399,0.935546875,1746192792.4871387
26.47395896911621,0.2708333432674408,1.0,5542,44088,0.08061377704143524,5541,1.9616925716400146,8512512,0.0078125,1675.850942722,90.626953125,0.5587776899337769,-0.1312984675168991,0.96484375,1746192799.3492587
27.45963478088379,0.3072916567325592,1.0,5554,44184,0.06808583438396454,5553,1.9616925716400146,8530944,0.0078125,1679.393574378,90.626953125,0.6145832538604736,-0.09732785820960999,0.96484375,1746192802.891868
26.98307228088379,0.28125,1.0,5557,44208,0.0498029962182045,5556,1.9616925716400146,8535552,0.0078125,1680.279782516,90.626953125,0.5805589556694031,-0.09129578620195389,0.96484375,1746192803.7780747
26.45572853088379,0.2708333432674408,1.0,5587,44448,0.059638187289237976,5586,1.9616925716400146,8581632,0.0078125,1689.143032619,90.626953125,0.5597256422042847,-0.04679455608129501,0.96484375,1746192812.641339
26.61849021911621,0.2473958283662796,1.0,5598,44536,0.03883757442235947,5597,1.9616925716400146,8598528,0.0078125,1692.393386896,90.626953125,0.5329513549804688,0.0050708334892988205,0.96484375,1746192815.8916829
26.91796875,0.2213541716337204,1.0,5601,44560,0.06512171030044556,5600,1.9616925716400146,8603136,0.0078125,1693.279517518,90.626953125,0.5040243268013,-0.031810808926820755,0.96484375,1746192816.777814
24.97525978088379,0.2076822966337204,1.0,5615,44672,0.05833854526281357,5614,1.9616925716400146,8624640,0.0078125,1697.413292638,90.626953125,0.4701995849609375,-0.0004607299342751503,0.96484375,1746192820.9115689
26.10286521911621,0.2102864533662796,1.0,5617,44688,0.07628899812698364,5616,1.9616925716400146,8627712,0.0078125,1698.00418038,90.626953125,0.4818246066570282,-0.026811113581061363,0.96484375,1746192821.5024507
26.83203125,0.294921875,1.0,5650,44952,0.13461525738239288,5649,1.9616925716400146,8678400,0.0078125,1707.751459777,90.626953125,0.5898436307907104,-0.03667917475104332,0.96484375,1746192831.2497587
26.64974021911621,0.2747395932674408,1.0,5667,45088,0.07892534136772156,5666,1.9616925716400146,8704512,0.0078125,1712.775512301,90.626953125,0.5648401975631714,-0.041438907384872437,0.96484375,1746192836.27377
27.91015625,0.287109375,1.0,5680,45192,0.05464326590299606,5679,1.9616925716400146,8724480,0.0078125,1716.635327703,90.626953125,0.5994139909744263,-0.003701868001371622,0.96484375,1746192840.1336162
27.52604103088379,0.3079427182674408,1.0,5685,45232,0.052209530025720596,5684,1.9616925716400146,8732160,0.0078125,1718.111447831,90.626953125,0.615885317325592,0.009219367057085037,0.96484375,1746192841.6097293
26.99739646911621,0.2981770932674408,1.0,5695,45312,0.04545129835605621,5694,1.9616925716400146,8747520,0.0078125,1721.070858423,90.626953125,0.596354067325592,-0.0016077710315585136,0.96484375,1746192844.5691507
27.45833396911621,0.306640625,1.0,5706,45400,0.05572972819209099,5705,1.9616925716400146,8764416,0.0078125,1724.318033775,90.626953125,0.6132811307907104,0.011947442777454853,0.96484375,1746192847.8163502
26.93359375,0.2779947817325592,1.0,5720,45512,0.0514959916472435,5719,1.9616925716400146,8785920,0.0078125,1728.452589499,90.626953125,0.5755207538604736,0.03654170781373978,0.96484375,1746192851.9508872
27.421875,0.2819010317325592,1.0,5728,45576,0.0492061972618103,5727,1.9616925716400146,8798208,0.0078125,1730.814012815,90.626953125,0.5824305415153503,-0.004498574882745743,0.96484375,1746192854.3123264
26.9609375,0.2786458432674408,1.0,5729,45584,0.05755060538649559,5728,1.9616925716400146,8799744,0.0078125,1731.1090908,90.626953125,0.5766405463218689,-0.0028245123103260994,0.96484375,1746192854.6073964
26.37369728088379,0.26953125,1.0,5738,45656,0.04055909067392349,5737,1.9616925716400146,8813568,0.0078125,1733.774779089,90.626953125,0.5545936822891235,0.03526201844215393,0.96484375,1746192857.2730706
26.74479103088379,0.294921875,1.0,5743,45696,0.03653346002101898,5742,1.9616925716400146,8821248,0.0078125,1735.250933852,90.626953125,0.5898436307907104,0.046613216400146484,0.96484375,1746192858.7492392
25.11067771911621,0.1640625,1.0,5745,45712,0.039189863950014114,5744,1.9616925716400146,8824320,0.0078125,1735.841013018,90.626953125,0.42361193895339966,0.05200743302702904,0.96484375,1746192859.3393204
26.26171875,0.2493489533662796,1.0,5750,45752,0.0660833939909935,5749,1.9616925716400146,8832000,0.0078125,1737.319345235,90.626953125,0.5335520505905151,0.04168614000082016,0.96484375,1746192860.8176384
27.36588478088379,0.306640625,1.0,5754,45784,0.053889207541942596,5753,1.9616925716400146,8838144,0.0078125,1738.502323776,90.626953125,0.6132811307907104,0.042043719440698624,0.96484375,1746192862.0006099
26.74609375,0.2669270932674408,1.0,5758,45816,0.053759023547172546,5757,1.9616925716400146,8844288,0.0078125,1739.683770232,90.626953125,0.5552186965942383,0.044845230877399445,0.96484375,1746192863.1820633
24.12760353088379,0.1569010466337204,1.0,5765,45872,0.05406498163938522,5764,1.9616925716400146,8855040,0.0078125,1741.75542323,90.626953125,0.40452077984809875,0.05210846662521362,0.96484375,1746192865.253647
26.01432228088379,0.2630208432674408,1.0,5780,45992,0.053457312285900116,5779,1.9616925716400146,8878080,0.0078125,1746.185680908,90.626953125,0.5410867929458618,0.022277891635894775,0.96484375,1746192869.683965
26.48828125,0.2903645932674408,1.0,5789,46064,0.05282502621412277,5788,1.9616925716400146,8891904,0.0078125,1748.841757407,90.626953125,0.580729067325592,0.09774194657802582,0.96484375,1746192872.3400383
27.49869728088379,0.2571614682674408,1.0,5807,46208,0.05961654707789421,5806,1.9616925716400146,8919552,0.0078125,1754.157546585,90.626953125,0.5550190210342407,0.05418135225772858,0.96484375,1746192877.6558208
26.83724021911621,0.2265625,1.0,5811,46240,0.05745270103216171,5810,1.9616925716400146,8925696,0.0078125,1755.340608573,90.626953125,0.511943519115448,0.02539290115237236,0.96484375,1746192878.8388839
26.13802146911621,0.265625,1.0,5874,46744,0.06019163504242897,5873,1.9194111824035645,9022464,0.0078125,1774.017725497,89.73046875,0.5493090152740479,-0.04643945395946503,0.92578125,1746192897.5160182
24.62630271911621,0.1829427033662796,1.0,5875,46752,0.054555270820856094,5874,1.9194111824035645,9024000,0.0078125,1774.313091796,89.73046875,0.4357221722602844,-0.02268284745514393,0.92578125,1746192897.8113945
25.98567771911621,0.2630208432674408,1.0,5882,46808,0.05623982846736908,5881,1.9194111824035645,9034752,0.0078125,1776.380409304,89.73046875,0.5428367257118225,-0.05014461278915405,0.92578125,1746192899.8786952
26.73697853088379,0.29296875,1.0,5887,46848,0.04567188769578934,5886,1.9194111824035645,9042432,0.0078125,1777.856071671,89.73046875,0.5859373807907104,-0.014315219596028328,0.92578125,1746192901.3543882
25.08333396911621,0.1419270783662796,1.0,5908,47016,0.08738924562931061,5907,1.9194111824035645,9074688,0.0078125,1784.060813996,89.73046875,0.4004357159137726,-0.06661558896303177,0.92578125,1746192907.559094
25.59114646911621,0.2220052033662796,1.0,5910,47032,0.07726583629846573,5909,1.9194111824035645,9077760,0.0078125,1784.651040969,89.73046875,0.4921596944332123,-0.10922249406576157,0.92578125,1746192908.1493301
26.70963478088379,0.1673177033662796,1.0,5926,47160,0.05240597575902939,5925,1.9194111824035645,9102336,0.0078125,1789.378200048,89.73046875,0.4421440660953522,-0.03518292307853699,0.92578125,1746192912.876499
25.53515625,0.2213541716337204,1.0,5930,47192,0.06792472302913666,5929,1.9194111824035645,9108480,0.0078125,1790.562424006,89.73046875,0.4962534010410309,-0.02275601588189602,0.92578125,1746192914.0607378
27.31900978088379,0.212890625,1.0,5956,47400,0.09125735610723495,5955,1.9194111824035645,9148416,0.0078125,1798.244417048,89.73046875,0.5138532519340515,-0.03527403995394707,0.92578125,1746192921.742706
26.328125,0.2135416716337204,1.0,5967,47488,0.07328305393457413,5966,1.9194111824035645,9165312,0.0078125,1801.493440688,89.73046875,0.492683082818985,-0.055364251136779785,0.92578125,1746192924.9917228
27.04296875,0.1569010466337204,1.0,5990,47672,0.08102266490459442,5989,1.9194111824035645,9200640,0.0078125,1808.283776742,89.73046875,0.43870046734809875,-0.02938656322658062,0.92578125,1746192931.7820807
27.12369728088379,0.2337239533662796,1.0,5991,47680,0.08622872829437256,5990,1.9194111824035645,9202176,0.0078125,1808.57890945,89.73046875,0.5270381569862366,-0.024601057171821594,0.92578125,1746192932.0772161
26.6875,0.248046875,1.0,6017,47888,0.060962386429309845,6016,1.9194111824035645,9242112,0.0078125,1816.263307356,89.73046875,0.5311440229415894,-0.014337833970785141,0.92578125,1746192939.7615933
25.64974021911621,0.2389322966337204,1.0,6029,47984,0.07331761717796326,6028,1.9194111824035645,9260544,0.0078125,1819.806234772,89.73046875,0.513666570186615,-0.11721105873584747,0.92578125,1746192943.3045216
26.63932228088379,0.2526041567325592,1.0,6030,47992,0.09331860393285751,6029,1.9194111824035645,9262080,0.0078125,1820.10134647,89.73046875,0.5407239198684692,-0.17832612991333008,0.92578125,1746192943.5996206
26.10677146911621,0.2272135466337204,1.0,6034,48024,0.05327189713716507,6033,1.9194111824035645,9268224,0.0078125,1821.282913629,89.73046875,0.5035867691040039,-0.1457960456609726,0.92578125,1746192944.7812207
27.31510353088379,0.3040364682674408,1.0,6060,48232,0.07497712969779968,6059,1.9194111824035645,9308160,0.0078125,1828.96194189,89.73046875,0.608072817325592,-0.1558898389339447,0.92578125,1746192952.4602299
25.10416603088379,0.1946614533662796,1.0,6064,48264,0.06718891859054565,6063,1.9194111824035645,9314304,0.0078125,1830.142972385,89.73046875,0.4596388041973114,-0.15947385132312775,0.92578125,1746192953.6412642
27.34244728088379,0.2864583432674408,1.0,6069,48304,0.06124609336256981,6068,1.9194111824035645,9321984,0.0078125,1831.6253782,89.73046875,0.5911171436309814,-0.14679205417633057,0.92578125,1746192955.1236615
25.75650978088379,0.2233072966337204,1.0,6086,48440,0.09396465122699738,6085,1.9194111824035645,9348096,0.0078125,1836.645429261,89.73046875,0.4998437166213989,-0.09030960500240326,0.92578125,1746192960.143724
27.69661521911621,0.2623697817325592,1.0,6104,48584,0.08418753743171692,6103,1.9194111824035645,9375744,0.0078125,1841.962261306,89.73046875,0.5683862566947937,-0.05734149366617203,0.92578125,1746192965.460546
26.72395896911621,0.27734375,1.0,6160,49032,0.07201452553272247,6159,1.9194111824035645,9461760,0.0078125,1858.523685314,89.73046875,0.5727465152740479,-0.15673282742500305,0.92578125,1746192982.0219705
24.82682228088379,0.2063802033662796,1.0,6178,49176,0.08568596839904785,6177,1.9289840459823608,9489408,0.0078125,1863.902993291,89.951171875,0.46314579248428345,-0.1696825921535492,0.93359375,1746192987.4012902
26.68880271911621,0.2766927182674408,1.0,6179,49184,0.07334725558757782,6178,1.9289840459823608,9490944,0.0078125,1864.198458649,89.951171875,0.5714443922042847,-0.13675126433372498,0.93359375,1746192987.6967592
26.24349021911621,0.2838541567325592,1.0,6182,49208,0.08164491504430771,6181,1.9289840459823608,9495552,0.0078125,1865.084228541,89.951171875,0.5677082538604736,-0.17657047510147095,0.93359375,1746192988.5825293
27.39974021911621,0.3053385317325592,1.0,6195,49312,0.06742233783006668,6194,1.9289840459823608,9515520,0.0078125,1868.924671405,89.951171875,0.6106770038604736,-0.17392203211784363,0.93359375,1746192992.4229672
27.37890625,0.263671875,1.0,6199,49344,0.06729511171579361,6198,1.9289840459823608,9521664,0.0078125,1870.105786879,89.951171875,0.5651319026947021,-0.14660324156284332,0.93359375,1746192993.60408
27.13020896911621,0.265625,1.0,6210,49432,0.08361285924911499,6209,1.9289840459823608,9538560,0.0078125,1873.353258069,89.951171875,0.5671848058700562,-0.1281362771987915,0.93359375,1746192996.8515422
26.94010353088379,0.2975260317325592,1.0,6215,49472,0.07516317069530487,6214,1.9289840459823608,9546240,0.0078125,1874.830136114,89.951171875,0.5950520038604736,-0.11578986048698425,0.93359375,1746192998.3284407
26.01822853088379,0.146484375,1.0,6223,49536,0.06084180623292923,6222,1.9289840459823608,9558528,0.0078125,1877.20200993,89.951171875,0.42101383209228516,-0.12538254261016846,0.93359375,1746193000.7003126
27.33984375,0.3053385317325592,1.0,6225,49552,0.05706517770886421,6224,1.9289840459823608,9561600,0.0078125,1877.792451784,89.951171875,0.6106770038604736,-0.1079990416765213,0.93359375,1746193001.2907536
26.31380271911621,0.2506510317325592,1.0,6244,49704,0.08058319985866547,6243,1.9289840459823608,9590784,0.0078125,1883.407602026,89.951171875,0.5332803726196289,-0.1335338056087494,0.93359375,1746193006.9058864
26.93489646911621,0.296875,1.0,6250,49752,0.06891254335641861,6249,1.9289840459823608,9600000,0.0078125,1885.181637084,89.951171875,0.5937498807907104,-0.13766084611415863,0.93359375,1746193008.6799254
27.26953125,0.2858072817325592,1.0,6287,50048,0.07027726620435715,6286,1.9289840459823608,9656832,0.0078125,1896.114957174,89.951171875,0.5890415906906128,-0.10765467584133148,0.93359375,1746193019.6132512
27.93359375,0.25390625,1.0,6290,50072,0.0610940046608448,6289,1.9289840459823608,9661440,0.0078125,1897.000343056,89.951171875,0.5478436946868896,-0.09368132799863815,0.93359375,1746193020.4986289
27.94400978088379,0.3170572817325592,1.0,6305,50192,0.06022155284881592,6304,1.9289840459823608,9684480,0.0078125,1901.430811623,89.951171875,0.6341145038604736,-0.04372159391641617,0.93359375,1746193024.9291043
27.89974021911621,0.3157552182674408,1.0,6310,50232,0.06713036447763443,6309,1.9289840459823608,9692160,0.0078125,1902.909181979,89.951171875,0.631510317325592,-0.07007758319377899,0.93359375,1746193026.4074936
26.80208396911621,0.2552083432674408,1.0,6358,50616,0.053284090012311935,6357,1.9289840459823608,9765888,0.0078125,1917.085627539,89.951171875,0.5459652543067932,0.0028267209418118,0.93359375,1746193040.5839021
26.828125,0.271484375,1.0,6363,50656,0.05096198618412018,6362,1.9289840459823608,9773568,0.0078125,1918.562153159,89.951171875,0.5666196942329407,0.04240880161523819,0.93359375,1746193042.0604458
26.6640625,0.275390625,1.0,6380,50792,0.08941787481307983,6379,1.9289840459823608,9799680,0.0078125,1923.587051451,89.951171875,0.5653402209281921,0.048808470368385315,0.93359375,1746193047.0853772
26.19270896911621,0.2669270932674408,1.0,6383,50816,0.04250224679708481,6382,1.9289840459823608,9804288,0.0078125,1924.472911278,89.951171875,0.5504547953605652,0.04710475727915764,0.93359375,1746193047.9712083
27.19270896911621,0.2845052182674408,1.0,6392,50888,0.03648340702056885,6391,1.9289840459823608,9818112,0.0078125,1927.130521469,89.951171875,0.5853193402290344,0.05058089643716812,0.93359375,1746193050.6288085
26.77864646911621,0.255859375,1.0,6396,50920,0.046323250979185104,6395,1.9289840459823608,9824256,0.0078125,1928.312054386,89.951171875,0.5534166097640991,0.022943977266550064,0.93359375,1746193051.8103738
27.04817771911621,0.265625,1.0,6399,50944,0.03818434104323387,6398,1.9289840459823608,9828864,0.0078125,1929.198038699,89.951171875,0.5665659308433533,0.0497039295732975,0.93359375,1746193052.6963406
24.57942771911621,0.2024739533662796,1.0,6412,51048,0.04096155986189842,6411,1.9289840459823608,9848832,0.0078125,1933.040487962,89.951171875,0.4542151987552643,0.028119750320911407,0.93359375,1746193056.53879
25.66145896911621,0.2389322966337204,1.0,6420,51112,0.04391808807849884,6419,1.9289840459823608,9861120,0.0078125,1935.403373125,89.951171875,0.5111387968063354,0.03834559768438339,0.93359375,1746193058.9016716
25.55859375,0.2369791716337204,1.0,6429,51184,0.05580633878707886,6428,1.9289840459823608,9874944,0.0078125,1938.061672067,89.951171875,0.508812427520752,0.034557536244392395,0.93359375,1746193061.5599542
27.11067771911621,0.2721354067325592,1.0,6447,51328,0.053800880908966064,6446,1.9289840459823608,9902592,0.0078125,1943.380633386,89.951171875,0.5668533444404602,-0.007313067559152842,0.93359375,1746193066.8789115
26.52734375,0.2727864682674408,1.0,6463,51456,0.046536885201931,6462,1.9289840459823608,9927168,0.0078125,1948.106095198,89.951171875,0.5588680505752563,0.0353739857673645,0.93359375,1746193071.6044116
26.08463478088379,0.1907552033662796,1.0,6468,51496,0.05331588163971901,6467,1.9289840459823608,9934848,0.0078125,1949.582377479,89.951171875,0.4660450518131256,0.062151335179805756,0.93359375,1746193073.080677
25.125,0.1764322966337204,1.0,6491,51680,0.05767770856618881,6490,1.9289840459823608,9970176,0.0078125,1956.377785339,89.951171875,0.42461973428726196,0.06989182531833649,0.93359375,1746193079.876072
26.0390625,0.1744791716337204,1.0,6508,51816,0.05538375675678253,6507,1.7838618755340576,9996288,0.0078125,1961.463116794,95.78515625,0.43823257088661194,0.05456675589084625,0.796875,1746193084.961437
