returned_episode_lengths,returned_won_episode,update_steps,_step,test_returned_episode_returns,loss,returned_episode,_runtime,grad_steps,returned_episode_returns,test_returned_episode_lengths,test_returned_won_episode,test_returned_episode,qvals,env_step,_timestamp
31.53255271911621,0.0,53,52,0.008333842270076275,0.007775845006108284,0.014322916977107525,56.912622537,176,0.17089837789535522,20.92624855041504,0.0,1.0,0.5108473896980286,81408,1746166725.3585718
31.838542938232422,0.0,72,71,0.008333842270076275,0.024676058441400528,0.013671875,64.529277546,328,0.1384001523256302,20.92624855041504,0.0,1.0,0.6776577234268188,110592,1746166732.9752479
30.947917938232422,0.0,76,75,0.008333842270076275,0.007309029810130596,0.013671875,66.135458009,360,0.1338629424571991,20.92624855041504,0.0,1.0,0.6881328821182251,116736,1746166734.5813258
31.23177146911621,0.0,87,86,0.008333842270076275,0.009744202718138695,0.015625,70.547021718,448,0.1678493320941925,20.92624855041504,0.0,1.0,0.7544007897377014,133632,1746166738.9929826
31.09895896911621,0.0,118,117,0.008333842270076275,0.015069764107465744,0.013671875,82.972902715,696,0.1506396234035492,20.92624855041504,0.0,1.0,0.733413815498352,181248,1746166751.4188783
31.89192771911621,0.0,136,135,0.008333842270076275,0.03613705933094025,0.01497395895421505,90.191027312,840,0.18656441569328308,20.92624855041504,0.0,1.0,0.7300858497619629,208896,1746166758.6368113
32.1171875,0.0,144,143,0.008333842270076275,0.02708395943045616,0.01171875,93.41164589,904,0.1837330162525177,20.92624855041504,0.0,1.0,0.7390198707580566,221184,1746166761.8576078
31.861980438232422,0.0,182,181,0.008333842270076275,0.054731354117393494,0.012369791977107525,108.660165195,1208,0.21387192606925964,20.92624855041504,0.0,1.0,0.8910998106002808,279552,1746166777.106133
31.64192771911621,0.0,189,188,0.008333842270076275,0.0474737212061882,0.013671875,111.470533936,1264,0.18988695740699768,20.92624855041504,0.0,1.0,0.8832967281341553,290304,1746166779.916484
32.188804626464844,0.0,194,193,0.008333842270076275,0.05195528641343117,0.012369791977107525,113.473987042,1304,0.21826544404029846,20.92624855041504,0.0,1.0,0.8445245027542114,297984,1746166781.919974
30.12239646911621,0.0,215,214,0.008333842270076275,0.15009868144989014,0.009765625,121.894138632,1472,0.17367611825466156,20.92624855041504,0.0,1.0,0.6271708607673645,330240,1746166790.3401303
31.631511688232422,0.0,222,221,0.008333842270076275,0.05619663745164871,0.01497395895421505,124.701690209,1528,0.22021135687828064,20.92624855041504,0.0,1.0,0.6872761249542236,340992,1746166793.147657
32.19921875,0.0,230,229,0.008333842270076275,0.06829697638750076,0.013671875,127.91265286,1592,0.23291043937206268,20.92624855041504,0.0,1.0,0.7155873775482178,353280,1746166796.35861
32.03515625,0.0,285,284,0.008333842270076275,0.10500181466341019,0.014322916977107525,149.957573832,2032,0.26154690980911255,20.92624855041504,0.0,1.0,0.7246197462081909,437760,1746166818.4035723
31.944011688232422,0.0,290,289,0.008333842270076275,0.10431309789419174,0.01497395895421505,151.969699386,2072,0.2516583502292633,20.92624855041504,0.0,1.0,0.7293057441711426,445440,1746166820.415674
32.059898376464844,0.0,292,291,0.008333842270076275,0.11344026029109955,0.014322916977107525,152.773786626,2088,0.26811015605926514,20.92624855041504,0.0,1.0,0.7382267117500305,448512,1746166821.2197785
31.88802146911621,0.0,298,297,0.008333842270076275,0.10569076240062714,0.015625,155.183994531,2136,0.26165270805358887,20.92624855041504,0.0,1.0,0.7461813688278198,457728,1746166823.6299145
31.619792938232422,0.0,302,301,0.008333842270076275,0.11635449528694153,0.013671875,156.788277848,2168,0.24363765120506287,20.92624855041504,0.0,1.0,0.7656925916671753,463872,1746166825.234283
32.2890625,0.0,318,317,0.008333842270076275,0.10402301698923111,0.015625,163.215568409,2296,0.26248809695243835,20.92624855041504,0.0,1.0,0.7609657049179077,488448,1746166831.6615312
32.15494918823242,0.0,322,321,0.008333842270076275,0.1100178137421608,0.01497395895421505,164.82206553,2328,0.2484135627746582,20.92624855041504,0.0,1.0,0.7517596483230591,494592,1746166833.2680357
31.7421875,0.0,335,334,0.6515889167785645,0.10836417973041534,0.013671875,170.126335073,2432,0.2068798840045929,65.23918914794922,0.0014409221475943923,1.0,0.7495688199996948,514560,1746166838.5723195
31.93359375,0.0,339,338,0.6515889167785645,0.10260573774576187,0.014322916977107525,171.730075535,2464,0.22208701074123383,65.23918914794922,0.0014409221475943923,1.0,0.7547397613525391,520704,1746166840.1760163
30.326824188232422,0.0,355,354,0.6515889167785645,0.463241845369339,0.013671875,178.141488162,2592,0.16697922348976135,65.23918914794922,0.0014409221475943923,1.0,0.588276743888855,545280,1746166846.5874689
32.0,0.0,361,360,0.6515889167785645,0.4475882947444916,0.01497395895421505,180.5532938,2640,0.22450105845928192,65.23918914794922,0.0014409221475943923,1.0,0.5786207914352417,554496,1746166848.99924
32.1796875,0.0,378,377,0.6515889167785645,0.3793734312057495,0.012369791977107525,187.379331512,2776,0.20299756526947021,65.23918914794922,0.0014409221475943923,1.0,0.5586346387863159,580608,1746166855.825334
31.897136688232422,0.0,382,381,0.6515889167785645,0.3580942451953888,0.014322916977107525,188.98698662,2808,0.19323548674583435,65.23918914794922,0.0014409221475943923,1.0,0.5551518201828003,586752,1746166857.4329689
31.8828125,0.0,388,387,0.6515889167785645,0.33634963631629944,0.01171875,191.401198826,2856,0.20505809783935547,65.23918914794922,0.0014409221475943923,1.0,0.5614158511161804,595968,1746166859.8471847
30.70052146911621,0.0,407,406,0.6515889167785645,0.31273120641708374,0.01497395895421505,199.018778442,3008,0.14619037508964539,65.23918914794922,0.0014409221475943923,1.0,0.5158596038818359,625152,1746166867.4647753
31.734375,0.0,423,422,0.6515889167785645,0.20745599269866943,0.013671875,205.513544712,3136,0.1487332433462143,65.23918914794922,0.0014409221475943923,1.0,0.4554857611656189,649728,1746166873.959523
31.7109375,0.0,432,431,0.6515889167785645,0.09486724436283112,0.01497395895421505,209.118892601,3208,0.10090511292219162,65.23918914794922,0.0014409221475943923,1.0,0.4990696310997009,663552,1746166877.564866
31.236980438232422,0.0,433,432,0.6515889167785645,0.09785059094429016,0.010416666977107525,209.520035048,3216,0.1303483098745346,65.23918914794922,0.0014409221475943923,1.0,0.5003837943077087,665088,1746166877.9660058
32.15104293823242,0.0,438,437,0.6515889167785645,0.09083709865808487,0.015625,211.527326728,3256,0.15475426614284515,65.23918914794922,0.0014409221475943923,1.0,0.4834817349910736,672768,1746166879.973296
31.46224021911621,0.0,477,476,0.6515889167785645,0.12477514147758484,0.012369791977107525,227.175645399,3568,0.11015993356704712,65.23918914794922,0.0014409221475943923,1.0,0.4298679828643799,732672,1746166895.621623
32.145835876464844,0.0,480,479,0.6515889167785645,0.1264580935239792,0.01302083395421505,228.379526411,3592,0.1492319107055664,65.23918914794922,0.0014409221475943923,1.0,0.43450042605400085,737280,1746166896.8253717
32.22526168823242,0.0,481,480,0.6515889167785645,0.1270732283592224,0.013671875,228.779162787,3600,0.17831270396709442,65.23918914794922,0.0014409221475943923,1.0,0.43292686343193054,738816,1746166897.2251482
31.701824188232422,0.0,487,486,0.6515889167785645,0.1360774040222168,0.013671875,231.190494137,3648,0.14274096488952637,65.23918914794922,0.0014409221475943923,1.0,0.43824613094329834,748032,1746166899.6364582
31.6875,0.0,493,492,0.6515889167785645,0.14905065298080444,0.01302083395421505,233.599246533,3696,0.1579665243625641,65.23918914794922,0.0014409221475943923,1.0,0.37667351961135864,757248,1746166902.0452414
32.255210876464844,0.0,512,511,0.6515889167785645,0.12770628929138184,0.01497395895421505,241.22469169,3848,0.12423243373632431,65.23918914794922,0.0014409221475943923,1.0,0.3304471969604492,786432,1746166909.670658
31.287761688232422,0.0,538,537,0.6515889167785645,0.11385563015937805,0.009765625,251.646719538,4056,0.10557355731725693,65.23918914794922,0.0014409221475943923,1.0,0.26617324352264404,826368,1746166920.0926826
32.18619918823242,0.0,556,555,0.6515889167785645,0.14849084615707397,0.012369791977107525,258.865430306,4200,0.139553040266037,65.23918914794922,0.0014409221475943923,1.0,0.1796972155570984,854016,1746166927.3114276
29.16536521911621,0.0,563,562,0.6515889167785645,0.1616787612438202,0.0162760429084301,261.679835678,4256,0.05707245320081711,65.23918914794922,0.0014409221475943923,1.0,0.22376008331775665,864768,1746166930.125826
32.19401168823242,0.0,565,564,0.6515889167785645,0.1267797201871872,0.015625,262.480461686,4272,0.1542114019393921,65.23918914794922,0.0014409221475943923,1.0,0.24249474704265594,867840,1746166930.9264317
32.157554626464844,0.0,569,568,0.6515889167785645,0.10006847977638245,0.012369791977107525,264.08454834,4304,0.12272799015045166,65.23918914794922,0.0014409221475943923,1.0,0.20587842166423798,873984,1746166932.5305264
31.944011688232422,0.0,579,578,0.6515889167785645,0.10851338505744934,0.015625,268.094814067,4384,0.15236321091651917,65.23918914794922,0.0014409221475943923,1.0,0.28359293937683105,889344,1746166936.5407841
32.17578125,0.0,604,603,0.6515889167785645,0.1342584639787674,0.01106770895421505,278.127980902,4584,0.20917201042175293,65.23918914794922,0.0014409221475943923,1.0,0.12575043737888336,927744,1746166946.5739546
31.756511688232422,0.0,610,609,0.6515889167785645,0.09135238081216812,0.01497395895421505,280.532739311,4632,0.1949923038482666,65.23918914794922,0.0014409221475943923,1.0,0.14246714115142822,936960,1746166948.978703
30.68099021911621,0.0,613,612,0.6515889167785645,0.10817952454090118,0.012369791977107525,281.73978282,4656,0.15775048732757568,65.23918914794922,0.0014409221475943923,1.0,0.15143197774887085,941568,1746166950.185784
31.912761688232422,0.0,614,613,0.6515889167785645,0.10502666980028152,0.015625,282.138781761,4664,0.21224741637706757,65.23918914794922,0.0014409221475943923,1.0,0.13741400837898254,943104,1746166950.584757
31.82421875,0.0,622,621,0.6515889167785645,0.17489290237426758,0.01171875,285.349917117,4728,0.1738128513097763,65.23918914794922,0.0014409221475943923,1.0,0.19431746006011963,955392,1746166953.7959
32.29166793823242,0.0,633,632,0.6515889167785645,0.17585699260234833,0.014322916977107525,289.752607551,4816,0.2141781747341156,65.23918914794922,0.0014409221475943923,1.0,0.12624964118003845,972288,1746166958.1985803
32.12109375,0.0,647,646,0.6515889167785645,0.14582820236682892,0.015625,295.368338931,4928,0.1813645213842392,65.23918914794922,0.0014409221475943923,1.0,0.06981506943702698,993792,1746166963.8143163
30.85286521911621,0.0,656,655,0.5468029379844666,0.1461840569972992,0.015625,299.073274393,5000,0.16526737809181213,63.312259674072266,0.0,1.0,0.00022613583132624626,1007616,1746166967.5192719
30.086589813232422,0.0,662,661,0.5468029379844666,0.2514110803604126,0.0162760429084301,301.483942179,5048,0.08430613577365875,63.312259674072266,0.0,1.0,-0.07654876261949539,1016832,1746166969.9298944
31.125,0.0,683,682,0.5468029379844666,0.13289675116539001,0.013671875,309.899595539,5216,0.10418188571929932,63.312259674072266,0.0,1.0,-0.2014913707971573,1049088,1746166978.3455968
30.654949188232422,0.0,687,686,0.5468029379844666,0.10953886806964874,0.014322916977107525,311.502795148,5248,0.061240874230861664,63.312259674072266,0.0,1.0,-0.18303236365318298,1055232,1746166979.9487698
30.48567771911621,0.0,689,688,0.5468029379844666,0.12127795070409775,0.014322916977107525,312.305134886,5264,0.11804632842540741,63.312259674072266,0.0,1.0,-0.14550063014030457,1058304,1746166980.7511063
28.71419334411621,0.0,707,706,0.5468029379844666,0.16489042341709137,0.01953125,319.525025147,5408,0.04019137844443321,63.312259674072266,0.0,1.0,-0.15735384821891785,1085952,1746166987.9710128
32.364585876464844,0.0,725,724,0.5468029379844666,0.19366812705993652,0.01497395895421505,326.748473332,5552,0.11940218508243561,63.312259674072266,0.0,1.0,-0.11986153572797775,1113600,1746166995.1944668
32.33203125,0.0,742,741,0.5468029379844666,0.14582595229148865,0.01302083395421505,333.56494203,5688,0.19511735439300537,63.312259674072266,0.0,1.0,-0.14656588435173035,1139712,1746167002.0109339
31.44921875,0.0,747,746,0.5468029379844666,0.12574955821037292,0.015625,335.567807265,5728,0.1877477765083313,63.312259674072266,0.0,1.0,-0.14923135936260223,1147392,1746167004.0137968
32.388023376464844,0.0,761,760,0.5468029379844666,0.12903398275375366,0.01302083395421505,341.188553752,5840,0.19942162930965424,63.312259674072266,0.0,1.0,-0.11777089536190033,1168896,1746167009.6345155
30.93489646911621,0.0,790,789,0.5468029379844666,0.079463891685009,0.014322916977107525,352.827976582,6072,0.19262759387493134,63.312259674072266,0.0,1.0,-0.10140345990657806,1213440,1746167021.2739873
31.93880271911621,0.0,820,819,0.5468029379844666,0.08942298591136932,0.01171875,364.873998663,6312,0.20682165026664734,63.312259674072266,0.0,1.0,-0.04396405443549156,1259520,1746167033.3199909
31.627605438232422,0.0,849,848,0.5468029379844666,0.19637058675289154,0.014322916977107525,376.533616331,6544,0.20666250586509705,63.312259674072266,0.0,1.0,-0.013366314582526684,1304064,1746167044.9796004
32.161460876464844,0.0,850,849,0.5468029379844666,0.1937694102525711,0.015625,376.935017074,6552,0.17208325862884521,63.312259674072266,0.0,1.0,-0.0014860127121210098,1305600,1746167045.381018
30.43359375,0.0,907,906,0.5468029379844666,0.09309908002614975,0.01106770895421505,399.786747339,7008,0.18965765833854675,63.312259674072266,0.0,1.0,-0.10443270206451416,1393152,1746167068.2327375
32.25,0.0,912,911,0.5468029379844666,0.08437828719615936,0.012369791977107525,401.794976613,7048,0.23638758063316345,63.312259674072266,0.0,1.0,-0.12003535032272339,1400832,1746167070.2408984
32.41796875,0.0,913,912,0.5468029379844666,0.07455140352249146,0.013671875,402.196472877,7056,0.2391219139099121,63.312259674072266,0.0,1.0,-0.13386356830596924,1402368,1746167070.6424215
32.282554626464844,0.0,939,938,0.5468029379844666,0.06428951025009155,0.01106770895421505,412.613802068,7264,0.2559199929237366,63.312259674072266,0.0,1.0,-0.16369730234146118,1442304,1746167081.0597844
31.37630271911621,0.0,941,940,0.5468029379844666,0.11265944689512253,0.01106770895421505,413.414794898,7280,0.22908639907836914,63.312259674072266,0.0,1.0,-0.17520564794540405,1445376,1746167081.860766
31.975261688232422,0.0,960,959,0.5468029379844666,0.060970157384872437,0.012369791977107525,421.043430688,7432,0.2840292751789093,63.312259674072266,0.0,1.0,-0.16777214407920837,1474560,1746167089.489347
32.18359375,0.0,966,965,0.5468029379844666,0.057349152863025665,0.01106770895421505,423.448523973,7480,0.2947527766227722,63.312259674072266,0.0,1.0,-0.20692528784275055,1483776,1746167091.8945067
32.188804626464844,0.0,972,971,0.5468029379844666,0.06930702924728394,0.01106770895421505,425.849269903,7528,0.279446005821228,63.312259674072266,0.0,1.0,-0.18825048208236694,1492992,1746167094.2952864
32.31640625,0.0,973,972,0.5468029379844666,0.07568622380495071,0.01106770895421505,426.249892119,7536,0.282198965549469,63.312259674072266,0.0,1.0,-0.19677852094173431,1494528,1746167094.6958811
32.013023376464844,0.0,974,973,0.5468029379844666,0.05571559816598892,0.01302083395421505,426.651973702,7544,0.28655099868774414,63.312259674072266,0.0,1.0,-0.18481048941612244,1496064,1746167095.097699
31.91796875,0.0,983,982,0.5859039425849915,0.07039336115121841,0.015625,430.355790741,7616,0.271848201751709,64.17089080810547,0.0,0.9999999403953552,-0.23969483375549316,1509888,1746167098.8017397
31.72005271911621,0.0,1006,1005,0.5859039425849915,0.16206768155097961,0.01106770895421505,439.579606987,7800,0.2662198543548584,64.17089080810547,0.0,0.9999999403953552,-0.12569838762283325,1545216,1746167108.0255766
32.25260543823242,0.0,1019,1018,0.5859039425849915,0.06818987429141998,0.015625,444.804273798,7904,0.28684982657432556,64.17089080810547,0.0,0.9999999403953552,-0.15990935266017914,1565184,1746167113.250255
32.34765625,0.0,1032,1031,0.5859039425849915,0.04566499590873718,0.01302083395421505,450.021958155,8008,0.25783413648605347,64.17089080810547,0.0,0.9999999403953552,-0.2849069833755493,1585152,1746167118.467918
32.01823043823242,0.0,1044,1043,0.5859039425849915,0.05386047437787056,0.013671875,454.839068688,8104,0.2428353726863861,64.17089080810547,0.0,0.9999999403953552,-0.3684784471988678,1603584,1746167123.2850487
31.6640625,0.0,1071,1070,0.5859039425849915,0.08345410227775574,0.01106770895421505,465.663035409,8320,0.3003140687942505,64.17089080810547,0.0,0.9999999403953552,-0.3610844016075134,1645056,1746167134.1090171
32.227867126464844,0.0,1074,1073,0.5859039425849915,0.04053320735692978,0.014322916977107525,466.863965216,8344,0.30182167887687683,64.17089080810547,0.0,0.9999999403953552,-0.2887307405471802,1649664,1746167135.3099525
31.1796875,0.0,1079,1078,0.5859039425849915,0.034964799880981445,0.01171875,468.874447774,8384,0.3170660734176636,64.17089080810547,0.0,0.9999999403953552,-0.28705692291259766,1657344,1746167137.3203194
31.61458396911621,0.0,1087,1086,0.5859039425849915,0.09303942322731018,0.01497395895421505,472.080731158,8448,0.30284565687179565,64.17089080810547,0.0,0.9999999403953552,-0.31097882986068726,1669632,1746167140.5267048
32.15494918823242,0.0,1101,1100,0.5859039425849915,0.031196750700473785,0.013671875,477.686965641,8560,0.3348011374473572,64.17089080810547,0.0,0.9999999403953552,-0.3431146442890167,1691136,1746167146.132958
32.1484375,0.0,1112,1111,0.5859039425849915,0.05566743016242981,0.012369791977107525,482.103351496,8648,0.3346511721611023,64.17089080810547,0.0,0.9999999403953552,-0.33640849590301514,1708032,1746167150.549329
31.330730438232422,0.0,1122,1121,0.5859039425849915,0.02799021080136299,0.01171875,486.110868094,8728,0.35270223021507263,64.17089080810547,0.0,0.9999999403953552,-0.3743584156036377,1723392,1746167154.5568388
30.38671875,0.02669270895421505,1144,1143,0.5859039425849915,0.029918886721134186,0.01106770895421505,494.934129037,8904,0.3517274856567383,64.17089080810547,0.0,0.9999999403953552,-0.4203197658061981,1757184,1746167163.3801253
32.23828125,0.0,1147,1146,0.5859039425849915,0.03255300223827362,0.014322916977107525,496.138148133,8928,0.3659283518791199,64.17089080810547,0.0,0.9999999403953552,-0.428378164768219,1761792,1746167164.5841367
32.0625,0.0,1148,1147,0.5859039425849915,0.03066994622349739,0.013671875,496.538034739,8936,0.3615618646144867,64.17089080810547,0.0,0.9999999403953552,-0.40364140272140503,1763328,1746167164.984025
31.842449188232422,0.033203125,1152,1151,0.5859039425849915,0.02443647012114525,0.012369791977107525,498.14035783,8968,0.4102059602737427,64.17089080810547,0.0,0.9999999403953552,-0.4161268472671509,1769472,1746167166.5863388
32.25,0.0,1157,1156,0.5859039425849915,0.021862398833036423,0.01302083395421505,500.146123787,9008,0.36438870429992676,64.17089080810547,0.0,0.9999999403953552,-0.39394673705101013,1777152,1746167168.5921063
31.490886688232422,0.0,1163,1162,0.5859039425849915,0.02286873385310173,0.012369791977107525,502.560955146,9056,0.3636361062526703,64.17089080810547,0.0,0.9999999403953552,-0.3935368061065674,1786368,1746167171.006929
31.90625,0.0,1167,1166,0.5859039425849915,0.026657337322831154,0.01106770895421505,504.168141858,9088,0.3473454415798187,64.17089080810547,0.0,0.9999999403953552,-0.39661315083503723,1792512,1746167172.6141312
32.05078125,0.0319010429084301,1169,1168,0.5859039425849915,0.06184384971857071,0.01302083395421505,504.968702508,9104,0.39775413274765015,64.17089080810547,0.0,0.9999999403953552,-0.47347283363342285,1795584,1746167173.4146993
32.325523376464844,0.0,1188,1187,0.5859039425849915,0.04364071041345596,0.01106770895421505,512.595245522,9256,0.3321770429611206,64.17089080810547,0.0,0.9999999403953552,-0.5253828167915344,1824768,1746167181.0412445
30.881511688232422,0.0,1218,1217,0.5859039425849915,0.019994616508483887,0.009765625,524.640301303,9496,0.3313097357749939,64.17089080810547,0.0,0.9999999403953552,-0.5037248134613037,1870848,1746167193.0862918
29.959636688232422,0.0,1222,1221,0.5859039425849915,0.03999386727809906,0.01171875,526.2451675,9528,0.3092265725135803,64.17089080810547,0.0,0.9999999403953552,-0.5654245018959045,1876992,1746167194.6911514
31.416667938232422,0.0,1232,1231,0.5859039425849915,0.022697988897562027,0.010416666977107525,530.25262659,9608,0.3497443199157715,64.17089080810547,0.0,0.9999999403953552,-0.544812023639679,1892352,1746167198.6985943
31.16015625,0.0,1236,1235,0.5859039425849915,0.01581556908786297,0.01302083395421505,531.857426937,9640,0.36538881063461304,64.17089080810547,0.0,0.9999999403953552,-0.5390069484710693,1898496,1746167200.3034267
31.694011688232422,0.0,1246,1245,0.5859039425849915,0.021786268800497055,0.00911458395421505,535.869070154,9720,0.3665175139904022,64.17089080810547,0.0,0.9999999403953552,-0.5280900597572327,1913856,1746167204.3150408
30.9296875,0.0403645858168602,1258,1257,0.5859039425849915,0.019725244492292404,0.01171875,540.68797205,9816,0.3984804153442383,64.17089080810547,0.0,0.9999999403953552,-0.5257100462913513,1932288,1746167209.1339192
31.31640625,0.0,1276,1275,0.5859039425849915,0.016834251582622528,0.01106770895421505,547.900228387,9960,0.3505912721157074,64.17089080810547,0.0,0.9999999403953552,-0.5427771806716919,1959936,1746167216.3462193
31.580730438232422,0.02864583395421505,1280,1279,0.5859039425849915,0.01793026365339756,0.01171875,549.527782219,9992,0.39353689551353455,64.17089080810547,0.0,0.9999999403953552,-0.5330911874771118,1966080,1746167217.9737468
31.529949188232422,0.0,1282,1281,0.5859039425849915,0.023478683084249496,0.009765625,550.329518483,10008,0.37266409397125244,64.17089080810547,0.0,0.9999999403953552,-0.5174453258514404,1969152,1746167218.7754862
31.248699188232422,0.0436197929084301,1365,1364,0.7817797064781189,0.020960059016942978,0.00911458395421505,583.738303796,10672,0.40372222661972046,67.0526351928711,0.019548872485756874,1.0,-0.4953935742378235,2096640,1746167252.1842704
31.828125,0.076171875,1381,1380,0.7817797064781189,0.022917145863175392,0.009765625,590.165852792,10800,0.44715356826782227,67.0526351928711,0.019548872485756874,1.0,-0.4386283755302429,2121216,1746167258.6118152
31.13020896911621,0.0345052108168602,1383,1382,0.7817797064781189,0.027235694229602814,0.01106770895421505,590.967400429,10816,0.3746297359466553,67.0526351928711,0.019548872485756874,1.0,-0.46451330184936523,2124288,1746167259.4133923
31.40234375,0.0,1409,1408,0.7817797064781189,0.01874437928199768,0.00911458395421505,601.454203266,11024,0.36381959915161133,67.0526351928711,0.019548872485756874,1.0,-0.48520463705062866,2164224,1746167269.9000847
30.932292938232422,0.076171875,1415,1414,0.7817797064781189,0.035070061683654785,0.00911458395421505,603.873715871,11072,0.42858216166496277,67.0526351928711,0.019548872485756874,1.0,-0.491138756275177,2173440,1746167272.319467
31.88411521911621,0.0377604179084301,1419,1418,0.7817797064781189,0.02654484659433365,0.008463541977107525,605.485386602,11104,0.41860878467559814,67.0526351928711,0.019548872485756874,1.0,-0.49445009231567383,2179584,1746167273.9311352
29.8671875,0.072265625,1433,1432,0.7817797064781189,0.027895130217075348,0.00911458395421505,611.12779468,11216,0.4124383330345154,67.0526351928711,0.019548872485756874,1.0,-0.4555536210536957,2201088,1746167279.573572
31.197917938232422,0.09375,1449,1448,0.7817797064781189,0.024572014808654785,0.010416666977107525,617.582176108,11344,0.4611791968345642,67.0526351928711,0.019548872485756874,1.0,-0.4813291132450104,2225664,1746167286.0279624
30.549480438232422,0.0755208358168602,1457,1456,0.7817797064781189,0.03713665157556534,0.0078125,620.807308874,11408,0.4413336217403412,67.0526351928711,0.019548872485756874,1.0,-0.5894646048545837,2237952,1746167289.2530124
32.235679626464844,0.0345052108168602,1462,1461,0.7817797064781189,0.055955395102500916,0.008463541977107525,622.824148028,11448,0.41722604632377625,67.0526351928711,0.019548872485756874,1.0,-0.5841909646987915,2245632,1746167291.2699218
31.22005271911621,0.0,1477,1476,0.7817797064781189,0.028053995221853256,0.010416666977107525,628.872816789,11568,0.35310858488082886,67.0526351928711,0.019548872485756874,1.0,-0.550240159034729,2268672,1746167297.3185778
30.46484375,0.0989583358168602,1483,1482,0.7817797064781189,0.04413600265979767,0.00911458395421505,631.293427273,11616,0.44707006216049194,67.0526351928711,0.019548872485756874,1.0,-0.5256917476654053,2277888,1746167299.7391682
31.9375,0.0716145858168602,1492,1491,0.7817797064781189,0.041480451822280884,0.009765625,634.924500677,11688,0.44781550765037537,67.0526351928711,0.019548872485756874,1.0,-0.4589996039867401,2291712,1746167303.3702888
30.04036521911621,0.0690104216337204,1496,1495,0.7817797064781189,0.04101423919200897,0.0078125,636.535892586,11720,0.4076012074947357,67.0526351928711,0.019548872485756874,1.0,-0.4613177478313446,2297856,1746167304.9817014
31.2265625,0.1022135466337204,1512,1511,0.7817797064781189,0.03767848759889603,0.00911458395421505,642.98703799,11848,0.4788241386413574,67.0526351928711,0.019548872485756874,1.0,-0.43538498878479004,2322432,1746167311.4328468
27.217449188232422,0.19921875,1573,1572,0.7817797064781189,0.060685884207487106,0.0078125,667.541257391,12336,0.5133428573608398,67.0526351928711,0.019548872485756874,1.0,-0.4324979782104492,2416128,1746167335.9872344
28.80859375,0.109375,1595,1594,0.7817797064781189,0.05851377546787262,0.008463541977107525,676.391462575,12512,0.43718644976615906,67.0526351928711,0.019548872485756874,1.0,-0.4477412700653076,2449920,1746167344.837415
28.361980438232422,0.1302083432674408,1616,1615,0.7817797064781189,0.07065366208553314,0.0078125,684.845240793,12680,0.4490962028503418,67.0526351928711,0.019548872485756874,1.0,-0.4267624020576477,2482176,1746167353.2912018
29.674480438232422,0.1673177182674408,1625,1624,1.4530237913131714,0.0778733342885971,0.008463541977107525,688.566156373,12752,0.5248254537582397,77.92279815673828,0.5128676295280457,1.0,-0.48685020208358765,2496000,1746167357.0121157
29.678386688232422,0.03125,1659,1658,1.4530237913131714,0.08431409299373627,0.0078125,702.25261567,13024,0.3571988046169281,77.92279815673828,0.5128676295280457,1.0,-0.42730388045310974,2548224,1746167370.6985834
27.936199188232422,0.1569010466337204,1673,1672,1.4530237913131714,0.08734388649463654,0.0078125,707.885435241,13136,0.4820525050163269,77.92279815673828,0.5128676295280457,1.0,-0.41098129749298096,2569728,1746167376.331417
29.72786521911621,0.162109375,1674,1673,1.4530237913131714,0.09478138387203217,0.00911458395421505,708.287918934,13144,0.502548336982727,77.92279815673828,0.5128676295280457,1.0,-0.4142255187034607,2571264,1746167376.733883
28.86849021911621,0.1516927182674408,1703,1702,1.4530237913131714,0.10865995287895203,0.008463541977107525,719.954199749,13376,0.49702438712120056,77.92279815673828,0.5128676295280457,1.0,-0.42122963070869446,2615808,1746167388.4001791
29.81770896911621,0.1744791716337204,1706,1705,1.4530237913131714,0.11607352644205093,0.0078125,721.161968971,13400,0.5278327465057373,77.92279815673828,0.5128676295280457,1.0,-0.33505329489707947,2620416,1746167389.6079597
30.19921875,0.2063802182674408,1715,1714,1.4530237913131714,0.13119888305664062,0.008463541977107525,724.805912702,13472,0.5752180814743042,77.92279815673828,0.5128676295280457,1.0,-0.3445109724998474,2634240,1746167393.251889
27.944011688232422,0.1009114608168602,1725,1724,1.4530237913131714,0.14537730813026428,0.0078125,728.827688252,13552,0.3982993960380554,77.92279815673828,0.5128676295280457,1.0,-0.3660026490688324,2649600,1746167397.2736592
30.307292938232422,0.0748697966337204,1727,1726,1.4530237913131714,0.1494712382555008,0.0078125,729.632040166,13568,0.4254762530326843,77.92279815673828,0.5128676295280457,1.0,-0.3639954924583435,2652672,1746167398.0779765
29.67578125,0.1751302182674408,1729,1728,1.4530237913131714,0.16688615083694458,0.0078125,730.43659803,13584,0.5402926206588745,77.92279815673828,0.5128676295280457,1.0,-0.34921500086784363,2655744,1746167398.8825455
27.850261688232422,0.2083333432674408,1735,1734,1.4530237913131714,0.11701683700084686,0.0078125,732.852379162,13632,0.5411232709884644,77.92279815673828,0.5128676295280457,1.0,-0.35437995195388794,2664960,1746167401.2983336
30.13802146911621,0.2252604216337204,1737,1736,1.4530237913131714,0.14665967226028442,0.0078125,733.656585802,13648,0.580990731716156,77.92279815673828,0.5128676295280457,1.0,-0.35199296474456787,2668032,1746167402.1025765
26.73567771911621,0.1471354216337204,1749,1748,1.4530237913131714,0.17369621992111206,0.0078125,738.4845885,13744,0.4481576085090637,77.92279815673828,0.5128676295280457,1.0,-0.41531044244766235,2686464,1746167406.9305637
27.90625,0.1484375,1760,1759,1.4530237913131714,0.15911036729812622,0.0078125,742.912602534,13832,0.48555096983909607,77.92279815673828,0.5128676295280457,1.0,-0.48218125104904175,2703360,1746167411.3585827
28.31380271911621,0.1796875,1812,1811,1.4530237913131714,0.15588513016700745,0.0078125,763.835917419,14248,0.4955253601074219,77.92279815673828,0.5128676295280457,1.0,-0.3231201767921448,2783232,1746167432.2818878
28.62890625,0.1848958432674408,1831,1830,1.4530237913131714,0.1675698161125183,0.0078125,771.487335884,14400,0.520654559135437,77.92279815673828,0.5128676295280457,1.0,-0.31310856342315674,2812416,1746167439.9332557
28.330730438232422,0.1354166716337204,1851,1850,1.4530237913131714,0.22443881630897522,0.0078125,779.535030546,14560,0.46166372299194336,77.92279815673828,0.5128676295280457,1.0,-0.26835113763809204,2843136,1746167447.9809935
29.29036521911621,0.26171875,1877,1876,1.4530237913131714,0.21465259790420532,0.0078125,789.99572839,14768,0.6316864490509033,77.92279815673828,0.5128676295280457,1.0,-0.31772491335868835,2883072,1746167458.4416847
30.18099021911621,0.255859375,1882,1881,1.4530237913131714,0.20225155353546143,0.008463541977107525,792.007168615,14808,0.6380356550216675,77.92279815673828,0.5128676295280457,1.0,-0.34103941917419434,2890752,1746167460.4531407
31.00130271911621,0.2115885466337204,1897,1896,1.4530237913131714,0.16552329063415527,0.0078125,798.04526345,14928,0.5988770723342896,77.92279815673828,0.5128676295280457,1.0,-0.38872793316841125,2913792,1746167466.4912496
30.05989646911621,0.2278645932674408,1900,1899,1.4530237913131714,0.17928940057754517,0.0078125,799.251986515,14952,0.5843675136566162,77.92279815673828,0.5128676295280457,1.0,-0.31233882904052734,2918400,1746167467.6979532
27.643230438232422,0.2044270932674408,1921,1920,1.4530237913131714,0.24232828617095947,0.0078125,807.708653289,15120,0.5225863456726074,77.92279815673828,0.5128676295280457,1.0,-0.2951595187187195,2950656,1746167476.1545076
30.2578125,0.2454427182674408,1925,1924,1.4530237913131714,0.23330742120742798,0.008463541977107525,809.317533202,15152,0.6247053146362305,77.92279815673828,0.5128676295280457,1.0,-0.2505728006362915,2956800,1746167477.7635117
30.529949188232422,0.33984375,1926,1925,1.4530237913131714,0.23464924097061157,0.008463541977107525,809.719796302,15160,0.7350130081176758,77.92279815673828,0.5128676295280457,1.0,-0.2747100591659546,2958336,1746167478.1657953
29.322917938232422,0.2395833432674408,1946,1945,1.4530237913131714,0.27096670866012573,0.0078125,817.770608915,15320,0.5950592756271362,77.92279815673828,0.5128676295280457,1.0,-0.24374347925186157,2989056,1746167486.2166007
29.678386688232422,0.3072916865348816,1959,1958,1.7998197078704834,0.2423567771911621,0.0078125,823.101271982,15424,0.6849945783615112,76.36295318603516,0.8185255527496338,1.0,-0.23789219558238983,3009024,1746167491.5472364
26.94140625,0.1451822966337204,1974,1973,1.7998197078704834,0.23328113555908203,0.0078125,829.137360486,15544,0.4399247169494629,76.36295318603516,0.8185255527496338,1.0,-0.27819934487342834,3032064,1746167497.5833406
28.901042938232422,0.2356770932674408,1975,1974,1.7998197078704834,0.1986617147922516,0.0078125,829.539415402,15552,0.5901623964309692,76.36295318603516,0.8185255527496338,1.0,-0.31981340050697327,3033600,1746167497.9853902
30.7109375,0.3138020932674408,1976,1975,1.7998197078704834,0.2090936154127121,0.008463541977107525,829.941507108,15560,0.7063314318656921,76.36295318603516,0.8185255527496338,1.0,-0.3291778564453125,3035136,1746167498.387492
30.045574188232422,0.2643229365348816,2002,2001,1.7998197078704834,0.22555284202098846,0.0078125,840.402337854,15768,0.6474075317382812,76.36295318603516,0.8185255527496338,1.0,-0.19553807377815247,3075072,1746167508.8483028
29.80859375,0.314453125,2010,2009,1.7998197078704834,0.23718909919261932,0.0078125,843.622226126,15832,0.6967194080352783,76.36295318603516,0.8185255527496338,1.0,-0.17738905549049377,3087360,1746167512.0682166
30.06380271911621,0.1907552182674408,2029,2028,1.7998197078704834,0.23534828424453735,0.00911458395421505,851.26917327,15984,0.557712972164154,76.36295318603516,0.8185255527496338,1.0,-0.25638991594314575,3116544,1746167519.7151334
29.904949188232422,0.3125,2048,2047,1.7998197078704834,0.23297330737113953,0.0078125,858.921800657,16136,0.6948598623275757,76.36295318603516,0.8185255527496338,1.0,-0.1556151807308197,3145728,1746167527.3677697
29.00520896911621,0.2897135615348816,2052,2051,1.7998197078704834,0.2794152498245239,0.0078125,860.53101918,16168,0.6440644264221191,76.36295318603516,0.8185255527496338,1.0,-0.2300003319978714,3151872,1746167528.9769902
31.29427146911621,0.4127604365348816,2061,2060,1.7998197078704834,0.2112870216369629,0.0078125,864.152266923,16240,0.8255208730697632,76.36295318603516,0.8185255527496338,1.0,-0.2626066505908966,3165696,1746167532.5982606
28.20833396911621,0.1692708432674408,2078,2077,1.7998197078704834,0.253261923789978,0.0078125,870.995762778,16376,0.48159393668174744,76.36295318603516,0.8185255527496338,1.0,-0.34201952815055847,3191808,1746167539.4417162
28.69270896911621,0.2102864682674408,2082,2081,1.7998197078704834,0.2956247925758362,0.0078125,872.604955789,16408,0.5452830791473389,76.36295318603516,0.8185255527496338,1.0,-0.3225919008255005,3197952,1746167541.0508995
29.912761688232422,0.2669270932674408,2085,2084,1.7998197078704834,0.25661444664001465,0.0078125,873.811935263,16432,0.6352832317352295,76.36295318603516,0.8185255527496338,1.0,-0.3936663866043091,3202560,1746167542.2579002
27.846355438232422,0.1243489608168602,2087,2086,1.7998197078704834,0.2630847096443176,0.0078125,874.617481322,16448,0.43975019454956055,76.36295318603516,0.8185255527496338,1.0,-0.41653120517730713,3205632,1746167543.0634494
29.537761688232422,0.2447916716337204,2101,2100,1.7998197078704834,0.2683180272579193,0.0078125,880.249929507,16560,0.5937079191207886,76.36295318603516,0.8185255527496338,1.0,-0.42027246952056885,3227136,1746167548.6958961
30.049480438232422,0.1438802182674408,2104,2103,1.7998197078704834,0.29193490743637085,0.008463541977107525,881.457282997,16584,0.4946199059486389,76.36295318603516,0.8185255527496338,1.0,-0.46238794922828674,3231744,1746167549.9032576
27.98046875,0.18359375,2124,2123,1.7998197078704834,0.2348739355802536,0.0078125,889.5029812,16744,0.5049983859062195,76.36295318603516,0.8185255527496338,1.0,-0.42464327812194824,3262464,1746167557.9489446
30.299480438232422,0.20703125,2133,2132,1.7998197078704834,0.21745602786540985,0.008463541977107525,893.124359532,16816,0.580620527267456,76.36295318603516,0.8185255527496338,1.0,-0.3671953082084656,3276288,1746167561.5703402
30.361980438232422,0.2936198115348816,2145,2144,1.7998197078704834,0.2017899453639984,0.0078125,897.971140749,16912,0.6820143461227417,76.36295318603516,0.8185255527496338,1.0,-0.37828806042671204,3294720,1746167566.4170978
29.651042938232422,0.2701823115348816,2146,2145,1.7998197078704834,0.19483548402786255,0.0078125,898.373638118,16920,0.6344482898712158,76.36295318603516,0.8185255527496338,1.0,-0.3900972306728363,3296256,1746167566.8195508
28.131511688232422,0.123046875,2147,2146,1.7998197078704834,0.188772052526474,0.0078125,898.77594784,16928,0.4406932294368744,76.36295318603516,0.8185255527496338,1.0,-0.40815073251724243,3297792,1746167567.221928
30.26171875,0.1438802182674408,2150,2149,1.7998197078704834,0.21017804741859436,0.008463541977107525,899.982526231,16952,0.49691319465637207,76.36295318603516,0.8185255527496338,1.0,-0.4008600413799286,3302400,1746167568.4285052
29.822917938232422,0.26953125,2157,2156,1.7998197078704834,0.2960367202758789,0.0078125,902.80609218,17008,0.6396315097808838,76.36295318603516,0.8185255527496338,1.0,-0.37790584564208984,3313152,1746167571.2520664
29.8359375,0.2376302182674408,2192,2191,1.7998197078704834,0.17875677347183228,0.0078125,916.887389664,17288,0.6035696268081665,76.36295318603516,0.8185255527496338,1.0,-0.4463249444961548,3366912,1746167585.3333616
29.9140625,0.1861979216337204,2211,2210,1.7998197078704834,0.2560664713382721,0.0078125,924.538004188,17440,0.5433124899864197,76.36295318603516,0.8185255527496338,1.0,-0.4160412549972534,3396096,1746167592.9839532
28.64192771911621,0.2018229216337204,2219,2218,1.7998197078704834,0.23512738943099976,0.0078125,927.755923714,17504,0.5307859778404236,76.36295318603516,0.8185255527496338,1.0,-0.3968440890312195,3408384,1746167596.2018914
29.623699188232422,0.2643229365348816,2252,2251,1.7998197078704834,0.2592317461967468,0.008463541977107525,941.037955377,17768,0.6309312582015991,76.36295318603516,0.8185255527496338,1.0,-0.33391833305358887,3459072,1746167609.483919
28.20703125,0.1712239682674408,2261,2260,1.7998197078704834,0.24694512784481049,0.0078125,944.657941846,17840,0.49078115820884705,76.36295318603516,0.8185255527496338,1.0,-0.3275963068008423,3472896,1746167613.1039193
30.21614646911621,0.3502604365348816,2286,2285,1.697833776473999,0.2395869791507721,0.0078125,954.816976915,18040,0.7270781993865967,77.42638397216797,0.7304015159606934,1.0,-0.2999238967895508,3511296,1746167623.2629623
30.787761688232422,0.2942708432674408,2303,2302,1.697833776473999,0.23443329334259033,0.0078125,961.656028658,18176,0.6875529289245605,77.42638397216797,0.7304015159606934,1.0,-0.32747960090637207,3537408,1746167630.1020079
28.47395896911621,0.1686197966337204,2320,2319,1.697833776473999,0.237521231174469,0.0078125,968.494770594,18312,0.4874568581581116,77.42638397216797,0.7304015159606934,1.0,-0.23816342651844025,3563520,1746167636.9407225
27.0078125,0.1861979216337204,2353,2352,1.697833776473999,0.20681560039520264,0.0078125,981.774947303,18576,0.5006083846092224,77.42638397216797,0.7304015159606934,1.0,-0.29011470079421997,3614208,1746167650.2209153
27.428386688232422,0.1575520932674408,2365,2364,1.697833776473999,0.20562317967414856,0.0078125,986.602756026,18672,0.4662293791770935,77.42638397216797,0.7304015159606934,1.0,-0.26206648349761963,3632640,1746167655.04872
28.63802146911621,0.1451822966337204,2369,2368,1.697833776473999,0.19657380878925323,0.0078125,988.211870371,18704,0.48066768050193787,77.42638397216797,0.7304015159606934,1.0,-0.34794533252716064,3638784,1746167656.6578362
28.72005271911621,0.2571614682674408,2376,2375,1.697833776473999,0.26263001561164856,0.0078125,991.031399496,18760,0.6014752984046936,77.42638397216797,0.7304015159606934,1.0,-0.27495917677879333,3649536,1746167659.4773688
28.31770896911621,0.2727864682674408,2382,2381,1.697833776473999,0.22958534955978394,0.0078125,993.445456792,18808,0.6272940039634705,77.42638397216797,0.7304015159606934,1.0,-0.25068768858909607,3658752,1746167661.8914258
29.171875,0.3014323115348816,2408,2407,1.697833776473999,0.21747629344463348,0.0078125,1003.915072031,19016,0.66459059715271,77.42638397216797,0.7304015159606934,1.0,-0.30888766050338745,3698688,1746167672.3610415
29.18099021911621,0.291015625,2420,2419,1.697833776473999,0.23197665810585022,0.0078125,1008.745995185,19112,0.6526718735694885,77.42638397216797,0.7304015159606934,1.0,-0.4054751694202423,3717120,1746167677.1919777
28.455730438232422,0.2962239682674408,2421,2420,1.697833776473999,0.24591311812400818,0.0078125,1009.148278724,19120,0.644856870174408,77.42638397216797,0.7304015159606934,1.0,-0.4097490608692169,3718656,1746167677.594243
30.69140625,0.3756510615348816,2431,2430,1.697833776473999,0.2423621416091919,0.0078125,1013.171880253,19200,0.7778387069702148,77.42638397216797,0.7304015159606934,1.0,-0.39949268102645874,3734016,1746167681.6178021
28.8359375,0.248046875,2432,2431,1.697833776473999,0.3423817753791809,0.0078125,1013.574142449,19208,0.5910899639129639,77.42638397216797,0.7304015159606934,1.0,-0.38747406005859375,3735552,1746167682.0200965
28.30859375,0.2649739682674408,2475,2474,1.697833776473999,0.17710165679454803,0.0078125,1030.878064327,19552,0.594673752784729,77.42638397216797,0.7304015159606934,1.0,-0.3074159622192383,3801600,1746167699.324031
28.59114646911621,0.3040364682674408,2507,2506,1.697833776473999,0.1881711632013321,0.0078125,1043.754751665,19808,0.652962327003479,77.42638397216797,0.7304015159606934,1.0,-0.28749144077301025,3850752,1746167712.200729
30.50390625,0.2766927182674408,2526,2525,1.697833776473999,0.20680443942546844,0.0078125,1051.402898939,19960,0.6613566875457764,77.42638397216797,0.7304015159606934,1.0,-0.41168099641799927,3879936,1746167719.8488624
27.99609375,0.2819010615348816,2541,2540,1.697833776473999,0.21207183599472046,0.0078125,1057.435739758,20080,0.6206380724906921,77.42638397216797,0.7304015159606934,1.0,-0.3541502058506012,3902976,1746167725.8817146
27.52734375,0.234375,2547,2546,1.697833776473999,0.19234776496887207,0.0078125,1059.849214551,20128,0.5501272082328796,77.42638397216797,0.7304015159606934,1.0,-0.29608482122421265,3912192,1746167728.295188
29.55208396911621,0.3118489682674408,2555,2554,1.697833776473999,0.15280741453170776,0.008463541977107525,1063.068024713,20192,0.6990258097648621,77.42638397216797,0.7304015159606934,1.0,-0.3933759033679962,3924480,1746167731.5139925
29.104167938232422,0.2604166865348816,2564,2563,1.697833776473999,0.22855287790298462,0.0078125,1066.692956963,20264,0.6211936473846436,77.42638397216797,0.7304015159606934,1.0,-0.3114427924156189,3938304,1746167735.1389208
30.205730438232422,0.263671875,2573,2572,1.697833776473999,0.15378674864768982,0.0078125,1070.315034,20336,0.6406337022781372,77.42638397216797,0.7304015159606934,1.0,-0.30005502700805664,3952128,1746167738.7610023
30.29296875,0.3489583432674408,2575,2574,1.697833776473999,0.17092421650886536,0.0078125,1071.139987805,20352,0.7395080924034119,77.42638397216797,0.7304015159606934,1.0,-0.322685182094574,3955200,1746167739.565451
31.58984375,0.4088541865348816,2594,2593,1.697833776473999,0.18832513689994812,0.0078125,1078.782292647,20504,0.8504232168197632,77.42638397216797,0.7304015159606934,1.0,-0.2527409791946411,3984384,1746167747.2282703
28.971355438232422,0.3196614682674408,2604,2603,1.8396371603012085,0.173408642411232,0.0078125,1082.910540607,20584,0.6947245597839355,77.76923370361328,0.8499062061309814,1.0,-0.23658044636249542,3999744,1746167751.3565211
29.78515625,0.3600260615348816,2609,2608,1.8396371603012085,0.16014689207077026,0.0078125,1084.921693557,20624,0.7616521716117859,77.76923370361328,0.8499062061309814,1.0,-0.2854948043823242,4007424,1746167753.3676572
29.959636688232422,0.3671875,2627,2626,1.8396371603012085,0.16261425614356995,0.0078125,1092.165948822,20768,0.7528159022331238,77.76923370361328,0.8499062061309814,1.0,-0.3120412230491638,4035072,1746167760.6119082
30.89192771911621,0.3717448115348816,2644,2643,1.8396371603012085,0.15872830152511597,0.0078125,1099.006423171,20904,0.7883504629135132,77.76923370361328,0.8499062061309814,1.0,-0.37648287415504456,4061184,1746167767.4523969
30.037761688232422,0.3587239682674408,2645,2644,1.8396371603012085,0.13446414470672607,0.008463541977107525,1099.408747464,20912,0.7553498148918152,77.76923370361328,0.8499062061309814,1.0,-0.3581508696079254,4062720,1746167767.8547084
31.28515625,0.42578125,2654,2653,1.8396371603012085,0.15181535482406616,0.0078125,1103.032289659,20984,0.8515625,77.76923370361328,0.8499062061309814,1.0,-0.3814271092414856,4076544,1746167771.478233
29.885417938232422,0.2552083432674408,2674,2673,1.8396371603012085,0.1394893229007721,0.0078125,1111.08364483,21144,0.6211307048797607,77.76923370361328,0.8499062061309814,1.0,-0.27379950881004333,4107264,1746167779.5295715
29.24349021911621,0.3248698115348816,2682,2681,1.8396371603012085,0.1666245013475418,0.0078125,1114.302132594,21208,0.6995329260826111,77.76923370361328,0.8499062061309814,1.0,-0.22150525450706482,4119552,1746167782.7480876
29.34375,0.3352864682674408,2685,2684,1.8396371603012085,0.2518947124481201,0.0078125,1115.50902455,21232,0.6917216777801514,77.76923370361328,0.8499062061309814,1.0,-0.2738999128341675,4124160,1746167783.9550002
27.79296875,0.2610677182674408,2709,2708,1.8396371603012085,0.2025502324104309,0.0078125,1125.164196431,21424,0.5965251326560974,77.76923370361328,0.8499062061309814,1.0,-0.27077192068099976,4161024,1746167793.6101456
30.44140625,0.3072916865348816,2716,2715,1.8396371603012085,0.1895383596420288,0.0078125,1127.984145812,21480,0.6981472969055176,77.76923370361328,0.8499062061309814,1.0,-0.30252671241760254,4171776,1746167796.430121
31.80599021911621,0.4544270932674408,2759,2758,1.8396371603012085,0.16983959078788757,0.0078125,1145.286185346,21824,0.9088541865348816,77.76923370361328,0.8499062061309814,1.0,-0.22806769609451294,4237824,1746167813.7321603
28.34895896911621,0.2024739682674408,2761,2760,1.8396371603012085,0.20305074751377106,0.00911458395421505,1146.091379113,21840,0.5557416677474976,77.76923370361328,0.8499062061309814,1.0,-0.2430877387523651,4240896,1746167814.5372803
30.05989646911621,0.341796875,2768,2767,1.8396371603012085,0.1814344823360443,0.0078125,1148.906770431,21896,0.7316497564315796,77.76923370361328,0.8499062061309814,1.0,-0.27684006094932556,4251648,1746167817.3527586
28.979167938232422,0.283203125,2795,2794,1.8396371603012085,0.15701515972614288,0.0078125,1159.774873967,22112,0.648648202419281,77.76923370361328,0.8499062061309814,1.0,-0.2950804829597473,4293120,1746167828.220834
29.11458396911621,0.2786458432674408,2834,2833,1.8396371603012085,0.13029292225837708,0.00911458395421505,1175.474448836,22424,0.6458476781845093,77.76923370361328,0.8499062061309814,1.0,-0.32252663373947144,4353024,1746167843.9204261
30.3828125,0.2708333432674408,2839,2838,1.8396371603012085,0.13030199706554413,0.008463541977107525,1177.485710047,22464,0.6489919424057007,77.76923370361328,0.8499062061309814,1.0,-0.33497750759124756,4360704,1746167845.9316707
30.93489646911621,0.3424479365348816,2852,2851,1.8396371603012085,0.135000541806221,0.00911458395421505,1182.716712381,22568,0.7607520818710327,77.76923370361328,0.8499062061309814,1.0,-0.2867354154586792,4380672,1746167851.1626942
29.795574188232422,0.3268229365348816,2871,2870,1.8396371603012085,0.11897686123847961,0.0078125,1190.360717333,22720,0.7139533758163452,77.76923370361328,0.8499062061309814,1.0,-0.3341132402420044,4409856,1746167858.8066537
29.62109375,0.3125,2900,2899,1.8396371603012085,0.12390931695699692,0.0078125,1202.038075153,22952,0.6880158185958862,77.76923370361328,0.8499062061309814,1.0,-0.3724321126937866,4454400,1746167870.484051
31.12630271911621,0.3450520932674408,2922,2921,1.8396371603012085,0.10200260579586029,0.0078125,1210.889431979,23128,0.7413029670715332,77.76923370361328,0.8499062061309814,1.0,-0.39340299367904663,4488192,1746167879.3353844
30.56770896911621,0.3196614682674408,2927,2926,1.8146024942398071,0.09935051202774048,0.008463541977107525,1213.005167858,23168,0.7210444808006287,77.38168334960938,0.830152690410614,1.0,-0.38690832257270813,4495872,1746167881.4511409
29.25130271911621,0.3001302182674408,2935,2934,1.8146024942398071,0.12291630357503891,0.0078125,1216.224261443,23232,0.6612905263900757,77.38168334960938,0.830152690410614,1.0,-0.422760546207428,4508160,1746167884.6702332
30.709636688232422,0.3294270932674408,2942,2941,1.8146024942398071,0.08920407295227051,0.008463541977107525,1219.041134453,23288,0.7352772951126099,77.38168334960938,0.830152690410614,1.0,-0.3781454563140869,4518912,1746167887.4871123
28.225261688232422,0.2330729216337204,2952,2951,1.8146024942398071,0.09556479007005692,0.0078125,1223.064709924,23368,0.5719783902168274,77.38168334960938,0.830152690410614,1.0,-0.38680392503738403,4534272,1746167891.5106773
29.57421875,0.3782552182674408,2957,2956,1.8146024942398071,0.1077796220779419,0.0078125,1225.076910529,23408,0.7565106153488159,77.38168334960938,0.830152690410614,1.0,-0.3699686527252197,4541952,1746167893.5228727
29.069011688232422,0.240234375,2978,2977,1.8146024942398071,0.13053929805755615,0.008463541977107525,1233.528405036,23576,0.6051383018493652,77.38168334960938,0.830152690410614,1.0,-0.3556625247001648,4574208,1746167901.9743574
27.77083396911621,0.283203125,2984,2983,1.8146024942398071,0.11313499510288239,0.0078125,1235.942204611,23624,0.6178609728813171,77.38168334960938,0.830152690410614,1.0,-0.3325149714946747,4583424,1746167904.3881721
29.93489646911621,0.263671875,2995,2994,1.8146024942398071,0.09532444179058075,0.008463541977107525,1240.369605287,23712,0.6390959024429321,77.38168334960938,0.830152690410614,1.0,-0.25148123502731323,4600320,1746167908.8155727
30.49739646911621,0.3040364682674408,2999,2998,1.8146024942398071,0.08545450866222382,0.0078125,1241.978232502,23744,0.6845318675041199,77.38168334960938,0.830152690410614,1.0,-0.2441318929195404,4606464,1746167910.4242158
29.4921875,0.2727864682674408,3011,3010,1.8146024942398071,0.10209532082080841,0.0078125,1246.816823078,23840,0.6361873149871826,77.38168334960938,0.830152690410614,1.0,-0.23310847580432892,4624896,1746167915.2627878
30.658855438232422,0.3522135615348816,3060,3059,1.8146024942398071,0.11523395776748657,0.0078125,1266.539244726,24232,0.7543436884880066,77.38168334960938,0.830152690410614,1.0,-0.31455618143081665,4700160,1746167934.9852283
29.67578125,0.26953125,3062,3061,1.8146024942398071,0.10407959669828415,0.0078125,1267.344069652,24248,0.6498363018035889,77.38168334960938,0.830152690410614,1.0,-0.3171076774597168,4703232,1746167935.7900336
27.873699188232422,0.2649739682674408,3069,3068,1.8146024942398071,0.12241491675376892,0.0078125,1270.161932284,24304,0.5915553569793701,77.38168334960938,0.830152690410614,1.0,-0.3438432812690735,4713984,1746167938.6079195
29.506511688232422,0.3098958432674408,3075,3074,1.8146024942398071,0.09016954898834229,0.0078125,1272.575530715,24352,0.6808304786682129,77.38168334960938,0.830152690410614,1.0,-0.32626408338546753,4723200,1746167941.0215073
29.54296875,0.3541666865348816,3095,3094,1.8146024942398071,0.08411943167448044,0.0078125,1280.625746705,24512,0.7260640859603882,77.38168334960938,0.830152690410614,1.0,-0.29635077714920044,4753920,1746167949.07172
29.73567771911621,0.3131510615348816,3096,3095,1.8146024942398071,0.08056595921516418,0.0078125,1281.027982243,24520,0.6863276958465576,77.38168334960938,0.830152690410614,1.0,-0.2921093702316284,4755456,1746167949.4739578
29.2890625,0.345703125,3118,3117,1.8146024942398071,0.09646592289209366,0.0078125,1289.877403373,24696,0.7271952629089355,77.38168334960938,0.830152690410614,1.0,-0.2925770878791809,4789248,1746167958.3233793
28.90625,0.2434895932674408,3145,3144,1.8146024942398071,0.09901650249958038,0.0078125,1300.745149607,24912,0.5986323356628418,77.38168334960938,0.830152690410614,1.0,-0.22748006880283356,4830720,1746167969.19112
29.70052146911621,0.2643229365348816,3146,3145,1.8146024942398071,0.08710642904043198,0.0078125,1301.147309312,24920,0.6282622218132019,77.38168334960938,0.830152690410614,1.0,-0.22371606528759003,4832256,1746167969.5933003
30.18489646911621,0.3639323115348816,3147,3146,1.8146024942398071,0.08889681100845337,0.008463541977107525,1301.549353359,24928,0.7524713277816772,77.38168334960938,0.830152690410614,1.0,-0.21307380497455597,4833792,1746167969.9953425
29.93489646911621,0.2962239682674408,3154,3153,1.8146024942398071,0.07923237234354019,0.0078125,1304.364977572,24984,0.6826640367507935,77.38168334960938,0.830152690410614,1.0,-0.27435413002967834,4844544,1746167972.8109255
29.60546875,0.2981770932674408,3157,3156,1.8146024942398071,0.08447502553462982,0.0078125,1305.572356938,25008,0.668433666229248,77.38168334960938,0.830152690410614,1.0,-0.2593839168548584,4849152,1746167974.018308
29.00911521911621,0.2252604216337204,3187,3186,1.8146024942398071,0.10660917311906815,0.0078125,1317.645631933,25248,0.5708106756210327,77.38168334960938,0.830152690410614,1.0,-0.2523968517780304,4895232,1746167986.0916114
27.23177146911621,0.22265625,3193,3192,1.8146024942398071,0.09729775786399841,0.0078125,1320.059416836,25296,0.5348618030548096,77.38168334960938,0.830152690410614,1.0,-0.24984876811504364,4904448,1746167988.505374
29.299480438232422,0.3287760615348816,3200,3199,1.8146024942398071,0.11774671077728271,0.0078125,1322.879470602,25352,0.7001933455467224,77.38168334960938,0.830152690410614,1.0,-0.21302324533462524,4915200,1746167991.3254502
29.078125,0.2434895932674408,3201,3200,1.8146024942398071,0.1237650066614151,0.0078125,1323.281756161,25360,0.5892512798309326,77.38168334960938,0.830152690410614,1.0,-0.19878025352954865,4916736,1746167991.7277184
29.748699188232422,0.2877604365348816,3209,3208,1.8146024942398071,0.07650728523731232,0.0078125,1326.499692946,25424,0.6694824695587158,77.38168334960938,0.830152690410614,1.0,-0.2073042094707489,4929024,1746167994.9456594
29.29817771911621,0.3098958432674408,3234,3233,1.8146024942398071,0.0788741260766983,0.0078125,1336.561287857,25624,0.6872762441635132,77.38168334960938,0.830152690410614,1.0,-0.14154988527297974,4967424,1746168005.0072803
29.33984375,0.310546875,3239,3238,1.8146024942398071,0.08002679795026779,0.0078125,1338.572711754,25664,0.6639583110809326,77.38168334960938,0.830152690410614,1.0,-0.0969042181968689,4975104,1746168007.0186794
31.05599021911621,0.3444010615348816,3248,3247,1.8146024942398071,0.07742702215909958,0.0078125,1342.203219368,25736,0.744147777557373,77.38168334960938,0.830152690410614,1.0,-0.08833785355091095,4988928,1746168010.6491976
30.26171875,0.318359375,3251,3250,1.7725086212158203,0.07207438349723816,0.0078125,1343.510554875,25760,0.7078582644462585,79.08637237548828,0.7888675928115845,1.0,-0.10893847048282623,4993536,1746168011.9565423
28.256511688232422,0.251953125,3266,3265,1.7725086212158203,0.08571987599134445,0.0078125,1349.544565273,25880,0.5982422828674316,79.08637237548828,0.7888675928115845,1.0,-0.12009764462709427,5016576,1746168017.9905427
27.93359375,0.2239583432674408,3285,3284,1.7725086212158203,0.07989248633384705,0.0078125,1357.193968405,26032,0.5512568950653076,79.08637237548828,0.7888675928115845,1.0,-0.24916207790374756,5045760,1746168025.6399307
30.00390625,0.3450520932674408,3321,3320,1.7725086212158203,0.07373131811618805,0.0078125,1371.681083781,26320,0.7308411598205566,79.08637237548828,0.7888675928115845,1.0,-0.22585517168045044,5101056,1746168040.127053
29.447917938232422,0.263671875,3322,3321,1.7725086212158203,0.060866519808769226,0.0078125,1372.083383888,26328,0.6253724098205566,79.08637237548828,0.7888675928115845,1.0,-0.20820948481559753,5102592,1746168040.529338
30.43489646911621,0.3450520932674408,3325,3324,1.7725086212158203,0.0804171934723854,0.0078125,1373.290191582,26352,0.7390925288200378,79.08637237548828,0.7888675928115845,1.0,-0.24118772149085999,5107200,1746168041.7361581
29.26302146911621,0.2825520932674408,3345,3344,1.7725086212158203,0.10283242166042328,0.0078125,1381.339946229,26512,0.6542741060256958,79.08637237548828,0.7888675928115845,1.0,-0.2139180600643158,5137920,1746168049.7859106
29.455730438232422,0.2291666716337204,3350,3349,1.7725086212158203,0.09653112292289734,0.0078125,1383.351431011,26552,0.5870412588119507,79.08637237548828,0.7888675928115845,1.0,-0.18792158365249634,5145600,1746168051.7974074
29.77734375,0.3033854365348816,3399,3398,1.7725086212158203,0.12004545331001282,0.0078125,1403.068089136,26944,0.6822919249534607,79.08637237548828,0.7888675928115845,1.0,-0.16999930143356323,5220864,1746168071.514047
30.13671875,0.3763020932674408,3413,3412,1.7725086212158203,0.10083776712417603,0.0078125,1408.700190863,27056,0.7704488635063171,79.08637237548828,0.7888675928115845,1.0,-0.13093510270118713,5242368,1746168077.1461005
27.90234375,0.259765625,3443,3442,1.7725086212158203,0.1325819492340088,0.0078125,1420.795928478,27296,0.5958410501480103,79.08637237548828,0.7888675928115845,1.0,-0.16393795609474182,5288448,1746168089.2418833
30.29036521911621,0.3619791865348816,3457,3456,1.7725086212158203,0.11909951269626617,0.008463541977107525,1426.428553845,27408,0.7483363151550293,79.08637237548828,0.7888675928115845,1.0,-0.1947476714849472,5309952,1746168094.8745306
28.40364646911621,0.234375,3465,3464,1.7725086212158203,0.10181930661201477,0.0078125,1429.646423162,27472,0.5714366436004639,79.08637237548828,0.7888675928115845,1.0,-0.23411734402179718,5322240,1746168098.092393
30.27083396911621,0.2838541865348816,3479,3478,1.7725086212158203,0.11193230748176575,0.008463541977107525,1435.280316755,27584,0.6684955358505249,79.08637237548828,0.7888675928115845,1.0,-0.28561073541641235,5343744,1746168103.726308
30.21614646911621,0.3483073115348816,3499,3498,1.7725086212158203,0.1462802290916443,0.0078125,1443.335462738,27744,0.7434806823730469,79.08637237548828,0.7888675928115845,1.0,-0.23435527086257935,5374464,1746168111.7814264
28.05078125,0.2356770932674408,3514,3513,1.7725086212158203,0.09186544269323349,0.0078125,1449.370097129,27864,0.5789439678192139,79.08637237548828,0.7888675928115845,1.0,-0.22632384300231934,5397504,1746168117.8160472
28.390625,0.2408854216337204,3540,3539,1.7725086212158203,0.12599971890449524,0.0078125,1459.833072779,28072,0.5878652334213257,79.08637237548828,0.7888675928115845,1.0,-0.12211461365222931,5437440,1746168128.279043
30.62109375,0.33203125,3568,3567,1.7725086212158203,0.126284658908844,0.0078125,1471.102932271,28296,0.7426117658615112,79.08637237548828,0.7888675928115845,1.0,-0.21078117191791534,5480448,1746168139.5488935
31.1015625,0.3893229365348816,3584,3583,1.8504060506820679,0.1247800886631012,0.0078125,1477.64037149,28424,0.8094106912612915,76.91132354736328,0.8603773713111877,1.0,-0.15714173018932343,5505024,1746168146.0863583
30.092449188232422,0.25390625,3606,3605,1.8504060506820679,0.12629491090774536,0.0078125,1486.497308226,28600,0.628221869468689,76.91132354736328,0.8603773713111877,1.0,-0.1969914585351944,5538816,1746168154.9432778
28.358074188232422,0.2473958432674408,3618,3617,1.8504060506820679,0.1137022152543068,0.0078125,1491.326350759,28696,0.5897766947746277,76.91132354736328,0.8603773713111877,1.0,-0.18397998809814453,5557248,1746168159.7723262
30.7265625,0.3229166865348816,3641,3640,1.8504060506820679,0.13981279730796814,0.008463541977107525,1500.582856171,28880,0.7448619604110718,76.91132354736328,0.8603773713111877,1.0,-0.19942978024482727,5592576,1746168169.0288134
28.71224021911621,0.2727864682674408,3645,3644,1.8504060506820679,0.11489874124526978,0.0078125,1502.19199605,28912,0.6172821521759033,76.91132354736328,0.8603773713111877,1.0,-0.30864882469177246,5598720,1746168170.6379535
30.09505271911621,0.2766927182674408,3647,3646,1.8504060506820679,0.09935963153839111,0.008463541977107525,1502.996431641,28928,0.65923011302948,76.91132354736328,0.8603773713111877,1.0,-0.2794429361820221,5601792,1746168171.442394
28.34895896911621,0.30078125,3652,3651,1.8504060506820679,0.10617198795080185,0.008463541977107525,1505.00806441,28968,0.65869140625,76.91132354736328,0.8603773713111877,1.0,-0.2618882656097412,5609472,1746168173.4540193
30.84375,0.353515625,3662,3661,1.8504060506820679,0.1211051195859909,0.0078125,1509.030865471,29048,0.7654073238372803,76.91132354736328,0.8603773713111877,1.0,-0.29726409912109375,5624832,1746168177.476842
29.01171875,0.310546875,3691,3690,1.8504060506820679,0.17225931584835052,0.008463541977107525,1520.702787831,29280,0.6858500838279724,76.91132354736328,0.8603773713111877,1.0,-0.31351277232170105,5669376,1746168189.1487598
31.58724021911621,0.4440104365348816,3704,3703,1.8504060506820679,0.13539522886276245,0.0078125,1525.934962381,29384,0.8880208730697632,76.91132354736328,0.8603773713111877,1.0,-0.3971586227416992,5689344,1746168194.3809228
29.55989646911621,0.2766927182674408,3728,3727,1.8504060506820679,0.11622599512338638,0.0078125,1535.596635489,29576,0.6539332866668701,76.91132354736328,0.8603773713111877,1.0,-0.2949886620044708,5726208,1746168204.0425906
28.2265625,0.318359375,3750,3749,1.8504060506820679,0.1373455673456192,0.0078125,1544.450498225,29752,0.6705851554870605,76.91132354736328,0.8603773713111877,1.0,-0.3309541642665863,5760000,1746168212.896481
28.588542938232422,0.2565104365348816,3769,3768,1.8504060506820679,0.14590904116630554,0.0078125,1552.098931141,29904,0.6060165762901306,76.91132354736328,0.8603773713111877,1.0,-0.3948323130607605,5789184,1746168220.5449
28.897136688232422,0.28515625,3785,3784,1.8504060506820679,0.15302011370658875,0.008463541977107525,1558.534856569,30032,0.6553167104721069,76.91132354736328,0.8603773713111877,1.0,-0.28711381554603577,5813760,1746168226.980822
29.48828125,0.3020833432674408,3788,3787,1.8504060506820679,0.1427200883626938,0.008463541977107525,1559.741511643,30056,0.6854701042175293,76.91132354736328,0.8603773713111877,1.0,-0.2354000210762024,5818368,1746168228.1874888
27.63671875,0.2141927182674408,3791,3790,1.8504060506820679,0.1435520052909851,0.0078125,1560.95159367,30080,0.5395890474319458,76.91132354736328,0.8603773713111877,1.0,-0.21196173131465912,5822976,1746168229.3975594
30.826824188232422,0.4049479365348816,3817,3816,1.8504060506820679,0.10631655156612396,0.0078125,1571.411708371,30288,0.8098958730697632,76.91132354736328,0.8603773713111877,1.0,-0.20900020003318787,5862912,1746168239.8576589
30.9375,0.3229166865348816,3825,3824,1.8504060506820679,0.11226402223110199,0.008463541977107525,1574.629851035,30352,0.7351729869842529,76.91132354736328,0.8603773713111877,1.0,-0.23658588528633118,5875200,1746168243.0758135
28.09114646911621,0.169921875,3828,3827,1.8504060506820679,0.11100728809833527,0.0078125,1575.838219716,30376,0.5058369636535645,76.91132354736328,0.8603773713111877,1.0,-0.22317248582839966,5879808,1746168244.284187
28.654949188232422,0.2096354216337204,3836,3835,1.8504060506820679,0.1579967737197876,0.0078125,1579.055821838,30440,0.5499560236930847,76.91132354736328,0.8603773713111877,1.0,-0.1714709997177124,5892096,1746168247.501791
27.80208396911621,0.134765625,3850,3849,1.8504060506820679,0.12153729051351547,0.0078125,1584.691188793,30552,0.44389230012893677,76.91132354736328,0.8603773713111877,1.0,-0.27559611201286316,5913600,1746168253.1371682
29.986980438232422,0.3151041865348816,3852,3851,1.8504060506820679,0.09651629626750946,0.008463541977107525,1585.49594461,30568,0.7091779708862305,76.91132354736328,0.8603773713111877,1.0,-0.20527969300746918,5916672,1746168253.9419312
29.890625,0.3567708432674408,3854,3853,1.8504060506820679,0.0863812267780304,0.0078125,1586.300640784,30584,0.7558874487876892,76.91132354736328,0.8603773713111877,1.0,-0.1632644236087799,5919744,1746168254.7466087
29.151042938232422,0.2532552182674408,3865,3864,1.8504060506820679,0.09029355645179749,0.0078125,1590.729255548,30672,0.6063624620437622,76.91132354736328,0.8603773713111877,1.0,-0.20098267495632172,5936640,1746168259.175177
30.97786521911621,0.3639323115348816,3914,3913,1.8368700742721558,0.09972570091485977,0.0078125,1610.569924683,31064,0.779162585735321,76.64990997314453,0.8491620421409607,1.0,-0.24450047314167023,6011904,1746168279.015902
29.34375,0.2513020932674408,3921,3920,1.8368700742721558,0.10572896152734756,0.0078125,1613.389078205,31120,0.6015198230743408,76.64990997314453,0.8491620421409607,1.0,-0.2664284408092499,6022656,1746168281.8350394
28.822917938232422,0.2864583432674408,3932,3931,1.8368700742721558,0.10096951574087143,0.0078125,1617.814813648,31208,0.6413559913635254,76.64990997314453,0.8491620421409607,1.0,-0.20774033665657043,6039552,1746168286.2607913
30.26692771911621,0.310546875,3941,3940,1.8368700742721558,0.1099529042840004,0.0078125,1621.438780516,31280,0.7150568962097168,76.64990997314453,0.8491620421409607,1.0,-0.25199830532073975,6053376,1746168289.8847473
29.52474021911621,0.2747395932674408,3947,3946,1.8368700742721558,0.10208670794963837,0.0078125,1623.852876336,31328,0.6365072727203369,76.64990997314453,0.8491620421409607,1.0,-0.25632065534591675,6062592,1746168292.2987726
29.94921875,0.3072916865348816,3966,3965,1.8368700742721558,0.12347670644521713,0.0078125,1631.496950257,31480,0.6860060095787048,76.64990997314453,0.8491620421409607,1.0,-0.2694222033023834,6091776,1746168299.9429252
30.2734375,0.35546875,3980,3979,1.8368700742721558,0.08817112445831299,0.0078125,1637.132377199,31592,0.7362858653068542,76.64990997314453,0.8491620421409607,1.0,-0.2659311294555664,6113280,1746168305.5783672
30.69270896911621,0.3958333432674408,3983,3982,1.8368700742721558,0.09289270639419556,0.00911458395421505,1638.339337348,31616,0.812470555305481,76.64990997314453,0.8491620421409607,1.0,-0.2771465480327606,6117888,1746168306.7853322
28.68099021911621,0.3131510615348816,4006,4005,1.8368700742721558,0.08410556614398956,0.0078125,1647.591690615,31800,0.6601400375366211,76.64990997314453,0.8491620421409607,1.0,-0.25665703415870667,6153216,1746168316.0376449
29.4921875,0.376953125,4008,4007,1.8368700742721558,0.09583186358213425,0.0078125,1648.396091639,31816,0.75390625,76.64990997314453,0.8491620421409607,1.0,-0.24602541327476501,6156288,1746168316.8420517
27.70442771911621,0.2916666865348816,4011,4010,1.8368700742721558,0.09423444420099258,0.0078125,1649.602569988,31840,0.618794858455658,76.64990997314453,0.8491620421409607,1.0,-0.23657116293907166,6160896,1746168318.0485399
28.23958396911621,0.2799479365348816,4016,4015,1.8368700742721558,0.09293673187494278,0.0078125,1651.617630439,31880,0.6210856437683105,76.64990997314453,0.8491620421409607,1.0,-0.24645036458969116,6168576,1746168320.063607
29.240886688232422,0.349609375,4072,4071,1.8368700742721558,0.0810077115893364,0.0078125,1674.150296313,32328,0.735382080078125,76.64990997314453,0.8491620421409607,1.0,-0.29487180709838867,6254592,1746168342.5962722
31.79296875,0.384765625,4073,4072,1.8368700742721558,0.10238641500473022,0.0078125,1674.552508512,32336,0.8230926394462585,76.64990997314453,0.8491620421409607,1.0,-0.27448537945747375,6256128,1746168342.998493
30.64192771911621,0.3209635615348816,4077,4076,1.8368700742721558,0.09573820233345032,0.0078125,1676.161588245,32368,0.7183545827865601,76.64990997314453,0.8491620421409607,1.0,-0.2906816601753235,6262272,1746168344.6075456
30.361980438232422,0.3723958432674408,4078,4077,1.8368700742721558,0.10702332854270935,0.008463541977107525,1676.563782971,32376,0.7689590454101562,76.64990997314453,0.8491620421409607,1.0,-0.29668569564819336,6263808,1746168345.0097342
27.424480438232422,0.24609375,4089,4088,1.8368700742721558,0.142521470785141,0.0078125,1680.999181804,32464,0.5793410539627075,76.64990997314453,0.8491620421409607,1.0,-0.255659282207489,6280704,1746168349.4451466
31.25390625,0.3671875,4103,4102,1.8368700742721558,0.0982874259352684,0.008463541977107525,1686.631155416,32576,0.793171763420105,76.64990997314453,0.8491620421409607,1.0,-0.21398232877254486,6302208,1746168355.0771327
30.455730438232422,0.296875,4105,4104,1.8368700742721558,0.09276793897151947,0.0078125,1687.435627494,32592,0.693368136882782,76.64990997314453,0.8491620421409607,1.0,-0.23879790306091309,6305280,1746168355.8816075
27.615886688232422,0.2610677182674408,4122,4121,1.8368700742721558,0.11941929161548615,0.0078125,1694.27482832,32728,0.5785818099975586,76.64990997314453,0.8491620421409607,1.0,-0.28905385732650757,6331392,1746168362.720785
31.41927146911621,0.359375,4146,4145,1.8368700742721558,0.1273374855518341,0.008463541977107525,1703.93362779,32920,0.7801450490951538,76.64990997314453,0.8491620421409607,1.0,-0.28498178720474243,6368256,1746168372.3795924
29.47265625,0.302734375,4148,4147,1.8368700742721558,0.12320902198553085,0.0078125,1704.73817467,32936,0.6800705194473267,76.64990997314453,0.8491620421409607,1.0,-0.27624422311782837,6371328,1746168373.184165
28.830730438232422,0.3287760615348816,4156,4155,1.8368700742721558,0.11408934742212296,0.0078125,1707.9570194,33000,0.6920166015625,76.64990997314453,0.8491620421409607,1.0,-0.2520098090171814,6383616,1746168376.4029791
31.64192771911621,0.4440104365348816,4161,4160,1.8368700742721558,0.13226009905338287,0.008463541977107525,1709.968100953,33040,0.8880208730697632,76.64990997314453,0.8491620421409607,1.0,-0.24650618433952332,6391296,1746168378.4140658
29.701824188232422,0.30078125,4163,4162,1.8368700742721558,0.11353038996458054,0.0078125,1710.776612573,33056,0.6787790656089783,76.64990997314453,0.8491620421409607,1.0,-0.24042873084545135,6394368,1746168379.2225626
29.92708396911621,0.3424479365348816,4179,4178,1.8368700742721558,0.14746685326099396,0.0078125,1717.213825807,33184,0.7290105819702148,76.64990997314453,0.8491620421409607,1.0,-0.326046884059906,6418944,1746168385.659782
31.033855438232422,0.353515625,4211,4210,1.8368700742721558,0.08909503370523453,0.0078125,1730.091272422,33440,0.7737257480621338,76.64990997314453,0.8491620421409607,1.0,-0.22582276165485382,6468096,1746168398.537226
27.998699188232422,0.2591145932674408,4213,4212,1.8368700742721558,0.11143243312835693,0.0078125,1730.899663524,33456,0.6019837856292725,76.64990997314453,0.8491620421409607,1.0,-0.24500048160552979,6471168,1746168399.345637
29.803386688232422,0.3268229365348816,4238,4237,1.9037511348724365,0.1264057457447052,0.008463541977107525,1741.059596668,33656,0.7146795988082886,74.34488677978516,0.9105839133262634,1.0,-0.2450018972158432,6509568,1746168409.5055084
31.29427146911621,0.4147135615348816,4313,4312,1.9037511348724365,0.10153695940971375,0.0078125,1771.261776264,34256,0.8514267802238464,74.34488677978516,0.9105839133262634,1.0,-0.30615562200546265,6624768,1746168439.7077487
30.0546875,0.3990885615348816,4321,4320,1.9037511348724365,0.11025197803974152,0.008463541977107525,1774.486741107,34320,0.8165792226791382,74.34488677978516,0.9105839133262634,1.0,-0.33740320801734924,6637056,1746168442.9326932
29.55599021911621,0.3736979365348816,4324,4323,1.9037511348724365,0.10792787373065948,0.0078125,1775.693271088,34344,0.7650553584098816,74.34488677978516,0.9105839133262634,1.0,-0.3067382574081421,6641664,1746168444.1392558
30.42708396911621,0.3717448115348816,4327,4326,1.9037511348724365,0.10481645911931992,0.008463541977107525,1776.899800548,34368,0.7816396951675415,74.34488677978516,0.9105839133262634,1.0,-0.2847597002983093,6646272,1746168445.345784
29.49739646911621,0.2584635615348816,4332,4331,1.9037511348724365,0.10085594654083252,0.0078125,1778.910966093,34408,0.6253765821456909,74.34488677978516,0.9105839133262634,1.0,-0.2874850928783417,6653952,1746168447.3569477
29.28255271911621,0.3190104365348816,4334,4333,1.9037511348724365,0.10512993484735489,0.0078125,1779.715384297,34424,0.7003591060638428,74.34488677978516,0.9105839133262634,1.0,-0.2566731870174408,6657024,1746168448.1613872
28.967449188232422,0.3639323115348816,4342,4341,1.9037511348724365,0.09757508337497711,0.008463541977107525,1782.934732105,34488,0.7278646230697632,74.34488677978516,0.9105839133262634,1.0,-0.266571581363678,6669312,1746168451.380706
30.30989646911621,0.3658854365348816,4346,4345,1.9037511348724365,0.09835810959339142,0.0078125,1784.543532473,34520,0.7766703963279724,74.34488677978516,0.9105839133262634,1.0,-0.2285037338733673,6675456,1746168452.989508
28.3515625,0.2942708432674408,4357,4356,1.9037511348724365,0.09994873404502869,0.0078125,1788.971739323,34608,0.6303476095199585,74.34488677978516,0.9105839133262634,1.0,-0.23683831095695496,6692352,1746168457.4176967
28.877605438232422,0.3489583432674408,4359,4358,1.9037511348724365,0.0960136204957962,0.0078125,1789.77635525,34624,0.7157186269760132,74.34488677978516,0.9105839133262634,1.0,-0.24645964801311493,6695424,1746168458.2223284
29.09114646911621,0.3046875,4360,4359,1.9037511348724365,0.09854014217853546,0.0078125,1790.178791781,34632,0.6541565656661987,74.34488677978516,0.9105839133262634,1.0,-0.25116273760795593,6696960,1746168458.6247406
30.92317771911621,0.291015625,4363,4362,1.9037511348724365,0.10557091981172562,0.008463541977107525,1791.389256236,34656,0.683497428894043,74.34488677978516,0.9105839133262634,1.0,-0.2773888409137726,6701568,1746168459.835226
28.49349021911621,0.271484375,4368,4367,1.9037511348724365,0.09354647248983383,0.0078125,1793.400805286,34696,0.6134832501411438,74.34488677978516,0.9105839133262634,1.0,-0.23931989073753357,6709248,1746168461.8467624
27.506511688232422,0.2760416865348816,4394,4393,1.9037511348724365,0.13212725520133972,0.0078125,1803.865695703,34904,0.6055034399032593,74.34488677978516,0.9105839133262634,1.0,-0.3146582245826721,6749184,1746168472.3116646
30.861980438232422,0.4296875,4418,4417,1.9037511348724365,0.14122489094734192,0.0078125,1813.52130613,35096,0.859375,74.34488677978516,0.9105839133262634,1.0,-0.2965579032897949,6786048,1746168481.9672978
30.459636688232422,0.3665364682674408,4428,4427,1.9037511348724365,0.10718628764152527,0.00911458395421505,1817.544977562,35176,0.7775106430053711,74.34488677978516,0.9105839133262634,1.0,-0.2905711531639099,6801408,1746168485.9909265
29.59375,0.3424479365348816,4438,4437,1.9037511348724365,0.1277334839105606,0.0078125,1821.567486819,35256,0.7258710861206055,74.34488677978516,0.9105839133262634,1.0,-0.20383213460445404,6816768,1746168490.0134504
28.151042938232422,0.2805989682674408,4455,4454,1.9037511348724365,0.10194295644760132,0.0078125,1828.406882956,35392,0.6209524273872375,74.34488677978516,0.9105839133262634,1.0,-0.23502615094184875,6842880,1746168496.852809
29.74349021911621,0.2721354365348816,4461,4460,1.9037511348724365,0.11807313561439514,0.0078125,1830.824530757,35440,0.6373474597930908,74.34488677978516,0.9105839133262634,1.0,-0.2485889494419098,6852096,1746168499.2705202
28.5859375,0.333984375,4462,4461,1.9037511348724365,0.09624569863080978,0.0078125,1831.226870455,35448,0.7028321027755737,74.34488677978516,0.9105839133262634,1.0,-0.2552446126937866,6853632,1746168499.672848
29.06640625,0.3372395932674408,4469,4468,1.9037511348724365,0.09343139827251434,0.0078125,1834.04240457,35504,0.7272014021873474,74.34488677978516,0.9105839133262634,1.0,-0.28541338443756104,6864384,1746168502.4884121
31.4375,0.3938802182674408,4485,4484,1.9037511348724365,0.10953699052333832,0.0078125,1840.479645433,35632,0.8351184129714966,74.34488677978516,0.9105839133262634,1.0,-0.22931154072284698,6888960,1746168508.9256065
28.674480438232422,0.267578125,4491,4490,1.9037511348724365,0.1086738109588623,0.0078125,1842.895972502,35680,0.6127971410751343,74.34488677978516,0.9105839133262634,1.0,-0.23549559712409973,6898176,1746168511.3419418
29.02083396911621,0.333984375,4493,4492,1.9037511348724365,0.09708580374717712,0.0078125,1843.700801804,35696,0.6910783052444458,74.34488677978516,0.9105839133262634,1.0,-0.21572139859199524,6901248,1746168512.1467712
27.611980438232422,0.2239583432674408,4526,4525,1.9037511348724365,0.10561966150999069,0.0078125,1856.979921805,35960,0.5460551381111145,74.34488677978516,0.9105839133262634,1.0,-0.28215089440345764,6951936,1746168525.4258783
31.213542938232422,0.373046875,4535,4534,1.9037511348724365,0.10194440931081772,0.008463541977107525,1860.602263885,36032,0.7912577390670776,74.34488677978516,0.9105839133262634,1.0,-0.2880215346813202,6965760,1746168529.048255
29.4453125,0.3671875,4543,4542,1.9037511348724365,0.07910734415054321,0.0078125,1863.823767903,36096,0.7521769404411316,74.34488677978516,0.9105839133262634,1.0,-0.2185249924659729,6978048,1746168532.269749
29.526042938232422,0.34375,4551,4550,1.8963582515716553,0.09919879585504532,0.0078125,1867.142399165,36160,0.7244380712509155,75.1629638671875,0.9037036895751953,1.0,-0.21066775918006897,6990336,1746168535.588382
27.79296875,0.2395833432674408,4563,4562,1.8963582515716553,0.10557018965482712,0.0078125,1871.970845665,36256,0.5618592500686646,75.1629638671875,0.9037036895751953,1.0,-0.2247271090745926,7008768,1746168540.4168096
29.16927146911621,0.3561198115348816,4575,4574,1.8963582515716553,0.09455814957618713,0.00911458395421505,1876.798343512,36352,0.7468037605285645,75.1629638671875,0.9037036895751953,1.0,-0.20163774490356445,7027200,1746168545.244275
29.08333396911621,0.3001302182674408,4587,4586,1.8963582515716553,0.08983077108860016,0.0078125,1881.628374314,36448,0.6613088846206665,75.1629638671875,0.9037036895751953,1.0,-0.242337167263031,7045632,1746168550.0743623
29.623699188232422,0.3463541865348816,4603,4602,1.8963582515716553,0.15894915163516998,0.0078125,1888.067260442,36576,0.7178853750228882,75.1629638671875,0.9037036895751953,1.0,-0.20911197364330292,7070208,1746168556.5132387
28.79036521911621,0.3001302182674408,4621,4620,1.8963582515716553,0.19193127751350403,0.0078125,1895.3115466,36720,0.6593023538589478,75.1629638671875,0.9037036895751953,1.0,-0.305398166179657,7097856,1746168563.75752
28.447917938232422,0.3020833432674408,4623,4622,1.8963582515716553,0.136931374669075,0.0078125,1896.116309446,36736,0.6463837623596191,75.1629638671875,0.9037036895751953,1.0,-0.28993621468544006,7100928,1746168564.5622864
30.975261688232422,0.3899739682674408,4650,4649,1.8963582515716553,0.10388685762882233,0.008463541977107525,1906.98325095,36952,0.8043238520622253,75.1629638671875,0.9037036895751953,1.0,-0.3219737410545349,7142400,1746168575.4292138
29.453125,0.2526041865348816,4663,4662,1.8963582515716553,0.1247909888625145,0.0078125,1912.21329744,37056,0.6077794432640076,75.1629638671875,0.9037036895751953,1.0,-0.19679954648017883,7162368,1746168580.6592724
27.908855438232422,0.2272135466337204,4670,4669,1.8963582515716553,0.13461074233055115,0.0078125,1915.029310395,37112,0.5506331920623779,75.1629638671875,0.9037036895751953,1.0,-0.13541504740715027,7173120,1746168583.4752815
30.49739646911621,0.3704427182674408,4682,4681,1.8963582515716553,0.11441539973020554,0.0078125,1919.862595249,37208,0.7653884887695312,75.1629638671875,0.9037036895751953,1.0,-0.16000309586524963,7191552,1746168588.308549
30.89583396911621,0.2727864682674408,4696,4695,1.8963582515716553,0.10402299463748932,0.0078125,1925.49971328,37320,0.6592844724655151,75.1629638671875,0.9037036895751953,1.0,-0.16532175242900848,7213056,1746168593.9456835
28.02864646911621,0.314453125,4722,4721,1.8963582515716553,0.16283895075321198,0.0078125,1935.962309998,37528,0.6458985209465027,75.1629638671875,0.9037036895751953,1.0,-0.2537052631378174,7252992,1746168604.4082754
29.921875,0.2408854216337204,4726,4725,1.8963582515716553,0.13794204592704773,0.0078125,1937.571725484,37560,0.6019377112388611,75.1629638671875,0.9037036895751953,1.0,-0.27389222383499146,7259136,1746168606.0176792
29.940105438232422,0.3502604365348816,4772,4771,1.8963582515716553,0.12401077151298523,0.0078125,1956.107721162,37928,0.7384776473045349,75.1629638671875,0.9037036895751953,1.0,-0.3029746413230896,7329792,1746168624.5536823
28.40625,0.3235677182674408,4773,4772,1.8963582515716553,0.11170923709869385,0.0078125,1956.510043341,37936,0.6651653051376343,75.1629638671875,0.9037036895751953,1.0,-0.32382676005363464,7331328,1746168624.9559968
28.36849021911621,0.2701823115348816,4787,4786,1.8963582515716553,0.13943268358707428,0.0078125,1962.142114508,38048,0.6121991872787476,75.1629638671875,0.9037036895751953,1.0,-0.28279808163642883,7352832,1746168630.5880783
27.59114646911621,0.2786458432674408,4797,4796,1.8963582515716553,0.14924083650112152,0.0078125,1966.165855669,38128,0.594643771648407,75.1629638671875,0.9037036895751953,1.0,-0.24915406107902527,7368192,1746168634.6117995
28.944011688232422,0.2434895932674408,4810,4809,1.8963582515716553,0.14513276517391205,0.0078125,1971.405047776,38232,0.5846120715141296,75.1629638671875,0.9037036895751953,1.0,-0.25107765197753906,7388160,1746168639.8510275
29.0234375,0.2858073115348816,4812,4811,1.8963582515716553,0.11472904682159424,0.0078125,1972.212209479,38248,0.6358118057250977,75.1629638671875,0.9037036895751953,1.0,-0.2508420944213867,7391232,1746168640.6581001
29.11328125,0.29296875,4815,4814,1.8963582515716553,0.11755071580410004,0.0078125,1973.418887873,38272,0.6554754972457886,75.1629638671875,0.9037036895751953,1.0,-0.2495632767677307,7395840,1746168641.8647962
29.158855438232422,0.265625,4826,4825,1.8963582515716553,0.1262580156326294,0.0078125,1977.843488414,38360,0.6097872257232666,75.1629638671875,0.9037036895751953,1.0,-0.23278896510601044,7412736,1746168646.2894497
28.7109375,0.3001302182674408,4847,4846,1.8963582515716553,0.10419914871454239,0.0078125,1986.295090909,38528,0.6504108905792236,75.1629638671875,0.9037036895751953,1.0,-0.16031432151794434,7444992,1746168654.7410402
28.983074188232422,0.3268229365348816,4860,4859,1.8963582515716553,0.1089325100183487,0.0078125,1991.524256009,38632,0.6893067359924316,75.1629638671875,0.9037036895751953,1.0,-0.1858671009540558,7464960,1746168659.9702065
29.643230438232422,0.3138020932674408,4866,4865,1.8963582515716553,0.11981267482042313,0.0078125,1993.939800719,38680,0.6870337724685669,75.1629638671875,0.9037036895751953,1.0,-0.20549625158309937,7474176,1746168662.3857253
30.06380271911621,0.3033854365348816,4868,4867,1.8963582515716553,0.12479618191719055,0.0078125,1994.74427157,38696,0.6771678924560547,75.1629638671875,0.9037036895751953,1.0,-0.17237845063209534,7477248,1746168663.190252
29.83724021911621,0.2799479365348816,4877,4876,1.849352240562439,0.13356445729732513,0.0078125,1998.466163499,38768,0.6442276835441589,81.11923217773438,0.857692301273346,1.0,-0.14477236568927765,7491072,1746168666.9121423
28.18489646911621,0.2259114682674408,4917,4916,1.849352240562439,0.10441918671131134,0.0078125,2014.560388648,39088,0.5584632158279419,81.11923217773438,0.857692301273346,1.0,-0.17257378995418549,7552512,1746168683.0063727
29.62239646911621,0.3841145932674408,4921,4920,1.849352240562439,0.10595748573541641,0.0078125,2016.176508744,39120,0.7682291865348816,81.11923217773438,0.857692301273346,1.0,-0.17340631783008575,7558656,1746168684.6224592
30.3515625,0.3971354365348816,4927,4926,1.849352240562439,0.11615966260433197,0.0078125,2018.590207254,39168,0.7942708730697632,81.11923217773438,0.857692301273346,1.0,-0.2275039255619049,7567872,1746168687.0361843
29.83333396911621,0.3190104365348816,4947,4946,1.849352240562439,0.09806616604328156,0.0078125,2026.638267967,39328,0.6858795881271362,81.11923217773438,0.857692301273346,1.0,-0.17264851927757263,7598592,1746168695.0842435
28.8515625,0.2701823115348816,4955,4954,1.849352240562439,0.11129318177700043,0.0078125,2029.857773954,39392,0.6190539002418518,81.11923217773438,0.857692301273346,1.0,-0.12134739756584167,7610880,1746168698.303731
28.58984375,0.2942708432674408,4959,4958,1.849352240562439,0.1027643233537674,0.0078125,2031.469779789,39424,0.6294951438903809,81.11923217773438,0.857692301273346,1.0,-0.15746629238128662,7617024,1746168699.9157267
29.760417938232422,0.30078125,4989,4988,1.849352240562439,0.09621608257293701,0.008463541977107525,2043.542072655,39664,0.6885049343109131,81.11923217773438,0.857692301273346,1.0,-0.20643416047096252,7663104,1746168711.9880195
30.74739646911621,0.34375,4995,4994,1.849352240562439,0.14074233174324036,0.008463541977107525,2045.956680741,39712,0.7584502100944519,81.11923217773438,0.857692301273346,1.0,-0.18672508001327515,7672320,1746168714.4026392
29.502605438232422,0.3567708432674408,5002,5001,1.849352240562439,0.11926549673080444,0.008463541977107525,2048.772476313,39768,0.7332133650779724,81.11923217773438,0.857692301273346,1.0,-0.21057845652103424,7683072,1746168717.218462
30.7265625,0.3470052182674408,5005,5004,1.849352240562439,0.10869218409061432,0.0078125,2049.97925559,39792,0.7477694749832153,81.11923217773438,0.857692301273346,1.0,-0.12040018290281296,7687680,1746168718.4252396
30.19921875,0.3294270932674408,5014,5013,1.849352240562439,0.12342800199985504,0.0078125,2053.603185074,39864,0.7259318232536316,81.11923217773438,0.857692301273346,1.0,-0.08816273510456085,7701504,1746168722.0491576
29.772136688232422,0.3235677182674408,5016,5015,1.849352240562439,0.11161947250366211,0.0078125,2054.407702645,39880,0.6990753412246704,81.11923217773438,0.857692301273346,1.0,-0.10557243227958679,7704576,1746168722.8536649
29.62630271911621,0.318359375,5019,5018,1.849352240562439,0.10857462882995605,0.0078125,2055.614923886,39904,0.6943833231925964,81.11923217773438,0.857692301273346,1.0,-0.12356437742710114,7709184,1746168724.0608823
29.186199188232422,0.322265625,5023,5022,1.849352240562439,0.11568765342235565,0.0078125,2057.226174663,39936,0.6869425773620605,81.11923217773438,0.857692301273346,1.0,-0.17391644418239594,7715328,1746168725.6721308
29.796875,0.34765625,5038,5037,1.849352240562439,0.1125209778547287,0.0078125,2063.260383596,40056,0.7215423583984375,81.11923217773438,0.857692301273346,1.0,-0.1708253026008606,7738368,1746168731.7063546
28.651042938232422,0.3326823115348816,5048,5047,1.849352240562439,0.09017858654260635,0.0078125,2067.284009711,40136,0.6821126937866211,81.11923217773438,0.857692301273346,1.0,-0.16304156184196472,7753728,1746168735.7299778
29.963542938232422,0.3841145932674408,5059,5058,1.849352240562439,0.11817267537117004,0.008463541977107525,2071.712319016,40224,0.7860881686210632,81.11923217773438,0.857692301273346,1.0,-0.1560017317533493,7770624,1746168740.158231
31.23828125,0.365234375,5061,5060,1.849352240562439,0.1064198911190033,0.0078125,2072.516784107,40240,0.7847250699996948,81.11923217773438,0.857692301273346,1.0,-0.14474722743034363,7773696,1746168740.9627678
31.14192771911621,0.3958333432674408,5069,5068,1.849352240562439,0.1061720997095108,0.00911458395421505,2075.73456314,40304,0.823534369468689,81.11923217773438,0.857692301273346,1.0,-0.1560286581516266,7785984,1746168744.18053
30.178386688232422,0.3665364682674408,5086,5085,1.849352240562439,0.10606501996517181,0.0078125,2082.577838957,40440,0.7599396109580994,81.11923217773438,0.857692301273346,1.0,-0.14153417944908142,7812096,1746168751.0238047
30.54036521911621,0.3912760615348816,5100,5099,1.849352240562439,0.09814629703760147,0.0078125,2088.211281289,40552,0.8004395365715027,81.11923217773438,0.857692301273346,1.0,-0.1746806800365448,7833600,1746168756.6572578
29.416667938232422,0.3359375,5105,5104,1.849352240562439,0.09527000784873962,0.0078125,2090.222525307,40592,0.7132110595703125,81.11923217773438,0.857692301273346,1.0,-0.21058039367198944,7841280,1746168758.6684952
30.28255271911621,0.3053385615348816,5112,5111,1.849352240562439,0.1022379994392395,0.0078125,2093.041836991,40648,0.706031322479248,81.11923217773438,0.857692301273346,1.0,-0.179981529712677,7852032,1746168761.4878058
30.08333396911621,0.3118489682674408,5133,5132,1.849352240562439,0.08584115654230118,0.0078125,2101.492810738,40816,0.6845373511314392,81.11923217773438,0.857692301273346,1.0,-0.16342675685882568,7884288,1746168769.9387655
29.98958396911621,0.3046875,5143,5142,1.849352240562439,0.0934709757566452,0.0078125,2105.515684362,40896,0.6844339370727539,81.11923217773438,0.857692301273346,1.0,-0.1552211344242096,7899648,1746168773.9616485
28.049480438232422,0.310546875,5146,5145,1.849352240562439,0.08752934634685516,0.0078125,2106.722327462,40920,0.6565268039703369,81.11923217773438,0.857692301273346,1.0,-0.15755614638328552,7904256,1746168775.1683095
27.928386688232422,0.2408854216337204,5155,5154,1.849352240562439,0.07691262662410736,0.0078125,2110.342554005,40992,0.5822336673736572,81.11923217773438,0.857692301273346,1.0,-0.14330297708511353,7918080,1746168778.7885218
28.811199188232422,0.2200520932674408,5166,5165,1.849352240562439,0.0947856605052948,0.0078125,2114.775049986,41080,0.5521619319915771,81.11923217773438,0.857692301273346,1.0,-0.18102213740348816,7934976,1746168783.2210371
30.41536521911621,0.396484375,5181,5180,1.849352240562439,0.08218511939048767,0.008463541977107525,2120.838250512,41200,0.8105998039245605,81.11923217773438,0.857692301273346,1.0,-0.15079174935817719,7958016,1746168789.2842147
30.56770896911621,0.3294270932674408,5201,5200,1.9121712446212769,0.10461033135652542,0.0078125,2128.984040771,41360,0.7348000407218933,74.36679077148438,0.9178832173347473,1.0,-0.20373517274856567,7988736,1746168797.4300046
31.13411521911621,0.37890625,5214,5213,1.9121712446212769,0.08546179533004761,0.0078125,2134.220090796,41464,0.803839921951294,74.36679077148438,0.9178832173347473,1.0,-0.22951315343379974,8008704,1746168802.6660454
29.912761688232422,0.3346354365348816,5217,5216,1.9121712446212769,0.0988883376121521,0.0078125,2135.426641993,41488,0.7180018424987793,74.36679077148438,0.9178832173347473,1.0,-0.25089186429977417,8013312,1746168803.872606
28.59375,0.208984375,5220,5219,1.9121712446212769,0.15616187453269958,0.0078125,2136.633549643,41512,0.5550817847251892,74.36679077148438,0.9178832173347473,1.0,-0.2301153540611267,8017920,1746168805.0795174
29.1953125,0.26171875,5239,5238,1.9121712446212769,0.11774328351020813,0.0078125,2144.276919729,41664,0.6094381213188171,74.36679077148438,0.9178832173347473,1.0,-0.21792656183242798,8047104,1746168812.722872
28.936199188232422,0.2805989682674408,5243,5242,1.9121712446212769,0.11629626154899597,0.0078125,2145.887093079,41696,0.6346741318702698,74.36679077148438,0.9178832173347473,1.0,-0.2465100884437561,8053248,1746168814.3330035
30.147136688232422,0.322265625,5250,5249,1.9121712446212769,0.12132398784160614,0.008463541977107525,2148.703396018,41752,0.6981315612792969,74.36679077148438,0.9178832173347473,1.0,-0.3093247711658478,8064000,1746168817.1493685
28.022136688232422,0.2962239682674408,5252,5251,1.9121712446212769,0.10080660134553909,0.0078125,2149.507828813,41768,0.6440450549125671,74.36679077148438,0.9178832173347473,1.0,-0.2557949721813202,8067072,1746168817.953787
31.359375,0.392578125,5266,5265,1.9121712446212769,0.0939333438873291,0.0078125,2155.139666351,41880,0.8142660856246948,74.36679077148438,0.9178832173347473,1.0,-0.2928311824798584,8088576,1746168823.5856235
29.15625,0.3268229365348816,5290,5289,1.9121712446212769,0.09638703614473343,0.0078125,2164.798623083,42072,0.6815441846847534,74.36679077148438,0.9178832173347473,1.0,-0.307262659072876,8125440,1746168833.2445831
29.4765625,0.3606770932674408,5296,5295,1.9121712446212769,0.08690736442804337,0.0078125,2167.213460543,42120,0.7213543653488159,74.36679077148438,0.9178832173347473,1.0,-0.3357488811016083,8134656,1746168835.6594515
29.11067771911621,0.37109375,5297,5296,1.9121712446212769,0.09915965795516968,0.008463541977107525,2167.615532827,42128,0.7601889371871948,74.36679077148438,0.9178832173347473,1.0,-0.3170866370201111,8136192,1746168836.0615122
29.131511688232422,0.3561198115348816,5298,5297,1.9121712446212769,0.09292525798082352,0.008463541977107525,2168.017770254,42136,0.7357382774353027,74.36679077148438,0.9178832173347473,1.0,-0.3156791925430298,8137728,1746168836.4637544
28.17578125,0.2740885615348816,5302,5301,1.9121712446212769,0.09772703051567078,0.0078125,2169.629586326,42168,0.6091777682304382,74.36679077148438,0.9178832173347473,1.0,-0.28995105624198914,8143872,1746168838.0755754
28.63802146911621,0.3125,5322,5321,1.9121712446212769,0.09247343242168427,0.0078125,2177.676540008,42328,0.680977463722229,74.36679077148438,0.9178832173347473,1.0,-0.23979011178016663,8174592,1746168846.1225111
29.045574188232422,0.31640625,5329,5328,1.9121712446212769,0.0975453108549118,0.0078125,2180.496399114,42384,0.6773306727409363,74.36679077148438,0.9178832173347473,1.0,-0.1541638970375061,8185344,1746168848.9423726
29.453125,0.3092448115348816,5336,5335,1.9121712446212769,0.10164682567119598,0.0078125,2183.312426693,42440,0.680435299873352,74.36679077148438,0.9178832173347473,1.0,-0.11944044381380081,8196096,1746168851.7584023
29.069011688232422,0.2682291865348816,5392,5391,1.9121712446212769,0.07414290308952332,0.0078125,2205.849658702,42888,0.6167833805084229,74.36679077148438,0.9178832173347473,1.0,-0.1845734715461731,8282112,1746168874.2956247
30.48177146911621,0.326171875,5415,5414,1.9121712446212769,0.08423154056072235,0.0078125,2215.109191427,43072,0.7213577032089233,74.36679077148438,0.9178832173347473,1.0,-0.18092253804206848,8317440,1746168883.5551145
28.55859375,0.3111979365348816,5431,5430,1.9121712446212769,0.09134350717067719,0.0078125,2221.546012828,43200,0.6578289270401001,74.36679077148438,0.9178832173347473,1.0,-0.18629643321037292,8342016,1746168889.991948
28.9296875,0.2734375,5459,5458,1.9121712446212769,0.07448944449424744,0.0078125,2232.81054939,43424,0.6331597566604614,74.36679077148438,0.9178832173347473,1.0,-0.2107028067111969,8385024,1746168901.2565305
29.736980438232422,0.3522135615348816,5492,5491,1.9121712446212769,0.0785040333867073,0.008463541977107525,2246.091482884,43688,0.7391907572746277,74.36679077148438,0.9178832173347473,1.0,-0.19271954894065857,8435712,1746168914.5374658
29.30599021911621,0.3528645932674408,5494,5493,1.9121712446212769,0.08202007412910461,0.0078125,2246.895678984,43704,0.7236308455467224,74.36679077148438,0.9178832173347473,1.0,-0.21511587500572205,8438784,1746168915.3416362
30.46875,0.3743489682674408,5496,5495,1.9121712446212769,0.07603362202644348,0.0078125,2247.700122631,43720,0.7687928080558777,74.36679077148438,0.9178832173347473,1.0,-0.20541302859783173,8441856,1746168916.1460974
29.44270896911621,0.318359375,5501,5500,1.9121712446212769,0.07041655480861664,0.008463541977107525,2249.711354241,43760,0.6995646953582764,74.36679077148438,0.9178832173347473,1.0,-0.21187613904476166,8449536,1746168918.1573424
29.295574188232422,0.2682291865348816,5504,5503,1.9121712446212769,0.07596516609191895,0.00911458395421505,2250.92139046,43784,0.6538671851158142,74.36679077148438,0.9178832173347473,1.0,-0.22354134917259216,8454144,1746168919.3673553
28.77734375,0.2506510615348816,5518,5517,1.9121712446212769,0.08439742028713226,0.0078125,2256.553607121,43896,0.5947206020355225,74.36679077148438,0.9178832173347473,1.0,-0.22350209951400757,8475648,1746168924.9995718
31.06770896911621,0.3639323115348816,5539,5538,1.8876688480377197,0.08292805403470993,0.0078125,2265.114580299,44064,0.7774638533592224,77.01512145996094,0.8941398859024048,1.0,-0.27051401138305664,8507904,1746168933.560549
30.065105438232422,0.3782552182674408,5546,5545,1.8876688480377197,0.12657691538333893,0.0078125,2267.932012997,44120,0.7743978500366211,77.01512145996094,0.8941398859024048,1.0,-0.24040120840072632,8518656,1746168936.3779716
29.16927146911621,0.3450520932674408,5559,5558,1.8876688480377197,0.09519127011299133,0.0078125,2273.165906458,44224,0.7080200910568237,77.01512145996094,0.8941398859024048,1.0,-0.28741222620010376,8538624,1746168941.6118536
31.19140625,0.4270833432674408,5564,5563,1.8876688480377197,0.08602216094732285,0.0078125,2275.177358805,44264,0.8541666865348816,77.01512145996094,0.8941398859024048,1.0,-0.25201794505119324,8546304,1746168943.623324
29.703125,0.302734375,5574,5573,1.8876688480377197,0.10023593157529831,0.0078125,2279.200556042,44344,0.6853225231170654,77.01512145996094,0.8941398859024048,1.0,-0.31524229049682617,8561664,1746168947.646511
29.5390625,0.3561198115348816,5605,5604,1.8876688480377197,0.0773916095495224,0.0078125,2291.698612427,44592,0.7299561500549316,77.01512145996094,0.8941398859024048,1.0,-0.29627910256385803,8609280,1746168960.14458
29.68359375,0.2897135615348816,5606,5605,1.8876688480377197,0.09271290898323059,0.0078125,2292.101033219,44600,0.6652761697769165,77.01512145996094,0.8941398859024048,1.0,-0.3174598217010498,8610816,1746168960.5469983
27.96484375,0.294921875,5611,5610,1.8876688480377197,0.09884553402662277,0.0078125,2294.112849002,44640,0.6410279273986816,77.01512145996094,0.8941398859024048,1.0,-0.3004418611526489,8618496,1746168962.5588129
31.4375,0.4368489682674408,5614,5613,1.8876688480377197,0.11030150949954987,0.0078125,2295.31962084,44664,0.8736979365348816,77.01512145996094,0.8941398859024048,1.0,-0.2987091541290283,8623104,1746168963.7655914
30.342449188232422,0.3932291865348816,5622,5621,1.8876688480377197,0.09805729985237122,0.0078125,2298.538619197,44728,0.786458432674408,77.01512145996094,0.8941398859024048,1.0,-0.3178735673427582,8635392,1746168966.9845665
28.584636688232422,0.3157552182674408,5629,5628,1.8876688480377197,0.09371975064277649,0.0078125,2301.35759854,44784,0.6558940410614014,77.01512145996094,0.8941398859024048,1.0,-0.30080169439315796,8646144,1746168969.8035574
30.350261688232422,0.3463541865348816,5645,5644,1.8876688480377197,0.08634459972381592,0.008463541977107525,2307.800724173,44912,0.7418761253356934,77.01512145996094,0.8941398859024048,1.0,-0.2234635055065155,8670720,1746168976.2466946
29.63671875,0.361328125,5647,5646,1.8876688480377197,0.08959448337554932,0.008463541977107525,2308.605140212,44928,0.7611998319625854,77.01512145996094,0.8941398859024048,1.0,-0.22233521938323975,8673792,1746168977.0511196
30.77083396911621,0.341796875,5648,5647,1.8876688480377197,0.09927691519260406,0.0078125,2309.007466085,44936,0.7417058348655701,77.01512145996094,0.8941398859024048,1.0,-0.23168335855007172,8675328,1746168977.4534485
28.97395896911621,0.302734375,5665,5664,1.8876688480377197,0.07587449252605438,0.0078125,2315.846291403,45072,0.6721094846725464,77.01512145996094,0.8941398859024048,1.0,-0.23809760808944702,8701440,1746168984.2922792
31.76302146911621,0.4264323115348816,5667,5666,1.8876688480377197,0.08237925171852112,0.008463541977107525,2316.650614446,45088,0.8765420913696289,77.01512145996094,0.8941398859024048,1.0,-0.2756354510784149,8704512,1746168985.0966084
30.4296875,0.3795573115348816,5675,5674,1.8876688480377197,0.07711884379386902,0.0078125,2319.868916218,45152,0.780281662940979,77.01512145996094,0.8941398859024048,1.0,-0.25206756591796875,8716800,1746168988.3148746
30.565105438232422,0.380859375,5681,5680,1.8876688480377197,0.07164767384529114,0.0078125,2322.285980775,45200,0.7884318232536316,77.01512145996094,0.8941398859024048,1.0,-0.255697637796402,8726016,1746168990.7319503
28.533855438232422,0.279296875,5695,5694,1.8876688480377197,0.106171153485775,0.008463541977107525,2327.919544388,45312,0.638890266418457,77.01512145996094,0.8941398859024048,1.0,-0.26671257615089417,8747520,1746168996.365515
28.77734375,0.1998697966337204,5696,5695,1.8876688480377197,0.0930815115571022,0.008463541977107525,2328.321815867,45320,0.554128110408783,77.01512145996094,0.8941398859024048,1.0,-0.27407899498939514,8749056,1746168996.7677822
27.66796875,0.2727864682674408,5705,5704,1.8876688480377197,0.08231436461210251,0.0078125,2331.942165285,45392,0.6133962869644165,77.01512145996094,0.8941398859024048,1.0,-0.25493693351745605,8762880,1746169000.3881261
28.897136688232422,0.3111979365348816,5711,5710,1.8876688480377197,0.08254785090684891,0.0078125,2334.355328242,45440,0.6715048551559448,77.01512145996094,0.8941398859024048,1.0,-0.25578415393829346,8772096,1746169002.8013005
29.244792938232422,0.2428385466337204,5720,5719,1.8876688480377197,0.09003913402557373,0.0078125,2337.976243088,45512,0.5901575088500977,77.01512145996094,0.8941398859024048,1.0,-0.23801499605178833,8785920,1746169006.422227
28.23567771911621,0.27734375,5746,5745,1.8876688480377197,0.08324270695447922,0.0078125,2348.437599425,45720,0.633991539478302,77.01512145996094,0.8941398859024048,1.0,-0.27158981561660767,8825856,1746169016.8835773
31.424480438232422,0.4322916865348816,5761,5760,1.8876688480377197,0.0897800624370575,0.0078125,2354.478113392,45840,0.8645833730697632,77.01512145996094,0.8941398859024048,1.0,-0.2403116673231125,8848896,1746169022.924076
28.5390625,0.2721354365348816,5804,5803,1.8876688480377197,0.10904182493686676,0.0078125,2371.782119734,46184,0.6310164928436279,77.01512145996094,0.8941398859024048,1.0,-0.24481754004955292,8914944,1746169040.228074
30.28125,0.3828125,5813,5812,1.8876688480377197,0.06181785464286804,0.0078125,2375.402845775,46256,0.782501220703125,77.01512145996094,0.8941398859024048,1.0,-0.17637869715690613,8928768,1746169043.848804
28.41536521911621,0.2845052182674408,5825,5824,1.8876688480377197,0.08515173196792603,0.0078125,2380.230328499,46352,0.6381103992462158,77.01512145996094,0.8941398859024048,1.0,-0.15526074171066284,8947200,1746169048.6762946
29.68359375,0.2721354365348816,5837,5836,1.8876688480377197,0.07264448702335358,0.008463541977107525,2385.061231664,46448,0.6362971663475037,77.01512145996094,0.8941398859024048,1.0,-0.1850072741508484,8965632,1746169053.507178
30.54296875,0.279296875,5848,5847,1.8876688480377197,0.08163665235042572,0.0078125,2389.487012677,46536,0.6701440811157227,77.01512145996094,0.8941398859024048,1.0,-0.23242367804050446,8982528,1746169057.9329846
30.330730438232422,0.35546875,5853,5852,1.9100815057754517,0.0801403596997261,0.0078125,2391.599796528,46576,0.7513656616210938,73.21109008789062,0.9159212708473206,1.0,-0.24725580215454102,8990208,1746169060.0457633
29.59114646911621,0.314453125,5874,5873,1.9100815057754517,0.0776510238647461,0.0078125,2400.051126509,46744,0.6914693713188171,73.21109008789062,0.9159212708473206,1.0,-0.23691068589687347,9022464,1746169068.4970984
29.49739646911621,0.2760416865348816,5879,5878,1.9100815057754517,0.09812821447849274,0.0078125,2402.066739675,46784,0.629584789276123,73.21109008789062,0.9159212708473206,1.0,-0.23728755116462708,9030144,1746169070.5125778
28.61067771911621,0.328125,5919,5918,1.9100815057754517,0.07081238925457001,0.008463541977107525,2418.165358899,47104,0.7093852758407593,73.21109008789062,0.9159212708473206,1.0,-0.16308929026126862,9091584,1746169086.6113284
29.694011688232422,0.3763020932674408,5927,5926,1.9100815057754517,0.05799422413110733,0.0078125,2421.387542969,47168,0.7748209834098816,73.21109008789062,0.9159212708473206,1.0,-0.15148910880088806,9103872,1746169089.8335114
31.78645896911621,0.4596354365348816,5934,5933,1.9100815057754517,0.06376340985298157,0.0078125,2424.203723145,47224,0.9192708730697632,73.21109008789062,0.9159212708473206,1.0,-0.17799966037273407,9114624,1746169092.6496804
30.421875,0.3489583432674408,5935,5934,1.9100815057754517,0.06725834310054779,0.0078125,2424.605933673,47232,0.7630646228790283,73.21109008789062,0.9159212708473206,1.0,-0.1713702231645584,9116160,1746169093.0518985
30.51171875,0.3346354365348816,5952,5951,1.9100815057754517,0.0774785727262497,0.00911458395421505,2431.449645607,47368,0.7457939982414246,73.21109008789062,0.9159212708473206,1.0,-0.19327816367149353,9142272,1746169099.895613
29.69140625,0.3860677182674408,5962,5961,1.9100815057754517,0.07584162056446075,0.008463541977107525,2435.475022134,47448,0.7902506589889526,73.21109008789062,0.9159212708473206,1.0,-0.19402489066123962,9157632,1746169103.920991
30.268230438232422,0.41796875,5968,5967,1.9100815057754517,0.07866442203521729,0.00911458395421505,2437.888204223,47496,0.8539389371871948,73.21109008789062,0.9159212708473206,1.0,-0.20342788100242615,9166848,1746169106.3341715
31.178386688232422,0.443359375,5978,5977,1.9100815057754517,0.10455475747585297,0.00911458395421505,2441.91179735,47576,0.8887166380882263,73.21109008789062,0.9159212708473206,1.0,-0.1800723671913147,9182208,1746169110.3577802
29.50130271911621,0.3463541865348816,5992,5991,1.9100815057754517,0.08030155301094055,0.0078125,2447.544574068,47688,0.715202808380127,73.21109008789062,0.9159212708473206,1.0,-0.20246538519859314,9203712,1746169115.9905367
29.83333396911621,0.3235677182674408,6041,6040,1.9100815057754517,0.12450248748064041,0.0078125,2467.294573739,48080,0.7165874242782593,73.21109008789062,0.9159212708473206,1.0,-0.22331252694129944,9278976,1746169135.740545
30.51953125,0.4088541865348816,6042,6041,1.9100815057754517,0.08028903603553772,0.008463541977107525,2467.6968386,48088,0.8177083730697632,73.21109008789062,0.9159212708473206,1.0,-0.2336922138929367,9280512,1746169136.1427853
30.651042938232422,0.4296875,6066,6065,1.9100815057754517,0.060107529163360596,0.008463541977107525,2477.35921357,48280,0.859375,73.21109008789062,0.9159212708473206,1.0,-0.16360369324684143,9317376,1746169145.805199
29.873699188232422,0.36328125,6068,6067,1.9100815057754517,0.06083595007658005,0.0078125,2478.163448045,48296,0.7680794596672058,73.21109008789062,0.9159212708473206,1.0,-0.18055972456932068,9320448,1746169146.6094122
31.42578125,0.3834635615348816,6093,6092,1.9100815057754517,0.09250500798225403,0.0078125,2488.223751704,48496,0.8204395771026611,73.21109008789062,0.9159212708473206,1.0,-0.1956111639738083,9358848,1746169156.669709
28.49349021911621,0.2838541865348816,6095,6094,1.9100815057754517,0.08620928227901459,0.0078125,2489.028321531,48512,0.6281850934028625,73.21109008789062,0.9159212708473206,1.0,-0.16684791445732117,9361920,1746169157.474301
31.26171875,0.43359375,6135,6134,1.9100815057754517,0.07774800062179565,0.00911458395421505,2505.131914691,48832,0.8671875,73.21109008789062,0.9159212708473206,1.0,-0.17024563252925873,9423360,1746169173.5778224
29.86458396911621,0.3567708432674408,6154,6153,1.9100815057754517,0.06967373937368393,0.008463541977107525,2512.777630161,48984,0.7485901713371277,73.21109008789062,0.9159212708473206,1.0,-0.2110895812511444,9452544,1746169181.2235873
29.1875,0.3268229365348816,6174,6173,1.9100815057754517,0.0653536319732666,0.0078125,2520.831614534,49144,0.6898937225341797,73.21109008789062,0.9159212708473206,1.0,-0.17778697609901428,9483264,1746169189.2775483
30.25911521911621,0.3893229365348816,6223,6222,1.9037526845932007,0.07270199060440063,0.009765625,2540.648956363,49536,0.8068167567253113,73.49911499023438,0.9097344875335693,1.0,-0.193990558385849,9558528,1746169209.0949254
29.580730438232422,0.3255208432674408,6232,6231,1.9037526845932007,0.06312701851129532,0.008463541977107525,2544.272812028,49608,0.7099504470825195,73.49911499023438,0.9097344875335693,1.0,-0.17259466648101807,9572352,1746169212.7187886
27.651042938232422,0.2760416865348816,6278,6277,1.9037526845932007,0.07849758863449097,0.0078125,2562.786777919,49976,0.6053609848022461,73.49911499023438,0.9097344875335693,1.0,-0.18768195807933807,9643008,1746169231.232748
28.16015625,0.244140625,6301,6300,1.9037526845932007,0.07471532374620438,0.008463541977107525,2572.044891395,50160,0.5877096652984619,73.49911499023438,0.9097344875335693,1.0,-0.19994795322418213,9678336,1746169240.4908772
29.8046875,0.3723958432674408,6307,6306,1.9037526845932007,0.0782715231180191,0.0078125,2574.458808596,50208,0.7618530988693237,73.49911499023438,0.9097344875335693,1.0,-0.22425267100334167,9687552,1746169242.9047687
30.65234375,0.3977864682674408,6316,6315,1.9037526845932007,0.06787656992673874,0.0078125,2578.07920961,50280,0.8130615949630737,73.49911499023438,0.9097344875335693,1.0,-0.15611791610717773,9701376,1746169246.5251718
31.51302146911621,0.4303385615348816,6329,6328,1.9037526845932007,0.11507393419742584,0.0078125,2583.31609783,50384,0.8606771230697632,73.49911499023438,0.9097344875335693,1.0,-0.14382639527320862,9721344,1746169251.7620432
30.9609375,0.423828125,6333,6332,1.9037526845932007,0.08690908551216125,0.0078125,2584.925129,50416,0.84765625,73.49911499023438,0.9097344875335693,1.0,-0.11966289579868317,9727488,1746169253.3710837
30.99349021911621,0.3990885615348816,6336,6335,1.9037526845932007,0.08121546357870102,0.00911458395421505,2586.13185444,50440,0.8233057856559753,73.49911499023438,0.9097344875335693,1.0,-0.09441152960062027,9732096,1746169254.5778236
29.0546875,0.3522135615348816,6364,6363,1.9037526845932007,0.08123528957366943,0.008463541977107525,2597.404223912,50664,0.7221578359603882,73.49911499023438,0.9097344875335693,1.0,-0.12963443994522095,9775104,1746169265.8501902
31.1953125,0.4055989682674408,6366,6365,1.9037526845932007,0.07061906158924103,0.008463541977107525,2598.208773166,50680,0.8381144404411316,73.49911499023438,0.9097344875335693,1.0,-0.08114104717969894,9778176,1746169266.6547396
28.984375,0.3092448115348816,6376,6375,1.9037526845932007,0.11060924082994461,0.0078125,2602.234459099,50760,0.672280490398407,73.49911499023438,0.9097344875335693,1.0,-0.12496012449264526,9793536,1746169270.6804328
29.787761688232422,0.2942708432674408,6387,6386,1.9037526845932007,0.06656704097986221,0.008463541977107525,2606.661927644,50848,0.6634506583213806,73.49911499023438,0.9097344875335693,1.0,-0.0927523523569107,9810432,1746169275.107908
31.55208396911621,0.4479166865348816,6424,6423,1.9037526845932007,0.08393983542919159,0.008463541977107525,2621.549641983,51144,0.8958333730697632,73.49911499023438,0.9097344875335693,1.0,-0.15757997334003448,9867264,1746169289.9956222
29.19270896911621,0.3385416865348816,6427,6426,1.9037526845932007,0.0722615122795105,0.0078125,2622.755985726,51168,0.7126414775848389,73.49911499023438,0.9097344875335693,1.0,-0.14846643805503845,9871872,1746169291.2019649
31.39192771911621,0.3430989682674408,6430,6429,1.9037526845932007,0.08255839347839355,0.0078125,2623.962794687,51192,0.754165530204773,73.49911499023438,0.9097344875335693,1.0,-0.18157221376895905,9876480,1746169292.408757
29.58724021911621,0.3190104365348816,6434,6433,1.9037526845932007,0.07473462074995041,0.0078125,2625.572728541,51224,0.6850211024284363,73.49911499023438,0.9097344875335693,1.0,-0.16090378165245056,9882624,1746169294.0186749
28.17708396911621,0.2897135615348816,6450,6449,1.9037526845932007,0.07263941317796707,0.0078125,2632.014419781,51352,0.641446053981781,73.49911499023438,0.9097344875335693,1.0,-0.16886773705482483,9907200,1746169300.4604
