returned_won_episode,returned_episode,returned_episode_lengths,loss,test_returned_episode,update_steps,_step,test_returned_episode_returns,test_returned_episode_lengths,test_returned_won_episode,_runtime,grad_steps,qvals,returned_episode_returns,env_step,_timestamp
0.0,0.02408854104578495,26.27083396911621,0.0,0.9999999403953552,9,8,0.023530641570687294,18.209566116333008,0.0,48.911505503,0,0.0,0.2147623598575592,13824,1746201288.738087
0.0,0.0234375,25.70638084411621,0.0,0.9999999403953552,28,27,0.023530641570687294,18.209566116333008,0.0,50.11514597,0,0.0,0.24378252029418945,43008,1746201289.941724
0.0,0.02213541604578495,26.09765625,0.01892198622226715,0.9999999403953552,34,33,0.023530641570687294,18.209566116333008,0.0,51.419950765,24,0.04132823273539543,0.26677078008651733,52224,1746201291.246516
0.0,0.02408854104578495,25.63020896911621,0.012468395754694939,0.9999999403953552,43,42,0.023530641570687294,18.209566116333008,0.0,54.765284039,96,0.45792239904403687,0.2701888084411621,66048,1746201294.5918643
0.0,0.0234375,25.51627540588379,0.009681789204478264,0.9999999403953552,60,59,0.023530641570687294,18.209566116333008,0.0,61.083679004,232,0.6905778646469116,0.2850911021232605,92160,1746201300.9102697
0.0,0.02278645895421505,25.44791603088379,0.017179308459162712,0.9999999403953552,69,68,0.023530641570687294,18.209566116333008,0.0,64.430233435,304,0.7170501947402954,0.28174474835395813,105984,1746201304.2568123
0.0,0.02473958395421505,25.45572853088379,0.04196508601307869,0.9999999403953552,86,85,0.023530641570687294,18.209566116333008,0.0,70.758697444,440,0.6073841452598572,0.2835969626903534,132096,1746201310.5852354
0.0,0.02408854104578495,25.490234375,0.08004747331142426,0.9999999403953552,105,104,0.023530641570687294,18.209566116333008,0.0,77.829206229,592,0.4213087558746338,0.29579100012779236,161280,1746201317.6557527
0.0,0.02278645895421505,26.36588478088379,0.11290696263313293,0.9999999403953552,116,115,0.023530641570687294,18.209566116333008,0.0,81.931381137,680,0.40086066722869873,0.28028643131256104,178176,1746201321.757937
0.0,0.02473958395421505,25.20833396911621,0.0883161872625351,0.9999999403953552,117,116,0.023530641570687294,18.209566116333008,0.0,82.30344634,688,0.40183889865875244,0.29800453782081604,179712,1746201322.1299875
0.0,0.02278645895421505,25.40885353088379,0.2275174856185913,0.9999999403953552,125,124,0.023530641570687294,18.209566116333008,0.0,85.277797177,752,0.3970777988433838,0.29285478591918945,192000,1746201325.104358
0.0,0.02604166604578495,24.1953125,0.37181514501571655,0.9999999403953552,149,148,0.023530641570687294,18.209566116333008,0.0,94.206733082,944,0.49374961853027344,0.30160802602767944,228864,1746201334.0332816
0.0,0.02473958395421505,24.392578125,0.3302156925201416,0.9999999403953552,159,158,0.023530641570687294,18.209566116333008,0.0,97.93129846,1024,0.5034958124160767,0.29401689767837524,244224,1746201337.7578084
0.0,0.02473958395421505,25.47786521911621,0.3298323452472687,0.9999999403953552,165,164,0.023530641570687294,18.209566116333008,0.0,100.163765524,1072,0.5108134150505066,0.2873632311820984,253440,1746201339.990359
0.0,0.0234375,25.42643165588379,0.33230024576187134,0.9999999403953552,173,172,0.023530641570687294,18.209566116333008,0.0,103.139853873,1136,0.5127529501914978,0.2759179472923279,265728,1746201342.966425
0.0,0.025390625,24.97265625,0.31175100803375244,0.9999999403953552,185,184,0.023530641570687294,18.209566116333008,0.0,107.607056207,1232,0.5161259770393372,0.30611976981163025,284160,1746201347.433603
0.0,0.025390625,25.048828125,0.26580893993377686,0.9999999403953552,213,212,0.023530641570687294,18.209566116333008,0.0,118.031631387,1456,0.508411169052124,0.3082454204559326,327168,1746201357.8581314
0.0,0.02473958395421505,25.36458396911621,0.28050774335861206,0.9999999403953552,221,220,0.023530641570687294,18.209566116333008,0.0,121.014316633,1520,0.5054113864898682,0.30692052841186523,339456,1746201360.8408616
0.0,0.02473958395421505,24.43033790588379,0.25777262449264526,0.9999999403953552,247,246,0.023530641570687294,18.209566116333008,0.0,130.68577947,1728,0.4787571132183075,0.3209472596645355,379392,1746201370.5123556
0.0,0.02799479104578495,24.47916603088379,0.12839198112487793,0.9999999403953552,262,261,0.023530641570687294,18.209566116333008,0.0,136.271978868,1848,0.45773518085479736,0.3190787732601166,402432,1746201376.098499
0.0,0.025390625,24.46614646911621,0.12005361169576645,0.9999999403953552,270,269,0.023530641570687294,18.209566116333008,0.0,139.248274658,1912,0.44301432371139526,0.32218095660209656,414720,1746201379.0748441
0.0,0.02473958395421505,24.54622459411621,0.12590235471725464,0.9999999403953552,274,273,0.023530641570687294,18.209566116333008,0.0,140.741009534,1944,0.4339578151702881,0.29661130905151367,420864,1746201380.5675766
0.0,0.02669270895421505,24.99283790588379,0.11752152442932129,0.9999999403953552,276,275,0.023530641570687294,18.209566116333008,0.0,141.484987642,1960,0.4379836320877075,0.3388671576976776,423936,1746201381.311559
0.0,0.025390625,24.34375,0.12239700555801392,0.9999999403953552,277,276,0.023530641570687294,18.209566116333008,0.0,141.857260764,1968,0.42270299792289734,0.2875455319881439,425472,1746201381.6838112
0.0,0.02408854104578495,25.7421875,0.09225085377693176,0.9999999403953552,290,289,0.023530641570687294,18.209566116333008,0.0,146.704099928,2072,0.4270089268684387,0.3118554651737213,445440,1746201386.5306728
0.0,0.02604166604578495,24.66666603088379,0.0929475650191307,0.9999999403953552,295,294,0.023530641570687294,18.209566116333008,0.0,148.563502144,2112,0.41508692502975464,0.32178059220314026,453120,1746201388.3900857
0.0,0.025390625,23.984375,0.08467160165309906,0.9999999403953552,303,302,0.023530641570687294,18.209566116333008,0.0,151.538717332,2176,0.4159102439880371,0.2814420759677887,465408,1746201391.3652654
0.0,0.02408854104578495,26.27278709411621,0.17430484294891357,1.0,327,326,0.2996079921722412,34.41002655029297,0.0,160.557443756,2368,0.3740779459476471,0.35218748450279236,502272,1746201400.3840072
0.0,0.02278645895421505,24.95247459411621,0.12528949975967407,1.0,338,337,0.2996079921722412,34.41002655029297,0.0,164.651640913,2456,0.3830562233924866,0.2969726324081421,519168,1746201404.4782
0.0,0.02278645895421505,26.65234375,0.7061034440994263,1.0,352,351,0.2996079921722412,34.41002655029297,0.0,169.861939156,2568,0.38371825218200684,0.22662432491779327,540672,1746201409.6885095
0.0,0.021484375,25.75911521911621,0.20314104855060577,1.0,364,363,0.2996079921722412,34.41002655029297,0.0,174.326160144,2664,0.33650410175323486,0.22700516879558563,559104,1746201414.1527286
0.0,0.02864583395421505,23.9375,0.19662337005138397,1.0,367,366,0.2996079921722412,34.41002655029297,0.0,175.441611483,2688,0.3384857177734375,0.28466469049453735,563712,1746201415.2681792
0.0,0.02864583395421505,22.73958396911621,0.10668426752090454,1.0,388,387,0.2996079921722412,34.41002655029297,0.0,183.258978008,2856,0.30790331959724426,0.15460611879825592,595968,1746201423.0855541
0.0,0.02213541604578495,26.169921875,0.09808313101530075,1.0,393,392,0.2996079921722412,34.41002655029297,0.0,185.119782553,2896,0.2848716080188751,0.24680010974407196,603648,1746201424.9463422
0.0,0.0234375,26.80729103088379,0.11726157367229462,1.0,404,403,0.2996079921722412,34.41002655029297,0.0,189.211314926,2984,0.19815486669540405,0.21936848759651184,620544,1746201429.0378203
0.0,0.0234375,26.26888084411621,0.11289224028587341,1.0,405,404,0.2996079921722412,34.41002655029297,0.0,189.583580773,2992,0.21251648664474487,0.23956701159477234,622080,1746201429.4101255
0.0,0.0234375,24.98567771911621,0.08932052552700043,1.0,422,421,0.2996079921722412,34.41002655029297,0.0,195.984105671,3128,0.2350630760192871,0.2772330343723297,648192,1746201435.810639
0.0,0.02408854104578495,25.662109375,0.11089479923248291,1.0,449,448,0.2996079921722412,34.41002655029297,0.0,206.028343116,3344,0.180820494890213,0.2790917754173279,689664,1746201445.854908
0.0,0.02083333395421505,27.7734375,0.06965555250644684,1.0,466,465,0.2996079921722412,34.41002655029297,0.0,212.353389499,3480,0.11837221682071686,0.2560025751590729,715776,1746201452.1799536
0.0,0.01822916604578495,28.025390625,0.07023049890995026,1.0,468,467,0.2996079921722412,34.41002655029297,0.0,213.098065556,3496,0.12007541954517365,0.23527993261814117,718848,1746201452.924625
0.0,0.02083333395421505,27.294921875,0.06359197944402695,1.0,472,471,0.2996079921722412,34.41002655029297,0.0,214.585455033,3528,0.12314106523990631,0.25370439887046814,724992,1746201454.4120293
0.0,0.02278645895421505,26.36783790588379,0.07164360582828522,1.0,476,475,0.2996079921722412,34.41002655029297,0.0,216.073223345,3560,0.11699816584587097,0.3275064527988434,731136,1746201455.899806
0.0,0.02278645895421505,26.39778709411621,0.2000899612903595,1.0,491,490,0.2996079921722412,34.41002655029297,0.0,221.666623138,3680,0.10161390155553818,0.3794790804386139,754176,1746201461.493181
0.0,0.03059895895421505,23.25455665588379,0.16065756976604462,1.0,500,499,0.2996079921722412,34.41002655029297,0.0,225.015677465,3752,0.1655135452747345,0.10816405713558197,768000,1746201464.8421729
0.0,0.02083333395421505,27.75650978088379,0.14226321876049042,1.0,501,500,0.2996079921722412,34.41002655029297,0.0,225.387431957,3760,0.16470447182655334,0.24467118084430695,769536,1746201465.2140028
0.0,0.01953125,27.4609375,0.09299274533987045,1.0,510,509,0.2996079921722412,34.41002655029297,0.0,228.734773067,3832,0.1320742666721344,0.25131505727767944,783360,1746201468.5613678
0.0,0.017578125,28.45442771911621,0.09021677076816559,1.0,518,517,0.2996079921722412,34.41002655029297,0.0,231.716992649,3896,0.12092053890228271,0.2815103828907013,795648,1746201471.5435357
0.0,0.02213541604578495,26.94791603088379,0.0942416712641716,1.0,521,520,0.2996079921722412,34.41002655029297,0.0,232.832934474,3920,0.12437403202056885,0.23044268786907196,800256,1746201472.6594875
0.0,0.02018229104578495,26.73046875,0.1207827627658844,1.0,560,559,0.2996079921722412,34.41002655029297,0.0,247.344587252,4232,0.1329672932624817,0.24030272662639618,860160,1746201487.1711593
0.0,0.0234375,26.55533790588379,0.08103302121162415,1.0,563,562,0.2996079921722412,34.41002655029297,0.0,248.461071633,4256,0.16787227988243103,0.3290592133998871,864768,1746201488.2876291
0.0,0.02213541604578495,27.07486915588379,0.08260636031627655,1.0,576,575,0.2996079921722412,34.41002655029297,0.0,253.294233752,4360,0.15676341950893402,0.26237955689430237,884736,1746201493.1208158
0.0,0.01888020895421505,27.19596290588379,0.18046385049819946,1.0,582,581,0.2996079921722412,34.41002655029297,0.0,255.523958462,4408,0.1727096438407898,0.31403642892837524,893952,1746201495.3505244
0.0,0.02213541604578495,27.25,0.11292114853858948,1.0,617,616,0.2996079921722412,34.41002655029297,0.0,268.545623025,4688,0.11014857888221741,0.27077797055244446,947712,1746201508.3722053
0.0,0.015625,29.46354103088379,0.0998329147696495,1.0,632,631,0.2996079921722412,34.41002655029297,0.0,274.125873435,4808,0.08136704564094543,0.30068355798721313,970752,1746201513.952463
0.0,0.014973958022892475,25.158203125,0.07317978143692017,0.9999999403953552,663,662,0.40034496784210205,51.894901275634766,0.0,285.737319107,5056,0.0853799358010292,0.16407877206802368,1018368,1746201525.5638375
0.0,0.01953125,27.232421875,0.0854678750038147,0.9999999403953552,667,666,0.40034496784210205,51.894901275634766,0.0,287.224751961,5088,0.08966346085071564,0.17443032562732697,1024512,1746201527.0512354
0.0,0.02083333395421505,26.28255271911621,0.1889285147190094,0.9999999403953552,673,672,0.40034496784210205,51.894901275634766,0.0,289.454605185,5136,0.05941981077194214,0.11861000955104828,1033728,1746201529.2811725
0.0,0.02278645895421505,27.06966209411621,0.11705008149147034,0.9999999403953552,691,690,0.40034496784210205,51.894901275634766,0.0,296.14377685,5280,0.025782154873013496,0.21699869632720947,1061376,1746201535.9703605
0.0,0.02278645895421505,26.54166603088379,0.09315428137779236,0.9999999403953552,731,730,0.40034496784210205,51.894901275634766,0.0,311.016405053,5600,-0.11539695411920547,0.16692383587360382,1122816,1746201550.8429878
0.0,0.021484375,27.76236915588379,0.10012231022119522,0.9999999403953552,738,737,0.40034496784210205,51.894901275634766,0.0,313.618584769,5656,-0.08037436008453369,0.23584307730197906,1133568,1746201553.4451616
0.0,0.02408854104578495,25.40494728088379,0.1256731152534485,0.9999999403953552,766,765,0.40034496784210205,51.894901275634766,0.0,324.041163961,5880,-0.11682069301605225,0.1776009202003479,1176576,1746201563.8677409
0.0,0.02408854104578495,25.07877540588379,0.15653035044670105,0.9999999403953552,816,815,0.40034496784210205,51.894901275634766,0.0,342.637286651,6280,-0.26118695735931396,0.373860627412796,1253376,1746201582.4638536
0.0,0.01822916604578495,27.60025978088379,0.08829201757907867,0.9999999403953552,824,823,0.40034496784210205,51.894901275634766,0.0,345.608375925,6344,-0.25004881620407104,0.38260409235954285,1265664,1746201585.4349241
0.0,0.01888020895421505,26.68815040588379,0.10555882751941681,0.9999999403953552,825,824,0.40034496784210205,51.894901275634766,0.0,345.983087745,6352,-0.25343596935272217,0.26663079857826233,1267200,1746201585.80964
0.0,0.014973958022892475,28.65494728088379,0.09192029386758804,0.9999999403953552,835,834,0.40034496784210205,51.894901275634766,0.0,349.700531681,6432,-0.28263208270072937,0.37457677721977234,1282560,1746201589.5271082
0.0,0.01171875,26.7109375,0.09650415182113647,0.9999999403953552,838,837,0.40034496784210205,51.894901275634766,0.0,350.822376092,6456,-0.25364968180656433,0.20739255845546722,1287168,1746201590.6489341
0.0,0.0234375,25.8984375,0.07471301406621933,0.9999999403953552,844,843,0.40034496784210205,51.894901275634766,0.0,353.054061878,6504,-0.3017820119857788,0.33054032921791077,1296384,1746201592.8805997
0.0,0.017578125,27.54752540588379,0.07792067527770996,0.9999999403953552,846,845,0.40034496784210205,51.894901275634766,0.0,353.798451637,6520,-0.2900352478027344,0.39996734261512756,1299456,1746201593.6249974
0.0,0.012369791977107525,25.49609375,0.0972021296620369,0.9999999403953552,857,856,0.40034496784210205,51.894901275634766,0.0,357.910598753,6608,-0.27900058031082153,0.2605859041213989,1316352,1746201597.737165
0.0,0.01888020895421505,25.208984375,0.04920759052038193,0.9999999403953552,887,886,0.40034496784210205,51.894901275634766,0.0,369.081451884,6848,-0.2634989619255066,0.45563146471977234,1362432,1746201608.9080088
0.0377604179084301,0.017578125,26.15169334411621,0.05058710649609566,0.9999999403953552,907,906,0.40034496784210205,51.894901275634766,0.0,376.515732328,7008,-0.23730406165122986,0.5355402827262878,1393152,1746201616.3422425
0.0,0.02018229104578495,26.36067771911621,0.05336698144674301,0.9999999403953552,937,936,0.40034496784210205,51.894901275634766,0.0,387.67933993,7248,-0.20368395745754242,0.488268107175827,1439232,1746201627.5059152
0.0,0.021484375,25.31770896911621,0.054096803069114685,0.9999999403953552,939,938,0.40034496784210205,51.894901275634766,0.0,388.42204971,7264,-0.15524747967720032,0.4611392617225647,1442304,1746201628.2486222
0.0,0.02278645895421505,25.37955665588379,0.04058337211608887,0.9999999403953552,947,946,0.40034496784210205,51.894901275634766,0.0,391.397311726,7328,-0.1747659295797348,0.49040356278419495,1454592,1746201631.2238638
0.0,0.017578125,24.76888084411621,0.04862796887755394,0.9999999403953552,961,960,0.40034496784210205,51.894901275634766,0.0,396.601454863,7440,-0.17434191703796387,0.41033193469047546,1476096,1746201636.4279897
0.0,0.02018229104578495,27.03190040588379,0.04419993609189987,1.0,982,981,0.6590311527252197,36.53528594970703,0.002663115970790386,404.493320093,7608,-0.19062834978103638,0.3764224648475647,1508352,1746201644.319911
0.0,0.02083333395421505,26.81380271911621,0.06342831999063492,1.0,993,992,0.6590311527252197,36.53528594970703,0.002663115970790386,408.583739775,7696,-0.20150285959243774,0.4647068977355957,1525248,1746201648.4103265
0.02408854104578495,0.02018229104578495,27.02799415588379,0.041986092925071716,1.0,1001,1000,0.6590311527252197,36.53528594970703,0.002663115970790386,411.562466578,7760,-0.20197774469852448,0.4523436725139618,1537536,1746201651.389044
0.0,0.02018229104578495,26.98958396911621,0.05466601625084877,1.0,1020,1019,0.6590311527252197,36.53528594970703,0.002663115970790386,418.640861335,7912,-0.2145649492740631,0.4417218565940857,1566720,1746201658.467427
0.0,0.0234375,26.98567771911621,0.06049320474267006,1.0,1024,1023,0.6590311527252197,36.53528594970703,0.002663115970790386,420.128516569,7944,-0.22285768389701843,0.4817577004432678,1572864,1746201659.955091
0.0,0.02083333395421505,27.72786521911621,0.05418311804533005,1.0,1028,1027,0.6590311527252197,36.53528594970703,0.002663115970790386,421.616721522,7976,-0.21350428462028503,0.46537747979164124,1579008,1746201661.443308
0.0013020833721384406,0.01822916604578495,29.19791603088379,0.05674021318554878,1.0,1039,1038,0.6590311527252197,36.53528594970703,0.002663115970790386,425.70646192,8064,-0.24603217840194702,0.4390200674533844,1595904,1746201665.5330453
0.02213541604578495,0.02278645895421505,27.55729103088379,0.05652916058897972,1.0,1050,1049,0.6590311527252197,36.53528594970703,0.002663115970790386,429.794545579,8152,-0.2694993317127228,0.4307714104652405,1612800,1746201669.6211207
0.0,0.01627604104578495,29.31900978088379,0.038504842668771744,1.0,1067,1066,0.6590311527252197,36.53528594970703,0.002663115970790386,436.118019926,8288,-0.2975408434867859,0.3895832598209381,1638912,1746201675.9445736
0.0436197929084301,0.014973958022892475,29.2265625,0.04352951794862747,1.0,1092,1091,0.6590311527252197,36.53528594970703,0.002663115970790386,445.417683252,8488,-0.2858997583389282,0.50864577293396,1677312,1746201685.2442667
0.0553385429084301,0.01953125,27.95052146911621,0.0319366455078125,1.0,1125,1124,0.6590311527252197,36.53528594970703,0.002663115970790386,457.6909975,8752,-0.2677018642425537,0.5256249904632568,1728000,1746201697.517559
0.07421875,0.01888020895421505,27.1171875,0.04876670241355896,1.0,1156,1155,0.6590311527252197,36.53528594970703,0.002663115970790386,469.22224333,9000,-0.27920401096343994,0.5730630159378052,1775616,1746201709.0488052
0.0729166641831398,0.02213541604578495,27.67708396911621,0.07273814082145691,1.0,1173,1172,0.6590311527252197,36.53528594970703,0.002663115970790386,475.542735072,9136,-0.2855255603790283,0.6164256930351257,1801728,1746201715.3692956
0.201171875,0.01888020895421505,28.63997459411621,0.08239533007144928,1.0,1212,1211,0.6590311527252197,36.53528594970703,0.002663115970790386,490.03762596,9448,-0.2882789969444275,0.7833983302116394,1861632,1746201729.8641837
0.306640625,0.017578125,28.63216209411621,0.10986802726984024,1.0,1218,1217,0.6590311527252197,36.53528594970703,0.002663115970790386,492.268955406,9496,-0.2975882887840271,0.9031866788864136,1870848,1746201732.0955217
0.1653645783662796,0.01888020895421505,27.85677146911621,0.061857230961322784,1.0,1229,1228,0.6590311527252197,36.53528594970703,0.002663115970790386,496.359701214,9584,-0.28797388076782227,0.7411555051803589,1887744,1746201736.186299
0.2057291716337204,0.01822916604578495,28.64713478088379,0.07276792824268341,1.0,1248,1247,0.6590311527252197,36.53528594970703,0.002663115970790386,503.42775782,9736,-0.28630393743515015,0.7438312768936157,1916928,1746201743.2543435
0.107421875,0.01627604104578495,30.07421875,0.08621075749397278,1.0,1264,1263,0.6590311527252197,36.53528594970703,0.002663115970790386,509.378298655,9864,-0.315915584564209,0.6052733659744263,1941504,1746201749.204879
0.1940104216337204,0.01953125,28.41796875,0.11098739504814148,1.0,1290,1289,0.6590311527252197,36.53528594970703,0.002663115970790386,519.074670186,10072,-0.3034442067146301,0.7805564999580383,1981440,1746201758.9012592
0.2141927033662796,0.01822916604578495,28.90234375,0.09257932007312775,1.0,1298,1297,0.6590311527252197,36.53528594970703,0.002663115970790386,522.055692644,10136,-0.2972704768180847,0.8093357682228088,1993728,1746201761.882206
0.2096354216337204,0.01627604104578495,29.73567771911621,0.1261386126279831,1.0,1309,1308,1.4383890628814697,43.295902252197266,0.5188524723052979,526.232484162,10224,-0.323606014251709,0.7806053161621094,2010624,1746201766.0590646
0.3971354067325592,0.017578125,29.255859375,0.2610490322113037,1.0,1372,1371,1.4383890628814697,43.295902252197266,0.5188524723052979,549.661428896,10728,-0.318806916475296,1.0117056369781494,2107392,1746201789.4879975
0.2200520783662796,0.01888020895421505,29.47525978088379,0.27094560861587524,1.0,1373,1372,1.4383890628814697,43.295902252197266,0.5188524723052979,550.032968865,10736,-0.30679231882095337,0.8154555559158325,2108928,1746201789.8595495
0.2135416716337204,0.01692708395421505,29.11328125,0.22388893365859985,1.0,1379,1378,1.4383890628814697,43.295902252197266,0.5188524723052979,552.267499959,10784,-0.28127169609069824,0.7791144847869873,2118144,1746201792.094067
0.48046875,0.01822916604578495,29.158203125,0.28186723589897156,1.0,1392,1391,1.4383890628814697,43.295902252197266,0.5188524723052979,557.09782686,10888,-0.29793474078178406,1.1113377809524536,2138112,1746201796.924414
0.3880208432674408,0.01888020895421505,27.95052146911621,0.2672097980976105,1.0,1393,1392,1.4383890628814697,43.295902252197266,0.5188524723052979,557.470296976,10896,-0.31774863600730896,0.9956508278846741,2139648,1746201797.2968686
0.4127604067325592,0.01888020895421505,29.224609375,0.2900039255619049,1.0,1400,1399,1.4383890628814697,43.295902252197266,0.5188524723052979,560.079176195,10952,-0.3254355788230896,1.0311979055404663,2150400,1746201799.9057505
0.3723958432674408,0.01822916604578495,28.53645896911621,0.3247499167919159,1.0,1401,1400,1.4383890628814697,43.295902252197266,0.5188524723052979,560.453877498,10960,-0.31585076451301575,1.00369131565094,2151936,1746201800.280466
0.609375,0.01888020895421505,29.412109375,0.4453475773334503,1.0,1485,1484,1.4383890628814697,43.295902252197266,0.5188524723052979,591.686928049,11632,-0.23224502801895142,1.2868878841400146,2280960,1746201831.5134938
0.5638020634651184,0.01627604104578495,29.28255271911621,0.40888017416000366,1.0,1495,1494,1.4383890628814697,43.295902252197266,0.5188524723052979,595.406779471,11712,-0.23206384479999542,1.2007908821105957,2296320,1746201835.2333634
0.4772135317325592,0.01953125,28.54166603088379,0.4599694013595581,1.0,1511,1510,1.4383890628814697,43.295902252197266,0.5188524723052979,601.358245789,11840,-0.23799337446689606,1.1015820503234863,2320896,1746201841.1848233
0.609375,0.01953125,29.36328125,0.5170382261276245,1.0,1513,1512,1.4383890628814697,43.295902252197266,0.5188524723052979,602.102613868,11856,-0.24989695847034454,1.2826592922210693,2323968,1746201841.929184
0.5911458134651184,0.017578125,28.216796875,0.48262476921081543,1.0,1518,1517,1.4383890628814697,43.295902252197266,0.5188524723052979,603.961584289,11896,-0.2876300811767578,1.2515331506729126,2331648,1746201843.7881582
0.4694010317325592,0.01692708395421505,28.51171875,0.40479642152786255,1.0,1524,1523,1.4383890628814697,43.295902252197266,0.5188524723052979,606.194205016,11944,-0.29344865679740906,1.0755988359451294,2340864,1746201846.020769
0.5911458134651184,0.01627604104578495,29.33203125,0.41151612997055054,1.0,1556,1555,1.4383890628814697,43.295902252197266,0.5188524723052979,618.097023054,12200,-0.24009129405021667,1.2521451711654663,2390016,1746201857.9235842
0.5188801884651184,0.01953125,28.47265625,0.41157904267311096,1.0,1558,1557,1.4383890628814697,43.295902252197266,0.5188524723052979,618.839581686,12216,-0.25307497382164,1.1619271039962769,2393088,1746201858.666095
0.4270833432674408,0.017578125,29.4296875,0.3638162612915039,1.0,1571,1570,1.4383890628814697,43.295902252197266,0.5188524723052979,623.675107594,12320,-0.32965049147605896,1.063303828239441,2413056,1746201863.5016696
0.5384114384651184,0.01953125,29.244140625,0.4265201985836029,1.0,1578,1577,1.4383890628814697,43.295902252197266,0.5188524723052979,626.27948608,12376,-0.33251601457595825,1.2027277946472168,2423808,1746201866.106048
0.6510416865348816,0.01953125,28.78450584411621,0.4343158006668091,1.0,1587,1586,1.4383890628814697,43.295902252197266,0.5188524723052979,629.624908956,12448,-0.31637197732925415,1.3298373222351074,2437632,1746201869.451485
0.6106770634651184,0.01822916604578495,29.43489646911621,0.42355722188949585,1.0,1588,1587,1.4383890628814697,43.295902252197266,0.5188524723052979,629.996799156,12456,-0.32803162932395935,1.2828775644302368,2439168,1746201869.8233213
0.46875,0.01627604104578495,29.21549415588379,0.41508638858795166,1.0,1589,1588,1.4383890628814697,43.295902252197266,0.5188524723052979,630.37225907,12464,-0.3312505781650543,1.0863900184631348,2440704,1746201870.19882
0.58203125,0.01822916604578495,28.20182228088379,0.42284253239631653,1.0,1601,1600,1.4383890628814697,43.295902252197266,0.5188524723052979,634.836182342,12560,-0.3118540048599243,1.2072752714157104,2459136,1746201874.6627526
0.5611979365348816,0.02083333395421505,29.57291603088379,0.3510092794895172,1.0,1613,1612,1.4383890628814697,43.295902252197266,0.5188524723052979,639.300529525,12656,-0.23888468742370605,1.2295148372650146,2477568,1746201879.1270938
0.6028645634651184,0.01692708395421505,29.04622459411621,0.3583897054195404,1.0,1617,1616,1.4383890628814697,43.295902252197266,0.5188524723052979,640.787223819,12688,-0.21054165065288544,1.2585057020187378,2483712,1746201880.6138015
0.5618489384651184,0.017578125,29.55599021911621,0.3184945285320282,0.9999999403953552,1634,1633,1.9267991781234741,40.76315689086914,0.9345661401748657,647.188072205,12824,-0.19770824909210205,1.2167088985443115,2509824,1746201887.0146523
0.6438801884651184,0.01953125,28.25390625,0.3047381043434143,0.9999999403953552,1649,1648,1.9267991781234741,40.76315689086914,0.9345661401748657,652.761656448,12944,-0.21983030438423157,1.311881422996521,2532864,1746201892.5882437
0.5768229365348816,0.017578125,28.8984375,0.40846890211105347,0.9999999403953552,1653,1652,1.9267991781234741,40.76315689086914,0.9345661401748657,654.249155012,12976,-0.2546370029449463,1.2269498109817505,2539008,1746201894.0757203
0.5833333134651184,0.017578125,29.62369728088379,0.28231653571128845,0.9999999403953552,1671,1670,1.9267991781234741,40.76315689086914,0.9345661401748657,660.959627897,13120,-0.22396238148212433,1.25944983959198,2566656,1746201900.7861578
0.5813801884651184,0.01888020895421505,30.0234375,0.2985502779483795,0.9999999403953552,1690,1689,1.9267991781234741,40.76315689086914,0.9345661401748657,668.039552627,13272,-0.14358949661254883,1.2549997568130493,2595840,1746201907.8659143
0.6803385615348816,0.02083333395421505,28.08463478088379,0.346424400806427,0.9999999403953552,1701,1700,1.9267991781234741,40.76315689086914,0.9345661401748657,672.137174294,13360,-0.1184360682964325,1.3606771230697632,2612736,1746201911.96366
0.6490885615348816,0.02083333395421505,28.60611915588379,0.2623676061630249,0.9999999403953552,1718,1717,1.9267991781234741,40.76315689086914,0.9345661401748657,678.492916229,13496,-0.18645396828651428,1.3177083730697632,2638848,1746201918.3192952
0.6373698115348816,0.01822916604578495,29.361328125,0.3607003688812256,0.9999999403953552,1740,1739,1.9267991781234741,40.76315689086914,0.9345661401748657,686.694569144,13672,-0.26042959094047546,1.3134212493896484,2672640,1746201926.5209024
0.658203125,0.01953125,29.02994728088379,0.3195480406284332,0.9999999403953552,1741,1740,1.9267991781234741,40.76315689086914,0.9345661401748657,687.067428579,13680,-0.2719646692276001,1.33767569065094,2674176,1746201926.893746
0.576171875,0.01888020895421505,28.896484375,0.2620372474193573,0.9999999403953552,1747,1746,1.9267991781234741,40.76315689086914,0.9345661401748657,689.3054505,13728,-0.28732237219810486,1.238867163658142,2683392,1746201929.1318274
0.6692708134651184,0.02083333395421505,28.27864646911621,0.25390011072158813,0.9999999403953552,1753,1752,1.9267991781234741,40.76315689086914,0.9345661401748657,691.545560326,13776,-0.23449456691741943,1.3385415077209473,2692608,1746201931.3717074
0.6529948115348816,0.02083333395421505,28.19010353088379,0.25871410965919495,0.9999999403953552,1755,1754,1.9267991781234741,40.76315689086914,0.9345661401748657,692.291365829,13792,-0.24787235260009766,1.334439992904663,2695680,1746201932.1175096
0.5911458134651184,0.02083333395421505,28.51497459411621,0.3103850483894348,0.9999999403953552,1797,1796,1.9267991781234741,40.76315689086914,0.9345661401748657,707.952361668,14128,-0.22833764553070068,1.2628775835037231,2760192,1746201947.7787075
0.6575520634651184,0.02018229104578495,28.47395896911621,0.23188111186027527,0.9999999403953552,1811,1810,1.9267991781234741,40.76315689086914,0.9345661401748657,713.172557917,14240,-0.20858317613601685,1.3337661027908325,2781696,1746201952.998925
0.6373698115348816,0.02083333395421505,28.61393165588379,0.206758052110672,0.9999999403953552,1814,1813,1.9267991781234741,40.76315689086914,0.9345661401748657,714.291234234,14264,-0.19773098826408386,1.312099575996399,2786304,1746201954.117582
0.6100260615348816,0.01822916604578495,29.38346290588379,0.1925186812877655,0.9999999403953552,1825,1824,1.9267991781234741,40.76315689086914,0.9345661401748657,718.397413339,14352,-0.17650948464870453,1.2649999856948853,2803200,1746201958.2237387
0.6295573115348816,0.01822916604578495,28.640625,0.20630604028701782,0.9999999403953552,1839,1838,1.9267991781234741,40.76315689086914,0.9345661401748657,723.623023007,14464,-0.1622600108385086,1.3072134256362915,2824704,1746201963.4494004
0.6692708134651184,0.01822916604578495,29.06900978088379,0.18149852752685547,0.9999999403953552,1858,1857,1.9267991781234741,40.76315689086914,0.9345661401748657,730.708365615,14616,-0.10961603373289108,1.3385416269302368,2853888,1746201970.5345864
0.6477864384651184,0.017578125,29.33333396911621,0.18030324578285217,0.9999999403953552,1876,1875,1.9267991781234741,40.76315689086914,0.9345661401748657,737.423688963,14760,-0.10521925985813141,1.318678379058838,2881536,1746201977.250206
0.6009114384651184,0.01692708395421505,29.6171875,0.17600569128990173,0.9999999403953552,1884,1883,1.9267991781234741,40.76315689086914,0.9345661401748657,740.402614918,14824,-0.06252649426460266,1.2482160329818726,2893824,1746201980.2291675
0.6640625,0.017578125,28.47916603088379,0.19569183886051178,0.9999999403953552,1889,1888,1.9267991781234741,40.76315689086914,0.9345661401748657,742.266149142,14864,-0.0765334889292717,1.328125,2901504,1746201982.0927234
0.654296875,0.017578125,29.32096290588379,0.236734077334404,0.9999999403953552,1898,1897,1.9267991781234741,40.76315689086914,0.9345661401748657,745.612922223,14936,-0.07431577891111374,1.3243261575698853,2915328,1746201985.4394994
0.642578125,0.02018229104578495,28.98502540588379,0.17017009854316711,0.9999999403953552,1905,1904,1.9267991781234741,40.76315689086914,0.9345661401748657,748.216658568,14992,-0.07279963791370392,1.3055663108825684,2926080,1746201988.0432403
0.6510416865348816,0.01822916604578495,29.6484375,0.15481853485107422,0.9999999403953552,1929,1928,1.9267991781234741,40.76315689086914,0.9345661401748657,757.147690295,15184,-0.006285309325903654,1.32058584690094,2962944,1746201996.9742806
0.5950520634651184,0.01822916604578495,29.37565040588379,0.15032237768173218,0.9999999403953552,1943,1942,1.9267991781234741,40.76315689086914,0.9345661401748657,762.355699378,15296,-0.01827387697994709,1.2434829473495483,2984448,1746202002.1822898
0.6614583134651184,0.02083333395421505,28.3671875,0.13728103041648865,1.0,1963,1962,1.9807878732681274,41.62454605102539,0.9825708270072937,769.878738836,15456,-0.04489682614803314,1.3488279581069946,3015168,1746202009.7053282
0.6360676884651184,0.02213541604578495,28.396484375,0.14110833406448364,1.0,1977,1976,1.9807878732681274,41.62454605102539,0.9825708270072937,775.088207807,15568,-0.04839759320020676,1.3140493631362915,3036672,1746202014.9147625
0.671875,0.02018229104578495,27.78515625,0.13867339491844177,1.0,1978,1977,1.9807878732681274,41.62454605102539,0.9825708270072937,775.460389367,15576,-0.042951278388500214,1.34375,3038208,1746202015.2869587
0.6653645634651184,0.021484375,28.888671875,0.14501430094242096,1.0,1983,1982,1.9807878732681274,41.62454605102539,0.9825708270072937,777.319564743,15616,-0.03416689112782478,1.3505208492279053,3045888,1746202017.146128
0.6861979365348816,0.02083333395421505,28.40104103088379,0.2252325415611267,1.0,1988,1987,1.9807878732681274,41.62454605102539,0.9825708270072937,779.177881727,15656,0.010533696040511131,1.3723958730697632,3053568,1746202019.0044625
0.6744791865348816,0.02083333395421505,29.07356834411621,0.2841726243495941,1.0,1989,1988,1.9807878732681274,41.62454605102539,0.9825708270072937,779.549204244,15664,0.011669918894767761,1.3667316436767578,3055104,1746202019.375778
0.6953125,0.02213541604578495,28.326171875,0.13946925103664398,1.0,1992,1991,1.9807878732681274,41.62454605102539,0.9825708270072937,780.66396311,15688,0.021729709580540657,1.3933594226837158,3059712,1746202020.490542
0.669921875,0.02083333395421505,28.041015625,0.2288251370191574,1.0,2000,1999,1.9807878732681274,41.62454605102539,0.9825708270072937,783.638130753,15752,0.03183870390057564,1.3610416650772095,3072000,1746202023.464692
0.6725260615348816,0.021484375,27.974609375,0.1195375919342041,1.0,2007,2006,1.9807878732681274,41.62454605102539,0.9825708270072937,786.243600487,15808,0.0676942765712738,1.3627049922943115,3082752,1746202026.0701702
0.658203125,0.02278645895421505,27.82096290588379,0.1253630518913269,1.0,2014,2013,1.9807878732681274,41.62454605102539,0.9825708270072937,788.846217532,15864,0.08874542266130447,1.34033203125,3093504,1746202028.672763
0.6940104365348816,0.02278645895421505,28.552734375,0.12180525064468384,1.0,2024,2023,1.9807878732681274,41.62454605102539,0.9825708270072937,792.567792887,15944,0.10480187833309174,1.388020634651184,3108864,1746202032.3943734
0.6946614384651184,0.02278645895421505,27.91275978088379,0.12474280595779419,1.0,2043,2042,1.9807878732681274,41.62454605102539,0.9825708270072937,799.632302282,16096,0.16183724999427795,1.3893228769302368,3138048,1746202039.458878
0.568359375,0.01953125,28.71549415588379,0.142120361328125,1.0,2071,2070,1.9807878732681274,41.62454605102539,0.9825708270072937,810.047918449,16320,0.0704532265663147,1.2315623760223389,3181056,1746202049.8744931
0.6549479365348816,0.021484375,28.076171875,0.09867976605892181,1.0,2076,2075,1.9807878732681274,41.62454605102539,0.9825708270072937,811.908033671,16360,0.08240842819213867,1.3303059339523315,3188736,1746202051.734602
0.6399739384651184,0.021484375,28.56770896911621,0.09724891185760498,1.0,2077,2076,1.9807878732681274,41.62454605102539,0.9825708270072937,812.280184242,16368,0.07897733896970749,1.3119889497756958,3190272,1746202052.106693
0.658203125,0.01953125,28.95247459411621,0.09773583710193634,1.0,2087,2086,1.9807878732681274,41.62454605102539,0.9825708270072937,815.99947486,16448,-0.00419352063909173,1.3379881381988525,3205632,1746202055.8260498
0.6770833134651184,0.02213541604578495,28.05208396911621,0.10572455078363419,1.0,2091,2090,1.9807878732681274,41.62454605102539,0.9825708270072937,817.486688592,16480,-0.0033288272097706795,1.3541666269302368,3211776,1746202057.3132553
0.7057291865348816,0.02213541604578495,27.73697853088379,0.09775549173355103,1.0,2108,2107,1.9807878732681274,41.62454605102539,0.9825708270072937,823.812613956,16616,-0.006518328562378883,1.4114583730697632,3237888,1746202063.6391861
0.6829426884651184,0.02083333395421505,28.54817771911621,0.09674662351608276,1.0,2121,2120,1.9807878732681274,41.62454605102539,0.9825708270072937,828.651973182,16720,0.02741917595267296,1.3658853769302368,3257856,1746202068.4785604
0.6002604365348816,0.02018229104578495,28.921875,0.09290152788162231,1.0,2135,2134,1.9807878732681274,41.62454605102539,0.9825708270072937,833.864652138,16832,0.10978730767965317,1.2798045873641968,3279360,1746202073.6912422
0.603515625,0.01953125,28.99544334411621,0.09273181855678558,1.0,2152,2151,1.9807878732681274,41.62454605102539,0.9825708270072937,840.208519091,16968,0.11505860090255737,1.2516013383865356,3305472,1746202080.0350916
0.6822916865348816,0.02083333395421505,28.302734375,0.08754653483629227,1.0,2155,2154,1.9807878732681274,41.62454605102539,0.9825708270072937,841.325437607,16992,0.11692915111780167,1.3645833730697632,3310080,1746202081.1520226
0.6881510615348816,0.02083333395421505,28.31184959411621,0.08172894269227982,1.0,2160,2159,1.9807878732681274,41.62454605102539,0.9825708270072937,843.185345116,17032,0.1117653027176857,1.3763021230697632,3317760,1746202083.0119143
0.63671875,0.02213541604578495,27.986328125,0.08736713975667953,1.0,2183,2182,1.9807878732681274,41.62454605102539,0.9825708270072937,851.744892566,17216,0.2188270092010498,1.3008397817611694,3353088,1746202091.571474
0.6555989384651184,0.02278645895421505,27.73958396911621,0.08158574253320694,1.0,2184,2183,1.9807878732681274,41.62454605102539,0.9825708270072937,852.116976912,17224,0.21818804740905762,1.340917944908142,3354624,1746202091.9435594
0.6725260615348816,0.02018229104578495,28.48372459411621,0.09030239284038544,1.0,2185,2184,1.9807878732681274,41.62454605102539,0.9825708270072937,852.488639011,17232,0.21728083491325378,1.3655859231948853,3356160,1746202092.315218
0.677734375,0.02083333395421505,28.30338478088379,0.0928482934832573,1.0,2215,2214,1.9807878732681274,41.62454605102539,0.9825708270072937,863.653019773,17472,0.2461026906967163,1.35546875,3402240,1746202103.4795766
0.693359375,0.01888020895421505,28.43294334411621,0.09130452573299408,1.0,2251,2250,1.9807878732681274,41.62454605102539,0.9825708270072937,877.058967402,17760,0.2849610447883606,1.38671875,3457536,1746202116.885543
0.6360676884651184,0.01822916604578495,29.01106834411621,0.08591634035110474,1.0,2254,2253,1.9807878732681274,41.62454605102539,0.9825708270072937,878.17585571,17784,0.3047340512275696,1.301468014717102,3462144,1746202118.0024347
0.6419270634651184,0.01953125,29.11067771911621,0.10228526592254639,1.0000001192092896,2286,2285,1.9445292949676514,42.573307037353516,0.9521605968475342,890.170240701,18040,0.2963460087776184,1.308463454246521,3511296,1746202129.996813
0.6432291865348816,0.01822916604578495,29.197265625,0.0801858901977539,1.0000001192092896,2297,2296,1.9445292949676514,42.573307037353516,0.9521605968475342,894.268617805,18128,0.36484798789024353,1.305631399154663,3528192,1746202134.0951846
0.6432291865348816,0.01888020895421505,28.86979103088379,0.08953391015529633,1.0000001192092896,2314,2313,1.9445292949676514,42.573307037353516,0.9521605968475342,900.601860774,18264,0.39634042978286743,1.3085936307907104,3554304,1746202140.4284356
0.658203125,0.01953125,28.849609375,0.08778448402881622,1.0000001192092896,2358,2357,1.9445292949676514,42.573307037353516,0.9521605968475342,916.973966824,18616,0.44625353813171387,1.339111089706421,3621888,1746202156.8005266
0.671875,0.01953125,28.740234375,0.0828639417886734,1.0000001192092896,2393,2392,1.9445292949676514,42.573307037353516,0.9521605968475342,929.996829872,18896,0.478654146194458,1.34375,3675648,1746202169.8234086
0.689453125,0.02018229104578495,28.28450584411621,0.08821788430213928,1.0000001192092896,2401,2400,1.9445292949676514,42.573307037353516,0.9521605968475342,932.984581256,18960,0.46451297402381897,1.37890625,3687936,1746202172.8111556
0.6555989384651184,0.01692708395421505,29.77083396911621,0.08649645000696182,1.0000001192092896,2402,2401,1.9445292949676514,42.573307037353516,0.9521605968475342,933.356767189,18968,0.45828235149383545,1.3290103673934937,3689472,1746202173.1833482
0.640625,0.02018229104578495,28.74609375,0.08080923557281494,1.0000001192092896,2431,2430,1.9445292949676514,42.573307037353516,0.9521605968475342,944.15130962,19200,0.46774715185165405,1.3039453029632568,3734016,1746202183.977865
0.6119791865348816,0.01888020895421505,29.32096290588379,0.09121941030025482,1.0000001192092896,2440,2439,1.9445292949676514,42.573307037353516,0.9521605968475342,947.504391234,19272,0.5151457190513611,1.2612239122390747,3747840,1746202187.3309572
0.6888020634651184,0.02083333395421505,28.80599021911621,0.07540449500083923,1.0000001192092896,2451,2450,1.9445292949676514,42.573307037353516,0.9521605968475342,951.604358673,19360,0.5810750126838684,1.3776040077209473,3764736,1746202191.4309201
0.5221354365348816,0.01692708395421505,28.96354103088379,0.09412485361099243,1.0000001192092896,2462,2461,1.9445292949676514,42.573307037353516,0.9521605968475342,955.699338608,19448,0.47726500034332275,1.1319791078567505,3781632,1746202195.5259252
0.6555989384651184,0.017578125,29.65950584411621,0.08543731272220612,1.0000001192092896,2474,2473,1.9445292949676514,42.573307037353516,0.9521605968475342,960.164500631,19544,0.4458761215209961,1.3111977577209473,3800064,1746202199.9910557
0.6432291865348816,0.02018229104578495,28.64908790588379,0.07266851514577866,1.0000001192092896,2475,2474,1.9445292949676514,42.573307037353516,0.9521605968475342,960.536356039,19552,0.48371994495391846,1.3091471195220947,3801600,1746202200.3629112
0.6165364384651184,0.01822916604578495,29.23893165588379,0.08110828697681427,1.0000001192092896,2483,2482,1.9445292949676514,42.573307037353516,0.9521605968475342,963.51525628,19616,0.450338214635849,1.28359055519104,3813888,1746202203.3418117
0.5748698115348816,0.01888020895421505,29.166015625,0.09189599752426147,1.0000001192092896,2494,2493,1.9445292949676514,42.573307037353516,0.9521605968475342,967.603896317,19704,0.47425344586372375,1.221061110496521,3830784,1746202207.4304664
0.630859375,0.01888020895421505,29.33268165588379,0.08635234832763672,1.0000001192092896,2532,2531,1.9445292949676514,42.573307037353516,0.9521605968475342,981.748403113,20008,0.4925285875797272,1.2888215780258179,3889152,1746202221.5749755
0.6399739384651184,0.01822916604578495,29.28255271911621,0.07688082009553909,1.0000001192092896,2533,2532,1.9445292949676514,42.573307037353516,0.9521605968475342,982.12023164,20016,0.5056855082511902,1.3038800954818726,3890688,1746202221.9468021
0.6653645634651184,0.01627604104578495,29.408203125,0.07063686847686768,1.0000001192092896,2536,2535,1.9445292949676514,42.573307037353516,0.9521605968475342,983.23691233,20040,0.5242868661880493,1.3307291269302368,3895296,1746202223.0634694
0.580078125,0.01627604104578495,28.98893165588379,0.08292023837566376,1.0000001192092896,2539,2538,1.9445292949676514,42.573307037353516,0.9521605968475342,984.352903888,20064,0.5005929470062256,1.2256933450698853,3899904,1746202224.1794696
0.67578125,0.01953125,28.54817771911621,0.08962539583444595,1.0000001192092896,2562,2561,1.9445292949676514,42.573307037353516,0.9521605968475342,992.910498924,20248,0.56585693359375,1.3515625,3935232,1746202232.7370942
0.607421875,0.01627604104578495,29.57552146911621,0.09072165191173553,1.0000001192092896,2566,2565,1.9445292949676514,42.573307037353516,0.9521605968475342,994.396657561,20280,0.5666460990905762,1.251966118812561,3941376,1746202234.2232463
0.6412760615348816,0.01692708395421505,29.462890625,0.09235239028930664,1.0000001192092896,2567,2566,1.9445292949676514,42.573307037353516,0.9521605968475342,994.780943866,20288,0.563267707824707,1.302457571029663,3942912,1746202234.6073642
0.630859375,0.017578125,29.79036521911621,0.08618061244487762,1.0000001192092896,2569,2568,1.9445292949676514,42.573307037353516,0.9521605968475342,995.525222074,20304,0.5640202760696411,1.2918585538864136,3945984,1746202235.351784
0.6647135615348816,0.01692708395421505,29.66275978088379,0.10351432114839554,1.0000001192092896,2585,2584,1.9445292949676514,42.573307037353516,0.9521605968475342,1001.502159843,20432,0.5247114896774292,1.3294271230697632,3970560,1746202241.3287437
0.607421875,0.01627604104578495,29.99609375,0.09891852736473083,1.0,2607,2606,1.962518572807312,43.47210693359375,0.9658617973327637,1009.763134346,20608,0.5192166566848755,1.2704555988311768,4004352,1746202249.5896854
0.578125,0.02083333395421505,28.72135353088379,0.10124016553163528,1.0,2627,2626,1.962518572807312,43.47210693359375,0.9658617973327637,1017.205631452,20768,0.4623561501502991,1.2351398468017578,4035072,1746202257.0320108
0.6484375,0.01888020895421505,28.900390625,0.09074227511882782,1.0,2637,2636,1.962518572807312,43.47210693359375,0.9658617973327637,1020.932730439,20848,0.4594266712665558,1.322119116783142,4050432,1746202260.759308
0.6477864384651184,0.01822916604578495,29.32877540588379,0.07799648493528366,1.0,2647,2646,1.962518572807312,43.47210693359375,0.9658617973327637,1024.654663765,20928,0.44751572608947754,1.3128286600112915,4065792,1746202264.4812706
0.5540364384651184,0.017578125,29.08333396911621,0.07922005653381348,1.0,2653,2652,1.962518572807312,43.47210693359375,0.9658617973327637,1026.890186123,20976,0.49831297993659973,1.2030892372131348,4075008,1746202266.716759
0.65625,0.02018229104578495,29.02994728088379,0.08067229390144348,1.0,2656,2655,1.962518572807312,43.47210693359375,0.9658617973327637,1028.005829763,21000,0.4901990592479706,1.3388671875,4079616,1746202267.832397
0.6223958134651184,0.01953125,28.61067771911621,0.0890413373708725,1.0,2660,2659,1.962518572807312,43.47210693359375,0.9658617973327637,1029.494599535,21032,0.4674947261810303,1.2882943153381348,4085760,1746202269.321156
0.662109375,0.01953125,29.09309959411621,0.08633972704410553,1.0,2672,2671,1.962518572807312,43.47210693359375,0.9658617973327637,1033.964334242,21128,0.45420676469802856,1.3376562595367432,4104192,1746202273.7909064
0.66015625,0.01822916604578495,29.06315040588379,0.08756005764007568,1.0,2684,2683,1.962518572807312,43.47210693359375,0.9658617973327637,1038.432506618,21224,0.43642574548721313,1.34067702293396,4122624,1746202278.2590692
0.5677083134651184,0.01822916604578495,30.22330665588379,0.0955292135477066,1.0,2687,2686,1.962518572807312,43.47210693359375,0.9658617973327637,1039.548245017,21248,0.4349857270717621,1.229016900062561,4127232,1746202279.3748188
0.6354166865348816,0.017578125,29.40234375,0.09414985775947571,1.0,2692,2691,1.962518572807312,43.47210693359375,0.9658617973327637,1041.407707563,21288,0.4231368899345398,1.2955727577209473,4134912,1746202281.2342963
0.615234375,0.017578125,29.51432228088379,0.09398530423641205,1.0,2710,2709,1.962518572807312,43.47210693359375,0.9658617973327637,1048.105219268,21432,0.45410171151161194,1.2712206840515137,4162560,1746202287.9317918
0.640625,0.017578125,29.41341209411621,0.10433623939752579,1.0,2725,2724,1.962518572807312,43.47210693359375,0.9658617973327637,1053.68822344,21552,0.42450225353240967,1.3012501001358032,4185600,1746202293.5148091
0.6145833134651184,0.015625,29.27734375,0.0947495847940445,1.0,2736,2735,1.962518572807312,43.47210693359375,0.9658617973327637,1057.7822199,21640,0.41197365522384644,1.2767024040222168,4202496,1746202297.6087654
0.5924479365348816,0.01627604104578495,29.47786521911621,0.11379259079694748,1.0,2743,2742,1.962518572807312,43.47210693359375,0.9658617973327637,1060.392937954,21696,0.43046021461486816,1.2426822185516357,4213248,1746202300.2194972
0.6412760615348816,0.017578125,29.55403709411621,0.11260256916284561,1.0,2753,2752,1.962518572807312,43.47210693359375,0.9658617973327637,1064.115160637,21776,0.46476876735687256,1.3073078393936157,4228608,1746202303.9417214
0.6419270634651184,0.01822916604578495,29.00390625,0.19833610951900482,1.0,2774,2773,1.962518572807312,43.47210693359375,0.9658617973327637,1071.934966838,21944,0.41066494584083557,1.303189992904663,4260864,1746202311.7615383
0.6588541865348816,0.01953125,28.33268165588379,0.13505688309669495,1.0,2802,2801,1.962518572807312,43.47210693359375,0.9658617973327637,1082.361166261,22168,0.39988332986831665,1.3316731452941895,4303872,1746202322.18773
0.6744791865348816,0.021484375,28.24869728088379,0.169327974319458,1.0,2819,2818,1.962518572807312,43.47210693359375,0.9658617973327637,1088.687953371,22304,0.4087158739566803,1.348958134651184,4329984,1746202328.5145364
0.6809895634651184,0.01953125,28.61458396911621,0.12530113756656647,1.0,2854,2853,1.962518572807312,43.47210693359375,0.9658617973327637,1101.729674213,22584,0.4087701439857483,1.3619791269302368,4383744,1746202341.5562625
0.6458333134651184,0.02018229104578495,28.36653709411621,0.1075061559677124,1.0,2856,2855,1.962518572807312,43.47210693359375,0.9658617973327637,1102.474068506,22600,0.42839962244033813,1.3138021230697632,4386816,1746202342.3006308
0.6302083134651184,0.01888020895421505,29.32161521911621,0.12309501320123672,1.0,2876,2875,1.962518572807312,43.47210693359375,0.9658617973327637,1109.916163362,22760,0.36500006914138794,1.3026822805404663,4417536,1746202349.742738
0.6634114384651184,0.02018229104578495,29.32421875,0.10597868263721466,1.0,2908,2907,1.962518572807312,43.47210693359375,0.9658617973327637,1121.823850168,23016,0.37767815589904785,1.3430174589157104,4466688,1746202361.6504192
0.5716145634651184,0.02018229104578495,28.95182228088379,0.12380479276180267,1.0,2913,2912,1.962518572807312,43.47210693359375,0.9658617973327637,1123.68471809,23056,0.4504154920578003,1.2418292760849,4474368,1746202363.511292
0.6458333134651184,0.01953125,28.931640625,0.09566757827997208,1.0,2921,2920,1.962518572807312,43.47210693359375,0.9658617973327637,1126.662509289,23120,0.4275780916213989,1.3126204013824463,4486656,1746202366.4890954
0.62890625,0.01888020895421505,28.74544334411621,0.08406790345907211,1.0,2954,2953,1.9942599534988403,42.146488189697266,0.9947683215141296,1139.034134362,23384,0.550033450126648,1.2826367616653442,4537344,1746202378.8607013
0.673828125,0.01953125,29.34440040588379,0.09395857155323029,1.0,2963,2962,1.9942599534988403,42.146488189697266,0.9947683215141296,1142.398311235,23456,0.4828945994377136,1.3481899499893188,4551168,1746202382.2248888
0.4563802182674408,0.017578125,29.328125,0.10107974708080292,1.0,2990,2989,1.9942599534988403,42.146488189697266,0.9947683215141296,1152.447768094,23672,0.3548598289489746,1.0807583332061768,4592640,1746202392.274358
0.6354166865348816,0.01692708395421505,29.28515625,0.05717962980270386,1.0,3016,3015,1.9942599534988403,42.146488189697266,0.9947683215141296,1162.132427134,23880,0.45104026794433594,1.2905206680297852,4632576,1746202401.958995
0.6822916865348816,0.02083333395421505,28.03841209411621,0.07113930583000183,1.0,3046,3045,1.9942599534988403,42.146488189697266,0.9947683215141296,1173.320372367,24120,0.3351060748100281,1.3645833730697632,4678656,1746202413.146932
0.689453125,0.02083333395421505,28.349609375,0.08219302445650101,1.0,3048,3047,1.9942599534988403,42.146488189697266,0.9947683215141296,1174.064260574,24136,0.3266215920448303,1.37890625,4681728,1746202413.8908195
0.6634114384651184,0.021484375,27.958984375,0.07814110070466995,1.0,3055,3054,1.9942599534988403,42.146488189697266,0.9947683215141296,1176.669055636,24192,0.3791576623916626,1.3531153202056885,4692480,1746202416.4956279
0.642578125,0.021484375,28.236328125,0.08296550065279007,1.0,3062,3061,1.9942599534988403,42.146488189697266,0.9947683215141296,1179.273608299,24248,0.4172324240207672,1.3375064134597778,4703232,1746202419.1001756
0.6979166865348816,0.02278645895421505,28.14974021911621,0.06781944632530212,1.0,3063,3062,1.9942599534988403,42.146488189697266,0.9947683215141296,1179.645661073,24256,0.4509604573249817,1.4005533456802368,4704768,1746202419.4722226
0.59375,0.02018229104578495,28.65169334411621,0.06813906878232956,1.0,3085,3084,1.9942599534988403,42.146488189697266,0.9947683215141296,1187.833427711,24432,0.40609467029571533,1.2533560991287231,4738560,1746202427.6600091
0.6627604365348816,0.02213541604578495,28.24609375,0.06319426745176315,1.0,3086,3085,1.9942599534988403,42.146488189697266,0.9947683215141296,1188.20494808,24440,0.4017070531845093,1.3508561849594116,4740096,1746202428.0315392
0.685546875,0.021484375,28.26888084411621,0.0758240669965744,1.0,3090,3089,1.9942599534988403,42.146488189697266,0.9947683215141296,1189.695159784,24472,0.42555534839630127,1.37109375,4746240,1746202429.521707
0.6575520634651184,0.02083333395421505,28.69270896911621,0.06759597361087799,1.0,3095,3094,1.9942599534988403,42.146488189697266,0.9947683215141296,1191.55525734,24512,0.44230926036834717,1.3252865076065063,4753920,1746202431.381821
0.5950520634651184,0.02083333395421505,28.62825584411621,0.09939349442720413,1.0,3114,3113,1.9942599534988403,42.146488189697266,0.9947683215141296,1198.629342224,24664,0.6884013414382935,1.254020094871521,4783104,1746202438.4559243
0.6725260615348816,0.0234375,27.41341209411621,0.09159575402736664,1.0,3159,3158,1.9942599534988403,42.146488189697266,0.9947683215141296,1215.376934515,25024,0.7037539482116699,1.3669270277023315,4852224,1746202455.2034962
0.6803385615348816,0.01822916604578495,28.65885353088379,0.08820527791976929,1.0,3163,3162,1.9942599534988403,42.146488189697266,0.9947683215141296,1216.868120329,25056,0.6284227967262268,1.3606771230697632,4858368,1746202456.6946967
0.6920573115348816,0.02083333395421505,28.24934959411621,0.07539674639701843,1.0,3164,3163,1.9942599534988403,42.146488189697266,0.9947683215141296,1217.240464858,25064,0.6029102802276611,1.3841146230697632,4859904,1746202457.067038
0.6940104365348816,0.021484375,28.32682228088379,0.07782253623008728,1.0,3178,3177,1.9942599534988403,42.146488189697266,0.9947683215141296,1222.452048008,25176,0.32913804054260254,1.3880208730697632,4881408,1746202462.2786129
0.6243489384651184,0.02018229104578495,28.16666603088379,0.07265100628137589,1.0,3179,3178,1.9942599534988403,42.146488189697266,0.9947683215141296,1222.82349932,25184,0.3303699493408203,1.2998144626617432,4882944,1746202462.6500838
0.6341145634651184,0.01953125,28.30989646911621,0.07716000825166702,1.0,3186,3185,1.9942599534988403,42.146488189697266,0.9947683215141296,1225.426407156,25240,0.3582649827003479,1.3151432275772095,4893696,1746202465.252975
0.6516926884651184,0.021484375,28.00390625,0.07499028742313385,1.0,3187,3186,1.9942599534988403,42.146488189697266,0.9947683215141296,1225.799172461,25248,0.3415577709674835,1.3474642038345337,4895232,1746202465.6257215
0.6634114384651184,0.02213541604578495,28.14127540588379,0.07284661382436752,1.0,3195,3194,1.9942599534988403,42.146488189697266,0.9947683215141296,1228.773432782,25312,0.35544440150260925,1.34734046459198,4907520,1746202468.5999892
0.697265625,0.02213541604578495,28.05729103088379,0.07497206330299377,1.0,3210,3209,1.9942599534988403,42.146488189697266,0.9947683215141296,1234.357855858,25432,0.38642972707748413,1.39453125,4930560,1746202474.1844435
0.642578125,0.017578125,29.12890625,0.08781261742115021,1.0,3215,3214,1.9942599534988403,42.146488189697266,0.9947683215141296,1236.218510728,25472,0.39509403705596924,1.3086425065994263,4938240,1746202476.0449042
0.6868489384651184,0.02213541604578495,28.34244728088379,0.07663831114768982,1.0,3223,3222,1.9942599534988403,42.146488189697266,0.9947683215141296,1239.210360963,25536,0.36976704001426697,1.3736978769302368,4950528,1746202479.0369205
0.6315104365348816,0.01953125,28.49739646911621,0.0931885689496994,1.0,3245,3244,1.9942599534988403,42.146488189697266,0.9947683215141296,1247.400086489,25712,0.26600897312164307,1.2931771278381348,4984320,1746202487.2265775
0.642578125,0.021484375,28.50520896911621,0.10646027326583862,0.9999999403953552,3260,3259,1.978007435798645,40.700965881347656,0.9806629419326782,1253.066933973,25832,0.3346864581108093,1.331510305404663,5007360,1746202492.8934886
0.6946614384651184,0.0234375,27.86067771911621,0.06772501766681671,0.9999999403953552,3271,3270,1.978007435798645,40.700965881347656,0.9806629419326782,1257.156564881,25920,0.3428926467895508,1.3893228769302368,5024256,1746202496.9831376
0.6888020634651184,0.02278645895421505,27.89453125,0.06936780363321304,0.9999999403953552,3273,3272,1.978007435798645,40.700965881347656,0.9806629419326782,1257.901011381,25936,0.3025919795036316,1.3776041269302368,5027328,1746202497.7275743
0.6712239384651184,0.02083333395421505,28.15950584411621,0.08126576244831085,0.9999999403953552,3282,3281,1.978007435798645,40.700965881347656,0.9806629419326782,1261.251790289,26008,0.3121349811553955,1.3447331190109253,5041152,1746202501.078378
0.6868489384651184,0.021484375,28.380859375,0.07589985430240631,0.9999999403953552,3288,3287,1.978007435798645,40.700965881347656,0.9806629419326782,1263.486478519,26056,0.3479866087436676,1.3736978769302368,5050368,1746202503.3130465
0.6608073115348816,0.02213541604578495,27.88802146911621,0.06726955622434616,0.9999999403953552,3291,3290,1.978007435798645,40.700965881347656,0.9806629419326782,1264.602818327,26080,0.39767569303512573,1.3414192199707031,5054976,1746202504.4293964
0.6647135615348816,0.021484375,28.53385353088379,0.1051258072257042,0.9999999403953552,3301,3300,1.978007435798645,40.700965881347656,0.9806629419326782,1268.320977775,26160,0.3001056909561157,1.3569759130477905,5070336,1746202508.147534
0.697265625,0.02278645895421505,27.232421875,0.07048288732767105,0.9999999403953552,3313,3312,1.978007435798645,40.700965881347656,0.9806629419326782,1272.785757561,26256,0.2205130159854889,1.39453125,5088768,1746202512.6123414
0.6673176884651184,0.02213541604578495,28.099609375,0.06490151584148407,0.9999999403953552,3335,3334,1.978007435798645,40.700965881347656,0.9806629419326782,1280.9700754,26432,0.1799539178609848,1.357330560684204,5122560,1746202520.7966418
0.6458333134651184,0.02278645895421505,28.345703125,0.06918858736753464,0.9999999403953552,3338,3337,1.978007435798645,40.700965881347656,0.9806629419326782,1282.085847966,26456,0.1589747965335846,1.339186191558838,5127168,1746202521.9124396
0.6809895634651184,0.02278645895421505,28.052734375,0.0793047547340393,0.9999999403953552,3345,3344,1.978007435798645,40.700965881347656,0.9806629419326782,1284.693382734,26512,0.18278610706329346,1.3892674446105957,5137920,1746202524.5199423
0.6731770634651184,0.02278645895421505,28.046875,0.07552573084831238,0.9999999403953552,3357,3356,1.978007435798645,40.700965881347656,0.9806629419326782,1289.161049127,26608,0.0631876289844513,1.3687759637832642,5156352,1746202528.9876363
0.6796875,0.02213541604578495,27.984375,0.10562978684902191,0.9999999403953552,3383,3382,1.978007435798645,40.700965881347656,0.9806629419326782,1298.832781899,26816,-0.06612715125083923,1.3817187547683716,5196288,1746202538.6593056
0.7154948115348816,0.02278645895421505,28.10025978088379,0.06727764755487442,0.9999999403953552,3403,3402,1.978007435798645,40.700965881347656,0.9806629419326782,1306.27423601,26976,0.023176908493041992,1.4309896230697632,5227008,1746202546.1007805
0.7154948115348816,0.02278645895421505,27.77083396911621,0.06742393970489502,0.9999999403953552,3410,3409,1.978007435798645,40.700965881347656,0.9806629419326782,1308.875861768,27032,0.027308132499456406,1.4309896230697632,5237760,1746202548.7024493
0.6848958134651184,0.0234375,27.00130271911621,0.056479960680007935,0.9999999403953552,3412,3411,1.978007435798645,40.700965881347656,0.9806629419326782,1309.619827914,27048,0.05139715224504471,1.3915623426437378,5240832,1746202549.4463842
0.6510416865348816,0.02213541604578495,27.63671875,0.06643468141555786,0.9999999403953552,3413,3412,1.978007435798645,40.700965881347656,0.9806629419326782,1309.991945136,27056,0.025237111374735832,1.348430871963501,5242368,1746202549.8185153
0.642578125,0.021484375,28.259765625,0.0670771598815918,0.9999999403953552,3423,3422,1.978007435798645,40.700965881347656,0.9806629419326782,1313.715572006,27136,-0.04064324498176575,1.3261100053787231,5257728,1746202553.5421567
0.7115885615348816,0.02278645895421505,27.03645896911621,0.06287750601768494,0.9999999403953552,3432,3431,1.978007435798645,40.700965881347656,0.9806629419326782,1317.062577138,27208,0.008729491382837296,1.4231771230697632,5271552,1746202556.8891575
0.70703125,0.02213541604578495,27.8515625,0.0779077336192131,0.9999999403953552,3441,3440,1.978007435798645,40.700965881347656,0.9806629419326782,1320.411764934,27280,0.005533181596547365,1.4140625,5285376,1746202560.23834
0.716796875,0.0234375,26.94986915588379,0.06002674251794815,0.9999999403953552,3465,3464,1.978007435798645,40.700965881347656,0.9806629419326782,1329.362900628,27472,0.06496929377317429,1.43359375,5322240,1746202569.1894822
0.708984375,0.02278645895421505,27.92708396911621,0.06048956513404846,0.9999999403953552,3471,3470,1.978007435798645,40.700965881347656,0.9806629419326782,1331.596689178,27520,0.027284210547804832,1.41796875,5331456,1746202571.4232645
0.69140625,0.02278645895421505,27.19856834411621,0.07567887008190155,0.9999999403953552,3497,3496,1.978007435798645,40.700965881347656,0.9806629419326782,1341.268653585,27728,0.03649510070681572,1.3873242139816284,5371392,1746202581.0951364
0.716796875,0.0234375,26.78385353088379,0.07587318867444992,0.9999999403953552,3499,3498,1.978007435798645,40.700965881347656,0.9806629419326782,1342.014255492,27744,0.043738409876823425,1.43359375,5374464,1746202581.8408012
0.6927083134651184,0.02278645895421505,26.92513084411621,0.09735466539859772,0.9999999403953552,3529,3528,1.978007435798645,40.700965881347656,0.9806629419326782,1353.172029061,27984,0.06902255117893219,1.404687523841858,5420544,1746202592.9985874
0.7220051884651184,0.0234375,27.13802146911621,0.11266530305147171,0.9999999403953552,3532,3531,1.978007435798645,40.700965881347656,0.9806629419326782,1354.287275768,28008,0.033385295420885086,1.4440103769302368,5425152,1746202594.1138434
0.7063801884651184,0.02018229104578495,28.25390625,0.08485335111618042,0.9999999403953552,3554,3553,1.978007435798645,40.700965881347656,0.9806629419326782,1362.467095514,28184,0.10524460673332214,1.4127603769302368,5458944,1746202602.2936616
0.7115885615348816,0.0234375,27.19466209411621,0.082949198782444,0.9999999403953552,3555,3554,1.978007435798645,40.700965881347656,0.9806629419326782,1362.838831125,28192,0.11643370240926743,1.4231771230697632,5460480,1746202602.6653948
0.69921875,0.02278645895421505,27.15625,0.08682651072740555,0.9999999403953552,3561,3560,1.978007435798645,40.700965881347656,0.9806629419326782,1365.067839744,28240,0.04487697035074234,1.3984375,5469696,1746202604.8944206
0.6751301884651184,0.02213541604578495,27.97200584411621,0.07118107378482819,0.9999999403953552,3567,3566,1.978007435798645,40.700965881347656,0.9806629419326782,1367.302257603,28288,0.00491301016882062,1.3760124444961548,5478912,1746202607.1288297
0.650390625,0.02083333395421505,28.44466209411621,0.08358466625213623,1.0,3577,3576,1.9949315786361694,37.17635726928711,0.9954278469085693,1371.102604665,28368,0.0064625670202076435,1.3503742218017578,5494272,1746202610.929174
0.705078125,0.02213541604578495,27.07942771911621,0.07161937654018402,1.0,3600,3599,1.9949315786361694,37.17635726928711,0.9954278469085693,1379.658106417,28552,0.05643153563141823,1.41015625,5529600,1746202619.4846735
0.7037760615348816,0.02278645895421505,28.12239646911621,0.05837007611989975,1.0,3611,3610,1.9949315786361694,37.17635726928711,0.9954278469085693,1383.764765184,28640,-0.042349301278591156,1.4075521230697632,5546496,1746202623.5913334
0.6953125,0.02278645895421505,27.607421875,0.055166542530059814,1.0,3619,3618,1.9949315786361694,37.17635726928711,0.9954278469085693,1386.740359389,28704,-0.1294836848974228,1.390625,5558784,1746202626.5669374
0.7024739384651184,0.0234375,27.57486915588379,0.05519130453467369,1.0,3630,3629,1.9949315786361694,37.17635726928711,0.9954278469085693,1390.830858304,28792,0.009660434909164906,1.4049478769302368,5575680,1746202630.6574318
0.6647135615348816,0.02278645895421505,28.38606834411621,0.04765470325946808,1.0,3661,3660,1.9949315786361694,37.17635726928711,0.9954278469085693,1402.358662673,29040,-0.05766696855425835,1.3499478101730347,5623296,1746202642.1852238
0.5989583134651184,0.02213541604578495,28.2734375,0.07197608053684235,1.0,3671,3670,1.9949315786361694,37.17635726928711,0.9954278469085693,1406.07695617,29120,0.021759547293186188,1.2692219018936157,5638656,1746202645.903538
0.6868489384651184,0.02213541604578495,28.37955665588379,0.0732293352484703,1.0,3697,3696,1.9949315786361694,37.17635726928711,0.9954278469085693,1415.747339701,29328,-0.012483609840273857,1.39191734790802,5678592,1746202655.5738902
0.6634114384651184,0.02018229104578495,28.69010353088379,0.06873665750026703,1.0,3721,3720,1.9949315786361694,37.17635726928711,0.9954278469085693,1424.677261688,29520,-0.06994250416755676,1.3421353101730347,5715456,1746202664.5038354
0.6302083134651184,0.02018229104578495,29.16275978088379,0.0447235032916069,1.0,3740,3739,1.9949315786361694,37.17635726928711,0.9954278469085693,1431.761605125,29672,0.03426054120063782,1.3266178369522095,5744640,1746202671.5880191
0.6946614384651184,0.02083333395421505,28.17447853088379,0.06889253854751587,1.0,3744,3743,1.9949315786361694,37.17635726928711,0.9954278469085693,1433.249925191,29704,-0.10385768115520477,1.3893228769302368,5750784,1746202673.0764885
0.640625,0.021484375,28.54817771911621,0.0482332818210125,1.0,3762,3761,1.9949315786361694,37.17635726928711,0.9954278469085693,1439.941566076,29848,-0.2125203162431717,1.3305729627609253,5778432,1746202679.7681115
0.6608073115348816,0.02278645895421505,27.63606834411621,0.05006404221057892,1.0,3767,3766,1.9949315786361694,37.17635726928711,0.9954278469085693,1441.801193636,29888,-0.21778316795825958,1.3495832681655884,5786112,1746202681.6277547
0.6634114384651184,0.02083333395421505,27.84505271911621,0.035324808210134506,1.0,3782,3781,1.9949315786361694,37.17635726928711,0.9954278469085693,1447.379330587,30008,-0.07250090688467026,1.3659701347351074,5809152,1746202687.2058973
0.6100260615348816,0.021484375,26.96809959411621,0.05796274170279503,1.0,3809,3808,1.9949315786361694,37.17635726928711,0.9954278469085693,1457.42645825,30224,0.02697746828198433,1.2868620157241821,5850624,1746202697.2530067
0.6184895634651184,0.02213541604578495,28.12109375,0.06275396049022675,1.0,3820,3819,1.9949315786361694,37.17635726928711,0.9954278469085693,1461.517289162,30312,0.08449282497167587,1.295852780342102,5867520,1746202701.3438768
0.7044270634651184,0.02278645895421505,27.03450584411621,0.05235026776790619,1.0,3827,3826,1.9949315786361694,37.17635726928711,0.9954278469085693,1464.121477357,30368,0.07747705280780792,1.4126237630844116,5878272,1746202703.948057
0.68359375,0.02213541604578495,27.1640625,0.05293447524309158,1.0,3838,3837,1.9949315786361694,37.17635726928711,0.9954278469085693,1468.209796573,30456,0.03999718278646469,1.3671875,5895168,1746202708.036379
0.69921875,0.021484375,27.70638084411621,0.09089463949203491,1.0,3843,3842,1.9949315786361694,37.17635726928711,0.9954278469085693,1470.069320327,30496,0.01043674349784851,1.3984375,5902848,1746202709.8958683
0.6575520634651184,0.02213541604578495,27.51041603088379,0.07397480309009552,1.0,3847,3846,1.9949315786361694,37.17635726928711,0.9954278469085693,1471.565693226,30528,0.03719431161880493,1.3416306972503662,5908992,1746202711.3922687
0.650390625,0.02278645895421505,26.91275978088379,0.06408114731311798,1.0,3849,3848,1.9949315786361694,37.17635726928711,0.9954278469085693,1472.309341717,30544,0.0026384741067886353,1.3542577028274536,5912064,1746202712.135917
0.6946614384651184,0.021484375,27.82291603088379,0.05741056799888611,1.0,3853,3852,1.9949315786361694,37.17635726928711,0.9954278469085693,1473.797274962,30576,-0.004294192418456078,1.3893228769302368,5918208,1746202713.6238475
0.689453125,0.02278645895421505,27.57096290588379,0.052321143448352814,1.0,3866,3865,1.9949315786361694,37.17635726928711,0.9954278469085693,1478.635665815,30680,-0.07759253680706024,1.395410180091858,5938176,1746202718.4622579
0.7265625,0.0234375,27.51236915588379,0.05725856125354767,1.0,3873,3872,1.9949315786361694,37.17635726928711,0.9954278469085693,1481.241457696,30736,-0.008699536323547363,1.453125,5948928,1746202721.0680156
0.7005208134651184,0.02213541604578495,27.19140625,0.07300442457199097,1.0,3878,3877,1.9949315786361694,37.17635726928711,0.9954278469085693,1483.100602543,30776,-0.17242921888828278,1.4010416269302368,5956608,1746202722.9271805
0.6321614384651184,0.021484375,27.29231834411621,0.06918781995773315,1.0,3885,3884,1.9949315786361694,37.17635726928711,0.9954278469085693,1485.704922549,30832,-0.18003782629966736,1.3135936260223389,5967360,1746202725.5314972
0.6959635615348816,0.02278645895421505,27.26106834411621,0.045498911291360855,1.0,3889,3888,1.9949315786361694,37.17635726928711,0.9954278469085693,1487.215360208,30864,-0.20876383781433105,1.3919271230697632,5973504,1746202727.0419402
0.6803385615348816,0.0234375,27.43424415588379,0.05970275402069092,1.0,3894,3893,1.9949315786361694,37.17635726928711,0.9954278469085693,1489.074716755,30904,-0.23988020420074463,1.390663981437683,5981184,1746202728.9013135
0.7239583134651184,0.0234375,27.291015625,0.05950133129954338,1.0,3895,3894,1.9949315786361694,37.17635726928711,0.9954278469085693,1489.447071009,30912,-0.19177979230880737,1.4479166269302368,5982720,1746202729.2736475
0.6640625,0.02278645895421505,27.86783790588379,0.05497916042804718,1.0,3902,3901,1.9950557947158813,37.26474380493164,0.9954128861427307,1492.136837558,30968,-0.1731763780117035,1.360166072845459,5993472,1746202731.9634225
0.6569010615348816,0.021484375,27.99674415588379,0.07232722640037537,1.0,3929,3928,1.9950557947158813,37.26474380493164,0.9954128861427307,1502.19125376,31184,-0.18400691449642181,1.3329426050186157,6034944,1746202742.017826
0.7076823115348816,0.021484375,27.33333396911621,0.06510614603757858,1.0,3937,3936,1.9950557947158813,37.26474380493164,0.9954128861427307,1505.168321483,31248,-0.2010059505701065,1.4153646230697632,6047232,1746202744.9948857
0.6940104365348816,0.02278645895421505,27.64127540588379,0.06420782953500748,1.0,3939,3938,1.9950557947158813,37.26474380493164,0.9954128861427307,1505.912067132,31264,-0.17265242338180542,1.4075324535369873,6050304,1746202745.7386384
0.705078125,0.02278645895421505,27.232421875,0.05958525091409683,1.0,3947,3946,1.9950557947158813,37.26474380493164,0.9954128861427307,1508.888886276,31328,-0.1592511385679245,1.41015625,6062592,1746202748.7154274
0.7161458134651184,0.02278645895421505,27.083984375,0.07755371928215027,1.0,3986,3985,1.9950557947158813,37.26474380493164,0.9954128861427307,1523.410050132,31640,-0.1209707260131836,1.4322916269302368,6122496,1746202763.236613
0.6608073115348816,0.02213541604578495,28.93359375,0.0658295676112175,1.0,4004,4003,1.9950557947158813,37.26474380493164,0.9954128861427307,1530.116540212,31784,-0.09377959370613098,1.3625195026397705,6150144,1746202769.943087
0.7141926884651184,0.02278645895421505,28.21940040588379,0.06768450140953064,1.0,4010,4009,1.9950557947158813,37.26474380493164,0.9954128861427307,1532.353160328,31832,-0.050415948033332825,1.4290233850479126,6159360,1746202772.1797447
0.7096354365348816,0.02278645895421505,27.333984375,0.06193315237760544,1.0,4028,4027,1.9950557947158813,37.26474380493164,0.9954128861427307,1539.048378072,31976,-0.04782363399863243,1.4192708730697632,6187008,1746202778.874945
0.6966145634651184,0.021484375,28.07747459411621,0.05752549320459366,1.0,4032,4031,1.9950557947158813,37.26474380493164,0.9954128861427307,1540.537945171,32008,-0.09576626121997833,1.3932291269302368,6193152,1746202780.3645215
0.6829426884651184,0.02213541604578495,27.70052146911621,0.049068450927734375,1.0,4050,4049,1.9950557947158813,37.26474380493164,0.9954128861427307,1547.232851451,32152,-0.25375083088874817,1.384049415588379,6220800,1746202787.0594258
0.6985676884651184,0.02213541604578495,28.384765625,0.0511600635945797,1.0,4052,4051,1.9950557947158813,37.26474380493164,0.9954128861427307,1547.976277038,32168,-0.298205703496933,1.3971353769302368,6223872,1746202787.8028238
0.7083333134651184,0.02213541604578495,27.505859375,0.0656876415014267,1.0,4076,4075,1.9950557947158813,37.26474380493164,0.9954128861427307,1556.900253873,32360,-0.28215157985687256,1.4166666269302368,6260736,1746202796.7268429
0.6666666865348816,0.02278645895421505,28.369140625,0.04846862703561783,1.0,4086,4085,1.9950557947158813,37.26474380493164,0.9954128861427307,1560.626433524,32440,-0.2888500988483429,1.3565754890441895,6276096,1746202800.4530017
0.7154948115348816,0.02213541604578495,27.13997459411621,0.06982278823852539,1.0,4091,4090,1.9950557947158813,37.26474380493164,0.9954128861427307,1562.490541743,32480,-0.16656672954559326,1.4309896230697632,6283776,1746202802.317098
0.6796875,0.021484375,28.24479103088379,0.04940259829163551,1.0,4120,4119,1.9950557947158813,37.26474380493164,0.9954128861427307,1573.285607796,32712,-0.2517179548740387,1.3794628381729126,6328320,1746202813.1121745
0.7213541865348816,0.0234375,27.03841209411621,0.08008292317390442,1.0,4138,4137,1.9950557947158813,37.26474380493164,0.9954128861427307,1579.999846242,32856,-0.30694812536239624,1.4496352672576904,6355968,1746202819.826423
0.71875,0.0234375,27.55208396911621,0.04040081799030304,1.0,4142,4141,1.9950557947158813,37.26474380493164,0.9954128861427307,1581.488639106,32888,-0.22766628861427307,1.4375,6362112,1746202821.3152344
0.705078125,0.02278645895421505,26.67708396911621,0.0402333103120327,1.0,4148,4147,1.9950557947158813,37.26474380493164,0.9954128861427307,1583.723705187,32936,-0.23369602859020233,1.4120606184005737,6371328,1746202823.5503068
0.7018229365348816,0.02213541604578495,27.49349021911621,0.042048852890729904,1.0,4151,4150,1.9950557947158813,37.26474380493164,0.9954128861427307,1584.841713346,32960,-0.22700104117393494,1.4036458730697632,6375936,1746202824.6683068
0.6829426884651184,0.02278645895421505,27.05859375,0.050753913819789886,1.0,4152,4151,1.9950557947158813,37.26474380493164,0.9954128861427307,1585.213598911,32968,-0.23114658892154694,1.3890105485916138,6377472,1746202825.040179
0.7037760615348816,0.02278645895421505,26.65169334411621,0.059827324002981186,1.0,4157,4156,1.9950557947158813,37.26474380493164,0.9954128861427307,1587.073594721,33008,-0.29761314392089844,1.4075521230697632,6385152,1746202826.9001904
0.6458333134651184,0.021484375,27.70572853088379,0.052391838282346725,1.0,4167,4166,1.9950557947158813,37.26474380493164,0.9954128861427307,1590.795427248,33088,-0.1509626805782318,1.3256053924560547,6400512,1746202830.6219726
0.6809895634651184,0.02083333395421505,27.09440040588379,0.04503311961889267,1.0,4170,4169,1.9950557947158813,37.26474380493164,0.9954128861427307,1591.911370696,33112,-0.17386579513549805,1.383658766746521,6405120,1746202831.7379262
0.6204426884651184,0.021484375,27.451171875,0.05139464884996414,1.0,4182,4181,1.9950557947158813,37.26474380493164,0.9954128861427307,1596.377959846,33208,-0.16056975722312927,1.2879329919815063,6423552,1746202836.2045147
0.6940104365348816,0.02278645895421505,27.126953125,0.06072678044438362,1.0,4188,4187,1.9950557947158813,37.26474380493164,0.9954128861427307,1598.61028055,33256,-0.2046550065279007,1.3961458206176758,6432768,1746202838.4368322
0.712890625,0.02213541604578495,28.07291603088379,0.053196147084236145,1.0,4201,4200,1.9950557947158813,37.26474380493164,0.9954128861427307,1603.451326724,33360,-0.18284566700458527,1.42578125,6452736,1746202843.277898
0.64453125,0.0234375,26.78645896911621,0.052847497165203094,1.0,4216,4215,1.9950557947158813,37.26474380493164,0.9954128861427307,1609.037645825,33480,-0.24192337691783905,1.3312954902648926,6475776,1746202848.8642166
0.6549479365348816,0.02278645895421505,26.798828125,0.0685122013092041,1.0,4234,4233,1.9901704788208008,37.23918914794922,0.9908257126808167,1615.814710698,33624,-0.22369904816150665,1.35895836353302,6503424,1746202855.6412787
0.7102864384651184,0.02213541604578495,28.01953125,0.06302900612354279,1.0,4241,4240,1.9901704788208008,37.23918914794922,0.9908257126808167,1618.41918251,33680,-0.17232352495193481,1.4243098497390747,6514176,1746202858.2457373
0.7018229365348816,0.0234375,27.34765625,0.048491064459085464,1.0,4275,4274,1.9901704788208008,37.23918914794922,0.9908257126808167,1631.085552017,33952,-0.3045457601547241,1.4036458730697632,6566400,1746202870.9121187
0.7233073115348816,0.0234375,27.44856834411621,0.041530825197696686,1.0,4278,4277,1.9901704788208008,37.23918914794922,0.9908257126808167,1632.200565578,33976,-0.22857315838336945,1.4466146230697632,6571008,1746202872.0271277
0.6302083134651184,0.02278645895421505,27.74479103088379,0.06067261844873428,1.0,4295,4294,1.9901704788208008,37.23918914794922,0.9908257126808167,1638.527992809,34112,-0.026793411001563072,1.3241080045700073,6597120,1746202878.3545015
0.69140625,0.021484375,27.84765625,0.05473833531141281,1.0,4307,4306,1.9901704788208008,37.23918914794922,0.9908257126808167,1642.99378879,34208,-0.08556303381919861,1.3828125,6615552,1746202882.820349
0.6796875,0.02213541604578495,27.33919334411621,0.05585145205259323,1.0,4309,4308,1.9901704788208008,37.23918914794922,0.9908257126808167,1643.736957192,34224,-0.07349880039691925,1.3813931941986084,6618624,1746202883.563519
0.6712239384651184,0.021484375,28.15625,0.048977985978126526,1.0,4325,4324,1.9901704788208008,37.23918914794922,0.9908257126808167,1649.711662112,34352,-0.09665729850530624,1.3654524087905884,6643200,1746202889.53822
0.5944010615348816,0.02278645895421505,27.88541603088379,0.04761238396167755,1.0,4327,4326,1.9901704788208008,37.23918914794922,0.9908257126808167,1650.455101496,34368,-0.10868227481842041,1.2805012464523315,6646272,1746202890.2816849
0.640625,0.02213541604578495,28.31966209411621,0.049401771277189255,1.0,4330,4329,1.9901704788208008,37.23918914794922,0.9908257126808167,1651.572894729,34392,-0.13035628199577332,1.3314419984817505,6650880,1746202891.39946
0.6412760615348816,0.02213541604578495,28.39778709411621,0.05960730463266373,1.0,4334,4333,1.9901704788208008,37.23918914794922,0.9908257126808167,1653.059692774,34424,-0.045690592378377914,1.3274379968643188,6657024,1746202892.8862786
0.6927083134651184,0.02278645895421505,27.16731834411621,0.05154123902320862,1.0,4357,4356,1.9901704788208008,37.23918914794922,0.9908257126808167,1661.614275982,34608,0.061679575592279434,1.3937174081802368,6692352,1746202901.4408627
0.66796875,0.021484375,28.24283790588379,0.06220732629299164,1.0,4373,4372,1.9901704788208008,37.23918914794922,0.9908257126808167,1667.561835586,34736,-0.03405589610338211,1.3588216304779053,6716928,1746202907.3884091
0.71875,0.02213541604578495,27.81770896911621,0.042095109820365906,1.0,4383,4382,1.9901704788208008,37.23918914794922,0.9908257126808167,1671.283695355,34816,0.028705716133117676,1.4375,6732288,1746202911.1102846
0.6881510615348816,0.02213541604578495,27.52408790588379,0.04722529277205467,1.0,4402,4401,1.9901704788208008,37.23918914794922,0.9908257126808167,1678.356926286,34968,-0.010276373475790024,1.3995246887207031,6761472,1746202918.1835039
0.6881510615348816,0.02278645895421505,27.46744728088379,0.0809335708618164,1.0,4468,4467,1.9901704788208008,37.23918914794922,0.9908257126808167,1702.921670139,35496,0.02403421327471733,1.4035969972610474,6862848,1746202942.7482467
0.6569010615348816,0.02213541604578495,27.97721290588379,0.058826226741075516,1.0,4479,4478,1.9901704788208008,37.23918914794922,0.9908257126808167,1707.017598502,35584,0.07004714012145996,1.3538216352462769,6879744,1746202946.8441808
0.6022135615348816,0.02213541604578495,27.18489646911621,0.06445702910423279,1.0,4480,4479,1.9901704788208008,37.23918914794922,0.9908257126808167,1707.389705383,35592,0.012867167592048645,1.2861360311508179,6881280,1746202947.2162905
0.6569010615348816,0.02083333395421505,26.91796875,0.043700218200683594,1.0,4490,4489,1.9901704788208008,37.23918914794922,0.9908257126808167,1711.113287082,35672,0.057100020349025726,1.3366535902023315,6896640,1746202950.9398594
0.6822916865348816,0.0234375,27.43880271911621,0.042535364627838135,1.0,4495,4494,1.9901704788208008,37.23918914794922,0.9908257126808167,1712.973212457,35712,0.05916909500956535,1.3889518976211548,6904320,1746202952.799783
0.7063801884651184,0.0234375,27.533203125,0.049577582627534866,1.0,4499,4498,1.9901704788208008,37.23918914794922,0.9908257126808167,1714.460237071,35744,-0.008864794857800007,1.4127603769302368,6910464,1746202954.2868009
0.6907551884651184,0.02213541604578495,28.16731834411621,0.05387324094772339,1.0,4509,4508,1.9901704788208008,37.23918914794922,0.9908257126808167,1718.178383621,35824,-0.04487816244363785,1.4075846672058105,6925824,1746202958.004939
0.6809895634651184,0.0234375,26.58072853088379,0.04462791234254837,1.0,4512,4511,1.9901704788208008,37.23918914794922,0.9908257126808167,1719.293138917,35848,-0.05290304124355316,1.3824869394302368,6930432,1746202959.1197104
0.6803385615348816,0.02278645895421505,27.94856834411621,0.04508446902036667,1.0,4540,4539,1.9901704788208008,37.23918914794922,0.9908257126808167,1729.735111454,36072,-0.052935823798179626,1.3868976831436157,6973440,1746202969.561631
0.6106770634651184,0.021484375,28.279296875,0.04235002025961876,1.0,4593,4592,1.9913244247436523,36.950294494628906,0.9921517372131348,1749.540552544,36496,0.11223062872886658,1.297574758529663,7054848,1746202989.3671105
0.7063801884651184,0.02213541604578495,28.05143165588379,0.04185866564512253,1.0,4603,4602,1.9913244247436523,36.950294494628906,0.9921517372131348,1753.260331258,36576,0.07561130076646805,1.4127603769302368,7070208,1746202993.0869064
0.712890625,0.02278645895421505,27.22265625,0.04653950408101082,1.0,4626,4625,1.9913244247436523,36.950294494628906,0.9921517372131348,1761.824427696,36760,-0.006656589452177286,1.42578125,7105536,1746203001.650996
0.6334635615348816,0.021484375,27.91145896911621,0.06890428066253662,1.0,4650,4649,1.9913244247436523,36.950294494628906,0.9921517372131348,1770.75311771,36952,-0.01269074622541666,1.324475884437561,7142400,1746203010.5796854
0.7122395634651184,0.0234375,27.69466209411621,0.05665174126625061,1.0,4661,4660,1.9913244247436523,36.950294494628906,0.9921517372131348,1774.858542465,37040,-0.015627847984433174,1.4244791269302368,7159296,1746203014.685115
0.6979166865348816,0.0234375,26.943359375,0.05238242447376251,1.0,4663,4662,1.9913244247436523,36.950294494628906,0.9921517372131348,1775.602782036,37056,0.013729700818657875,1.405104160308838,7162368,1746203015.4293818
0.5716145634651184,0.02083333395421505,27.92903709411621,0.06134779378771782,1.0,4686,4685,1.9913244247436523,36.950294494628906,0.9921517372131348,1784.164221203,37240,-0.04825611412525177,1.2545572519302368,7197696,1746203023.9907355
0.658203125,0.02213541604578495,27.52864646911621,0.0677984356880188,1.0,4687,4686,1.9913244247436523,36.950294494628906,0.9921517372131348,1784.535968154,37248,-0.0005316147580742836,1.3591959476470947,7199232,1746203024.3625238
0.7122395634651184,0.02083333395421505,27.73697853088379,0.062025487422943115,1.0,4723,4722,1.9913244247436523,36.950294494628906,0.9921517372131348,1797.934227721,37536,-0.07796171307563782,1.4244791269302368,7254528,1746203037.760794
0.677734375,0.02083333395421505,28.15625,0.07983279973268509,1.0,4740,4739,1.9913244247436523,36.950294494628906,0.9921517372131348,1804.264157473,37672,-0.1943296492099762,1.3731770515441895,7280640,1746203044.0907285
0.6998698115348816,0.02083333395421505,28.15950584411621,0.08699775487184525,1.0,4742,4741,1.9913244247436523,36.950294494628906,0.9921517372131348,1805.008104052,37688,-0.2030848115682602,1.4035905599594116,7283712,1746203044.834654
0.6712239384651184,0.02213541604578495,27.57421875,0.09834140539169312,1.0,4757,4756,1.9913244247436523,36.950294494628906,0.9921517372131348,1810.612008149,37808,-0.19479484856128693,1.3662043809890747,7306752,1746203050.4383895
0.6673176884651184,0.02213541604578495,27.43424415588379,0.08780479431152344,1.0,4759,4758,1.9913244247436523,36.950294494628906,0.9921517372131348,1811.35677062,37824,-0.23478242754936218,1.362014889717102,7309824,1746203051.1833487
0.697265625,0.0234375,27.22395896911621,0.0776904746890068,1.0,4773,4772,1.9913244247436523,36.950294494628906,0.9921517372131348,1816.567048513,37936,-0.19394850730895996,1.4185383319854736,7331328,1746203056.3936322
0.6875,0.02278645895421505,26.81770896911621,0.08968247473239899,1.0,4776,4775,1.9913244247436523,36.950294494628906,0.9921517372131348,1817.682713976,37960,-0.17933323979377747,1.392295002937317,7335936,1746203057.5093017
0.716796875,0.02278645895421505,26.8515625,0.07949121296405792,1.0,4782,4781,1.9913244247436523,36.950294494628906,0.9921517372131348,1819.91363665,38008,-0.16219963133335114,1.4368749856948853,7345152,1746203059.740227
0.6575520634651184,0.0234375,26.77278709411621,0.11958987265825272,1.0,4824,4823,1.9913244247436523,36.950294494628906,0.9921517372131348,1835.538382689,38344,-0.24627679586410522,1.3639875650405884,7409664,1746203075.364936
0.6920573115348816,0.02213541604578495,27.75716209411621,0.0918533205986023,1.0,4831,4830,1.9913244247436523,36.950294494628906,0.9921517372131348,1838.14264012,38400,-0.19589507579803467,1.4059147834777832,7420416,1746203077.9692326
0.7272135615348816,0.0234375,26.57161521911621,0.09658248722553253,1.0,4849,4848,1.9913244247436523,36.950294494628906,0.9921517372131348,1844.839388975,38544,-0.15355733036994934,1.4544271230697632,7448064,1746203084.6659648
0.6484375,0.02213541604578495,27.19270896911621,0.08226953446865082,1.0,4858,4857,1.9913244247436523,36.950294494628906,0.9921517372131348,1848.185609838,38616,-0.1636633276939392,1.3431053161621094,7461888,1746203088.0121853
0.6985676884651184,0.021484375,27.787109375,0.07479847222566605,1.0,4861,4860,1.9913244247436523,36.950294494628906,0.9921517372131348,1849.30138553,38640,-0.14491486549377441,1.3971353769302368,7466496,1746203089.1279483
0.6979166865348816,0.0234375,26.97916603088379,0.08428116142749786,1.0,4894,4893,1.9925585985183716,36.586814880371094,0.9934725761413574,1861.653552317,38904,-0.011714563705027103,1.3974837064743042,7517184,1746203101.4801164
0.7161458134651184,0.0234375,27.013671875,0.07196392863988876,1.0,4895,4894,1.9925585985183716,36.586814880371094,0.9934725761413574,1862.025571027,38912,0.005792665760964155,1.4322916269302368,7518720,1746203101.8521433
0.7180989384651184,0.0234375,27.33854103088379,0.0617012158036232,1.0,4911,4910,1.9925585985183716,36.586814880371094,0.9934725761413574,1867.973213625,39040,-0.07222740352153778,1.4361978769302368,7543296,1746203107.7997952
0.7122395634651184,0.0234375,26.39583396911621,0.06213301420211792,1.0,4915,4914,1.9925585985183716,36.586814880371094,0.9934725761413574,1869.462050746,39072,-0.06375716626644135,1.4244791269302368,7549440,1746203109.2885792
0.705078125,0.02278645895421505,27.025390625,0.058475591242313385,1.0,4924,4923,1.9925585985183716,36.586814880371094,0.9934725761413574,1872.808032147,39144,-0.07892237603664398,1.413779377937317,7563264,1746203112.6346087
0.6927083134651184,0.02213541604578495,27.48502540588379,0.050472669303417206,1.0,4948,4947,1.9925585985183716,36.586814880371094,0.9934725761413574,1881.733655867,39336,-0.03671318292617798,1.3854166269302368,7600128,1746203121.560216
0.6829426884651184,0.02213541604578495,28.12890625,0.055106937885284424,1.0,4952,4951,1.9925585985183716,36.586814880371094,0.9934725761413574,1883.221631471,39368,-0.09520360827445984,1.3917903900146484,7606272,1746203123.0482106
0.6282551884651184,0.02213541604578495,27.33463478088379,0.07115127146244049,1.0,4971,4970,1.9925585985183716,36.586814880371094,0.9934725761413574,1890.286402986,39520,-0.03172306343913078,1.3197849988937378,7635456,1746203130.1129723
0.7024739384651184,0.02213541604578495,27.78515625,0.08701010048389435,1.0,4978,4977,1.9925585985183716,36.586814880371094,0.9934725761413574,1892.888866017,39576,-0.018897585570812225,1.4049478769302368,7646208,1746203132.7154114
0.6666666865348816,0.021484375,28.123046875,0.04361959174275398,1.0,4991,4990,1.9925585985183716,36.586814880371094,0.9934725761413574,1897.726899474,39680,-0.13295121490955353,1.3575259447097778,7666176,1746203137.5534782
0.68359375,0.02278645895421505,28.23502540588379,0.05292985215783119,1.0,4995,4994,1.9925585985183716,36.586814880371094,0.9934725761413574,1899.214081799,39712,-0.21125590801239014,1.3925780057907104,7672320,1746203139.0406349
0.7109375,0.0234375,27.015625,0.05043487623333931,1.0,5011,5010,1.9925585985183716,36.586814880371094,0.9934725761413574,1905.163464033,39840,-0.18199902772903442,1.4230209589004517,7696896,1746203144.9900649
0.7174479365348816,0.0234375,27.83138084411621,0.04202677682042122,1.0,5025,5024,1.9925585985183716,36.586814880371094,0.9934725761413574,1910.373235489,39952,-0.15902969241142273,1.4348958730697632,7718400,1746203150.1997867
0.6842448115348816,0.0234375,26.50455665588379,0.04477125406265259,1.0,5047,5046,1.9925585985183716,36.586814880371094,0.9934725761413574,1918.567016478,40128,-0.12023872137069702,1.3977082967758179,7752192,1746203158.3935711
0.7174479365348816,0.0234375,27.56184959411621,0.04832819104194641,1.0,5065,5064,1.9925585985183716,36.586814880371094,0.9934725761413574,1925.268017146,40272,-0.13629606366157532,1.436780571937561,7779840,1746203165.0945814
0.6497395634651184,0.02278645895421505,28.10091209411621,0.04745692014694214,1.0,5074,5073,1.9925585985183716,36.586814880371094,0.9934725761413574,1928.614215677,40344,-0.14337146282196045,1.3449575901031494,7793664,1746203168.4407992
0.708984375,0.02278645895421505,27.24609375,0.048102039843797684,1.0,5078,5077,1.9925585985183716,36.586814880371094,0.9934725761413574,1930.101072688,40376,-0.085146464407444,1.4255468845367432,7799808,1746203169.9275796
0.6458333134651184,0.0234375,27.125,0.046525195240974426,1.0,5080,5079,1.9925585985183716,36.586814880371094,0.9934725761413574,1930.847906822,40392,-0.05133749544620514,1.3334505558013916,7802880,1746203170.6744404
0.6842448115348816,0.02213541604578495,26.38150978088379,0.036823712289333344,1.0,5106,5105,1.9925585985183716,36.586814880371094,0.9934725761413574,1940.527190077,40600,-0.11671720445156097,1.3895833492279053,7842816,1746203180.3537629
0.6497395634651184,0.02278645895421505,26.79752540588379,0.056976787745952606,1.0,5125,5124,1.9925585985183716,36.586814880371094,0.9934725761413574,1947.598910423,40752,-0.18566949665546417,1.3354589939117432,7872000,1746203187.425486
0.607421875,0.01888020895421505,27.5,0.05876860022544861,1.0,5131,5130,1.9925585985183716,36.586814880371094,0.9934725761413574,1949.833051737,40800,-0.18211087584495544,1.2806835174560547,7881216,1746203189.6596127
0.7252604365348816,0.0234375,26.826171875,0.07281092554330826,1.0,5150,5149,1.9925585985183716,36.586814880371094,0.9934725761413574,1956.899163335,40952,-0.291714072227478,1.4505208730697632,7910400,1746203196.7257254
0.5833333134651184,0.02018229104578495,28.77799415588379,0.05607682466506958,1.0,5157,5156,1.9925585985183716,36.586814880371094,0.9934725761413574,1959.503175771,41008,-0.3220151662826538,1.2482354640960693,7921152,1746203199.3297548
0.6725260615348816,0.02213541604578495,26.97786521911621,0.06616227328777313,1.0,5171,5170,1.9925585985183716,36.586814880371094,0.9934725761413574,1964.710619955,41120,-0.24403443932533264,1.352880835533142,7942656,1746203204.5372057
0.671875,0.0234375,26.857421875,0.048097021877765656,1.0,5182,5181,1.9925585985183716,36.586814880371094,0.9934725761413574,1968.820547979,41208,-0.156258225440979,1.3688867092132568,7959552,1746203208.6471195
0.6998698115348816,0.0234375,27.0546875,0.06993155181407928,1.0,5196,5195,1.9925585985183716,36.586814880371094,0.9934725761413574,1974.056943504,41320,-0.30592045187950134,1.4013314247131348,7981056,1746203213.8834975
0.67578125,0.02083333395421505,29.05989646911621,0.048860374838113785,1.0,5198,5197,1.9925585985183716,36.586814880371094,0.9934725761413574,1974.800917844,41336,-0.23223155736923218,1.3760871887207031,7984128,1746203214.6275063
0.6653645634651184,0.02278645895421505,27.12174415588379,0.053237803280353546,1.0,5206,5205,1.984222173690796,37.427818298339844,0.9854977130889893,1977.857691446,41400,-0.230124831199646,1.3822884559631348,7996416,1746203217.6842716
0.6907551884651184,0.02278645895421505,26.84765625,0.04886035993695259,1.0,5209,5208,1.984222173690796,37.427818298339844,0.9854977130889893,1978.974892619,41424,-0.2143307328224182,1.3980534076690674,8001024,1746203218.801465
0.6438801884651184,0.02278645895421505,26.92643165588379,0.053215593099594116,1.0,5218,5217,1.984222173690796,37.427818298339844,0.9854977130889893,1982.322487465,41496,-0.21197731792926788,1.3455564975738525,8014848,1746203222.1490471
0.7278645634651184,0.02278645895421505,27.26041603088379,0.06334210932254791,1.0,5219,5218,1.984222173690796,37.427818298339844,0.9854977130889893,1982.694594973,41504,-0.24180108308792114,1.456337809562683,8016384,1746203222.5211594
0.5924479365348816,0.02018229104578495,27.68424415588379,0.06303563714027405,1.0,5232,5231,1.984222173690796,37.427818298339844,0.9854977130889893,1987.53429897,41608,-0.25841909646987915,1.2780922651290894,8036352,1746203227.3607218
0.6256510615348816,0.021484375,27.32747459411621,0.04565879702568054,1.0,5259,5258,1.984222173690796,37.427818298339844,0.9854977130889893,1997.578919186,41824,-0.25941169261932373,1.3255923986434937,8077824,1746203237.4054856
0.720703125,0.0234375,27.03775978088379,0.0572059191763401,1.0,5265,5264,1.984222173690796,37.427818298339844,0.9854977130889893,1999.809937749,41872,-0.24477219581604004,1.4457355737686157,8087040,1746203239.636509
0.6569010615348816,0.02213541604578495,27.77994728088379,0.05185364559292793,1.0,5290,5289,1.984222173690796,37.427818298339844,0.9854977130889893,2009.115176852,42072,-0.14346647262573242,1.3559114933013916,8125440,1746203248.9417307
0.673828125,0.0234375,27.73372459411621,0.061586156487464905,1.0,5308,5307,1.984222173690796,37.427818298339844,0.9854977130889893,2015.822668557,42216,-0.23261117935180664,1.3969660997390747,8153088,1746203255.649251
0.7083333134651184,0.02278645895421505,26.9375,0.05870608240365982,1.0,5311,5310,1.984222173690796,37.427818298339844,0.9854977130889893,2016.937348326,42240,-0.21305041015148163,1.4388834238052368,8157696,1746203256.7639225
0.720703125,0.0234375,27.314453125,0.07634228467941284,1.0,5318,5317,1.984222173690796,37.427818298339844,0.9854977130889893,2019.538788281,42296,-0.143208310008049,1.44140625,8168448,1746203259.3653886
0.6998698115348816,0.02213541604578495,26.82877540588379,0.04975540190935135,1.0,5325,5324,1.984222173690796,37.427818298339844,0.9854977130889893,2022.143426709,42352,-0.13527196645736694,1.3997396230697632,8179200,1746203261.970033
0.65234375,0.02278645895421505,26.37044334411621,0.07103133201599121,1.0,5352,5351,1.984222173690796,37.427818298339844,0.9854977130889893,2032.186480765,42568,-0.13282424211502075,1.3438769578933716,8220672,1746203272.0130413
0.666015625,0.02083333395421505,28.88802146911621,0.06198720633983612,1.0,5374,5373,1.984222173690796,37.427818298339844,0.9854977130889893,2040.367571301,42744,-0.17680123448371887,1.3825584650039673,8254464,1746203280.194135
0.6510416865348816,0.02278645895421505,26.69856834411621,0.05484960600733757,1.0,5398,5397,1.984222173690796,37.427818298339844,0.9854977130889893,2049.292798838,42936,-0.09246847778558731,1.3525975942611694,8291328,1746203289.1193883
0.697265625,0.02278645895421505,27.12760353088379,0.03859879449009895,1.0,5406,5405,1.984222173690796,37.427818298339844,0.9854977130889893,2052.276686633,43000,-0.07169937342405319,1.4182813167572021,8303616,1746203292.1032438
0.6927083134651184,0.02213541604578495,26.80729103088379,0.04817928373813629,1.0,5415,5414,1.984222173690796,37.427818298339844,0.9854977130889893,2055.624692227,43072,-0.05786260962486267,1.4067219495773315,8317440,1746203295.451274
0.6725260615348816,0.02278645895421505,27.38150978088379,0.04666566103696823,1.0,5422,5421,1.984222173690796,37.427818298339844,0.9854977130889893,2058.230191379,43128,-0.1760188639163971,1.3777862787246704,8328192,1746203298.0567634
0.7037760615348816,0.0234375,26.8046875,0.06239385902881622,1.0,5449,5448,1.984222173690796,37.427818298339844,0.9854977130889893,2068.285594731,43344,-0.07938036322593689,1.4075521230697632,8369664,1746203308.1121485
0.6555989384651184,0.021484375,27.48567771911621,0.05601878836750984,1.0,5486,5485,1.984222173690796,37.427818298339844,0.9854977130889893,2082.061653139,43640,-0.1862226277589798,1.3510221242904663,8426496,1746203321.8882213
0.7259114384651184,0.0234375,26.2578125,0.06567449867725372,1.0,5488,5487,1.984222173690796,37.427818298339844,0.9854977130889893,2082.804911646,43656,-0.18558278679847717,1.4518228769302368,8429568,1746203322.6314657
0.6829426884651184,0.02213541604578495,28.32291603088379,0.041698575019836426,1.0,5494,5493,1.984222173690796,37.427818298339844,0.9854977130889893,2085.036113471,43704,-0.14550286531448364,1.4075911045074463,8438784,1746203324.8626893
0.669921875,0.021484375,28.068359375,0.0608692541718483,1.0,5497,5496,1.984222173690796,37.427818298339844,0.9854977130889893,2086.153291279,43728,-0.13604523241519928,1.3851724863052368,8443392,1746203325.9798436
0.6888020634651184,0.02213541604578495,28.01432228088379,0.047125644981861115,1.0,5503,5502,1.984222173690796,37.427818298339844,0.9854977130889893,2088.385217272,43776,-0.1380554735660553,1.4054523706436157,8452608,1746203328.2117863
0.685546875,0.02213541604578495,27.12109375,0.058756329119205475,1.0,5520,5519,1.984222173690796,37.427818298339844,0.9854977130889893,2094.712646808,43912,-0.15753784775733948,1.3894660472869873,8478720,1746203334.5392156
0.6770833134651184,0.02213541604578495,27.189453125,0.06121204048395157,1.0,5521,5520,1.984222173690796,37.427818298339844,0.9854977130889893,2095.084517628,43920,-0.1774267554283142,1.3891927003860474,8480256,1746203334.911092
0.705078125,0.02278645895421505,27.40364646911621,0.0751478523015976,1.0,5537,5536,1.9768034219741821,37.626075744628906,0.9788219928741455,2101.118885629,44048,-0.2675701379776001,1.4273111820220947,8504832,1746203340.9454427
0.6901041865348816,0.02278645895421505,27.32747459411621,0.06000543013215065,1.0,5541,5540,1.9768034219741821,37.626075744628906,0.9788219928741455,2102.607446574,44080,-0.21782782673835754,1.4068294763565063,8510976,1746203342.4340212
0.662109375,0.02278645895421505,26.86588478088379,0.051065269857645035,1.0,5554,5553,1.9768034219741821,37.626075744628906,0.9788219928741455,2107.442546344,44184,-0.14335405826568604,1.3669075965881348,8530944,1746203347.2691162
0.7278645634651184,0.0234375,27.45442771911621,0.04607275128364563,1.0,5565,5564,1.9768034219741821,37.626075744628906,0.9788219928741455,2111.531003804,44272,-0.124106764793396,1.4557291269302368,8547840,1746203351.3575723
0.6959635615348816,0.021484375,27.63216209411621,0.04975328594446182,1.0,5566,5565,1.9768034219741821,37.626075744628906,0.9788219928741455,2111.903011853,44280,-0.11053438484668732,1.3967187404632568,8549376,1746203351.7294075
0.66015625,0.02278645895421505,27.716796875,0.05901903286576271,1.0,5568,5567,1.9768034219741821,37.626075744628906,0.9788219928741455,2112.648590814,44296,-0.11171330511569977,1.3441308736801147,8552448,1746203352.4751196
0.6751301884651184,0.0234375,26.93815040588379,0.06068265810608864,1.0,5585,5584,1.9768034219741821,37.626075744628906,0.9788219928741455,2118.97242651,44432,-0.20066645741462708,1.3722915649414062,8578560,1746203358.798985
0.677734375,0.0234375,26.50911521911621,0.05714987963438034,1.0,5591,5590,1.9768034219741821,37.626075744628906,0.9788219928741455,2121.203389204,44480,-0.14944030344486237,1.3756216764450073,8587776,1746203361.0299704
0.5983073115348816,0.02083333395421505,27.73372459411621,0.062147896736860275,1.0,5654,5653,1.9768034219741821,37.626075744628906,0.9788219928741455,2144.654735275,44984,-0.1150963306427002,1.2928123474121094,8684544,1746203384.4813101
0.7141926884651184,0.02278645895421505,27.22395896911621,0.054276883602142334,1.0,5685,5684,1.9768034219741821,37.626075744628906,0.9788219928741455,2156.184454076,45232,-0.031190766021609306,1.4283853769302368,8732160,1746203396.0110238
0.6458333134651184,0.02278645895421505,27.28385353088379,0.06301303207874298,1.0,5698,5697,1.9768034219741821,37.626075744628906,0.9788219928741455,2161.028899724,45336,-0.04486330226063728,1.357851505279541,8752128,1746203400.8554366
0.71484375,0.02278645895421505,27.26302146911621,0.048385895788669586,1.0,5744,5743,1.9768034219741821,37.626075744628906,0.9788219928741455,2178.142167365,45704,-0.07300665229558945,1.4296875,8822784,1746203417.9687243
0.65625,0.02213541604578495,27.140625,0.06412836909294128,1.0,5749,5748,1.9768034219741821,37.626075744628906,0.9788219928741455,2180.00105362,45744,-0.07701829075813293,1.3543554544448853,8830464,1746203419.8276067
0.7291666865348816,0.0234375,27.16341209411621,0.056192003190517426,1.0,5761,5760,1.9768034219741821,37.626075744628906,0.9788219928741455,2184.464180755,45840,-0.09861621260643005,1.4583333730697632,8848896,1746203424.290752
0.697265625,0.021484375,28.02734375,0.05180090665817261,1.0,5766,5765,1.9768034219741821,37.626075744628906,0.9788219928741455,2186.325567524,45880,-0.06874343007802963,1.4125617742538452,8856576,1746203426.152134
0.69921875,0.02278645895421505,27.361328125,0.06261932849884033,1.0,5789,5788,1.9768034219741821,37.626075744628906,0.9788219928741455,2194.884713651,46064,-0.10430976748466492,1.4261068105697632,8891904,1746203434.7112994
0.6608073115348816,0.02278645895421505,26.60872459411621,0.07060694694519043,1.0,5807,5806,1.9768034219741821,37.626075744628906,0.9788219928741455,2201.576880221,46208,-0.16378068923950195,1.3592969179153442,8919552,1746203441.403459
0.7057291865348816,0.021484375,27.54947853088379,0.05987329035997391,1.0,5827,5826,1.9768034219741821,37.626075744628906,0.9788219928741455,2209.016224952,46368,-0.12155835330486298,1.4283006191253662,8950272,1746203448.842767
0.7239583134651184,0.0234375,26.94596290588379,0.05397430807352066,1.0,5839,5838,1.9768034219741821,37.626075744628906,0.9788219928741455,2213.481000616,46464,-0.13864552974700928,1.4479166269302368,8968704,1746203453.3074033
0.7161458134651184,0.021484375,27.28125,0.0631881058216095,1.0,5843,5842,1.9768034219741821,37.626075744628906,0.9788219928741455,2214.97132312,46496,-0.14038164913654327,1.4322916269302368,8974848,1746203454.7978263
0.7330729365348816,0.0234375,27.18880271911621,0.05512441694736481,1.0,5846,5845,1.9768034219741821,37.626075744628906,0.9788219928741455,2216.087878997,46520,-0.20439265668392181,1.4661458730697632,8979456,1746203455.9144669
0.6171875,0.02278645895421505,27.56510353088379,0.06974883377552032,1.0,5848,5847,1.9768034219741821,37.626075744628906,0.9788219928741455,2216.832134538,46536,-0.23102222383022308,1.3167610168457031,8982528,1746203456.65872
0.6731770634651184,0.02213541604578495,27.080078125,0.0527048334479332,1.0,5885,5884,1.9964500665664673,36.687007904052734,0.9967191815376282,2230.680938453,46832,-0.01150650903582573,1.3691861629486084,9039360,1746203470.5074909
0.703125,0.02278645895421505,27.765625,0.047974877059459686,1.0,5887,5886,1.9964500665664673,36.687007904052734,0.9967191815376282,2231.424237687,46848,0.002474433509632945,1.4074870347976685,9042432,1746203471.2508082
0.6256510615348816,0.02278645895421505,27.96224021911621,0.04522233456373215,1.0,5906,5905,1.9964500665664673,36.687007904052734,0.9967191815376282,2238.488325586,47000,-0.07886576652526855,1.3164875507354736,9071616,1746203478.314895
0.7220051884651184,0.02278645895421505,27.52018165588379,0.044165123254060745,1.0,5908,5907,1.9964500665664673,36.687007904052734,0.9967191815376282,2239.234505834,47016,-0.09465964138507843,1.4484994411468506,9074688,1746203479.0610137
0.7122395634651184,0.02213541604578495,26.84895896911621,0.05102715268731117,1.0,5949,5948,1.9964500665664673,36.687007904052734,0.9967191815376282,2254.487842648,47344,-0.018506187945604324,1.4244791269302368,9137664,1746203494.3144236
0.7044270634651184,0.02278645895421505,26.58658790588379,0.03608671948313713,1.0,5952,5951,1.9964500665664673,36.687007904052734,0.9967191815376282,2255.602549352,47368,0.019909661263227463,1.4088541269302368,9142272,1746203495.4291284
0.724609375,0.0234375,26.80729103088379,0.044389594346284866,1.0,5954,5953,1.9964500665664673,36.687007904052734,0.9967191815376282,2256.345737315,47384,-0.009803948923945427,1.44921875,9145344,1746203496.1723142
0.7213541865348816,0.02278645895421505,27.69010353088379,0.05119960010051727,1.0,5961,5960,1.9964500665664673,36.687007904052734,0.9967191815376282,2258.950309129,47440,-0.003817550139501691,1.4427083730697632,9156096,1746203498.7768753
0.6692708134651184,0.0234375,26.72005271911621,0.051152750849723816,1.0,5971,5970,1.9964500665664673,36.687007904052734,0.9967191815376282,2262.677548737,47520,-0.028706533834338188,1.3657032251358032,9171456,1746203502.5041354
0.7161458134651184,0.0234375,27.21224021911621,0.038078416138887405,1.0,5989,5988,1.9964500665664673,36.687007904052734,0.9967191815376282,2269.378220565,47664,-0.029915526509284973,1.4322916269302368,9199104,1746203509.2047887
0.7194010615348816,0.02278645895421505,27.31184959411621,0.04227135330438614,1.0,5991,5990,1.9964500665664673,36.687007904052734,0.9967191815376282,2270.123413246,47680,-0.05134938657283783,1.4388021230697632,9202176,1746203509.9499552
0.6888020634651184,0.021484375,28.37044334411621,0.050648175179958344,1.0,6027,6026,1.9964500665664673,36.687007904052734,0.9967191815376282,2283.533201959,47968,-0.09215499460697174,1.396354079246521,9257472,1746203523.3597693
0.7311198115348816,0.0234375,27.080078125,0.03747028112411499,1.0,6037,6036,1.9964500665664673,36.687007904052734,0.9967191815376282,2287.253851536,48048,0.0009319535456597805,1.4622396230697632,9272832,1746203527.080437
0.716796875,0.02278645895421505,27.41731834411621,0.0439266562461853,1.0,6049,6048,1.9964500665664673,36.687007904052734,0.9967191815376282,2291.722223194,48144,-0.027806654572486877,1.43359375,9291264,1746203531.5487943
0.6796875,0.0234375,27.38541603088379,0.04364611208438873,1.0,6078,6077,1.9964500665664673,36.687007904052734,0.9967191815376282,2302.543540542,48376,-0.059218645095825195,1.3876758813858032,9335808,1746203542.370095
0.6848958134651184,0.02213541604578495,27.375,0.03153248876333237,1.0,6093,6092,1.9964500665664673,36.687007904052734,0.9967191815376282,2308.140129519,48496,0.02955804392695427,1.390494704246521,9358848,1746203547.9665122
0.6927083134651184,0.02278645895421505,26.73177146911621,0.05252976343035698,1.0,6095,6094,1.9964500665664673,36.687007904052734,0.9967191815376282,2308.884850689,48512,-0.06341052055358887,1.4126431941986084,9361920,1746203548.7114418
0.68359375,0.02213541604578495,27.57877540588379,0.03704117238521576,1.0,6132,6131,1.9964500665664673,36.687007904052734,0.9967191815376282,2322.666649154,48808,-0.004739868454635143,1.3741275072097778,9418752,1746203562.493222
0.708984375,0.02278645895421505,26.833984375,0.038116324692964554,1.0,6164,6163,1.9964500665664673,36.687007904052734,0.9967191815376282,2334.5811054,49064,-0.06409226357936859,1.4185384511947632,9467904,1746203574.4076638
0.7265625,0.0234375,26.205078125,0.0495353601872921,1.0,6171,6170,1.9964500665664673,36.687007904052734,0.9967191815376282,2337.186134343,49120,-0.029601208865642548,1.453125,9478656,1746203577.0126998
0.6985676884651184,0.0234375,27.6796875,0.04384997487068176,1.0,6186,6185,1.9837125539779663,36.189544677734375,0.98562091588974,2342.852388688,49240,-0.04721985384821892,1.41196608543396,9501696,1746203582.678934
0.6686198115348816,0.02213541604578495,26.998046875,0.032649192959070206,1.0,6191,6190,1.9837125539779663,36.189544677734375,0.98562091588974,2344.713764723,49280,-0.047993093729019165,1.3779621124267578,9509376,1746203584.54034
0.6009114384651184,0.01888020895421505,28.94205665588379,0.06004657596349716,1.0,6209,6208,1.9837125539779663,36.189544677734375,0.98562091588974,2351.416743101,49424,-0.06593511253595352,1.2799347639083862,9537024,1746203591.2433362
0.5084635615348816,0.01953125,28.28645896911621,0.06444433331489563,1.0,6221,6220,1.9837125539779663,36.189544677734375,0.98562091588974,2355.896688209,49520,-0.17918084561824799,1.1634732484817505,9555456,1746203595.7232604
0.697265625,0.02213541604578495,26.37630271911621,0.04989485442638397,1.0,6232,6231,1.9837125539779663,36.189544677734375,0.98562091588974,2359.988894826,49608,-0.12875136733055115,1.4012434482574463,9572352,1746203599.8154767
0.6822916865348816,0.021484375,27.83984375,0.05356096848845482,1.0,6240,6239,1.9837125539779663,36.189544677734375,0.98562091588974,2362.970106738,49672,-0.13164016604423523,1.3846874237060547,9584640,1746203602.7966669
0.6848958134651184,0.0234375,27.24153709411621,0.04362700879573822,1.0,6241,6240,1.9837125539779663,36.189544677734375,0.98562091588974,2363.342341118,49680,-0.10889433324337006,1.4017837047576904,9586176,1746203603.1689095
0.7057291865348816,0.02278645895421505,27.23763084411621,0.052861183881759644,1.0,6272,6271,1.9837125539779663,36.189544677734375,0.98562091588974,2374.87803482,49928,-0.12836331129074097,1.4167317152023315,9633792,1746203614.704608
0.7005208134651184,0.02278645895421505,26.59765625,0.04423701390624046,1.0,6329,6328,1.9837125539779663,36.189544677734375,0.98562091588974,2396.082336824,50384,-0.13827019929885864,1.4010416269302368,9721344,1746203635.9089131
0.716796875,0.02278645895421505,26.97200584411621,0.040526650846004486,1.0,6330,6329,1.9837125539779663,36.189544677734375,0.98562091588974,2396.454581043,50392,-0.15168793499469757,1.43359375,9722880,1746203636.2811408
0.595703125,0.02083333395421505,27.90169334411621,0.054939016699790955,1.0,6337,6336,1.9837125539779663,36.189544677734375,0.98562091588974,2399.058959286,50448,-0.10826263576745987,1.27256178855896,9733632,1746203638.8854492
0.6848958134651184,0.02083333395421505,27.62760353088379,0.041798029094934464,1.0,6344,6343,1.9837125539779663,36.189544677734375,0.98562091588974,2401.667436483,50504,-0.1023072600364685,1.3909308910369873,9744384,1746203641.493948
0.6334635615348816,0.02213541604578495,27.22005271911621,0.052174463868141174,1.0,6361,6360,1.9837125539779663,36.189544677734375,0.98562091588974,2407.992359564,50640,-0.1268356740474701,1.3064289093017578,9770496,1746203647.8189397
0.7044270634651184,0.021484375,28.2578125,0.055300090461969376,1.0,6364,6363,1.9837125539779663,36.189544677734375,0.98562091588974,2409.108996058,50664,-0.05717002600431442,1.4088541269302368,9775104,1746203648.9355018
0.6842448115348816,0.02278645895421505,27.26627540588379,0.04993222653865814,1.0,6373,6372,1.9837125539779663,36.189544677734375,0.98562091588974,2412.462482235,50736,-0.10141057521104813,1.3999478816986084,9788928,1746203652.2890425
0.671875,0.02278645895421505,27.53125,0.039260558784008026,1.0,6384,6383,1.9837125539779663,36.189544677734375,0.98562091588974,2416.555629468,50824,-0.06266677379608154,1.3660157918930054,9805824,1746203656.3821857
0.7154948115348816,0.0234375,27.4765625,0.04905825853347778,1.0,6387,6386,1.9837125539779663,36.189544677734375,0.98562091588974,2417.672608418,50848,-0.08678676187992096,1.4309896230697632,9810432,1746203657.499153
0.7122395634651184,0.02213541604578495,28.21419334411621,0.06636648625135422,1.0,6419,6418,1.9837125539779663,36.189544677734375,0.98562091588974,2429.576911773,51104,-0.12008712440729141,1.4463931322097778,9859584,1746203669.403496
0.658203125,0.021484375,28.056640625,0.0854083001613617,1.0,6423,6422,1.9837125539779663,36.189544677734375,0.98562091588974,2431.065869319,51136,-0.1535804569721222,1.3661751747131348,9865728,1746203670.892404
0.59375,0.02278645895421505,27.89453125,0.07858049124479294,1.0,6433,6432,1.9837125539779663,36.189544677734375,0.98562091588974,2434.784951304,51216,-0.18127524852752686,1.2548567056655884,9881088,1746203674.6115193
0.6608073115348816,0.02213541604578495,27.095703125,0.08888468891382217,1.0,6437,6436,1.9837125539779663,36.189544677734375,0.98562091588974,2436.271136162,51248,-0.23681512475013733,1.3382161855697632,9887232,1746203676.0977159
0.705078125,0.0234375,27.04427146911621,0.07992595434188843,1.0,6438,6437,1.9837125539779663,36.189544677734375,0.98562091588974,2436.643417501,51256,-0.21146628260612488,1.41015625,9888768,1746203676.469989
0.7239583134651184,0.0234375,26.9609375,0.052318595349788666,1.0,6442,6441,1.9837125539779663,36.189544677734375,0.98562091588974,2438.130913175,51288,-0.2180129885673523,1.4479166269302368,9894912,1746203677.9574635
0.7109375,0.02213541604578495,27.34049415588379,0.08444061875343323,1.0,6467,6466,1.9837125539779663,36.189544677734375,0.98562091588974,2447.432828537,51488,-0.18254771828651428,1.421875,9933312,1746203687.2593925
0.66796875,0.021484375,27.69075584411621,0.07188762724399567,1.0,6473,6472,1.9837125539779663,36.189544677734375,0.98562091588974,2449.665357428,51536,-0.1601514220237732,1.3747884035110474,9942528,1746203689.4919326
