_runtime,returned_won_episode,qvals,test_returned_episode_returns,_step,returned_episode_lengths,test_returned_episode_lengths,returned_episode,returned_episode_returns,env_step,loss,test_returned_won_episode,update_steps,grad_steps,test_returned_episode,_timestamp
63.446023766,0.0,0.0,0.04859044402837753,1,30.84765625,32.1638298034668,0.01497395895421505,0.11183768510818481,3072.0,0.0,0.0,2,0,1,1746178882.6338723
63.646801608,0.0,0.0,0.04859044402837753,4,30.45703125,32.1638298034668,0.013671875,0.10393273830413818,7680.0,0.0,0.0,5,0,1,1746178882.8346875
64.048408527,0.0,0.0,0.04859044402837753,10,30.40625,32.1638298034668,0.015625,0.0958496630191803,16896.0,0.0,0.0,11,0,1,1746178883.2363024
64.650494087,0.0,0.0,0.04859044402837753,19,30.36849021911621,32.1638298034668,0.01497395895421505,0.09692852944135666,30720.0,0.0,0.0,20,0,1,1746178883.83838
64.985159409,0.0,0.0,0.04859044402837753,24,30.00716209411621,32.1638298034668,0.0162760429084301,0.10238613933324814,38400.0,0.0,0.0,25,0,1,1746178884.1730533
65.185975222,0.0,0.0,0.04859044402837753,27,29.9453125,32.1638298034668,0.01497395895421505,0.09860168397426605,43008.0,0.0,0.0,28,0,1,1746178884.373855
68.518602962,0.0,0.03712616115808487,0.04859044402837753,38,29.462890625,32.1638298034668,0.017578125,0.1183624193072319,59904.0,0.001741019543260336,0.0,39,64,1,1746178887.7063875
69.298285931,0.0,0.08697457611560822,0.04859044402837753,40,30.16796875,32.1638298034668,0.0162760429084301,0.11774101108312607,62976.0,0.0014819074422121048,0.0,41,80,1,1746178888.486134
70.475664739,0.0,0.35149085521698,0.04859044402837753,43,31.47395896911621,32.1638298034668,0.01497395895421505,0.12454897165298462,67584.0,0.0031546778045594692,0.0,44,104,1,1746178889.6635242
79.901279671,0.0,0.603904128074646,0.04859044402837753,67,30.48177146911621,32.1638298034668,0.0162760429084301,0.13551437854766846,104448.0,0.004561774432659149,0.0,68,296,1,1746178899.0890794
81.871342283,0.0,0.6670429706573486,0.04859044402837753,72,31.447917938232422,32.1638298034668,0.013671875,0.13144426047801971,112128.0,0.011268503963947296,0.0,73,336,1,1746178901.0590053
94.799539397,0.0,0.7437609434127808,0.04859044402837753,105,31.705730438232422,32.1638298034668,0.01497395895421505,0.14881257712841034,162816.0,0.011558042839169502,0.0,106,600,1,1746178913.9873805
95.194247743,0.0,0.7548357844352722,0.04859044402837753,106,31.127605438232422,32.1638298034668,0.015625,0.15376411378383636,164352.0,0.011251689866185188,0.0,107,608,1,1746178914.382065
98.327053945,0.0,0.6820276379585266,0.04859044402837753,114,31.053386688232422,32.1638298034668,0.014322916977107525,0.14450539648532867,176640.0,0.01983591541647911,0.0,115,672,1,1746178917.5148993
107.375152067,0.0,0.839026927947998,0.04859044402837753,137,31.15755271911621,32.1638298034668,0.015625,0.1690676063299179,211968.0,0.0359547883272171,0.0,138,856,1,1746178926.5629826
116.391688072,0.0,0.7537111639976501,0.04859044402837753,160,31.748699188232422,32.1638298034668,0.01497395895421505,0.17151032388210297,247296.0,0.023490238934755325,0.0,161,1040,1,1746178935.5795474
117.565260625,0.0,0.7199598550796509,0.04859044402837753,163,31.123699188232422,32.1638298034668,0.014322916977107525,0.17437736690044403,251904.0,0.033594079315662384,0.0,164,1064,1,1746178936.7530942
119.138778058,0.0,0.6531915664672852,0.04859044402837753,167,30.69270896911621,32.1638298034668,0.01497395895421505,0.16279712319374084,258048.0,0.028832701966166496,0.0,168,1096,1,1746178938.3265965
123.449460398,0.0,0.5840944051742554,0.04859044402837753,178,30.79036521911621,32.1638298034668,0.014322916977107525,0.16336439549922943,274944.0,0.04895828664302826,0.0,179,1184,1,1746178942.6372714
123.840887455,0.0,0.5929614305496216,0.04859044402837753,179,31.63020896911621,32.1638298034668,0.01497395895421505,0.160655677318573,276480.0,0.04320553317666054,0.0,180,1192,1,1746178943.0286355
126.58649296,0.0,0.5876055955886841,0.04859044402837753,186,31.71224021911621,32.1638298034668,0.015625,0.16393142938613892,287232.0,0.11825782060623169,0.0,187,1248,1,1746178945.774233
135.632907417,0.0,0.6700119972229004,0.04859044402837753,209,31.0,32.1638298034668,0.014322916977107525,0.16568587720394135,322560.0,0.15644234418869019,0.0,210,1432,1,1746178954.8207176
152.945033092,0.0,0.8207291960716248,0.04859044402837753,253,31.2109375,32.1638298034668,0.015625,0.2063315361738205,390144.0,0.4156985282897949,0.0,254,1784,1,1746178972.1328192
158.446035506,0.0,0.9010010361671448,0.04859044402837753,267,31.32942771911621,32.1638298034668,0.015625,0.18638858199119568,411648.0,0.4242537319660187,0.0,268,1896,1,1746178977.6338942
159.63130042,0.0,0.9058523178100586,0.04859044402837753,270,31.416667938232422,32.1638298034668,0.015625,0.2051754891872406,416256.0,0.41404539346694946,0.0,271,1920,1,1746178978.818992
170.269872178,0.0,0.8284468650817871,0.04859044402837753,297,31.115886688232422,32.1638298034668,0.015625,0.22375492751598358,457728.0,0.3276113271713257,0.0,298,2136,1,1746178989.4577305
172.242046468,0.0,0.8646039366722107,0.04859044402837753,302,31.57421875,32.1638298034668,0.015625,0.17935559153556824,465408.0,0.459747314453125,0.0,303,2176,1,1746178991.4298418
175.000776923,0.0,0.90174800157547,0.04859044402837753,309,30.63671875,32.1638298034668,0.01497395895421505,0.20494017004966736,476160.0,0.6098822355270386,0.0,310,2232,1,1746178994.1886175
176.569242603,0.0,0.870159387588501,0.04859044402837753,313,31.623699188232422,32.1638298034668,0.015625,0.2169846147298813,482304.0,0.5542491674423218,0.0,314,2264,1,1746178995.7570794
177.358445698,0.0,0.8785749077796936,0.04859044402837753,315,31.52864646911621,32.1638298034668,0.01497395895421505,0.20876161754131317,485376.0,0.5146065950393677,0.0,316,2280,1,1746178996.5462325
181.424590296,0.0,0.8405546545982361,0.5709244012832642,325,31.17317771911621,54.51473617553711,0.014322916977107525,0.21966266632080078,500736.0,0.5306332111358643,0.0,326,2360,1,1746179000.6123421
203.418498961,0.0,0.7593353986740112,0.5709244012832642,381,31.921875,54.51473617553711,0.015625,0.21683120727539062,586752.0,0.7148913145065308,0.0,382,2808,1,1746179022.6062896
204.205697729,0.0,0.733252763748169,0.5709244012832642,383,31.484375,54.51473617553711,0.013671875,0.19512909650802612,589824.0,0.4477843940258026,0.0,384,2824,1,1746179023.3935018
206.941512117,0.0,0.8062584400177002,0.5709244012832642,390,31.29427146911621,54.51473617553711,0.015625,0.11691717803478241,600576.0,0.7144935131072998,0.0,391,2880,1,1746179026.129373
208.910873545,0.0,0.8677534461021423,0.5709244012832642,395,26.246746063232422,54.51473617553711,0.0234375,0.14367486536502838,608256.0,0.6912640333175659,0.0,396,2920,1,1746179028.09868
210.49802265,0.0,0.8949620723724365,0.5709244012832642,399,31.28255271911621,54.51473617553711,0.015625,0.20912031829357147,614400.0,0.7873033881187439,0.0,400,2952,1,1746179029.6857424
212.087980649,0.0,0.8833240866661072,0.5709244012832642,403,32.032554626464844,54.51473617553711,0.01497395895421505,0.20192407071590424,620544.0,0.536549985408783,0.0,404,2984,1,1746179031.275654
216.113046524,0.0,0.9839560389518738,0.5709244012832642,413,30.91015625,54.51473617553711,0.01497395895421505,0.13394804298877716,635904.0,0.8111927509307861,0.0,414,3064,1,1746179035.3007357
222.404558537,0.0,0.927725076675415,0.5709244012832642,429,31.3828125,54.51473617553711,0.015625,0.18051102757453918,660480.0,1.3143739700317383,0.0,430,3192,1,1746179041.5922263
226.313394801,0.0,0.9412091970443726,0.5709244012832642,439,30.41796875,54.51473617553711,0.015625,0.14538410305976868,675840.0,0.6437007188796997,0.0,440,3272,1,1746179045.5012624
226.704570019,0.0,0.9295969605445862,0.5709244012832642,440,31.83724021911621,54.51473617553711,0.01497395895421505,0.13089987635612488,677376.0,0.5880460739135742,0.0,441,3280,1,1746179045.8924396
228.289828219,0.0,0.940721333026886,0.5709244012832642,444,30.160808563232422,54.51473617553711,0.0162760429084301,0.10478663444519043,683520.0,0.30586540699005127,0.0,445,3312,1,1746179047.4775226
232.992673515,0.0,0.9714811444282532,0.5709244012832642,456,31.82942771911621,54.51473617553711,0.01497395895421505,0.133119136095047,701952.0,0.29604148864746094,0.0,457,3408,1,1746179052.1804132
245.174072555,0.0,1.0568323135375977,0.5709244012832642,487,31.13802146911621,54.51473617553711,0.01302083395421505,0.0697828084230423,749568.0,0.3105272054672241,0.0,488,3656,1,1746179064.3618827
254.602217938,0.0,1.0922276973724365,0.5709244012832642,511,32.079429626464844,54.51473617553711,0.014322916977107525,0.09367945045232773,786432.0,0.3739624321460724,0.0,512,3848,1,1746179073.7900467
267.566993035,0.0,1.1949759721755981,0.5709244012832642,544,30.77734375,54.51473617553711,0.015625,0.0865933895111084,837120.0,0.7204317450523376,0.0,545,4112,1,1746179086.7548535
270.725363462,0.0,1.2297279834747314,0.5709244012832642,552,31.62109375,54.51473617553711,0.015625,0.06924711167812347,849408.0,0.7599038481712341,0.0,553,4176,1,1746179089.9131663
271.11640311,0.0,1.1618705987930298,0.5709244012832642,553,30.760417938232422,54.51473617553711,0.015625,0.07878195494413376,850944.0,0.6083759069442749,0.0,554,4184,1,1746179090.3041813
272.680891711,0.0,1.1937904357910156,0.5709244012832642,557,31.00520896911621,54.51473617553711,0.015625,0.07614704221487045,857088.0,0.5699130296707153,0.0,558,4216,1,1746179091.8687227
276.607559426,0.0,1.2230067253112793,0.5709244012832642,567,31.625,54.51473617553711,0.01497395895421505,0.05972475931048393,872448.0,0.6847370862960815,0.0,568,4296,1,1746179095.7953823
278.560309508,0.0,1.2296113967895508,0.5709244012832642,572,31.986980438232422,54.51473617553711,0.014322916977107525,0.0758686363697052,880128.0,0.6445626020431519,0.0,573,4336,1,1746179097.748164
282.51308151,0.0,1.2022488117218018,0.5709244012832642,582,31.74349021911621,54.51473617553711,0.015625,0.07703281939029694,895488.0,0.9790419340133667,0.0,583,4416,1,1746179101.7007954
296.650108874,0.0,1.2843523025512695,0.5709244012832642,618,32.001304626464844,54.51473617553711,0.015625,0.041994448751211166,950784.0,1.1485280990600586,0.0,619,4704,1,1746179115.83784
299.402248614,0.0,1.3005238771438599,0.5709244012832642,625,31.75520896911621,54.51473617553711,0.015625,0.043204572051763535,961536.0,1.1776056289672852,0.0,626,4760,1,1746179118.5900397
299.793196292,0.0,1.3412082195281982,0.5709244012832642,626,29.990886688232422,54.51473617553711,0.015625,0.0494389608502388,963072.0,1.2293834686279297,0.0,627,4768,1,1746179118.9810133
301.767806009,0.0,1.3148863315582275,0.5709244012832642,631,30.48046875,54.51473617553711,0.0162760429084301,0.031824514269828796,970752.0,1.0288065671920776,0.0,632,4808,1,1746179120.9555733
314.035786008,0.0,1.3061363697052002,0.018488701432943344,662,31.45703125,46.28367614746094,0.015625,0.08786085247993469,1018368.0,2.058351516723633,0.0,663,5056,1,1746179133.2236004
324.265298445,0.0,1.2826299667358398,0.018488701432943344,688,30.63671875,46.28367614746094,0.015625,0.054021090269088745,1058304.0,1.6315782070159912,0.0,689,5264,1,1746179143.453156
332.128478074,0.0,1.2466049194335938,0.018488701432943344,708,31.74349021911621,46.28367614746094,0.015625,0.05959882587194443,1089024.0,1.2621225118637085,0.0,709,5424,1,1746179151.3162806
336.828759078,0.0,1.1871222257614136,0.018488701432943344,720,31.59505271911621,46.28367614746094,0.01497395895421505,0.05882870405912399,1107456.0,0.985948383808136,0.0,721,5520,1,1746179156.01656
355.281199943,0.0,1.1635284423828125,0.018488701432943344,767,31.6328125,46.28367614746094,0.01497395895421505,0.1007324606180191,1179648.0,0.7299091219902039,0.0,768,5896,1,1746179174.4690437
360.78015504,0.0,1.308058738708496,0.018488701432943344,781,30.76953125,46.28367614746094,0.01497395895421505,0.08045971393585205,1201152.0,0.6058720350265503,0.0,782,6008,1,1746179179.9680228
366.284287179,0.0,1.2897701263427734,0.018488701432943344,795,30.5234375,46.28367614746094,0.01497395895421505,0.0912589579820633,1222656.0,0.801487922668457,0.0,796,6120,1,1746179185.4721491
369.445897066,0.0,1.2876191139221191,0.018488701432943344,803,30.78125,46.28367614746094,0.01302083395421505,0.10188599675893784,1234944.0,0.3859627842903137,0.0,804,6184,1,1746179188.6336684
370.236528712,0.0,1.343768835067749,0.018488701432943344,805,31.20703125,46.28367614746094,0.013671875,0.10299970954656601,1238016.0,0.40490788221359253,0.0,806,6200,1,1746179189.4242349
371.801582206,0.0,1.4231491088867188,0.018488701432943344,809,32.251304626464844,46.28367614746094,0.014322916977107525,0.10911771655082703,1244160.0,0.3613570034503937,0.0,810,6232,1,1746179190.9893727
378.466539839,0.0,1.3519185781478882,0.018488701432943344,826,31.78645896911621,46.28367614746094,0.01302083395421505,0.1308542937040329,1270272.0,0.6435906887054443,0.0,827,6368,1,1746179197.6543717
382.012551149,0.0,1.295459270477295,0.018488701432943344,835,32.00390625,46.28367614746094,0.013671875,0.11057101935148239,1284096.0,0.36852386593818665,0.0,836,6440,1,1746179201.200333
385.568240698,0.0,1.3627240657806396,0.018488701432943344,844,30.33984375,46.28367614746094,0.01302083395421505,0.09656132757663727,1297920.0,0.26841673254966736,0.0,845,6512,1,1746179204.7560894
406.408825498,0.0,1.2697813510894775,0.018488701432943344,897,32.08073043823242,46.28367614746094,0.014322916977107525,0.13914090394973755,1379328.0,0.7598705291748047,0.0,898,6936,1,1746179225.5966566
409.143345414,0.0,1.2379323244094849,0.018488701432943344,904,31.350261688232422,46.28367614746094,0.014322916977107525,0.14144381880760193,1390080.0,0.6963682770729065,0.0,905,6992,1,1746179228.3311875
409.925436194,0.0,1.2695083618164062,0.018488701432943344,906,31.983074188232422,46.28367614746094,0.013671875,0.13636630773544312,1393152.0,0.7114261388778687,0.0,907,7008,1,1746179229.1132884
417.797779227,0.0,1.1161260604858398,0.018488701432943344,926,32.21484375,46.28367614746094,0.015625,0.15654981136322021,1423872.0,0.5681774020195007,0.0,927,7168,1,1746179236.9855986
420.932530308,0.0,1.075639009475708,0.018488701432943344,934,32.2265625,46.28367614746094,0.014322916977107525,0.17260238528251648,1436160.0,0.5595787763595581,0.0,935,7232,1,1746179240.120331
422.915556076,0.0,1.086937427520752,0.018488701432943344,939,31.79427146911621,46.28367614746094,0.015625,0.1384970247745514,1443840.0,0.5137439966201782,0.0,940,7272,1,1746179242.1032522
424.489966335,0.0,1.0614019632339478,0.018488701432943344,943,31.920574188232422,46.28367614746094,0.01497395895421505,0.14876560866832733,1449984.0,0.4994044899940491,0.0,944,7304,1,1746179243.6777904
426.447760807,0.0,1.0155441761016846,0.018488701432943344,948,31.67317771911621,46.28367614746094,0.014322916977107525,0.15217290818691254,1457664.0,0.458469033241272,0.0,949,7344,1,1746179245.6356046
436.750069299,0.0,0.9527734518051147,0.2964401841163635,974,31.66536521911621,56.274532318115234,0.015625,0.1722036451101303,1497600.0,0.38393521308898926,0.0,975,7552,1,1746179255.9378836
437.532482674,0.0,0.9089789986610413,0.2964401841163635,976,31.93880271911621,56.274532318115234,0.015625,0.15810911357402802,1500672.0,0.3605028986930847,0.0,977,7568,1,1746179256.720308
437.923749378,0.0,0.9217619299888611,0.2964401841163635,977,31.5546875,56.274532318115234,0.015625,0.16004766523838043,1502208.0,0.3582915663719177,0.0,978,7576,1,1746179257.1115909
443.827566198,0.0,0.852069079875946,0.2964401841163635,992,31.13020896911621,56.274532318115234,0.01497395895421505,0.1394110769033432,1525248.0,0.32472577691078186,0.0,993,7696,1,1746179263.015365
445.388300988,0.0,0.9056650996208191,0.2964401841163635,996,31.61067771911621,56.274532318115234,0.01497395895421505,0.17942683398723602,1531392.0,0.13357622921466827,0.0,997,7728,1,1746179264.576126
451.309010597,0.0,0.9001983404159546,0.2964401841163635,1011,31.826824188232422,56.274532318115234,0.015625,0.16364207863807678,1554432.0,0.08380647003650665,0.0,1012,7848,1,1746179270.4967394
457.585564665,0.0,0.9665685892105103,0.2964401841163635,1027,31.81640625,56.274532318115234,0.01497395895421505,0.16283640265464783,1579008.0,0.11380233615636826,0.0,1028,7976,1,1746179276.773385
468.968677678,0.0,0.8582215905189514,0.2964401841163635,1056,30.217449188232422,56.274532318115234,0.014322916977107525,0.157188281416893,1623552.0,0.052878882735967636,0.0,1057,8208,1,1746179288.156534
470.926371852,0.0,0.8635038137435913,0.2964401841163635,1061,31.96875,56.274532318115234,0.015625,0.17282867431640625,1631232.0,0.06282108277082443,0.0,1062,8248,1,1746179290.1142259
478.770641703,0.0,0.8586157560348511,0.2964401841163635,1081,31.74739646911621,56.274532318115234,0.013671875,0.17159190773963928,1661952.0,0.06984028220176697,0.0,1082,8408,1,1746179297.958452
479.177177398,0.0,0.852820873260498,0.2964401841163635,1082,31.537761688232422,56.274532318115234,0.014322916977107525,0.18172499537467957,1663488.0,0.06801417469978333,0.0,1083,8416,1,1746179298.3648775
479.571644113,0.0,0.8186174035072327,0.2964401841163635,1083,31.07421875,56.274532318115234,0.01302083395421505,0.1819857358932495,1665024.0,0.05842667818069458,0.0,1084,8424,1,1746179298.7594197
491.40830639,0.0,0.874760091304779,0.2964401841163635,1113,31.971355438232422,56.274532318115234,0.014322916977107525,0.201366126537323,1711104.0,0.054896626621484756,0.0,1114,8664,1,1746179310.5959563
491.797954523,0.0,0.8677350282669067,0.2964401841163635,1114,31.97786521911621,56.274532318115234,0.01497395895421505,0.19303399324417114,1712640.0,0.051901925355196,0.0,1115,8672,1,1746179310.9857364
495.31524863,0.0,0.8544647693634033,0.2964401841163635,1123,31.9765625,56.274532318115234,0.01497395895421505,0.20864292979240417,1726464.0,0.030994832515716553,0.0,1124,8744,1,1746179314.5031002
499.632830287,0.0,0.8864526152610779,0.2964401841163635,1134,31.881511688232422,56.274532318115234,0.01497395895421505,0.19635626673698425,1743360.0,0.03003722056746483,0.0,1135,8832,1,1746179318.8206913
513.02817144,0.0,0.8572826981544495,0.2964401841163635,1168,31.401042938232422,56.274532318115234,0.014322916977107525,0.20611748099327087,1795584.0,0.02182227559387684,0.0,1169,9104,1,1746179332.215984
520.857576941,0.0,0.8644347190856934,0.2964401841163635,1188,30.924480438232422,56.274532318115234,0.01302083395421505,0.19807688891887665,1826304.0,0.01883261650800705,0.0,1189,9264,1,1746179340.0454075
522.421815961,0.0,0.8280162811279297,0.2964401841163635,1192,31.79296875,56.274532318115234,0.01497395895421505,0.2203834503889084,1832448.0,0.020552363246679306,0.0,1193,9296,1,1746179341.6095824
528.687703983,0.0,0.8649892210960388,0.2964401841163635,1208,31.36458396911621,56.274532318115234,0.01302083395421505,0.22003281116485596,1857024.0,0.01681159995496273,0.0,1209,9424,1,1746179347.875493
529.485117761,0.0,0.8308538198471069,0.2964401841163635,1210,31.10677146911621,56.274532318115234,0.01497395895421505,0.21493983268737793,1860096.0,0.016741812229156494,0.0,1211,9440,1,1746179348.6729572
531.837600695,0.0,0.8599123954772949,0.2964401841163635,1216,31.91145896911621,56.274532318115234,0.014322916977107525,0.22187352180480957,1869312.0,0.015365155413746834,0.0,1217,9488,1,1746179351.0254393
533.010424436,0.0,0.8399198055267334,0.2964401841163635,1219,30.84114646911621,56.274532318115234,0.013671875,0.21494507789611816,1873920.0,0.015756744891405106,0.0,1220,9512,1,1746179352.1982822
538.898836431,0.0,0.8816324472427368,0.2964401841163635,1234,30.065105438232422,56.274532318115234,0.01171875,0.19422076642513275,1896960.0,0.02034156396985054,0.0,1235,9632,1,1746179358.0866766
547.564394133,0.0,0.8955795764923096,0.2964401841163635,1256,30.20833396911621,56.274532318115234,0.012369791977107525,0.18841007351875305,1930752.0,0.011920644901692867,0.0,1257,9808,1,1746179366.7521546
548.345593259,0.0,0.870463490486145,0.2964401841163635,1258,30.11328125,56.274532318115234,0.012369791977107525,0.19568631052970886,1933824.0,0.01161225326359272,0.0,1259,9824,1,1746179367.5334315
558.193279666,0.0,0.7938663959503174,0.2964401841163635,1283,32.07682418823242,56.274532318115234,0.01302083395421505,0.24231597781181335,1972224.0,0.01790408045053482,0.0,1284,10024,1,1746179377.381133
565.735520307,0.0,0.826141357421875,0.47152793407440186,1302,31.42708396911621,63.682159423828125,0.01302083395421505,0.25330913066864014,2001408.0,0.009712612256407738,0.0,1303,10176,1,1746179384.9233143
571.25852159,0.0,0.838306725025177,0.47152793407440186,1316,30.182292938232422,63.682159423828125,0.012369791977107525,0.24953100085258484,2022912.0,0.00803371425718069,0.0,1317,10288,1,1746179390.4463925
573.219523824,0.0,0.7910488247871399,0.47152793407440186,1321,31.15364646911621,63.682159423828125,0.013671875,0.28696122765541077,2030592.0,0.010935235768556595,0.0,1322,10328,1,1746179392.4073112
581.073263884,0.0,0.7919976711273193,0.47152793407440186,1341,32.02213668823242,63.682159423828125,0.015625,0.312508761882782,2061312.0,0.008286425843834877,0.0,1342,10488,1,1746179400.2610645
583.814586209,0.0,0.8066626191139221,0.47152793407440186,1348,31.765625,63.682159423828125,0.01497395895421505,0.30546334385871887,2072064.0,0.0067241499200463295,0.0,1349,10544,1,1746179403.0023923
586.182144953,0.0,0.7943567037582397,0.47152793407440186,1354,31.451824188232422,63.682159423828125,0.01497395895421505,0.31248027086257935,2081280.0,0.007024636026471853,0.0,1355,10592,1,1746179405.3699224
590.887695196,0.0,0.8133689165115356,0.47152793407440186,1366,31.86067771911621,63.682159423828125,0.015625,0.3201448917388916,2099712.0,0.0064776926301419735,0.0,1367,10688,1,1746179410.0753567
595.981529805,0.0,0.8128694295883179,0.47152793407440186,1379,31.104167938232422,63.682159423828125,0.014322916977107525,0.30540114641189575,2119680.0,0.006587590090930462,0.0,1380,10792,1,1746179415.169356
596.388106423,0.0,0.7940446138381958,0.47152793407440186,1380,30.8203125,63.682159423828125,0.01497395895421505,0.2999001145362854,2121216.0,0.00660939235240221,0.0,1381,10800,1,1746179415.5609446
601.504172426,0.0,0.8114751577377319,0.47152793407440186,1393,31.88802146911621,63.682159423828125,0.01497395895421505,0.31988829374313354,2141184.0,0.006174590438604355,0.0,1394,10904,1,1746179420.692009
606.213163938,0.0,0.8048091530799866,0.47152793407440186,1405,30.80599021911621,63.682159423828125,0.014322916977107525,0.31360411643981934,2159616.0,0.0067129614762961864,0.0,1406,11000,1,1746179425.4009922
609.349674084,0.0,0.8095787167549133,0.47152793407440186,1413,31.514324188232422,63.682159423828125,0.013671875,0.32403564453125,2171904.0,0.007946215569972992,0.0,1414,11064,1,1746179428.53745
609.755806112,0.0,0.8222652673721313,0.47152793407440186,1414,31.23046875,63.682159423828125,0.014322916977107525,0.29835110902786255,2173440.0,0.007091435603797436,0.0,1415,11072,1,1746179428.9435282
610.537917969,0.0,0.8154951333999634,0.47152793407440186,1416,31.611980438232422,63.682159423828125,0.01497395895421505,0.33088964223861694,2176512.0,0.006287744268774986,0.0,1417,11088,1,1746179429.7257426
630.180462411,0.0,0.7280466556549072,0.47152793407440186,1466,30.24739646911621,63.682159423828125,0.014322916977107525,0.2982557415962219,2253312.0,0.00844448059797287,0.0,1467,11488,1,1746179449.368269
634.494852529,0.0,0.7019075155258179,0.47152793407440186,1477,31.611980438232422,63.682159423828125,0.014322916977107525,0.33263012766838074,2270208.0,0.005339398980140686,0.0,1478,11576,1,1746179453.68267
643.914120488,0.0,0.677210807800293,0.47152793407440186,1501,29.994792938232422,63.682159423828125,0.013671875,0.28044313192367554,2307072.0,0.005774861667305231,0.0,1502,11768,1,1746179463.1018982
647.46717654,0.0,0.6242125034332275,0.47152793407440186,1510,30.28255271911621,63.682159423828125,0.013671875,0.3077729642391205,2320896.0,0.01993037387728691,0.0,1511,11840,1,1746179466.655
652.19062499,0.0,0.5995419025421143,0.47152793407440186,1522,29.897136688232422,63.682159423828125,0.013671875,0.30622559785842896,2339328.0,0.005781508982181549,0.0,1523,11936,1,1746179471.378434
656.886723041,0.0,0.5889152884483337,0.47152793407440186,1534,30.73177146911621,63.682159423828125,0.014322916977107525,0.30496925115585327,2357760.0,0.008571485988795757,0.0,1535,12032,1,1746179476.0745516
658.059852018,0.0,0.5950863361358643,0.47152793407440186,1537,31.63020896911621,63.682159423828125,0.013671875,0.331122487783432,2362368.0,0.006491563748568296,0.0,1538,12056,1,1746179477.2476978
659.624335308,0.0,0.6027697920799255,0.47152793407440186,1541,31.95833396911621,63.682159423828125,0.014322916977107525,0.3274197280406952,2368512.0,0.005445991642773151,0.0,1542,12088,1,1746179478.812184
661.200223541,0.0,0.6177470684051514,0.47152793407440186,1545,31.82552146911621,63.682159423828125,0.014322916977107525,0.3213896155357361,2374656.0,0.006705259904265404,0.0,1546,12120,1,1746179480.3880248
674.160584883,0.0,0.49013465642929077,0.47152793407440186,1578,30.92578125,63.682159423828125,0.012369791977107525,0.3045473098754883,2425344.0,0.0050041875801980495,0.0,1579,12384,1,1746179493.3483157
682.814921345,0.0,0.5400568842887878,0.47152793407440186,1600,31.13671875,63.682159423828125,0.01302083395421505,0.31699463725090027,2459136.0,0.005851757247000933,0.0,1601,12560,1,1746179502.0027468
687.514988242,0.0,0.5178869962692261,0.47152793407440186,1612,31.17578125,63.682159423828125,0.012369791977107525,0.31557750701904297,2477568.0,0.004992547444999218,0.0,1613,12656,1,1746179506.7028234
704.057668008,0.0,0.5251870155334473,0.5999104976654053,1654,30.170574188232422,65.1796875,0.010416666977107525,0.2981019914150238,2542080.0,0.005279205739498138,0.0,1655,12992,1,1746179523.2453907
704.840022442,0.0,0.5658508539199829,0.5999104976654053,1656,28.408855438232422,65.1796875,0.010416666977107525,0.24412082135677338,2545152.0,0.004682853817939758,0.0,1657,13008,1,1746179524.0278625
711.12402415,0.0,0.5433079600334167,0.5999104976654053,1672,30.15234375,65.1796875,0.012369791977107525,0.2790214717388153,2569728.0,0.005370337516069412,0.0,1673,13136,1,1746179530.3118029
727.664762738,0.0,0.5243582725524902,0.5999104976654053,1714,31.33203125,65.1796875,0.01106770895421505,0.284866601228714,2634240.0,0.004739094525575638,0.0,1715,13472,1,1746179546.852635
741.81685448,0.0,0.5270052552223206,0.5999104976654053,1750,29.1328125,65.1796875,0.010416666977107525,0.2508358955383301,2689536.0,0.005104885436594486,0.0,1751,13760,1,1746179561.0045605
742.605002447,0.0,0.5312885642051697,0.5999104976654053,1752,29.721355438232422,65.1796875,0.009765625,0.26321595907211304,2692608.0,0.004609440919011831,0.0,1753,13776,1,1746179561.7927752
743.790581518,0.0,0.5267158150672913,0.5999104976654053,1755,31.904949188232422,65.1796875,0.01302083395421505,0.3035767078399658,2697216.0,0.00451886048540473,0.0,1756,13800,1,1746179562.978395
744.181505438,0.0,0.5112412571907043,0.5999104976654053,1756,31.32942771911621,65.1796875,0.01106770895421505,0.2826545834541321,2698752.0,0.004318862687796354,0.0,1757,13808,1,1746179563.369356
744.572472268,0.0,0.5471478700637817,0.5999104976654053,1757,30.147136688232422,65.1796875,0.01171875,0.26182645559310913,2700288.0,0.004397211596369743,0.0,1758,13816,1,1746179563.7603085
753.987742904,0.0,0.48945480585098267,0.5999104976654053,1781,29.76302146911621,65.1796875,0.009765625,0.2711940407752991,2737152.0,0.0057851336896419525,0.0,1782,14008,1,1746179573.1755016
763.058528525,0.0,0.5356101989746094,0.5999104976654053,1804,30.375,65.1796875,0.01171875,0.27675384283065796,2772480.0,0.004101377911865711,0.0,1805,14192,1,1746179582.2463715
775.62799354,0.0,0.5185890793800354,0.5999104976654053,1836,31.68880271911621,65.1796875,0.01171875,0.28426262736320496,2821632.0,0.004164137877523899,0.0,1837,14448,1,1746179594.8158288
777.591110493,0.0,0.5085572004318237,0.5999104976654053,1841,29.662761688232422,65.1796875,0.01106770895421505,0.2662826180458069,2829312.0,0.00414598174393177,0.0,1842,14488,1,1746179596.7789075
802.709248389,0.0,0.4314301609992981,0.5999104976654053,1905,30.8046875,65.1796875,0.010416666977107525,0.2868573069572449,2927616.0,0.0040855673141777515,0.0,1906,15000,1,1746179621.8971038
806.245804149,0.0,0.3908388018608093,0.5999104976654053,1914,31.52734375,65.1796875,0.01106770895421505,0.2986043691635132,2941440.0,0.0050180330872535706,0.0,1915,15072,1,1746179625.4336073
812.158509247,0.0,0.37263351678848267,0.5999104976654053,1929,29.467449188232422,65.1796875,0.01106770895421505,0.27961957454681396,2964480.0,0.005089682526886463,0.0,1930,15192,1,1746179631.3461957
848.014075283,0.0,0.3143689036369324,0.6383838653564453,2020,29.44270896911621,65.74089050292969,0.00911458395421505,0.2601803243160248,3104256.0,0.003898120950907469,0.0,2021,15920,1,1746179667.201886
848.79619129,0.0,0.33696916699409485,0.6383838653564453,2022,31.58984375,65.74089050292969,0.01171875,0.3092988431453705,3107328.0,0.004692795220762491,0.0,2023,15936,1,1746179667.98399
854.308502878,0.0,0.2943878769874573,0.6383838653564453,2036,28.518230438232422,65.74089050292969,0.01171875,0.25478893518447876,3128832.0,0.004136752802878618,0.0,2037,16048,1,1746179673.4962332
859.40572018,0.0,0.3083001971244812,0.6383838653564453,2049,29.83203125,65.74089050292969,0.010416666977107525,0.27136993408203125,3148800.0,0.003741167252883315,0.0,2050,16152,1,1746179678.593555
869.220442432,0.0,0.312117338180542,0.6383838653564453,2074,26.1796875,65.74089050292969,0.0078125,0.20594260096549988,3187200.0,0.0043067168444395065,0.0,2075,16352,1,1746179688.4082873
872.766329567,0.0,0.29335761070251465,0.6383838653564453,2083,27.537761688232422,65.74089050292969,0.00911458395421505,0.23802010715007782,3201024.0,0.0065918294712901115,0.0,2084,16424,1,1746179691.9541209
880.599833779,0.0,0.274983286857605,0.6383838653564453,2103,28.11849021911621,65.74089050292969,0.008463541977107525,0.23803460597991943,3231744.0,0.003810206428170204,0.0,2104,16584,1,1746179699.7877314
881.782047779,0.0,0.26277053356170654,0.6383838653564453,2106,29.984375,65.74089050292969,0.008463541977107525,0.28149425983428955,3236352.0,0.003759969724342227,0.0,2107,16608,1,1746179700.9698389
882.178488059,0.0,0.28734007477760315,0.6383838653564453,2107,29.459636688232422,65.74089050292969,0.009765625,0.26218992471694946,3237888.0,0.0037770611234009266,0.0,2108,16616,1,1746179701.3662763
891.22426605,0.0,0.28064441680908203,0.6383838653564453,2130,31.18880271911621,65.74089050292969,0.00911458395421505,0.3054284453392029,3273216.0,0.004587347619235516,0.0,2131,16800,1,1746179710.4120991
896.741420322,0.0,0.2904377281665802,0.6383838653564453,2144,28.8125,65.74089050292969,0.008463541977107525,0.24931833148002625,3294720.0,0.004030077718198299,0.0,2145,16912,1,1746179715.929248
902.639679662,0.0,0.3191390931606293,0.6383838653564453,2159,28.69921875,65.74089050292969,0.009765625,0.2635715901851654,3317760.0,0.0048261177726089954,0.0,2160,17032,1,1746179721.8275044
919.127511541,0.0,0.30456727743148804,0.6383838653564453,2201,30.084636688232422,65.74089050292969,0.008463541977107525,0.3044988811016083,3382272.0,0.006687290966510773,0.0,2202,17368,1,1746179738.315284
921.914187052,0.0,0.28841280937194824,0.6383838653564453,2208,30.54296875,65.74089050292969,0.009765625,0.2968928813934326,3393024.0,0.0049228365533053875,0.0,2209,17424,1,1746179741.1018624
930.163468854,0.0,0.27015650272369385,0.6383838653564453,2229,30.010417938232422,65.74089050292969,0.00911458395421505,0.27959007024765015,3425280.0,0.005184878595173359,0.0,2230,17592,1,1746179749.3512468
933.716543919,0.0,0.2719528079032898,0.6383838653564453,2238,31.932292938232422,65.74089050292969,0.010416666977107525,0.3198244571685791,3439104.0,0.004409953951835632,0.0,2239,17664,1,1746179752.9043908
934.498408908,0.0,0.24251994490623474,0.6383838653564453,2240,31.39192771911621,65.74089050292969,0.009765625,0.3174988925457001,3442176.0,0.003977571614086628,0.0,2241,17680,1,1746179753.68624
941.95159009,0.0,0.25034987926483154,0.6383838653564453,2259,30.9375,65.74089050292969,0.009765625,0.3030581474304199,3471360.0,0.006981892976909876,0.0,2260,17832,1,1746179761.139429
947.058474709,0.0,0.23270326852798462,0.6383838653564453,2272,31.326824188232422,65.74089050292969,0.01106770895421505,0.30615562200546265,3491328.0,0.005851132795214653,0.0,2273,17936,1,1746179766.2463477
948.328142674,0.0,0.21749667823314667,0.69008868932724,2275,30.3359375,71.84390258789062,0.008463541977107525,0.27921542525291443,3495936.0,0.006047628819942474,0.0,2276,17960,1,1746179767.51599
951.090014458,0.0,0.22577305138111115,0.69008868932724,2282,30.3828125,71.84390258789062,0.009765625,0.28382784128189087,3506688.0,0.0046543339267373085,0.0,2283,18016,1,1746179770.2778187
951.481101913,0.0,0.22127245366573334,0.69008868932724,2283,30.53515625,71.84390258789062,0.00911458395421505,0.2939479351043701,3508224.0,0.004738339222967625,0.0,2284,18024,1,1746179770.6689258
952.263031012,0.0,0.21044880151748657,0.69008868932724,2285,31.670574188232422,71.84390258789062,0.009765625,0.30968770384788513,3511296.0,0.004760085139423609,0.0,2286,18040,1,1746179771.4508672
955.414426069,0.0,0.2332654893398285,0.69008868932724,2293,31.72395896911621,71.84390258789062,0.00911458395421505,0.29744866490364075,3523584.0,0.006048629991710186,0.0,2294,18104,1,1746179774.6021192
962.879281922,0.0,0.23450292646884918,0.69008868932724,2312,31.70442771911621,71.84390258789062,0.009765625,0.3095054030418396,3552768.0,0.004099446348845959,0.0,2313,18256,1,1746179782.0669715
970.338027683,0.0,0.22344139218330383,0.69008868932724,2331,29.86849021911621,71.84390258789062,0.00911458395421505,0.2679358124732971,3581952.0,0.005422983784228563,0.0,2332,18408,1,1746179789.5257232
971.90072138,0.0,0.22792908549308777,0.69008868932724,2335,30.05599021911621,71.84390258789062,0.00911458395421505,0.2851846218109131,3588096.0,0.0059294626116752625,0.0,2336,18440,1,1746179791.0885148
975.053452394,0.0,0.2513098120689392,0.69008868932724,2343,31.49739646911621,71.84390258789062,0.01106770895421505,0.32256025075912476,3600384.0,0.0050846608355641365,0.0,2344,18504,1,1746179794.2412908
976.619625278,0.0,0.23507198691368103,0.69008868932724,2347,29.2734375,71.84390258789062,0.009765625,0.28590887784957886,3606528.0,0.004665811080485582,0.0,2348,18536,1,1746179795.8075004
977.792777499,0.0,0.22022198140621185,0.69008868932724,2350,29.135417938232422,71.84390258789062,0.008463541977107525,0.26607072353363037,3611136.0,0.004845365881919861,0.0,2351,18560,1,1746179796.980601
981.338684988,0.0,0.24387431144714355,0.69008868932724,2359,29.83203125,71.84390258789062,0.008463541977107525,0.2833029627799988,3624960.0,0.00516852829605341,0.0,2360,18632,1,1746179800.5265355
984.468265103,0.0,0.2167380154132843,0.69008868932724,2367,30.733074188232422,71.84390258789062,0.00911458395421505,0.29821106791496277,3637248.0,0.005450859200209379,0.0,2368,18696,1,1746179803.656076
986.047838442,0.0,0.21519897878170013,0.69008868932724,2371,32.0546875,71.84390258789062,0.00911458395421505,0.3215228319168091,3643392.0,0.005545183550566435,0.0,2372,18728,1,1746179805.2356365
1004.898326975,0.0,0.25970837473869324,0.69008868932724,2419,30.62239646911621,71.84390258789062,0.010416666977107525,0.2998526692390442,3717120.0,0.0046903835609555244,0.0,2420,19112,1,1746179824.0860825
1011.990840908,0.0,0.25420719385147095,0.69008868932724,2437,31.09114646911621,71.84390258789062,0.008463541977107525,0.2937517762184143,3744768.0,0.005039501469582319,0.0,2438,19256,1,1746179831.178582
1013.184492599,0.0,0.23577287793159485,0.69008868932724,2440,29.916667938232422,71.84390258789062,0.00911458395421505,0.293523371219635,3749376.0,0.005042922683060169,0.0,2441,19280,1,1746179832.372101
1013.576029547,0.0,0.236578106880188,0.69008868932724,2441,29.68359375,71.84390258789062,0.00911458395421505,0.2791939377784729,3750912.0,0.0053878482431173325,0.0,2442,19288,1,1746179832.7638016
1025.748199957,0.0,0.20720437169075012,0.69008868932724,2472,29.19140625,71.84390258789062,0.008463541977107525,0.26463401317596436,3798528.0,0.006704103201627731,0.0,2473,19536,1,1746179844.9359574
1026.154106496,0.0,0.20688572525978088,0.69008868932724,2473,31.432292938232422,71.84390258789062,0.00911458395421505,0.2979438900947571,3800064.0,0.0059714484959840775,0.0,2474,19544,1,1746179845.3417554
1028.520799681,0.0,0.19813747704029083,0.69008868932724,2479,31.9921875,71.84390258789062,0.010416666977107525,0.32363662123680115,3809280.0,0.005172449164092541,0.0,2480,19592,1,1746179847.7085905
1033.232051264,0.0,0.22204113006591797,0.69008868932724,2491,30.73958396911621,71.84390258789062,0.00911458395421505,0.30616623163223267,3827712.0,0.00453909020870924,0.0,2492,19688,1,1746179852.4198937
1054.830530662,0.0,0.1635841727256775,0.69008868932724,2546,30.81770896911621,71.84390258789062,0.00911458395421505,0.29785478115081787,3912192.0,0.006577949970960617,0.0,2547,20128,1,1746179874.0183916
1055.612775291,0.0,0.1758057326078415,0.69008868932724,2548,29.416667938232422,71.84390258789062,0.00911458395421505,0.2775154709815979,3915264.0,0.006295443512499332,0.0,2549,20144,1,1746179874.8006475
1057.986954635,0.0,0.15915149450302124,0.69008868932724,2554,29.73177146911621,71.84390258789062,0.009765625,0.2817932963371277,3924480.0,0.006489420309662819,0.0,2555,20192,1,1746179877.1746562
1059.558681629,0.0,0.15762591361999512,0.69008868932724,2558,29.40625,71.84390258789062,0.008463541977107525,0.26207342743873596,3930624.0,0.004777535796165466,0.0,2559,20224,1,1746179878.7464774
1069.446583144,0.0,0.1432807743549347,0.69008868932724,2583,29.236980438232422,71.84390258789062,0.010416666977107525,0.28572142124176025,3969024.0,0.007248799316585064,0.0,2584,20424,1,1746179888.6344216
1072.197751609,0.0,0.1933058202266693,0.69008868932724,2590,29.8828125,71.84390258789062,0.008463541977107525,0.28496187925338745,3979776.0,0.005361590534448624,0.0,2591,20480,1,1746179891.3855343
1078.177932669,0.0,0.1719217449426651,0.7157429456710815,2605,28.50390625,74.7862319946289,0.0078125,0.2537713646888733,4002816.0,0.004525346681475639,0.0018115942366421223,2606,20600,1,1746179897.3657062
1079.357051436,0.0,0.1840548813343048,0.7157429456710815,2608,29.85286521911621,74.7862319946289,0.008463541977107525,0.2872048616409302,4007424.0,0.004949240013957024,0.0018115942366421223,2609,20624,1,1746179898.5448809
1080.138874329,0.0,0.1657610982656479,0.7157429456710815,2610,30.54296875,74.7862319946289,0.008463541977107525,0.309868186712265,4010496.0,0.004585100803524256,0.0018115942366421223,2611,20640,1,1746179899.3266966
1083.278308442,0.0,0.1621139645576477,0.7157429456710815,2618,28.84765625,74.7862319946289,0.008463541977107525,0.2586413621902466,4022784.0,0.005145941860973835,0.0018115942366421223,2619,20704,1,1746179902.466117
1084.078702014,0.0,0.16129423677921295,0.7157429456710815,2620,29.799480438232422,74.7862319946289,0.0078125,0.3033311665058136,4025856.0,0.005621895659714937,0.0018115942366421223,2621,20720,1,1746179903.2663724
1086.03381026,0.0,0.17589853703975677,0.7157429456710815,2625,29.21875,74.7862319946289,0.0078125,0.2803891897201538,4033536.0,0.004815665073692799,0.0018115942366421223,2626,20760,1,1746179905.2216427
1091.549796084,0.0,0.14075198769569397,0.7157429456710815,2639,29.369792938232422,74.7862319946289,0.008463541977107525,0.26511192321777344,4055040.0,0.006424064747989178,0.0018115942366421223,2640,20872,1,1746179910.7374413
1097.43729249,0.0,0.13408273458480835,0.7157429456710815,2654,29.916667938232422,74.7862319946289,0.008463541977107525,0.29105430841445923,4078080.0,0.004537921864539385,0.0018115942366421223,2655,20992,1,1746179916.6251175
1098.610792916,0.0,0.12226587533950806,0.7157429456710815,2657,28.79427146911621,74.7862319946289,0.0078125,0.2605140805244446,4082688.0,0.005006784573197365,0.0018115942366421223,2658,21016,1,1746179917.7986252
1103.719277007,0.0,0.1049332469701767,0.7157429456710815,2670,30.0390625,74.7862319946289,0.0078125,0.2715721130371094,4102656.0,0.004883250221610069,0.0018115942366421223,2671,21120,1,1746179922.90708
1112.737650688,0.0,0.11114418506622314,0.7157429456710815,2693,30.619792938232422,74.7862319946289,0.008463541977107525,0.30614742636680603,4137984.0,0.00585047947242856,0.0018115942366421223,2694,21304,1,1746179931.925468
1114.311987073,0.0,0.10628832876682281,0.7157429456710815,2697,29.16796875,74.7862319946289,0.0078125,0.2613271474838257,4144128.0,0.004736639559268951,0.0018115942366421223,2698,21336,1,1746179933.4998076
1117.461844653,0.0364583358168602,0.12608623504638672,0.7157429456710815,2705,30.71614646911621,74.7862319946289,0.009765625,0.35674577951431274,4156416.0,0.005501354578882456,0.0018115942366421223,2706,21400,1,1746179936.649647
1124.57281918,0.0,0.12460742890834808,0.7157429456710815,2723,30.94140625,74.7862319946289,0.00911458395421505,0.30259400606155396,4184064.0,0.004663262516260147,0.0018115942366421223,2724,21544,1,1746179943.760615
1126.151081377,0.0,0.11120522767305374,0.7157429456710815,2727,27.80989646911621,74.7862319946289,0.008463541977107525,0.25359252095222473,4190208.0,0.004541380330920219,0.0018115942366421223,2728,21576,1,1746179945.3389184
1127.715087148,0.0,0.11550306528806686,0.7157429456710815,2731,32.161460876464844,74.7862319946289,0.00911458395421505,0.3122318983078003,4196352.0,0.007637551985681057,0.0018115942366421223,2732,21608,1,1746179946.9029536
1128.496637456,0.0,0.12261456251144409,0.7157429456710815,2733,28.955730438232422,74.7862319946289,0.0078125,0.273190975189209,4199424.0,0.004732013214379549,0.0018115942366421223,2734,21624,1,1746179947.684509
1130.071565422,0.0,0.12048318982124329,0.7157429456710815,2737,30.506511688232422,74.7862319946289,0.00911458395421505,0.29569846391677856,4205568.0,0.004849028307944536,0.0018115942366421223,2738,21656,1,1746179949.259359
1136.333541097,0.0,0.06547084450721741,0.7157429456710815,2753,28.670574188232422,74.7862319946289,0.0078125,0.25698086619377136,4230144.0,0.010160771198570728,0.0018115942366421223,2754,21784,1,1746179955.5212185
1137.893619847,0.0,0.2042395919561386,0.7157429456710815,2757,29.59114646911621,74.7862319946289,0.008463541977107525,0.2847573757171631,4236288.0,0.005854480899870396,0.0018115942366421223,2758,21816,1,1746179957.081459
1144.173926145,0.0,0.20109468698501587,0.7157429456710815,2773,30.959636688232422,74.7862319946289,0.008463541977107525,0.31322938203811646,4260864.0,0.006169171072542667,0.0018115942366421223,2774,21944,1,1746179963.3617606
1154.755418568,0.0,0.13177697360515594,0.7157429456710815,2800,30.467449188232422,74.7862319946289,0.010416666977107525,0.3006279468536377,4302336.0,0.007512521464377642,0.0018115942366421223,2801,22160,1,1746179973.9432533
1162.989892923,0.0,0.12442611902952194,0.7157429456710815,2821,27.643230438232422,74.7862319946289,0.00911458395421505,0.2512696087360382,4334592.0,0.004841439425945282,0.0018115942366421223,2822,22328,1,1746179982.1777263
1168.125624609,0.0,0.14695200324058533,0.7157429456710815,2834,31.42708396911621,74.7862319946289,0.010416666977107525,0.3272725045681,4354560.0,0.006528069265186787,0.0018115942366421223,2835,22432,1,1746179987.313442
1176.766703489,0.0,0.12277583032846451,0.7157429456710815,2856,29.45833396911621,74.7862319946289,0.0078125,0.2759052813053131,4388352.0,0.005200444255024195,0.0018115942366421223,2857,22608,1,1746179995.954516
1185.412624687,0.0,0.1193903312087059,0.7157429456710815,2878,30.22395896911621,74.7862319946289,0.0078125,0.29299700260162354,4422144.0,0.006183907389640808,0.0018115942366421223,2879,22784,1,1746180004.600458
1189.341663995,0.0,0.08573497086763382,0.7157429456710815,2888,31.18489646911621,74.7862319946289,0.008463541977107525,0.31844887137413025,4437504.0,0.0074327741749584675,0.0018115942366421223,2889,22864,1,1746180008.5295112
1196.777254737,0.0,-0.029856989160180092,0.7157429456710815,2907,31.05989646911621,74.7862319946289,0.009765625,0.3142295479774475,4466688.0,0.0048625171184539795,0.0018115942366421223,2908,23016,1,1746180015.9650433
1206.699723448,0.0,-0.004148916807025671,0.720792829990387,2932,32.12369918823242,72.43077087402344,0.010416666977107525,0.342778742313385,4505088.0,0.0041535766795277596,0.0017094017239287496,2933,23216,1,1746180025.8875778
1209.43229309,0.0,0.028545642271637917,0.720792829990387,2939,30.74739646911621,72.43077087402344,0.009765625,0.3196306824684143,4515840.0,0.004508506506681442,0.0017094017239287496,2940,23272,1,1746180028.620145
1213.37149745,0.0,0.011431509628891945,0.720792829990387,2949,28.057292938232422,72.43077087402344,0.0078125,0.2711864113807678,4531200.0,0.004924586974084377,0.0017094017239287496,2950,23352,1,1746180032.5593154
1217.704530493,0.0,0.0525483600795269,0.720792829990387,2960,30.518230438232422,72.43077087402344,0.00911458395421505,0.3021136522293091,4548096.0,0.004727548453956842,0.0017094017239287496,2961,23440,1,1746180036.8923097
1244.829064265,0.0,0.07088105380535126,0.720792829990387,3029,29.842449188232422,72.43077087402344,0.008463541977107525,0.28756290674209595,4654080.0,0.0056257182732224464,0.0017094017239287496,3030,23992,1,1746180064.0158715
1248.361372038,0.0,0.06133561581373215,0.720792829990387,3038,29.654949188232422,72.43077087402344,0.0078125,0.2773617208003998,4667904.0,0.005393431521952152,0.0017094017239287496,3039,24064,1,1746180067.5491567
1248.752869161,0.0,0.049504853785037994,0.720792829990387,3039,31.592449188232422,72.43077087402344,0.00911458395421505,0.3224991261959076,4669440.0,0.005470669828355312,0.0017094017239287496,3040,24072,1,1746180067.9406645
1249.144767906,0.0,0.05890009552240372,0.720792829990387,3040,31.373699188232422,72.43077087402344,0.00911458395421505,0.32960307598114014,4670976.0,0.0055282567627727985,0.0017094017239287496,3041,24080,1,1746180068.3324633
1249.926898696,0.0,0.06871284544467926,0.720792829990387,3042,31.52864646911621,72.43077087402344,0.01106770895421505,0.3390008211135864,4674048.0,0.006429463624954224,0.0017094017239287496,3043,24096,1,1746180069.114689
1255.031806057,0.0,0.05195663869380951,0.720792829990387,3055,30.640625,72.43077087402344,0.0078125,0.2962251305580139,4694016.0,0.010629450902342796,0.0017094017239287496,3056,24200,1,1746180074.2195828
1262.492844631,0.0,0.04311874508857727,0.720792829990387,3074,28.576824188232422,72.43077087402344,0.0078125,0.2571099102497101,4723200.0,0.005239023827016354,0.0017094017239287496,3075,24352,1,1746180081.6806834
1264.840493144,0.0,0.04940657317638397,0.720792829990387,3080,31.66536521911621,72.43077087402344,0.00911458395421505,0.32533374428749084,4732416.0,0.0055919224396348,0.0017094017239287496,3081,24400,1,1746180084.0282571
1268.751627131,0.0,0.04924758896231651,0.720792829990387,3090,27.8515625,72.43077087402344,0.0078125,0.2690429091453552,4747776.0,0.005311346612870693,0.0017094017239287496,3091,24480,1,1746180087.9394884
1269.533524854,0.0,0.06654571741819382,0.720792829990387,3092,31.080730438232422,72.43077087402344,0.00911458395421505,0.3151635229587555,4750848.0,0.006049555726349354,0.0017094017239287496,3093,24496,1,1746180088.7213798
1270.711903683,0.0,0.04732125252485275,0.720792829990387,3095,29.947917938232422,72.43077087402344,0.008463541977107525,0.29514503479003906,4755456.0,0.006311171688139439,0.0017094017239287496,3096,24520,1,1746180089.8997214
1278.570869122,0.0,0.07913773506879807,0.720792829990387,3115,29.854167938232422,72.43077087402344,0.00911458395421505,0.287878155708313,4786176.0,0.008157435804605484,0.0017094017239287496,3116,24680,1,1746180097.7586045
1286.028807104,0.0,0.04081336781382561,0.720792829990387,3134,29.483074188232422,72.43077087402344,0.00911458395421505,0.2715907096862793,4815360.0,0.00548018841072917,0.0017094017239287496,3135,24832,1,1746180105.216598
1287.61029904,0.0,0.04209338128566742,0.720792829990387,3138,29.43489646911621,72.43077087402344,0.008463541977107525,0.27801841497421265,4821504.0,0.006242278963327408,0.0017094017239287496,3139,24864,1,1746180106.7980819
1289.571261506,0.0,0.06726675480604172,0.720792829990387,3143,28.859375,72.43077087402344,0.0078125,0.27246564626693726,4829184.0,0.005878566764295101,0.0017094017239287496,3144,24904,1,1746180108.7590854
1298.988822074,0.0,0.02955019846558571,0.720792829990387,3167,28.787761688232422,72.43077087402344,0.0078125,0.2483767718076706,4866048.0,0.005720961838960648,0.0017094017239287496,3168,25096,1,1746180118.176668
1301.744743746,0.0,0.05529288947582245,0.720792829990387,3174,28.322917938232422,72.43077087402344,0.0078125,0.272270143032074,4876800.0,0.005609510466456413,0.0017094017239287496,3175,25152,1,1746180120.932558
1306.451358566,0.0,0.055460069328546524,0.720792829990387,3186,30.776042938232422,72.43077087402344,0.009765625,0.29194483160972595,4895232.0,0.0083348723128438,0.0017094017239287496,3187,25248,1,1746180125.639135
1308.015342364,0.0,0.04375596344470978,0.720792829990387,3190,30.96875,72.43077087402344,0.0078125,0.3023284673690796,4901376.0,0.011114904657006264,0.0017094017239287496,3191,25280,1,1746180127.2031884
1308.406587275,0.0,0.043802425265312195,0.720792829990387,3191,29.5390625,72.43077087402344,0.00911458395421505,0.2900718152523041,4902912.0,0.005442274268716574,0.0017094017239287496,3192,25288,1,1746180127.5944166
1308.797523808,0.0,0.038355305790901184,0.720792829990387,3192,30.44661521911621,72.43077087402344,0.0078125,0.2996181845664978,4904448.0,0.005653660744428635,0.0017094017239287496,3193,25296,1,1746180127.9853826
1309.188555791,0.0,0.05464759096503258,0.720792829990387,3193,31.8046875,72.43077087402344,0.00911458395421505,0.33121562004089355,4905984.0,0.009479625150561333,0.0017094017239287496,3194,25304,1,1746180128.376417
1310.371536495,0.0,0.04027078300714493,0.720792829990387,3196,29.436199188232422,72.43077087402344,0.00911458395421505,0.2853018045425415,4910592.0,0.0053418222814798355,0.0017094017239287496,3197,25328,1,1746180129.5593734
1318.233757989,0.0,0.03681731969118118,0.720792829990387,3216,30.15755271911621,72.43077087402344,0.00911458395421505,0.30077415704727173,4941312.0,0.007119207177311182,0.0017094017239287496,3217,25488,1,1746180137.4215887
1323.717943559,0.0,-0.07258215546607971,0.720792829990387,3230,31.46224021911621,72.43077087402344,0.008463541977107525,0.3136002719402313,4962816.0,0.006003501825034618,0.0017094017239287496,3231,25600,1,1746180142.9057424
1330.776795771,0.0,-0.050420161336660385,0.720792829990387,3248,29.2109375,72.43077087402344,0.0078125,0.27513647079467773,4990464.0,0.006482449360191822,0.0017094017239287496,3249,25744,1,1746180149.9646394
1332.827862523,0.0,-0.04734456539154053,0.7318708896636963,3253,32.220054626464844,73.77132415771484,0.010416666977107525,0.341095507144928,4998144.0,0.010441204532980919,0.0,3254,25784,1,1746180152.0156853
1336.37277719,0.0,-0.03205520659685135,0.7318708896636963,3262,29.90755271911621,73.77132415771484,0.009765625,0.2861633896827698,5011968.0,0.008587020449340343,0.0,3263,25856,1,1746180155.560608
1339.504032568,0.0,-0.06169212609529495,0.7318708896636963,3270,29.94140625,73.77132415771484,0.0078125,0.2921646237373352,5024256.0,0.007103987969458103,0.0,3271,25920,1,1746180158.6918535
1351.704251083,0.0,-0.04819917306303978,0.7318708896636963,3301,29.928386688232422,73.77132415771484,0.00911458395421505,0.28655940294265747,5071872.0,0.005936239380389452,0.0,3302,26168,1,1746180170.8920176
1352.493113239,0.0,-0.033554866909980774,0.7318708896636963,3303,29.65755271911621,73.77132415771484,0.00911458395421505,0.28637999296188354,5074944.0,0.005853083450347185,0.0,3304,26184,1,1746180171.6809137
1352.885575948,0.0,-0.013367218896746635,0.7318708896636963,3304,31.24739646911621,73.77132415771484,0.009765625,0.3117934763431549,5076480.0,0.008810149505734444,0.0,3305,26192,1,1746180172.0733771
1355.243033085,0.0,-0.019792674109339714,0.7318708896636963,3310,31.23177146911621,73.77132415771484,0.008463541977107525,0.32002466917037964,5085696.0,0.00774348434060812,0.0,3311,26240,1,1746180174.4308891
1357.977171541,0.0,-0.054048120975494385,0.7318708896636963,3317,30.38411521911621,73.77132415771484,0.008463541977107525,0.3005064129829407,5096448.0,0.007116630207747221,0.0,3318,26296,1,1746180177.1649323
1365.061713415,0.0,-0.0026932561304420233,0.7318708896636963,3335,30.2265625,73.77132415771484,0.0078125,0.2847837805747986,5124096.0,0.006989598739892244,0.0,3336,26440,1,1746180184.2495205
1368.581869495,0.0,-0.0063465312123298645,0.7318708896636963,3344,28.940105438232422,73.77132415771484,0.0078125,0.2671268880367279,5137920.0,0.006900113541632891,0.0,3345,26512,1,1746180187.769741
1376.843539328,0.0,-0.007928654551506042,0.7318708896636963,3365,28.421875,73.77132415771484,0.0078125,0.2548329830169678,5170176.0,0.007301280740648508,0.0,3366,26680,1,1746180196.0312314
1387.843629819,0.0,0.04304268956184387,0.7318708896636963,3393,30.662761688232422,73.77132415771484,0.008463541977107525,0.31210267543792725,5213184.0,0.008449170738458633,0.0,3394,26904,1,1746180207.0314093
1390.208091184,0.0,0.038119010627269745,0.7318708896636963,3399,29.955730438232422,73.77132415771484,0.0078125,0.29425156116485596,5222400.0,0.007209741976112127,0.0,3400,26952,1,1746180209.395915
1393.343353872,0.0,0.008628323674201965,0.7318708896636963,3407,30.908855438232422,73.77132415771484,0.008463541977107525,0.3072813153266907,5234688.0,0.00879710540175438,0.0,3408,27016,1,1746180212.5311303
1399.629806622,0.0,0.00687884958460927,0.7318708896636963,3423,30.14583396911621,73.77132415771484,0.008463541977107525,0.29509252309799194,5259264.0,0.009006304666399956,0.0,3424,27144,1,1746180218.8175728
1400.021573892,0.0,0.018676087260246277,0.7318708896636963,3424,30.40234375,73.77132415771484,0.0078125,0.298252135515213,5260800.0,0.007437173742800951,0.0,3425,27152,1,1746180219.2093666
1410.272094284,0.0,-0.02435421198606491,0.7318708896636963,3450,29.3359375,73.77132415771484,0.008463541977107525,0.2711573839187622,5300736.0,0.009232310578227043,0.0,3451,27360,1,1746180229.4599316
1414.589799968,0.0,0.03005010262131691,0.7318708896636963,3461,29.24609375,73.77132415771484,0.0078125,0.2928085923194885,5317632.0,0.00869652722030878,0.0,3462,27448,1,1746180233.7776606
1417.342560643,0.03125,-0.027034640312194824,0.7318708896636963,3468,28.91145896911621,73.77132415771484,0.0078125,0.2976328730583191,5328384.0,0.01092514954507351,0.0,3469,27504,1,1746180236.5302386
1423.219684997,0.0,0.0018608402460813522,0.7318708896636963,3483,28.81640625,73.77132415771484,0.0078125,0.2678581476211548,5351424.0,0.010548698715865612,0.0,3484,27624,1,1746180242.407506
1428.72246069,0.0,-0.016599562019109726,0.7318708896636963,3497,29.369792938232422,73.77132415771484,0.008463541977107525,0.2749340534210205,5372928.0,0.011308949440717697,0.0,3498,27736,1,1746180247.9101105
1429.117219597,0.0,-0.004338177386671305,0.7318708896636963,3498,29.6171875,73.77132415771484,0.0078125,0.2808797359466553,5374464.0,0.01709325984120369,0.0,3499,27744,1,1746180248.3049731
1445.22080441,0.0,0.013180742040276527,0.7318708896636963,3539,29.822917938232422,73.77132415771484,0.008463541977107525,0.30878257751464844,5437440.0,0.008098350837826729,0.0,3540,28072,1,1746180264.4084766
1445.612008144,0.0,-0.013404641300439835,0.7318708896636963,3540,30.07552146911621,73.77132415771484,0.0078125,0.2981089949607849,5438976.0,0.011398148722946644,0.0,3541,28080,1,1746180264.7998085
1447.177005211,0.0,-0.027120783925056458,0.7318708896636963,3544,31.81770896911621,73.77132415771484,0.008463541977107525,0.3356758952140808,5445120.0,0.00735451839864254,0.0,3545,28112,1,1746180266.3648005
1449.918282322,0.0,-0.032926611602306366,0.7318708896636963,3551,29.76171875,73.77132415771484,0.0078125,0.2857973575592041,5455872.0,0.00848770048469305,0.0,3552,28168,1,1746180269.1060352
1451.113097167,0.0,-0.021503586322069168,0.7318708896636963,3554,30.76953125,73.77132415771484,0.008463541977107525,0.3074696660041809,5460480.0,0.00947646051645279,0.0,3555,28192,1,1746180270.3008955
1467.302871851,0.0,-0.039322711527347565,0.8110921382904053,3595,32.184898376464844,84.09883880615234,0.0078125,0.34101343154907227,5523456.0,0.011820385232567787,0.027131782844662666,3596,28520,1,1746180286.490708
1468.084834144,0.0,-0.009415021166205406,0.8110921382904053,3597,29.53515625,84.09883880615234,0.00911458395421505,0.28158581256866455,5526528.0,0.013898028060793877,0.027131782844662666,3598,28536,1,1746180287.2727008
1469.666485988,0.0,-0.04916039854288101,0.8110921382904053,3601,29.78515625,84.09883880615234,0.008463541977107525,0.2948296070098877,5532672.0,0.008205403573811054,0.027131782844662666,3602,28568,1,1746180288.8542101
1473.980254303,0.0,0.029505502432584763,0.8110921382904053,3612,32.055992126464844,84.09883880615234,0.01171875,0.3389706611633301,5549568.0,0.012934628874063492,0.027131782844662666,3613,28656,1,1746180293.168004
1483.434934031,0.0,0.008693180046975613,0.8110921382904053,3636,31.62890625,84.09883880615234,0.009765625,0.3130280375480652,5586432.0,0.015529622323811054,0.027131782844662666,3637,28848,1,1746180302.622752
1493.243623328,0.0,0.051602549850940704,0.8110921382904053,3661,31.654949188232422,84.09883880615234,0.00911458395421505,0.343641996383667,5624832.0,0.012155990116298199,0.027131782844662666,3662,29048,1,1746180312.4314466
1499.129917071,0.0279947929084301,0.03808273375034332,0.8110921382904053,3676,31.34505271911621,84.09883880615234,0.008463541977107525,0.35323816537857056,5647872.0,0.013264148496091366,0.027131782844662666,3677,29168,1,1746180318.3177767
1499.519217667,0.0,0.048535265028476715,0.8110921382904053,3677,31.41536521911621,84.09883880615234,0.009765625,0.3291555643081665,5649408.0,0.013036100193858147,0.027131782844662666,3678,29176,1,1746180318.707082
1501.888069512,0.0,0.04587474465370178,0.8110921382904053,3683,32.098960876464844,84.09883880615234,0.008463541977107525,0.33146172761917114,5658624.0,0.014170697890222073,0.027131782844662666,3684,29224,1,1746180321.0758946
1509.348339606,0.0,0.1048126146197319,0.8110921382904053,3702,29.0390625,84.09883880615234,0.008463541977107525,0.26475822925567627,5687808.0,0.01897280290722847,0.027131782844662666,3703,29376,1,1746180328.53619
1510.13021518,0.0,0.10640890151262283,0.8110921382904053,3704,29.76171875,84.09883880615234,0.00911458395421505,0.30151528120040894,5690880.0,0.01336616836488247,0.027131782844662666,3705,29392,1,1746180329.3180904
1513.685931771,0.0,0.13420791923999786,0.8110921382904053,3713,30.451824188232422,84.09883880615234,0.0078125,0.296570360660553,5704704.0,0.013169198296964169,0.027131782844662666,3714,29464,1,1746180332.8737552
1522.317666853,0.0,0.1167258769273758,0.8110921382904053,3735,29.721355438232422,84.09883880615234,0.0078125,0.30049070715904236,5738496.0,0.019321169704198837,0.027131782844662666,3736,29640,1,1746180341.50553
1532.927186238,0.0,0.10769796371459961,0.8110921382904053,3762,31.65755271911621,84.09883880615234,0.00911458395421505,0.3345755338668823,5779968.0,0.015460091643035412,0.027131782844662666,3763,29856,1,1746180352.1150165
1536.475255265,0.0729166716337204,0.07236006110906601,0.8110921382904053,3771,29.108074188232422,84.09883880615234,0.010416666977107525,0.39062994718551636,5793792.0,0.013539209961891174,0.027131782844662666,3772,29928,1,1746180355.6630878
1536.866346109,0.0,0.08641906827688217,0.8110921382904053,3772,29.56770896911621,84.09883880615234,0.00911458395421505,0.3069963753223419,5795328.0,0.014014214277267456,0.027131782844662666,3773,29936,1,1746180356.0541935
1537.648528568,0.0,0.07938767224550247,0.8110921382904053,3774,30.43880271911621,84.09883880615234,0.01171875,0.32857638597488403,5798400.0,0.019213274121284485,0.027131782844662666,3775,29952,1,1746180356.836346
1541.577894072,0.0,0.08112520724534988,0.8110921382904053,3784,31.953125,84.09883880615234,0.01171875,0.3581843376159668,5813760.0,0.016046568751335144,0.027131782844662666,3785,30032,1,1746180360.7656105
1542.749954291,0.0,0.08782868087291718,0.8110921382904053,3787,32.28385543823242,84.09883880615234,0.01106770895421505,0.37001678347587585,5818368.0,0.015134641900658607,0.027131782844662666,3788,30056,1,1746180361.937768
1544.312224363,0.0,0.10373391211032867,0.8110921382904053,3791,31.82421875,84.09883880615234,0.01302083395421505,0.3443872332572937,5824512.0,0.015579615719616413,0.027131782844662666,3792,30088,1,1746180363.50008
1546.668499343,0.0,0.09525758773088455,0.8110921382904053,3797,30.96614646911621,84.09883880615234,0.00911458395421505,0.3222547471523285,5833728.0,0.014809194952249527,0.027131782844662666,3798,30136,1,1746180365.856287
1548.249083742,0.0,0.10299023985862732,0.8110921382904053,3801,31.77864646911621,84.09883880615234,0.010416666977107525,0.32708555459976196,5839872.0,0.020119506865739822,0.027131782844662666,3802,30168,1,1746180367.4369068
1555.315684463,0.0,0.06003517657518387,0.8110921382904053,3819,31.08724021911621,84.09883880615234,0.010416666977107525,0.3426191806793213,5867520.0,0.017444852739572525,0.027131782844662666,3820,30312,1,1746180374.5035553
1556.095573113,0.0,0.04963141307234764,0.8110921382904053,3821,31.97005271911621,84.09883880615234,0.00911458395421505,0.3293858766555786,5870592.0,0.01575757935643196,0.027131782844662666,3822,30328,1,1746180375.2834282
1556.486468831,0.0,0.05340441316366196,0.8110921382904053,3822,31.764324188232422,84.09883880615234,0.00911458395421505,0.3388912081718445,5872128.0,0.022920403629541397,0.027131782844662666,3823,30336,1,1746180375.674317
1556.877463765,0.0,0.07680104672908783,0.8110921382904053,3823,31.135417938232422,84.09883880615234,0.009765625,0.31776249408721924,5873664.0,0.03412201628088951,0.027131782844662666,3824,30344,1,1746180376.0653138
1575.769326943,0.0,0.09059664607048035,0.8110921382904053,3871,29.78645896911621,84.09883880615234,0.00911458395421505,0.28942975401878357,5947392.0,0.01715504564344883,0.027131782844662666,3872,30728,1,1746180394.9571645
1576.93819094,0.0,0.052301544696092606,0.8110921382904053,3874,28.50390625,84.09883880615234,0.0078125,0.2585126757621765,5952000.0,0.01566489227116108,0.027131782844662666,3875,30752,1,1746180396.1260464
1578.506687957,0.0,0.08173736929893494,0.8110921382904053,3878,30.26953125,84.09883880615234,0.00911458395421505,0.29893821477890015,5958144.0,0.023063670843839645,0.027131782844662666,3879,30784,1,1746180397.6944888
1578.913282144,0.0,0.08177769184112549,0.8110921382904053,3879,31.057292938232422,84.09883880615234,0.00911458395421505,0.3072914779186249,5959680.0,0.018461523577570915,0.027131782844662666,3880,30792,1,1746180398.10095
1581.270000531,0.0,0.06748223304748535,0.8110921382904053,3885,29.17578125,84.09883880615234,0.00911458395421505,0.2742016315460205,5968896.0,0.020262502133846283,0.027131782844662666,3886,30840,1,1746180400.457794
1582.442837554,0.03125,0.060540005564689636,0.8110921382904053,3888,29.77734375,84.09883880615234,0.0078125,0.31517791748046875,5973504.0,0.020459135994315147,0.027131782844662666,3889,30864,1,1746180401.6306763
1583.62371095,0.0,0.07783456146717072,0.8110921382904053,3891,29.84375,84.09883880615234,0.008463541977107525,0.2826198935508728,5978112.0,0.019018694758415222,0.027131782844662666,3892,30888,1,1746180402.8115013
1584.016855218,0.0,0.0654875785112381,0.8110921382904053,3892,30.8046875,84.09883880615234,0.009765625,0.30070817470550537,5979648.0,0.01856815628707409,0.027131782844662666,3893,30896,1,1746180403.204679
1592.76869488,0.0,-0.08201146125793457,0.7315278649330139,3914,31.549480438232422,77.23419952392578,0.010416666977107525,0.31426846981048584,6013440.0,0.01894000545144081,0.0,3915,31072,1,1746180411.9564974
1595.114696541,0.0,-0.07475095987319946,0.7315278649330139,3920,32.15885543823242,77.23419952392578,0.01171875,0.3503396511077881,6022656.0,0.02317986637353897,0.0,3921,31120,1,1746180414.302573
1595.506033602,0.0,-0.09666574746370316,0.7315278649330139,3921,31.807292938232422,77.23419952392578,0.013671875,0.3344385623931885,6024192.0,0.019560985267162323,0.0,3922,31128,1,1746180414.6938891
1599.424126857,0.0,-0.05369442328810692,0.7315278649330139,3931,32.020835876464844,77.23419952392578,0.01106770895421505,0.33891135454177856,6039552.0,0.016654780134558678,0.0,3932,31208,1,1746180418.6119697
1617.890520718,0.0,-0.16739828884601593,0.7315278649330139,3978,30.86328125,77.23419952392578,0.00911458395421505,0.30565977096557617,6111744.0,0.0231824591755867,0.0,3979,31584,1,1746180437.0783837
1618.672454075,0.0,-0.18476681411266327,0.7315278649330139,3980,29.92317771911621,77.23419952392578,0.00911458395421505,0.28694435954093933,6114816.0,0.01815652847290039,0.0,3981,31600,1,1746180437.8602834
1622.616055185,0.0201822929084301,-0.17486658692359924,0.7315278649330139,3990,31.30989646911621,77.23419952392578,0.008463541977107525,0.32774901390075684,6130176.0,0.01709735207259655,0.0,3991,31680,1,1746180441.8038533
1628.112167535,0.0,-0.15159302949905396,0.7315278649330139,4004,30.79296875,77.23419952392578,0.008463541977107525,0.3063100576400757,6151680.0,0.016273818910121918,0.0,4005,31792,1,1746180447.299977
1630.06664206,0.0,-0.1623932123184204,0.7315278649330139,4009,29.256511688232422,77.23419952392578,0.0078125,0.27815496921539307,6159360.0,0.015781516209244728,0.0,4010,31832,1,1746180449.2544937
1630.848932085,0.0,-0.14677944779396057,0.7315278649330139,4011,29.944011688232422,77.23419952392578,0.0078125,0.2940748631954193,6162432.0,0.01659948006272316,0.0,4012,31848,1,1746180450.0368137
1654.790904543,0.0,-0.14698556065559387,0.7315278649330139,4072,30.94140625,77.23419952392578,0.009765625,0.31011486053466797,6256128.0,0.017220908775925636,0.0,4073,32336,1,1746180473.9786425
1659.503369113,0.0,-0.1315310150384903,0.7315278649330139,4084,31.40625,77.23419952392578,0.010416666977107525,0.3278087079524994,6274560.0,0.0283602736890316,0.0,4085,32432,1,1746180478.6912243
1668.551123329,0.0,-0.15569522976875305,0.7315278649330139,4107,29.57552146911621,77.23419952392578,0.008463541977107525,0.2919280230998993,6309888.0,0.03099668025970459,0.0,4108,32616,1,1746180487.738948
1668.942108851,0.0,-0.14149589836597443,0.7315278649330139,4108,29.70833396911621,77.23419952392578,0.0078125,0.27705907821655273,6311424.0,0.027721811085939407,0.0,4109,32624,1,1746180488.1299202
1673.268931013,0.0,-0.33107370138168335,0.7315278649330139,4119,30.14974021911621,77.23419952392578,0.0078125,0.28860318660736084,6328320.0,0.014607606455683708,0.0,4120,32712,1,1746180492.4566894
1675.61537059,0.0,-0.34546390175819397,0.7315278649330139,4125,27.99739646911621,77.23419952392578,0.0078125,0.26093190908432007,6337536.0,0.012055139988660812,0.0,4126,32760,1,1746180494.8032255
1683.452579697,0.0,-0.29763850569725037,0.7315278649330139,4145,31.28515625,77.23419952392578,0.010416666977107525,0.32533878087997437,6368256.0,0.0153963603079319,0.0,4146,32920,1,1746180502.6403847
1688.159800122,0.0,-0.26671314239501953,0.7315278649330139,4157,30.9375,77.23419952392578,0.00911458395421505,0.3108852803707123,6386688.0,0.01487116888165474,0.0,4158,33016,1,1746180507.347644
1695.608959102,0.0,-0.31619104743003845,0.7315278649330139,4176,30.986980438232422,77.23419952392578,0.00911458395421505,0.33793526887893677,6415872.0,0.013029936701059341,0.0,4177,33168,1,1746180514.7967467
1697.174641197,0.0,-0.3050009608268738,0.7315278649330139,4180,30.40364646911621,77.23419952392578,0.0078125,0.3041895627975464,6422016.0,0.0098964162170887,0.0,4181,33200,1,1746180516.3624036
1701.502037674,0.0,-0.3030039370059967,0.7315278649330139,4191,28.171875,77.23419952392578,0.0078125,0.25832226872444153,6438912.0,0.012552567757666111,0.0,4192,33288,1,1746180520.6898437
1706.993148732,0.0,-0.2972681522369385,0.7315278649330139,4205,29.44140625,77.23419952392578,0.008463541977107525,0.27907508611679077,6460416.0,0.016167892143130302,0.0,4206,33400,1,1746180526.180959
1717.284855161,0.0,-0.31671661138534546,0.7837920784950256,4231,29.33724021911621,77.74296569824219,0.0078125,0.27972254157066345,6500352.0,0.013199903070926666,0.01876172609627247,4232,33608,1,1746180536.472659
1722.389183991,0.0,-0.30940115451812744,0.7837920784950256,4244,30.252605438232422,77.74296569824219,0.00911458395421505,0.30507132411003113,6520320.0,0.013715903274714947,0.01876172609627247,4245,33712,1,1746180541.5769014
1723.174139865,0.0,-0.32758164405822754,0.7837920784950256,4246,30.09375,77.74296569824219,0.008463541977107525,0.3130563199520111,6523392.0,0.013953706249594688,0.01876172609627247,4247,33728,1,1746180542.361924
1732.966878806,0.0,-0.3145453929901123,0.7837920784950256,4271,30.78515625,77.74296569824219,0.0078125,0.29273396730422974,6561792.0,0.015572473406791687,0.01876172609627247,4272,33928,1,1746180552.1547136
1739.231821224,0.0,-0.29761067032814026,0.7837920784950256,4287,29.22265625,77.74296569824219,0.008463541977107525,0.26288270950317383,6586368.0,0.020954493433237076,0.01876172609627247,4288,34056,1,1746180558.4196754
1742.767419651,0.0,-0.31597083806991577,0.7837920784950256,4296,29.1484375,77.74296569824219,0.0078125,0.28810498118400574,6600192.0,0.01734151318669319,0.01876172609627247,4297,34128,1,1746180561.9552586
1750.65876331,0.0,-0.311775267124176,0.7837920784950256,4316,31.236980438232422,77.74296569824219,0.009765625,0.32359033823013306,6630912.0,0.012831715866923332,0.01876172609627247,4317,34288,1,1746180569.8466384
1754.20021624,0.029296875,-0.32262948155403137,0.7837920784950256,4325,30.658855438232422,77.74296569824219,0.008463541977107525,0.3380742073059082,6644736.0,0.011443348601460457,0.01876172609627247,4326,34360,1,1746180573.3879743
1757.715576433,0.0,-0.28235024213790894,0.7837920784950256,4334,32.1015625,77.74296569824219,0.00911458395421505,0.337723970413208,6658560.0,0.013454008847475052,0.01876172609627247,4335,34432,1,1746180576.9034367
1758.110677882,0.021484375,-0.31983256340026855,0.7837920784950256,4335,28.57421875,77.74296569824219,0.0078125,0.2960287630558014,6660096.0,0.012742750346660614,0.01876172609627247,4336,34440,1,1746180577.2984343
1760.087023049,0.0,-0.3000399172306061,0.7837920784950256,4340,30.588542938232422,77.74296569824219,0.0078125,0.30946844816207886,6667776.0,0.01841491460800171,0.01876172609627247,4341,34480,1,1746180579.2747579
1761.276088327,0.0,-0.29563629627227783,0.7837920784950256,4343,32.27213668823242,77.74296569824219,0.01106770895421505,0.3503880500793457,6672384.0,0.01740003377199173,0.01876172609627247,4344,34504,1,1746180580.4638689
1765.181432306,0.0182291679084301,-0.27054157853126526,0.7837920784950256,4353,30.4609375,77.74296569824219,0.010416666977107525,0.33270570635795593,6687744.0,0.014438232406973839,0.01876172609627247,4354,34584,1,1746180584.3692784
1771.474199277,0.0,-0.2549678683280945,0.7837920784950256,4369,31.12109375,77.74296569824219,0.008463541977107525,0.32518988847732544,6712320.0,0.015796402469277382,0.01876172609627247,4370,34712,1,1746180590.6619895
1776.56082705,0.0,-0.22568440437316895,0.7837920784950256,4382,31.44140625,77.74296569824219,0.01171875,0.3341115415096283,6732288.0,0.020866211503744125,0.01876172609627247,4383,34816,1,1746180595.7486472
1778.542414406,0.0,-0.21132193505764008,0.7837920784950256,4387,32.36198043823242,77.74296569824219,0.01106770895421505,0.3460863530635834,6739968.0,0.0225321426987648,0.01876172609627247,4388,34856,1,1746180597.7302444
1784.031066945,0.0,-0.269626259803772,0.7837920784950256,4401,31.151042938232422,77.74296569824219,0.01106770895421505,0.32024919986724854,6761472.0,0.017722105607390404,0.01876172609627247,4402,34968,1,1746180603.2188637
1788.34280604,0.0,-0.2966363728046417,0.7837920784950256,4412,31.14974021911621,77.74296569824219,0.01302083395421505,0.31769973039627075,6778368.0,0.019992392510175705,0.01876172609627247,4413,35056,1,1746180607.5306284
1792.270108813,0.0,-0.24655888974666595,0.7837920784950256,4422,31.73567771911621,77.74296569824219,0.010416666977107525,0.3261135518550873,6793728.0,0.0177750326693058,0.01876172609627247,4423,35136,1,1746180611.4579723
1796.196006982,0.0,-0.2242649793624878,0.7837920784950256,4432,31.041667938232422,77.74296569824219,0.0078125,0.3157089352607727,6809088.0,0.015540452674031258,0.01876172609627247,4433,35216,1,1746180615.383846
1798.151234479,0.0,-0.21416524052619934,0.7837920784950256,4437,30.93880271911621,77.74296569824219,0.009765625,0.3153011202812195,6816768.0,0.017516091465950012,0.01876172609627247,4438,35256,1,1746180617.3390899
1799.324472353,0.0,-0.23816907405853271,0.7837920784950256,4440,30.984375,77.74296569824219,0.008463541977107525,0.3077206015586853,6821376.0,0.018268588930368423,0.01876172609627247,4441,35280,1,1746180618.5122042
1801.293889767,0.0,-0.24935387074947357,0.7837920784950256,4445,28.05078125,77.74296569824219,0.008463541977107525,0.2568678855895996,6829056.0,0.02514607086777687,0.01876172609627247,4446,35320,1,1746180620.4816883
1803.249566515,0.0,-0.23482927680015564,0.7837920784950256,4450,29.96224021911621,77.74296569824219,0.009765625,0.2911391854286194,6836736.0,0.01152104139328003,0.01876172609627247,4451,35360,1,1746180622.4374247
1817.010218417,0.0,-0.013547711074352264,0.7837920784950256,4485,31.22395896911621,77.74296569824219,0.013671875,0.3352753520011902,6890496.0,0.0380341000854969,0.01876172609627247,4486,35640,1,1746180636.1980798
1817.401303373,0.0,-0.06042645871639252,0.7837920784950256,4486,32.171875,77.74296569824219,0.01302083395421505,0.3601173758506775,6892032.0,0.021941369399428368,0.01876172609627247,4487,35648,1,1746180636.5891411
1819.372546378,0.0,0.0072604939341545105,0.7837920784950256,4491,32.26041793823242,77.74296569824219,0.01171875,0.3492814898490906,6899712.0,0.03849475458264351,0.01876172609627247,4492,35688,1,1746180638.5603647
1820.545807596,0.0,-0.022674575448036194,0.7837920784950256,4494,32.302085876464844,77.74296569824219,0.01171875,0.356355756521225,6904320.0,0.03077937290072441,0.01876172609627247,4495,35712,1,1746180639.7336411
1822.109852444,0.0,-0.06761911511421204,0.7837920784950256,4498,31.940105438232422,77.74296569824219,0.013671875,0.3395655155181885,6910464.0,0.029385309666395187,0.01876172609627247,4499,35744,1,1746180641.297659
1832.722015704,0.0,-8.772127330303192e-06,0.7837920784950256,4525,32.32682418823242,77.74296569824219,0.010416666977107525,0.3494734764099121,6951936.0,0.046727556735277176,0.01876172609627247,4526,35960,1,1746180651.9098427
1840.965142448,0.0,-0.09686484932899475,0.7837920784950256,4546,31.522136688232422,77.74296569824219,0.010416666977107525,0.32874757051467896,6984192.0,0.031547486782073975,0.01876172609627247,4547,36128,1,1746180660.1529322
1841.758773784,0.0,-0.0646350234746933,0.7837920784950256,4548,30.8046875,77.74296569824219,0.009765625,0.3154662847518921,6987264.0,0.07546716928482056,0.01876172609627247,4549,36144,1,1746180660.9465823
1843.415775205,0.0,-0.008138741366565228,0.707003116607666,4552,31.953125,67.44239807128906,0.010416666977107525,0.3239598274230957,6993408.0,0.051205046474933624,0.0,4553,36176,1,1746180662.6036053
1848.125952428,0.0,-0.010315998457372189,0.707003116607666,4564,32.44140625,67.44239807128906,0.010416666977107525,0.3408587574958801,7011840.0,0.047357525676488876,0.0,4565,36272,1,1746180667.3138015
1850.078254574,0.0,0.0410146564245224,0.707003116607666,4569,32.255210876464844,67.44239807128906,0.01171875,0.3171229958534241,7019520.0,0.12720121443271637,0.0,4570,36312,1,1746180669.2661133
1852.852483454,0.0,-0.01303851418197155,0.707003116607666,4576,31.91536521911621,67.44239807128906,0.013671875,0.3243018388748169,7030272.0,0.031445734202861786,0.0,4577,36368,1,1746180672.0401547
1867.374806377,0.0,-0.08212065696716309,0.707003116607666,4613,32.12890625,67.44239807128906,0.009765625,0.34495553374290466,7087104.0,0.0447068065404892,0.0,4614,36664,1,1746180686.5626445
1868.938095255,0.0,-0.06456685066223145,0.707003116607666,4617,32.348960876464844,67.44239807128906,0.00911458395421505,0.3582324683666229,7093248.0,0.03307449445128441,0.0,4618,36696,1,1746180688.125961
1878.747039024,0.0,-0.2074105441570282,0.707003116607666,4642,30.955730438232422,67.44239807128906,0.009765625,0.30798524618148804,7131648.0,0.01996048353612423,0.0,4643,36896,1,1746180697.9348779
1883.057004638,0.0,-0.16998808085918427,0.707003116607666,4653,29.82421875,67.44239807128906,0.01171875,0.3089352250099182,7148544.0,0.02354908548295498,0.0,4654,36984,1,1746180702.2447
1883.839379466,0.0,-0.19273951649665833,0.707003116607666,4655,30.23046875,67.44239807128906,0.010416666977107525,0.29872196912765503,7151616.0,0.05092070251703262,0.0,4656,37000,1,1746180703.027217
1891.302312349,0.0,-0.12527136504650116,0.707003116607666,4674,31.59375,67.44239807128906,0.01106770895421505,0.3155522048473358,7180800.0,0.056626126170158386,0.0,4675,37152,1,1746180710.4901233
1904.223907748,0.0,-0.2672359347343445,0.707003116607666,4707,30.1328125,67.44239807128906,0.009765625,0.3098512291908264,7231488.0,0.02961631864309311,0.0,4708,37416,1,1746180723.4117916
1905.003232404,0.0,-0.31162309646606445,0.707003116607666,4709,30.779949188232422,67.44239807128906,0.00911458395421505,0.2848443388938904,7234560.0,0.04108311980962753,0.0,4710,37432,1,1746180724.191031
1909.362082758,0.0,-0.2763039469718933,0.707003116607666,4720,31.54427146911621,67.44239807128906,0.00911458395421505,0.3039114475250244,7251456.0,0.02972744032740593,0.0,4721,37520,1,1746180728.549761
1911.32798478,0.0,-0.30103403329849243,0.707003116607666,4725,31.29427146911621,67.44239807128906,0.01106770895421505,0.32861849665641785,7259136.0,0.027714718133211136,0.0,4726,37560,1,1746180730.5158193
1911.718075201,0.0,-0.2866409122943878,0.707003116607666,4726,27.811199188232422,67.44239807128906,0.010416666977107525,0.2494577169418335,7260672.0,0.03455127775669098,0.0,4727,37568,1,1746180730.90588
1919.609459812,0.0,-0.3575465679168701,0.707003116607666,4746,30.639324188232422,67.44239807128906,0.01106770895421505,0.3336568772792816,7291392.0,0.031789667904376984,0.0,4747,37728,1,1746180738.7973218
1928.645122294,0.0,-0.48154890537261963,0.707003116607666,4769,29.63411521911621,67.44239807128906,0.0078125,0.2636808156967163,7326720.0,0.029183989390730858,0.0,4770,37912,1,1746180747.8329148
1930.995679989,0.0,-0.4184107780456543,0.707003116607666,4775,30.901042938232422,67.44239807128906,0.010416666977107525,0.30572736263275146,7335936.0,0.02019759640097618,0.0,4776,37960,1,1746180750.1835115
1931.387126421,0.0,-0.4544961750507355,0.707003116607666,4776,27.734375,67.44239807128906,0.00911458395421505,0.24615077674388885,7337472.0,0.0370941087603569,0.0,4777,37968,1,1746180750.5748515
1940.807978888,0.0,-0.4584541916847229,0.707003116607666,4800,30.24739646911621,67.44239807128906,0.008463541977107525,0.283423513174057,7374336.0,0.0266367569565773,0.0,4801,38160,1,1746180759.9958434
1964.750810556,0.0,-0.4662010669708252,0.707003116607666,4861,30.6796875,67.44239807128906,0.009765625,0.3128681182861328,7468032.0,0.028988849371671677,0.0,4862,38648,1,1746180783.9386806
1970.352248357,0.0,-0.4270431399345398,0.7265311479568481,4875,30.80989646911621,73.93456268310547,0.008463541977107525,0.31611961126327515,7489536.0,0.022829793393611908,0.00671140942722559,4876,38760,1,1746180789.5401344
1975.459694938,0.0,-0.46174943447113037,0.7265311479568481,4888,29.369792938232422,73.93456268310547,0.008463541977107525,0.2934635877609253,7509504.0,0.03307202085852623,0.00671140942722559,4889,38864,1,1746180794.6461055
1978.215273075,0.0,-0.453630656003952,0.7265311479568481,4895,30.46875,73.93456268310547,0.009765625,0.31323012709617615,7520256.0,0.024607984349131584,0.00671140942722559,4896,38920,1,1746180797.4031038
1982.526390196,0.0,-0.4601697027683258,0.7265311479568481,4906,30.221355438232422,73.93456268310547,0.010416666977107525,0.2962639331817627,7537152.0,0.03015008009970188,0.00671140942722559,4907,39008,1,1746180801.7141902
1985.671832495,0.0,-0.506424069404602,0.7265311479568481,4914,27.893230438232422,73.93456268310547,0.009765625,0.2571125030517578,7549440.0,0.02557632327079773,0.00671140942722559,4915,39072,1,1746180804.8596785
1987.235925752,0.0,-0.5177072286605835,0.7265311479568481,4918,31.053386688232422,73.93456268310547,0.012369791977107525,0.310533344745636,7555584.0,0.02220267243683338,0.00671140942722559,4919,39104,1,1746180806.423782
1992.372893518,0.0,-0.505365252494812,0.7265311479568481,4931,31.869792938232422,73.93456268310547,0.009765625,0.3257923722267151,7575552.0,0.01982893794775009,0.00671140942722559,4932,39208,1,1746180811.5607548
2004.552839687,0.0,-0.5156335234642029,0.7265311479568481,4962,30.60546875,73.93456268310547,0.009765625,0.3197641372680664,7623168.0,0.027915991842746735,0.00671140942722559,4963,39456,1,1746180823.740689
2008.877217033,0.0,-0.4991605877876282,0.7265311479568481,4973,31.287761688232422,73.93456268310547,0.008463541977107525,0.3175649046897888,7640064.0,0.033313244581222534,0.00671140942722559,4974,39544,1,1746180828.0650573
2015.166489389,0.0,-0.498234361410141,0.7265311479568481,4989,30.076824188232422,73.93456268310547,0.010416666977107525,0.30089712142944336,7664640.0,0.032441396266222,0.00671140942722559,4990,39672,1,1746180834.3543112
2016.730497356,0.0,-0.5459328889846802,0.7265311479568481,4993,30.04817771911621,73.93456268310547,0.01171875,0.2998219132423401,7670784.0,0.04150637984275818,0.00671140942722559,4994,39704,1,1746180835.9183989
2017.515370593,0.0,-0.5400211215019226,0.7265311479568481,4995,31.143230438232422,73.93456268310547,0.010416666977107525,0.3182430863380432,7673856.0,0.037556760013103485,0.00671140942722559,4996,39720,1,1746180836.7031698
2018.69941162,0.0,-0.49392935633659363,0.7265311479568481,4998,30.71484375,73.93456268310547,0.00911458395421505,0.297590047121048,7678464.0,0.04108242690563202,0.00671140942722559,4999,39744,1,1746180837.8870442
2029.309556571,0.0,-0.6150968670845032,0.7265311479568481,5025,31.55859375,73.93456268310547,0.00911458395421505,0.32839247584342957,7719936.0,0.032252177596092224,0.00671140942722559,5026,39960,1,1746180848.497336
2055.678812575,0.0,-0.6970323324203491,0.7265311479568481,5092,31.83203125,73.93456268310547,0.010416666977107525,0.33416712284088135,7822848.0,0.03264962136745453,0.00671140942722559,5093,40496,1,1746180874.8665278
2056.072165435,0.0,-0.7263278961181641,0.7265311479568481,5093,30.22395896911621,73.93456268310547,0.01171875,0.29119694232940674,7824384.0,0.020437154918909073,0.00671140942722559,5094,40504,1,1746180875.2598088
2066.302126755,0.0,-0.8077245950698853,0.7265311479568481,5119,30.99739646911621,73.93456268310547,0.008463541977107525,0.3013070225715637,7864320.0,0.01952045038342476,0.00671140942722559,5120,40712,1,1746180885.4899533
2078.096052487,0.0,-0.7149412631988525,0.7265311479568481,5149,31.38020896911621,73.93456268310547,0.0078125,0.3147734999656677,7910400.0,0.02368522435426712,0.00671140942722559,5150,40952,1,1746180897.283559
2088.728582702,0.0,-0.7006788849830627,0.7265311479568481,5176,32.06640625,73.93456268310547,0.010416666977107525,0.3426210284233093,7951872.0,0.03891010209918022,0.00671140942722559,5177,41168,1,1746180907.916232
2096.972531385,0.0,-0.7829234600067139,0.7265311479568481,5197,30.111980438232422,73.93456268310547,0.00911458395421505,0.30569544434547424,7984128.0,0.03063376061618328,0.00671140942722559,5198,41336,1,1746180916.1599033
2099.428648484,0.0,-0.7994911670684814,0.762058436870575,5203,31.463542938232422,73.23272705078125,0.00911458395421505,0.3302806317806244,7993344.0,0.028191950172185898,0.01272727269679308,5204,41384,1,1746180918.6161504
2109.654546718,0.0,-0.768433690071106,0.762058436870575,5229,29.4296875,73.23272705078125,0.0078125,0.28471165895462036,8033280.0,0.02712838351726532,0.01272727269679308,5230,41592,1,1746180928.841922
2119.07224043,0.0,-0.8010160326957703,0.762058436870575,5253,31.3828125,73.23272705078125,0.008463541977107525,0.33159536123275757,8070144.0,0.0233949925750494,0.01272727269679308,5254,41784,1,1746180938.2599125
2119.854679343,0.0,-0.7866438627243042,0.762058436870575,5255,29.8046875,73.23272705078125,0.009765625,0.30446285009384155,8073216.0,0.022845366969704628,0.01272727269679308,5256,41800,1,1746180939.042204
2122.996154253,0.0,-0.8034347295761108,0.762058436870575,5263,31.127605438232422,73.23272705078125,0.008463541977107525,0.3242592513561249,8085504.0,0.02308649756014347,0.01272727269679308,5264,41864,1,1746180942.183597
2123.388503152,0.0,-0.8183878660202026,0.762058436870575,5264,31.998699188232422,73.23272705078125,0.008463541977107525,0.33725303411483765,8087040.0,0.020553123205900192,0.01272727269679308,5265,41872,1,1746180942.5759997
2142.574700784,0.0,-0.8690323829650879,0.762058436870575,5313,31.4921875,73.23272705078125,0.008463541977107525,0.3412292003631592,8162304.0,0.02246556431055069,0.01272727269679308,5314,42264,1,1746180961.7625835
2150.011336211,0.0,-0.8405265808105469,0.762058436870575,5332,31.86458396911621,73.23272705078125,0.008463541977107525,0.34544166922569275,8191488.0,0.028831904754042625,0.01272727269679308,5333,42416,1,1746180969.1991754
2151.579158857,0.0,-0.8277758359909058,0.762058436870575,5336,31.4453125,73.23272705078125,0.00911458395421505,0.33443135023117065,8197632.0,0.021376390010118484,0.01272727269679308,5337,42448,1,1746180970.7670283
2154.311417231,0.0299479179084301,-0.8654515743255615,0.762058436870575,5343,30.6796875,73.23272705078125,0.0078125,0.3436698913574219,8208384.0,0.021660299971699715,0.01272727269679308,5344,42504,1,1746180973.4992993
2155.092737668,0.0,-0.8434311151504517,0.762058436870575,5345,30.815105438232422,73.23272705078125,0.00911458395421505,0.31185996532440186,8211456.0,0.024748627096414566,0.01272727269679308,5346,42520,1,1746180974.280594
2158.62527848,0.048828125,-0.8401120901107788,0.762058436870575,5354,30.82942771911621,73.23272705078125,0.008463541977107525,0.37098079919815063,8225280.0,0.026719853281974792,0.01272727269679308,5355,42592,1,1746180977.8129942
2160.58032055,0.0,-0.8366550207138062,0.762058436870575,5359,32.19791793823242,73.23272705078125,0.008463541977107525,0.35547810792922974,8232960.0,0.026761485263705254,0.01272727269679308,5360,42632,1,1746180979.7682076
2164.886514436,0.0,-0.7789857983589172,0.762058436870575,5370,31.6875,73.23272705078125,0.008463541977107525,0.33176422119140625,8249856.0,0.027507636696100235,0.01272727269679308,5371,42720,1,1746180984.0744073
2166.449778811,0.0,-0.7666894197463989,0.762058436870575,5374,30.4765625,73.23272705078125,0.0078125,0.30526381731033325,8256000.0,0.03240853548049927,0.01272727269679308,5375,42752,1,1746180985.637654
2171.545427225,0.0,-0.7533889412879944,0.762058436870575,5387,29.9765625,73.23272705078125,0.009765625,0.3121664226055145,8275968.0,0.027419887483119965,0.01272727269679308,5388,42856,1,1746180990.7333093
2177.407992914,0.0,-0.7829270362854004,0.762058436870575,5402,31.295574188232422,73.23272705078125,0.008463541977107525,0.3188387155532837,8299008.0,0.02278437837958336,0.01272727269679308,5403,42976,1,1746180996.5958583
2178.96867573,0.0,-0.7689450979232788,0.762058436870575,5406,32.184898376464844,73.23272705078125,0.0078125,0.33188894391059875,8305152.0,0.030227825045585632,0.01272727269679308,5407,43008,1,1746180998.1565425
2200.494641141,0.0,-0.78663170337677,0.762058436870575,5461,31.47395896911621,73.23272705078125,0.00911458395421505,0.33503350615501404,8389632.0,0.019624866545200348,0.01272727269679308,5462,43448,1,1746181019.6825337
2207.541422278,0.0,-0.8617697358131409,0.762058436870575,5479,31.588542938232422,73.23272705078125,0.009765625,0.3355361819267273,8417280.0,0.024205656722187996,0.01272727269679308,5480,43592,1,1746181026.7292821
2208.323589707,0.0,-0.8180099129676819,0.762058436870575,5481,31.15234375,73.23272705078125,0.008463541977107525,0.31666040420532227,8420352.0,0.02604009583592415,0.01272727269679308,5482,43608,1,1746181027.5114553
2212.625263112,0.0,-0.8261646032333374,0.762058436870575,5492,30.91145896911621,73.23272705078125,0.0078125,0.32625195384025574,8437248.0,0.018980227410793304,0.01272727269679308,5493,43696,1,1746181031.8131251
2213.407688124,0.0,-0.802781879901886,0.762058436870575,5494,31.26302146911621,73.23272705078125,0.00911458395421505,0.32016968727111816,8440320.0,0.028073221445083618,0.01272727269679308,5495,43712,1,1746181032.5955606
2214.189676718,0.0,-0.8076847791671753,0.762058436870575,5496,29.984375,73.23272705078125,0.008463541977107525,0.2994098365306854,8443392.0,0.029543081298470497,0.01272727269679308,5497,43728,1,1746181033.3775373
2225.243871351,0.03125,-0.6338640451431274,0.8074325323104858,5524,30.59505271911621,71.06491088867188,0.008463541977107525,0.34627780318260193,8486400.0,0.05908244848251343,0.04035087674856186,5525,43952,1,1746181044.4317203
2226.807948948,0.0,-0.6045764684677124,0.8074325323104858,5528,30.13802146911621,71.06491088867188,0.00911458395421505,0.3047170042991638,8492544.0,0.03827045112848282,0.04035087674856186,5529,43984,1,1746181045.995842
2227.97785966,0.0,-0.613135576248169,0.8074325323104858,5531,30.296875,71.06491088867188,0.0078125,0.28903767466545105,8497152.0,0.043448466807603836,0.04035087674856186,5532,44008,1,1746181047.1657627
2229.152741481,0.0,-0.6398667693138123,0.8074325323104858,5534,31.217449188232422,71.06491088867188,0.0078125,0.3256552815437317,8501760.0,0.03192629665136337,0.04035087674856186,5535,44032,1,1746181048.3405974
2244.411374602,0.0,-0.6374247074127197,0.8074325323104858,5573,31.10546875,71.06491088867188,0.0078125,0.31096968054771423,8561664.0,0.031576696783304214,0.04035087674856186,5574,44344,1,1746181063.599249
2256.580243961,0.0,-0.493122398853302,0.8074325323104858,5604,30.807292938232422,71.06491088867188,0.008463541977107525,0.310263991355896,8609280.0,0.03493303433060646,0.04035087674856186,5605,44592,1,1746181075.7681215
2260.101956064,0.0,-0.45311325788497925,0.8074325323104858,5613,30.17317771911621,71.06491088867188,0.00911458395421505,0.30903273820877075,8623104.0,0.04086635261774063,0.04035087674856186,5614,44664,1,1746181079.2898326
2263.228783288,0.0,-0.5091710686683655,0.8074325323104858,5621,31.90234375,71.06491088867188,0.010416666977107525,0.3349890112876892,8635392.0,0.0419691801071167,0.04035087674856186,5622,44728,1,1746181082.4166615
2264.011339657,0.0,-0.48440098762512207,0.8074325323104858,5623,31.123699188232422,71.06491088867188,0.009765625,0.3335111141204834,8638464.0,0.03950803726911545,0.04035087674856186,5624,44744,1,1746181083.199208
2265.184247778,0.0,-0.5235253572463989,0.8074325323104858,5626,31.32161521911621,71.06491088867188,0.008463541977107525,0.31535622477531433,8643072.0,0.03647018224000931,0.04035087674856186,5627,44768,1,1746181084.3720958
2278.089110577,0.0377604179084301,-0.47724008560180664,0.8074325323104858,5659,32.33073043823242,71.06491088867188,0.00911458395421505,0.396479070186615,8693760.0,0.049481574445962906,0.04035087674856186,5660,45032,1,1746181097.2769887
2284.762792473,0.04296875,-0.3737194538116455,0.8074325323104858,5676,31.76302146911621,71.06491088867188,0.009765625,0.4062691926956177,8719872.0,0.04179801419377327,0.04035087674856186,5677,45168,1,1746181103.9506779
2289.46366427,0.0,-0.40745094418525696,0.8074325323104858,5688,31.428386688232422,71.06491088867188,0.00911458395421505,0.34742602705955505,8738304.0,0.048432379961013794,0.04035087674856186,5689,45264,1,1746181108.6515458
2296.904267271,0.0,-0.29191267490386963,0.8074325323104858,5707,30.319011688232422,71.06491088867188,0.010416666977107525,0.3133866488933563,8767488.0,0.05843709409236908,0.04035087674856186,5708,45416,1,1746181116.0921104
2302.375904577,0.0,-0.3545690178871155,0.8074325323104858,5721,31.68359375,71.06491088867188,0.01106770895421505,0.3475133776664734,8788992.0,0.0579586960375309,0.04035087674856186,5722,45528,1,1746181121.563776
2306.676104245,0.0,-0.32032185792922974,0.8074325323104858,5732,31.295574188232422,71.06491088867188,0.01171875,0.34298452734947205,8805888.0,0.051311150193214417,0.04035087674856186,5733,45616,1,1746181125.8639793
2307.067159968,0.0,-0.34018972516059875,0.8074325323104858,5733,32.196617126464844,71.06491088867188,0.01106770895421505,0.35968196392059326,8807424.0,0.04217158630490303,0.04035087674856186,5734,45624,1,1746181126.2548466
2310.197699768,0.02083333395421505,-0.2920825481414795,0.8074325323104858,5741,31.455730438232422,71.06491088867188,0.00911458395421505,0.3590320944786072,8819712.0,0.048483170568943024,0.04035087674856186,5742,45688,1,1746181129.3855805
2314.10936774,0.0,-0.28801465034484863,0.8074325323104858,5751,32.375,71.06491088867188,0.010416666977107525,0.3624305725097656,8835072.0,0.06445860862731934,0.04035087674856186,5752,45768,1,1746181133.2972324
2317.642952574,0.0,-0.3302397131919861,0.8074325323104858,5760,31.057292938232422,71.06491088867188,0.010416666977107525,0.33351168036460876,8848896.0,0.04786636307835579,0.04035087674856186,5761,45840,1,1746181136.8308332
2322.730534709,0.0,-0.3505600392818451,0.8074325323104858,5773,31.670574188232422,71.06491088867188,0.00911458395421505,0.3364858329296112,8868864.0,0.043446920812129974,0.04035087674856186,5774,45944,1,1746181141.9184184
2335.633291334,0.0,-0.32881438732147217,0.8074325323104858,5806,32.05729293823242,71.06491088867188,0.01106770895421505,0.34510254859924316,8919552.0,0.06289558112621307,0.04035087674856186,5807,46208,1,1746181154.821142
2343.459336601,0.0,-0.4303011894226074,0.8074325323104858,5826,31.147136688232422,71.06491088867188,0.01106770895421505,0.32783064246177673,8950272.0,0.04746658354997635,0.04035087674856186,5827,46368,1,1746181162.647202
2344.241253201,0.0,-0.4523997902870178,0.8074325323104858,5828,31.377605438232422,71.06491088867188,0.010416666977107525,0.3335302770137787,8953344.0,0.04356410354375839,0.04035087674856186,5829,46384,1,1746181163.4290826
2345.805433089,0.0,-0.4343982934951782,0.8074325323104858,5832,31.912761688232422,71.06491088867188,0.01171875,0.32979464530944824,8959488.0,0.04676453769207001,0.04035087674856186,5833,46416,1,1746181164.9932792
2359.583619102,0.0,-0.46738332509994507,0.7696559429168701,5867,31.033855438232422,70.71379089355469,0.00911458395421505,0.33371561765670776,9013248.0,0.04022206366062164,0.02068965509533882,5868,46696,1,1746181178.7715225
2363.889363833,0.0,-0.48249995708465576,0.7696559429168701,5878,31.713542938232422,70.71379089355469,0.008463541977107525,0.3332677483558655,9030144.0,0.03832056373357773,0.02068965509533882,5879,46784,1,1746181183.077248
2367.418567189,0.0,-0.47122567892074585,0.7696559429168701,5887,31.98828125,70.71379089355469,0.01171875,0.3306104838848114,9043968.0,0.04680074006319046,0.02068965509533882,5888,46856,1,1746181186.606432
2371.718471773,0.0,-0.4367388188838959,0.7696559429168701,5898,31.315105438232422,70.71379089355469,0.008463541977107525,0.3115086853504181,9060864.0,0.06654099375009537,0.02068965509533882,5899,46944,1,1746181190.90633
2376.407215951,0.0,-0.3617045283317566,0.7696559429168701,5910,32.21875,70.71379089355469,0.012369791977107525,0.35265225172042847,9079296.0,0.05842825770378113,0.02068965509533882,5911,47040,1,1746181195.5950835
2382.659273054,0.0,-0.32904958724975586,0.7696559429168701,5926,30.87239646911621,70.71379089355469,0.01106770895421505,0.32911211252212524,9103872.0,0.05942549556493759,0.02068965509533882,5927,47168,1,1746181201.8471496
2385.392239607,0.0,-0.3801478445529938,0.7696559429168701,5933,31.98177146911621,70.71379089355469,0.01106770895421505,0.372063010931015,9114624.0,0.042480625212192535,0.02068965509533882,5934,47224,1,1746181204.580088
2392.829570136,0.0,-0.2437952160835266,0.7696559429168701,5952,32.04948043823242,70.71379089355469,0.01171875,0.3653969168663025,9143808.0,0.05528061091899872,0.02068965509533882,5953,47376,1,1746181212.0174143
2394.388991938,0.0,-0.262716144323349,0.7696559429168701,5956,32.157554626464844,70.71379089355469,0.010416666977107525,0.36826950311660767,9149952.0,0.046697162091732025,0.02068965509533882,5957,47408,1,1746181213.576863
2396.749543284,0.0345052108168602,-0.2037220299243927,0.7696559429168701,5962,32.063804626464844,70.71379089355469,0.010416666977107525,0.3982101380825043,9159168.0,0.05904608964920044,0.02068965509533882,5963,47456,1,1746181215.9373868
2400.269075121,0.0,-0.15885919332504272,0.7696559429168701,5971,30.740886688232422,70.71379089355469,0.01106770895421505,0.3466629981994629,9172992.0,0.0555512011051178,0.02068965509533882,5972,47528,1,1746181219.4569488
2406.13439411,0.02864583395421505,-0.21457773447036743,0.7696559429168701,5986,31.62630271911621,70.71379089355469,0.01302083395421505,0.38676437735557556,9196032.0,0.06617698073387146,0.02068965509533882,5987,47648,1,1746181225.3222713
2420.63648306,0.0,-0.3590611517429352,0.7696559429168701,6023,31.90234375,70.71379089355469,0.01106770895421505,0.34149980545043945,9252864.0,0.050033509731292725,0.02068965509533882,6024,47944,1,1746181239.82435
2422.200300431,0.0397135429084301,-0.37575212121009827,0.7696559429168701,6027,31.84895896911621,70.71379089355469,0.01106770895421505,0.39794012904167175,9259008.0,0.04460543394088745,0.02068965509533882,6028,47976,1,1746181241.388191
2425.328330794,0.0,-0.34368669986724854,0.7696559429168701,6035,31.09895896911621,70.71379089355469,0.010416666977107525,0.3407335877418518,9271296.0,0.058879606425762177,0.02068965509533882,6036,48040,1,1746181244.5161974
2428.459583678,0.033203125,-0.3974909484386444,0.7696559429168701,6043,31.963542938232422,70.71379089355469,0.01106770895421505,0.38562583923339844,9283584.0,0.04557984322309494,0.02068965509533882,6044,48104,1,1746181247.6474552
2428.850704157,0.02083333395421505,-0.3863161504268646,0.7696559429168701,6044,29.217449188232422,70.71379089355469,0.00911458395421505,0.32146984338760376,9285120.0,0.04780925065279007,0.02068965509533882,6045,48112,1,1746181248.0385761
2431.975162214,0.0,-0.31543368101119995,0.7696559429168701,6052,31.88411521911621,70.71379089355469,0.00911458395421505,0.35135936737060547,9297408.0,0.056389763951301575,0.02068965509533882,6053,48176,1,1746181251.163012
2433.148001903,0.0,-0.33683931827545166,0.7696559429168701,6055,31.14974021911621,70.71379089355469,0.010416666977107525,0.3195294141769409,9302016.0,0.06319770216941833,0.02068965509533882,6056,48200,1,1746181252.3358436
2453.491768701,0.05078125,-0.442941278219223,0.7696559429168701,6107,29.772136688232422,70.71379089355469,0.00911458395421505,0.3543406128883362,9381888.0,0.0744176059961319,0.02068965509533882,6108,48616,1,1746181272.6796112
2454.270615416,0.0,-0.5023818612098694,0.7696559429168701,6109,32.20963668823242,70.71379089355469,0.01106770895421505,0.35655221343040466,9384960.0,0.08353405445814133,0.02068965509533882,6110,48632,1,1746181273.4584942
2456.615305521,0.0,-0.4866497218608856,0.7696559429168701,6115,31.33724021911621,70.71379089355469,0.00911458395421505,0.3215029239654541,9394176.0,0.06042264401912689,0.02068965509533882,6116,48680,1,1746181275.8031697
2460.140186143,0.0,-0.4991089701652527,0.7696559429168701,6124,31.29427146911621,70.71379089355469,0.00911458395421505,0.34386610984802246,9408000.0,0.051745615899562836,0.02068965509533882,6125,48752,1,1746181279.3280387
2473.828818627,0.0,-0.4442368745803833,0.7696559429168701,6159,31.85286521911621,70.71379089355469,0.010416666977107525,0.359172523021698,9461760.0,0.07480904459953308,0.02068965509533882,6160,49032,1,1746181293.0167036
2477.365912694,0.0,-0.547042727470398,0.7696559429168701,6168,31.2578125,70.71379089355469,0.008463541977107525,0.34277504682540894,9475584.0,0.110017791390419,0.02068965509533882,6169,49104,1,1746181296.5538034
2486.078610617,0.0,-0.538235068321228,0.7792739868164062,6190,31.604167938232422,68.71587371826172,0.01106770895421505,0.32220596075057983,9509376.0,0.05648012086749077,0.02539682574570179,6191,49280,1,1746181305.2664616
2496.634933562,0.0,-0.5621896386146545,0.7792739868164062,6217,32.07291793823242,68.71587371826172,0.01171875,0.35310110449790955,9550848.0,0.049535561352968216,0.02539682574570179,6218,49496,1,1746181315.8228378
2502.896799532,0.0,-0.5677307844161987,0.7792739868164062,6233,31.8359375,68.71587371826172,0.009765625,0.3517162799835205,9575424.0,0.05616883933544159,0.02539682574570179,6234,49624,1,1746181322.084692
2507.980426091,0.0,-0.5283564329147339,0.7792739868164062,6246,30.7265625,68.71587371826172,0.00911458395421505,0.31828680634498596,9595392.0,0.052869558334350586,0.02539682574570179,6247,49728,1,1746181327.1683064
2523.636987848,0.0611979179084301,-0.5333976745605469,0.7792739868164062,6286,31.82161521911621,68.71587371826172,0.009765625,0.4261183738708496,9656832.0,0.04638759046792984,0.02539682574570179,6287,50048,1,1746181342.824873
2527.156797894,0.0,-0.5726590156555176,0.7792739868164062,6295,30.80859375,68.71587371826172,0.00911458395421505,0.3358793258666992,9670656.0,0.05875048786401749,0.02539682574570179,6296,50120,1,1746181346.344665
2527.547566357,0.0,-0.5534933805465698,0.7792739868164062,6296,30.983074188232422,68.71587371826172,0.008463541977107525,0.3453536927700043,9672192.0,0.07113820314407349,0.02539682574570179,6297,50128,1,1746181346.7354362
2531.453233679,0.0,-0.6647772789001465,0.7792739868164062,6306,31.61458396911621,68.71587371826172,0.00911458395421505,0.33817195892333984,9687552.0,0.06417602300643921,0.02539682574570179,6307,50208,1,1746181350.6410317
2534.980380121,0.0,-0.6179165840148926,0.7792739868164062,6315,31.41145896911621,68.71587371826172,0.00911458395421505,0.3639530539512634,9701376.0,0.05083522945642471,0.02539682574570179,6316,50280,1,1746181354.1682467
2535.76324688,0.0319010429084301,-0.620023250579834,0.7792739868164062,6317,31.10286521911621,68.71587371826172,0.008463541977107525,0.3799225687980652,9704448.0,0.051162540912628174,0.02539682574570179,6318,50296,1,1746181354.9511147
2552.577669777,0.0,-0.5697265863418579,0.7792739868164062,6360,31.93359375,68.71587371826172,0.01171875,0.35043954849243164,9770496.0,0.0561770498752594,0.02539682574570179,6361,50640,1,1746181371.7655358
2553.358078992,0.0,-0.5490736961364746,0.7792739868164062,6362,31.95833396911621,68.71587371826172,0.00911458395421505,0.3690135180950165,9773568.0,0.06516630947589874,0.02539682574570179,6363,50656,1,1746181372.5459561
2566.656280881,0.0,-0.552033543586731,0.7792739868164062,6396,31.47786521911621,68.71587371826172,0.009765625,0.3586840331554413,9825792.0,0.055405907332897186,0.02539682574570179,6397,50928,1,1746181385.844129
2574.0895412,0.0299479179084301,-0.5046168565750122,0.7792739868164062,6415,31.95052146911621,68.71587371826172,0.010416666977107525,0.3905407786369324,9854976.0,0.06963399052619934,0.02539682574570179,6416,51080,1,1746181393.2773995
2577.214046794,0.0,-0.43858572840690613,0.7792739868164062,6423,32.036460876464844,68.71587371826172,0.01302083395421505,0.3617341220378876,9867264.0,0.07355204224586487,0.02539682574570179,6424,51144,1,1746181396.4018936
2582.301536766,0.0,-0.43463134765625,0.7792739868164062,6436,31.57161521911621,68.71587371826172,0.010416666977107525,0.3600881099700928,9887232.0,0.06663332879543304,0.02539682574570179,6437,51248,1,1746181401.4894164
2597.595590014,0.0,-0.5151084661483765,0.7792739868164062,6475,31.869792938232422,68.71587371826172,0.012369791977107525,0.35783490538597107,9947136.0,0.13593600690364838,0.02539682574570179,6476,51560,1,1746181416.7834466
2608.664223652,0.02278645895421505,-0.4433233439922333,0.9899291396141052,6503,31.1171875,73.30464935302734,0.012369791977107525,0.38402050733566284,9990144.0,0.09234346449375153,0.15490534901618958,6504,51784,1,1746181427.852102
2610.620328092,0.03125,-0.4386899471282959,0.9899291396141052,6508,31.0078125,73.30464935302734,0.01106770895421505,0.3924846053123474,9997824.0,0.13210585713386536,0.15490534901618958,6509,51824,1,1746181429.8082283
