returned_episode_lengths,returned_won_episode,update_steps,env_step,_step,test_returned_episode_returns,loss,returned_episode,returned_episode_returns,test_returned_won_episode,qvals,grad_steps,_runtime,test_returned_episode_lengths,test_returned_episode,_timestamp
30.640625,0.0,16,24576,15,0.0846984013915062,0.0,0.01302083395421505,0.1118665486574173,0.0,0.0,0,58.644210676,30.021032333374023,1.0,1746160654.7340925
31.2578125,0.0,30,46080,29,0.0846984013915062,0.0,0.01171875,0.10968469083309174,0.0,0.0,0,59.558097699,30.021032333374023,1.0,1746160655.6479552
31.69270896911621,0.0,53,81408,52,0.0846984013915062,0.00787138007581234,0.01497395895421505,0.12842603027820587,0.0,0.5024340748786926,176,68.508058029,30.021032333374023,1.0,1746160664.5977628
31.41015625,0.0,87,133632,86,0.0846984013915062,0.009687956422567368,0.015625,0.1662082076072693,0.0,0.7316847443580627,448,82.209731774,30.021032333374023,1.0,1746160678.2994702
31.264324188232422,0.0,183,281088,182,0.0846984013915062,0.04660662263631821,0.014322916977107525,0.18967565894126892,0.0,0.9023011922836304,1216,120.858667755,30.021032333374023,1.0,1746160716.9484317
31.59114646911621,0.0,196,301056,195,0.0846984013915062,0.05094095319509506,0.01497395895421505,0.2023090422153473,0.0,0.8844424486160278,1320,126.093908994,30.021032333374023,1.0,1746160722.1836128
31.803386688232422,0.0,213,327168,212,0.0846984013915062,0.036905933171510696,0.01302083395421505,0.2190910279750824,0.0,0.9287319183349609,1456,132.978033049,30.021032333374023,1.0,1746160729.0674124
31.86328125,0.0,221,339456,220,0.0846984013915062,0.034244000911712646,0.013671875,0.23151814937591553,0.0,0.9214364290237427,1520,136.215297626,30.021032333374023,1.0,1746160732.3049822
32.03385543823242,0.0,225,345600,224,0.0846984013915062,0.06090940535068512,0.013671875,0.22554680705070496,0.0,0.9353141784667969,1552,137.815597858,30.021032333374023,1.0,1746160733.905244
32.016929626464844,0.0,239,367104,238,0.0846984013915062,0.059864841401576996,0.015625,0.2450791895389557,0.0,0.9640946984291077,1664,143.426376205,30.021032333374023,1.0,1746160739.5161014
31.88802146911621,0.0,241,370176,240,0.0846984013915062,0.05922620743513107,0.015625,0.22348324954509735,0.0,0.9637813568115234,1680,144.223018158,30.021032333374023,1.0,1746160740.3125422
31.975261688232422,0.0,268,411648,267,0.0846984013915062,0.11088090389966965,0.015625,0.2452252209186554,0.0,0.839844822883606,1896,155.112842953,30.021032333374023,1.0,1746160751.2024252
32.03776168823242,0.0,272,417792,271,0.0846984013915062,0.3579813838005066,0.01497395895421505,0.2555578052997589,0.0,0.8357333540916443,1928,156.747039428,30.021032333374023,1.0,1746160752.8365571
31.6875,0.0,280,430080,279,0.0846984013915062,0.2721688449382782,0.013671875,0.22625653445720673,0.0,0.7348742485046387,1992,159.937164112,30.021032333374023,1.0,1746160756.026862
32.22265625,0.0,291,446976,290,0.0846984013915062,0.11182726919651031,0.01497395895421505,0.2366701364517212,0.0,0.6625559329986572,2080,164.348265199,30.021032333374023,1.0,1746160760.4378037
32.00651168823242,0.0,326,500736,325,0.6788403391838074,0.1284865140914917,0.015625,0.23865720629692078,0.0015151515835896134,0.660896897315979,2360,178.574911522,66.51969909667969,1.0,1746160774.664573
32.0234375,0.0,341,523776,340,0.6788403391838074,0.11412172019481659,0.014322916977107525,0.24915413558483124,0.0015151515835896134,0.6549146175384521,2480,184.623196715,66.51969909667969,1.0,1746160780.7128997
29.69140625,0.0,401,615936,400,0.6788403391838074,0.09683620184659958,0.015625,0.15948134660720825,0.0015151515835896134,0.6216416954994202,2960,208.774522239,66.51969909667969,1.0,1746160804.8642151
32.28125,0.0,414,635904,413,0.6788403391838074,0.08475015312433243,0.01302083395421505,0.2181551456451416,0.0015151515835896134,0.5604762434959412,3064,214.158079276,66.51969909667969,1.0,1746160810.247734
31.89453125,0.0,443,680448,442,0.6788403391838074,0.06170351803302765,0.014322916977107525,0.2248152792453766,0.0015151515835896134,0.5686752200126648,3296,225.839428951,66.51969909667969,1.0,1746160821.929111
31.828125,0.0,471,723456,470,0.6788403391838074,0.0492238849401474,0.01497395895421505,0.15420377254486084,0.0015151515835896134,0.44969111680984497,3520,237.104129425,66.51969909667969,1.0,1746160833.1936917
31.5546875,0.0,488,749568,487,0.6788403391838074,0.13231906294822693,0.01171875,0.24807170033454895,0.0015151515835896134,0.3089807629585266,3656,243.954112512,66.51969909667969,1.0,1746160840.0431788
32.2734375,0.0,518,795648,517,0.6788403391838074,0.06831757724285126,0.01302083395421505,0.21193242073059082,0.0015151515835896134,0.18305981159210205,3896,256.013340535,66.51969909667969,1.0,1746160852.1030421
31.947917938232422,0.0,523,803328,522,0.6788403391838074,0.0633225291967392,0.015625,0.21036766469478607,0.0015151515835896134,0.1602783203125,3936,258.05019033,66.51969909667969,1.0,1746160854.139928
31.74349021911621,0.0,538,826368,537,0.6788403391838074,0.04874119535088539,0.01497395895421505,0.22844582796096802,0.0015151515835896134,0.15504688024520874,4056,264.088205297,66.51969909667969,1.0,1746160860.17792
32.17057418823242,0.0,546,838656,545,0.6788403391838074,0.0444672554731369,0.013671875,0.16106775403022766,0.0015151515835896134,0.10510092973709106,4120,267.323682683,66.51969909667969,1.0,1746160863.41339
31.91536521911621,0.0,549,843264,548,0.6788403391838074,0.05938293784856796,0.013671875,0.18884122371673584,0.0015151515835896134,0.10912655293941498,4144,268.52117729,66.51969909667969,1.0,1746160864.6108668
30.3203125,0.0,554,850944,553,0.6788403391838074,0.15100282430648804,0.015625,0.17757070064544678,0.0015151515835896134,0.08559362590312958,4184,270.524133588,66.51969909667969,1.0,1746160866.6138167
31.03645896911621,0.0,568,872448,567,0.6788403391838074,0.0745663046836853,0.010416666977107525,0.2342544049024582,0.0015151515835896134,0.09286251664161682,4296,276.198398569,66.51969909667969,1.0,1746160872.2881725
32.2265625,0.0,577,886272,576,0.6788403391838074,0.036291711032390594,0.012369791977107525,0.1979604959487915,0.0015151515835896134,0.13039875030517578,4368,279.828435308,66.51969909667969,1.0,1746160875.9181266
32.18229293823242,0.0,579,889344,578,0.6788403391838074,0.03829209879040718,0.013671875,0.21820704638957977,0.0015151515835896134,0.13265374302864075,4384,280.628440922,66.51969909667969,1.0,1746160876.718154
31.70442771911621,0.0,582,893952,581,0.6788403391838074,0.031462766230106354,0.01171875,0.21901671588420868,0.0015151515835896134,0.12298586964607239,4408,281.866951639,66.51969909667969,1.0,1746160877.9564419
31.125,0.0,591,907776,590,0.6788403391838074,0.0366160124540329,0.009765625,0.21962480247020721,0.0015151515835896134,0.1070319414138794,4480,285.449528046,66.51969909667969,1.0,1746160881.5392354
32.20182418823242,0.0,606,930816,605,0.6788403391838074,0.038485877215862274,0.014322916977107525,0.24242624640464783,0.0015151515835896134,0.07985328137874603,4600,291.477389817,66.51969909667969,1.0,1746160887.5671327
32.25651168823242,0.0,619,950784,618,0.6788403391838074,0.027174219489097595,0.014322916977107525,0.24032281339168549,0.0015151515835896134,0.056895218789577484,4704,296.746324903,66.51969909667969,1.0,1746160892.8359852
31.4296875,0.0,629,966144,628,0.6788403391838074,0.08612987399101257,0.014322916977107525,0.22251948714256287,0.0015151515835896134,0.07521740347146988,4784,300.753014891,66.51969909667969,1.0,1746160896.8427057
31.705730438232422,0.0,635,975360,634,0.6788403391838074,0.05244097113609314,0.01497395895421505,0.23667120933532715,0.0015151515835896134,0.051826126873493195,4832,303.181553117,66.51969909667969,1.0,1746160899.2712083
31.68880271911621,0.0,640,983040,639,0.6788403391838074,0.09558127820491791,0.01171875,0.20787173509597778,0.0015151515835896134,0.014710628427565098,4872,305.21592099,66.51969909667969,1.0,1746160901.3055544
32.419273376464844,0.0,647,993792,646,0.6788403391838074,0.04300042614340782,0.013671875,0.2494116723537445,0.0015151515835896134,0.0228213369846344,4928,308.085982187,66.51969909667969,1.0,1746160904.175432
32.305992126464844,0.0,656,1007616,655,0.46866267919540405,0.04246572405099869,0.014322916977107525,0.2334596812725067,0.0,0.0062913065776228905,5000,311.781064068,62.20783996582031,1.0,1746160907.8708103
31.440105438232422,0.0,663,1018368,662,0.46866267919540405,0.05279048904776573,0.013671875,0.21795544028282166,0.0,-0.023235740140080452,5056,314.602296918,62.20783996582031,1.0,1746160910.6920416
31.889324188232422,0.0,666,1022976,665,0.46866267919540405,0.08971671760082245,0.012369791977107525,0.258924663066864,0.0,-0.021268688142299652,5080,315.80648756,62.20783996582031,1.0,1746160911.8911638
32.118492126464844,0.0,685,1052160,684,0.46866267919540405,0.08547013998031616,0.01106770895421505,0.27369534969329834,0.0,-0.14538638293743134,5232,323.424647989,62.20783996582031,1.0,1746160919.5142882
31.13802146911621,0.0,694,1065984,693,0.46866267919540405,0.03878535330295563,0.01171875,0.2771202325820923,0.0,-0.15477153658866882,5304,327.04959232,62.20783996582031,1.0,1746160923.139296
32.11588668823242,0.0,710,1090560,709,0.46866267919540405,0.023501822724938393,0.01106770895421505,0.28658971190452576,0.0,-0.1276291310787201,5432,333.48024727,62.20783996582031,1.0,1746160929.569875
31.25390625,0.0,712,1093632,711,0.46866267919540405,0.02285551279783249,0.01302083395421505,0.267742395401001,0.0,-0.1321423053741455,5448,334.292533649,62.20783996582031,1.0,1746160930.3822587
32.29948043823242,0.0,730,1121280,729,0.46866267919540405,0.020918726921081543,0.013671875,0.2936360239982605,0.0,-0.12391158938407898,5592,341.526609244,62.20783996582031,1.0,1746160937.6163192
31.76692771911621,0.0,739,1135104,738,0.46866267919540405,0.029775643721222878,0.010416666977107525,0.2964521646499634,0.0,-0.12106756865978241,5664,345.173117686,62.20783996582031,1.0,1746160941.2628977
31.346355438232422,0.0,744,1142784,743,0.46866267919540405,0.02762613818049431,0.012369791977107525,0.30399274826049805,0.0,-0.14014136791229248,5704,347.167070146,62.20783996582031,1.0,1746160943.2568316
32.3125,0.0,769,1181184,768,0.46866267919540405,0.02044866234064102,0.014322916977107525,0.3235377371311188,0.0,-0.1254313439130783,5904,357.22376442,62.20783996582031,1.0,1746160953.3134007
31.408855438232422,0.0,772,1185792,771,0.46866267919540405,0.01734037697315216,0.01171875,0.31029123067855835,0.0,-0.1521773338317871,5928,358.435796533,62.20783996582031,1.0,1746160954.525477
31.86458396911621,0.0,774,1188864,773,0.46866267919540405,0.017992325127124786,0.013671875,0.29874593019485474,0.0,-0.1459004282951355,5944,359.242355524,62.20783996582031,1.0,1746160955.3320408
32.38541793823242,0.0,783,1202688,782,0.46866267919540405,0.030530303716659546,0.01497395895421505,0.25912728905677795,0.0,-0.15832486748695374,6016,362.879320924,62.20783996582031,1.0,1746160958.9689953
31.28515625,0.0,788,1210368,787,0.46866267919540405,0.019721604883670807,0.013671875,0.3043854832649231,0.0,-0.14906233549118042,6056,364.873052769,62.20783996582031,1.0,1746160960.9627995
32.01432418823242,0.0,803,1233408,802,0.46866267919540405,0.01647108793258667,0.012369791977107525,0.31471964716911316,0.0,-0.1234201192855835,6176,370.910950787,62.20783996582031,1.0,1746160967.0007234
32.27213668823242,0.0,807,1239552,806,0.46866267919540405,0.016775017604231834,0.012369791977107525,0.3098624348640442,0.0,-0.12302051484584808,6208,372.51696006,62.20783996582031,1.0,1746160968.606598
32.102867126464844,0.0,830,1274880,829,0.46866267919540405,0.019227834418416023,0.015625,0.31839197874069214,0.0,-0.16558963060379028,6392,381.795875623,62.20783996582031,1.0,1746160977.885572
32.29166793823242,0.0,834,1281024,833,0.46866267919540405,0.0265433918684721,0.01497395895421505,0.3080229163169861,0.0,-0.13334156572818756,6424,383.392267084,62.20783996582031,1.0,1746160979.482042
32.317710876464844,0.0,840,1290240,839,0.46866267919540405,0.02391987293958664,0.014322916977107525,0.3100985288619995,0.0,-0.12096405774354935,6472,385.789911337,62.20783996582031,1.0,1746160981.8795438
31.79817771911621,0.0,844,1296384,843,0.46866267919540405,0.014137720689177513,0.01497395895421505,0.30964499711990356,0.0,-0.10595947504043579,6504,387.446151767,62.20783996582031,1.0,1746160983.535776
32.36198043823242,0.0,935,1436160,934,0.46866267919540405,0.013412170112133026,0.013671875,0.3679485321044922,0.0,-0.14119097590446472,7232,424.135358146,62.20783996582031,1.0,1746161020.225044
31.23567771911621,0.0,936,1437696,935,0.46866267919540405,0.01266568899154663,0.01106770895421505,0.35152897238731384,0.0,-0.1540985107421875,7240,424.534785501,62.20783996582031,1.0,1746161020.6244886
32.18359375,0.0,951,1460736,950,0.46866267919540405,0.015624655410647392,0.014322916977107525,0.3679196238517761,0.0,-0.17299355566501617,7360,430.602628407,62.20783996582031,1.0,1746161026.6923966
30.984375,0.0,954,1465344,953,0.46866267919540405,0.021512705832719803,0.01171875,0.3569330871105194,0.0,-0.18742869794368744,7384,431.800599468,62.20783996582031,1.0,1746161027.8903415
29.529949188232422,0.0384114608168602,960,1474560,959,0.46866267919540405,0.026178397238254547,0.00911458395421505,0.33451002836227417,0.0,-0.3564135432243347,7432,434.22664403,62.20783996582031,1.0,1746161030.3159707
31.205730438232422,0.021484375,976,1499136,975,0.8279559016227722,0.026648223400115967,0.01302083395421505,0.3845672607421875,0.04728790000081062,-0.40369245409965515,7560,440.755366927,65.01669311523438,1.0,1746161036.8451116
30.959636688232422,0.0,988,1517568,987,0.8279559016227722,0.050145432353019714,0.009765625,0.3370200991630554,0.04728790000081062,-0.4596141576766968,7656,445.621628663,65.01669311523438,1.0,1746161041.7111876
31.97265625,0.03515625,991,1522176,990,0.8279559016227722,0.022870885208249092,0.012369791977107525,0.4113183915615082,0.04728790000081062,-0.4340527057647705,7680,446.846064343,65.01669311523438,1.0,1746161042.9357688
32.01041793823242,0.0,999,1534464,998,0.8279559016227722,0.012739849276840687,0.01106770895421505,0.3596764802932739,0.04728790000081062,-0.40988123416900635,7744,450.080767565,65.01669311523438,1.0,1746161046.1705327
32.17448043823242,0.0,1035,1589760,1034,0.8279559016227722,0.014384014531970024,0.010416666977107525,0.34165987372398376,0.04728790000081062,-0.4300762414932251,8032,464.614278931,65.01669311523438,1.0,1746161060.7039387
31.91145896911621,0.0,1087,1669632,1086,0.8279559016227722,0.025593319907784462,0.008463541977107525,0.33555492758750916,0.04728790000081062,-0.516806423664093,8448,485.512636401,65.01669311523438,1.0,1746161081.602408
32.15104293823242,0.0,1088,1671168,1087,0.8279559016227722,0.017574530094861984,0.012369791977107525,0.35804247856140137,0.04728790000081062,-0.5046984553337097,8456,485.911864993,65.01669311523438,1.0,1746161082.00166
31.12890625,0.0,1090,1674240,1089,0.8279559016227722,0.015530286356806755,0.008463541977107525,0.34134483337402344,0.04728790000081062,-0.5045080780982971,8472,486.707861634,65.01669311523438,1.0,1746161082.797645
30.998699188232422,0.0,1128,1732608,1127,0.8279559016227722,0.024130653589963913,0.008463541977107525,0.3588671088218689,0.04728790000081062,-0.4621431827545166,8776,501.986866883,65.01669311523438,1.0,1746161098.0765224
31.5390625,0.0,1153,1771008,1152,0.8279559016227722,0.03614423796534538,0.00911458395421505,0.36060091853141785,0.04728790000081062,-0.4793391823768616,8976,512.069168662,65.01669311523438,1.0,1746161108.1589012
32.12369918823242,0.0,1161,1783296,1160,0.8279559016227722,0.07031489908695221,0.008463541977107525,0.30847710371017456,0.04728790000081062,-0.5309823155403137,9040,515.303202169,65.01669311523438,1.0,1746161111.3927422
31.819011688232422,0.0,1168,1794048,1167,0.8279559016227722,0.03787781298160553,0.01171875,0.3563878536224365,0.04728790000081062,-0.5748192667961121,9096,518.141523337,65.01669311523438,1.0,1746161114.2311778
29.34375,0.0,1182,1815552,1181,0.8279559016227722,0.018649693578481674,0.008463541977107525,0.3314369022846222,0.04728790000081062,-0.5504512190818787,9208,523.766511866,65.01669311523438,1.0,1746161119.856199
30.31770896911621,0.03059895895421505,1189,1826304,1188,0.8279559016227722,0.022060558199882507,0.0078125,0.3704688251018524,0.04728790000081062,-0.5499104261398315,9264,526.604463681,65.01669311523438,1.0,1746161122.6941915
31.66145896911621,0.0,1195,1835520,1194,0.8279559016227722,0.0437336191534996,0.0078125,0.36990582942962646,0.04728790000081062,-0.4771569073200226,9312,528.999343162,65.01669311523438,1.0,1746161125.0891142
31.6875,0.0,1206,1852416,1205,0.8279559016227722,0.02112032286822796,0.010416666977107525,0.35463380813598633,0.04728790000081062,-0.4797254204750061,9400,533.434279159,65.01669311523438,1.0,1746161129.5239718
31.944011688232422,0.0,1220,1873920,1219,0.8279559016227722,0.02615627832710743,0.00911458395421505,0.37008148431777954,0.04728790000081062,-0.4855513274669647,9512,539.100498808,65.01669311523438,1.0,1746161135.190198
31.20833396911621,0.0364583358168602,1237,1900032,1236,0.8279559016227722,0.031054992228746414,0.00911458395421505,0.3769156336784363,0.04728790000081062,-0.6418408155441284,9648,545.933864314,65.01669311523438,1.0,1746161142.0235713
31.42317771911621,0.0364583358168602,1242,1907712,1241,0.8279559016227722,0.027897395193576813,0.008463541977107525,0.40129801630973816,0.04728790000081062,-0.6078832149505615,9688,547.96605587,65.01669311523438,1.0,1746161144.0555449
30.76953125,0.1341145932674408,1253,1924608,1252,0.8279559016227722,0.032652463763952255,0.00911458395421505,0.48763513565063477,0.04728790000081062,-0.5561141967773438,9776,552.426675484,65.01669311523438,1.0,1746161148.5163531
30.3984375,0.0872395858168602,1263,1939968,1262,0.8279559016227722,0.02232704870402813,0.008463541977107525,0.4082353115081787,0.04728790000081062,-0.5360711812973022,9856,556.447726715,65.01669311523438,1.0,1746161152.5371697
29.760417938232422,0.0,1269,1949184,1268,0.8279559016227722,0.02600262127816677,0.0078125,0.3134191036224365,0.04728790000081062,-0.537670910358429,9904,558.844053153,65.01669311523438,1.0,1746161154.933799
30.9140625,0.0501302108168602,1344,2064384,1343,0.990151047706604,0.0463748499751091,0.0078125,0.39735734462738037,0.14068441092967987,-0.6020368337631226,10504,589.121767599,80.47148132324219,1.0,1746161185.211543
30.834636688232422,0.0364583358168602,1353,2078208,1352,0.990151047706604,0.05383696407079697,0.00911458395421505,0.38023388385772705,0.14068441092967987,-0.6362161636352539,10576,592.757495488,80.47148132324219,1.0,1746161188.8471313
27.963542938232422,0.08984375,1391,2136576,1390,0.990151047706604,0.09148989617824554,0.0078125,0.4030287265777588,0.14068441092967987,-0.68601393699646,10880,608.05535052,80.47148132324219,1.0,1746161204.1447093
29.947917938232422,0.0618489608168602,1395,2142720,1394,0.990151047706604,0.08611223846673965,0.0078125,0.3915763795375824,0.14068441092967987,-0.6556451916694641,10912,609.6514815,80.47148132324219,1.0,1746161205.7412162
29.51302146911621,0.0625,1403,2155008,1402,0.990151047706604,0.06988529860973358,0.00911458395421505,0.37645941972732544,0.14068441092967987,-0.6786245107650757,10976,612.852069562,80.47148132324219,1.0,1746161208.9417548
28.764324188232422,0.140625,1422,2184192,1421,0.990151047706604,0.11724229156970978,0.008463541977107525,0.470319926738739,0.14068441092967987,-0.6101992130279541,11128,620.50402701,80.47148132324219,1.0,1746161216.5937405
28.666667938232422,0.1888020932674408,1440,2211840,1439,0.990151047706604,0.11848810315132141,0.0078125,0.513985276222229,0.14068441092967987,-0.8586173057556152,11272,627.734365752,80.47148132324219,1.0,1746161223.8240523
28.41796875,0.029296875,1454,2233344,1453,0.990151047706604,0.14842429757118225,0.0078125,0.3375988006591797,0.14068441092967987,-0.789914071559906,11384,633.377810477,80.47148132324219,1.0,1746161229.4675055
28.518230438232422,0.1438802182674408,1464,2248704,1463,0.990151047706604,0.11022520065307617,0.0078125,0.4538552761077881,0.14068441092967987,-0.6609501838684082,11464,637.389758251,80.47148132324219,1.0,1746161233.479368
28.635417938232422,0.0,1470,2257920,1469,0.990151047706604,0.12365928292274475,0.0078125,0.28808361291885376,0.14068441092967987,-0.66265869140625,11512,639.811406332,80.47148132324219,1.0,1746161235.9011595
30.705730438232422,0.197265625,1472,2260992,1471,0.990151047706604,0.1329970359802246,0.0078125,0.5796031355857849,0.14068441092967987,-0.6569474935531616,11528,640.608896952,80.47148132324219,1.0,1746161236.6986444
30.11458396911621,0.1901041716337204,1477,2268672,1476,0.990151047706604,0.16949281096458435,0.0078125,0.5506381392478943,0.14068441092967987,-0.6900511980056763,11568,642.602236685,80.47148132324219,1.0,1746161238.6918678
30.076824188232422,0.1145833358168602,1483,2277888,1482,0.990151047706604,0.1357092261314392,0.0078125,0.46380671858787537,0.14068441092967987,-0.6548140048980713,11616,645.038822774,80.47148132324219,1.0,1746161241.128529
27.463542938232422,0.1692708432674408,1504,2310144,1503,0.990151047706604,0.1449371874332428,0.0078125,0.4779791235923767,0.14068441092967987,-0.6793380379676819,11784,653.466412208,80.47148132324219,1.0,1746161249.5561645
27.518230438232422,0.087890625,1527,2345472,1526,0.990151047706604,0.19307643175125122,0.0078125,0.3879215717315674,0.14068441092967987,-0.6935070753097534,11968,662.77494378,80.47148132324219,1.0,1746161258.8645158
30.12890625,0.2024739682674408,1565,2403840,1564,0.990151047706604,0.22643999755382538,0.0078125,0.572704553604126,0.14068441092967987,-0.5348047018051147,12272,678.018983957,80.47148132324219,1.0,1746161274.1087465
26.850261688232422,0.142578125,1566,2405376,1565,0.990151047706604,0.23878373205661774,0.0078125,0.4316878318786621,0.14068441092967987,-0.5400566458702087,12280,678.416246612,80.47148132324219,1.0,1746161274.505952
26.983074188232422,0.1171875,1575,2419200,1574,0.990151047706604,0.21593710780143738,0.008463541977107525,0.41363534331321716,0.14068441092967987,-0.5543845891952515,12352,682.069598975,80.47148132324219,1.0,1746161278.1592543
29.85546875,0.087890625,1578,2423808,1577,0.990151047706604,0.17248329520225525,0.00911458395421505,0.41677093505859375,0.14068441092967987,-0.5477815866470337,12376,683.307831707,80.47148132324219,1.0,1746161279.397078
29.62109375,0.130859375,1583,2431488,1582,0.990151047706604,0.18623584508895874,0.008463541977107525,0.4744393527507782,0.14068441092967987,-0.4474600553512573,12416,685.303497246,80.47148132324219,1.0,1746161281.393217
29.1328125,0.1712239682674408,1594,2448384,1593,0.990151047706604,0.19539572298526764,0.008463541977107525,0.5067241191864014,0.14068441092967987,-0.5190080404281616,12504,689.736552267,80.47148132324219,1.0,1746161285.826289
30.265625,0.1067708358168602,1597,2452992,1596,0.990151047706604,0.19132158160209656,0.00911458395421505,0.458303302526474,0.14068441092967987,-0.4857092499732971,12528,690.954893786,80.47148132324219,1.0,1746161287.0446024
29.46484375,0.126953125,1611,2474496,1610,0.990151047706604,0.19482216238975525,0.0078125,0.47197240591049194,0.14068441092967987,-0.4408296048641205,12640,696.613767165,80.47148132324219,1.0,1746161292.7035265
27.076824188232422,0.1647135466337204,1612,2476032,1611,0.990151047706604,0.21035826206207275,0.008463541977107525,0.4698117673397064,0.14068441092967987,-0.4386066496372223,12648,697.013373223,80.47148132324219,1.0,1746161293.103132
29.02864646911621,0.1471354216337204,1613,2477568,1612,0.990151047706604,0.1921379268169403,0.0078125,0.48101744055747986,0.14068441092967987,-0.42677223682403564,12656,697.412570706,80.47148132324219,1.0,1746161293.5023205
29.39453125,0.123046875,1617,2483712,1616,0.990151047706604,0.2105524092912674,0.0078125,0.4551001787185669,0.14068441092967987,-0.37728995084762573,12688,699.018977827,80.47148132324219,1.0,1746161295.1086745
29.553386688232422,0.171875,1624,2494464,1623,0.990151047706604,0.2984585762023926,0.0078125,0.5178922414779663,0.14068441092967987,-0.4929511547088623,12744,701.833120722,80.47148132324219,1.0,1746161297.9227948
28.572917938232422,0.0846354216337204,1629,2502144,1628,1.4682350158691406,0.22262968122959137,0.0078125,0.40911710262298584,0.524084746837616,-0.3949870467185974,12784,703.924827636,82.64739227294922,0.9999999403953552,1746161300.0145478
29.51953125,0.0546875,1652,2537472,1651,1.4682350158691406,0.2563667893409729,0.0078125,0.37361401319503784,0.524084746837616,-0.4064164161682129,12968,713.158036681,82.64739227294922,0.9999999403953552,1746161309.2476606
28.889324188232422,0.130859375,1654,2540544,1653,1.4682350158691406,0.25824037194252014,0.0078125,0.4622832238674164,0.524084746837616,-0.434183269739151,12984,713.986363864,82.64739227294922,0.9999999403953552,1746161310.076014
28.830730438232422,0.1236979216337204,1659,2548224,1658,1.4682350158691406,0.23503270745277405,0.0078125,0.44521695375442505,0.524084746837616,-0.4077717065811157,13024,716.024167426,82.64739227294922,0.9999999403953552,1746161312.1137612
29.31770896911621,0.2278645932674408,1684,2586624,1683,1.4682350158691406,0.2447487860918045,0.0078125,0.583048939704895,0.524084746837616,-0.3647819757461548,13224,726.064519868,82.64739227294922,0.9999999403953552,1746161322.1542032
27.57421875,0.1171875,1690,2595840,1689,1.4682350158691406,0.25757497549057007,0.0078125,0.4145503640174866,0.524084746837616,-0.3750014305114746,13272,728.511448956,82.64739227294922,0.9999999403953552,1746161324.600486
28.76692771911621,0.05078125,1706,2620416,1705,1.4682350158691406,0.3319668471813202,0.009765625,0.3374103903770447,0.524084746837616,-0.4832788109779358,13400,734.932124253,82.64739227294922,0.9999999403953552,1746161331.0218215
28.00390625,0.0553385429084301,1708,2623488,1707,1.4682350158691406,0.3056643009185791,0.0078125,0.34871816635131836,0.524084746837616,-0.47124844789505005,13416,735.767916533,82.64739227294922,0.9999999403953552,1746161331.8225021
28.154949188232422,0.181640625,1743,2677248,1742,1.4682350158691406,0.24377618730068207,0.0078125,0.507474422454834,0.524084746837616,-0.5498507022857666,13696,749.857915145,82.64739227294922,0.9999999403953552,1746161345.947624
29.08333396911621,0.2805989682674408,1752,2691072,1751,1.4682350158691406,0.22231176495552063,0.0078125,0.6357666254043579,0.524084746837616,-0.49296581745147705,13768,753.457943822,82.64739227294922,0.9999999403953552,1746161349.547634
28.06770896911621,0.0618489608168602,1756,2697216,1755,1.4682350158691406,0.23875215649604797,0.0078125,0.3640076518058777,0.524084746837616,-0.5609140396118164,13800,755.070037405,82.64739227294922,0.9999999403953552,1746161351.159736
28.596355438232422,0.1861979216337204,1787,2744832,1786,1.4682350158691406,0.30515313148498535,0.0078125,0.514968991279602,0.524084746837616,-0.49955374002456665,14048,767.467188362,82.64739227294922,0.9999999403953552,1746161363.556899
28.4296875,0.1126302108168602,1788,2746368,1787,1.4682350158691406,0.2782416343688965,0.0078125,0.44267281889915466,0.524084746837616,-0.48893922567367554,14056,767.866334949,82.64739227294922,0.9999999403953552,1746161363.956055
31.79817771911621,0.2135416716337204,1812,2783232,1811,1.4682350158691406,0.2605873644351959,0.0078125,0.6111937761306763,0.524084746837616,-0.5501621961593628,14248,777.485715795,82.64739227294922,0.9999999403953552,1746161373.5752838
28.666667938232422,0.2877604365348816,1831,2812416,1830,1.4682350158691406,0.28505071997642517,0.0078125,0.6380407214164734,0.524084746837616,-0.5905073881149292,14400,785.12671671,82.64739227294922,0.9999999403953552,1746161381.2164338
30.33333396911621,0.20703125,1864,2863104,1863,1.4682350158691406,0.23299404978752136,0.0078125,0.5777550935745239,0.524084746837616,-0.6614762544631958,14664,798.405741051,82.64739227294922,0.9999999403953552,1746161394.4954169
27.803386688232422,0.1966145932674408,1873,2876928,1872,1.4682350158691406,0.21474842727184296,0.0078125,0.5227631330490112,0.524084746837616,-0.6563740968704224,14736,801.98650992,82.64739227294922,0.9999999403953552,1746161398.0759566
30.6328125,0.2643229365348816,1887,2898432,1886,1.4682350158691406,0.25123828649520874,0.0078125,0.6371633410453796,0.524084746837616,-0.5611339807510376,14848,807.58233419,82.64739227294922,0.9999999403953552,1746161403.67199
30.9765625,0.212890625,1889,2901504,1888,1.4682350158691406,0.25742536783218384,0.008463541977107525,0.6019548177719116,0.524084746837616,-0.5696170330047607,14864,808.39155908,82.64739227294922,0.9999999403953552,1746161404.4812174
30.115886688232422,0.19140625,1895,2910720,1894,1.4682350158691406,0.2463335245847702,0.0078125,0.5365550518035889,0.524084746837616,-0.5295674800872803,14912,810.819467699,82.64739227294922,0.9999999403953552,1746161406.9091392
29.42317771911621,0.1666666716337204,1910,2933760,1909,1.4682350158691406,0.2603755295276642,0.0078125,0.5122940540313721,0.524084746837616,-0.520493745803833,15032,816.877748856,82.64739227294922,0.9999999403953552,1746161412.9675193
30.0859375,0.3053385615348816,1914,2939904,1913,1.4682350158691406,0.20701628923416138,0.0078125,0.6844879984855652,0.524084746837616,-0.5052264928817749,15064,818.473478144,82.64739227294922,0.9999999403953552,1746161414.5632293
28.627605438232422,0.193359375,1916,2942976,1915,1.4682350158691406,0.23113229870796204,0.0078125,0.5292236804962158,0.524084746837616,-0.550240695476532,15080,819.271847514,82.64739227294922,0.9999999403953552,1746161415.3616014
30.96614646911621,0.3268229365348816,1926,2958336,1925,1.4682350158691406,0.2586556375026703,0.0078125,0.7260524034500122,0.524084746837616,-0.6037919521331787,15160,823.300116282,82.64739227294922,0.9999999403953552,1746161419.3898544
29.17578125,0.2845052182674408,1938,2976768,1937,1.4682350158691406,0.23305030167102814,0.0078125,0.6482717990875244,0.524084746837616,-0.5470961332321167,15256,828.12154299,82.64739227294922,0.9999999403953552,1746161424.2112772
30.5,0.2721354365348816,1941,2981376,1940,1.4682350158691406,0.25658053159713745,0.0078125,0.6548172235488892,0.524084746837616,-0.5654141902923584,15280,829.319064521,82.64739227294922,0.9999999403953552,1746161425.4087765
30.64974021911621,0.3391927182674408,1942,2982912,1941,1.4682350158691406,0.2213890105485916,0.008463541977107525,0.7357193827629089,0.524084746837616,-0.5319269895553589,15288,829.718005464,82.64739227294922,0.9999999403953552,1746161425.807785
28.53255271911621,0.1588541716337204,1949,2993664,1948,1.4682350158691406,0.21675333380699158,0.0078125,0.484514445066452,0.524084746837616,-0.5025588274002075,15344,832.546012153,82.64739227294922,0.9999999403953552,1746161428.635385
28.99349021911621,0.2154947966337204,1975,3033600,1974,1.7552061080932617,0.2367399036884308,0.0078125,0.5545629858970642,0.7745664119720459,-0.46378013491630554,15552,843.094401117,80.03852844238281,0.9999999403953552,1746161439.1841526
28.69140625,0.228515625,1994,3062784,1993,1.7552061080932617,0.20229700207710266,0.0078125,0.5669833421707153,0.7745664119720459,-0.40375134348869324,15704,850.701542291,80.03852844238281,0.9999999403953552,1746161446.7912579
28.08984375,0.1692708432674408,2010,3087360,2009,1.7552061080932617,0.18567070364952087,0.0078125,0.48943591117858887,0.7745664119720459,-0.43073540925979614,15832,857.141829984,80.03852844238281,0.9999999403953552,1746161453.2315989
28.37239646911621,0.1477864682674408,2045,3141120,2044,1.7552061080932617,0.19552943110466003,0.0078125,0.4570694863796234,0.7745664119720459,-0.4567466974258423,16112,871.209520518,80.03852844238281,0.9999999403953552,1746161467.2992637
30.171875,0.3020833432674408,2074,3185664,2073,1.7552061080932617,0.16663937270641327,0.0078125,0.6851038932800293,0.7745664119720459,-0.40792155265808105,16344,882.875531932,80.03852844238281,0.9999999403953552,1746161478.9649482
29.20442771911621,0.28125,2077,3190272,2076,1.7552061080932617,0.18054383993148804,0.0078125,0.6280665397644043,0.7745664119720459,-0.3633306920528412,16368,884.08220544,80.03852844238281,0.9999999403953552,1746161480.1716082
28.55989646911621,0.2265625,2084,3201024,2083,1.7552061080932617,0.1797632873058319,0.0078125,0.5678905248641968,0.7745664119720459,-0.33280128240585327,16424,886.906424899,80.03852844238281,0.9999999403953552,1746161482.9956365
30.14453125,0.318359375,2089,3208704,2088,1.7552061080932617,0.1604892611503601,0.0078125,0.7073583602905273,0.7745664119720459,-0.3670845627784729,16464,888.91461604,80.03852844238281,0.9999999403953552,1746161485.0042968
28.66145896911621,0.2369791716337204,2097,3220992,2096,1.7552061080932617,0.1982477754354477,0.0078125,0.5746573805809021,0.7745664119720459,-0.41123273968696594,16528,892.166280172,80.03852844238281,0.9999999403953552,1746161488.2558613
29.63411521911621,0.3444010615348816,2111,3242496,2110,1.7552061080932617,0.21255981922149658,0.0078125,0.7238790392875671,0.7745664119720459,-0.3683508634567261,16640,897.804598775,80.03852844238281,0.9999999403953552,1746161493.89424
30.2578125,0.234375,2113,3245568,2112,1.7552061080932617,0.15376165509223938,0.0078125,0.610095739364624,0.7745664119720459,-0.3994256854057312,16656,898.619848995,80.03852844238281,0.9999999403953552,1746161494.7095482
27.490886688232422,0.1751302182674408,2115,3248640,2114,1.7552061080932617,0.17363178730010986,0.0078125,0.47721871733665466,0.7745664119720459,-0.37966927886009216,16672,899.424785637,80.03852844238281,0.9999999403953552,1746161495.5143101
29.84505271911621,0.3307291865348816,2116,3250176,2115,1.7552061080932617,0.1781594157218933,0.0078125,0.7082734107971191,0.7745664119720459,-0.421772837638855,16680,899.826560444,80.03852844238281,0.9999999403953552,1746161495.91622
28.651042938232422,0.220703125,2145,3294720,2144,1.7552061080932617,0.1712382584810257,0.0078125,0.5554199814796448,0.7745664119720459,-0.4646223783493042,16912,911.490561739,80.03852844238281,0.9999999403953552,1746161507.5801754
30.5078125,0.208984375,2147,3297792,2146,1.7552061080932617,0.16939814388751984,0.0078125,0.5799012184143066,0.7745664119720459,-0.4274066388607025,16928,912.308119545,80.03852844238281,0.9999999403953552,1746161508.397504
29.26692771911621,0.3359375,2176,3342336,2175,1.7552061080932617,0.16480159759521484,0.0078125,0.7246684432029724,0.7745664119720459,-0.34066009521484375,17160,923.971305539,80.03852844238281,0.9999999403953552,1746161520.0609493
30.143230438232422,0.3294270932674408,2178,3345408,2177,1.7552061080932617,0.1625749170780182,0.0078125,0.7142528295516968,0.7745664119720459,-0.29937973618507385,17176,924.76737657,80.03852844238281,0.9999999403953552,1746161520.8571055
29.75,0.271484375,2184,3354624,2183,1.7552061080932617,0.1975536346435547,0.0078125,0.6355505585670471,0.7745664119720459,-0.3200835585594177,17224,927.158286569,80.03852844238281,0.9999999403953552,1746161523.2480123
27.5390625,0.265625,2189,3362304,2188,1.7552061080932617,0.18438899517059326,0.0078125,0.6023437976837158,0.7745664119720459,-0.2956569194793701,17264,929.185641638,80.03852844238281,0.9999999403953552,1746161525.2751389
27.61458396911621,0.1334635466337204,2199,3377664,2198,1.7552061080932617,0.20770825445652008,0.0078125,0.4448263347148895,0.7745664119720459,-0.3508540987968445,17344,933.217639204,80.03852844238281,0.9999999403953552,1746161529.3073187
28.90625,0.2845052182674408,2200,3379200,2199,1.7552061080932617,0.17439551651477814,0.008463541977107525,0.6408743262290955,0.7745664119720459,-0.33542364835739136,17352,933.616455303,80.03852844238281,0.9999999403953552,1746161529.7061791
28.14974021911621,0.18359375,2218,3406848,2217,1.7552061080932617,0.15589210391044617,0.0078125,0.5065511465072632,0.7745664119720459,-0.2851877212524414,17496,940.83345472,80.03852844238281,0.9999999403953552,1746161536.9231513
28.83984375,0.2610677182674408,2251,3457536,2250,1.7552061080932617,0.1646907925605774,0.0078125,0.6098450422286987,0.7745664119720459,-0.44943755865097046,17760,954.102037966,80.03852844238281,0.9999999403953552,1746161550.1917841
30.53255271911621,0.2819010615348816,2283,3506688,2282,1.837775468826294,0.18059897422790527,0.0078125,0.6706942915916443,0.8483685255050659,-0.4579114019870758,18016,967.034454098,78.347412109375,1.0,1746161563.1242251
29.91796875,0.2923177182674408,2290,3517440,2289,1.837775468826294,0.1926262080669403,0.0078125,0.6778570413589478,0.8483685255050659,-0.45557770133018494,18072,969.833280458,78.347412109375,1.0,1746161565.9228714
30.32421875,0.3606770932674408,2298,3529728,2297,1.837775468826294,0.1726151406764984,0.0078125,0.742431640625,0.8483685255050659,-0.5385494232177734,18136,973.087817164,78.347412109375,1.0,1746161569.1770928
28.22005271911621,0.3053385615348816,2308,3545088,2307,1.837775468826294,0.1700727939605713,0.0078125,0.6462525725364685,0.8483685255050659,-0.5867509841918945,18216,977.075526217,78.347412109375,1.0,1746161573.1652584
30.244792938232422,0.3834635615348816,2320,3563520,2319,1.837775468826294,0.16666701436042786,0.0078125,0.7669271230697632,0.8483685255050659,-0.5145392417907715,18312,981.933061599,78.347412109375,1.0,1746161578.022768
29.736980438232422,0.3287760615348816,2330,3578880,2329,1.837775468826294,0.13301390409469604,0.0078125,0.7053467631340027,0.8483685255050659,-0.5233333706855774,18392,985.930061391,78.347412109375,1.0,1746161582.0197017
28.162761688232422,0.2278645932674408,2331,3580416,2330,1.837775468826294,0.15513351559638977,0.0078125,0.5596904754638672,0.8483685255050659,-0.5327038764953613,18400,986.330427576,78.347412109375,1.0,1746161582.420103
30.453125,0.3216145932674408,2357,3620352,2356,1.837775468826294,0.15048979222774506,0.00911458395421505,0.7202882170677185,0.8483685255050659,-0.5979076027870178,18608,996.787430761,78.347412109375,1.0,1746161592.877155
29.592449188232422,0.26171875,2373,3644928,2372,1.837775468826294,0.19746677577495575,0.0078125,0.6169050931930542,0.8483685255050659,-0.4900802969932556,18736,1003.210161675,78.347412109375,1.0,1746161599.299879
29.34765625,0.2265625,2406,3695616,2405,1.837775468826294,0.14684170484542847,0.0078125,0.574745237827301,0.8483685255050659,-0.3980540335178375,19000,1016.49134276,78.347412109375,1.0,1746161612.581056
29.36458396911621,0.3170573115348816,2407,3697152,2406,1.837775468826294,0.14221078157424927,0.008463541977107525,0.6765851378440857,0.8483685255050659,-0.4193711578845978,19008,1016.895544506,78.347412109375,1.0,1746161612.985261
28.846355438232422,0.3079427182674408,2428,3729408,2427,1.837775468826294,0.1752685010433197,0.0078125,0.6692485213279724,0.8483685255050659,-0.43100371956825256,19176,1025.369653078,78.347412109375,1.0,1746161621.4590814
29.51692771911621,0.310546875,2480,3809280,2479,1.837775468826294,0.15622060000896454,0.0078125,0.6812714338302612,0.8483685255050659,-0.47922736406326294,19592,1046.162217576,78.347412109375,1.0,1746161642.2518985
30.71484375,0.365234375,2483,3813888,2482,1.837775468826294,0.1326509714126587,0.0078125,0.7547506093978882,0.8483685255050659,-0.4942857623100281,19616,1047.378386516,78.347412109375,1.0,1746161643.468131
29.908855438232422,0.2473958432674408,2496,3833856,2495,1.837775468826294,0.12636180222034454,0.0078125,0.6048082709312439,0.8483685255050659,-0.45086872577667236,19720,1052.537353925,78.347412109375,1.0,1746161648.6271608
30.50520896911621,0.3990885615348816,2530,3886080,2529,1.837775468826294,0.2629445791244507,0.0078125,0.7981771230697632,0.8483685255050659,-0.41857537627220154,19992,1066.021335361,78.347412109375,1.0,1746161662.1111503
29.451824188232422,0.2975260615348816,2543,3906048,2542,1.837775468826294,0.1393633484840393,0.0078125,0.6624940037727356,0.8483685255050659,-0.5370069742202759,20096,1071.189276601,78.347412109375,1.0,1746161667.2790375
29.358074188232422,0.3509114682674408,2586,3972096,2585,1.837775468826294,0.11100165545940399,0.0078125,0.718726634979248,0.8483685255050659,-0.42437970638275146,20440,1088.280579181,78.347412109375,1.0,1746161684.3703656
29.38020896911621,0.2942708432674408,2593,3982848,2592,1.837775468826294,0.17865875363349915,0.0078125,0.6617996692657471,0.8483685255050659,-0.47801491618156433,20496,1091.037670009,78.347412109375,1.0,1746161687.12744
29.3125,0.3268229365348816,2617,4019712,2616,1.9187088012695312,0.15123878419399261,0.0078125,0.6975907683372498,0.9240986704826355,-0.4106978178024292,20688,1100.671025558,76.2409896850586,1.0,1746161696.760766
29.875,0.3763020932674408,2651,4071936,2650,1.9187088012695312,0.16869094967842102,0.0078125,0.7694091796875,0.9240986704826355,-0.4613805413246155,20960,1114.14648198,76.2409896850586,1.0,1746161710.2361963
29.3984375,0.267578125,2657,4081152,2656,1.9187088012695312,0.12284770607948303,0.0078125,0.6233612298965454,0.9240986704826355,-0.42594093084335327,21008,1116.514216402,76.2409896850586,1.0,1746161712.6040034
29.526042938232422,0.36328125,2659,4084224,2658,1.9187088012695312,0.124855637550354,0.0078125,0.743538498878479,0.9240986704826355,-0.46613022685050964,21024,1117.312994844,76.2409896850586,1.0,1746161713.4025624
31.27083396911621,0.3899739682674408,2661,4087296,2660,1.9187088012695312,0.1329101324081421,0.0078125,0.8044509887695312,0.9240986704826355,-0.4420444071292877,21040,1118.140101336,76.2409896850586,1.0,1746161714.22961
29.91927146911621,0.3736979365348816,2673,4105728,2672,1.9187088012695312,0.17134596407413483,0.0078125,0.7659353017807007,0.9240986704826355,-0.4043695330619812,21136,1122.932296735,76.2409896850586,1.0,1746161719.0218842
28.95052146911621,0.29296875,2675,4108800,2674,1.9187088012695312,0.15132758021354675,0.0078125,0.649482250213623,0.9240986704826355,-0.4227384626865387,21152,1123.738635151,76.2409896850586,1.0,1746161719.828296
29.21484375,0.3216145932674408,2686,4125696,2685,1.9187088012695312,0.1312192976474762,0.0078125,0.70024174451828,0.9240986704826355,-0.37756064534187317,21240,1128.184198896,76.2409896850586,1.0,1746161724.2739239
29.48046875,0.3203125,2690,4131840,2689,1.9187088012695312,0.12409715354442596,0.0078125,0.7020758390426636,0.9240986704826355,-0.37595975399017334,21272,1129.778804737,76.2409896850586,1.0,1746161725.8685691
30.307292938232422,0.3294270932674408,2711,4164096,2710,1.9187088012695312,0.1401403844356537,0.008463541977107525,0.7176422476768494,0.9240986704826355,-0.43032851815223694,21440,1138.229042886,76.2409896850586,1.0,1746161734.318734
29.27083396911621,0.3430989682674408,2718,4174848,2717,1.9187088012695312,0.12024089694023132,0.0078125,0.7208760976791382,0.9240986704826355,-0.31946438550949097,21496,1141.045422031,76.2409896850586,1.0,1746161737.1351738
29.90234375,0.326171875,2733,4197888,2732,1.9187088012695312,0.10595432668924332,0.0078125,0.7222041487693787,0.9240986704826355,-0.22498846054077148,21616,1147.07529393,76.2409896850586,1.0,1746161743.1649158
29.13411521911621,0.2819010615348816,2744,4214784,2743,1.9187088012695312,0.10724839568138123,0.0078125,0.647225022315979,0.9240986704826355,-0.2672313451766968,21704,1151.480577376,76.2409896850586,1.0,1746161747.57032
29.2109375,0.3268229365348816,2779,4268544,2778,1.9187088012695312,0.09668383747339249,0.0078125,0.6992263793945312,0.9240986704826355,-0.25441837310791016,21984,1165.624214097,76.2409896850586,1.0,1746161761.7138276
28.05208396911621,0.2473958432674408,2783,4274688,2782,1.9187088012695312,0.07993099838495255,0.0078125,0.5780060887336731,0.9240986704826355,-0.2446252405643463,22016,1167.25634984,76.2409896850586,1.0,1746161763.3460524
29.0859375,0.2890625,2788,4282368,2787,1.9187088012695312,0.11007221043109894,0.0078125,0.6412842273712158,0.9240986704826355,-0.2473771572113037,22056,1169.291677499,76.2409896850586,1.0,1746161765.3813522
30.24609375,0.30078125,2797,4296192,2796,1.9187088012695312,0.12552323937416077,0.0078125,0.69671630859375,0.9240986704826355,-0.16349704563617706,22128,1172.913896365,76.2409896850586,1.0,1746161769.0034592
29.99739646911621,0.2858073115348816,2818,4328448,2817,1.9187088012695312,0.13296088576316833,0.0078125,0.673794150352478,0.9240986704826355,-0.25390172004699707,22296,1181.378732674,76.2409896850586,1.0,1746161777.468373
30.18489646911621,0.3743489682674408,2838,4359168,2837,1.9187088012695312,0.07704685628414154,0.0078125,0.766884446144104,0.9240986704826355,-0.1878865361213684,22456,1189.419799097,76.2409896850586,1.0,1746161785.5095153
29.256511688232422,0.2877604365348816,2840,4362240,2839,1.9187088012695312,0.08499176800251007,0.008463541977107525,0.6580684185028076,0.9240986704826355,-0.21168114244937897,22472,1190.228427336,76.2409896850586,1.0,1746161786.3180816
29.63671875,0.3059895932674408,2848,4374528,2847,1.9187088012695312,0.11117932200431824,0.008463541977107525,0.6844956278800964,0.9240986704826355,-0.2546389698982239,22536,1193.45502817,76.2409896850586,1.0,1746161789.5447576
28.8984375,0.294921875,2856,4386816,2855,1.9187088012695312,0.07542179524898529,0.0078125,0.6562409400939941,0.9240986704826355,-0.2536141574382782,22600,1196.679393874,76.2409896850586,1.0,1746161792.768673
28.41796875,0.3014323115348816,2868,4405248,2867,1.9187088012695312,0.07968494296073914,0.0078125,0.6564128398895264,0.9240986704826355,-0.19282427430152893,22696,1201.476445134,76.2409896850586,1.0,1746161797.566037
30.91927146911621,0.3717448115348816,2874,4414464,2873,1.9187088012695312,0.08703990280628204,0.0078125,0.7686192989349365,0.9240986704826355,-0.17978206276893616,22744,1203.904788842,76.2409896850586,1.0,1746161799.9945264
30.25,0.3743489682674408,2876,4417536,2875,1.9187088012695312,0.1318298578262329,0.0078125,0.7729716300964355,0.9240986704826355,-0.13879381120204926,22760,1204.702292876,76.2409896850586,1.0,1746161800.7918642
31.010417938232422,0.384765625,2880,4423680,2879,1.9187088012695312,0.09503793716430664,0.0078125,0.8200114965438843,0.9240986704826355,-0.1533167064189911,22792,1206.298131069,76.2409896850586,1.0,1746161802.387882
30.174480438232422,0.4029948115348816,2895,4446720,2894,1.9187088012695312,0.093331478536129,0.008463541977107525,0.8059896230697632,0.9240986704826355,-0.2292392998933792,22912,1212.346753901,76.2409896850586,1.0,1746161808.436382
30.16536521911621,0.3274739682674408,2904,4460544,2903,1.9187088012695312,0.07787367701530457,0.008463541977107525,0.7201184630393982,0.9240986704826355,-0.23112058639526367,22984,1215.962164387,76.2409896850586,1.0,1746161812.05189
28.506511688232422,0.2994791865348816,2907,4465152,2906,1.9187088012695312,0.11339916288852692,0.0078125,0.6380422711372375,0.9240986704826355,-0.2804420590400696,23008,1217.155190447,76.2409896850586,1.0,1746161813.244962
30.3984375,0.373046875,2908,4466688,2907,1.9187088012695312,0.1141597256064415,0.0078125,0.7720774412155151,0.9240986704826355,-0.34305739402770996,23016,1217.557617558,76.2409896850586,1.0,1746161813.6473145
29.85286521911621,0.3313802182674408,2921,4486656,2920,1.9187088012695312,0.08714021742343903,0.0078125,0.7025870084762573,0.9240986704826355,-0.24303466081619263,23120,1222.827823081,76.2409896850586,1.0,1746161818.9174726
30.28645896911621,0.37890625,2966,4555776,2965,1.9170429706573486,0.08738906681537628,0.008463541977107525,0.7923625707626343,0.9224953055381775,-0.42989450693130493,23480,1241.027126289,75.05293273925781,1.0,1746161837.1163962
29.015625,0.310546875,2975,4569600,2974,1.9170429706573486,0.08738107234239578,0.0078125,0.6817490458488464,0.9224953055381775,-0.43921902775764465,23552,1244.621036154,75.05293273925781,1.0,1746161840.7107937
27.46224021911621,0.2643229365348816,2999,4606464,2998,1.9170429706573486,0.10026898980140686,0.0078125,0.5998393297195435,0.9224953055381775,-0.417936772108078,23744,1254.282311662,75.05293273925781,1.0,1746161850.3720343
30.541667938232422,0.3626302182674408,3007,4618752,3006,1.9170429706573486,0.07562067359685898,0.008463541977107525,0.7642208933830261,0.9224953055381775,-0.43699467182159424,23808,1257.511063909,75.05293273925781,1.0,1746161853.6006396
28.70703125,0.3196614682674408,3013,4627968,3012,1.9170429706573486,0.0796855092048645,0.0078125,0.6767578125,0.9224953055381775,-0.42482078075408936,23856,1259.940248404,75.05293273925781,1.0,1746161856.0299106
30.0859375,0.392578125,3017,4634112,3016,1.9170429706573486,0.0835968405008316,0.0078125,0.78515625,0.9224953055381775,-0.43691015243530273,23888,1261.536116123,75.05293273925781,1.0,1746161857.6258602
29.20703125,0.2526041865348816,3018,4635648,3017,1.9170429706573486,0.0757945105433464,0.0078125,0.614674985408783,0.9224953055381775,-0.40445443987846375,23896,1261.934562943,75.05293273925781,1.0,1746161858.024263
29.56640625,0.3444010615348816,3035,4661760,3034,1.9170429706573486,0.08898773789405823,0.008463541977107525,0.7270383834838867,0.9224953055381775,-0.488350510597229,24032,1268.795639316,75.05293273925781,1.0,1746161864.8854222
27.88671875,0.1796875,3036,4663296,3035,1.9170429706573486,0.11157669126987457,0.0078125,0.4976634681224823,0.9224953055381775,-0.5115736722946167,24040,1269.19445122,75.05293273925781,1.0,1746161865.284204
31.444011688232422,0.4401041865348816,3071,4717056,3070,1.9170429706573486,0.10002050548791885,0.008463541977107525,0.8802083730697632,0.9224953055381775,-0.41799473762512207,24320,1283.299327769,75.05293273925781,1.0,1746161879.388982
28.701824188232422,0.2734375,3081,4732416,3080,1.9170429706573486,0.0821370780467987,0.0078125,0.6260035634040833,0.9224953055381775,-0.3705475926399231,24400,1287.290074105,75.05293273925781,1.0,1746161883.3796084
30.38802146911621,0.373046875,3084,4737024,3083,1.9170429706573486,0.12306258082389832,0.0078125,0.786148190498352,0.9224953055381775,-0.42876434326171875,24424,1288.514819312,75.05293273925781,1.0,1746161884.6039732
30.84375,0.3776041865348816,3086,4740096,3085,1.9170429706573486,0.13643452525138855,0.0078125,0.7844030261039734,0.9224953055381775,-0.3930739164352417,24440,1289.314088094,75.05293273925781,1.0,1746161885.4037902
28.9296875,0.3118489682674408,3157,4849152,3156,1.9170429706573486,0.10009847581386566,0.0078125,0.6834778785705566,0.9224953055381775,-0.27673155069351196,25008,1317.919037307,75.05293273925781,1.0,1746161914.0088234
29.1796875,0.333984375,3179,4882944,3178,1.9170429706573486,0.09468155354261398,0.0078125,0.7070049047470093,0.9224953055381775,-0.3512088656425476,25184,1326.831826884,75.05293273925781,1.0,1746161922.9215045
30.276042938232422,0.40625,3183,4889088,3182,1.9170429706573486,0.09053459763526917,0.0078125,0.8125,0.9224953055381775,-0.38054823875427246,25216,1328.434420657,75.05293273925781,1.0,1746161924.5241332
28.55989646911621,0.2877604365348816,3191,4901376,3190,1.9170429706573486,0.1431131511926651,0.0078125,0.6357249617576599,0.9224953055381775,-0.4033048152923584,25280,1331.658892368,75.05293273925781,1.0,1746161927.7480931
30.66015625,0.404296875,3194,4905984,3193,1.9170429706573486,0.12339991331100464,0.0078125,0.80859375,0.9224953055381775,-0.431662917137146,25304,1332.887415902,75.05293273925781,1.0,1746161928.9767957
31.66796875,0.4036458432674408,3195,4907520,3194,1.9170429706573486,0.12162647396326065,0.008463541977107525,0.8356455564498901,0.9224953055381775,-0.41076958179473877,25312,1333.288604964,75.05293273925781,1.0,1746161929.3779578
27.651042938232422,0.189453125,3198,4912128,3197,1.9170429706573486,0.1252586841583252,0.0078125,0.525642991065979,0.9224953055381775,-0.3996922969818115,25336,1334.496259723,75.05293273925781,1.0,1746161930.5855992
29.45442771911621,0.3671875,3199,4913664,3198,1.9170429706573486,0.13083933293819427,0.0078125,0.734375,0.9224953055381775,-0.33751410245895386,25344,1334.896450523,75.05293273925781,1.0,1746161930.985763
30.36849021911621,0.322265625,3215,4938240,3214,1.9170429706573486,0.11025642603635788,0.0078125,0.706108033657074,0.9224953055381775,-0.3558931350708008,25472,1341.364045693,75.05293273925781,1.0,1746161937.4531937
30.328125,0.31640625,3243,4981248,3242,1.9170429706573486,0.09558850526809692,0.0078125,0.7082306146621704,0.9224953055381775,-0.40248623490333557,25696,1352.627709134,75.05293273925781,1.0,1746161948.7170901
29.90364646911621,0.3196614682674408,3262,5010432,3261,1.9051673412322998,0.10342319309711456,0.008463541977107525,0.708877682685852,0.9119266271591187,-0.30058014392852783,25848,1360.292699378,74.0587158203125,1.0,1746161956.3825276
30.82942771911621,0.3776041865348816,3268,5019648,3267,1.9051673412322998,0.10941025614738464,0.0078125,0.8030279874801636,0.9119266271591187,-0.2673949599266052,25896,1362.718293187,74.0587158203125,1.0,1746161958.808118
29.803386688232422,0.2740885615348816,3281,5039616,3280,1.9051673412322998,0.1440141797065735,0.0078125,0.6512828469276428,0.9119266271591187,-0.3023490309715271,26000,1367.947577244,74.0587158203125,1.0,1746161964.0374165
28.55208396911621,0.2604166865348816,3283,5042688,3282,1.9051673412322998,0.10593739151954651,0.0078125,0.598151683807373,0.9119266271591187,-0.18848168849945068,26016,1368.744629643,74.0587158203125,1.0,1746161964.8344455
28.951824188232422,0.2884114682674408,3302,5071872,3301,1.9051673412322998,0.10393817722797394,0.0078125,0.6404716968536377,0.9119266271591187,-0.2245224416255951,26168,1376.349440162,74.0587158203125,1.0,1746161972.4392664
28.975261688232422,0.2369791716337204,3333,5119488,3332,1.9051673412322998,0.11788879334926605,0.0078125,0.5868291854858398,0.9119266271591187,-0.39504915475845337,26416,1388.751548196,74.0587158203125,1.0,1746161984.84052
29.455730438232422,0.333984375,3358,5157888,3357,1.9051673412322998,0.12657460570335388,0.008463541977107525,0.730660617351532,0.9119266271591187,-0.43841221928596497,26616,1398.710685943,74.0587158203125,1.0,1746161994.8001912
30.23177146911621,0.3177083432674408,3368,5173248,3367,1.9051673412322998,0.12652388215065002,0.0078125,0.7084592580795288,0.9119266271591187,-0.440402090549469,26696,1402.730658905,74.0587158203125,1.0,1746161998.819967
30.88020896911621,0.3522135615348816,3404,5228544,3403,1.9051673412322998,0.11614027619361877,0.0078125,0.7511891722679138,0.9119266271591187,-0.36126333475112915,26984,1417.129761608,74.0587158203125,1.0,1746162013.2191226
28.74739646911621,0.2916666865348816,3464,5320704,3463,1.9051673412322998,0.12438551336526871,0.0078125,0.6484361886978149,0.9119266271591187,-0.34552109241485596,27464,1441.222276952,74.0587158203125,1.0,1746162037.3115513
30.23046875,0.361328125,3467,5325312,3466,1.9051673412322998,0.14797502756118774,0.0078125,0.7697387933731079,0.9119266271591187,-0.3593197464942932,27488,1442.420592105,74.0587158203125,1.0,1746162038.5100746
30.64453125,0.3567708432674408,3511,5392896,3510,1.9051673412322998,0.0857531726360321,0.0078125,0.7634481191635132,0.9119266271591187,-0.3389900028705597,27840,1459.996377549,74.0587158203125,1.0,1746162056.086199
28.28645896911621,0.27734375,3573,5488128,3572,1.9051673412322998,0.08839458227157593,0.0078125,0.6335755586624146,0.9119266271591187,-0.36608418822288513,28336,1484.812370505,74.0587158203125,1.0,1746162080.9021788
30.546875,0.337890625,3575,5491200,3574,1.9233334064483643,0.0828946977853775,0.008463541977107525,0.7559727430343628,0.9286987781524658,-0.32002633810043335,28352,1485.705971898,72.06239318847656,1.0,1746162081.7957792
30.125,0.32421875,3584,5505024,3583,1.9233334064483643,0.0811493992805481,0.0078125,0.6990736722946167,0.9286987781524658,-0.3633851408958435,28424,1489.293509889,72.06239318847656,1.0,1746162085.3833275
30.51692771911621,0.3470052182674408,3604,5535744,3603,1.9233334064483643,0.09341810643672943,0.0078125,0.7442917823791504,0.9286987781524658,-0.3899969160556793,28584,1497.295303741,72.06239318847656,1.0,1746162093.3850796
30.390625,0.3893229365348816,3607,5540352,3606,1.9233334064483643,0.09425517171621323,0.0078125,0.7978663444519043,0.9286987781524658,-0.3926345705986023,28608,1498.492087523,72.06239318847656,1.0,1746162094.58172
30.96224021911621,0.275390625,3627,5571072,3626,1.9233334064483643,0.08402811735868454,0.008463541977107525,0.6664709448814392,0.9286987781524658,-0.41724154353141785,28768,1506.487378593,72.06239318847656,1.0,1746162102.5771792
29.5234375,0.3372395932674408,3630,5575680,3629,1.9233334064483643,0.09388385713100433,0.0078125,0.7036845088005066,0.9286987781524658,-0.386618435382843,28792,1507.680257123,72.06239318847656,1.0,1746162103.7700574
29.912761688232422,0.361328125,3632,5578752,3631,1.9233334064483643,0.09129679948091507,0.0078125,0.746936023235321,0.9286987781524658,-0.37137076258659363,28808,1508.476498123,72.06239318847656,1.0,1746162104.5662625
29.66796875,0.3235677182674408,3684,5658624,3683,1.9233334064483643,0.10915988683700562,0.0078125,0.6981567740440369,0.9286987781524658,-0.24899183213710785,29224,1529.26505884,72.06239318847656,1.0,1746162125.3548768
29.467449188232422,0.2864583432674408,3695,5675520,3694,1.9233334064483643,0.10365164279937744,0.008463541977107525,0.6464824080467224,0.9286987781524658,-0.29068276286125183,29312,1533.661383262,72.06239318847656,1.0,1746162129.7511892
30.07421875,0.3326823115348816,3700,5683200,3699,1.9233334064483643,0.1018771082162857,0.0078125,0.7296389937400818,0.9286987781524658,-0.2860396206378937,29352,1535.654082975,72.06239318847656,1.0,1746162131.7438805
29.18880271911621,0.2545573115348816,3701,5684736,3700,1.9233334064483643,0.10097120702266693,0.0078125,0.6194775104522705,0.9286987781524658,-0.26839160919189453,29360,1536.051128791,72.06239318847656,1.0,1746162132.140959
28.963542938232422,0.2447916716337204,3703,5687808,3702,1.9233334064483643,0.1190820038318634,0.008463541977107525,0.6070760488510132,0.9286987781524658,-0.34264662861824036,29376,1536.846752664,72.06239318847656,1.0,1746162132.936579
27.7578125,0.26171875,3714,5704704,3713,1.9233334064483643,0.10384099930524826,0.0078125,0.5860662460327148,0.9286987781524658,-0.14359313249588013,29464,1541.258526301,72.06239318847656,1.0,1746162137.3482914
29.428386688232422,0.3580729365348816,3719,5712384,3718,1.9233334064483643,0.10293613374233246,0.0078125,0.7342896461486816,0.9286987781524658,-0.15241269767284393,29504,1543.249851777,72.06239318847656,1.0,1746162139.339669
30.498699188232422,0.3626302182674408,3723,5718528,3722,1.9233334064483643,0.14541734755039215,0.008463541977107525,0.7741507291793823,0.9286987781524658,-0.15038847923278809,29536,1544.84483658,72.06239318847656,1.0,1746162140.9346955
28.615886688232422,0.255859375,3725,5721600,3724,1.9233334064483643,0.12380928546190262,0.0078125,0.5956106185913086,0.9286987781524658,-0.09826914221048355,29552,1545.64196252,72.06239318847656,1.0,1746162141.7317917
27.639324188232422,0.2220052182674408,3729,5727744,3728,1.9233334064483643,0.1500486582517624,0.0078125,0.5540380477905273,0.9286987781524658,-0.17866389453411102,29584,1547.229480344,72.06239318847656,1.0,1746162143.319257
30.776042938232422,0.3990885615348816,3740,5744640,3739,1.9233334064483643,0.11514705419540405,0.0078125,0.8209919929504395,0.9286987781524658,-0.25050604343414307,29672,1551.620234893,72.06239318847656,1.0,1746162147.7100613
29.5234375,0.375,3744,5750784,3743,1.9233334064483643,0.1065138578414917,0.008463541977107525,0.7839803695678711,0.9286987781524658,-0.23424667119979858,29704,1553.247971239,72.06239318847656,1.0,1746162149.337714
30.24739646911621,0.404296875,3754,5766144,3753,1.9233334064483643,0.22218561172485352,0.008463541977107525,0.80859375,0.9286987781524658,-0.3618342876434326,29784,1557.23335217,72.06239318847656,1.0,1746162153.3231492
29.96484375,0.3209635615348816,3764,5781504,3763,1.9233334064483643,0.16070035099983215,0.0078125,0.7181921005249023,0.9286987781524658,-0.31116175651550293,29864,1561.228887108,72.06239318847656,1.0,1746162157.3186889
29.651042938232422,0.31640625,3778,5803008,3777,1.9233334064483643,0.14439135789871216,0.0078125,0.6981420516967773,0.9286987781524658,-0.23116210103034973,29976,1566.824541055,72.06239318847656,1.0,1746162162.9144006
30.32421875,0.3619791865348816,3780,5806080,3779,1.9233334064483643,0.12472949922084808,0.0078125,0.7630656957626343,0.9286987781524658,-0.20345711708068848,29992,1567.626928383,72.06239318847656,1.0,1746162163.7166378
28.93099021911621,0.2317708432674408,3791,5822976,3790,1.9233334064483643,0.14288300275802612,0.0078125,0.5771198272705078,0.9286987781524658,-0.28495895862579346,30080,1572.0193381,72.06239318847656,1.0,1746162168.1091783
31.47786521911621,0.412109375,3804,5842944,3803,1.9233334064483643,0.10773918777704239,0.0078125,0.8485504388809204,0.9286987781524658,-0.25067242980003357,30184,1577.235908014,72.06239318847656,1.0,1746162173.325751
29.733074188232422,0.3203125,3835,5890560,3834,1.9233334064483643,0.11315047740936279,0.0078125,0.6924756765365601,0.9286987781524658,-0.316563218832016,30432,1589.601291585,72.06239318847656,1.0,1746162185.691128
30.953125,0.2734375,3838,5895168,3837,1.9233334064483643,0.1184183806180954,0.0078125,0.660557746887207,0.9286987781524658,-0.32444941997528076,30456,1590.821426261,72.06239318847656,1.0,1746162186.9109566
30.444011688232422,0.408203125,3841,5899776,3840,1.9233334064483643,0.13882018625736237,0.008463541977107525,0.8342937231063843,0.9286987781524658,-0.2920934855937958,30480,1592.014078193,72.06239318847656,1.0,1746162188.1038902
30.19140625,0.35546875,3842,5901312,3841,1.9233334064483643,0.11212986707687378,0.0078125,0.7362518310546875,0.9286987781524658,-0.3026975393295288,30488,1592.411755385,72.06239318847656,1.0,1746162188.5015838
30.06380271911621,0.322265625,3846,5907456,3845,1.9233334064483643,0.11955980211496353,0.0078125,0.7129195928573608,0.9286987781524658,-0.22836366295814514,30520,1594.010048229,72.06239318847656,1.0,1746162190.099861
28.643230438232422,0.232421875,3866,5938176,3865,1.9233334064483643,0.09803524613380432,0.0078125,0.5713908672332764,0.9286987781524658,-0.3024585247039795,30680,1601.996143993,72.06239318847656,1.0,1746162198.0859847
29.60286521911621,0.2962239682674408,3893,5979648,3892,1.9233334064483643,0.09292244911193848,0.008463541977107525,0.6681126356124878,0.9286987781524658,-0.3277300000190735,30896,1612.824371799,72.06239318847656,1.0,1746162208.914189
28.80599021911621,0.3365885615348816,3899,5988864,3898,1.9233334064483643,0.1022738441824913,0.0078125,0.7091655135154724,0.9286987781524658,-0.32461535930633545,30944,1615.215943795,72.06239318847656,1.0,1746162211.3057835
30.5703125,0.3626302182674408,3906,5999616,3905,1.9036022424697876,0.10092952102422714,0.008463541977107525,0.7707378268241882,0.9113924503326416,-0.3156167268753052,31000,1618.13711067,74.1283950805664,1.0,1746162214.2267873
28.52083396911621,0.3014323115348816,3915,6013440,3914,1.9036022424697876,0.12120077759027481,0.0078125,0.6550650000572205,0.9113924503326416,-0.3126447796821594,31072,1621.736144634,74.1283950805664,1.0,1746162217.825966
29.20442771911621,0.3365885615348816,3924,6027264,3923,1.9036022424697876,0.0839301347732544,0.0078125,0.715706467628479,0.9113924503326416,-0.2694494128227234,31144,1625.353533409,74.1283950805664,1.0,1746162221.4433384
30.35546875,0.3658854365348816,3956,6076416,3955,1.9036022424697876,0.10093078017234802,0.0078125,0.7767049670219421,0.9113924503326416,-0.32011470198631287,31400,1638.14736534,74.1283950805664,1.0,1746162234.2371104
29.88802146911621,0.2766927182674408,3962,6085632,3961,1.9036022424697876,0.09505713731050491,0.0078125,0.658186137676239,0.9113924503326416,-0.25748175382614136,31448,1640.546688428,74.1283950805664,1.0,1746162236.6365128
28.20703125,0.2643229365348816,3986,6122496,3985,1.9036022424697876,0.08637946099042892,0.0078125,0.6082750558853149,0.9113924503326416,-0.278014600276947,31640,1650.151493132,74.1283950805664,1.0,1746162246.2413058
29.93880271911621,0.3268229365348816,3988,6125568,3987,1.9036022424697876,0.07715500891208649,0.0078125,0.7146637439727783,0.9113924503326416,-0.24804508686065674,31656,1650.953829214,74.1283950805664,1.0,1746162247.043626
30.23177146911621,0.2962239682674408,3995,6136320,3994,1.9036022424697876,0.07646040618419647,0.0078125,0.6712622046470642,0.9113924503326416,-0.3116821050643921,31712,1653.762635386,74.1283950805664,1.0,1746162249.852449
29.787761688232422,0.3587239682674408,4009,6157824,4008,1.9036022424697876,0.11036200076341629,0.008463541977107525,0.7501909136772156,0.9113924503326416,-0.36822444200515747,31824,1659.349525754,74.1283950805664,1.0,1746162255.4388967
27.276042938232422,0.2545573115348816,4021,6176256,4020,1.9036022424697876,0.07847578823566437,0.0078125,0.5702210664749146,0.9113924503326416,-0.2791798710823059,31920,1664.161945251,74.1283950805664,1.0,1746162260.2517803
30.1796875,0.333984375,4053,6225408,4052,1.9036022424697876,0.12578709423542023,0.0078125,0.7312480211257935,0.9113924503326416,-0.2494017481803894,32176,1676.973203783,74.1283950805664,1.0,1746162273.0630026
29.38020896911621,0.3098958432674408,4059,6234624,4058,1.9036022424697876,0.08665971457958221,0.0078125,0.6919485926628113,0.9113924503326416,-0.25309085845947266,32224,1679.361854883,74.1283950805664,1.0,1746162275.4516559
29.64453125,0.3502604365348816,4075,6259200,4074,1.9036022424697876,0.09002816677093506,0.008463541977107525,0.7426199913024902,0.9113924503326416,-0.28639528155326843,32352,1685.77693363,74.1283950805664,1.0,1746162281.8667505
29.8125,0.330078125,4086,6276096,4085,1.9036022424697876,0.08994871377944946,0.0078125,0.7189616560935974,0.9113924503326416,-0.23951736092567444,32440,1690.170308416,74.1283950805664,1.0,1746162286.2601368
27.721355438232422,0.26171875,4087,6277632,4086,1.9036022424697876,0.09158453345298767,0.0078125,0.5956645011901855,0.9113924503326416,-0.24681341648101807,32448,1690.568441863,74.1283950805664,1.0,1746162286.6582599
30.60546875,0.359375,4108,6309888,4107,1.9036022424697876,0.08850668370723724,0.0078125,0.7482994794845581,0.9113924503326416,-0.23581033945083618,32616,1698.982184151,74.1283950805664,1.0,1746162295.0718894
30.48958396911621,0.421875,4162,6392832,4161,1.9036022424697876,0.07461370527744293,0.0078125,0.84375,0.9113924503326416,-0.20487159490585327,33048,1720.546036776,74.1283950805664,1.0,1746162316.6358712
30.04817771911621,0.3125,4166,6398976,4165,1.9036022424697876,0.06871405988931656,0.0078125,0.7050265073776245,0.9113924503326416,-0.23069307208061218,33080,1722.138890615,74.1283950805664,1.0,1746162318.2287223
29.62890625,0.3313802182674408,4184,6426624,4183,1.9036022424697876,0.08178964257240295,0.0078125,0.702767014503479,0.9113924503326416,-0.2168455719947815,33224,1729.346975043,74.1283950805664,1.0,1746162325.436777
30.334636688232422,0.3658854365348816,4202,6454272,4201,1.9036022424697876,0.07901021838188171,0.0078125,0.7576117515563965,0.9113924503326416,-0.2590845823287964,33368,1736.550238235,74.1283950805664,1.0,1746162332.6400719
30.18880271911621,0.3841145932674408,4211,6468096,4210,1.9036022424697876,0.07621334493160248,0.008463541977107525,0.7687203288078308,0.9113924503326416,-0.19339090585708618,33440,1740.136189879,74.1283950805664,1.0,1746162336.2259417
30.80599021911621,0.419921875,4230,6497280,4229,1.9247664213180542,0.07520642876625061,0.0078125,0.83984375,0.9289617538452148,-0.24772387742996216,33592,1747.833503815,72.976318359375,1.0,1746162343.9233327
30.55599021911621,0.3235677182674408,4235,6504960,4234,1.9247664213180542,0.0623961016535759,0.0078125,0.7215549349784851,0.9289617538452148,-0.24811361730098724,33632,1749.834708904,72.976318359375,1.0,1746162345.9243367
29.631511688232422,0.3665364682674408,4237,6508032,4236,1.9247664213180542,0.07206062227487564,0.0078125,0.7685770988464355,0.9289617538452148,-0.2569423317909241,33648,1750.637792211,72.976318359375,1.0,1746162346.7276018
30.846355438232422,0.384765625,4245,6520320,4244,1.9247664213180542,0.06865406781435013,0.0078125,0.794097900390625,0.9289617538452148,-0.29704025387763977,33712,1753.824190615,72.976318359375,1.0,1746162349.9140253
29.14192771911621,0.2298177182674408,4254,6534144,4253,1.9247664213180542,0.0609993115067482,0.0078125,0.578248143196106,0.9289617538452148,-0.2961236238479614,33784,1757.404095933,72.976318359375,1.0,1746162353.4938588
30.01692771911621,0.330078125,4260,6543360,4259,1.9247664213180542,0.07229305803775787,0.0078125,0.7067977786064148,0.9289617538452148,-0.2594146728515625,33832,1759.823529515,72.976318359375,1.0,1746162355.9133275
30.6171875,0.3860677182674408,4262,6546432,4261,1.9247664213180542,0.07912437617778778,0.0078125,0.8115051984786987,0.9289617538452148,-0.3201932907104492,33848,1760.624689766,72.976318359375,1.0,1746162356.714523
29.940105438232422,0.3072916865348816,4271,6560256,4270,1.9247664213180542,0.08750952780246735,0.0078125,0.6799351572990417,0.9289617538452148,-0.3247072100639343,33920,1764.213075304,72.976318359375,1.0,1746162360.3028643
30.080730438232422,0.3424479365348816,4272,6561792,4271,1.9247664213180542,0.07447946816682816,0.0078125,0.7285614013671875,0.9289617538452148,-0.30988621711730957,33928,1764.611145885,72.976318359375,1.0,1746162360.700963
30.557292938232422,0.3639323115348816,4289,6587904,4288,1.9247664213180542,0.0968763679265976,0.008463541977107525,0.7744984030723572,0.9289617538452148,-0.2864095866680145,34064,1771.396811717,72.976318359375,1.0,1746162367.4866264
28.49739646911621,0.28125,4291,6590976,4290,1.9247664213180542,0.09383653849363327,0.008463541977107525,0.6482422351837158,0.9289617538452148,-0.29680153727531433,34080,1772.194848933,72.976318359375,1.0,1746162368.284668
29.30078125,0.2786458432674408,4294,6595584,4293,1.9247664213180542,0.08966895937919617,0.00911458395421505,0.663818359375,0.9289617538452148,-0.2974674701690674,34104,1773.390547693,72.976318359375,1.0,1746162369.480375
31.10677146911621,0.4264323115348816,4295,6597120,4294,1.9247664213180542,0.0890667736530304,0.0078125,0.8528646230697632,0.9289617538452148,-0.3080170750617981,34112,1773.789569508,72.976318359375,1.0,1746162369.879406
30.078125,0.248046875,4310,6620160,4309,1.9247664213180542,0.11845499277114868,0.0078125,0.6062548160552979,0.9289617538452148,-0.28292810916900635,34232,1779.834617934,72.976318359375,1.0,1746162375.9244344
31.080730438232422,0.4381510615348816,4322,6638592,4321,1.9247664213180542,0.08354382961988449,0.00911458395421505,0.8763021230697632,0.9289617538452148,-0.28764936327934265,34328,1784.620489342,72.976318359375,1.0,1746162380.7102962
28.615886688232422,0.2096354216337204,4335,6658560,4334,1.9247664213180542,0.08298294991254807,0.0078125,0.5562217235565186,0.9289617538452148,-0.327847957611084,34432,1789.840817658,72.976318359375,1.0,1746162385.9306364
30.29036521911621,0.3333333432674408,4359,6695424,4358,1.9247664213180542,0.10168880969285965,0.0078125,0.7190068960189819,0.9289617538452148,-0.18209591507911682,34624,1799.440290081,72.976318359375,1.0,1746162395.5300689
30.428386688232422,0.3157552182674408,4365,6704640,4364,1.9247664213180542,0.07834403216838837,0.008463541977107525,0.718010663986206,0.9289617538452148,-0.17040154337882996,34672,1801.838837215,72.976318359375,1.0,1746162397.9278438
31.436199188232422,0.35546875,4374,6718464,4373,1.9247664213180542,0.08902938663959503,0.0078125,0.7739870548248291,0.9289617538452148,-0.19401167333126068,34744,1805.427899591,72.976318359375,1.0,1746162401.517699
29.326824188232422,0.3528645932674408,4381,6729216,4380,1.9247664213180542,0.09645967930555344,0.0078125,0.7416749000549316,0.9289617538452148,-0.2506541311740875,34800,1808.232897297,72.976318359375,1.0,1746162404.3226612
30.125,0.3697916865348816,4408,6770688,4407,1.9247664213180542,0.0778416097164154,0.0078125,0.7757427096366882,0.9289617538452148,-0.22580407559871674,35016,1819.026307178,72.976318359375,1.0,1746162415.1158464
27.69140625,0.212890625,4424,6795264,4423,1.9247664213180542,0.07456739246845245,0.0078125,0.5336897969245911,0.9289617538452148,-0.19947628676891327,35144,1825.416831373,72.976318359375,1.0,1746162421.506664
30.64192771911621,0.392578125,4425,6796800,4424,1.9247664213180542,0.07705436646938324,0.0078125,0.8083603382110596,0.9289617538452148,-0.17768247425556183,35152,1825.816140883,72.976318359375,1.0,1746162421.9059694
29.912761688232422,0.2740885615348816,4428,6801408,4427,1.9247664213180542,0.07757247984409332,0.0078125,0.6486649513244629,0.9289617538452148,-0.22793744504451752,35176,1827.014238548,72.976318359375,1.0,1746162423.1040115
29.315105438232422,0.341796875,4465,6858240,4464,1.9247664213180542,0.0836750715970993,0.0078125,0.7254643440246582,0.9289617538452148,-0.2160155475139618,35472,1841.796103971,72.976318359375,1.0,1746162437.8859148
29.572917938232422,0.287109375,4468,6862848,4467,1.9247664213180542,0.08450809121131897,0.0078125,0.6389465928077698,0.9289617538452148,-0.22927364706993103,35496,1842.996222686,72.976318359375,1.0,1746162439.086034
29.55078125,0.3177083432674408,4482,6884352,4481,1.9247664213180542,0.09515441954135895,0.0078125,0.706990659236908,0.9289617538452148,-0.1546199917793274,35608,1848.61502808,72.976318359375,1.0,1746162444.7048733
30.01953125,0.3990885615348816,4497,6907392,4496,1.9247664213180542,0.07924765348434448,0.0078125,0.8150676488876343,0.9289617538452148,-0.17882142961025238,35728,1854.617364782,72.976318359375,1.0,1746162450.7071831
28.00911521911621,0.25390625,4509,6925824,4508,1.9247664213180542,0.06330098956823349,0.0078125,0.6007701754570007,0.9289617538452148,-0.225515678524971,35824,1859.396678168,72.976318359375,1.0,1746162455.4864972
29.28645896911621,0.2955729365348816,4520,6942720,4519,1.9247664213180542,0.08452356606721878,0.0078125,0.670838475227356,0.9289617538452148,-0.25510168075561523,35912,1863.824274742,72.976318359375,1.0,1746162459.9141164
29.23177146911621,0.3046875,4525,6950400,4524,1.9247664213180542,0.07961098849773407,0.0078125,0.6787893176078796,0.9289617538452148,-0.2652965486049652,35952,1865.817111713,72.976318359375,1.0,1746162461.906944
26.01692771911621,0.1471354216337204,4538,6970368,4537,1.9247664213180542,0.0961766391992569,0.0078125,0.43035244941711426,0.9289617538452148,-0.2899060845375061,36056,1871.001371225,72.976318359375,1.0,1746162467.091177
30.94270896911621,0.314453125,4542,6976512,4541,1.9247664213180542,0.0881853923201561,0.0078125,0.7040354609489441,0.9289617538452148,-0.2661709189414978,36088,1872.60498138,72.976318359375,1.0,1746162468.6947515
29.01171875,0.2864583432674408,4543,6978048,4542,1.9247664213180542,0.09949866682291031,0.0078125,0.6586721539497375,0.9289617538452148,-0.27988070249557495,36096,1873.002572257,72.976318359375,1.0,1746162469.0923862
32.091148376464844,0.3997395932674408,4568,7016448,4567,1.8494129180908203,0.09664954245090485,0.010416666977107525,0.8657318949699402,0.8585085868835449,-0.25600752234458923,36296,1883.087361005,77.78585052490234,1.0,1746162479.1772015
28.822917938232422,0.2923177182674408,4599,7064064,4598,1.8494129180908203,0.08682426810264587,0.008463541977107525,0.6503667831420898,0.8585085868835449,-0.13091081380844116,36544,1895.478822674,77.78585052490234,1.0,1746162491.5686548
30.756511688232422,0.3372395932674408,4614,7087104,4613,1.8494129180908203,0.083473339676857,0.008463541977107525,0.7485851049423218,0.8585085868835449,-0.2081618309020996,36664,1901.468036583,77.78585052490234,1.0,1746162497.5578551
30.29817771911621,0.3567708432674408,4617,7091712,4616,1.8494129180908203,0.08309829235076904,0.008463541977107525,0.7597794532775879,0.8585085868835449,-0.18890544772148132,36688,1902.665618833,77.78585052490234,1.0,1746162498.7554214
29.35546875,0.3294270932674408,4628,7108608,4627,1.8494129180908203,0.1353629231452942,0.0078125,0.7012772560119629,0.8585085868835449,-0.24400466680526733,36776,1907.087444708,77.78585052490234,1.0,1746162503.1771529
29.05859375,0.3619791865348816,4637,7122432,4636,1.8494129180908203,0.08252173662185669,0.0078125,0.7239584922790527,0.8585085868835449,-0.25270357728004456,36848,1910.685741682,77.78585052490234,1.0,1746162506.7755976
28.920574188232422,0.3430989682674408,4639,7125504,4638,1.8494129180908203,0.10098768770694733,0.0078125,0.7036581039428711,0.8585085868835449,-0.24860447645187378,36864,1911.486787391,77.78585052490234,1.0,1746162507.5766287
30.19270896911621,0.271484375,4645,7134720,4644,1.8494129180908203,0.12220170348882675,0.0078125,0.6461350917816162,0.8585085868835449,-0.19838368892669678,36912,1913.8862086,77.78585052490234,1.0,1746162509.9760125
30.27864646911621,0.3880208432674408,4647,7137792,4646,1.8494129180908203,0.10646998137235641,0.0078125,0.812519907951355,0.8585085868835449,-0.15569666028022766,36928,1914.678431327,77.78585052490234,1.0,1746162510.7682545
30.580730438232422,0.3463541865348816,4648,7139328,4647,1.8494129180908203,0.11202095448970795,0.0078125,0.7438878417015076,0.8585085868835449,-0.16605201363563538,36936,1915.09069834,77.78585052490234,1.0,1746162511.1803403
30.84114646911621,0.3580729365348816,4652,7145472,4651,1.8494129180908203,0.09232991933822632,0.008463541977107525,0.7689394950866699,0.8585085868835449,-0.18669672310352325,36968,1916.687871547,77.78585052490234,1.0,1746162512.777727
29.459636688232422,0.271484375,4653,7147008,4652,1.8494129180908203,0.11186237633228302,0.008463541977107525,0.6393685936927795,0.8585085868835449,-0.17830291390419006,36976,1917.08574826,77.78585052490234,1.0,1746162513.1755998
29.686199188232422,0.3359375,4657,7153152,4656,1.8494129180908203,0.07980287820100784,0.0078125,0.7157410383224487,0.8585085868835449,-0.1985453963279724,37008,1918.681599017,77.78585052490234,1.0,1746162514.771432
28.811199188232422,0.29296875,4660,7157760,4659,1.8494129180908203,0.08992107957601547,0.008463541977107525,0.648171067237854,0.8585085868835449,-0.1888505220413208,37032,1919.880787538,77.78585052490234,1.0,1746162515.9706128
28.37630271911621,0.2630208432674408,4674,7179264,4673,1.8494129180908203,0.08295687288045883,0.0078125,0.6066254377365112,0.8585085868835449,-0.13595259189605713,37144,1925.463808142,77.78585052490234,1.0,1746162521.5536196
29.604167938232422,0.2923177182674408,4685,7196160,4684,1.8494129180908203,0.07441549003124237,0.0078125,0.6518428325653076,0.8585085868835449,-0.13422316312789917,37232,1929.873173245,77.78585052490234,1.0,1746162525.963015
30.30989646911621,0.3365885615348816,4688,7200768,4687,1.8494129180908203,0.09268602728843689,0.0078125,0.7250020503997803,0.8585085868835449,-0.20276504755020142,37256,1931.073581643,77.78585052490234,1.0,1746162527.1633775
29.7734375,0.3795573115348816,4696,7213056,4695,1.8494129180908203,0.07591021060943604,0.0078125,0.7591146230697632,0.8585085868835449,-0.18075776100158691,37320,1934.275330324,77.78585052490234,1.0,1746162530.3651216
28.2109375,0.314453125,4700,7219200,4699,1.8494129180908203,0.1251043975353241,0.008463541977107525,0.6643668413162231,0.8585085868835449,-0.23654912412166595,37352,1935.875558929,77.78585052490234,1.0,1746162531.9653864
29.93099021911621,0.279296875,4710,7234560,4709,1.8494129180908203,0.09843187034130096,0.0078125,0.6732901334762573,0.8585085868835449,-0.2899700403213501,37432,1939.861493911,77.78585052490234,1.0,1746162535.9513206
30.56640625,0.3600260615348816,4718,7246848,4717,1.8494129180908203,0.1144828349351883,0.0078125,0.7682836055755615,0.8585085868835449,-0.2961495816707611,37496,1943.081709614,77.78585052490234,1.0,1746162539.1715302
30.70442771911621,0.4166666865348816,4752,7299072,4751,1.8494129180908203,0.11988749355077744,0.0078125,0.8333333730697632,0.8585085868835449,-0.30772751569747925,37768,1956.676734032,77.78585052490234,1.0,1746162552.7665405
29.440105438232422,0.201171875,4755,7303680,4754,1.8494129180908203,0.16426390409469604,0.0078125,0.5612390041351318,0.8585085868835449,-0.3871590495109558,37792,1957.871348992,77.78585052490234,1.0,1746162553.9611626
30.842449188232422,0.4186198115348816,4760,7311360,4759,1.8494129180908203,0.15479570627212524,0.008463541977107525,0.8372396230697632,0.8585085868835449,-0.4406660199165344,37832,1959.896404944,77.78585052490234,1.0,1746162555.9862182
27.807292938232422,0.2779948115348816,4766,7320576,4765,1.8494129180908203,0.11183935403823853,0.0078125,0.6126455068588257,0.8585085868835449,-0.4509146809577942,37880,1962.285514067,77.78585052490234,1.0,1746162558.3753328
30.03255271911621,0.3372395932674408,4771,7328256,4770,1.8494129180908203,0.10341465473175049,0.0078125,0.7238895297050476,0.8585085868835449,-0.3975769877433777,37920,1964.281681048,77.78585052490234,1.0,1746162560.3714786
31.553386688232422,0.4127604365348816,4778,7339008,4777,1.8494129180908203,0.10858850181102753,0.008463541977107525,0.8532273173332214,0.8585085868835449,-0.368320107460022,37976,1967.075681627,77.78585052490234,1.0,1746162563.1655338
29.69270896911621,0.3580729365348816,4780,7342080,4779,1.8494129180908203,0.11666890978813171,0.0078125,0.7333924174308777,0.8585085868835449,-0.39437833428382874,37992,1967.873695674,77.78585052490234,1.0,1746162563.9635274
28.522136688232422,0.2962239682674408,4781,7343616,4780,1.8494129180908203,0.12817129492759705,0.0078125,0.6573927402496338,0.8585085868835449,-0.41068875789642334,38000,1968.272324128,77.78585052490234,1.0,1746162564.3621042
28.93880271911621,0.3359375,4784,7348224,4783,1.8494129180908203,0.13989318907260895,0.008463541977107525,0.7238425016403198,0.8585085868835449,-0.40817421674728394,38024,1969.47174039,77.78585052490234,1.0,1746162565.5615695
29.8515625,0.3756510615348816,4797,7368192,4796,1.8494129180908203,0.12076026946306229,0.008463541977107525,0.786172091960907,0.8585085868835449,-0.30539801716804504,38128,1974.687804185,77.78585052490234,1.0,1746162570.777638
29.27083396911621,0.3815104365348816,4806,7382016,4805,1.8494129180908203,0.10326112806797028,0.0078125,0.7630208730697632,0.8585085868835449,-0.25857770442962646,38200,1978.278012215,77.78585052490234,1.0,1746162574.3677988
30.330730438232422,0.4029948115348816,4810,7388160,4809,1.8494129180908203,0.1051519513130188,0.008463541977107525,0.8059896230697632,0.8585085868835449,-0.24809999763965607,38232,1979.870693815,77.78585052490234,1.0,1746162575.9605348
30.569011688232422,0.373046875,4832,7421952,4831,1.8494129180908203,0.1004522368311882,0.0078125,0.7858724594116211,0.8585085868835449,-0.27172666788101196,38408,1988.682796112,77.78585052490234,1.0,1746162584.7725704
26.803386688232422,0.2734375,4847,7444992,4846,1.8494129180908203,0.11171704530715942,0.0078125,0.5822083353996277,0.8585085868835449,-0.2779007852077484,38528,1994.674559739,77.78585052490234,1.0,1746162590.7643383
30.303386688232422,0.3815104365348816,4864,7471104,4863,1.8494129180908203,0.08175987005233765,0.0078125,0.7803101539611816,0.8585085868835449,-0.27023839950561523,38664,2001.497022383,77.78585052490234,1.0,1746162597.586669
29.43489646911621,0.365234375,4886,7504896,4885,1.9317091703414917,0.09406207501888275,0.008463541977107525,0.7483562231063843,0.9361313581466675,-0.22060947120189667,38840,2010.374795409,72.93065643310547,1.0,1746162606.4646037
29.61458396911621,0.2942708432674408,4892,7514112,4891,1.9317091703414917,0.08152889460325241,0.0078125,0.6790813207626343,0.9361313581466675,-0.2574276328086853,38888,2012.766739388,72.93065643310547,1.0,1746162608.8565848
29.4921875,0.3567708432674408,4896,7520256,4895,1.9317091703414917,0.0918009877204895,0.0078125,0.736294150352478,0.9361313581466675,-0.24293696880340576,38920,2014.362241857,72.93065643310547,1.0,1746162610.4519892
31.34895896911621,0.4244791865348816,4903,7531008,4902,1.9317091703414917,0.0882454514503479,0.0078125,0.8678792715072632,0.9361313581466675,-0.28803130984306335,38976,2017.175071577,72.93065643310547,1.0,1746162613.2647583
27.8359375,0.283203125,4940,7587840,4939,1.9317091703414917,0.11358383297920227,0.0078125,0.6214315891265869,0.9361313581466675,-0.19257354736328125,39272,2031.985395279,72.93065643310547,1.0,1746162628.0751545
30.73828125,0.365234375,4943,7592448,4942,1.9317091703414917,0.09545798599720001,0.008463541977107525,0.7789191007614136,0.9361313581466675,-0.17555096745491028,39296,2033.178578354,72.93065643310547,1.0,1746162629.268366
30.22005271911621,0.30859375,4972,7636992,4971,1.9317091703414917,0.08714301884174347,0.0078125,0.6962947249412537,0.9361313581466675,-0.1278037428855896,39528,2044.76209797,72.93065643310547,1.0,1746162640.8518574
28.162761688232422,0.2727864682674408,5031,7727616,5030,1.9317091703414917,0.12867110967636108,0.0078125,0.6071620583534241,0.9361313581466675,-0.16729730367660522,40000,2068.334934196,72.93065643310547,1.0,1746162664.4247494
27.756511688232422,0.2610677182674408,5033,7730688,5032,1.9317091703414917,0.09049448370933533,0.0078125,0.5831096172332764,0.9361313581466675,-0.14186102151870728,40016,2069.134100494,72.93065643310547,1.0,1746162665.2238905
30.72786521911621,0.37109375,5076,7796736,5075,1.9317091703414917,0.0788118839263916,0.0078125,0.7894247770309448,0.9361313581466675,-0.15505200624465942,40360,2086.318644464,72.93065643310547,1.0,1746162682.40847
30.819011688232422,0.3639323115348816,5091,7819776,5090,1.9317091703414917,0.09530344605445862,0.0078125,0.7720646858215332,0.9361313581466675,-0.14929181337356567,40480,2092.329648105,72.93065643310547,1.0,1746162688.4193852
29.81640625,0.3294270932674408,5095,7825920,5094,1.9317091703414917,0.07751253247261047,0.0078125,0.7086202502250671,0.9361313581466675,-0.15022245049476624,40512,2093.925243135,72.93065643310547,1.0,1746162690.0150764
30.8046875,0.3821614682674408,5111,7850496,5110,1.9317091703414917,0.08720982074737549,0.0078125,0.7892985343933105,0.9361313581466675,-0.120989590883255,40640,2100.310477727,72.93065643310547,1.0,1746162696.400316
29.561199188232422,0.3587239682674408,5122,7867392,5121,1.9317091703414917,0.08468469232320786,0.008463541977107525,0.7520976066589355,0.9361313581466675,-0.168675497174263,40728,2104.73235726,72.93065643310547,1.0,1746162700.8221052
32.040367126464844,0.4537760615348816,5128,7876608,5127,1.9317091703414917,0.08666442334651947,0.008463541977107525,0.9086801409721375,0.9361313581466675,-0.17727483808994293,40776,2107.125063639,72.93065643310547,1.0,1746162703.2148814
30.354167938232422,0.400390625,5146,7904256,5145,1.9317091703414917,0.0901346206665039,0.008463541977107525,0.80078125,0.9361313581466675,-0.1984807848930359,40920,2114.314945637,72.93065643310547,1.0,1746162710.404781
31.463542938232422,0.4283854365348816,5148,7907328,5147,1.9317091703414917,0.080237977206707,0.0078125,0.8567708730697632,0.9361313581466675,-0.19304215908050537,40936,2115.125221467,72.93065643310547,1.0,1746162711.214661
28.74609375,0.294921875,5186,7965696,5185,1.9317091703414917,0.09610192477703094,0.0078125,0.651089608669281,0.9361313581466675,-0.2548679709434509,41240,2130.342857121,72.93065643310547,1.0,1746162726.432623
30.13671875,0.3391927182674408,5209,8001024,5208,1.9310181140899658,0.14548149704933167,0.008463541977107525,0.7457005977630615,0.935251772403717,-0.21735940873622894,41424,2139.610072295,72.57733154296875,0.9999999403953552,1746162735.6998518
30.986980438232422,0.3372395932674408,5214,8008704,5213,1.9310181140899658,0.11063149571418762,0.00911458395421505,0.7607283592224121,0.935251772403717,-0.2636328339576721,41464,2141.634746445,72.57733154296875,0.9999999403953552,1746162737.7245739
31.069011688232422,0.369140625,5228,8030208,5227,1.9310181140899658,0.0902254730463028,0.008463541977107525,0.7884348630905151,0.935251772403717,-0.29776448011398315,41576,2147.229603352,72.57733154296875,0.9999999403953552,1746162743.3194127
30.694011688232422,0.39453125,5235,8040960,5234,1.9310181140899658,0.0989016443490982,0.008463541977107525,0.8138383626937866,0.935251772403717,-0.2965396046638489,41632,2150.025011849,72.57733154296875,0.9999999403953552,1746162746.1148226
30.12890625,0.33984375,5236,8042496,5235,1.9310181140899658,0.09783482551574707,0.0078125,0.7258123159408569,0.935251772403717,-0.33049890398979187,41640,2150.439055169,72.57733154296875,0.9999999403953552,1746162746.5286455
31.393230438232422,0.3658854365348816,5244,8054784,5243,1.9310181140899658,0.11157359182834625,0.0078125,0.7855240702629089,0.935251772403717,-0.22572101652622223,41704,2153.626930415,72.57733154296875,0.9999999403953552,1746162749.7166984
30.39974021911621,0.4075520932674408,5257,8074752,5256,1.9310181140899658,0.12866051495075226,0.0078125,0.8151041865348816,0.935251772403717,-0.2898014187812805,41808,2158.810448401,72.57733154296875,0.9999999403953552,1746162754.9002523
30.83203125,0.3307291865348816,5301,8142336,5300,1.9310181140899658,0.10191987454891205,0.008463541977107525,0.7417806386947632,0.935251772403717,-0.29533839225769043,42160,2176.409804537,72.57733154296875,0.9999999403953552,1746162772.499641
30.70833396911621,0.3763020932674408,5306,8150016,5305,1.9310181140899658,0.12745016813278198,0.0078125,0.7965638041496277,0.935251772403717,-0.20100252330303192,42200,2178.40593841,72.57733154296875,0.9999999403953552,1746162774.4957473
29.623699188232422,0.3359375,5307,8151552,5306,1.9310181140899658,0.10298942029476166,0.0078125,0.711781919002533,0.935251772403717,-0.2271699607372284,42208,2178.804627805,72.57733154296875,0.9999999403953552,1746162774.8944592
30.61067771911621,0.3990885615348816,5320,8171520,5319,1.9310181140899658,0.09275589883327484,0.0078125,0.8162497282028198,0.935251772403717,-0.258999228477478,42312,2183.990944148,72.57733154296875,0.9999999403953552,1746162780.0807755
29.390625,0.3248698115348816,5323,8176128,5322,1.9310181140899658,0.08593042194843292,0.0078125,0.6936635971069336,0.935251772403717,-0.27083516120910645,42336,2185.188699035,72.57733154296875,0.9999999403953552,1746162781.278106
30.12890625,0.37109375,5340,8202240,5339,1.9310181140899658,0.09489701688289642,0.008463541977107525,0.7879618406295776,0.935251772403717,-0.25033149123191833,42472,2192.010592818,72.57733154296875,0.9999999403953552,1746162788.1003783
30.158855438232422,0.3470052182674408,5351,8219136,5350,1.9310181140899658,0.09890767931938171,0.0078125,0.7587606310844421,0.935251772403717,-0.21012140810489655,42560,2196.39535835,72.57733154296875,0.9999999403953552,1746162792.4851835
30.953125,0.3639323115348816,5366,8242176,5365,1.9310181140899658,0.09424041211605072,0.008463541977107525,0.7833778858184814,0.935251772403717,-0.27698031067848206,42680,2202.386026696,72.57733154296875,0.9999999403953552,1746162798.475861
29.1484375,0.3424479365348816,5368,8245248,5367,1.9310181140899658,0.08713831007480621,0.008463541977107525,0.7200867533683777,0.935251772403717,-0.2625226378440857,42696,2203.181693446,72.57733154296875,0.9999999403953552,1746162799.2715278
29.04036521911621,0.3072916865348816,5381,8265216,5380,1.9310181140899658,0.09320370107889175,0.0078125,0.6898133158683777,0.935251772403717,-0.1955721080303192,42800,2208.370606027,72.57733154296875,0.9999999403953552,1746162804.460422
29.5703125,0.3548177182674408,5390,8279040,5389,1.9310181140899658,0.08892986923456192,0.0078125,0.7270671725273132,0.935251772403717,-0.24179422855377197,42872,2211.977503337,72.57733154296875,0.9999999403953552,1746162808.0671
30.171875,0.4134114682674408,5401,8295936,5400,1.9310181140899658,0.09274476766586304,0.0078125,0.8268229365348816,0.935251772403717,-0.24687333405017853,42960,2216.369511813,72.57733154296875,0.9999999403953552,1746162812.459304
28.779949188232422,0.2779948115348816,5407,8305152,5406,1.9310181140899658,0.0848502367734909,0.0078125,0.6174958348274231,0.935251772403717,-0.24998748302459717,43008,2218.757126867,72.57733154296875,0.9999999403953552,1746162814.846938
31.279949188232422,0.4251302182674408,5414,8315904,5413,1.9310181140899658,0.09306035190820694,0.00911458395421505,0.8735331296920776,0.935251772403717,-0.20998382568359375,43064,2221.547251834,72.57733154296875,0.9999999403953552,1746162817.6370876
29.639324188232422,0.3404948115348816,5415,8317440,5414,1.9310181140899658,0.10264746844768524,0.008463541977107525,0.7235504984855652,0.935251772403717,-0.25384655594825745,43072,2221.944318283,72.57733154296875,0.9999999403953552,1746162818.0341473
29.52864646911621,0.3014323115348816,5426,8334336,5425,1.9310181140899658,0.08304071426391602,0.0078125,0.6836645007133484,0.935251772403717,-0.28068989515304565,43160,2226.358232387,72.57733154296875,0.9999999403953552,1746162822.4480472
31.385417938232422,0.4466145932674408,5433,8345088,5432,1.9310181140899658,0.13344132900238037,0.008463541977107525,0.8932291865348816,0.935251772403717,-0.2316334843635559,43216,2229.148661665,72.57733154296875,0.9999999403953552,1746162825.2384512
29.174480438232422,0.2317708432674408,5440,8355840,5439,1.9310181140899658,0.07794986665248871,0.008463541977107525,0.5871727466583252,0.935251772403717,-0.22121261060237885,43272,2231.944944988,72.57733154296875,0.9999999403953552,1746162828.034775
30.96224021911621,0.4192708432674408,5445,8363520,5444,1.9310181140899658,0.11195765435695648,0.008463541977107525,0.8639119863510132,0.935251772403717,-0.25363969802856445,43312,2233.939458827,72.57733154296875,0.9999999403953552,1746162830.0292683
30.45703125,0.3717448115348816,5451,8372736,5450,1.9310181140899658,0.09804394841194153,0.0078125,0.7642354965209961,0.935251772403717,-0.25631457567214966,43360,2236.323605357,72.57733154296875,0.9999999403953552,1746162832.413434
31.20703125,0.380859375,5474,8408064,5473,1.9310181140899658,0.1013580784201622,0.008463541977107525,0.8131501078605652,0.935251772403717,-0.18905803561210632,43544,2245.515468334,72.57733154296875,0.9999999403953552,1746162841.6052651
30.84505271911621,0.4186198115348816,5480,8417280,5479,1.9310181140899658,0.08563461899757385,0.0078125,0.8372396230697632,0.935251772403717,-0.1813584864139557,43592,2247.906901135,72.57733154296875,0.9999999403953552,1746162843.9967422
28.080730438232422,0.279296875,5497,8443392,5496,1.9310181140899658,0.09267359226942062,0.0078125,0.628591001033783,0.935251772403717,-0.20915275812149048,43728,2254.708963902,72.57733154296875,0.9999999403953552,1746162850.7987347
29.48567771911621,0.3619791865348816,5542,8512512,5541,1.951750636100769,0.08752399682998657,0.0078125,0.7414469718933105,0.9550173282623291,-0.22924494743347168,44088,2272.787538512,70.88235473632812,1.0,1746162868.8773806
29.424480438232422,0.3522135615348816,5565,8547840,5564,1.951750636100769,0.10877430438995361,0.0078125,0.7217876315116882,0.9550173282623291,-0.23557063937187195,44272,2281.962507816,70.88235473632812,1.0,1746162878.0523617
29.24609375,0.3528645932674408,5577,8566272,5576,1.951750636100769,0.08188001811504364,0.008463541977107525,0.7464777827262878,0.9550173282623291,-0.1994357705116272,44368,2286.775112203,70.88235473632812,1.0,1746162882.8649473
29.90755271911621,0.353515625,5585,8578560,5584,1.951750636100769,0.09122635424137115,0.0078125,0.7453217506408691,0.9550173282623291,-0.22846774756908417,44432,2289.963631148,70.88235473632812,1.0,1746162886.0534573
28.86067771911621,0.271484375,5603,8606208,5602,1.951750636100769,0.08248069882392883,0.0078125,0.6498632431030273,0.9550173282623291,-0.20238012075424194,44576,2297.191005058,70.88235473632812,1.0,1746162893.2807937
29.170574188232422,0.2884114682674408,5607,8612352,5606,1.951750636100769,0.10122255980968475,0.0078125,0.6456612944602966,0.9550173282623291,-0.24176669120788574,44608,2298.792186849,70.88235473632812,1.0,1746162894.881884
28.95833396911621,0.220703125,5617,8627712,5616,1.951750636100769,0.105680450797081,0.0078125,0.5676687955856323,0.9550173282623291,-0.2169567048549652,44688,2302.780206987,70.88235473632812,1.0,1746162898.8700142
28.01171875,0.2858073115348816,5636,8656896,5635,1.951750636100769,0.10343726724386215,0.0078125,0.6252624988555908,0.9550173282623291,-0.25417208671569824,44840,2310.386197726,70.88235473632812,1.0,1746162906.4759982
28.217449188232422,0.2962239682674408,5646,8672256,5645,1.951750636100769,0.08938124030828476,0.0078125,0.6347799301147461,0.9550173282623291,-0.2603011131286621,44920,2314.373503545,70.88235473632812,1.0,1746162910.4632683
30.783855438232422,0.3971354365348816,5653,8683008,5652,1.951750636100769,0.09051753580570221,0.0078125,0.8124858736991882,0.9550173282623291,-0.23920470476150513,44976,2317.163967668,70.88235473632812,1.0,1746162913.2537985
30.4765625,0.384765625,5716,8779776,5715,1.951750636100769,0.07250861823558807,0.0078125,0.7907328605651855,0.9550173282623291,-0.19897502660751343,45480,2342.36676633,70.88235473632812,1.0,1746162938.4563332
30.40755271911621,0.388671875,5720,8785920,5719,1.951750636100769,0.10179902613162994,0.0078125,0.8229355216026306,0.9550173282623291,-0.23560506105422974,45512,2343.961298567,70.88235473632812,1.0,1746162940.0511084
30.26302146911621,0.3216145932674408,5733,8805888,5732,1.951750636100769,0.09485898911952972,0.0078125,0.7152716517448425,0.9550173282623291,-0.2473173439502716,45616,2349.147112796,70.88235473632812,1.0,1746162945.236924
29.854167938232422,0.3046875,5746,8825856,5745,1.951750636100769,0.10891011357307434,0.008463541977107525,0.6861425638198853,0.9550173282623291,-0.2684752941131592,45720,2354.325725092,70.88235473632812,1.0,1746162950.4155571
31.447917938232422,0.443359375,5748,8828928,5747,1.951750636100769,0.08520910143852234,0.0078125,0.88671875,0.9550173282623291,-0.26162832975387573,45736,2355.122281332,70.88235473632812,1.0,1746162951.2121036
30.41796875,0.40234375,5749,8830464,5748,1.951750636100769,0.10739932954311371,0.0078125,0.8046875,0.9550173282623291,-0.30817747116088867,45744,2355.521089095,70.88235473632812,1.0,1746162951.6109054
29.84895896911621,0.279296875,5781,8879616,5780,1.951750636100769,0.09247365593910217,0.008463541977107525,0.6592933535575867,0.9550173282623291,-0.35486215353012085,46000,2368.285520778,70.88235473632812,1.0,1746162964.3753264
29.3984375,0.3404948115348816,5809,8922624,5808,1.951750636100769,0.1039772629737854,0.0078125,0.721748948097229,0.9550173282623291,-0.3185277581214905,46224,2379.356223051,70.88235473632812,1.0,1746162975.4461062
31.39192771911621,0.39453125,5812,8927232,5811,1.951750636100769,0.08292484283447266,0.0078125,0.8128982782363892,0.9550173282623291,-0.30854296684265137,46248,2380.554144649,70.88235473632812,1.0,1746162976.6440096
29.928386688232422,0.3763020932674408,5817,8934912,5816,1.951750636100769,0.10391543805599213,0.00911458395421505,0.7872254252433777,0.9550173282623291,-0.35677456855773926,46288,2382.528463912,70.88235473632812,1.0,1746162978.618321
30.57552146911621,0.412109375,5841,8971776,5840,1.951750636100769,0.08718062192201614,0.008463541977107525,0.8242189288139343,0.9550173282623291,-0.29707029461860657,46480,2392.032627778,70.88235473632812,1.0,1746162988.1225002
30.23567771911621,0.3430989682674408,5855,8993280,5854,1.9586726427078247,0.08001585304737091,0.0078125,0.7545298337936401,0.9609236717224121,-0.2933201491832733,46592,2397.641444952,70.60213470458984,1.0,1746162993.7312703
31.15755271911621,0.416015625,5890,9047040,5889,1.9586726427078247,0.07123368978500366,0.0078125,0.8498474955558777,0.9609236717224121,-0.222553551197052,46872,2411.462045128,70.60213470458984,1.0,1746163007.5518584
29.6875,0.349609375,5905,9070080,5904,1.9586726427078247,0.09062181413173676,0.0078125,0.7374370098114014,0.9609236717224121,-0.2991199791431427,46992,2417.381755789,70.60213470458984,1.0,1746163013.4716055
30.486980438232422,0.3971354365348816,5908,9074688,5907,1.9586726427078247,0.08477982133626938,0.008463541977107525,0.8124573230743408,0.9609236717224121,-0.2810743451118469,47016,2418.566935398,70.60213470458984,1.0,1746163014.656784
29.93359375,0.365234375,5916,9086976,5915,1.9586726427078247,0.05769692361354828,0.0078125,0.7648193836212158,0.9609236717224121,-0.25994959473609924,47080,2421.72261593,70.60213470458984,1.0,1746163017.8124862
29.97265625,0.37890625,5921,9094656,5920,1.9586726427078247,0.06799328327178955,0.0078125,0.7755147814750671,0.9609236717224121,-0.24152635037899017,47120,2423.698036568,70.60213470458984,1.0,1746163019.7879007
31.37239646911621,0.4010416865348816,5927,9103872,5926,1.9586726427078247,0.07405951619148254,0.0078125,0.8292236328125,0.9609236717224121,-0.290088415145874,47168,2426.064950285,70.60213470458984,1.0,1746163022.1548152
31.52864646911621,0.4264323115348816,5934,9114624,5933,1.9586726427078247,0.06581021845340729,0.0078125,0.8528646230697632,0.9609236717224121,-0.2795967757701874,47224,2428.832342868,70.60213470458984,1.0,1746163024.922004
30.65625,0.357421875,5935,9116160,5934,1.9586726427078247,0.0611020028591156,0.008463541977107525,0.7714263796806335,0.9609236717224121,-0.2707452178001404,47232,2429.22733713,70.60213470458984,1.0,1746163025.3170836
28.30989646911621,0.2825520932674408,5944,9129984,5943,1.9586726427078247,0.0756305679678917,0.008463541977107525,0.6249756813049316,0.9609236717224121,-0.2881881892681122,47304,2432.777953988,70.60213470458984,1.0,1746163028.8677993
30.98567771911621,0.416015625,5946,9133056,5945,1.9586726427078247,0.07693591713905334,0.0078125,0.8498474955558777,0.9609236717224121,-0.2814924418926239,47320,2433.566179969,70.60213470458984,1.0,1746163029.6560035
29.234375,0.314453125,5972,9172992,5971,1.9586726427078247,0.07062599807977676,0.0078125,0.6952002048492432,0.9609236717224121,-0.27829545736312866,47528,2443.829314478,70.60213470458984,1.0,1746163039.9191468
30.819011688232422,0.43359375,5975,9177600,5974,1.9586726427078247,0.060414157807826996,0.00911458395421505,0.8671875,0.9609236717224121,-0.24917064607143402,47552,2445.013246627,70.60213470458984,1.0,1746163041.103074
29.36328125,0.3046875,5990,9200640,5989,1.9586726427078247,0.07615140080451965,0.008463541977107525,0.6809620261192322,0.9609236717224121,-0.2781451344490051,47672,2450.95934428,70.60213470458984,1.0,1746163047.049177
28.936199188232422,0.3372395932674408,6009,9229824,6008,1.9586726427078247,0.08425568044185638,0.008463541977107525,0.715889573097229,0.9609236717224121,-0.23434235155582428,47824,2458.54990154,70.60213470458984,1.0,1746163054.6397278
28.783855438232422,0.2708333432674408,6010,9231360,6009,1.9586726427078247,0.08345898985862732,0.0078125,0.6242279410362244,0.9609236717224121,-0.234384223818779,47832,2458.947105556,70.60213470458984,1.0,1746163055.0369155
28.944011688232422,0.322265625,6014,9237504,6013,1.9586726427078247,0.08209298551082611,0.008463541977107525,0.6984213590621948,0.9609236717224121,-0.2682275176048279,47864,2460.545281148,70.60213470458984,1.0,1746163056.6351285
30.1796875,0.39453125,6015,9239040,6014,1.9586726427078247,0.07363760471343994,0.0078125,0.8055683970451355,0.9609236717224121,-0.2827869951725006,47872,2460.944055598,70.60213470458984,1.0,1746163057.0338452
30.60677146911621,0.392578125,6026,9255936,6025,1.9586726427078247,0.08402511477470398,0.0078125,0.820842444896698,0.9609236717224121,-0.28661441802978516,47960,2465.325194075,70.60213470458984,1.0,1746163061.4150112
31.393230438232422,0.3815104365348816,6039,9275904,6038,1.9586726427078247,0.08169999718666077,0.0078125,0.8115937113761902,0.9609236717224121,-0.2946094572544098,48064,2470.559855775,70.60213470458984,1.0,1746163066.649658
30.3515625,0.392578125,6052,9295872,6051,1.9586726427078247,0.07159177958965302,0.008463541977107525,0.8247351050376892,0.9609236717224121,-0.25159549713134766,48168,2475.735855195,70.60213470458984,1.0,1746163071.8256931
30.80208396911621,0.361328125,6057,9303552,6056,1.9586726427078247,0.08592605590820312,0.0078125,0.7772750854492188,0.9609236717224121,-0.25205498933792114,48208,2477.727728487,70.60213470458984,1.0,1746163073.817589
29.604167938232422,0.341796875,6066,9317376,6065,1.9586726427078247,0.06942372769117355,0.0078125,0.7290747165679932,0.9609236717224121,-0.2080179750919342,48280,2481.343874821,70.60213470458984,1.0,1746163077.4333613
30.971355438232422,0.41015625,6071,9325056,6070,1.9586726427078247,0.08561433106660843,0.008463541977107525,0.8377619981765747,0.9609236717224121,-0.2429620921611786,48320,2483.336187887,70.60213470458984,1.0,1746163079.4259942
30.37890625,0.4231770932674408,6074,9329664,6073,1.9586726427078247,0.07579241693019867,0.0078125,0.8644694685935974,0.9609236717224121,-0.24617789685726166,48344,2484.531398975,70.60213470458984,1.0,1746163080.621226
31.00390625,0.384765625,6075,9331200,6074,1.9586726427078247,0.07341326028108597,0.0078125,0.8192576169967651,0.9609236717224121,-0.2507625222206116,48352,2484.934477392,70.60213470458984,1.0,1746163081.0241816
30.60677146911621,0.4029948115348816,6089,9352704,6088,1.9586726427078247,0.08004111051559448,0.0078125,0.825115442276001,0.9609236717224121,-0.21048235893249512,48464,2490.516329196,70.60213470458984,1.0,1746163086.6061358
30.41927146911621,0.404296875,6092,9357312,6091,1.9586726427078247,0.06591418385505676,0.008463541977107525,0.8267660140991211,0.9609236717224121,-0.1545996516942978,48488,2491.7175919,70.60213470458984,1.0,1746163087.8073967
29.55989646911621,0.373046875,6110,9384960,6109,1.9586726427078247,0.07584328204393387,0.00911458395421505,0.7655472755432129,0.9609236717224121,-0.23727013170719147,48632,2498.929086514,70.60213470458984,1.0,1746163095.018909
30.940105438232422,0.41796875,6115,9392640,6114,1.9586726427078247,0.09781919419765472,0.0078125,0.8533692359924316,0.9609236717224121,-0.28558778762817383,48672,2500.920526082,70.60213470458984,1.0,1746163097.0103347
29.3359375,0.3580729365348816,6130,9415680,6129,1.9586726427078247,0.07805363088846207,0.0078125,0.7340902090072632,0.9609236717224121,-0.17911043763160706,48792,2506.933241237,70.60213470458984,1.0,1746163103.0230937
29.89583396911621,0.38671875,6134,9421824,6133,1.9586726427078247,0.06470039486885071,0.00911458395421505,0.7928574085235596,0.9609236717224121,-0.14385128021240234,48824,2508.527675695,70.60213470458984,1.0,1746163104.6174765
29.27734375,0.3125,6157,9457152,6156,1.9586726427078247,0.06744739413261414,0.0078125,0.6923798322677612,0.9609236717224121,-0.1888856589794159,49008,2517.701525997,70.60213470458984,1.0,1746163113.7913496
28.84895896911621,0.34375,6163,9466368,6162,1.9586726427078247,0.05414378643035889,0.0078125,0.7239817976951599,0.9609236717224121,-0.2022593915462494,49056,2520.111819902,70.60213470458984,1.0,1746163116.2016535
30.265625,0.3678385615348816,6203,9527808,6202,1.9361181259155273,0.0685855969786644,0.008463541977107525,0.7780599594116211,0.9395017623901367,-0.17029732465744019,49376,2536.187018259,71.35942840576172,1.0,1746163132.2768314
30.147136688232422,0.390625,6228,9566208,6227,1.9361181259155273,0.06585352122783661,0.0078125,0.7984966039657593,0.9395017623901367,-0.2171420156955719,49576,2546.185390149,71.35942840576172,1.0,1746163142.2752323
29.89192771911621,0.3561198115348816,6235,9576960,6234,1.9361181259155273,0.065843366086483,0.0078125,0.7513508796691895,0.9395017623901367,-0.22805479168891907,49632,2548.981042958,71.35942840576172,1.0,1746163145.0708466
31.260417938232422,0.4290364682674408,6236,9578496,6235,1.9361181259155273,0.06837987899780273,0.009765625,0.8860982656478882,0.9395017623901367,-0.22768095135688782,49640,2549.379660892,71.35942840576172,1.0,1746163145.4694977
28.096355438232422,0.2141927182674408,6239,9583104,6238,1.9361181259155273,0.05515383929014206,0.0078125,0.5550079941749573,0.9395017623901367,-0.1976485401391983,49664,2550.58127208,71.35942840576172,1.0,1746163146.671103
30.88671875,0.4270833432674408,6260,9615360,6259,1.9361181259155273,0.07962186634540558,0.009765625,0.871783435344696,0.9395017623901367,-0.24597346782684326,49832,2558.975792729,71.35942840576172,1.0,1746163155.0655572
30.885417938232422,0.3834635615348816,6267,9626112,6266,1.9361181259155273,0.06129907816648483,0.0078125,0.7970861196517944,0.9395017623901367,-0.13706260919570923,49888,2561.765146732,71.35942840576172,1.0,1746163157.8549786
30.875,0.3697916865348816,6272,9633792,6271,1.9361181259155273,0.058067113161087036,0.0078125,0.7902441024780273,0.9395017623901367,-0.21682772040367126,49928,2563.757440348,71.35942840576172,1.0,1746163159.8472848
29.96875,0.345703125,6359,9767424,6358,1.9361181259155273,0.056897953152656555,0.008463541977107525,0.7508403658866882,0.9395017623901367,-0.2013227492570877,50624,2598.53256752,71.35942840576172,1.0,1746163194.6223958
29.64453125,0.306640625,6370,9784320,6369,1.9361181259155273,0.05645549297332764,0.0078125,0.679390549659729,0.9395017623901367,-0.22712576389312744,50712,2602.953828489,71.35942840576172,1.0,1746163199.0436726
28.41796875,0.2838541865348816,6387,9810432,6386,1.9361181259155273,0.06018618494272232,0.0078125,0.6377620697021484,0.9395017623901367,-0.19482962787151337,50848,2609.740025886,71.35942840576172,1.0,1746163205.8297904
30.86328125,0.4225260615348816,6396,9824256,6395,1.9361181259155273,0.07745908945798874,0.0078125,0.8450521230697632,0.9395017623901367,-0.17163771390914917,50920,2613.365557226,71.35942840576172,1.0,1746163209.4551344
29.375,0.341796875,6398,9827328,6397,1.9361181259155273,0.06300556659698486,0.0078125,0.7196106910705566,0.9395017623901367,-0.2054067701101303,50936,2614.161399248,71.35942840576172,1.0,1746163210.2511287
31.1953125,0.443359375,6399,9828864,6398,1.9361181259155273,0.0791899785399437,0.0078125,0.88671875,0.9395017623901367,-0.2513786554336548,50944,2614.559225632,71.35942840576172,1.0,1746163210.6490166
31.27083396911621,0.4348958432674408,6405,9838080,6404,1.9361181259155273,0.07278105616569519,0.0078125,0.8697916865348816,0.9395017623901367,-0.2579479217529297,50992,2616.953287053,71.35942840576172,1.0,1746163213.0431306
28.671875,0.31640625,6421,9862656,6420,1.9361181259155273,0.07625366747379303,0.0078125,0.6681885719299316,0.9395017623901367,-0.23878996074199677,51120,2623.338935691,71.35942840576172,1.0,1746163219.428769
29.565105438232422,0.3763020932674408,6451,9908736,6450,1.9361181259155273,0.06659751385450363,0.008463541977107525,0.7526041865348816,0.9395017623901367,-0.25277793407440186,51360,2635.347048746,71.35942840576172,1.0,1746163231.4368875
30.526042938232422,0.3971354365348816,6462,9925632,6461,1.9361181259155273,0.06075456365942955,0.008463541977107525,0.8132833242416382,0.9395017623901367,-0.28377652168273926,51448,2639.736812354,71.35942840576172,1.0,1746163235.8266182
31.256511688232422,0.4453125,6478,9950208,6477,1.9361181259155273,0.07028737664222717,0.008463541977107525,0.890625,0.9395017623901367,-0.21646441519260406,51576,2646.190536105,71.35942840576172,1.0,1746163242.280367
30.34505271911621,0.3684895932674408,6485,9960960,6484,1.9361181259155273,0.05639274790883064,0.008463541977107525,0.7605204582214355,0.9395017623901367,-0.22233673930168152,51632,2648.98181603,71.35942840576172,1.0,1746163245.071612
30.037761688232422,0.3834635615348816,6487,9964032,6486,1.9361181259155273,0.05841187760233879,0.008463541977107525,0.8026885986328125,0.9395017623901367,-0.19801953434944153,51648,2649.777664504,71.35942840576172,1.0,1746163245.867489
28.125,0.310546875,6509,9997824,6508,1.9653100967407227,0.05890936404466629,0.0078125,0.6569967269897461,0.9664310812950134,-0.1966814398765564,51824,2658.676725401,71.80741882324219,1.0,1746163254.766531
