test_returned_episode,returned_episode,loss,test_returned_won_episode,returned_episode_lengths,test_returned_episode_lengths,_timestamp,test_returned_episode_returns,returned_episode_returns,returned_won_episode,env_step,qvals,grad_steps,update_steps,_step,_runtime
1.0,0.0234375,0.0,0.0,26.083984375,29.96730613708496,1746194698.5070133,0.15558122098445892,0.23836912214756012,0.0,44544.0,0.0,0,29,28,59.025168524
1.0,0.02213541604578495,0.007013464812189341,0.0,26.548828125,29.96730613708496,1746194703.9051483,0.15558122098445892,0.2682681977748871,0.0,69120.0,0.5128846764564514,112,45,44,64.423343134
1.0,0.025390625,0.005878433119505644,0.0,25.728515625,29.96730613708496,1746194706.1535149,0.15558122098445892,0.27964189648628235,0.0,78336.0,0.554307758808136,160,51,50,66.671718208
1.0,0.0234375,0.011881927028298378,0.0,26.29557228088379,29.96730613708496,1746194707.655439,0.15558122098445892,0.2943457067012787,0.0,84480.0,0.6804519295692444,192,55,54,68.173642995
1.0,0.02408854104578495,0.030814694240689278,0.0,26.087890625,29.96730613708496,1746194710.6680493,0.15558122098445892,0.27497392892837524,0.0,96768.0,0.7065750360488892,256,63,62,71.186239588
1.0,0.02604166604578495,0.029802799224853516,0.0,24.8203125,29.96730613708496,1746194715.2007892,0.15558122098445892,0.2888182997703552,0.0,115200.0,0.6418246030807495,352,75,74,75.719006126
1.0,0.02408854104578495,0.11565018445253372,0.0,25.57096290588379,29.96730613708496,1746194722.3827577,0.15558122098445892,0.28823238611221313,0.0,144384.0,0.4503893256187439,504,94,93,82.901018412
1.0,0.02408854104578495,0.3489449620246887,0.0,23.94400978088379,29.96730613708496,1746194733.3102207,0.15558122098445892,0.2748079299926758,0.0,188928.0,0.42976683378219604,736,123,122,93.828456921
1.0,0.02408854104578495,0.33267128467559814,0.0,25.46549415588379,29.96730613708496,1746194737.0749474,0.15558122098445892,0.31715166568756104,0.0,204288.0,0.41289713978767395,816,133,132,97.593164105
1.0,0.02473958395421505,0.3067328929901123,0.0,25.41275978088379,29.96730613708496,1746194738.2003992,0.15558122098445892,0.3200976252555847,0.0,208896.0,0.39435428380966187,840,136,135,98.718576459
1.0,0.02408854104578495,0.14945407211780548,0.0,25.31575584411621,29.96730613708496,1746194747.2884185,0.15558122098445892,0.3073144257068634,0.0,245760.0,0.3596057593822479,1032,160,159,107.806616406
1.0,0.0234375,0.15509286522865295,0.0,24.44856834411621,29.96730613708496,1746194755.987977,0.15558122098445892,0.29417964816093445,0.0,281088.0,0.42957937717437744,1216,183,182,116.506189015
1.0,0.02213541604578495,0.16350507736206055,0.0,26.33138084411621,29.96730613708496,1746194757.4973454,0.15558122098445892,0.326416015625,0.0,287232.0,0.4240231215953827,1248,187,186,118.015621808
1.0,0.02408854104578495,0.15134571492671967,0.0,25.13216209411621,29.96730613708496,1746194758.2755435,0.15558122098445892,0.3077864348888397,0.0,290304.0,0.42662835121154785,1264,189,188,118.793733831
1.0,0.025390625,0.13406899571418762,0.0,24.39322853088379,29.96730613708496,1746194760.1566885,0.15558122098445892,0.2922753691673279,0.0,297984.0,0.4314495921134949,1304,194,193,120.674901189
1.0,0.025390625,0.12647496163845062,0.0,25.20442771911621,29.96730613708496,1746194760.91302,0.15558122098445892,0.30099931359291077,0.0,301056.0,0.43433427810668945,1320,196,195,121.431243014
1.0,0.02604166604578495,0.12542973458766937,0.0,24.45182228088379,29.96730613708496,1746194761.6675632,0.15558122098445892,0.29880204796791077,0.0,304128.0,0.4367808401584625,1336,198,197,122.185773702
1.0,0.02473958395421505,0.10330277681350708,0.0,24.92317771911621,29.96730613708496,1746194763.9442523,0.15558122098445892,0.27203771471977234,0.0,313344.0,0.46713894605636597,1384,204,203,124.462464798
1.0,0.02604166604578495,0.17598643898963928,0.0,24.64388084411621,29.96730613708496,1746194784.7570705,0.15558122098445892,0.3185579180717468,0.0,397824.0,0.39581653475761414,1824,259,258,145.275279322
1.0,0.02604166604578495,0.44236645102500916,0.0,24.306640625,29.96730613708496,1746194791.9530485,0.15558122098445892,0.3125227987766266,0.0,427008.0,0.3677768111228943,1976,278,277,152.471388931
1.0,0.02408854104578495,0.420630544424057,0.0,25.79557228088379,29.96730613708496,1746194794.577937,0.15558122098445892,0.32467448711395264,0.0,437760.0,0.3521655797958374,2032,285,284,155.096155671
1.0,0.02604166604578495,0.37084025144577026,0.0,25.189453125,29.96730613708496,1746194801.384194,0.15558122098445892,0.3011458218097687,0.0,465408.0,0.3452184796333313,2176,303,302,161.902389962
1.0,0.02408854104578495,0.308149129152298,0.0,25.791015625,33.777645111083984,1746194811.6730223,0.39568135142326355,0.3121028244495392,0.0,506880.0,0.31629258394241333,2392,330,329,172.191207951
1.0,0.02408854104578495,0.26451176404953003,0.0,26.16731834411621,33.777645111083984,1746194823.0515032,0.39568135142326355,0.2747493386268616,0.0,552960.0,0.2835122346878052,2632,360,359,183.569854395
1.0,0.025390625,0.07499387860298157,0.0,25.28580665588379,33.777645111083984,1746194828.3547664,0.39568135142326355,0.34449541568756104,0.0,574464.0,0.25721266865730286,2744,374,373,188.87307612
1.0,0.025390625,0.11379339545965195,0.0,25.12109375,33.777645111083984,1746194829.1071348,0.39568135142326355,0.3249674439430237,0.0,577536.0,0.2657929062843323,2760,376,375,189.625377199
1.0,0.025390625,0.07433389872312546,0.0,25.27474021911621,33.777645111083984,1746194831.0125337,0.39568135142326355,0.28306639194488525,0.0,585216.0,0.2953343391418457,2800,381,380,191.530730995
1.0,0.02408854104578495,0.09065069258213043,0.0,25.03059959411621,33.777645111083984,1746194843.6682057,0.39568135142326355,0.33040687441825867,0.0,635904.0,0.2677116096019745,3064,414,413,204.186462997
1.0,0.02473958395421505,0.08424612134695053,0.0,24.94921875,33.777645111083984,1746194844.0500324,0.39568135142326355,0.34783852100372314,0.0,637440.0,0.27437305450439453,3072,415,414,204.568329018
1.0,0.025390625,0.08837646245956421,0.0,25.40690040588379,33.777645111083984,1746194847.4657345,0.39568135142326355,0.3502832055091858,0.0,651264.0,0.26116475462913513,3144,424,423,207.983929824
1.0,0.02604166604578495,0.08133463561534882,0.0,25.609375,33.777645111083984,1746194850.5130184,0.39568135142326355,0.3421451151371002,0.0,663552.0,0.23606982827186584,3208,432,431,211.031368375
1.0,0.0234375,0.07924790680408478,0.0,25.9609375,33.777645111083984,1746194852.7628157,0.39568135142326355,0.2987467348575592,0.0,672768.0,0.2187250554561615,3256,438,437,213.281052194
1.0,0.02408854104578495,0.08922623097896576,0.0,25.43684959411621,33.777645111083984,1746194859.943153,0.39568135142326355,0.3658658266067505,0.0,701952.0,0.09251236170530319,3408,457,456,220.461343443
1.0,0.021484375,0.07130269706249237,0.0,26.1796875,33.777645111083984,1746194872.4110286,0.39568135142326355,0.3052343428134918,0.0,752640.0,0.09073323756456375,3672,490,489,232.929224448
1.0,0.0234375,0.06870729476213455,0.0,26.49544334411621,33.777645111083984,1746194878.4759674,0.39568135142326355,0.3332747519016266,0.0,777216.0,0.11133523285388947,3800,506,505,238.994174077
1.0,0.01888020895421505,0.04671413451433182,0.0,25.08072853088379,33.777645111083984,1746194889.815202,0.39568135142326355,0.2825292646884918,0.0,823296.0,0.06728540360927582,4040,536,535,250.333384489
1.0,0.02083333395421505,0.04998402297496796,0.0,27.296875,33.777645111083984,1746194892.0680985,0.39568135142326355,0.3424283564090729,0.0,832512.0,0.08222691714763641,4088,542,541,252.586330143
1.0,0.02473958395421505,0.06954260170459747,0.0,24.8515625,33.777645111083984,1746194911.0693383,0.39568135142326355,0.19042642414569855,0.0,909312.0,0.01533354539424181,4488,592,591,271.587534106
1.0,0.01822916604578495,0.05708623677492142,0.0,26.80013084411621,33.777645111083984,1746194917.8543289,0.39568135142326355,0.2721939980983734,0.0,936960.0,-0.05720430612564087,4632,610,609,278.372533272
1.0,0.021484375,0.055272478610277176,0.0,26.884765625,33.777645111083984,1746194918.229847,0.39568135142326355,0.3330598771572113,0.0,938496.0,-0.05302446708083153,4640,611,610,278.748046611
1.0,0.02018229104578495,0.057203859090805054,0.0,27.11588478088379,33.777645111083984,1746194924.2762935,0.39568135142326355,0.3393944799900055,0.0,963072.0,-0.061218418180942535,4768,627,626,284.79453245
1.0,0.02278645895421505,0.05676361173391342,0.0,25.56380271911621,51.18288803100586,1746194935.7174711,0.4974544942378998,0.451995313167572,0.0,1009152.0,-0.07800396531820297,5008,657,656,296.235791151
1.0,0.021484375,0.060403645038604736,0.0,26.16080665588379,51.18288803100586,1746194937.6056435,0.4974544942378998,0.3469856381416321,0.0,1016832.0,-0.08037793636322021,5048,662,661,298.123882982
1.0,0.01692708395421505,0.04839356616139412,0.0,29.22786521911621,51.18288803100586,1746194950.8328326,0.4974544942378998,0.26536130905151367,0.0,1070592.0,-0.11801813542842865,5328,697,696,311.351052651
1.0,0.01627604104578495,0.04813205450773239,0.0,25.99934959411621,51.18288803100586,1746194958.015693,0.4974544942378998,0.3787824809551239,0.0,1099776.0,-0.10647254437208176,5480,716,715,318.533896748
1.0,0.015625,0.045449238270521164,0.0,26.19791603088379,51.18288803100586,1746194959.9224374,0.4974544942378998,0.339576780796051,0.0,1107456.0,-0.10591020435094833,5520,721,720,320.440658685
1.0,0.010416666977107525,0.04308552294969559,0.0,27.40625,51.18288803100586,1746194962.5522945,0.4974544942378998,0.22265948355197906,0.0,1118208.0,-0.11767695844173431,5576,728,727,323.070500807
1.0,0.015625,0.14689797163009644,0.0,27.34440040588379,51.18288803100586,1746194964.8120043,0.4974544942378998,0.2537369430065155,0.0,1127424.0,-0.09415063261985779,5624,734,733,325.330239801
1.0,0.013020833022892475,0.035606302320957184,0.0,25.6015625,51.18288803100586,1746194970.1228404,0.4974544942378998,0.2815559506416321,0.0,1148928.0,-0.1545388102531433,5736,748,747,330.641041912
1.0,0.01627604104578495,0.07153826951980591,0.0,27.9765625,51.18288803100586,1746194975.7958782,0.4974544942378998,0.36411452293395996,0.0,1171968.0,-0.15484295785427094,5856,763,762,336.31407442
1.0,0.015625,0.06612807512283325,0.0,27.68619728088379,51.18288803100586,1746194980.337853,0.4974544942378998,0.31268876791000366,0.0,1190400.0,-0.16266685724258423,5952,775,774,340.856098141
1.0,0.014973958022892475,0.04250730946660042,0.0,27.62434959411621,51.18288803100586,1746194985.9860616,0.4974544942378998,0.310800701379776,0.0,1213440.0,-0.16112422943115234,6072,790,789,346.504357199
1.0,0.011067708022892475,0.05683794990181923,0.0,27.76432228088379,51.18288803100586,1746194989.7978094,0.4974544942378998,0.26521480083465576,0.0,1228800.0,-0.1518663763999939,6152,800,799,350.316026594
1.0,0.014322916977107525,0.038536302745342255,0.0,25.81184959411621,51.18288803100586,1746195000.0055568,0.4974544942378998,0.3647264838218689,0.0,1270272.0,-0.18217220902442932,6368,827,826,360.523764923
1.0,0.012369791977107525,0.033870577812194824,0.0,24.74088478088379,51.18288803100586,1746195002.2985375,0.4974544942378998,0.28061193227767944,0.0,1279488.0,-0.1861216127872467,6416,833,832,362.816870609
1.0,0.015625,0.049774326384067535,0.0,28.09309959411621,51.18288803100586,1746195007.2248418,0.4974544942378998,0.40731436014175415,0.0,1299456.0,-0.1574835479259491,6520,846,845,367.743044787
1.0,0.014322916977107525,0.03160461038351059,0.0,25.44205665588379,51.18288803100586,1746195010.2582338,0.4974544942378998,0.3243846893310547,0.0,1311744.0,-0.18339942395687103,6584,854,853,370.776592443
1.0,0.014322916977107525,0.032549142837524414,0.0,25.814453125,51.18288803100586,1746195011.414977,0.4974544942378998,0.40261709690093994,0.0,1316352.0,-0.18301621079444885,6608,857,856,371.933327388
1.0,0.009765625,0.034645646810531616,0.0,24.83463478088379,51.18288803100586,1746195019.7942517,0.4974544942378998,0.20996417105197906,0.0,1350144.0,-0.19169849157333374,6784,879,878,380.312460395
1.0,0.014322916977107525,0.03189345821738243,0.0,27.38541603088379,51.18288803100586,1746195020.9214568,0.4974544942378998,0.3771776258945465,0.0,1354752.0,-0.18239429593086243,6808,882,881,381.439666112
1.0,0.013020833022892475,0.032014694064855576,0.0,25.12630271911621,51.18288803100586,1746195021.670848,0.4974544942378998,0.32675448060035706,0.0,1357824.0,-0.19604624807834625,6824,884,883,382.189031162
1.0,0.013020833022892475,0.03338082879781723,0.0,25.48763084411621,51.18288803100586,1746195022.7998748,0.4974544942378998,0.3485448360443115,0.0,1362432.0,-0.190962553024292,6848,887,886,383.31812525
1.0,0.008463541977107525,0.04230324178934097,0.0,23.421875,51.18288803100586,1746195032.6113193,0.4974544942378998,0.180790975689888,0.0,1402368.0,-0.24784766137599945,7056,913,912,393.129541899
1.0,0.015625,0.04216139018535614,0.0,28.28255271911621,51.18288803100586,1746195033.362626,0.4974544942378998,0.24698564410209656,0.0,1405440.0,-0.25975173711776733,7072,915,914,393.880853439
1.0,0.02018229104578495,0.034561701118946075,0.0,27.080078125,51.18288803100586,1746195034.1158571,0.4974544942378998,0.3700845539569855,0.0,1408512.0,-0.24623826146125793,7088,917,916,394.634161993
1.0,0.01171875,0.038050971925258636,0.0,22.40299415588379,51.18288803100586,1746195035.6541026,0.4974544942378998,0.22303707897663116,0.0,1414656.0,-0.26143109798431396,7120,921,920,396.172353475
1.0,0.011067708022892475,0.04138537496328354,0.0,25.92252540588379,51.18288803100586,1746195039.412184,0.4974544942378998,0.26185867190361023,0.0,1430016.0,-0.26693278551101685,7200,931,930,399.930394637
1.0,0.0078125,0.03512802720069885,0.0,25.0859375,51.18288803100586,1746195044.3467124,0.4974544942378998,0.2111685872077942,0.0,1449984.0,-0.2671314775943756,7304,944,943,404.864939941
1.0,0.011067708022892475,0.02910534106194973,0.0,26.232421875,51.18288803100586,1746195055.6787827,0.4974544942378998,0.355618417263031,0.0,1496064.0,-0.22694623470306396,7544,974,973,416.197122097
0.9999999403953552,0.011067708022892475,0.030652809888124466,0.0015384615398943424,28.74739646911621,67.39230346679688,1746195059.5512934,0.6562843918800354,0.3555207848548889,0.0,1511424.0,-0.24391284584999084,7624,984,983,420.069574181
0.9999999403953552,0.009765625,0.07075756788253784,0.0015384615398943424,24.67057228088379,67.39230346679688,1746195065.218545,0.6562843918800354,0.20803706347942352,0.0,1534464.0,-0.2647199034690857,7744,999,998,425.736745901
0.9999999403953552,0.010416666977107525,0.03462660685181618,0.0015384615398943424,24.92578125,67.39230346679688,1746195067.0961916,0.6562843918800354,0.34054678678512573,0.0,1542144.0,-0.2635134756565094,7784,1004,1003,427.614388077
0.9999999403953552,0.009765625,0.030981890857219696,0.0015384615398943424,27.91796875,67.39230346679688,1746195071.2637777,0.6562843918800354,0.3140266239643097,0.0,1559040.0,-0.27928656339645386,7872,1015,1014,431.781988559
0.9999999403953552,0.008463541977107525,0.028421811759471893,0.0015384615398943424,24.05729103088379,67.39230346679688,1746195079.956205,0.6562843918800354,0.27077141404151917,0.0,1594368.0,-0.29094433784484863,8056,1038,1037,440.474421257
0.9999999403953552,0.01953125,0.034259360283613205,0.0015384615398943424,26.05143165588379,67.39230346679688,1746195085.9941707,0.6562843918800354,0.4768814444541931,0.0,1618944.0,-0.29319241642951965,8184,1054,1053,446.512397089
0.9999999403953552,0.01171875,0.037882037460803986,0.0015384615398943424,28.07161521911621,67.39230346679688,1746195090.538299,0.6562843918800354,0.34892570972442627,0.0,1637376.0,-0.3043671250343323,8280,1066,1065,451.056542839
0.9999999403953552,0.008463541977107525,0.03813119977712631,0.0015384615398943424,24.74349021911621,67.39230346679688,1746195098.0802894,0.6562843918800354,0.21374018490314484,0.0,1668096.0,-0.3205389678478241,8440,1086,1085,458.598500509
0.9999999403953552,0.008463541977107525,0.0296868197619915,0.0015384615398943424,28.90885353088379,67.39230346679688,1746195102.2193985,0.6562843918800354,0.26826491951942444,0.0,1684992.0,-0.34078747034072876,8528,1097,1096,462.737629075
0.9999999403953552,0.0078125,0.028829846531152725,0.0015384615398943424,23.35025978088379,67.39230346679688,1746195111.2980323,0.6562843918800354,0.21363602578639984,0.0,1721856.0,-0.33969318866729736,8720,1121,1120,471.816277223
0.9999999403953552,0.008463541977107525,0.025876786559820175,0.0015384615398943424,24.25130271911621,67.39230346679688,1746195111.6735375,0.6562843918800354,0.24592119455337524,0.0,1723392.0,-0.3427453637123108,8728,1122,1121,472.191945166
0.9999999403953552,0.0078125,0.03293246775865555,0.0015384615398943424,24.27994728088379,67.39230346679688,1746195114.707312,0.6562843918800354,0.22852209210395813,0.0,1735680.0,-0.351814329624176,8792,1130,1129,475.225564777
0.9999999403953552,0.008463541977107525,0.03330995887517929,0.0015384615398943424,22.96354103088379,67.39230346679688,1746195115.8466878,0.6562843918800354,0.20727209746837616,0.02278645895421505,1740288.0,-0.3511955738067627,8816,1133,1132,476.364927077
0.9999999403953552,0.01171875,0.03551517426967621,0.0015384615398943424,27.49739646911621,67.39230346679688,1746195124.5420995,0.6562843918800354,0.3220246732234955,0.0,1775616.0,-0.3729937672615051,9000,1156,1155,485.060313163
0.9999999403953552,0.0078125,0.03918081894516945,0.0015384615398943424,25.77994728088379,67.39230346679688,1746195125.6685975,0.6562843918800354,0.24687820672988892,0.0,1780224.0,-0.3803987503051758,9024,1159,1158,486.186800673
0.9999999403953552,0.0078125,0.04006670042872429,0.0015384615398943424,22.94921875,67.39230346679688,1746195127.9257097,0.6562843918800354,0.20234696567058563,0.0,1789440.0,-0.33125585317611694,9072,1165,1164,488.444038217
0.9999999403953552,0.0078125,0.036828190088272095,0.0015384615398943424,24.625,67.39230346679688,1746195129.0801525,0.6562843918800354,0.22976554930210114,0.0,1794048.0,-0.3364812433719635,9096,1168,1167,489.598489309
0.9999999403953552,0.008463541977107525,0.037108805030584335,0.0015384615398943424,23.20572853088379,67.39230346679688,1746195129.8329268,0.6562843918800354,0.19744136929512024,0.0,1797120.0,-0.32769855856895447,9112,1170,1169,490.351526325
0.9999999403953552,0.008463541977107525,0.02598496340215206,0.0015384615398943424,25.49739646911621,67.39230346679688,1746195151.3665211,0.6562843918800354,0.26555654406547546,0.0,1884672.0,-0.3970603942871094,9568,1227,1226,511.884709817
0.9999999403953552,0.008463541977107525,0.034468986093997955,0.0015384615398943424,23.9375,67.39230346679688,1746195156.2578495,0.6562843918800354,0.2565787136554718,0.0,1904640.0,-0.38503217697143555,9672,1240,1239,516.776097029
0.9999999403953552,0.0078125,0.037833936512470245,0.0015384615398943424,24.97135353088379,67.39230346679688,1746195161.1626005,0.6562843918800354,0.20489902794361115,0.0,1924608.0,-0.3937901258468628,9776,1253,1252,521.680817732
0.9999999403953552,0.0078125,0.037161264568567276,0.0015384615398943424,24.06119728088379,67.39230346679688,1746195167.603615,0.6562843918800354,0.2778938114643097,0.0494791679084301,1950720.0,-0.3879145085811615,9912,1270,1269,528.121829523
0.9999999403953552,0.008463541977107525,0.03644799068570137,0.0015384615398943424,24.8828125,67.39230346679688,1746195170.260053,0.6562843918800354,0.3266828954219818,0.0501302070915699,1961472.0,-0.4046475291252136,9968,1277,1276,530.778386416
0.9999999403953552,0.0078125,0.03583293408155441,0.0015384615398943424,23.80078125,67.39230346679688,1746195177.8310223,0.6562843918800354,0.25796544551849365,0.0455729179084301,1992192.0,-0.3992410898208618,10128,1297,1296,538.349222844
1.0,0.0078125,0.038758523762226105,0.09433962404727936,22.39453125,91.71697998046875,1746195179.4173465,0.8861883878707886,0.1861392706632614,0.0,1998336.0,-0.40328818559646606,10160,1301,1300,539.935571371
1.0,0.008463541977107525,0.046985920518636703,0.09433962404727936,23.12109375,91.71697998046875,1746195189.2432313,0.8861883878707886,0.21730788052082062,0.00390625,2038272.0,-0.40187832713127136,10368,1327,1326,549.76149978
1.0,0.008463541977107525,0.053031452000141144,0.09433962404727936,23.23307228088379,91.71697998046875,1746195202.4805844,0.8861883878707886,0.23788730800151825,0.0013020833721384406,2092032.0,-0.4081864655017853,10648,1362,1361,562.998808446
1.0,0.008463541977107525,0.05316491425037384,0.09433962404727936,26.83072853088379,91.71697998046875,1746195206.2361097,0.8861883878707886,0.3182258605957031,0.0481770820915699,2107392.0,-0.418220579624176,10728,1372,1371,566.754321462
1.0,0.0078125,0.0608971081674099,0.09433962404727936,23.84635353088379,91.71697998046875,1746195208.140898,0.8861883878707886,0.4506770372390747,0.1653645783662796,2115072.0,-0.42940062284469604,10768,1377,1376,568.659141758
1.0,0.0078125,0.05553951859474182,0.09433962404727936,24.42317771911621,91.71697998046875,1746195209.642952,0.8861883878707886,0.3138866424560547,0.048828125,2121216.0,-0.41510313749313354,10800,1381,1380,570.161173238
1.0,0.0078125,0.05553041771054268,0.09433962404727936,25.27083396911621,91.71697998046875,1746195210.7745497,0.8861883878707886,0.3695735037326813,0.1041666641831398,2125824.0,-0.43267494440078735,10824,1384,1383,571.292762344
1.0,0.009114583022892475,0.06180202588438988,0.09433962404727936,24.57552146911621,91.71697998046875,1746195211.526018,0.8861883878707886,0.40069329738616943,0.0755208358168602,2128896.0,-0.42766308784484863,10840,1386,1385,572.044257638
1.0,0.008463541977107525,0.04463615640997887,0.09433962404727936,23.45963478088379,91.71697998046875,1746195215.3060358,0.8861883878707886,0.23676426708698273,0.0,2144256.0,-0.4567251205444336,10920,1396,1395,575.82425634
1.0,0.008463541977107525,0.05401540920138359,0.09433962404727936,23.77994728088379,91.71697998046875,1746195216.808301,0.8861883878707886,0.22580395638942719,0.0,2150400.0,-0.4481145739555359,10952,1400,1399,577.32652299
1.0,0.0078125,0.043728068470954895,0.09433962404727936,26.44400978088379,91.71697998046875,1746195220.5958798,0.8861883878707886,0.29861322045326233,0.02799479104578495,2165760.0,-0.45092490315437317,11032,1410,1409,581.114097327
1.0,0.008463541977107525,0.06314380466938019,0.09433962404727936,24.81119728088379,91.71697998046875,1746195223.225195,0.8861883878707886,0.2842707633972168,0.02669270895421505,2176512.0,-0.47848501801490784,11088,1417,1416,583.743428099
1.0,0.0078125,0.06606780737638474,0.09433962404727936,23.80338478088379,91.71697998046875,1746195241.0350077,0.8861883878707886,0.29920244216918945,0.0579427070915699,2248704.0,-0.48533034324645996,11464,1464,1463,601.553379144
1.0,0.009765625,0.07991495728492737,0.09433962404727936,27.75520896911621,91.71697998046875,1746195244.830638,0.8861883878707886,0.5535610914230347,0.1627604216337204,2264064.0,-0.5037087202072144,11544,1474,1473,605.348865425
1.0,0.011067708022892475,0.07911700755357742,0.09433962404727936,25.77864646911621,91.71697998046875,1746195249.3683195,0.8861883878707886,0.4113736152648926,0.080078125,2282496.0,-0.4971103072166443,11640,1486,1485,609.88653993
1.0,0.010416666977107525,0.06746192276477814,0.09433962404727936,26.16015625,91.71697998046875,1746195255.7640655,0.8861883878707886,0.8173404335975647,0.3528645932674408,2308608.0,-0.5292119979858398,11776,1503,1502,616.282288478
1.0,0.011067708022892475,0.10763503611087799,0.09433962404727936,28.75520896911621,91.71697998046875,1746195263.348053,0.8861883878707886,0.7250128984451294,0.2584635317325592,2339328.0,-0.5392013788223267,11936,1523,1522,623.866304838
1.0,0.008463541977107525,0.09833717346191406,0.09433962404727936,24.3046875,91.71697998046875,1746195264.8714406,0.8861883878707886,0.4688476026058197,0.16796875,2345472.0,-0.5395891666412354,11968,1527,1526,625.389657347
1.0,0.010416666977107525,0.15251129865646362,0.09433962404727936,27.14974021911621,91.71697998046875,1746195267.1250093,0.8861883878707886,0.8225715756416321,0.33203125,2354688.0,-0.5136281251907349,12016,1533,1532,627.643230628
1.0,0.009765625,0.13146448135375977,0.09433962404727936,28.44661521911621,91.71697998046875,1746195272.0497496,0.8861883878707886,0.4376431405544281,0.0384114570915699,2374656.0,-0.5598829984664917,12120,1546,1545,632.567970146
1.0,0.012369791977107525,0.14471116662025452,0.09433962404727936,29.58854103088379,91.71697998046875,1746195273.551589,0.8861883878707886,0.8366926312446594,0.3209635317325592,2380800.0,-0.5537455677986145,12152,1550,1549,634.069778567
1.0,0.008463541977107525,0.10817161202430725,0.09433962404727936,24.64974021911621,91.71697998046875,1746195274.3057523,0.8861883878707886,0.34677401185035706,0.0891927108168602,2383872.0,-0.5338248014450073,12168,1552,1551,634.824059064
1.0,0.013020833022892475,0.12325341999530792,0.09433962404727936,29.68359375,91.71697998046875,1746195274.6874902,0.8861883878707886,0.6636750102043152,0.2291666716337204,2385408.0,-0.5331952571868896,12176,1553,1552,635.20572311
1.0,0.012369791977107525,0.13591115176677704,0.09433962404727936,29.72265625,91.71697998046875,1746195278.0974505,0.8861883878707886,0.843805193901062,0.3229166567325592,2399232.0,-0.5343132019042969,12248,1562,1561,638.615658458
1.0,0.01171875,0.11600273102521896,0.09433962404727936,27.11458396911621,91.71697998046875,1746195281.5114138,0.8861883878707886,0.5546125769615173,0.1744791716337204,2413056.0,-0.5039469599723816,12320,1571,1570,642.029644531
1.0,0.010416666977107525,0.14908570051193237,0.09433962404727936,28.67447853088379,91.71697998046875,1746195284.1753504,0.8861883878707886,0.557291567325592,0.1451822966337204,2423808.0,-0.5300794839859009,12376,1578,1577,644.693571763
1.0,0.01171875,0.18695083260536194,0.09433962404727936,28.03255271911621,91.71697998046875,1746195292.8803759,0.8861883878707886,0.7619041800498962,0.2864583432674408,2459136.0,-0.5447976589202881,12560,1601,1600,653.398609674
1.0,0.014973958022892475,0.1949421763420105,0.09433962404727936,30.25846290588379,91.71697998046875,1746195294.0068958,0.8861883878707886,1.081803321838379,0.4680989682674408,2463744.0,-0.557846188545227,12584,1604,1603,654.525111982
1.0,0.015625,0.18004769086837769,0.6458715200424194,30.27213478088379,47.001834869384766,1746195308.4674146,1.5765913724899292,0.9188573956489563,0.3346354067325592,2522112.0,-0.5947195291519165,12888,1642,1641,668.985617852
1.0,0.01692708395421505,0.18408578634262085,0.6458715200424194,29.3359375,47.001834869384766,1746195310.3597753,1.5765913724899292,1.1729588508605957,0.5423176884651184,2529792.0,-0.5671855211257935,12928,1647,1646,670.878015344
1.0,0.01822916604578495,0.19272904098033905,0.6458715200424194,28.35546875,47.001834869384766,1746195310.761646,1.5765913724899292,1.0903676748275757,0.4772135317325592,2531328.0,-0.5700033903121948,12936,1648,1647,671.280029498
1.0,0.013020833022892475,0.24122671782970428,0.6458715200424194,28.52604103088379,47.001834869384766,1746195312.640386,1.5765913724899292,0.761249840259552,0.2278645783662796,2539008.0,-0.5420159101486206,12976,1653,1652,673.158595405
1.0,0.015625,0.25829726457595825,0.6458715200424194,29.58463478088379,47.001834869384766,1746195316.805041,1.5765913724899292,1.2113150358200073,0.5546875,2555904.0,-0.6125425100326538,13064,1664,1663,677.323407618
1.0,0.014973958022892475,0.2877061367034912,0.6458715200424194,29.69791603088379,47.001834869384766,1746195325.108066,1.5765913724899292,1.05747389793396,0.462890625,2589696.0,-0.6824780702590942,13240,1686,1685,685.62627369
1.0,0.01692708395421505,0.2242443710565567,0.6458715200424194,29.09765625,47.001834869384766,1746195325.8625057,1.5765913724899292,1.0473012924194336,0.44140625,2592768.0,-0.695982813835144,13256,1688,1687,686.380729094
1.0,0.01822916604578495,0.30038750171661377,0.6458715200424194,29.98763084411621,47.001834869384766,1746195336.8744943,1.5765913724899292,1.16660475730896,0.5104166865348816,2637312.0,-0.6849128007888794,13488,1717,1716,697.392700741
1.0,0.01692708395421505,0.2680416703224182,0.6458715200424194,28.96809959411621,47.001834869384766,1746195337.6296318,1.5765913724899292,1.1153318881988525,0.4856770932674408,2640384.0,-0.6906007528305054,13504,1719,1718,698.147889541
1.0,0.01692708395421505,0.2790223956108093,0.6458715200424194,28.33203125,47.001834869384766,1746195342.9243894,1.5765913724899292,1.0056965351104736,0.4055989682674408,2661888.0,-0.6943478584289551,13616,1733,1732,703.442597694
1.0,0.01953125,0.31376588344573975,0.6458715200424194,28.9921875,47.001834869384766,1746195344.4264214,1.5765913724899292,1.1573631763458252,0.494140625,2668032.0,-0.7181230783462524,13648,1737,1736,704.94463742
1.0,0.01627604104578495,0.2704072594642639,0.6458715200424194,29.90234375,47.001834869384766,1746195350.9391887,1.5765913724899292,1.2331607341766357,0.5794270634651184,2694144.0,-0.6684539318084717,13784,1754,1753,711.457538637
1.0,0.017578125,0.38057228922843933,0.6458715200424194,28.40494728088379,47.001834869384766,1746195356.6035802,1.5765913724899292,1.0403058528900146,0.443359375,2717184.0,-0.6352732181549072,13904,1769,1768,717.121930352
1.0,0.01692708395421505,0.3101347088813782,0.6458715200424194,29.208984375,47.001834869384766,1746195362.262104,1.5765913724899292,1.0350682735443115,0.4466145932674408,2740224.0,-0.6454707384109497,14024,1784,1783,722.780336835
1.0,0.014973958022892475,0.43975338339805603,0.6458715200424194,28.09830665588379,47.001834869384766,1746195367.2068505,1.5765913724899292,1.149983525276184,0.5345051884651184,2760192.0,-0.6589306592941284,14128,1797,1796,727.725071294
1.0,0.01692708395421505,0.3184658885002136,0.6458715200424194,29.65494728088379,47.001834869384766,1746195369.0808985,1.5765913724899292,1.2031704187393188,0.5696614384651184,2767872.0,-0.6915023326873779,14168,1802,1801,729.599123668
1.0,0.01692708395421505,0.3188783526420593,0.6458715200424194,28.70638084411621,47.001834869384766,1746195369.4550955,1.5765913724899292,1.1372816562652588,0.5006510615348816,2769408.0,-0.6964590549468994,14176,1803,1802,729.973323037
1.0,0.014973958022892475,0.4519871473312378,0.6458715200424194,29.81770896911621,47.001834869384766,1746195375.8666291,1.5765913724899292,1.0346548557281494,0.4498697817325592,2795520.0,-0.6592707633972168,14312,1820,1819,736.384826186
1.0,0.015625,0.3995799422264099,0.6458715200424194,29.70572853088379,47.001834869384766,1746195377.7505581,1.5765913724899292,1.2669010162353516,0.6139323115348816,2803200.0,-0.6611018180847168,14352,1825,1824,738.268794253
1.0,0.015625,0.38271862268447876,0.6458715200424194,30.69140625,47.001834869384766,1746195382.3435307,1.5765913724899292,1.1900291442871094,0.5553385615348816,2821632.0,-0.7575085163116455,14448,1837,1836,742.861890036
1.0,0.015625,0.39992445707321167,0.6458715200424194,29.5703125,47.001834869384766,1746195389.137432,1.5765913724899292,1.0775846242904663,0.482421875,2849280.0,-0.7637706398963928,14592,1855,1854,749.655622992
1.0,0.017578125,0.38547930121421814,0.6458715200424194,28.99609375,47.001834869384766,1746195390.2647398,1.5765913724899292,1.3188183307647705,0.6477864384651184,2853888.0,-0.7653493881225586,14616,1858,1857,750.782957039
1.0,0.01627604104578495,0.40138959884643555,0.6458715200424194,30.03775978088379,47.001834869384766,1746195390.6404169,1.5765913724899292,1.0912108421325684,0.486328125,2855424.0,-0.7402234077453613,14624,1859,1858,751.158626885
1.0,0.017578125,0.5703184604644775,0.6458715200424194,29.814453125,47.001834869384766,1746195394.0500731,1.5765913724899292,1.2438801527023315,0.5729166865348816,2869248.0,-0.7784396409988403,14696,1868,1867,754.568424134
1.0,0.01692708395421505,0.5700916647911072,0.6458715200424194,28.634765625,47.001834869384766,1746195394.801501,1.5765913724899292,1.3013638257980347,0.640625,2872320.0,-0.7883729934692383,14712,1870,1869,755.319708743
1.0,0.015625,0.33835503458976746,0.6458715200424194,30.08333396911621,47.001834869384766,1746195411.7941544,1.5765913724899292,1.1666990518569946,0.5501301884651184,2941440.0,-0.8133726119995117,15072,1915,1914,772.312491833
1.0,0.015625,0.36019784212112427,0.6458715200424194,30.27864646911621,47.001834869384766,1746195414.4188209,1.5765913724899292,1.1720539331436157,0.5559895634651184,2952192.0,-0.7737547159194946,15128,1922,1921,774.937044065
1.0,0.01627604104578495,0.3607292175292969,0.6458715200424194,29.72916603088379,47.001834869384766,1746195414.7946427,1.5765913724899292,1.0827668905258179,0.4895833432674408,2953728.0,-0.758202314376831,15136,1923,1922,775.312852912
1.0,0.01627604104578495,0.3516979515552521,0.6458715200424194,30.3125,47.001834869384766,1746195415.5459492,1.5765913724899292,1.1415038108825684,0.51171875,2956800.0,-0.7164057493209839,15152,1925,1924,776.064144133
1.0,0.01692708395421505,0.42230910062789917,0.6458715200424194,30.16796875,47.001834869384766,1746195417.4608502,1.5765913724899292,1.150361180305481,0.5247395634651184,2964480.0,-0.7861638069152832,15192,1930,1929,777.979206825
1.0,0.014973958022892475,0.3343268632888794,0.8401222229003906,30.69205665588379,51.36252975463867,1746195437.1669476,1.8291903734207153,1.01384437084198,0.4375,3044352.0,-1.043630599975586,15608,1982,1981,797.6851484
1.0,0.01627604104578495,0.38011854887008667,0.8401222229003906,30.58724021911621,51.36252975463867,1746195437.9208934,1.8291903734207153,1.1886001825332642,0.5657551884651184,3047424.0,-1.0073567628860474,15624,1984,1983,798.439124662
1.0,0.014973958022892475,0.3777356743812561,0.8401222229003906,30.40364646911621,51.36252975463867,1746195440.1721518,1.8291903734207153,1.1055532693862915,0.529296875,3056640.0,-0.8802524209022522,15672,1990,1989,800.690486504
1.0,0.014973958022892475,0.39806175231933594,0.8401222229003906,29.14974021911621,51.36252975463867,1746195442.073628,1.8291903734207153,1.0657517910003662,0.490234375,3064320.0,-0.9428070783615112,15712,1995,1994,802.591853357
1.0,0.015625,0.33987775444984436,0.8401222229003906,30.78645896911621,51.36252975463867,1746195446.211374,1.8291903734207153,1.1732779741287231,0.5625,3081216.0,-0.9202851057052612,15800,2006,2005,806.729613437
1.0,0.014973958022892475,0.3002053201198578,0.8401222229003906,30.86588478088379,51.36252975463867,1746195449.6086197,1.8291903734207153,1.1948957443237305,0.5826823115348816,3095040.0,-0.9480857253074646,15872,2015,2014,810.126820783
1.0,0.015625,0.3099684715270996,0.8401222229003906,30.36458396911621,51.36252975463867,1746195450.3642626,1.8291903734207153,1.1822850704193115,0.5598958134651184,3098112.0,-0.9479740262031555,15888,2017,2016,810.882476274
1.0,0.015625,0.3021208643913269,0.8401222229003906,30.20572853088379,51.36252975463867,1746195456.4388204,1.8291903734207153,1.2194172143936157,0.5944010615348816,3122688.0,-0.9331254959106445,16016,2033,2032,816.957092609
1.0,0.01692708395421505,0.31688082218170166,0.8401222229003906,30.1875,51.36252975463867,1746195457.5773098,1.8291903734207153,1.2153840065002441,0.5865885615348816,3127296.0,-0.9987190365791321,16040,2036,2035,818.095529803
1.0,0.015625,0.4083848297595978,0.8401222229003906,31.05729103088379,51.36252975463867,1746195460.5824971,1.8291903734207153,1.1137237548828125,0.5026041865348816,3139584.0,-1.09860360622406,16104,2044,2043,821.100748614
1.0,0.01627604104578495,0.38196247816085815,0.8401222229003906,30.109375,51.36252975463867,1746195462.8619912,1.8291903734207153,1.267617106437683,0.6217448115348816,3148800.0,-1.1203829050064087,16152,2050,2049,823.380339592
1.0,0.014973958022892475,0.34231680631637573,0.8401222229003906,29.75520896911621,51.36252975463867,1746195473.4681842,1.8291903734207153,1.1168749332427979,0.546875,3191808.0,-1.0542415380477905,16376,2078,2077,833.986410711
1.0,0.015625,0.2558343708515167,0.8401222229003906,30.59114646911621,51.36252975463867,1746195480.2687135,1.8291903734207153,1.1697818040847778,0.5579426884651184,3219456.0,-1.0723414421081543,16520,2096,2095,840.786941831
1.0,0.01692708395421505,0.27152538299560547,0.8401222229003906,29.91731834411621,51.36252975463867,1746195480.6703153,1.8291903734207153,1.0982290506362915,0.4986979067325592,3220992.0,-1.1049962043762207,16528,2097,2096,841.188667291
1.0,0.017578125,0.31326889991760254,0.8401222229003906,29.740234375,51.36252975463867,1746195482.9242494,1.8291903734207153,1.2682291269302368,0.6341145634651184,3230208.0,-1.1864979267120361,16576,2103,2102,843.442479834
1.0,0.015625,0.3082922697067261,0.8401222229003906,30.31380271911621,51.36252975463867,1746195483.2998643,1.8291903734207153,1.251969337463379,0.6165364384651184,3231744.0,-1.1886006593704224,16584,2104,2103,843.818077584
1.0,0.015625,0.22380729019641876,0.8401222229003906,30.84505271911621,51.36252975463867,1746195490.102722,1.8291903734207153,1.169270634651184,0.5846354365348816,3259392.0,-1.1906695365905762,16728,2122,2121,850.620936949
1.0,0.015625,0.22075310349464417,0.8401222229003906,30.02864646911621,51.36252975463867,1746195492.7717192,1.8291903734207153,1.2403157949447632,0.6067708134651184,3270144.0,-1.1632342338562012,16784,2129,2128,853.289944447
1.0,0.015625,0.2593201696872711,0.8401222229003906,30.56640625,51.36252975463867,1746195497.284569,1.8291903734207153,1.1758463382720947,0.572265625,3288576.0,-1.2132858037948608,16880,2141,2140,857.802885711
1.0,0.01627604104578495,0.2787821590900421,0.8401222229003906,30.453125,51.36252975463867,1746195498.0370493,1.8291903734207153,1.30078125,0.650390625,3291648.0,-1.2139618396759033,16896,2143,2142,858.555288545
1.0,0.014973958022892475,0.2081993967294693,0.8401222229003906,30.20963478088379,51.36252975463867,1746195503.3439264,1.8291903734207153,1.2089647054672241,0.5885416865348816,3313152.0,-1.2012348175048828,17008,2157,2156,863.862157151
1.0,0.015625,0.199898824095726,0.8401222229003906,30.34114646911621,51.36252975463867,1746195504.87166,1.8291903734207153,1.2681835889816284,0.6106770634651184,3319296.0,-1.2209789752960205,17040,2161,2160,865.389875841
1.0,0.01627604104578495,0.31098926067352295,0.8401222229003906,29.76302146911621,51.36252975463867,1746195505.622976,1.8291903734207153,1.1832777261734009,0.568359375,3322368.0,-1.1446857452392578,17056,2163,2162,866.141201935
1.0,0.01692708395421505,0.2523282766342163,0.8401222229003906,30.00325584411621,51.36252975463867,1746195507.501729,1.8291903734207153,1.1374965906143188,0.544921875,3330048.0,-1.1808995008468628,17096,2168,2167,868.019954847
1.0,0.015625,0.18888737261295319,0.8401222229003906,29.52474021911621,51.36252975463867,1746195516.5685534,1.8291903734207153,1.2277864217758179,0.6041666865348816,3366912.0,-1.027183175086975,17288,2192,2191,877.086800121
1.0,0.01627604104578495,0.1600443720817566,0.8401222229003906,29.46484375,51.36252975463867,1746195542.6507292,1.8291903734207153,1.2994791269302368,0.6497395634651184,3472896.0,-0.8236331939697266,17840,2261,2260,903.168964794
1.0,0.01627604104578495,0.15261711180210114,0.9788135886192322,29.96484375,44.34491729736328,1746195556.7655087,1.977419376373291,1.321614384651184,0.6608073115348816,3529728.0,-0.8270438313484192,18136,2298,2297,917.283726837
1.0,0.015625,0.2060696929693222,0.9788135886192322,30.703125,44.34491729736328,1746195560.9092214,1.977419376373291,1.29296875,0.646484375,3546624.0,-0.8982728123664856,18224,2309,2308,921.42746975
1.0,0.017578125,0.19216817617416382,0.9788135886192322,29.73502540588379,44.34491729736328,1746195561.296681,1.977419376373291,1.242096185684204,0.609375,3548160.0,-0.9143490195274353,18232,2310,2309,921.815005634
1.0,0.01627604104578495,0.20022162795066833,0.9788135886192322,30.708984375,44.34491729736328,1746195562.8066218,1.977419376373291,1.2614843845367432,0.619140625,3554304.0,-0.8931230306625366,18264,2314,2313,923.324858785
1.0,0.015625,0.1915607750415802,0.9788135886192322,29.93099021911621,44.34491729736328,1746195565.0840638,1.977419376373291,1.2721353769302368,0.6360676884651184,3563520.0,-0.9135285019874573,18312,2320,2319,925.602286707
1.0,0.015625,0.16903144121170044,0.9788135886192322,29.63932228088379,44.34491729736328,1746195566.9628909,1.977419376373291,1.2321549654006958,0.6015625,3571200.0,-0.8914324045181274,18352,2325,2324,927.481090615
1.0,0.017578125,0.13029396533966064,0.9788135886192322,30.28580665588379,44.34491729736328,1746195570.007225,1.977419376373291,1.2795865535736084,0.6184895634651184,3583488.0,-0.7056680917739868,18416,2333,2332,930.525506207
1.0,0.015625,0.1833997517824173,0.9788135886192322,30.32161521911621,44.34491729736328,1746195572.2683856,1.977419376373291,1.3033852577209473,0.6516926884651184,3592704.0,-0.7886301875114441,18464,2339,2338,932.786588992
1.0,0.015625,0.16069522500038147,0.9788135886192322,31.04166603088379,44.34491729736328,1746195580.62258,1.977419376373291,1.1341274976730347,0.5423176884651184,3626496.0,-0.8233650922775269,18640,2361,2360,941.140811
1.0,0.01627604104578495,0.1697288155555725,0.9788135886192322,30.072265625,44.34491729736328,1746195583.6274219,1.977419376373291,1.26171875,0.630859375,3638784.0,-0.8774037957191467,18704,2369,2368,944.145639927
1.0,0.015625,0.11404967308044434,0.9788135886192322,30.328125,44.34491729736328,1746195593.4982917,1.977419376373291,1.1847721338272095,0.5813801884651184,3678720.0,-0.7909760475158691,18912,2395,2394,954.016614922
1.0,0.014973958022892475,0.11489337682723999,0.9788135886192322,29.01171875,44.34491729736328,1746195598.7690244,1.977419376373291,0.9982128143310547,0.4342447817325592,3700224.0,-0.7939441204071045,19024,2409,2408,959.287250321
1.0,0.015625,0.16824311017990112,0.9788135886192322,30.91731834411621,44.34491729736328,1746195599.9164019,1.977419376373291,1.1263149976730347,0.515625,3704832.0,-0.7725841403007507,19048,2412,2411,960.434609532
1.0,0.015625,0.1964862197637558,0.9788135886192322,31.34244728088379,44.34491729736328,1746195603.2952332,1.977419376373291,1.2282907962799072,0.6067708134651184,3718656.0,-0.7464396357536316,19120,2421,2420,963.813434035
1.0,0.015625,0.13145646452903748,0.9788135886192322,30.64974021911621,44.34491729736328,1746195605.2021272,1.977419376373291,1.1295572519302368,0.53125,3726336.0,-0.693832516670227,19160,2426,2425,965.720469377
1.0,0.01692708395421505,0.1446124017238617,0.9788135886192322,29.91015625,44.34491729736328,1746195607.4566417,1.977419376373291,1.2438312768936157,0.5846354365348816,3735552.0,-0.7609306573867798,19208,2432,2431,967.974877787
1.0,0.01692708395421505,0.16260196268558502,0.9788135886192322,29.865234375,44.34491729736328,1746195609.7120082,1.977419376373291,1.3072915077209473,0.6536458134651184,3744768.0,-0.7887524366378784,19256,2438,2437,970.230240587
1.0,0.01692708395421505,0.10776136815547943,0.9788135886192322,29.48958396911621,44.34491729736328,1746195611.2544043,1.977419376373291,1.23158860206604,0.5865885615348816,3750912.0,-0.7461221218109131,19288,2442,2441,971.772671903
1.0,0.01953125,0.149924635887146,0.9788135886192322,29.19661521911621,44.34491729736328,1746195627.4804218,1.977419376373291,1.3305792808532715,0.650390625,3816960.0,-0.6162782311439514,19632,2485,2484,987.99871472
1.0,0.015625,0.14449799060821533,0.9788135886192322,30.36328125,44.34491729736328,1746195628.2418015,1.977419376373291,1.310644507408142,0.64453125,3820032.0,-0.6700302362442017,19648,2487,2486,988.760055372
1.0,0.017578125,0.15309546887874603,0.9788135886192322,29.568359375,44.34491729736328,1746195629.762387,1.977419376373291,1.2901692390441895,0.6204426884651184,3826176.0,-0.6683209538459778,19680,2491,2490,990.280660283
1.0,0.02018229104578495,0.15387898683547974,0.9788135886192322,28.697265625,44.34491729736328,1746195632.4178078,1.977419376373291,1.29512357711792,0.6328125,3836928.0,-0.7095077037811279,19736,2498,2497,992.936004843
1.0,0.01822916604578495,0.114861398935318,0.9788135886192322,29.03580665588379,44.34491729736328,1746195634.296121,1.977419376373291,1.324218511581421,0.662109375,3844608.0,-0.6978747844696045,19776,2503,2502,994.814310977
1.0,0.02018229104578495,0.13520601391792297,0.9788135886192322,28.52018165588379,44.34491729736328,1746195652.7925239,1.977419376373291,1.3229165077209473,0.6614583134651184,3919872.0,-0.7150881290435791,20168,2552,2551,1013.310779688
1.0,0.01953125,0.12753725051879883,0.9788135886192322,29.119140625,44.34491729736328,1746195654.695094,1.977419376373291,1.35281240940094,0.67578125,3927552.0,-0.7577888369560242,20208,2557,2556,1015.213312066
1.0,0.01692708395421505,0.13453498482704163,0.9788135886192322,29.47200584411621,44.34491729736328,1746195658.851383,1.977419376373291,1.1611391305923462,0.541015625,3944448.0,-0.7820545434951782,20296,2568,2567,1019.369607736
1.0,0.01822916604578495,0.1189073920249939,0.9788135886192322,28.65234375,44.34491729736328,1746195659.2269013,1.977419376373291,1.3143717050552368,0.6555989384651184,3945984.0,-0.7580118179321289,20304,2569,2568,1019.745118383
1.0,0.02018229104578495,0.1420516073703766,0.9788135886192322,29.14974021911621,44.34491729736328,1746195660.3623135,1.977419376373291,1.3119009733200073,0.6315104365348816,3950592.0,-0.7613300085067749,20328,2572,2571,1020.880529701
1.0,0.01953125,0.1290101706981659,0.9788135886192322,28.728515625,44.34491729736328,1746195661.500561,1.977419376373291,1.3137433528900146,0.642578125,3955200.0,-0.8327056169509888,20352,2575,2574,1022.018788409
1.0,0.01822916604578495,0.11246190220117569,0.9788135886192322,28.291015625,44.34491729736328,1746195662.655787,1.977419376373291,1.2914061546325684,0.6334635615348816,3959808.0,-0.8170913457870483,20376,2578,2577,1023.174081897
1.0,0.01953125,0.13561250269412994,0.9601040482521057,29.79557228088379,45.27753448486328,1746195671.8057263,1.956678032875061,1.3368031978607178,0.66015625,3996672.0,-0.9713634252548218,20568,2602,2601,1032.323951221
1.0,0.02018229104578495,0.121474988758564,0.9601040482521057,29.38736915588379,45.27753448486328,1746195684.3037589,1.956678032875061,1.3031021356582642,0.6243489384651184,4047360.0,-0.9778209924697876,20832,2635,2634,1044.82196309
1.0,0.01822916604578495,0.11705505847930908,0.9601040482521057,29.34895896911621,45.27753448486328,1746195685.080134,1.956678032875061,1.3407551050186157,0.6549479365348816,4050432.0,-0.9405087828636169,20848,2637,2636,1045.598500356
1.0,0.02278645895421505,0.06918151676654816,0.9601040482521057,28.70052146911621,45.27753448486328,1746195693.8399336,1.956678032875061,1.3528904914855957,0.6634114384651184,4085760.0,-0.6790435314178467,21032,2660,2659,1054.358156066
1.0,0.01822916604578495,0.10793674737215042,0.9601040482521057,29.36328125,45.27753448486328,1746195697.2539945,1.956678032875061,1.2837694883346558,0.62109375,4099584.0,-0.6087801456451416,21104,2669,2668,1057.772208471
1.0,0.017578125,0.08035890758037567,0.9601040482521057,29.63932228088379,45.27753448486328,1746195702.9290087,1.956678032875061,1.3070995807647705,0.6419270634651184,4122624.0,-0.7439335584640503,21224,2684,2683,1063.447234457
1.0,0.01822916604578495,0.10904838889837265,0.9601040482521057,29.49544334411621,45.27753448486328,1746195703.3046973,1.956678032875061,1.2996060848236084,0.642578125,4124160.0,-0.778722882270813,21232,2685,2684,1063.822899893
1.0,0.01692708395421505,0.10608349740505219,0.9601040482521057,29.52864646911621,45.27753448486328,1746195705.5596275,1.956678032875061,1.2756997346878052,0.6236979365348816,4133376.0,-0.7970936298370361,21280,2691,2690,1066.077867472
1.0,0.017578125,0.08637557923793793,0.9601040482521057,28.658203125,45.27753448486328,1746195706.7219682,1.956678032875061,1.218408226966858,0.5768229365348816,4137984.0,-0.8116933107376099,21304,2694,2693,1067.240334781
1.0,0.017578125,0.12838327884674072,0.9601040482521057,29.62369728088379,45.27753448486328,1746195707.4735794,1.956678032875061,1.335924506187439,0.6666666865348816,4141056.0,-0.7763293385505676,21320,2696,2695,1067.991810696
1.0,0.01692708395421505,0.11303757131099701,0.9601040482521057,29.51692771911621,45.27753448486328,1746195718.026877,1.956678032875061,1.241926908493042,0.6080729365348816,4184064.0,-0.8874933123588562,21544,2724,2723,1078.545114015
1.0,0.01627604104578495,0.11339734494686127,0.9601040482521057,29.8125,45.27753448486328,1746195720.3150444,1.956678032875061,1.2739062309265137,0.6223958134651184,4193280.0,-0.8991926908493042,21592,2730,2729,1080.833262658
1.0,0.01888020895421505,0.09110960364341736,0.9601040482521057,28.31640625,45.27753448486328,1746195724.4784055,1.956678032875061,1.2912076711654663,0.62109375,4210176.0,-0.9281446933746338,21680,2741,2740,1084.996761094
1.0,0.01692708395421505,0.11638328433036804,0.9601040482521057,28.876953125,45.27753448486328,1746195725.9816208,1.956678032875061,1.2618229389190674,0.6087239384651184,4216320.0,-0.9149962663650513,21712,2745,2744,1086.499805201
1.0,0.01692708395421505,0.13396522402763367,0.9601040482521057,29.056640625,45.27753448486328,1746195727.1085784,1.956678032875061,1.2645963430404663,0.619140625,4220928.0,-0.9293439984321594,21736,2748,2747,1087.626738648
1.0,0.017578125,0.1053895428776741,0.9601040482521057,29.35481834411621,45.27753448486328,1746195733.5335171,1.956678032875061,1.207718014717102,0.583984375,4247040.0,-0.8073768019676208,21872,2765,2764,1094.051691233
1.0,0.017578125,0.09706466645002365,0.9601040482521057,29.27278709411621,45.27753448486328,1746195735.03936,1.956678032875061,1.33203125,0.666015625,4253184.0,-0.7556905746459961,21904,2769,2768,1095.557622935
1.0,0.02018229104578495,0.132853701710701,0.9601040482521057,28.224609375,45.27753448486328,1746195741.870498,1.956678032875061,1.29833984375,0.6197916865348816,4280832.0,-0.7954220771789551,22048,2787,2786,1102.388855167
1.0,0.02018229104578495,0.08805862069129944,0.9601040482521057,28.00325584411621,45.27753448486328,1746195751.699333,1.956678032875061,1.2613931894302368,0.60546875,4320768.0,-0.653364896774292,22256,2813,2812,1112.217567523
1.0,0.021484375,0.08798222243785858,0.9601040482521057,27.64583396911621,45.27753448486328,1746195762.6631129,1.956678032875061,1.3442188501358032,0.6608073115348816,4365312.0,-0.7751346230506897,22488,2842,2841,1123.181437286
1.0,0.02083333395421505,0.12240777164697647,0.9601040482521057,28.74283790588379,45.27753448486328,1746195763.4380944,1.956678032875061,1.3444010019302368,0.6490885615348816,4368384.0,-0.7972860336303711,22504,2844,2843,1123.95642867
1.0,0.02083333395421505,0.08048082888126373,0.9601040482521057,28.82486915588379,45.27753448486328,1746195770.6193602,1.956678032875061,1.3209893703460693,0.630859375,4397568.0,-0.8051787614822388,22656,2863,2862,1131.137580053
1.0,0.02083333395421505,0.08650410175323486,0.9601040482521057,28.13736915588379,45.27753448486328,1746195772.4972708,1.956678032875061,1.3516404628753662,0.6640625,4405248.0,-0.8599237203598022,22696,2868,2867,1133.015483964
1.0,0.02278645895421505,0.12079034000635147,0.9601040482521057,27.193359375,45.27753448486328,1746195775.1509023,1.956678032875061,1.392148494720459,0.6927083134651184,4416000.0,-0.8683421611785889,22752,2875,2874,1135.669239883
1.0,0.02083333395421505,0.08641180396080017,0.9601040482521057,28.98111915588379,45.27753448486328,1746195777.7817547,1.956678032875061,1.3646646738052368,0.6647135615348816,4426752.0,-0.8529090881347656,22808,2882,2881,1138.299963776
1.0,0.02213541604578495,0.09935964643955231,0.9601040482521057,28.283203125,45.27753448486328,1746195786.8646429,1.956678032875061,1.3497850894927979,0.650390625,4463616.0,-0.7300481796264648,23000,2906,2905,1147.382956764
1.0,0.02083333395421505,0.0823177844285965,0.9601040482521057,28.9375,45.27753448486328,1746195791.7556093,1.956678032875061,1.374166488647461,0.6848958134651184,4483584.0,-0.6858078241348267,23104,2919,2918,1152.273886077
1.0,0.01953125,0.0898059830069542,0.9601040482521057,28.58203125,45.27753448486328,1746195792.906449,1.956678032875061,1.3072232007980347,0.6315104365348816,4488192.0,-0.7334477305412292,23128,2922,2921,1153.424801169
1.0,0.02083333395421505,0.08000917732715607,0.9601040482521057,29.01171875,45.27753448486328,1746195793.2823024,1.956678032875061,1.3103644847869873,0.642578125,4489728.0,-0.7659153342247009,23136,2923,2922,1153.800533019
1.0,0.021484375,0.08202353119850159,0.9833333492279053,28.00065040588379,38.823333740234375,1746195794.4906497,1.9819296598434448,1.2379653453826904,0.5611979365348816,4494336.0,-0.7652738690376282,23160,2926,2925,1155.008856934
1.0,0.01888020895421505,0.09131993353366852,0.9833333492279053,28.73893165588379,38.823333740234375,1746195798.257042,1.9819296598434448,1.3493164777755737,0.6640625,4509696.0,-0.7697055339813232,23240,2936,2935,1158.775438768
1.0,0.02018229104578495,0.11373277753591537,0.9833333492279053,28.22721290588379,38.823333740234375,1746195803.549983,1.9819296598434448,1.2703938484191895,0.6106770634651184,4531200.0,-0.7546592950820923,23352,2950,2949,1164.068276732
1.0,0.02083333395421505,0.08400541543960571,0.9833333492279053,28.52018165588379,38.823333740234375,1746195806.5857263,1.9819296598434448,1.3632389307022095,0.6673176884651184,4543488.0,-0.7121349573135376,23416,2958,2957,1167.10394075
1.0,0.02213541604578495,0.09067872911691666,0.9833333492279053,28.53515625,38.823333740234375,1746195814.9029891,1.9819296598434448,1.3590103387832642,0.65625,4577280.0,-0.6294371485710144,23592,2980,2979,1175.421197839
1.0,0.02213541604578495,0.09725523740053177,0.9833333492279053,27.89518165588379,38.823333740234375,1746195817.9409962,1.9819296598434448,1.3068424463272095,0.6236979365348816,4589568.0,-0.6408100128173828,23656,2988,2987,1178.459253672
1.0,0.01953125,0.08672294020652771,0.9833333492279053,28.06770896911621,38.823333740234375,1746195819.851131,1.9819296598434448,1.3321481943130493,0.6516926884651184,4597248.0,-0.6465054750442505,23696,2993,2992,1180.369410468
1.0,0.02083333395421505,0.12394750863313675,0.9833333492279053,28.56575584411621,38.823333740234375,1746195828.612747,1.9819296598434448,1.1620897054672241,0.521484375,4632576.0,-0.4674418866634369,23880,3016,3015,1189.131003518
1.0,0.02083333395421505,0.10371488332748413,0.9833333492279053,28.44661521911621,38.823333740234375,1746195828.9885051,1.9819296598434448,1.2757192850112915,0.6028645634651184,4634112.0,-0.49518483877182007,23888,3017,3016,1189.506718777
1.0,0.017578125,0.08403700590133667,0.9833333492279053,28.69466209411621,38.823333740234375,1746195834.2869434,1.9819296598434448,1.248333215713501,0.6119791865348816,4655616.0,-0.6420518159866333,24000,3031,3030,1194.80516722
1.0,0.01888020895421505,0.10554031282663345,0.9833333492279053,29.12955665588379,38.823333740234375,1746195837.690003,1.9819296598434448,1.32421875,0.662109375,4669440.0,-0.7218706607818604,24072,3040,3039,1198.208217651
1.0,0.01953125,0.0637369453907013,0.9833333492279053,28.57096290588379,38.823333740234375,1746195838.4419534,1.9819296598434448,1.3067708015441895,0.6432291865348816,4672512.0,-0.7526059150695801,24088,3042,3041,1198.960151321
1.0,0.01627604104578495,0.08531133830547333,0.9833333492279053,29.05729103088379,38.823333740234375,1746195847.5188007,1.9819296598434448,1.2919366359710693,0.6334635615348816,4709376.0,-0.7990828156471252,24280,3066,3065,1208.037167131
1.0,0.02018229104578495,0.08093460649251938,0.9833333492279053,28.3046875,38.823333740234375,1746195860.3533099,1.9819296598434448,1.3229166269302368,0.6614583134651184,4761600.0,-0.7512071132659912,24552,3100,3099,1220.871634467
1.0,0.01692708395421505,0.08584675192832947,0.9833333492279053,29.12630271911621,38.823333740234375,1746195860.729647,1.9819296598434448,1.2906540632247925,0.6334635615348816,4763136.0,-0.8055309057235718,24560,3101,3100,1221.248050539
1.0,0.01822916604578495,0.08736902475357056,0.9833333492279053,29.27604103088379,38.823333740234375,1746195861.87079,1.9819296598434448,1.2874836921691895,0.6236979365348816,4767744.0,-0.831303596496582,24584,3104,3103,1222.389019322
1.0,0.01692708395421505,0.0845169946551323,0.9833333492279053,29.54231834411621,38.823333740234375,1746195865.6268518,1.9819296598434448,1.1612075567245483,0.5416666865348816,4783104.0,-0.8239691257476807,24664,3114,3113,1226.145084858
1.0,0.01953125,0.11342989653348923,0.9833333492279053,28.84244728088379,38.823333740234375,1746195868.6621268,1.9819296598434448,1.3491079807281494,0.6634114384651184,4795392.0,-0.8227688670158386,24728,3122,3121,1229.180329561
1.0,0.017578125,0.08914138376712799,0.9833333492279053,29.81315040588379,38.823333740234375,1746195873.2107615,1.9819296598434448,1.2841796875,0.62890625,4813824.0,-0.884949803352356,24824,3134,3133,1233.729092209
1.0,0.021484375,0.1189030259847641,0.9833333492279053,27.95182228088379,38.823333740234375,1746195883.000649,1.9819296598434448,1.390625,0.6953125,4853760.0,-0.681087851524353,25032,3160,3159,1243.518846398
1.0,0.02213541604578495,0.10598722100257874,0.9833333492279053,28.48177146911621,38.823333740234375,1746195888.2828746,1.9819296598434448,1.4075521230697632,0.7037760615348816,4875264.0,-0.6878172159194946,25144,3174,3173,1248.801086982
1.0,0.01822916604578495,0.07227087020874023,0.9833333492279053,27.98567771911621,38.823333740234375,1746195891.3109004,1.9819296598434448,1.3327213525772095,0.6575520634651184,4887552.0,-0.6798942685127258,25208,3182,3181,1251.82912971
1.0,0.01822916604578495,0.12044506520032883,0.9833333492279053,28.85807228088379,38.823333740234375,1746195893.1891236,1.9819296598434448,1.265279769897461,0.6106770634651184,4895232.0,-0.7311830520629883,25248,3187,3186,1253.707332502
1.0,0.01888020895421505,0.05884220078587532,0.9833333492279053,29.50390625,38.823333740234375,1746195902.6630206,1.9819296598434448,1.3059895038604736,0.6295573115348816,4933632.0,-0.575131356716156,25448,3212,3211,1263.181250577
1.0,0.02278645895421505,0.08031982183456421,0.9833333492279053,27.48828125,38.823333740234375,1746195904.1670265,1.9819296598434448,1.390625,0.6953125,4939776.0,-0.6326718330383301,25480,3216,3215,1264.685237121
1.0,0.01888020895421505,0.1367623209953308,0.9833333492279053,28.46484375,38.823333740234375,1746195913.644938,1.9819296598434448,1.286946415901184,0.6217448115348816,4978176.0,-0.5597589612007141,25680,3241,3240,1274.163133585
1.0,0.02018229104578495,0.08573183417320251,0.9833333492279053,28.56900978088379,38.823333740234375,1746195915.5183992,1.9819296598434448,1.3409439325332642,0.669921875,4985856.0,-0.5515910387039185,25720,3246,3245,1276.036597942
0.9999999403953552,0.02083333395421505,0.0887707993388176,0.9851551651954651,28.40885353088379,39.919700622558594,1746195928.8902578,1.9833970069885254,1.323697805404663,0.6256510615348816,5039616.0,-0.628781259059906,26000,3281,3280,1289.408597884
0.9999999403953552,0.021484375,0.11795401573181152,0.9851551651954651,27.853515625,39.919700622558594,1746195930.4023998,1.9833970069885254,1.3206868171691895,0.638671875,5045760.0,-0.7219647169113159,26032,3285,3284,1290.920575612
0.9999999403953552,0.02083333395421505,0.09275297820568085,0.9851551651954651,27.94661521911621,39.919700622558594,1746195930.7785578,1.9833970069885254,1.3984375,0.69921875,5047296.0,-0.7154010534286499,26040,3286,3285,1291.296847233
0.9999999403953552,0.02083333395421505,0.13311538100242615,0.9851551651954651,28.70052146911621,39.919700622558594,1746195931.1549459,1.9833970069885254,1.359375,0.6796875,5048832.0,-0.7294477224349976,26048,3287,3286,1291.673154592
0.9999999403953552,0.02083333395421505,0.09265848994255066,0.9851551651954651,28.595703125,39.919700622558594,1746195933.0340347,1.9833970069885254,1.327994704246521,0.6555989384651184,5056512.0,-0.7123257517814636,26088,3292,3291,1293.552227415
0.9999999403953552,0.01953125,0.10652170330286026,0.9851551651954651,28.33203125,39.919700622558594,1746195951.9773488,1.9833970069885254,1.295768141746521,0.6399739384651184,5133312.0,-0.7323874831199646,26488,3342,3341,1312.495583264
0.9999999403953552,0.02083333395421505,0.11592996120452881,0.9851551651954651,28.18099021911621,39.919700622558594,1746195956.5361814,1.9833970069885254,1.3231346607208252,0.6490885615348816,5151744.0,-0.6921464204788208,26584,3354,3353,1317.054509569
0.9999999403953552,0.021484375,0.11321428418159485,0.9851551651954651,28.166015625,39.919700622558594,1746195959.5620532,1.9833970069885254,1.3802083730697632,0.6901041865348816,5164032.0,-0.6698535680770874,26648,3362,3361,1320.080330592
0.9999999403953552,0.02083333395421505,0.09891071915626526,0.9851551651954651,28.5703125,39.919700622558594,1746195962.229323,1.9833970069885254,1.281022071838379,0.6145833134651184,5174784.0,-0.5896830558776855,26704,3369,3368,1322.747566786
0.9999999403953552,0.02213541604578495,0.12339973449707031,0.9851551651954651,28.04557228088379,39.919700622558594,1746195970.155148,1.9833970069885254,1.3748892545700073,0.6751301884651184,5207040.0,-0.8196196556091309,26872,3390,3389,1330.673371268
0.9999999403953552,0.02083333395421505,0.14304575324058533,0.9851551651954651,28.62434959411621,39.919700622558594,1746195973.9340513,1.9833970069885254,1.3971353769302368,0.6985676884651184,5222400.0,-0.7494338154792786,26952,3400,3399,1334.452274635
0.9999999403953552,0.02213541604578495,0.11528763175010681,0.9851551651954651,28.3515625,39.919700622558594,1746195977.3838606,1.9833970069885254,1.2717740535736084,0.6048176884651184,5236224.0,-0.7212042808532715,27024,3409,3408,1337.902207841
0.9999999403953552,0.021484375,0.10753278434276581,0.9851551651954651,27.86067771911621,39.919700622558594,1746195980.7685776,1.9833970069885254,1.3893228769302368,0.6946614384651184,5250048.0,-0.7788522839546204,27096,3418,3417,1341.286778666
0.9999999403953552,0.021484375,0.12991584837436676,0.9851551651954651,27.978515625,39.919700622558594,1746195987.5542405,1.9833970069885254,1.338736891746521,0.6614583134651184,5277696.0,-0.8806535601615906,27240,3436,3435,1348.072478751
0.9999999403953552,0.01692708395421505,0.13097229599952698,0.9851551651954651,28.96028709411621,39.919700622558594,1746195998.9175358,1.9833970069885254,1.33984375,0.669921875,5323776.0,-0.8046317100524902,27480,3466,3465,1359.435733291
0.9999999403953552,0.017578125,0.11026649177074432,0.9851551651954651,29.30794334411621,39.919700622558594,1746196015.9463396,1.9833970069885254,1.2905076742172241,0.6328125,5392896.0,-0.8307154774665833,27840,3511,3510,1376.464564744
0.9999999403953552,0.01692708395421505,0.11273754388093948,0.9851551651954651,29.89583396911621,39.919700622558594,1746196017.448977,1.9833970069885254,1.359374761581421,0.6796875,5399040.0,-0.8506132364273071,27872,3515,3514,1377.967171726
0.9999999403953552,0.017578125,0.1106947585940361,0.9851551651954651,28.89127540588379,39.919700622558594,1746196019.7056065,1.9833970069885254,1.2602343559265137,0.62109375,5408256.0,-0.9669142365455627,27920,3521,3520,1380.22388232
0.9999999403953552,0.01627604104578495,0.11709392815828323,0.9851551651954651,29.73177146911621,39.919700622558594,1746196023.8613572,1.9833970069885254,1.2462726831436157,0.6139323115348816,5425152.0,-0.9959044456481934,28008,3532,3531,1384.379576109
0.9999999403953552,0.01888020895421505,0.09200510382652283,0.9851551651954651,28.37369728088379,39.919700622558594,1746196025.3645759,1.9833970069885254,1.364583134651184,0.6822916865348816,5431296.0,-1.018836259841919,28040,3536,3535,1385.882802912
0.9999999403953552,0.02083333395421505,0.12017512321472168,0.9851551651954651,28.751953125,39.919700622558594,1746196026.126138,1.9833970069885254,1.3580728769302368,0.6790364384651184,5434368.0,-1.0248785018920898,28056,3538,3537,1386.644539387
0.9999999403953552,0.02213541604578495,0.0894356444478035,0.9851551651954651,28.0390625,39.919700622558594,1746196029.158599,1.9833970069885254,1.3489583730697632,0.6744791865348816,5446656.0,-0.9551001191139221,28120,3546,3545,1389.676792066
0.9999999403953552,0.01692708395421505,0.0941903367638588,0.9851551651954651,29.875,39.919700622558594,1746196039.3759553,1.9833970069885254,1.3190103769302368,0.6595051884651184,5488128.0,-1.076509714126587,28336,3573,3572,1399.894161238
0.9999999403953552,0.01692708395421505,0.09256523847579956,0.9851551651954651,30.01888084411621,39.919700622558594,1746196039.7515936,1.9833970069885254,1.304687261581421,0.65234375,5489664.0,-1.0607876777648926,28344,3574,3573,1400.26980254
1.0,0.01888020895421505,0.08737102895975113,0.9910045266151428,29.08854103088379,42.014244079589844,1746196053.0771148,1.9904271364212036,1.3424478769302368,0.6712239384651184,5543424.0,-0.9295846223831177,28624,3609,3608,1413.595305744
1.0,0.01888020895421505,0.0726587101817131,0.9910045266151428,29.03971290588379,42.014244079589844,1746196058.3695369,1.9904271364212036,1.2564517259597778,0.6061198115348816,5564928.0,-0.9243631362915039,28736,3623,3622,1418.887754795
1.0,0.015625,0.09106433391571045,0.9910045266151428,29.76041603088379,42.014244079589844,1746196060.254282,1.9904271364212036,1.2207485437393188,0.5859375,5572608.0,-0.8857573866844177,28776,3628,3627,1420.772494062
1.0,0.015625,0.0768774151802063,0.9910045266151428,30.18489646911621,42.014244079589844,1746196063.2630217,1.9904271364212036,1.2684569358825684,0.6276041865348816,5584896.0,-0.8027346134185791,28840,3636,3635,1423.781244423
1.0,0.01692708395421505,0.06717856228351593,0.9910045266151428,30.068359375,42.014244079589844,1746196064.0292823,1.9904271364212036,1.3111977577209473,0.6555989384651184,5587968.0,-0.7359261512756348,28856,3638,3637,1424.54760118
1.0,0.014973958022892475,0.06796864420175552,0.9910045266151428,29.65494728088379,42.014244079589844,1746196070.0690336,1.9904271364212036,1.143701195716858,0.5279948115348816,5612544.0,-0.7408264875411987,28984,3654,3653,1430.587265839
1.0,0.014973958022892475,0.07484748959541321,0.9910045266151428,30.50260353088379,42.014244079589844,1746196071.5721283,1.9904271364212036,1.1245571374893188,0.5319010615348816,5618688.0,-0.7453587055206299,29016,3658,3657,1432.0903505
1.0,0.015625,0.05864710733294487,0.9910045266151428,30.60416603088379,42.014244079589844,1746196076.4898903,1.9904271364212036,1.258238673210144,0.6217448115348816,5638656.0,-0.7859787940979004,29120,3671,3670,1437.008126164
1.0,0.015625,0.05702029541134834,0.9910045266151428,31.05859375,42.014244079589844,1746196080.2581835,1.9904271364212036,1.2345443964004517,0.58984375,5654016.0,-0.7531329393386841,29200,3681,3680,1440.776492202
1.0,0.017578125,0.06348556280136108,0.9910045266151428,29.3671875,42.014244079589844,1746196082.1416385,1.9904271364212036,1.2874022722244263,0.6334635615348816,5661696.0,-0.8429596424102783,29240,3686,3685,1442.659867512
1.0,0.01692708395421505,0.05417942255735397,0.9910045266151428,29.55078125,42.014244079589844,1746196090.8519328,1.9904271364212036,1.2489486932754517,0.583984375,5697024.0,-0.7090953588485718,29424,3709,3708,1451.3701882
1.0,0.01953125,0.04237603396177292,0.9910045266151428,29.23893165588379,42.014244079589844,1746196099.1778483,1.9904271364212036,1.3446807861328125,0.66015625,5730816.0,-0.666517972946167,29600,3731,3730,1459.696048019
1.0,0.02213541604578495,0.12336145341396332,0.9910045266151428,27.62890625,42.014244079589844,1746196108.647583,1.9904271364212036,1.3689128160476685,0.6731770634651184,5769216.0,-0.7206699848175049,29800,3756,3755,1469.165798906
1.0,0.02018229104578495,0.06007746234536171,0.9910045266151428,28.93033790588379,42.014244079589844,1746196112.8452566,1.9904271364212036,1.3680403232574463,0.671875,5786112.0,-0.6975703239440918,29888,3767,3766,1473.363492253
1.0,0.02083333395421505,0.07454648613929749,0.9910045266151428,28.20638084411621,42.014244079589844,1746196115.8765657,1.9904271364212036,1.3860286474227905,0.6920573115348816,5798400.0,-0.7487552165985107,29952,3775,3774,1476.394758467
1.0,0.02213541604578495,0.08585548400878906,0.9910045266151428,27.85546875,42.014244079589844,1746196120.0469103,1.9904271364212036,1.3815103769302368,0.6907551884651184,5815296.0,-0.7226369976997375,30040,3786,3785,1480.565132133
1.0,0.02083333395421505,0.07802294194698334,0.9910045266151428,27.77799415588379,42.014244079589844,1746196126.4919508,1.9904271364212036,1.2621222734451294,0.59765625,5841408.0,-0.6513727903366089,30176,3803,3802,1487.010152483
1.0,0.021484375,0.05889357253909111,0.9910045266151428,27.87369728088379,42.014244079589844,1746196132.1386676,1.9904271364212036,1.347037672996521,0.6614583134651184,5864448.0,-0.7410931587219238,30296,3818,3817,1492.656846039
1.0,0.01953125,0.05578799173235893,0.9910045266151428,28.90104103088379,42.014244079589844,1746196135.563452,1.9904271364212036,1.34719717502594,0.6640625,5878272.0,-0.7281321287155151,30368,3827,3826,1496.081728971
1.0,0.021484375,0.08250728249549866,0.9910045266151428,28.291015625,42.014244079589844,1746196141.274849,1.9904271364212036,1.3586002588272095,0.6686198115348816,5901312.0,-0.6401416063308716,30488,3842,3841,1501.793144732
1.0,0.02213541604578495,0.05184877663850784,0.9910045266151428,27.58138084411621,42.014244079589844,1746196147.7121103,1.9904271364212036,1.3730794191360474,0.6744791865348816,5927424.0,-0.5904754400253296,30624,3859,3858,1508.230332508
1.0,0.02083333395421505,0.052503447979688644,0.9910045266151428,28.03255271911621,42.014244079589844,1746196150.3417242,1.9904271364212036,1.3206411600112915,0.6373698115348816,5938176.0,-0.6536672115325928,30680,3866,3865,1510.859946859
1.0,0.02278645895421505,0.060404419898986816,0.9910045266151428,28.00846290588379,42.014244079589844,1746196157.1749527,1.9904271364212036,1.3973338603973389,0.6920573115348816,5965824.0,-0.656934380531311,30824,3884,3883,1517.693153045
1.0,0.021484375,0.0636637955904007,0.9822718501091003,27.35286521911621,37.67301559448242,1746196167.091656,1.9809422492980957,1.3612109422683716,0.658203125,6005760.0,-0.5518209338188171,31032,3910,3909,1527.609905654
1.0,0.02213541604578495,0.055551107972860336,0.9822718501091003,27.50520896911621,37.67301559448242,1746196169.376499,1.9809422492980957,1.3264323472976685,0.6555989384651184,6014976.0,-0.4989207684993744,31080,3916,3915,1529.894672072
1.0,0.02278645895421505,0.06409484893083572,0.9822718501091003,27.513671875,37.67301559448242,1746196178.0437162,1.9809422492980957,1.421875,0.7109375,6050304.0,-0.5259674787521362,31264,3939,3938,1538.561900732
1.0,0.02278645895421505,0.0781630128622055,0.9822718501091003,27.462890625,37.67301559448242,1746196196.2213948,1.9809422492980957,1.388802170753479,0.6822916865348816,6124032.0,-0.6668908596038818,31648,3987,3986,1556.73964981
1.0,0.021484375,0.08811908960342407,0.9822718501091003,28.28255271911621,37.67301559448242,1746196201.5129783,1.9809422492980957,1.2650715112686157,0.603515625,6145536.0,-0.7013386487960815,31760,4001,4000,1562.031374277
1.0,0.021484375,0.07132278382778168,0.9822718501091003,27.88802146911621,37.67301559448242,1746196210.5834777,1.9809422492980957,1.3381510972976685,0.6451823115348816,6182400.0,-0.6541690230369568,31952,4025,4024,1571.101807622
1.0,0.02018229104578495,0.07118789851665497,0.9822718501091003,27.955078125,37.67301559448242,1746196212.8546667,1.9809422492980957,1.3215982913970947,0.6302083134651184,6191616.0,-0.7400636672973633,32000,4031,4030,1573.37288769
1.0,0.02083333395421505,0.09767994284629822,0.9822718501091003,27.474609375,37.67301559448242,1746196213.6060326,1.9809422492980957,1.3854655027389526,0.6809895634651184,6194688.0,-0.7799959182739258,32016,4033,4032,1574.124252156
1.0,0.02213541604578495,0.08152458071708679,0.9822718501091003,27.685546875,37.67301559448242,1746196220.408126,1.9809422492980957,1.3122785091400146,0.6302083134651184,6222336.0,-0.8315816521644592,32160,4051,4050,1580.926327246
1.0,0.02213541604578495,0.08264479041099548,0.9822718501091003,27.37044334411621,37.67301559448242,1746196232.1672435,1.9809422492980957,1.41796875,0.708984375,6269952.0,-0.5991698503494263,32408,4082,4081,1592.68554102
1.0,0.02213541604578495,0.06819754838943481,0.9822718501091003,26.72786521911621,37.67301559448242,1746196235.9555948,1.9809422492980957,1.3958333730697632,0.6979166865348816,6285312.0,-0.6919103860855103,32488,4092,4091,1596.4737643
1.0,0.021484375,0.07881702482700348,0.9822718501091003,28.04817771911621,37.67301559448242,1746196236.7070098,1.9809422492980957,1.4153646230697632,0.7076823115348816,6288384.0,-0.7513803243637085,32504,4094,4093,1597.225216853
1.0,0.02278645895421505,0.10644491016864777,0.9822718501091003,27.47265625,37.67301559448242,1746196239.3583539,1.9809422492980957,1.4002344608306885,0.6842448115348816,6299136.0,-0.8347011804580688,32560,4101,4100,1599.876675883
1.0,0.02278645895421505,0.08178416639566422,0.9822718501091003,27.34830665588379,37.67301559448242,1746196240.8638558,1.9809422492980957,1.4127603769302368,0.7063801884651184,6305280.0,-0.8425741195678711,32592,4105,4104,1601.382073322
1.0,0.02278645895421505,0.08734481781721115,0.9822718501091003,27.083984375,37.67301559448242,1746196241.615121,1.9809422492980957,1.3841146230697632,0.6920573115348816,6308352.0,-0.8619091510772705,32608,4107,4106,1602.13334178
1.0,0.021484375,0.08059252798557281,0.9822718501091003,28.357421875,37.67301559448242,1746196248.0239887,1.9809422492980957,1.3685221672058105,0.6764323115348816,6334464.0,-0.9922863841056824,32744,4124,4123,1608.542210311
1.0,0.02278645895421505,0.08365568518638611,0.9822718501091003,27.09440040588379,37.67301559448242,1746196253.6748524,1.9809422492980957,1.4114583730697632,0.7057291865348816,6357504.0,-0.9359004497528076,32864,4139,4138,1614.193064569
1.0,0.02213541604578495,0.09885478764772415,0.9822718501091003,27.05794334411621,37.67301559448242,1746196265.042513,1.9809422492980957,1.3609668016433716,0.6686198115348816,6403584.0,-0.8178851008415222,33104,4169,4168,1625.560733341
1.0,0.02278645895421505,0.09475921094417572,0.9822718501091003,26.65559959411621,37.67301559448242,1746196266.1983466,1.9809422492980957,1.4244791269302368,0.7122395634651184,6408192.0,-0.9225137233734131,33128,4172,4171,1626.716546683
1.0,0.0234375,0.0876244455575943,0.9822718501091003,26.63020896911621,37.67301559448242,1746196266.9494975,1.9809422492980957,1.4088541269302368,0.7044270634651184,6411264.0,-0.8920993804931641,33144,4174,4173,1627.467677804
1.0,0.0234375,0.08962911367416382,0.9822718501091003,27.33463478088379,37.67301559448242,1746196269.5788865,1.9809422492980957,1.4260481595993042,0.7018229365348816,6422016.0,-0.8749187588691711,33200,4181,4180,1630.097125693
1.0,0.0234375,0.09390855580568314,0.9822718501091003,27.33268165588379,37.67301559448242,1746196270.7147412,1.9809422492980957,1.4355370998382568,0.716796875,6426624.0,-1.0174221992492676,33224,4184,4183,1631.232992304
1.0,0.02018229104578495,0.09883888065814972,0.9822718501091003,28.21484375,37.67301559448242,1746196274.159368,1.9809422492980957,1.3267481327056885,0.638671875,6440448.0,-1.046433448791504,33296,4193,4192,1634.67777675
1.0,0.021484375,0.07524124532938004,0.9926124811172485,27.73567771911621,38.94291305541992,1746196287.100807,1.9916754961013794,1.3932291269302368,0.6966145634651184,6492672.0,-1.0663173198699951,33568,4227,4226,1647.619040471
1.0,0.02278645895421505,0.07436810433864594,0.9926124811172485,28.361328125,38.94291305541992,1746196288.617244,1.9916754961013794,1.4119987487792969,0.7057291865348816,6498816.0,-1.09798264503479,33600,4231,4230,1649.135450213
1.0,0.02213541604578495,0.08752750605344772,0.9926124811172485,27.89974021911621,38.94291305541992,1746196290.4987297,1.9916754961013794,1.3789126873016357,0.6790364384651184,6506496.0,-1.0214643478393555,33640,4236,4235,1651.016958434
1.0,0.02083333395421505,0.07362526655197144,0.9926124811172485,27.62825584411621,38.94291305541992,1746196293.1575994,1.9916754961013794,1.3574706315994263,0.66796875,6517248.0,-1.0070393085479736,33696,4243,4242,1653.675911733
1.0,0.021484375,0.06962200999259949,0.9926124811172485,28.59049415588379,38.94291305541992,1746196295.029807,1.9916754961013794,1.2774022817611694,0.61328125,6524928.0,-0.9661191701889038,33736,4248,4247,1655.548025323
1.0,0.021484375,0.07115188241004944,0.9926124811172485,28.05599021911621,38.94291305541992,1746196299.5583696,1.9916754961013794,1.4166666269302368,0.7083333134651184,6543360.0,-1.110532522201538,33832,4260,4259,1660.076586274
1.0,0.02213541604578495,0.07045847177505493,0.9926124811172485,27.00260353088379,38.94291305541992,1746196312.7943509,1.9916754961013794,1.4270833730697632,0.7135416865348816,6597120.0,-0.9604523181915283,34112,4295,4294,1673.312673764
1.0,0.02213541604578495,0.06521691381931305,0.9926124811172485,28.1953125,38.94291305541992,1746196323.8198857,1.9916754961013794,1.4153646230697632,0.7076823115348816,6641664.0,-1.0044305324554443,34344,4324,4323,1684.338119214
1.0,0.02213541604578495,0.04713098332285881,0.9926124811172485,27.94010353088379,38.94291305541992,1746196328.328631,1.9916754961013794,1.3984375,0.69921875,6660096.0,-0.9520218372344971,34440,4336,4335,1688.846878349
1.0,0.021484375,0.048998843878507614,0.9926124811172485,28.23567771911621,38.94291305541992,1746196330.237379,1.9916754961013794,1.3580727577209473,0.6790364384651184,6667776.0,-0.9311913251876831,34480,4341,4340,1690.755590153
1.0,0.0234375,0.039412789046764374,0.9926124811172485,26.58072853088379,38.94291305541992,1746196330.6131282,1.9916754961013794,1.3932291269302368,0.6966145634651184,6669312.0,-0.9729901552200317,34488,4342,4341,1691.131342606
1.0,0.02278645895421505,0.052440568804740906,0.9926124811172485,27.826171875,38.94291305541992,1746196330.9887795,1.9916754961013794,1.3695963621139526,0.662109375,6670848.0,-0.962791919708252,34496,4343,4342,1691.507001172
1.0,0.02278645895421505,0.05056019872426987,0.9926124811172485,26.8828125,38.94291305541992,1746196343.0998306,1.9916754961013794,1.41796875,0.708984375,6720000.0,-0.9650945663452148,34752,4375,4374,1703.618016021
1.0,0.02278645895421505,0.0738641545176506,0.9926124811172485,27.18359375,38.94291305541992,1746196343.4768336,1.9916754961013794,1.4375,0.71875,6721536.0,-0.9684396982192993,34760,4376,4375,1703.995043173
1.0,0.0234375,0.05222361162304878,0.9926124811172485,27.22200584411621,38.94291305541992,1746196344.6378825,1.9916754961013794,1.3802083730697632,0.6901041865348816,6726144.0,-1.0070445537567139,34784,4379,4378,1705.156209757
1.0,0.02278645895421505,0.05681336671113968,0.9926124811172485,27.69010353088379,38.94291305541992,1746196347.6444986,1.9916754961013794,1.3618358373641968,0.658203125,6738432.0,-1.0497000217437744,34848,4387,4386,1708.162692886
1.0,0.0234375,0.03289787098765373,0.9926124811172485,26.87434959411621,38.94291305541992,1746196353.3179774,1.9916754961013794,1.41796875,0.708984375,6761472.0,-0.9606408476829529,34968,4402,4401,1713.83618487
1.0,0.02213541604578495,0.04949461296200752,0.9926124811172485,27.751953125,38.94291305541992,1746196358.9929807,1.9916754961013794,1.4248697757720947,0.7109375,6784512.0,-1.0668907165527344,35088,4417,4416,1719.511191945
1.0,0.0234375,0.03154119476675987,0.9926124811172485,26.84765625,38.94291305541992,1746196372.2251093,1.9916754961013794,1.42578125,0.712890625,6838272.0,-0.9760301113128662,35368,4452,4451,1732.743305109
1.0,0.02278645895421505,0.042567282915115356,0.9926124811172485,27.046875,38.94291305541992,1746196376.3965015,1.9916754961013794,1.421875,0.7109375,6855168.0,-0.937401533126831,35456,4463,4462,1736.914750108
1.0,0.02278645895421505,0.03731391206383705,0.9926124811172485,26.40234375,38.94291305541992,1746196383.1897972,1.9916754961013794,1.44140625,0.720703125,6882816.0,-0.9403533339500427,35600,4481,4480,1743.708032754
1.0,0.02278645895421505,0.037785567343235016,0.9926124811172485,26.638671875,38.94291305541992,1746196385.439122,1.9916754961013794,1.4049478769302368,0.7024739384651184,6892032.0,-0.9198381900787354,35648,4487,4486,1745.957321747
1.0,0.02083333395421505,0.03071037493646145,0.9926124811172485,27.91861915588379,38.94291305541992,1746196387.7014368,1.9916754961013794,1.3325554132461548,0.64453125,6901248.0,-0.9176632761955261,35696,4493,4492,1748.219672469
1.0,0.02213541604578495,0.04215848445892334,0.9926124811172485,27.34700584411621,38.94291305541992,1746196388.465259,1.9916754961013794,1.3236165046691895,0.6360676884651184,6904320.0,-0.9265551567077637,35712,4495,4494,1748.98348097
1.0,0.02278645895421505,0.06127777323126793,0.9926124811172485,27.62825584411621,38.94291305541992,1746196389.2164285,1.9916754961013794,1.4169758558273315,0.697265625,6907392.0,-0.9626158475875854,35728,4497,4496,1749.734643261
1.0,0.021484375,0.04870351403951645,0.9926124811172485,27.54752540588379,38.94291305541992,1746196393.3566558,1.9916754961013794,1.31790030002594,0.6243489384651184,6924288.0,-0.9167438745498657,35816,4508,4507,1753.874896129
1.0,0.02278645895421505,0.04753708094358444,0.9926124811172485,27.44661521911621,38.94291305541992,1746196396.7659123,1.9916754961013794,1.3997396230697632,0.6998698115348816,6938112.0,-0.8688409328460693,35888,4517,4516,1757.284127106
1.0,0.0234375,0.03217248618602753,0.9926124811172485,27.72135353088379,38.94291305541992,1746196402.4111829,1.9916754961013794,1.4361978769302368,0.7180989384651184,6961152.0,-0.8932095766067505,36008,4532,4531,1762.929380593
1.0,0.021484375,0.03518786281347275,0.9926124811172485,28.45638084411621,38.94291305541992,1746196405.4500387,1.9916754961013794,1.37932288646698,0.6809895634651184,6973440.0,-0.8923507332801819,36072,4540,4539,1765.968381852
1.0,0.02213541604578495,0.05442486330866814,0.9926124811172485,26.73372459411621,38.94291305541992,1746196407.7445328,1.9916754961013794,1.3719921112060547,0.671875,6982656.0,-0.9664881825447083,36120,4546,4545,1768.263054613
1.0,0.021484375,0.055515553802251816,0.9790576100349426,28.17708396911621,36.73756408691406,1746196415.822185,1.9774738550186157,1.3815103769302368,0.6907551884651184,7014912.0,-0.8424736261367798,36288,4567,4566,1776.340412486
1.0,0.0234375,0.04279545694589615,0.9790576100349426,26.46549415588379,36.73756408691406,1746196418.8463519,1.9774738550186157,1.385400414466858,0.6796875,7027200.0,-0.8619818687438965,36352,4575,4574,1779.364540681
1.0,0.02278645895421505,0.056050024926662445,0.9790576100349426,27.48828125,36.73756408691406,1746196419.977146,1.9774738550186157,1.3656346797943115,0.6673176884651184,7031808.0,-0.9659171104431152,36376,4578,4577,1780.495320991
1.0,0.02278645895421505,0.036890096962451935,0.9790576100349426,27.64518165588379,36.73756408691406,1746196423.3877313,1.9774738550186157,1.35330069065094,0.6549479365348816,7045632.0,-0.8397121429443359,36448,4587,4586,1783.9059289
1.0,0.02213541604578495,0.04412286728620529,0.9790576100349426,26.98046875,36.73756408691406,1746196424.51555,1.9774738550186157,1.3882681131362915,0.6725260615348816,7050240.0,-0.8602024912834167,36472,4590,4589,1785.033750022
1.0,0.0234375,0.06738656759262085,0.9790576100349426,27.88932228088379,36.73756408691406,1746196427.9258096,1.9774738550186157,1.3242316246032715,0.638671875,7064064.0,-0.9471229910850525,36544,4599,4598,1788.444020888
1.0,0.0234375,0.04178202152252197,0.9790576100349426,27.26302146911621,36.73756408691406,1746196428.6801574,1.9774738550186157,1.3919271230697632,0.6959635615348816,7067136.0,-0.8288724422454834,36560,4601,4600,1789.198355736
1.0,0.02278645895421505,0.0555010586977005,0.9790576100349426,27.37434959411621,36.73756408691406,1746196436.6249151,1.9774738550186157,1.40869140625,0.6946614384651184,7099392.0,-0.7476492524147034,36728,4622,4621,1797.143250646
1.0,0.02083333395421505,0.07319769263267517,0.9790576100349426,28.22916603088379,36.73756408691406,1746196439.2544734,1.9774738550186157,1.299013614654541,0.615234375,7110144.0,-0.7705386877059937,36784,4629,4628,1799.772988204
1.0,0.0234375,0.07355324923992157,0.9790576100349426,27.04752540588379,36.73756408691406,1746196447.561405,1.9774738550186157,1.4127603769302368,0.7063801884651184,7143936.0,-0.6914863586425781,36960,4651,4650,1808.079720421
1.0,0.021484375,0.05084297060966492,0.9790576100349426,26.140625,36.73756408691406,1746196448.6906304,1.9774738550186157,1.3577474355697632,0.6686198115348816,7148544.0,-0.6049073934555054,36984,4654,4653,1809.209074359
1.0,0.02213541604578495,0.05540481209754944,0.9790576100349426,27.99349021911621,36.73756408691406,1746196457.3381767,1.9774738550186157,1.3524770736694336,0.6484375,7183872.0,-0.7168203592300415,37168,4677,4676,1817.856866027
1.0,0.02083333395421505,0.0606146976351738,0.9790576100349426,27.916015625,36.73756408691406,1746196467.918365,1.9774738550186157,1.318750023841858,0.6354166865348816,7226880.0,-0.6123085021972656,37392,4705,4704,1828.436928436
1.0,0.02018229104578495,0.053301457315683365,0.9790576100349426,28.62109375,36.73756408691406,1746196488.6689787,1.9774738550186157,1.4153646230697632,0.7076823115348816,7311360.0,-0.5605944991111755,37832,4760,4759,1849.187471782
1.0,0.021484375,0.06908788532018661,0.9790576100349426,27.19075584411621,36.73756408691406,1746196491.296404,1.9774738550186157,1.3455793857574463,0.6608073115348816,7322112.0,-0.5764926671981812,37888,4767,4766,1851.814946988
1.0,0.0234375,0.0712679922580719,0.9790576100349426,26.98372459411621,36.73756408691406,1746196492.0493236,1.9774738550186157,1.362158179283142,0.6614583134651184,7325184.0,-0.5283774137496948,37904,4769,4768,1852.56781029
1.0,0.02213541604578495,0.0702945664525032,0.9790576100349426,27.83528709411621,36.73756408691406,1746196492.801757,1.9774738550186157,1.4244791269302368,0.7122395634651184,7328256.0,-0.5886402130126953,37920,4771,4770,1853.320243685
1.0,0.021484375,0.051964886486530304,0.9790576100349426,27.54622459411621,36.73756408691406,1746196495.432536,1.9774738550186157,1.41015625,0.705078125,7339008.0,-0.47903549671173096,37976,4778,4777,1855.951008533
1.0,0.0234375,0.06612344086170197,0.9790576100349426,27.02864646911621,36.73756408691406,1746196501.4645066,1.9774738550186157,1.421875,0.7109375,7363584.0,-0.7423880100250244,38104,4794,4793,1861.9829814
1.0,0.02278645895421505,0.04564906656742096,0.9790576100349426,26.88802146911621,36.73756408691406,1746196512.416771,1.9774738550186157,1.4270833730697632,0.7135416865348816,7408128.0,-0.5631612539291382,38336,4823,4822,1872.935270458
1.0,0.0234375,0.04681479558348656,0.9790576100349426,27.49153709411621,36.73756408691406,1746196515.028969,1.9774738550186157,1.44140625,0.720703125,7418880.0,-0.45739972591400146,38392,4830,4829,1875.547397602
1.0,0.02278645895421505,0.05223890021443367,0.9790576100349426,27.34375,36.73756408691406,1746196518.7642963,1.9774738550186157,1.4479166269302368,0.7239583134651184,7434240.0,-0.5185897946357727,38472,4840,4839,1879.282578131
1.0,0.02213541604578495,0.06531388312578201,0.9790576100349426,27.98177146911621,36.73756408691406,1746196522.1534307,1.9774738550186157,1.4168782234191895,0.6998698115348816,7448064.0,-0.5132312774658203,38544,4849,4848,1882.671627204
1.0,0.0234375,0.03883589804172516,0.9790576100349426,27.08724021911621,36.73756408691406,1746196524.7823405,1.9774738550186157,1.3950846195220947,0.6842448115348816,7458816.0,-0.45566657185554504,38600,4856,4855,1885.300552884
1.0,0.02278645895421505,0.043236345052719116,0.9790576100349426,27.21614646911621,36.73756408691406,1746196526.3096852,1.9774738550186157,1.4326822757720947,0.7122395634651184,7464960.0,-0.45094040036201477,38632,4860,4859,1886.827876668
1.0,0.021484375,0.041738905012607574,0.9790576100349426,27.490234375,36.73756408691406,1746196528.1873991,1.9774738550186157,1.375585913658142,0.6770833134651184,7472640.0,-0.4536570906639099,38672,4865,4864,1888.70559965
1.0,0.02278645895421505,0.039647601544857025,0.9790576100349426,27.05208396911621,36.73756408691406,1746196529.6893938,1.9774738550186157,1.4049478769302368,0.7024739384651184,7478784.0,-0.5099966526031494,38704,4869,4868,1890.207603763
1.0,0.021484375,0.05678003281354904,0.9790576100349426,27.74088478088379,36.73756408691406,1746196531.199236,1.9774738550186157,1.301884651184082,0.6321614384651184,7484928.0,-0.5830793380737305,38736,4873,4872,1891.717484073
1.0,0.02083333395421505,0.042307592928409576,0.9790576100349426,28.62044334411621,36.73756408691406,1746196531.5748987,1.9774738550186157,1.266861915588379,0.6048176884651184,7486464.0,-0.5404155850410461,38744,4874,4873,1892.093108064
1.0,0.02278645895421505,0.03458605706691742,0.990151047706604,27.21549415588379,37.33683395385742,1746196533.1588953,1.9896092414855957,1.3935481309890747,0.6842448115348816,7492608.0,-0.4336870610713959,38776,4878,4877,1893.67710262
1.0,0.0234375,0.04912972450256348,0.990151047706604,26.966796875,37.33683395385742,1746196537.661332,1.9896092414855957,1.4270833730697632,0.7135416865348816,7511040.0,-0.4944062829017639,38872,4890,4889,1898.179518205
1.0,0.02213541604578495,0.046897172927856445,0.990151047706604,27.06640625,37.33683395385742,1746196538.7908955,1.9896092414855957,1.337857961654663,0.6458333134651184,7515648.0,-0.44432365894317627,38896,4893,4892,1899.309115048
1.0,0.02083333395421505,0.04581952095031738,0.990151047706604,28.02734375,37.33683395385742,1746196545.1777284,1.9896092414855957,1.40234375,0.701171875,7541760.0,-0.4599931240081787,39032,4910,4909,1905.695886501
1.0,0.02018229104578495,0.04063808172941208,0.990151047706604,28.05143165588379,37.33683395385742,1746196553.4721658,1.9896092414855957,1.3567708730697632,0.6783854365348816,7575552.0,-0.5545119643211365,39208,4932,4931,1913.990350286
1.0,0.02213541604578495,0.04241078346967697,0.990151047706604,27.45703125,37.33683395385742,1746196554.2236176,1.9896092414855957,1.352685570716858,0.65234375,7578624.0,-0.5433242917060852,39224,4934,4933,1914.741811829
1.0,0.0234375,0.06037489324808121,0.990151047706604,26.83333396911621,37.33683395385742,1746196563.621829,1.9896092414855957,1.39467453956604,0.6848958134651184,7617024.0,-0.5728206634521484,39424,4959,4958,1924.140043568
1.0,0.02213541604578495,0.056099846959114075,0.990151047706604,26.75,37.33683395385742,1746196576.7957187,1.9896092414855957,1.4088541269302368,0.7044270634651184,7670784.0,-0.5171300768852234,39704,4994,4993,1937.313903138
1.0,0.02278645895421505,0.04943064600229263,0.990151047706604,28.15950584411621,37.33683395385742,1746196583.9376638,1.9896092414855957,1.4147623777389526,0.6966145634651184,7699968.0,-0.407623827457428,39856,5013,5012,1944.455824699
1.0,0.02278645895421505,0.042960599064826965,0.990151047706604,27.43294334411621,37.33683395385742,1746196588.8203595,1.9896092414855957,1.40625,0.703125,7719936.0,-0.3394896984100342,39960,5026,5025,1949.338545735
1.0,0.02213541604578495,0.04484837129712105,0.990151047706604,27.765625,37.33683395385742,1746196592.2066724,1.9896092414855957,1.3918391466140747,0.6861979365348816,7733760.0,-0.46502378582954407,40032,5035,5034,1952.724856574
1.0,0.0234375,0.04306928068399429,0.990151047706604,27.07421875,37.33683395385742,1746196593.708508,1.9896092414855957,1.416953206062317,0.7063801884651184,7739904.0,-0.45674896240234375,40064,5039,5038,1954.226705768
1.0,0.02213541604578495,0.07193416357040405,0.990151047706604,27.97330665588379,37.33683395385742,1746196594.4640412,1.9896092414855957,1.4124706983566284,0.697265625,7742976.0,-0.4147496521472931,40080,5041,5040,1954.982288784
1.0,0.02278645895421505,0.05359422415494919,0.990151047706604,27.2109375,37.33683395385742,1746196595.9664063,1.9896092414855957,1.3971353769302368,0.6985676884651184,7749120.0,-0.33717596530914307,40112,5045,5044,1956.484583083
1.0,0.02278645895421505,0.03895367309451103,0.990151047706604,27.03450584411621,37.33683395385742,1746196604.9973052,1.9896092414855957,1.4427083730697632,0.7213541865348816,7785984.0,-0.4422111511230469,40304,5069,5068,1965.515595339
1.0,0.0234375,0.04880566522479057,0.990151047706604,26.642578125,37.33683395385742,1746196616.2652516,1.9896092414855957,1.4114583730697632,0.7057291865348816,7832064.0,-0.3814138174057007,40544,5099,5098,1976.783450532
1.0,0.02278645895421505,0.04289906471967697,0.990151047706604,27.9609375,37.33683395385742,1746196618.8943877,1.9896092414855957,1.416790246963501,0.6953125,7842816.0,-0.35994499921798706,40600,5106,5105,1979.412582774
1.0,0.02278645895421505,0.04309487342834473,0.990151047706604,27.03515625,37.33683395385742,1746196620.777746,1.9896092414855957,1.3989713191986084,0.69140625,7850496.0,-0.39187896251678467,40640,5111,5110,1981.295925442
1.0,0.02278645895421505,0.05986718833446503,0.990151047706604,27.86979103088379,37.33683395385742,1746196627.9144084,1.9896092414855957,1.349381446838379,0.6549479365348816,7879680.0,-0.5032864809036255,40792,5130,5129,1988.432608738
1.0,0.021484375,0.05481300130486488,0.990151047706604,28.20247459411621,37.33683395385742,1746196631.672054,1.9896092414855957,1.3359375,0.66796875,7895040.0,-0.37576138973236084,40872,5140,5139,1992.190245809
1.0,0.021484375,0.04160746932029724,0.990151047706604,28.20703125,37.33683395385742,1746196635.4342384,1.9896092414855957,1.3832128047943115,0.681640625,7910400.0,-0.4088265597820282,40952,5150,5149,1995.952432279
1.0,0.021484375,0.05016682296991348,0.990151047706604,27.45768165588379,37.33683395385742,1746196639.9454427,1.9896092414855957,1.3176822662353516,0.6334635615348816,7928832.0,-0.42951497435569763,41048,5162,5161,2000.463617947
1.0,0.02083333395421505,0.04415103793144226,0.990151047706604,28.177734375,37.33683395385742,1746196642.9759989,1.9896092414855957,1.291630744934082,0.6256510615348816,7941120.0,-0.4499603807926178,41112,5170,5169,2003.494194763
1.0,0.02213541604578495,0.04791518300771713,0.9840319752693176,28.17122459411621,38.435794830322266,1746196655.496851,1.9821487665176392,1.3984375,0.69921875,7991808.0,-0.6392837762832642,41376,5203,5202,2016.015022125
1.0,0.02213541604578495,0.04314505681395531,0.9840319752693176,27.70963478088379,38.435794830322266,1746196660.3786993,1.9821487665176392,1.3384374380111694,0.638671875,8011776.0,-0.51610267162323,41480,5216,5215,2020.896887976
1.0,0.0234375,0.05649489164352417,0.9840319752693176,27.83268165588379,38.435794830322266,1746196666.3845983,1.9821487665176392,1.393424391746521,0.685546875,8036352.0,-0.4915516972541809,41608,5232,5231,2026.902779998
1.0,0.021484375,0.06590530276298523,0.9840319752693176,27.80013084411621,38.435794830322266,1746196674.652068,1.9821487665176392,1.2995147705078125,0.6145833134651184,8070144.0,-0.4415082335472107,41784,5254,5253,2035.170271361
1.0,0.02213541604578495,0.04815177991986275,0.9840319752693176,28.01692771911621,38.435794830322266,1746196681.4205284,1.9821487665176392,1.4075521230697632,0.7037760615348816,8097792.0,-0.5292888879776001,41928,5272,5271,2041.938689862
1.0,0.02213541604578495,0.050827506929636,0.9840319752693176,27.662109375,38.435794830322266,1746196689.7098885,1.9821487665176392,1.3499088287353516,0.6614583134651184,8131584.0,-0.40244072675704956,42104,5294,5293,2050.228072318
1.0,0.02213541604578495,0.07201378047466278,0.9840319752693176,27.75455665588379,38.435794830322266,1746196710.3778636,1.9821487665176392,1.3932291269302368,0.6966145634651184,8216064.0,-0.5099895000457764,42544,5349,5348,2070.896054159
1.0,0.021484375,0.0776599794626236,0.9840319752693176,28.083984375,38.435794830322266,1746196712.2561374,1.9821487665176392,1.3006118535995483,0.6178385615348816,8223744.0,-0.4685356616973877,42584,5354,5353,2072.77432987
1.0,0.021484375,0.05546689033508301,0.9840319752693176,27.16536521911621,38.435794830322266,1746196713.377346,1.9821487665176392,1.3148046731948853,0.6412760615348816,8228352.0,-0.497784286737442,42608,5357,5356,2073.895592243
1.0,0.02278645895421505,0.05695328116416931,0.9840319752693176,27.9296875,38.435794830322266,1746196716.760027,1.9821487665176392,1.4059959650039673,0.6946614384651184,8242176.0,-0.4396941065788269,42680,5366,5365,2077.278262764
1.0,0.02278645895421505,0.03968040272593498,0.9840319752693176,27.865234375,38.435794830322266,1746196720.1491432,1.9821487665176392,1.4230729341506958,0.7005208134651184,8256000.0,-0.4535652995109558,42752,5375,5374,2080.66732404
1.0,0.02213541604578495,0.08039239048957825,0.9840319752693176,27.77278709411621,38.435794830322266,1746196723.555384,1.9821487665176392,1.3694854974746704,0.6783854365348816,8269824.0,-0.5304622054100037,42824,5384,5383,2084.073564555
1.0,0.02278645895421505,0.05731034278869629,0.9840319752693176,27.70442771911621,38.435794830322266,1746196727.6879544,1.9821487665176392,1.36850905418396,0.6731770634651184,8286720.0,-0.5579420328140259,42912,5395,5394,2088.206178965
1.0,0.02278645895421505,0.05607753247022629,0.9840319752693176,27.73893165588379,38.435794830322266,1746196732.574265,1.9821487665176392,1.3686425685882568,0.6588541865348816,8306688.0,-0.4976101219654083,43016,5408,5407,2093.092535252
1.0,0.02213541604578495,0.06167395040392876,0.9840319752693176,27.765625,38.435794830322266,1746196741.2225509,1.9821487665176392,1.405371069908142,0.6998698115348816,8342016.0,-0.5032476186752319,43200,5431,5430,2101.74073632
1.0,0.021484375,0.07208038121461868,0.9840319752693176,28.490234375,38.435794830322266,1746196762.6368191,1.9821487665176392,1.3579589128494263,0.6653645634651184,8429568.0,-0.5868198275566101,43656,5488,5487,2123.155017145
1.0,0.02213541604578495,0.07459300756454468,0.9867987036705017,27.68424415588379,37.379539489746094,1746196778.5087175,1.9856268167495728,1.4001270532608032,0.69140625,8494080.0,-0.5860869884490967,43992,5530,5529,2139.026906076
1.0,0.02213541604578495,0.08119703829288483,0.9867987036705017,27.22135353088379,37.379539489746094,1746196778.8849404,1.9856268167495728,1.397291660308838,0.6901041865348816,8495616.0,-0.6164710521697998,44000,5531,5530,2139.403143839
1.0,0.02278645895421505,0.06460122764110565,0.9867987036705017,27.154296875,37.379539489746094,1746196782.6446047,1.9856268167495728,1.4322916269302368,0.7161458134651184,8510976.0,-0.5910258293151855,44080,5541,5540,2143.162762166
1.0,0.021484375,0.05134502425789833,0.9867987036705017,28.326171875,37.379539489746094,1746196787.9047773,1.9856268167495728,1.35139000415802,0.6569010615348816,8532480.0,-0.5522176027297974,44192,5555,5554,2148.422943167
1.0,0.02278645895421505,0.05999021232128143,0.9867987036705017,27.23502540588379,37.379539489746094,1746196807.8377764,1.9856268167495728,1.4127603769302368,0.7063801884651184,8613888.0,-0.5754404067993164,44616,5608,5607,2168.355949736
1.0,0.02213541604578495,0.06898477673530579,0.9867987036705017,27.44400978088379,37.379539489746094,1746196824.778882,1.9856268167495728,1.4150716066360474,0.705078125,8683008.0,-0.6129288673400879,44976,5653,5652,2185.297070479
1.0,0.02278645895421505,0.07241912186145782,0.9867987036705017,27.525390625,37.379539489746094,1746196825.1544378,1.9856268167495728,1.42578125,0.712890625,8684544.0,-0.6381188035011292,44984,5654,5653,2185.672625209
1.0,0.02213541604578495,0.07788333296775818,0.9867987036705017,27.287109375,37.379539489746094,1746196826.284675,1.9856268167495728,1.4453125,0.72265625,8689152.0,-0.5799481868743896,45008,5657,5656,2186.802886517
1.0,0.02278645895421505,0.055977486073970795,0.9867987036705017,27.76106834411621,37.379539489746094,1746196833.421341,1.9856268167495728,1.421875,0.7109375,8718336.0,-0.46166086196899414,45160,5676,5675,2193.939522493
1.0,0.02278645895421505,0.06629960238933563,0.9867987036705017,27.39322853088379,37.379539489746094,1746196834.547738,1.9856268167495728,1.3190494775772095,0.6380208134651184,8722944.0,-0.5243330597877502,45184,5679,5678,2195.065902491
1.0,0.02278645895421505,0.07347995042800903,0.9867987036705017,26.56380271911621,37.379539489746094,1746196838.6783257,1.9856268167495728,1.4296875,0.71484375,8739840.0,-0.5162122249603271,45272,5690,5689,2199.196573092
1.0,0.0234375,0.050640422850847244,0.9867987036705017,27.46419334411621,37.379539489746094,1746196860.5017917,1.9856268167495728,1.3112694025039673,0.6184895634651184,8828928.0,-0.41165703535079956,45736,5748,5747,2221.020025797
1.0,0.02278645895421505,0.04395348206162453,0.9867987036705017,26.33463478088379,37.379539489746094,1746196863.1305459,1.9856268167495728,1.3762565851211548,0.6790364384651184,8839680.0,-0.4616989493370056,45792,5755,5754,2223.648723019
1.0,0.02213541604578495,0.05255553126335144,0.9867987036705017,27.08463478088379,37.379539489746094,1746196865.760308,1.9856268167495728,1.404996633529663,0.6907551884651184,8850432.0,-0.5137094855308533,45848,5762,5761,2226.278500195
1.0,0.0234375,0.0320369116961956,0.9867987036705017,26.798828125,37.379539489746094,1746196872.5335588,1.9856268167495728,1.4000812768936157,0.6901041865348816,8878080.0,-0.32568269968032837,45992,5780,5779,2233.051740087
1.0,0.0234375,0.037850767374038696,0.9867987036705017,27.41145896911621,37.379539489746094,1746196874.781583,1.9856268167495728,1.4283853769302368,0.7141926884651184,8887296.0,-0.4107949435710907,46040,5786,5785,2235.299763782
1.0,0.02278645895421505,0.04116493836045265,0.9867987036705017,26.67903709411621,37.379539489746094,1746196884.1669848,1.9856268167495728,1.3597720861434937,0.6673176884651184,8925696.0,-0.5461906790733337,46240,5811,5810,2244.685205706
1.0,0.0234375,0.05790473148226738,0.9867987036705017,27.25911521911621,37.379539489746094,1746196890.9488497,1.9856268167495728,1.4661458730697632,0.7330729365348816,8953344.0,-0.4026568531990051,46384,5829,5828,2251.467037792
1.0,0.02213541604578495,0.03742174431681633,0.9867987036705017,26.884765625,37.379539489746094,1746196892.8281615,1.9856268167495728,1.3750585317611694,0.677734375,8961024.0,-0.3790181279182434,46424,5834,5833,2253.346398045
1.0,0.02213541604578495,0.04143573343753815,0.9867987036705017,26.53125,37.379539489746094,1746196896.5840108,1.9856268167495728,1.3935351371765137,0.6861979365348816,8976384.0,-0.4604870080947876,46504,5844,5843,2257.102189921
1.0,0.02278645895421505,0.034671276807785034,0.9854785799980164,26.97330665588379,36.87854766845703,1746196901.16926,1.9842804670333862,1.4076008796691895,0.6920573115348816,8994816.0,-0.4935511648654938,46600,5856,5855,2261.687425584
1.0,0.02213541604578495,0.048612117767333984,0.9854785799980164,27.0546875,36.87854766845703,1746196919.2018054,1.9842804670333862,1.4153093099594116,0.7057291865348816,9068544.0,-0.40715473890304565,46984,5904,5903,2279.720002468
1.0,0.02278645895421505,0.04791146516799927,0.9854785799980164,28.13802146911621,36.87854766845703,1746196925.9662266,1.9842804670333862,1.3383755683898926,0.646484375,9096192.0,-0.45897480845451355,47128,5922,5921,2286.484390769
1.0,0.0234375,0.05792444199323654,0.9854785799980164,26.87109375,36.87854766845703,1746196931.9959188,1.9842804670333862,1.4466146230697632,0.7233073115348816,9120768.0,-0.4223705530166626,47256,5938,5937,2292.514094585
1.0,0.0234375,0.04813686013221741,0.9854785799980164,27.47395896911621,36.87854766845703,1746196936.1249824,1.9842804670333862,1.4119011163711548,0.6953125,9137664.0,-0.4091282784938812,47344,5949,5948,2296.643160695
1.0,0.0234375,0.05872700735926628,0.9854785799980164,26.37565040588379,36.87854766845703,1746196955.6561236,1.9842804670333862,1.44140625,0.720703125,9217536.0,-0.4978601038455963,47760,6001,6000,2316.174302597
1.0,0.0234375,0.05504917353391647,0.9854785799980164,26.77213478088379,36.87854766845703,1746196956.031838,1.9842804670333862,1.43359375,0.716796875,9219072.0,-0.485964298248291,47768,6002,6001,2316.550017411
1.0,0.02278645895421505,0.05376286059617996,0.9854785799980164,28.216796875,36.87854766845703,1746196956.7830691,1.9842804670333862,1.392822265625,0.6725260615348816,9222144.0,-0.4870564341545105,47784,6004,6003,2317.301247466
1.0,0.0234375,0.06380306929349899,0.9854785799980164,26.490234375,36.87854766845703,1746196959.4119728,1.9842804670333862,1.4296875,0.71484375,9232896.0,-0.5015341639518738,47840,6011,6010,2319.930182101
1.0,0.02278645895421505,0.05939508229494095,0.9854785799980164,27.376953125,36.87854766845703,1746196961.6611338,1.9842804670333862,1.37932288646698,0.6809895634651184,9242112.0,-0.5010688900947571,47888,6017,6016,2322.179306463
1.0,0.02278645895421505,0.07483591139316559,0.9854785799980164,27.111328125,36.87854766845703,1746196965.4117463,1.9842804670333862,1.3492186069488525,0.66015625,9257472.0,-0.5682722330093384,47968,6027,6026,2325.929933699
1.0,0.02213541604578495,0.058501098304986954,0.9854785799980164,26.61783790588379,36.87854766845703,1746196976.7291539,1.9842804670333862,1.37283194065094,0.6822916865348816,9303552.0,-0.46419182419776917,48208,6057,6056,2337.247326393
1.0,0.02278645895421505,0.059968091547489166,0.9854785799980164,26.47135353088379,36.87854766845703,1746196977.1060994,1.9842804670333862,1.4270833730697632,0.7135416865348816,9305088.0,-0.49964749813079834,48216,6058,6057,2337.624310217
1.0,0.02278645895421505,0.04977685585618019,0.9854785799980164,26.93424415588379,36.87854766845703,1746196977.8598914,1.9842804670333862,1.3463020324707031,0.6627604365348816,9308160.0,-0.37480220198631287,48232,6060,6059,2338.378064844
1.0,0.0234375,0.054078008979558945,0.9854785799980164,26.10611915588379,36.87854766845703,1746196984.622253,1.9842804670333862,1.423583984375,0.7063801884651184,9335808.0,-0.4187893569469452,48376,6078,6077,2345.140467199
1.0,0.0234375,0.058396413922309875,0.9854785799980164,26.68880271911621,36.87854766845703,1746196989.1301935,1.9842804670333862,1.42578125,0.712890625,9354240.0,-0.4439244866371155,48472,6090,6089,2349.648369243
1.0,0.0234375,0.032100044190883636,0.9854785799980164,26.85546875,36.87854766845703,1746196989.8810687,1.9842804670333862,1.4609375,0.73046875,9357312.0,-0.41908788681030273,48488,6092,6091,2350.399233211
1.0,0.0234375,0.04063251614570618,0.9854785799980164,26.28125,36.87854766845703,1746196997.3978498,1.9842804670333862,1.4254556894302368,0.7083333134651184,9388032.0,-0.5638777017593384,48648,6112,6111,2357.916040783
1.0,0.02278645895421505,0.03555910289287567,0.9854785799980164,27.77734375,36.87854766845703,1746197009.4253042,1.9842804670333862,1.4077214002609253,0.6920573115348816,9437184.0,-0.4087637662887573,48904,6144,6143,2369.943486314
1.0,0.0234375,0.035445015877485275,0.9854785799980164,26.56705665588379,36.87854766845703,1746197018.843147,1.9842804670333862,1.4492708444595337,0.7200520634651184,9475584.0,-0.3680677115917206,49104,6169,6168,2379.36133202
1.0,0.02213541604578495,0.038360536098480225,0.9828609228134155,27.376953125,37.0296630859375,1746197021.9339528,1.9815952777862549,1.3135969638824463,0.6243489384651184,9487872.0,-0.36604052782058716,49168,6177,6176,2382.452129719
1.0,0.0234375,0.02894546464085579,0.9828609228134155,26.63997459411621,37.0296630859375,1746197040.3383374,1.9815952777862549,1.4355664253234863,0.71484375,9563136.0,-0.29863885045051575,49560,6226,6225,2400.85654006
1.0,0.0234375,0.027126487344503403,0.9828609228134155,26.462890625,37.0296630859375,1746197040.7138565,1.9815952777862549,1.3938151597976685,0.6861979365348816,9564672.0,-0.33217379450798035,49568,6227,6226,2401.232042813
1.0,0.0234375,0.05370127037167549,0.9828609228134155,26.890625,37.0296630859375,1746197050.1120908,1.9815952777862549,1.4244791269302368,0.7122395634651184,9603072.0,-0.4618109166622162,49768,6252,6251,2410.630273824
1.0,0.02278645895421505,0.04284731298685074,0.9828609228134155,27.73697853088379,37.0296630859375,1746197051.2397132,1.9815952777862549,1.37890625,0.689453125,9607680.0,-0.4771748185157776,49792,6255,6254,2411.757890371
1.0,0.02018229104578495,0.05128497630357742,0.9828609228134155,27.88216209411621,37.0296630859375,1746197052.3626096,1.9815952777862549,1.324218511581421,0.662109375,9612288.0,-0.4309053421020508,49816,6258,6257,2412.880793822
1.0,0.02083333395421505,0.026119360700249672,0.9828609228134155,28.09505271911621,37.0296630859375,1746197053.8641858,1.9815952777862549,1.3647102117538452,0.6751301884651184,9618432.0,-0.4930887222290039,49848,6262,6261,2414.382378225
1.0,0.021484375,0.042883940041065216,0.9828609228134155,27.60416603088379,37.0296630859375,1746197058.3988724,1.9815952777862549,1.4039647579193115,0.6998698115348816,9636864.0,-0.4244043231010437,49944,6274,6273,2418.917076207
1.0,0.02213541604578495,0.031885795295238495,0.9828609228134155,27.89583396911621,37.0296630859375,1746197060.6555498,1.9815952777862549,1.3971353769302368,0.6985676884651184,9646080.0,-0.3879031538963318,49992,6280,6279,2421.173722572
1.0,0.02278645895421505,0.03336010500788689,0.9828609228134155,27.95768165588379,37.0296630859375,1746197061.7819862,1.9815952777862549,1.4309896230697632,0.7154948115348816,9650688.0,-0.38264939188957214,50016,6283,6282,2422.30016603
1.0,0.021484375,0.031766749918460846,0.9828609228134155,27.87239646911621,37.0296630859375,1746197064.412063,1.9815952777862549,1.3822981119155884,0.67578125,9661440.0,-0.37100163102149963,50072,6290,6289,2424.930311
1.0,0.02083333395421505,0.042120061814785004,0.9828609228134155,27.90364646911621,37.0296630859375,1746197074.5496082,1.9815952777862549,1.3542251586914062,0.6634114384651184,9702912.0,-0.3969945013523102,50288,6317,6316,2435.06777126
1.0,0.02278645895421505,0.0508502721786499,0.9828609228134155,27.296875,37.0296630859375,1746197076.8029354,1.9815952777862549,1.4054685831069946,0.6979166865348816,9712128.0,-0.40319833159446716,50336,6323,6322,2437.321145248
1.0,0.02278645895421505,0.06157834082841873,0.9828609228134155,27.60286521911621,37.0296630859375,1746197078.6802795,1.9815952777862549,1.4054784774780273,0.6907551884651184,9719808.0,-0.4101257622241974,50376,6328,6327,2439.198464586
1.0,0.0234375,0.05847068876028061,0.9828609228134155,27.48958396911621,37.0296630859375,1746197079.0557873,1.9815952777862549,1.3935742378234863,0.6809895634651184,9721344.0,-0.422691285610199,50384,6329,6328,2439.573949437
1.0,0.0234375,0.03442108631134033,0.9828609228134155,26.98502540588379,37.0296630859375,1746197080.558771,1.9815952777862549,1.43359375,0.716796875,9727488.0,-0.5373772382736206,50416,6333,6332,2441.076972222
1.0,0.0234375,0.044780224561691284,0.9828609228134155,27.08203125,37.0296630859375,1746197087.3281438,1.9815952777862549,1.421875,0.7109375,9755136.0,-0.47183942794799805,50560,6351,6350,2447.846354998
1.0,0.0234375,0.03317771106958389,0.9828609228134155,26.34765625,37.0296630859375,1746197087.7038956,1.9815952777862549,1.3971353769302368,0.6985676884651184,9756672.0,-0.45448946952819824,50568,6352,6351,2448.222087574
1.0,0.02278645895421505,0.033536799252033234,0.9828609228134155,26.37434959411621,37.0296630859375,1746197095.5945761,1.9815952777862549,1.3745214939117432,0.6770833134651184,9788928.0,-0.4471197724342346,50736,6373,6372,2456.11278696
1.0,0.02278645895421505,0.034099698066711426,0.9828609228134155,26.96809959411621,37.0296630859375,1746197096.3457258,1.9815952777862549,1.4103970527648926,0.693359375,9792000.0,-0.4174206852912903,50752,6375,6374,2456.863918816
1.0,0.02278645895421505,0.03396255522966385,0.9828609228134155,26.39388084411621,37.0296630859375,1746197101.631538,1.9815952777862549,1.4322916269302368,0.7161458134651184,9813504.0,-0.443534791469574,50864,6389,6388,2462.149708805
1.0,0.0234375,0.034819453954696655,0.9828609228134155,26.51953125,37.0296630859375,1746197104.6358886,1.9815952777862549,1.46484375,0.732421875,9825792.0,-0.4548327922821045,50928,6397,6396,2465.154077161
1.0,0.02213541604578495,0.05499505624175072,0.9828609228134155,26.23307228088379,37.0296630859375,1746197109.1432679,1.9815952777862549,1.3880208730697632,0.6940104365348816,9844224.0,-0.31452691555023193,51024,6409,6408,2469.661454366
1.0,0.02213541604578495,0.04733867570757866,0.9828609228134155,27.54296875,37.0296630859375,1746197112.1573799,1.9815952777862549,1.3867350816726685,0.6829426884651184,9856512.0,-0.4052475392818451,51088,6417,6416,2472.675572211
1.0,0.02278645895421505,0.03565956652164459,0.9828609228134155,27.171875,37.0296630859375,1746197122.301242,1.9815952777862549,1.4348958730697632,0.7174479365348816,9897984.0,-0.3978028893470764,51304,6444,6443,2482.819412448
1.0,0.0234375,0.03606130927801132,0.9828609228134155,27.16861915588379,37.0296630859375,1746197125.3066323,1.9815952777862549,1.404264211654663,0.6888020634651184,9910272.0,-0.5374683737754822,51368,6452,6451,2485.824799273
1.0,0.0234375,0.035644397139549255,0.9828609228134155,26.9296875,37.0296630859375,1746197126.0577595,1.9815952777862549,1.4388021230697632,0.7194010615348816,9913344.0,-0.5012709498405457,51384,6454,6453,2486.575932923
1.0,0.0234375,0.03648243471980095,0.9828609228134155,26.50065040588379,37.0296630859375,1746197133.1948025,1.9815952777862549,1.4244791269302368,0.7122395634651184,9942528.0,-0.3660672605037689,51536,6473,6472,2493.712973415
1.0,0.0234375,0.032976485788822174,0.992167055606842,26.14322853088379,36.00260925292969,1746197146.4565012,1.99152410030365,1.4361978769302368,0.7180989384651184,9996288.0,-0.3130612373352051,51816,6508,6507,2506.97468139
