test_returned_episode_lengths,loss,returned_episode_returns,grad_steps,test_returned_won_episode,_runtime,test_returned_episode_returns,returned_won_episode,_step,returned_episode,qvals,returned_episode_lengths,test_returned_episode,env_step,_timestamp,update_steps
30.49493980407715,0.0,0.11076079308986664,0,0.0,50.155176153,0.06141861155629158,0.0,28,0.015625,0.0,30.50130271911621,1.0,44544.0,1746188752.827439,29
30.49493980407715,0.0026261243037879467,0.118972048163414,112,0.0,55.830548797,0.06141861155629158,0.0,44,0.013671875,0.29052767157554626,30.79036521911621,1.0,69120.0,1746188758.5028121,45
30.49493980407715,0.0023362180218100548,0.12339702248573303,160,0.0,58.206693921,0.06141861155629158,0.0,50,0.01497395895421505,0.3252033591270447,31.22005271911621,1.0,78336.0,1746188760.8789506,51
30.49493980407715,0.004047846421599388,0.13335125148296356,192,0.0,59.790009755,0.06141861155629158,0.0,54,0.01497395895421505,0.5283443927764893,30.32942771911621,1.0,84480.0,1746188762.4622803,55
30.49493980407715,0.008291071280837059,0.12939243018627167,256,0.0,62.959175901,0.06141861155629158,0.0,62,0.014322916977107525,0.6227653622627258,31.29427146911621,1.0,96768.0,1746188765.6314173,63
30.49493980407715,0.006649765186011791,0.1380889117717743,352,0.0,67.712455248,0.06141861155629158,0.0,74,0.014322916977107525,0.7058959007263184,30.82161521911621,1.0,115200.0,1746188770.3847156,75
30.49493980407715,0.012697525322437286,0.15287983417510986,504,0.0,75.237038286,0.06141861155629158,0.0,93,0.01497395895421505,0.8055486679077148,31.05599021911621,1.0,144384.0,1746188777.90931,94
30.49493980407715,0.03200089558959007,0.138268381357193,736,0.0,86.728818477,0.06141861155629158,0.0,122,0.014322916977107525,0.9451555609703064,30.901042938232422,1.0,188928.0,1746188789.4010544,123
30.49493980407715,0.023132488131523132,0.14744910597801208,816,0.0,90.689222026,0.06141861155629158,0.0,132,0.01497395895421505,0.9763123989105225,30.57552146911621,1.0,204288.0,1746188793.3614628,133
30.49493980407715,0.01682061143219471,0.17177143692970276,840,0.0,91.8766153,0.06141861155629158,0.0,135,0.015625,0.9763654470443726,31.078125,1.0,208896.0,1746188794.54884,136
30.49493980407715,0.019217606633901596,0.1730583757162094,1032,0.0,101.386277246,0.06141861155629158,0.0,159,0.015625,0.9776857495307922,31.97395896911621,1.0,245760.0,1746188804.0585272,160
30.49493980407715,0.06981917470693588,0.16925112903118134,1216,0.0,110.494659886,0.06141861155629158,0.0,182,0.01302083395421505,0.5946089029312134,31.393230438232422,1.0,281088.0,1746188813.1669095,183
30.49493980407715,0.06807241588830948,0.17002272605895996,1248,0.0,112.078020882,0.06141861155629158,0.0,186,0.01497395895421505,0.6071327924728394,31.34375,1.0,287232.0,1746188814.7502968,187
30.49493980407715,0.06280700117349625,0.16692058742046356,1264,0.0,112.869683757,0.06141861155629158,0.0,188,0.015625,0.5987354516983032,31.561199188232422,1.0,290304.0,1746188815.5419438,189
30.49493980407715,0.08090044558048248,0.17824220657348633,1304,0.0,114.849837822,0.06141861155629158,0.0,193,0.01497395895421505,0.5514771938323975,31.041667938232422,1.0,297984.0,1746188817.52209,194
30.49493980407715,0.07113964855670929,0.15962344408035278,1320,0.0,115.641177997,0.06141861155629158,0.0,195,0.01497395895421505,0.5491174459457397,30.984375,1.0,301056.0,1746188818.313446,196
30.49493980407715,0.0645228922367096,0.18487179279327393,1336,0.0,116.432964595,0.06141861155629158,0.0,197,0.015625,0.5348666906356812,30.4296875,1.0,304128.0,1746188819.1052172,198
30.49493980407715,0.03970274329185486,0.1697230041027069,1384,0.0,118.809697103,0.06141861155629158,0.0,203,0.014322916977107525,0.6093952655792236,31.5703125,1.0,313344.0,1746188821.4818785,204
30.49493980407715,0.07393785566091537,0.2083863914012909,1824,0.0,140.601370829,0.06141861155629158,0.0,258,0.015625,0.47659826278686523,31.18489646911621,1.0,397824.0,1746188843.27365,259
30.49493980407715,0.09968015551567078,0.1428852081298828,1976,0.0,148.122736316,0.06141861155629158,0.0,277,0.01497395895421505,0.32746171951293945,30.483074188232422,1.0,427008.0,1746188850.794997,278
30.49493980407715,0.08399282395839691,0.16124875843524933,2032,0.0,150.895897695,0.06141861155629158,0.0,284,0.014322916977107525,0.3619902729988098,30.365886688232422,1.0,437760.0,1746188853.5681515,285
30.49493980407715,0.08074396103620529,0.18861278891563416,2176,0.0,158.025446825,0.06141861155629158,0.0,302,0.01497395895421505,0.5595951080322266,31.89453125,1.0,465408.0,1746188860.6977108,303
46.72413635253906,0.18435347080230713,0.15873920917510986,2392,0.0,168.816964441,0.12184768915176392,0.0,329,0.013671875,0.4113338887691498,31.076824188232422,1.0,506880.0,1746188871.4892235,330
46.72413635253906,0.21850420534610748,0.12609046697616577,2632,0.0,180.698869833,0.12184768915176392,0.0,359,0.014322916977107525,0.3614811897277832,31.5,1.0,552960.0,1746188883.3711195,360
46.72413635253906,0.4408244490623474,0.1336619108915329,2744,0.0,186.243600264,0.12184768915176392,0.0,373,0.014322916977107525,0.3399374485015869,31.15364646911621,1.0,574464.0,1746188888.9158587,374
46.72413635253906,0.453304648399353,0.13322068750858307,2760,0.0,187.035212383,0.12184768915176392,0.0,375,0.01497395895421505,0.32740551233291626,30.70833396911621,1.0,577536.0,1746188889.7074387,376
46.72413635253906,0.141678586602211,0.14387434720993042,2800,0.0,189.014527573,0.12184768915176392,0.0,380,0.014322916977107525,0.36723384261131287,31.5078125,1.0,585216.0,1746188891.6866643,381
46.72413635253906,0.16260716319084167,0.11613752692937851,3064,0.0,202.153301792,0.12184768915176392,0.0,413,0.014322916977107525,0.27815932035446167,32.059898376464844,1.0,635904.0,1746188904.825517,414
46.72413635253906,0.18061959743499756,0.0978136882185936,3072,0.0,202.549359091,0.12184768915176392,0.0,414,0.014322916977107525,0.31551074981689453,31.744792938232422,1.0,637440.0,1746188905.2216034,415
46.72413635253906,0.2128511220216751,0.09298478811979294,3144,0.0,206.113489163,0.12184768915176392,0.0,423,0.013671875,0.3824440836906433,32.028648376464844,1.0,651264.0,1746188908.7857232,424
46.72413635253906,0.19843067228794098,0.09826935827732086,3208,0.0,209.28348492,0.12184768915176392,0.0,431,0.014322916977107525,0.35402727127075195,31.756511688232422,1.0,663552.0,1746188911.9557176,432
46.72413635253906,0.20802778005599976,0.08130467683076859,3256,0.0,211.662866934,0.12184768915176392,0.0,437,0.01302083395421505,0.35708099603652954,31.81770896911621,1.0,672768.0,1746188914.3351147,438
46.72413635253906,0.18401360511779785,0.05297951027750969,3408,0.0,219.185723969,0.12184768915176392,0.0,456,0.017578125,0.36913955211639404,28.33919334411621,1.0,701952.0,1746188921.8579676,457
46.72413635253906,0.3182199001312256,0.08475631475448608,3672,0.0,232.255500279,0.12184768915176392,0.0,489,0.014322916977107525,0.2165270894765854,31.734375,1.0,752640.0,1746188934.9277623,490
46.72413635253906,0.5776926279067993,0.07454277575016022,3800,0.0,238.589147316,0.12184768915176392,0.0,505,0.013671875,0.27510228753089905,31.71484375,1.0,777216.0,1746188941.2614317,506
46.72413635253906,0.340029239654541,0.07464599609375,4040,0.0,250.47163309,0.12184768915176392,0.0,535,0.015625,0.21934208273887634,30.58333396911621,1.0,823296.0,1746188953.1438951,536
46.72413635253906,0.21539506316184998,0.08000048995018005,4088,0.0,252.850567222,0.12184768915176392,0.0,541,0.015625,0.1469995081424713,31.47265625,1.0,832512.0,1746188955.5228221,542
46.72413635253906,0.4964095950126648,0.028853684663772583,4488,0.0,272.645769335,0.12184768915176392,0.0,591,0.0240885429084301,0.12501418590545654,25.24153709411621,1.0,909312.0,1746188975.318024,592
46.72413635253906,0.2885444462299347,0.06974944472312927,4632,0.0,279.77535143,0.12184768915176392,0.0,609,0.015625,0.11770438402891159,31.5859375,1.0,936960.0,1746188982.4476185,610
46.72413635253906,0.28945839405059814,0.06780653446912766,4640,0.0,280.171231857,0.12184768915176392,0.0,610,0.01497395895421505,0.11732113361358643,31.475261688232422,1.0,938496.0,1746188982.8435035,611
46.72413635253906,0.39420247077941895,0.03140399232506752,4768,0.0,286.510416354,0.12184768915176392,0.0,626,0.02083333395421505,0.11284725368022919,27.162109375,1.0,963072.0,1746188989.1827042,627
55.11703109741211,0.344534695148468,0.07501757144927979,5008,0.0,298.487378664,0.05155288428068161,0.0,656,0.012369791977107525,-0.0023259916342794895,30.779949188232422,1.0,1009152.0,1746189001.1596289,657
55.11703109741211,0.29149749875068665,0.05143805593252182,5048,0.0,300.475867466,0.05155288428068161,0.0,661,0.013671875,0.02088102512061596,31.12239646911621,1.0,1016832.0,1746189003.148126,662
55.11703109741211,0.5359636545181274,0.05617928504943848,5328,0.0,314.337106186,0.05155288428068161,0.0,696,0.01302083395421505,-0.05430060625076294,30.51953125,1.0,1070592.0,1746189017.0093746,697
55.11703109741211,0.3527950644493103,0.09235653281211853,5480,0.0,321.863115842,0.05155288428068161,0.0,715,0.015625,-0.08581167459487915,31.8984375,1.0,1099776.0,1746189024.535385,716
55.11703109741211,0.3324750065803528,0.07704927772283554,5520,0.0,323.8422702,0.05155288428068161,0.0,720,0.01497395895421505,-0.05254592373967171,31.81640625,1.0,1107456.0,1746189026.5145245,721
55.11703109741211,0.3543142080307007,0.12312000244855881,5576,0.0,326.615099008,0.05155288428068161,0.0,727,0.015625,-0.05616910010576248,30.108074188232422,1.0,1118208.0,1746189029.2873893,728
55.11703109741211,0.21760255098342896,0.13721957802772522,5624,0.0,328.990166395,0.05155288428068161,0.0,733,0.015625,-0.055492911487817764,31.98958396911621,1.0,1127424.0,1746189031.6624305,734
55.11703109741211,0.35534560680389404,0.12982645630836487,5736,0.0,334.533804986,0.05155288428068161,0.0,747,0.015625,-0.02676420845091343,31.79036521911621,1.0,1148928.0,1746189037.2060678,748
55.11703109741211,0.22000017762184143,0.14676985144615173,5856,0.0,340.481902611,0.05155288428068161,0.0,762,0.013671875,-0.08654965460300446,31.14453125,1.0,1171968.0,1746189043.1541643,763
55.11703109741211,0.27171969413757324,0.12415715306997299,5952,0.0,345.235758324,0.05155288428068161,0.0,774,0.015625,-0.1278332769870758,31.2265625,1.0,1190400.0,1746189047.908023,775
55.11703109741211,0.21985532343387604,0.1388418972492218,6072,0.0,351.181329236,0.05155288428068161,0.0,789,0.015625,-0.13667020201683044,32.28125,1.0,1213440.0,1746189053.8535721,790
55.11703109741211,0.1405298411846161,0.11332425475120544,6152,0.0,355.144196654,0.05155288428068161,0.0,799,0.01497395895421505,-0.08977865427732468,30.627605438232422,1.0,1228800.0,1746189057.8164608,800
55.11703109741211,0.13926173746585846,0.1586618721485138,6368,0.0,365.837619547,0.05155288428068161,0.0,826,0.014322916977107525,-0.08530756831169128,31.885417938232422,1.0,1270272.0,1746189068.5098653,827
55.11703109741211,0.1244175061583519,0.10049901902675629,6416,0.0,368.213955841,0.05155288428068161,0.0,832,0.013671875,-0.10659059137105942,32.08984375,1.0,1279488.0,1746189070.8862119,833
55.11703109741211,0.10220751166343689,0.15307846665382385,6520,0.0,373.39607061,0.05155288428068161,0.0,845,0.013671875,-0.10920965671539307,31.77734375,1.0,1299456.0,1746189076.0683248,846
55.11703109741211,0.10327769815921783,0.15778827667236328,6584,0.0,376.564549411,0.05155288428068161,0.0,853,0.01497395895421505,-0.10806609690189362,31.01302146911621,1.0,1311744.0,1746189079.2368145,854
55.11703109741211,0.10339713096618652,0.1639663726091385,6608,0.0,377.752519526,0.05155288428068161,0.0,856,0.013671875,-0.10147836804389954,32.23046875,1.0,1316352.0,1746189080.4247983,857
55.11703109741211,0.10277767479419708,0.15555846691131592,6784,0.0,386.469334547,0.05155288428068161,0.0,878,0.01302083395421505,-0.08221374452114105,30.64583396911621,1.0,1350144.0,1746189089.141582,879
55.11703109741211,0.09107799828052521,0.14781081676483154,6808,0.0,387.657139089,0.05155288428068161,0.0,881,0.012369791977107525,-0.09647998213768005,30.33724021911621,1.0,1354752.0,1746189090.3293846,882
55.11703109741211,0.09530764073133469,0.1534072756767273,6824,0.0,388.449006823,0.05155288428068161,0.0,883,0.01302083395421505,-0.09516049921512604,30.928386688232422,1.0,1357824.0,1746189091.1212687,884
55.11703109741211,0.10020849853754044,0.17202463746070862,6848,0.0,389.639325966,0.05155288428068161,0.0,886,0.01302083395421505,-0.09764498472213745,31.97265625,1.0,1362432.0,1746189092.3115747,887
55.11703109741211,0.09743274748325348,0.15487287938594818,7056,0.0,399.937752063,0.05155288428068161,0.0,912,0.01171875,-0.14529050886631012,30.48828125,1.0,1402368.0,1746189102.6100073,913
55.11703109741211,0.15910041332244873,0.14758692681789398,7072,0.0,400.73017706,0.05155288428068161,0.0,914,0.014322916977107525,-0.0980488583445549,31.846355438232422,1.0,1405440.0,1746189103.4024403,915
55.11703109741211,0.12707018852233887,0.1517786830663681,7088,0.0,401.522205848,0.05155288428068161,0.0,916,0.013671875,-0.09206874668598175,31.619792938232422,1.0,1408512.0,1746189104.1944726,917
55.11703109741211,0.09978348761796951,0.17831633985042572,7120,0.0,403.106837149,0.05155288428068161,0.0,920,0.01302083395421505,-0.10530279576778412,30.303386688232422,1.0,1414656.0,1746189105.7790818,921
55.11703109741211,0.09108704328536987,0.23079928755760193,7200,0.0,407.070948487,0.05155288428068161,0.0,930,0.014322916977107525,-0.09889152646064758,32.157554626464844,1.0,1430016.0,1746189109.7432208,931
55.11703109741211,0.09698396176099777,0.18987822532653809,7304,0.0,412.222978021,0.05155288428068161,0.0,943,0.013671875,-0.13933518528938293,31.22005271911621,1.0,1449984.0,1746189114.8952491,944
55.11703109741211,0.06166066974401474,0.11627694964408875,7544,0.0,424.103024311,0.05155288428068161,0.0,973,0.01106770895421505,-0.21195286512374878,30.252605438232422,1.0,1496064.0,1746189126.7753093,974
67.66358947753906,0.05610567703843117,0.1328655183315277,7624,0.0,428.160100962,0.2400101125240326,0.0,983,0.010416666977107525,-0.25674760341644287,30.385417938232422,1.0,1511424.0,1746189130.8323712,984
67.66358947753906,0.05504944548010826,0.12273722141981125,7744,0.0,434.09983712,0.2400101125240326,0.0,998,0.0078125,-0.26649945974349976,30.2421875,1.0,1534464.0,1746189136.7720783,999
67.66358947753906,0.0522315613925457,0.12594321370124817,7784,0.0,436.081711165,0.2400101125240326,0.0,1003,0.009765625,-0.257826030254364,30.2109375,1.0,1542144.0,1746189138.753942,1004
67.66358947753906,0.05548129230737686,0.13284200429916382,7872,0.0,440.44354294,0.2400101125240326,0.0,1014,0.01106770895421505,-0.26345187425613403,31.311199188232422,1.0,1559040.0,1746189143.1155806,1015
67.66358947753906,0.037460338324308395,0.07199011743068695,8056,0.0,449.585311466,0.2400101125240326,0.0,1037,0.009765625,-0.25315558910369873,25.557292938232422,1.0,1594368.0,1746189152.2573726,1038
67.66358947753906,0.03590254858136177,0.14646995067596436,8184,0.0,455.9409398,0.2400101125240326,0.0,1053,0.009765625,-0.2674087882041931,29.43099021911621,1.0,1618944.0,1746189158.613035,1054
67.66358947753906,0.031066682189702988,0.12035121023654938,8280,0.0,460.704238219,0.2400101125240326,0.0,1065,0.008463541977107525,-0.28217509388923645,27.104167938232422,1.0,1637376.0,1746189163.3764482,1066
67.66358947753906,0.05192570015788078,0.11832927167415619,8440,0.0,468.647593181,0.2400101125240326,0.0,1085,0.008463541977107525,-0.28906577825546265,29.20703125,1.0,1668096.0,1746189171.3196263,1086
67.66358947753906,0.025834985077381134,0.11847881972789764,8528,0.0,473.019830193,0.2400101125240326,0.0,1096,0.0078125,-0.26671773195266724,27.4140625,1.0,1684992.0,1746189175.6919215,1097
67.66358947753906,0.023074157536029816,0.11789774894714355,8720,0.0,482.556198801,0.2400101125240326,0.0,1120,0.0078125,-0.27612608671188354,28.85677146911621,1.0,1721856.0,1746189185.2282307,1121
67.66358947753906,0.029397692531347275,0.1541931927204132,8728,0.0,482.952921223,0.2400101125240326,0.0,1121,0.008463541977107525,-0.2698588967323303,30.17578125,1.0,1723392.0,1746189185.625022,1122
67.66358947753906,0.02286980114877224,0.14066199958324432,8792,0.0,486.127752484,0.2400101125240326,0.0,1129,0.008463541977107525,-0.27270734310150146,28.96484375,1.0,1735680.0,1746189188.7998028,1130
67.66358947753906,0.024037104099988937,0.11446397006511688,8816,0.0,487.318656852,0.2400101125240326,0.0,1132,0.008463541977107525,-0.27064719796180725,27.518230438232422,1.0,1740288.0,1746189189.9907749,1133
67.66358947753906,0.02115246094763279,0.14256981015205383,9000,0.0,496.447294402,0.2400101125240326,0.0,1155,0.010416666977107525,-0.30768322944641113,28.32161521911621,1.0,1775616.0,1746189199.1195502,1156
67.66358947753906,0.020959563553333282,0.15262508392333984,9024,0.0,497.635476117,0.2400101125240326,0.0,1158,0.01106770895421505,-0.2946954369544983,31.264324188232422,1.0,1780224.0,1746189200.3077407,1159
67.66358947753906,0.021354949101805687,0.181502103805542,9072,0.0,500.012600871,0.2400101125240326,0.0,1164,0.009765625,-0.3004540205001831,30.93099021911621,1.0,1789440.0,1746189202.6848378,1165
67.66358947753906,0.02119249664247036,0.1735195368528366,9096,0.0,501.201148733,0.2400101125240326,0.0,1167,0.010416666977107525,-0.3036246597766876,31.48567771911621,1.0,1794048.0,1746189203.8734121,1168
67.66358947753906,0.019806411117315292,0.13948401808738708,9112,0.0,501.993150348,0.2400101125240326,0.0,1169,0.01171875,-0.3026473820209503,30.018230438232422,1.0,1797120.0,1746189204.6654198,1170
67.66358947753906,0.019823923707008362,0.226299449801445,9568,0.0,524.57505943,0.2400101125240326,0.0,1226,0.00911458395421505,-0.3357740640640259,31.377605438232422,1.0,1884672.0,1746189227.2473364,1227
67.66358947753906,0.020497484132647514,0.20517896115779877,9672,0.0,529.726248118,0.2400101125240326,0.0,1239,0.00911458395421505,-0.35921692848205566,29.24739646911621,1.0,1904640.0,1746189232.3984537,1240
67.66358947753906,0.021260492503643036,0.22808906435966492,9776,0.0,534.881284184,0.2400101125240326,0.0,1252,0.009765625,-0.3772404193878174,29.84895896911621,1.0,1924608.0,1746189237.5535355,1253
67.66358947753906,0.020596718415617943,0.1741548776626587,9912,0.0,541.618676988,0.2400101125240326,0.0,1269,0.008463541977107525,-0.4000689685344696,26.936199188232422,1.0,1950720.0,1746189244.2909498,1270
67.66358947753906,0.01900230534374714,0.16797277331352234,9968,0.0,544.391834154,0.2400101125240326,0.0,1276,0.0078125,-0.3933194577693939,25.58203125,1.0,1961472.0,1746189247.0640342,1277
67.66358947753906,0.01724916137754917,0.13555607199668884,10128,0.0,552.337893908,0.2400101125240326,0.0,1296,0.0078125,-0.38322392106056213,25.52734375,1.0,1992192.0,1746189255.0100853,1297
81.52214050292969,0.017086870968341827,0.20994159579277039,10160,0.0,554.02058844,0.5454763770103455,0.0,1300,0.0078125,-0.379306435585022,29.467449188232422,1.0,1998336.0,1746189256.6928167,1301
81.52214050292969,0.016002308577299118,0.13384588062763214,10368,0.0,564.322117572,0.5454763770103455,0.0,1326,0.0078125,-0.4039393365383148,22.936199188232422,1.0,2038272.0,1746189266.9943821,1327
81.52214050292969,0.018434781581163406,0.1725093424320221,10648,0.0,578.192252086,0.5454763770103455,0.0,1361,0.0078125,-0.39516568183898926,24.709636688232422,1.0,2092032.0,1746189280.8644552,1362
81.52214050292969,0.016431758180260658,0.209331214427948,10728,0.0,582.153691923,0.5454763770103455,0.0,1371,0.008463541977107525,-0.4134254455566406,27.82552146911621,1.0,2107392.0,1746189284.825933,1372
81.52214050292969,0.01654941402375698,0.2269744873046875,10768,0.0,584.135355835,0.5454763770103455,0.0,1376,0.008463541977107525,-0.40421023964881897,28.662761688232422,1.0,2115072.0,1746189286.8076057,1377
81.52214050292969,0.017970215529203415,0.16563200950622559,10800,0.0,585.720709004,0.5454763770103455,0.0,1380,0.0078125,-0.40835586190223694,25.901042938232422,1.0,2121216.0,1746189288.3929422,1381
81.52214050292969,0.018760398030281067,0.16103076934814453,10824,0.0,586.908272125,0.5454763770103455,0.0,1383,0.008463541977107525,-0.41139858961105347,26.57421875,1.0,2125824.0,1746189289.5805223,1384
81.52214050292969,0.017757752910256386,0.1807873547077179,10840,0.0,587.699809092,0.5454763770103455,0.0,1385,0.008463541977107525,-0.409199059009552,26.77083396911621,1.0,2128896.0,1746189290.3720725,1386
81.52214050292969,0.02304910123348236,0.14089061319828033,10920,0.0,591.666814503,0.5454763770103455,0.0,1395,0.0078125,-0.4278300106525421,26.23567771911621,1.0,2144256.0,1746189294.3390841,1396
81.52214050292969,0.028117738664150238,0.17234687507152557,10952,0.0,593.25116083,0.5454763770103455,0.0,1399,0.0078125,-0.4123018682003021,25.39583396911621,1.0,2150400.0,1746189295.9234283,1400
81.52214050292969,0.025421520695090294,0.2196429818868637,11032,0.0,597.211906585,0.5454763770103455,0.0,1409,0.00911458395421505,-0.39163658022880554,28.58984375,1.0,2165760.0,1746189299.8841689,1410
81.52214050292969,0.020298246294260025,0.15935209393501282,11088,0.0,599.98377153,0.5454763770103455,0.0,1416,0.008463541977107525,-0.3936614394187927,25.514324188232422,1.0,2176512.0,1746189302.6560233,1417
81.52214050292969,0.016661204397678375,0.19930242002010345,11464,0.0,618.612885828,0.5454763770103455,0.0,1463,0.008463541977107525,-0.4373261332511902,27.07552146911621,1.0,2248704.0,1746189321.2851458,1464
81.52214050292969,0.016491888090968132,0.1481425017118454,11544,0.0,622.575527064,0.5454763770103455,0.0,1473,0.0078125,-0.4424402117729187,24.38802146911621,1.0,2264064.0,1746189325.2478216,1474
81.52214050292969,0.018852751702070236,0.20208154618740082,11640,0.0,627.328581053,0.5454763770103455,0.0,1485,0.0078125,-0.41255441308021545,27.2734375,1.0,2282496.0,1746189330.000826,1486
81.52214050292969,0.018311867490410805,0.17705795168876648,11776,0.0,634.064530895,0.5454763770103455,0.0,1502,0.0078125,-0.41574135422706604,25.33724021911621,1.0,2308608.0,1746189336.7367978,1503
81.52214050292969,0.018594123423099518,0.20812377333641052,11936,0.0,641.987776732,0.5454763770103455,0.0,1522,0.008463541977107525,-0.43622976541519165,26.3671875,1.0,2339328.0,1746189344.660027,1523
81.52214050292969,0.022121526300907135,0.1992122232913971,11968,0.0,643.57220995,0.5454763770103455,0.0,1526,0.008463541977107525,-0.43850189447402954,27.13411521911621,1.0,2345472.0,1746189346.2444532,1527
81.52214050292969,0.016333196312189102,0.2174479067325592,12016,0.0,645.949825699,0.5454763770103455,0.0,1532,0.0078125,-0.4379656910896301,27.27734375,1.0,2354688.0,1746189348.622077,1533
81.52214050292969,0.01789740100502968,0.23928022384643555,12120,0.0,651.098628198,0.5454763770103455,0.0,1545,0.0078125,-0.4615103304386139,29.953125,1.0,2374656.0,1746189353.770883,1546
81.52214050292969,0.018399175256490707,0.20536264777183533,12152,0.0,652.682151106,0.5454763770103455,0.0,1549,0.0078125,-0.46006229519844055,26.377605438232422,1.0,2380800.0,1746189355.3544323,1550
81.52214050292969,0.0274810828268528,0.22078333795070648,12168,0.0,653.474242012,0.5454763770103455,0.0,1551,0.008463541977107525,-0.44943517446517944,27.65755271911621,1.0,2383872.0,1746189356.1465116,1552
81.52214050292969,0.029674537479877472,0.22847579419612885,12176,0.0,653.87025822,0.5454763770103455,0.0,1552,0.00911458395421505,-0.4729679226875305,28.6171875,1.0,2385408.0,1746189356.542529,1553
81.52214050292969,0.018071111291646957,0.25236305594444275,12248,0.0,657.436777354,0.5454763770103455,0.0,1561,0.00911458395421505,-0.48934537172317505,30.07421875,1.0,2399232.0,1746189360.109033,1562
81.52214050292969,0.015983842313289642,0.2247425615787506,12320,0.0,661.004085999,0.5454763770103455,0.0,1570,0.008463541977107525,-0.490201473236084,27.736980438232422,1.0,2413056.0,1746189363.6763628,1571
81.52214050292969,0.015811143442988396,0.19454237818717957,12376,0.0,663.783109578,0.5454763770103455,0.0,1577,0.0078125,-0.49419963359832764,25.998699188232422,1.0,2423808.0,1746189366.45539,1578
81.52214050292969,0.01748029887676239,0.20166060328483582,12560,0.0,672.892643882,0.5454763770103455,0.0,1600,0.0078125,-0.4701470732688904,26.065105438232422,1.0,2459136.0,1746189375.5649004,1601
81.52214050292969,0.014908410608768463,0.22918358445167542,12584,0.0,674.080322206,0.5454763770103455,0.0,1603,0.0078125,-0.4702513813972473,28.84765625,1.0,2463744.0,1746189376.7525935,1604
78.19891357421875,0.014530979096889496,0.24012379348278046,12888,0.0,689.228374189,0.6447544097900391,0.0,1641,0.008463541977107525,-0.5056533217430115,28.764324188232422,1.0,2522112.0,1746189391.9006426,1642
78.19891357421875,0.03341896831989288,0.22441522777080536,12928,0.0,691.209146093,0.6447544097900391,0.0,1646,0.00911458395421505,-0.47862857580184937,27.272136688232422,1.0,2529792.0,1746189393.8814015,1647
78.19891357421875,0.027997024357318878,0.24290183186531067,12936,0.0,691.605011857,0.6447544097900391,0.0,1647,0.008463541977107525,-0.489188015460968,29.190105438232422,1.0,2531328.0,1746189394.2772813,1648
78.19891357421875,0.012778889387845993,0.20059464871883392,12976,0.0,693.584399166,0.6447544097900391,0.0,1652,0.0078125,-0.4887734055519104,25.6796875,1.0,2539008.0,1746189396.2566686,1653
78.19891357421875,0.01257533859461546,0.24761822819709778,13064,0.0,697.93879813,0.6447544097900391,0.0,1663,0.008463541977107525,-0.49086907505989075,27.9609375,1.0,2555904.0,1746189400.6110587,1664
78.19891357421875,0.01397334411740303,0.22852635383605957,13240,0.0,706.65153437,0.6447544097900391,0.0,1685,0.00911458395421505,-0.5089994668960571,26.90625,1.0,2589696.0,1746189409.3237998,1686
78.19891357421875,0.012896314263343811,0.291068971157074,13256,0.0,707.443126383,0.6447544097900391,0.0,1687,0.008463541977107525,-0.49827003479003906,31.4296875,1.0,2592768.0,1746189410.1153944,1688
78.19891357421875,0.01646054908633232,0.1956367939710617,13488,0.0,718.945306687,0.6447544097900391,0.0,1716,0.0078125,-0.5363527536392212,25.412761688232422,1.0,2637312.0,1746189421.6175692,1717
78.19891357421875,0.01506442204117775,0.20547229051589966,13504,0.0,719.736910002,0.6447544097900391,0.0,1718,0.00911458395421505,-0.5522153377532959,26.22265625,1.0,2640384.0,1746189422.4091904,1719
78.19891357421875,0.013384620659053326,0.23308908939361572,13616,0.0,725.282417761,0.6447544097900391,0.0,1732,0.0078125,-0.519026517868042,27.799480438232422,1.0,2661888.0,1746189427.9546678,1733
78.19891357421875,0.01308503933250904,0.2290419042110443,13648,0.0,726.866399155,0.6447544097900391,0.0,1736,0.00911458395421505,-0.5185549855232239,27.40234375,1.0,2668032.0,1746189429.5386314,1737
78.19891357421875,0.016760513186454773,0.22692686319351196,13784,0.0,733.600389347,0.6447544097900391,0.0,1753,0.0078125,-0.42240577936172485,26.713542938232422,1.0,2694144.0,1746189436.2726426,1754
78.19891357421875,0.012731566093862057,0.1859765350818634,13904,0.0,739.540758713,0.6447544097900391,0.0,1768,0.0078125,-0.4415178894996643,25.401042938232422,1.0,2717184.0,1746189442.2130272,1769
78.19891357421875,0.012108778581023216,0.2411389946937561,14024,0.0,745.480539728,0.6447544097900391,0.0,1783,0.00911458395421505,-0.4680223762989044,29.171875,1.0,2740224.0,1746189448.152464,1784
78.19891357421875,0.013623601756989956,0.21762560307979584,14128,0.0,750.634322135,0.6447544097900391,0.0,1796,0.008463541977107525,-0.4882909953594208,26.421875,1.0,2760192.0,1746189453.3065782,1797
78.19891357421875,0.0497378334403038,0.20412084460258484,14168,0.0,752.613615206,0.6447544097900391,0.0,1801,0.0078125,-0.5190169215202332,27.057292938232422,1.0,2767872.0,1746189455.2858734,1802
78.19891357421875,0.05165863037109375,0.23662269115447998,14176,0.0,753.009374949,0.6447544097900391,0.0,1802,0.00911458395421505,-0.49048173427581787,28.178386688232422,1.0,2769408.0,1746189455.6816428,1803
78.19891357421875,0.012877702713012695,0.22218208014965057,14312,0.0,759.739372347,0.6447544097900391,0.0,1819,0.008463541977107525,-0.5028129816055298,26.73828125,1.0,2795520.0,1746189462.4116354,1820
78.19891357421875,0.012845346704125404,0.20145514607429504,14352,0.0,761.718372774,0.6447544097900391,0.0,1824,0.0078125,-0.507066011428833,25.64974021911621,1.0,2803200.0,1746189464.3906302,1825
78.19891357421875,0.012102688662707806,0.22261486947536469,14448,0.0,766.473577979,0.6447544097900391,0.0,1836,0.008463541977107525,-0.5100293159484863,26.666667938232422,1.0,2821632.0,1746189469.1458328,1837
78.19891357421875,0.011449985206127167,0.20332461595535278,14592,0.0,773.606182749,0.6447544097900391,0.0,1854,0.0078125,-0.518131673336029,26.8828125,1.0,2849280.0,1746189476.2784348,1855
78.19891357421875,0.01525532640516758,0.24347905814647675,14616,0.0,774.794170531,0.6447544097900391,0.0,1857,0.0078125,-0.5255913734436035,27.34765625,1.0,2853888.0,1746189477.4664192,1858
78.19891357421875,0.03321755677461624,0.2235848605632782,14624,0.0,775.189940071,0.6447544097900391,0.0,1858,0.008463541977107525,-0.49984073638916016,26.48046875,1.0,2855424.0,1746189477.8621879,1859
78.19891357421875,0.01676969788968563,0.23269706964492798,14696,0.0,778.754896122,0.6447544097900391,0.0,1867,0.0078125,-0.58656907081604,27.666667938232422,1.0,2869248.0,1746189481.427132,1868
78.19891357421875,0.01592659205198288,0.24461859464645386,14712,0.0,779.547022621,0.6447544097900391,0.0,1869,0.008463541977107525,-0.5716861486434937,29.272136688232422,1.0,2872320.0,1746189482.2192914,1870
78.19891357421875,0.01148250326514244,0.1981884241104126,15072,0.0,797.375500143,0.6447544097900391,0.0,1914,0.0078125,-0.559268057346344,25.56640625,1.0,2941440.0,1746189500.0477514,1915
78.19891357421875,0.013211019337177277,0.21832925081253052,15128,0.0,800.147578055,0.6447544097900391,0.0,1921,0.008463541977107525,-0.5581445693969727,26.5546875,1.0,2952192.0,1746189502.8197951,1922
78.19891357421875,0.014147051610052586,0.21072626113891602,15136,0.0,800.543928092,0.6447544097900391,0.0,1922,0.0078125,-0.564407229423523,26.0390625,1.0,2953728.0,1746189503.216183,1923
78.19891357421875,0.013411152176558971,0.18890385329723358,15152,0.0,801.335666458,0.6447544097900391,0.0,1924,0.0078125,-0.5521688461303711,24.729167938232422,1.0,2956800.0,1746189504.007936,1925
78.19891357421875,0.013174042105674744,0.21850594878196716,15192,0.0,803.315613513,0.6447544097900391,0.0,1929,0.0078125,-0.5521882772445679,26.38802146911621,1.0,2964480.0,1746189505.9878619,1930
90.54457092285156,0.010526846162974834,0.23318874835968018,15608,0.0,824.016913369,0.704538106918335,0.0,1981,0.0078125,-0.5706051588058472,27.13802146911621,1.0,3044352.0,1746189526.689146,1982
90.54457092285156,0.012481298297643661,0.18606029450893402,15624,0.0,824.809246308,0.704538106918335,0.0,1983,0.0078125,-0.574407696723938,25.151042938232422,1.0,3047424.0,1746189527.4814773,1984
90.54457092285156,0.01313652005046606,0.21112041175365448,15672,0.0,827.186039306,0.704538106918335,0.0,1989,0.0078125,-0.5700322985649109,25.67317771911621,1.0,3056640.0,1746189529.8582857,1990
90.54457092285156,0.053284674882888794,0.24898837506771088,15712,0.0,829.165917922,0.704538106918335,0.0,1994,0.008463541977107525,-0.5683438181877136,27.46224021911621,1.0,3064320.0,1746189531.8381567,1995
90.54457092285156,0.010614360682666302,0.19928836822509766,15800,0.0,833.528250961,0.704538106918335,0.0,2005,0.0078125,-0.5623483657836914,25.0234375,1.0,3081216.0,1746189536.2005196,2006
90.54457092285156,0.00990474596619606,0.17931589484214783,15872,0.0,837.090962693,0.704538106918335,0.0,2014,0.0078125,-0.5636507868766785,23.98958396911621,1.0,3095040.0,1746189539.7632315,2015
90.54457092285156,0.00957312062382698,0.17764119803905487,15888,0.0,837.88307774,0.704538106918335,0.0,2016,0.0078125,-0.562561571598053,24.51171875,1.0,3098112.0,1746189540.5553198,2017
90.54457092285156,0.010201266035437584,0.2142859399318695,16016,0.0,844.219422372,0.704538106918335,0.0,2032,0.0078125,-0.5652779340744019,25.889324188232422,1.0,3122688.0,1746189546.8916674,2033
90.54457092285156,0.009234381839632988,0.25824210047721863,16040,0.0,845.407588541,0.704538106918335,0.0,2035,0.008463541977107525,-0.5763840079307556,28.420574188232422,1.0,3127296.0,1746189548.0798447,2036
90.54457092285156,0.009831156581640244,0.2087233066558838,16104,0.0,848.574188697,0.704538106918335,0.0,2043,0.0078125,-0.5641264915466309,26.147136688232422,1.0,3139584.0,1746189551.246464,2044
90.54457092285156,0.009872829541563988,0.21888935565948486,16152,0.0,850.954256722,0.704538106918335,0.0,2049,0.0078125,-0.5710331201553345,26.2890625,1.0,3148800.0,1746189553.6265273,2050
90.54457092285156,0.009315297938883305,0.18964841961860657,16376,0.0,862.050726123,0.704538106918335,0.0,2077,0.0078125,-0.6248315572738647,24.94270896911621,1.0,3191808.0,1746189564.7229996,2078
90.54457092285156,0.010203573852777481,0.20655769109725952,16520,0.0,869.178090403,0.704538106918335,0.0,2095,0.0078125,-0.6334080696105957,25.065105438232422,1.0,3219456.0,1746189571.8503678,2096
90.54457092285156,0.010647207498550415,0.2381056547164917,16528,0.0,869.574162554,0.704538106918335,0.0,2096,0.008463541977107525,-0.6287452578544617,26.740886688232422,1.0,3220992.0,1746189572.24642,2097
90.54457092285156,0.010874953120946884,0.26443707942962646,16576,0.0,871.953181978,0.704538106918335,0.0,2102,0.008463541977107525,-0.6213686466217041,27.7734375,1.0,3230208.0,1746189574.6252682,2103
90.54457092285156,0.011023158207535744,0.22375580668449402,16584,0.0,872.351539116,0.704538106918335,0.0,2103,0.0078125,-0.6228741407394409,27.2265625,1.0,3231744.0,1746189575.0237424,2104
90.54457092285156,0.009755301289260387,0.2085098922252655,16728,0.0,879.480135153,0.704538106918335,0.0,2121,0.0078125,-0.6457624435424805,25.3984375,1.0,3259392.0,1746189582.1523893,2122
90.54457092285156,0.010296330787241459,0.2161986082792282,16784,0.0,882.253576922,0.704538106918335,0.0,2128,0.0078125,-0.6210508942604065,25.6640625,1.0,3270144.0,1746189584.9258358,2129
90.54457092285156,0.009464220143854618,0.2335919737815857,16880,0.0,887.0065812,0.704538106918335,0.0,2140,0.0078125,-0.6304174661636353,27.43099021911621,1.0,3288576.0,1746189589.6788378,2141
90.54457092285156,0.010759622789919376,0.2522509694099426,16896,0.0,887.798704576,0.704538106918335,0.0,2142,0.0078125,-0.6365886926651001,28.3046875,1.0,3291648.0,1746189590.4709582,2143
90.54457092285156,0.01090143620967865,0.22358672320842743,17008,0.0,893.3674,0.704538106918335,0.0,2156,0.0078125,-0.643485426902771,25.756511688232422,1.0,3313152.0,1746189596.0392747,2157
90.54457092285156,0.009568668901920319,0.2269897162914276,17040,0.0,894.95402918,0.704538106918335,0.0,2160,0.0078125,-0.6459996104240417,26.865886688232422,1.0,3319296.0,1746189597.6263006,2161
90.54457092285156,0.009620733559131622,0.23862290382385254,17056,0.0,895.746283433,0.704538106918335,0.0,2162,0.0078125,-0.630983829498291,28.09765625,1.0,3322368.0,1746189598.4185457,2163
90.54457092285156,0.009516092017292976,0.2631092965602875,17096,0.0,897.725767131,0.704538106918335,0.0,2167,0.0078125,-0.6389224529266357,28.049480438232422,1.0,3330048.0,1746189600.3980422,2168
90.54457092285156,0.009701619856059551,0.23209504783153534,17288,0.0,907.232459298,0.704538106918335,0.0,2191,0.008463541977107525,-0.6663550138473511,26.889324188232422,1.0,3366912.0,1746189609.9047248,2192
90.54457092285156,0.009396987035870552,0.28804847598075867,17840,0.0,934.56692679,0.704538106918335,0.0,2260,0.0078125,-0.7094414234161377,29.29817771911621,1.0,3472896.0,1746189637.239171,2261
86.21113586425781,0.00809864979237318,0.28246814012527466,18136,0.005758157465606928,949.326496844,0.7853765487670898,0.0,2297,0.0078125,-0.6956473588943481,28.50520896911621,1.0,3529728.0,1746189651.9987326,2298
86.21113586425781,0.011000014841556549,0.2509559988975525,18224,0.005758157465606928,953.692754882,0.7853765487670898,0.0,2308,0.0078125,-0.6919409036636353,28.39192771911621,1.0,3546624.0,1746189656.3650005,2309
86.21113586425781,0.008083931170403957,0.2526950240135193,18232,0.005758157465606928,954.088641619,0.7853765487670898,0.0,2309,0.0078125,-0.7009402513504028,27.25,1.0,3548160.0,1746189656.7609003,2310
86.21113586425781,0.007685431279242039,0.26552027463912964,18264,0.005758157465606928,955.672396078,0.7853765487670898,0.0,2313,0.0078125,-0.6947487592697144,28.736980438232422,1.0,3554304.0,1746189658.344659,2314
86.21113586425781,0.011966083198785782,0.27585354447364807,18312,0.005758157465606928,958.048921416,0.7853765487670898,0.0,2319,0.0078125,-0.6966910362243652,29.54296875,1.0,3563520.0,1746189660.721178,2320
86.21113586425781,0.010086781345307827,0.2577415406703949,18352,0.005758157465606928,960.03069977,0.7853765487670898,0.0,2324,0.0078125,-0.5905069708824158,28.21224021911621,1.0,3571200.0,1746189662.7029612,2325
86.21113586425781,0.008590545505285263,0.25721475481987,18416,0.005758157465606928,963.205043551,0.7853765487670898,0.0,2332,0.008463541977107525,-0.615411639213562,27.76171875,1.0,3583488.0,1746189665.877317,2333
86.21113586425781,0.01113157533109188,0.2593528926372528,18464,0.005758157465606928,965.580189522,0.7853765487670898,0.0,2338,0.008463541977107525,-0.6206085681915283,27.44140625,1.0,3592704.0,1746189668.2524512,2339
86.21113586425781,0.01137998141348362,0.22845332324504852,18640,0.005758157465606928,974.291118908,0.7853765487670898,0.0,2360,0.0078125,-0.6401784420013428,26.268230438232422,1.0,3626496.0,1746189676.9633887,2361
86.21113586425781,0.00894169881939888,0.2340603917837143,18704,0.005758157465606928,977.459690265,0.7853765487670898,0.0,2368,0.0078125,-0.6420884728431702,26.58724021911621,1.0,3638784.0,1746189680.131944,2369
86.21113586425781,0.00793517753481865,0.23422467708587646,18912,0.005758157465606928,987.753743419,0.7853765487670898,0.0,2394,0.0078125,-0.6223449110984802,26.694011688232422,1.0,3678720.0,1746189690.4260054,2395
86.21113586425781,0.011248753406107426,0.2559998631477356,19024,0.005758157465606928,993.300637999,0.7853765487670898,0.0,2408,0.008463541977107525,-0.642853856086731,27.147136688232422,1.0,3700224.0,1746189695.9728909,2409
86.21113586425781,0.00805619265884161,0.24361783266067505,19048,0.005758157465606928,994.48861615,0.7853765487670898,0.0,2411,0.0078125,-0.628170371055603,26.38020896911621,1.0,3704832.0,1746189697.160841,2412
86.21113586425781,0.008205728605389595,0.21227648854255676,19120,0.005758157465606928,998.05142653,0.7853765487670898,0.0,2420,0.0078125,-0.6259127855300903,25.203125,1.0,3718656.0,1746189700.7236865,2421
86.21113586425781,0.007283788174390793,0.22312836349010468,19160,0.005758157465606928,1000.031022341,0.7853765487670898,0.0,2425,0.0078125,-0.6377615332603455,26.069011688232422,1.0,3726336.0,1746189702.7032948,2426
86.21113586425781,0.007921257056295872,0.21837608516216278,19208,0.005758157465606928,1002.417688125,0.7853765487670898,0.0,2431,0.0078125,-0.6401137113571167,26.0234375,1.0,3735552.0,1746189705.0899253,2432
86.21113586425781,0.008860105648636818,0.2048099935054779,19256,0.005758157465606928,1004.792661951,0.7853765487670898,0.0,2437,0.0078125,-0.6410497426986694,25.46484375,1.0,3744768.0,1746189707.4648733,2438
86.21113586425781,0.011122085154056549,0.24217019975185394,19288,0.005758157465606928,1006.380744056,0.7853765487670898,0.0,2441,0.0078125,-0.6269920468330383,25.54427146911621,1.0,3750912.0,1746189709.0529947,2442
86.21113586425781,0.01490136981010437,0.23313860595226288,19632,0.005758157465606928,1023.411552484,0.7853765487670898,0.0182291679084301,2484,0.0078125,-0.6254075765609741,24.830730438232422,1.0,3816960.0,1746189726.0837924,2485
86.21113586425781,0.009510897099971771,0.23413169384002686,19648,0.005758157465606928,1024.203291025,0.7853765487670898,0.0,2486,0.0078125,-0.6346876621246338,25.783855438232422,1.0,3820032.0,1746189726.8755248,2487
86.21113586425781,0.01281356904655695,0.2063179910182953,19680,0.005758157465606928,1025.787288549,0.7853765487670898,0.0,2490,0.0078125,-0.6249297857284546,24.86067771911621,1.0,3826176.0,1746189728.459536,2491
86.21113586425781,0.010936617851257324,0.20183706283569336,19736,0.005758157465606928,1028.559235776,0.7853765487670898,0.0,2497,0.0078125,-0.7118529677391052,24.48567771911621,1.0,3836928.0,1746189731.2314858,2498
86.21113586425781,0.009591224603354931,0.2530343532562256,19776,0.005758157465606928,1030.53906222,0.7853765487670898,0.0,2502,0.0078125,-0.705453634262085,27.80208396911621,1.0,3844608.0,1746189733.21133,2503
86.21113586425781,0.008408350870013237,0.24460762739181519,20168,0.005758157465606928,1049.948215221,0.7853765487670898,0.0182291679084301,2551,0.0078125,-0.6737390160560608,25.96224021911621,1.0,3919872.0,1746189752.6204867,2552
86.21113586425781,0.008476302027702332,0.23210138082504272,20208,0.005758157465606928,1051.934813909,0.7853765487670898,0.0,2556,0.0078125,-0.671431303024292,27.09895896911621,1.0,3927552.0,1746189754.607076,2557
86.21113586425781,0.00930112600326538,0.21976885199546814,20296,0.005758157465606928,1056.290840325,0.7853765487670898,0.0,2567,0.0078125,-0.6791083216667175,25.18099021911621,1.0,3944448.0,1746189758.9631171,2568
86.21113586425781,0.011902227066457272,0.2236994206905365,20304,0.005758157465606928,1056.686534119,0.7853765487670898,0.0,2568,0.0078125,-0.6724827289581299,25.932292938232422,1.0,3945984.0,1746189759.3588119,2569
86.21113586425781,0.009928958490490913,0.2149767130613327,20328,0.005758157465606928,1057.874101268,0.7853765487670898,0.0,2571,0.0078125,-0.682523250579834,25.09375,1.0,3950592.0,1746189760.546386,2572
86.21113586425781,0.009064055979251862,0.2106962502002716,20352,0.005758157465606928,1059.061845242,0.7853765487670898,0.0,2574,0.0078125,-0.6830374598503113,25.010417938232422,1.0,3955200.0,1746189761.7340856,2575
86.21113586425781,0.008207309059798717,0.23588186502456665,20376,0.005758157465606928,1060.269992259,0.7853765487670898,0.0,2577,0.0078125,-0.6773767471313477,26.205730438232422,1.0,3959808.0,1746189762.9422736,2578
92.5992202758789,0.02334856614470482,0.25367996096611023,20568,0.01361867692321539,1069.8737711,0.8220474720001221,0.0,2601,0.0078125,-0.6354628801345825,27.25390625,1.0,3996672.0,1746189772.5460355,2602
92.5992202758789,0.010498138144612312,0.23708878457546234,20832,0.01361867692321539,1082.947800258,0.8220474720001221,0.0,2634,0.0078125,-0.6664671897888184,26.158855438232422,1.0,4047360.0,1746189785.620049,2635
92.5992202758789,0.014494271017611027,0.23982438445091248,20848,0.01361867692321539,1083.739538128,0.8220474720001221,0.0,2636,0.0078125,-0.6678649187088013,26.51953125,1.0,4050432.0,1746189786.4117799,2637
92.5992202758789,0.009346457198262215,0.2288377583026886,21032,0.01361867692321539,1092.854021631,0.8220474720001221,0.0,2659,0.0078125,-0.6762912273406982,25.90364646911621,1.0,4085760.0,1746189795.5262942,2660
92.5992202758789,0.009694094769656658,0.22214928269386292,21104,0.01361867692321539,1096.418542265,0.8220474720001221,0.0,2668,0.0078125,-0.6842536926269531,25.963542938232422,1.0,4099584.0,1746189799.0907915,2669
92.5992202758789,0.017689069733023643,0.25845783948898315,21224,0.01361867692321539,1102.362855509,0.8220474720001221,0.0,2683,0.0078125,-0.5800256729125977,27.73177146911621,1.0,4122624.0,1746189805.0351229,2684
92.5992202758789,0.019079379737377167,0.2401726245880127,21232,0.01361867692321539,1102.758603155,0.8220474720001221,0.0,2684,0.0078125,-0.5843889713287354,27.240886688232422,1.0,4124160.0,1746189805.4308615,2685
92.5992202758789,0.009000208228826523,0.23113738000392914,21280,0.01361867692321539,1105.135221888,0.8220474720001221,0.0,2690,0.0078125,-0.6061283349990845,26.729167938232422,1.0,4133376.0,1746189807.807491,2691
92.5992202758789,0.012661101296544075,0.2106240689754486,21304,0.01361867692321539,1106.322801581,0.8220474720001221,0.0,2693,0.0078125,-0.5997903347015381,23.76171875,1.0,4137984.0,1746189808.995064,2694
92.5992202758789,0.011878395453095436,0.23426738381385803,21320,0.01361867692321539,1107.114209367,0.8220474720001221,0.0,2695,0.0078125,-0.6000957489013672,26.92578125,1.0,4141056.0,1746189809.7864807,2696
92.5992202758789,0.010437538847327232,0.2733326554298401,21544,0.01361867692321539,1118.204345339,0.8220474720001221,0.0,2723,0.0078125,-0.6064859628677368,29.58724021911621,1.0,4184064.0,1746189820.876593,2724
92.5992202758789,0.024497931823134422,0.22270402312278748,21592,0.01361867692321539,1120.580147369,0.8220474720001221,0.0,2729,0.0078125,-0.6015223264694214,26.08203125,1.0,4193280.0,1746189823.252426,2730
92.5992202758789,0.016420911997556686,0.22181694209575653,21680,0.01361867692321539,1124.936218108,0.8220474720001221,0.0,2740,0.0078125,-0.6014262437820435,25.385417938232422,1.0,4210176.0,1746189827.6084652,2741
92.5992202758789,0.013398893177509308,0.24530625343322754,21712,0.01361867692321539,1126.524552005,0.8220474720001221,0.0,2744,0.008463541977107525,-0.5887225866317749,26.71224021911621,1.0,4216320.0,1746189829.196818,2745
92.5992202758789,0.012549089267849922,0.2586151659488678,21736,0.01361867692321539,1127.71213808,0.8220474720001221,0.0,2747,0.0078125,-0.5901188850402832,27.49609375,1.0,4220928.0,1746189830.3844154,2748
92.5992202758789,0.015786364674568176,0.2515224814414978,21872,0.01361867692321539,1134.446413219,0.8220474720001221,0.0,2764,0.0078125,-0.6081927418708801,28.02734375,1.0,4247040.0,1746189837.1186786,2765
92.5992202758789,0.013554773293435574,0.26707202196121216,21904,0.01361867692321539,1136.030859782,0.8220474720001221,0.0,2768,0.008463541977107525,-0.5991681814193726,28.04427146911621,1.0,4253184.0,1746189838.7031257,2769
92.5992202758789,0.012632863596081734,0.23051540553569794,22048,0.01361867692321539,1143.162193252,0.8220474720001221,0.0,2786,0.0078125,-0.5998502969741821,25.940105438232422,1.0,4280832.0,1746189845.8344457,2787
92.5992202758789,0.016975294798612595,0.243788480758667,22256,0.01361867692321539,1153.461587709,0.8220474720001221,0.0,2812,0.008463541977107525,-0.5724594593048096,27.1640625,1.0,4320768.0,1746189856.1338484,2813
92.5992202758789,0.02566707134246826,0.19242310523986816,22488,0.01361867692321539,1164.952561595,0.8220474720001221,0.0,2841,0.0078125,-0.4849633574485779,24.822917938232422,1.0,4365312.0,1746189867.6248167,2842
92.5992202758789,0.023137271404266357,0.24637851119041443,22504,0.01361867692321539,1165.744396124,0.8220474720001221,0.0,2843,0.008463541977107525,-0.4957194924354553,27.52474021911621,1.0,4368384.0,1746189868.41666,2844
92.5992202758789,0.03198539465665817,0.20220953226089478,22656,0.01361867692321539,1173.26879736,0.8220474720001221,0.0,2862,0.0078125,-0.5580585598945618,26.18099021911621,1.0,4397568.0,1746189875.941048,2863
92.5992202758789,0.043833177536726,0.2326524257659912,22696,0.01361867692321539,1175.248751033,0.8220474720001221,0.0,2867,0.0078125,-0.5638223886489868,26.45052146911621,1.0,4405248.0,1746189877.9209924,2868
92.5992202758789,0.018271395936608315,0.2331903576850891,22752,0.01361867692321539,1178.020906841,0.8220474720001221,0.0,2874,0.008463541977107525,-0.5532263517379761,27.002605438232422,1.0,4416000.0,1746189880.6931643,2875
92.5992202758789,0.02846704237163067,0.22147786617279053,22808,0.01361867692321539,1180.795857099,0.8220474720001221,0.0,2881,0.0078125,-0.5134037733078003,26.82421875,1.0,4426752.0,1746189883.4681273,2882
92.5992202758789,0.020223470404744148,0.2592969536781311,23000,0.01361867692321539,1190.300527173,0.8220474720001221,0.0,2905,0.0078125,-0.5818782448768616,28.08984375,1.0,4463616.0,1746189892.9727266,2906
92.5992202758789,0.022594554349780083,0.2914868891239166,23104,0.01361867692321539,1195.450422605,0.8220474720001221,0.0,2918,0.008463541977107525,-0.6355319023132324,29.61067771911621,1.0,4483584.0,1746189898.1226926,2919
92.5992202758789,0.03569042682647705,0.27195295691490173,23128,0.01361867692321539,1196.638451327,0.8220474720001221,0.0,2921,0.0078125,-0.6149187684059143,29.41145896911621,1.0,4488192.0,1746189899.3107176,2922
92.5992202758789,0.02497011236846447,0.19958661496639252,23136,0.01361867692321539,1197.034156056,0.8220474720001221,0.0,2922,0.0078125,-0.6075518131256104,24.2265625,1.0,4489728.0,1746189899.70643,2923
90.15174865722656,0.022761639207601547,0.2921524941921234,23160,0.01361867692321539,1198.319489279,0.7985337376594543,0.02083333395421505,2925,0.0078125,-0.602234959602356,28.928386688232422,1.0,4494336.0,1746189900.9917512,2926
90.15174865722656,0.041874345391988754,0.22919808328151703,23240,0.01361867692321539,1202.280778707,0.7985337376594543,0.0,2935,0.00911458395421505,-0.6049264669418335,26.640625,1.0,4509696.0,1746189904.9530373,2936
90.15174865722656,0.019847236573696136,0.2222856730222702,23352,0.01361867692321539,1207.825012766,0.7985337376594543,0.0,2949,0.0078125,-0.6256181001663208,25.55989646911621,1.0,4531200.0,1746189910.4972713,2950
90.15174865722656,0.02182595431804657,0.23882846534252167,23416,0.01361867692321539,1210.995962429,0.7985337376594543,0.0,2957,0.0078125,-0.6471095085144043,27.209636688232422,1.0,4543488.0,1746189913.668227,2958
90.15174865722656,0.024357212707400322,0.21569226682186127,23592,0.01361867692321539,1219.711574082,0.7985337376594543,0.0,2979,0.0078125,-0.6389965415000916,26.60286521911621,1.0,4577280.0,1746189922.3838277,2980
90.15174865722656,0.12308122217655182,0.22791695594787598,23656,0.01361867692321539,1222.883347249,0.7985337376594543,0.0,2987,0.0078125,-0.5772376656532288,25.967449188232422,1.0,4589568.0,1746189925.5555892,2988
90.15174865722656,0.026920700445771217,0.22668763995170593,23696,0.01361867692321539,1224.864074733,0.7985337376594543,0.0,2992,0.0078125,-0.6440416574478149,26.139324188232422,1.0,4597248.0,1746189927.5363271,2993
90.15174865722656,0.028743242844939232,0.23069779574871063,23880,0.01361867692321539,1233.997991492,0.7985337376594543,0.0,3015,0.0078125,-0.6236128211021423,26.397136688232422,1.0,4632576.0,1746189936.6702638,3016
90.15174865722656,0.03129588067531586,0.27726253867149353,23888,0.01361867692321539,1234.393987851,0.7985337376594543,0.0,3016,0.0078125,-0.6285488605499268,29.02474021911621,1.0,4634112.0,1746189937.0662649,3017
90.15174865722656,0.021220482885837555,0.19288906455039978,24000,0.01361867692321539,1239.938216989,0.7985337376594543,0.0,3030,0.008463541977107525,-0.6044442653656006,26.09375,1.0,4655616.0,1746189942.6104655,3031
90.15174865722656,0.021513182669878006,0.2238883674144745,24072,0.01361867692321539,1243.510099825,0.7985337376594543,0.0,3039,0.0078125,-0.5723108649253845,25.998699188232422,1.0,4669440.0,1746189946.1823785,3040
90.15174865722656,0.019332684576511383,0.2016204595565796,24088,0.01361867692321539,1244.302192342,0.7985337376594543,0.0,3041,0.0078125,-0.5915629863739014,25.171875,1.0,4672512.0,1746189946.9744596,3042
90.15174865722656,0.02330765128135681,0.2066282331943512,24280,0.01361867692321539,1253.809802146,0.7985337376594543,0.0,3065,0.0078125,-0.5299932360649109,26.057292938232422,1.0,4709376.0,1746189956.482079,3066
90.15174865722656,0.034164171665906906,0.2658674120903015,24552,0.01361867692321539,1267.277453751,0.7985337376594543,0.0,3099,0.0078125,-0.5273623466491699,29.28645896911621,1.0,4761600.0,1746189969.9497097,3100
90.15174865722656,0.23072287440299988,0.24771837890148163,24560,0.01361867692321539,1267.673278856,0.7985337376594543,0.0,3100,0.00911458395421505,-0.5010828971862793,28.139324188232422,1.0,4763136.0,1746189970.3455431,3101
90.15174865722656,0.17226643860340118,0.28372764587402344,24584,0.01361867692321539,1268.861221496,0.7985337376594543,0.0,3103,0.0078125,-0.44183415174484253,31.12239646911621,1.0,4767744.0,1746189971.5334752,3104
90.15174865722656,0.8982046842575073,0.2319912314414978,24664,0.01361867692321539,1272.821078146,0.7985337376594543,0.0,3113,0.010416666977107525,-0.4049208462238312,27.265625,1.0,4783104.0,1746189975.4933524,3114
90.15174865722656,0.12668657302856445,0.2968202531337738,24728,0.01361867692321539,1275.990193865,0.7985337376594543,0.0,3121,0.013671875,-0.3544938266277313,31.38671875,1.0,4795392.0,1746189978.6624372,3122
90.15174865722656,0.0574316643178463,0.21927271783351898,24824,0.01361867692321539,1280.745002353,0.7985337376594543,0.0,3133,0.008463541977107525,-0.2559928894042969,27.91015625,1.0,4813824.0,1746189983.4172983,3134
90.15174865722656,0.02697208896279335,0.22844552993774414,25032,0.01361867692321539,1291.044244186,0.7985337376594543,0.0,3159,0.0078125,-0.3072282373905182,27.7578125,1.0,4853760.0,1746189993.7163196,3160
90.15174865722656,0.036715082824230194,0.21657872200012207,25144,0.01361867692321539,1296.586440504,0.7985337376594543,0.0,3173,0.0078125,-0.23791682720184326,26.72005271911621,1.0,4875264.0,1746189999.258715,3174
90.15174865722656,0.0617581307888031,0.24713394045829773,25208,0.01361867692321539,1299.754358735,0.7985337376594543,0.0,3181,0.0078125,-0.15270157158374786,28.8984375,1.0,4887552.0,1746190002.4266448,3182
90.15174865722656,0.05251557379961014,0.2236858606338501,25248,0.01361867692321539,1301.73983802,0.7985337376594543,0.0,3186,0.0078125,-0.19410808384418488,26.80599021911621,1.0,4895232.0,1746190004.4121335,3187
90.15174865722656,0.10800889879465103,0.289357990026474,25448,0.01361867692321539,1311.644974555,0.7985337376594543,0.0,3211,0.0078125,-0.1314372569322586,29.75,1.0,4933632.0,1746190014.3172576,3212
90.15174865722656,0.04001111164689064,0.22356778383255005,25480,0.01361867692321539,1313.228474989,0.7985337376594543,0.0,3215,0.0078125,-0.1965404450893402,28.02864646911621,1.0,4939776.0,1746190015.9007468,3216
90.15174865722656,0.03597961738705635,0.2188677042722702,25680,0.01361867692321539,1323.13530872,0.7985337376594543,0.0,3240,0.0078125,-0.21859247982501984,26.338542938232422,1.0,4978176.0,1746190025.807575,3241
90.15174865722656,0.02803107164800167,0.2330189198255539,25720,0.01361867692321539,1325.114904531,0.7985337376594543,0.0,3245,0.00911458395421505,-0.2362905889749527,27.50130271911621,1.0,4985856.0,1746190027.7871668,3246
73.89945220947266,0.04525215923786163,0.2594010531902313,26000,0.001828153501264751,1339.07639787,0.6905503273010254,0.0,3280,0.0078125,-0.26425331830978394,28.609375,0.9999999403953552,5039616.0,1746190041.7486517,3281
73.89945220947266,0.035988353192806244,0.24667726457118988,26032,0.001828153501264751,1340.671515279,0.6905503273010254,0.0,3284,0.0078125,-0.2790217697620392,27.39192771911621,0.9999999403953552,5045760.0,1746190043.3437815,3285
73.89945220947266,0.08715376257896423,0.23319898545742035,26040,0.001828153501264751,1341.06740059,0.6905503273010254,0.0,3285,0.0078125,-0.2745254933834076,26.72395896911621,0.9999999403953552,5047296.0,1746190043.739655,3286
73.89945220947266,0.035791292786598206,0.24266617000102997,26048,0.001828153501264751,1341.46322265,0.6905503273010254,0.0,3286,0.01171875,-0.28643253445625305,29.486980438232422,0.9999999403953552,5048832.0,1746190044.135501,3287
73.89945220947266,0.09038197249174118,0.24657735228538513,26088,0.001828153501264751,1343.442904133,0.6905503273010254,0.0,3291,0.0078125,-0.25782454013824463,28.55989646911621,0.9999999403953552,5056512.0,1746190046.11517,3292
73.89945220947266,0.03249572217464447,0.20977728068828583,26488,0.001828153501264751,1363.250139725,0.6905503273010254,0.0,3341,0.0078125,-0.33340984582901,26.34765625,0.9999999403953552,5133312.0,1746190065.9223979,3342
73.89945220947266,0.03851265460252762,0.2064429521560669,26584,0.001828153501264751,1368.000879817,0.6905503273010254,0.0,3353,0.0078125,-0.31183570623397827,24.815105438232422,0.9999999403953552,5151744.0,1746190070.6731296,3354
73.89945220947266,0.030983474105596542,0.28658950328826904,26648,0.001828153501264751,1371.170209284,0.6905503273010254,0.0,3361,0.0078125,-0.3142031133174896,29.408855438232422,0.9999999403953552,5164032.0,1746190073.8424575,3362
73.89945220947266,0.04468262195587158,0.2828426957130432,26704,0.001828153501264751,1373.940788137,0.6905503273010254,0.0201822929084301,3368,0.0078125,-0.3184058666229248,28.62890625,0.9999999403953552,5174784.0,1746190076.6130497,3369
73.89945220947266,0.06419040262699127,0.2250966727733612,26872,0.001828153501264751,1382.260823755,0.6905503273010254,0.0,3389,0.0078125,-0.3430960774421692,26.42317771911621,0.9999999403953552,5207040.0,1746190084.9330676,3390
73.89945220947266,0.03539850562810898,0.24780943989753723,26952,0.001828153501264751,1386.219551119,0.6905503273010254,0.0,3399,0.0078125,-0.35616835951805115,28.59895896911621,0.9999999403953552,5222400.0,1746190088.8917956,3400
73.89945220947266,0.033278074115514755,0.2389029711484909,27024,0.001828153501264751,1389.789656394,0.6905503273010254,0.0,3408,0.0078125,-0.4200555682182312,27.127605438232422,0.9999999403953552,5236224.0,1746190092.4619353,3409
73.89945220947266,0.031974151730537415,0.26159027218818665,27096,0.001828153501264751,1393.354537781,0.6905503273010254,0.0,3417,0.0078125,-0.41203197836875916,28.34375,0.9999999403953552,5250048.0,1746190096.0267553,3418
73.89945220947266,0.02560407668352127,0.2808440923690796,27240,0.001828153501264751,1400.487291014,0.6905503273010254,0.0,3435,0.0078125,-0.4144365191459656,29.955730438232422,0.9999999403953552,5277696.0,1746190103.1595335,3436
73.89945220947266,0.031336233019828796,0.2786063849925995,27480,0.001828153501264751,1412.388224814,0.6905503273010254,0.0,3465,0.008463541977107525,-0.45777490735054016,29.47005271911621,0.9999999403953552,5323776.0,1746190115.0604753,3466
73.89945220947266,0.039829857647418976,0.2519245445728302,27840,0.001828153501264751,1430.206626815,0.6905503273010254,0.0,3510,0.0078125,-0.488659143447876,27.62109375,0.9999999403953552,5392896.0,1746190132.8788524,3511
73.89945220947266,0.022973882034420967,0.25785142183303833,27872,0.001828153501264751,1431.7969014,0.6905503273010254,0.02669270895421505,3514,0.0078125,-0.5195483565330505,26.32161521911621,0.9999999403953552,5399040.0,1746190134.4691057,3515
73.89945220947266,0.022719699889421463,0.2537594437599182,27920,0.001828153501264751,1434.172510511,0.6905503273010254,0.0,3520,0.0078125,-0.5068535804748535,27.41536521911621,0.9999999403953552,5408256.0,1746190136.844755,3521
73.89945220947266,0.028290309011936188,0.2132537066936493,28008,0.001828153501264751,1438.535518308,0.6905503273010254,0.0,3531,0.0078125,-0.5344005227088928,25.34765625,0.9999999403953552,5425152.0,1746190141.2077668,3532
73.89945220947266,0.021269652992486954,0.27428174018859863,28040,0.001828153501264751,1440.119344516,0.6905503273010254,0.0,3535,0.0078125,-0.5782688856124878,28.6171875,0.9999999403953552,5431296.0,1746190142.7916143,3536
73.89945220947266,0.02610369585454464,0.25650161504745483,28056,0.001828153501264751,1440.916167196,0.6905503273010254,0.0182291679084301,3537,0.0078125,-0.5623974800109863,25.80989646911621,0.9999999403953552,5434368.0,1746190143.5884337,3538
73.89945220947266,0.026139870285987854,0.25290143489837646,28120,0.001828153501264751,1444.08488789,0.6905503273010254,0.0,3545,0.0078125,-0.5716094374656677,27.03645896911621,0.9999999403953552,5446656.0,1746190146.7571747,3546
73.89945220947266,0.024618027731776237,0.266189843416214,28336,0.001828153501264751,1454.779942728,0.6905503273010254,0.0,3572,0.0078125,-0.5408700704574585,27.760417938232422,0.9999999403953552,5488128.0,1746190157.45219,3573
73.89945220947266,0.028195001184940338,0.27930009365081787,28344,0.001828153501264751,1455.175954106,0.6905503273010254,0.03059895895421505,3573,0.0078125,-0.5423243045806885,26.291667938232422,0.9999999403953552,5489664.0,1746190157.8482063,3574
92.369140625,0.02652096375823021,0.23282186686992645,28624,0.041015625,1469.139430176,0.8650387525558472,0.0,3608,0.0078125,-0.5437542200088501,25.615886688232422,1.0,5543424.0,1746190171.8116667,3609
92.369140625,0.028640542179346085,0.2562956213951111,28736,0.041015625,1474.684751635,0.8650387525558472,0.01953125,3622,0.008463541977107525,-0.5414737462997437,25.815105438232422,1.0,5564928.0,1746190177.357027,3623
92.369140625,0.030898362398147583,0.23970377445220947,28776,0.041015625,1476.663870089,0.8650387525558472,0.0,3627,0.0078125,-0.5546873807907104,26.682292938232422,1.0,5572608.0,1746190179.336122,3628
92.369140625,0.03272727131843567,0.2680584788322449,28840,0.041015625,1479.833063421,0.8650387525558472,0.0,3635,0.0078125,-0.6494985222816467,26.96614646911621,1.0,5584896.0,1746190182.505323,3636
92.369140625,0.02954290434718132,0.2668980658054352,28856,0.041015625,1480.631338507,0.8650387525558472,0.0,3637,0.0078125,-0.5862108469009399,28.119792938232422,1.0,5587968.0,1746190183.3035913,3638
92.369140625,0.026214126497507095,0.23664024472236633,28984,0.041015625,1486.975858225,0.8650387525558472,0.0,3653,0.0078125,-0.5649815797805786,26.111980438232422,1.0,5612544.0,1746190189.6481118,3654
92.369140625,0.032286204397678375,0.23953282833099365,29016,0.041015625,1488.559494882,0.8650387525558472,0.0,3657,0.0078125,-0.5767266154289246,26.80208396911621,1.0,5618688.0,1746190191.2317631,3658
92.369140625,0.031072627753019333,0.23860907554626465,29120,0.041015625,1493.708750771,0.8650387525558472,0.0,3670,0.0078125,-0.604764997959137,26.619792938232422,1.0,5638656.0,1746190196.3810093,3671
92.369140625,0.026602163910865784,0.21666841208934784,29200,0.041015625,1497.668871418,0.8650387525558472,0.0,3680,0.0078125,-0.6110996007919312,24.80078125,1.0,5654016.0,1746190200.3411267,3681
92.369140625,0.028910156339406967,0.25011324882507324,29240,0.041015625,1499.649169571,0.8650387525558472,0.0,3685,0.0078125,-0.6100433468818665,27.68489646911621,1.0,5661696.0,1746190202.3214123,3686
92.369140625,0.03194437921047211,0.22209933400154114,29424,0.041015625,1508.766290046,0.8650387525558472,0.0,3708,0.0078125,-0.5903523564338684,25.35677146911621,1.0,5697024.0,1746190211.4385364,3709
92.369140625,0.037290047854185104,0.2784842252731323,29600,0.041015625,1517.481269804,0.8650387525558472,0.0201822929084301,3730,0.0078125,-0.48346972465515137,27.6640625,1.0,5730816.0,1746190220.1535199,3731
92.369140625,0.03271149843931198,0.22799888253211975,29800,0.041015625,1527.387136734,0.8650387525558472,0.0,3755,0.0078125,-0.48120036721229553,26.432292938232422,1.0,5769216.0,1746190230.059391,3756
92.369140625,0.03949013352394104,0.18985486030578613,29888,0.041015625,1531.747390365,0.8650387525558472,0.0,3766,0.0078125,-0.5040431022644043,24.28125,1.0,5786112.0,1746190234.4196496,3767
92.369140625,0.03794173151254654,0.22198568284511566,29952,0.041015625,1534.917179702,0.8650387525558472,0.0,3774,0.0078125,-0.5328332185745239,25.022136688232422,1.0,5798400.0,1746190237.5894496,3775
92.369140625,0.029162459075450897,0.23384523391723633,30040,0.041015625,1539.272719632,0.8650387525558472,0.0,3785,0.0078125,-0.5641497373580933,25.20052146911621,1.0,5815296.0,1746190241.944926,3786
92.369140625,0.03146345168352127,0.2487535923719406,30176,0.041015625,1546.006144661,0.8650387525558472,0.0,3802,0.008463541977107525,-0.50835120677948,26.51953125,1.0,5841408.0,1746190248.6783872,3803
92.369140625,0.03829845041036606,0.2513941526412964,30296,0.041015625,1551.948353422,0.8650387525558472,0.0,3817,0.0078125,-0.49349647760391235,27.608074188232422,1.0,5864448.0,1746190254.620613,3818
92.369140625,0.037387020885944366,0.20817506313323975,30368,0.041015625,1555.510804996,0.8650387525558472,0.0,3826,0.0078125,-0.48766595125198364,25.33203125,1.0,5878272.0,1746190258.183056,3827
92.369140625,0.04387175664305687,0.21542493999004364,30488,0.041015625,1561.449725936,0.8650387525558472,0.0,3841,0.0078125,-0.494004487991333,24.522136688232422,1.0,5901312.0,1746190264.121979,3842
92.369140625,0.03682686388492584,0.21316902339458466,30624,0.041015625,1568.182191593,0.8650387525558472,0.0,3858,0.0078125,-0.47224536538124084,24.51953125,1.0,5927424.0,1746190270.8544443,3859
92.369140625,0.0378117561340332,0.2359432876110077,30680,0.041015625,1570.957602115,0.8650387525558472,0.0,3865,0.0078125,-0.47093576192855835,25.80078125,1.0,5938176.0,1746190273.629848,3866
92.369140625,0.04043985903263092,0.1905425786972046,30824,0.041015625,1578.107367857,0.8650387525558472,0.0,3883,0.0078125,-0.38941341638565063,23.90234375,1.0,5965824.0,1746190280.7796247,3884
91.736328125,0.04452057555317879,0.2370811402797699,31032,0.07421875,1588.502662869,0.9144780039787292,0.0,3909,0.0078125,-0.3880964517593384,26.608074188232422,1.0,6005760.0,1746190291.1747541,3910
91.736328125,0.03739359974861145,0.2532569169998169,31080,0.07421875,1590.884835638,0.9144780039787292,0.0,3915,0.0078125,-0.408220499753952,27.463542938232422,1.0,6014976.0,1746190293.557104,3916
91.736328125,0.038702718913555145,0.24014274775981903,31264,0.07421875,1599.991054664,0.9144780039787292,0.0,3938,0.0078125,-0.30837786197662354,26.26953125,1.0,6050304.0,1746190302.6633315,3939
91.736328125,0.031093962490558624,0.2040964961051941,31648,0.07421875,1618.995513437,0.9144780039787292,0.0,3986,0.0078125,-0.35461097955703735,24.109375,1.0,6124032.0,1746190321.6677773,3987
91.736328125,0.03348483890295029,0.24429237842559814,31760,0.07421875,1624.538783517,0.9144780039787292,0.0,4000,0.0078125,-0.414908230304718,26.541667938232422,1.0,6145536.0,1746190327.2110415,4001
91.736328125,0.030829254537820816,0.25186243653297424,31952,0.07421875,1634.052970145,0.9144780039787292,0.0,4024,0.0078125,-0.3452339172363281,27.02474021911621,1.0,6182400.0,1746190336.7252243,4025
91.736328125,0.027895737439393997,0.2702833414077759,32000,0.07421875,1636.428892092,0.9144780039787292,0.0,4030,0.0078125,-0.37655478715896606,28.182292938232422,1.0,6191616.0,1746190339.1011631,4031
91.736328125,0.030992280691862106,0.25233110785484314,32016,0.07421875,1637.220539527,0.9144780039787292,0.0,4032,0.0078125,-0.3735027313232422,26.365886688232422,1.0,6194688.0,1746190339.8928025,4033
91.736328125,0.10330692678689957,0.29410624504089355,32160,0.07421875,1644.350724496,0.9144780039787292,0.048828125,4050,0.0078125,-0.41389018297195435,26.46875,1.0,6222336.0,1746190347.0229673,4051
91.736328125,0.034628961235284805,0.23767314851284027,32408,0.07421875,1656.62633677,0.9144780039787292,0.0,4081,0.0078125,-0.36757975816726685,26.436199188232422,1.0,6269952.0,1746190359.2986045,4082
91.736328125,0.02927681803703308,0.28436678647994995,32488,0.07421875,1660.585564608,0.9144780039787292,0.01953125,4091,0.0078125,-0.3720446228981018,27.420574188232422,1.0,6285312.0,1746190363.2578328,4092
91.736328125,0.03121950477361679,0.34382718801498413,32504,0.07421875,1661.377393817,0.9144780039787292,0.0592447929084301,4093,0.0078125,-0.3622562885284424,28.451824188232422,1.0,6288384.0,1746190364.0495567,4094
91.736328125,0.03194781392812729,0.2864365875720978,32560,0.07421875,1664.148734546,0.9144780039787292,0.02473958395421505,4100,0.0078125,-0.38137322664260864,26.60677146911621,1.0,6299136.0,1746190366.820974,4101
91.736328125,0.05219585821032524,0.2682496905326843,32592,0.07421875,1665.733544963,0.9144780039787292,0.0260416679084301,4104,0.0078125,-0.39523428678512573,27.174480438232422,1.0,6305280.0,1746190368.405781,4105
91.736328125,0.038809217512607574,0.24251878261566162,32608,0.07421875,1666.526183001,0.9144780039787292,0.0,4106,0.0078125,-0.3861229121685028,26.041667938232422,1.0,6308352.0,1746190369.1984313,4107
91.736328125,0.03752775490283966,0.22827103734016418,32744,0.07421875,1673.258032392,0.9144780039787292,0.0221354179084301,4123,0.0078125,-0.3416210412979126,24.6953125,1.0,6334464.0,1746190375.9303036,4124
91.736328125,0.042192183434963226,0.24930787086486816,32864,0.07421875,1679.206396234,0.9144780039787292,0.0,4138,0.0078125,-0.33959686756134033,26.64974021911621,1.0,6357504.0,1746190381.878665,4139
91.736328125,0.042563945055007935,0.2949371039867401,33104,0.07421875,1691.088258427,0.9144780039787292,0.0338541679084301,4168,0.0078125,-0.27348244190216064,27.31640625,1.0,6403584.0,1746190393.7605104,4169
91.736328125,0.03559602424502373,0.2588618993759155,33128,0.07421875,1692.275510187,0.9144780039787292,0.0,4171,0.008463541977107525,-0.26864999532699585,27.13671875,1.0,6408192.0,1746190394.9477568,4172
91.736328125,0.05603598803281784,0.3272845149040222,33144,0.07421875,1693.068037987,0.9144780039787292,0.03125,4173,0.0078125,-0.22401627898216248,28.85286521911621,1.0,6411264.0,1746190395.7402918,4174
91.736328125,0.03966813534498215,0.3094913363456726,33200,0.07421875,1695.841258093,0.9144780039787292,0.01888020895421505,4180,0.0078125,-0.2320825159549713,28.494792938232422,1.0,6422016.0,1746190398.5134842,4181
91.736328125,0.037554286420345306,0.26903897523880005,33224,0.07421875,1697.029068689,0.9144780039787292,0.02278645895421505,4183,0.0078125,-0.2333836704492569,26.34505271911621,1.0,6426624.0,1746190399.701334,4184
91.736328125,0.041680194437503815,0.2707311809062958,33296,0.07421875,1700.595205399,0.9144780039787292,0.02864583395421505,4192,0.0078125,-0.2143629640340805,26.00130271911621,1.0,6440448.0,1746190403.26746,4193
87.10721588134766,0.0552874356508255,0.2571089267730713,33568,0.09161793440580368,1714.152549295,0.9399107098579407,0.0,4226,0.0078125,-0.17473992705345154,27.19921875,1.0,6492672.0,1746190416.8248084,4227
87.10721588134766,0.03419782966375351,0.25871580839157104,33600,0.09161793440580368,1715.738297784,0.9399107098579407,0.0,4230,0.0078125,-0.22510170936584473,27.51171875,1.0,6498816.0,1746190418.4105535,4231
87.10721588134766,0.06004445254802704,0.26898810267448425,33640,0.09161793440580368,1717.717270741,0.9399107098579407,0.02473958395421505,4235,0.0078125,-0.29412734508514404,25.690105438232422,1.0,6506496.0,1746190420.389528,4236
87.10721588134766,0.059932857751846313,0.26991555094718933,33696,0.09161793440580368,1720.489857159,0.9399107098579407,0.0,4242,0.0078125,-0.1868528127670288,27.479167938232422,1.0,6517248.0,1746190423.1620953,4243
87.10721588134766,0.04515388607978821,0.27180033922195435,33736,0.09161793440580368,1722.469953318,0.9399107098579407,0.0,4247,0.0078125,-0.16814939677715302,28.36458396911621,1.0,6524928.0,1746190425.1422153,4248
87.10721588134766,0.04499118775129318,0.3052688539028168,33832,0.09161793440580368,1727.228446643,0.9399107098579407,0.0,4259,0.0078125,-0.21501001715660095,30.4296875,1.0,6543360.0,1746190429.9006734,4260
87.10721588134766,0.046949610114097595,0.3660585880279541,34112,0.09161793440580368,1741.091322626,0.9399107098579407,0.0787760466337204,4294,0.0078125,-0.22897876799106598,28.78515625,1.0,6597120.0,1746190443.7635481,4295
87.10721588134766,0.060633789747953415,0.25430014729499817,34344,0.09161793440580368,1752.593298315,0.9399107098579407,0.0,4323,0.0078125,-0.25059735774993896,27.53255271911621,1.0,6641664.0,1746190455.2655523,4324
87.10721588134766,0.06122209504246712,0.3044787049293518,34440,0.09161793440580368,1757.34520707,0.9399107098579407,0.0358072929084301,4335,0.0078125,-0.31732624769210815,27.6640625,1.0,6660096.0,1746190460.0174668,4336
87.10721588134766,0.07706938683986664,0.2479519546031952,34480,0.09161793440580368,1759.324227919,0.9399107098579407,0.0,4340,0.0078125,-0.29619100689888,26.61849021911621,1.0,6667776.0,1746190461.9964807,4341
87.10721588134766,0.055646855384111404,0.24555985629558563,34488,0.09161793440580368,1759.722822394,0.9399107098579407,0.0,4341,0.0078125,-0.3176068663597107,26.140625,1.0,6669312.0,1746190462.3950408,4342
87.10721588134766,0.055894337594509125,0.2349018156528473,34496,0.09161793440580368,1760.118725905,0.9399107098579407,0.0,4342,0.0078125,-0.28698205947875977,26.623699188232422,1.0,6670848.0,1746190462.790978,4343
87.10721588134766,0.055080167949199677,0.26646000146865845,34752,0.09161793440580368,1772.790900676,0.9399107098579407,0.0,4374,0.0078125,-0.1876544952392578,28.053386688232422,1.0,6720000.0,1746190475.4631515,4375
87.10721588134766,0.045654296875,0.20952638983726501,34760,0.09161793440580368,1773.186528877,0.9399107098579407,0.0,4375,0.0078125,-0.19115115702152252,25.99739646911621,1.0,6721536.0,1746190475.8587813,4376
87.10721588134766,0.061729077249765396,0.27677667140960693,34784,0.09161793440580368,1774.373973388,0.9399107098579407,0.0,4378,0.0078125,-0.15469345450401306,28.24349021911621,1.0,6726144.0,1746190477.0462503,4379
87.10721588134766,0.06242964789271355,0.24406316876411438,34848,0.09161793440580368,1777.548565208,0.9399107098579407,0.0,4386,0.0078125,-0.1428472250699997,26.6171875,1.0,6738432.0,1746190480.22081,4387
87.10721588134766,0.06387630105018616,0.23726794123649597,34968,0.09161793440580368,1783.493665435,0.9399107098579407,0.0,4401,0.0078125,-0.11079335957765579,26.375,1.0,6761472.0,1746190486.1659253,4402
87.10721588134766,0.07480762898921967,0.22071592509746552,35088,0.09161793440580368,1789.433545851,0.9399107098579407,0.0,4416,0.0078125,-0.1668742597103119,25.84505271911621,1.0,6784512.0,1746190492.1057827,4417
87.10721588134766,0.060467541217803955,0.24928510189056396,35368,0.09161793440580368,1803.296312591,0.9399107098579407,0.0240885429084301,4451,0.0078125,-0.0806538313627243,24.979167938232422,1.0,6838272.0,1746190505.9685748,4452
87.10721588134766,0.062079619616270065,0.3692035377025604,35456,0.09161793440580368,1807.653673781,0.9399107098579407,0.0911458358168602,4462,0.0078125,-0.1120389774441719,27.733074188232422,1.0,6855168.0,1746190510.325924,4463
87.10721588134766,0.0807659924030304,0.25474250316619873,35600,0.09161793440580368,1814.783284299,0.9399107098579407,0.01953125,4480,0.0078125,-0.07308848202228546,25.75130271911621,1.0,6882816.0,1746190517.4555478,4481
87.10721588134766,0.06440910696983337,0.2821078896522522,35648,0.09161793440580368,1817.15994915,0.9399107098579407,0.03059895895421505,4486,0.0078125,-0.04139435663819313,26.93880271911621,1.0,6892032.0,1746190519.8322146,4487
87.10721588134766,0.059267640113830566,0.2707395851612091,35696,0.09161793440580368,1819.535183748,0.9399107098579407,0.0234375,4492,0.0078125,-0.03571850061416626,26.8984375,1.0,6901248.0,1746190522.207432,4493
87.10721588134766,0.0614023432135582,0.284795343875885,35712,0.09161793440580368,1820.326676405,0.9399107098579407,0.0221354179084301,4494,0.0078125,-0.03344085067510605,27.875,1.0,6904320.0,1746190522.9989216,4495
87.10721588134766,0.07103189826011658,0.28952690958976746,35728,0.09161793440580368,1821.118561222,0.9399107098579407,0.0260416679084301,4496,0.0078125,-0.04356218874454498,27.66796875,1.0,6907392.0,1746190523.7907856,4497
87.10721588134766,0.08295135945081711,0.2681810259819031,35816,0.09161793440580368,1825.480958177,0.9399107098579407,0.0,4507,0.0078125,-0.10584370791912079,28.026042938232422,1.0,6924288.0,1746190528.1532423,4508
87.10721588134766,0.07718607038259506,0.27559196949005127,35888,0.09161793440580368,1829.043084318,0.9399107098579407,0.0,4516,0.0078125,-0.10346310585737228,28.79036521911621,1.0,6938112.0,1746190531.7153482,4517
87.10721588134766,0.06337545812129974,0.2775424122810364,36008,0.09161793440580368,1834.98856923,0.9399107098579407,0.02734375,4531,0.0078125,-0.11990892887115479,26.5859375,1.0,6961152.0,1746190537.6608272,4532
87.10721588134766,0.06740429997444153,0.27453887462615967,36072,0.09161793440580368,1838.157163933,0.9399107098579407,0.0,4539,0.0078125,-0.14165696501731873,28.19140625,1.0,6973440.0,1746190540.8294082,4540
87.10721588134766,0.061700496822595596,0.3232722580432892,36120,0.09161793440580368,1840.532490736,0.9399107098579407,0.046875,4545,0.0078125,-0.1342872977256775,27.877605438232422,1.0,6982656.0,1746190543.2047465,4546
90.09375,0.09294924885034561,0.2784367501735687,36288,0.14453125,1848.946308116,0.9972243309020996,0.029296875,4566,0.0078125,0.09078352153301239,26.604167938232422,1.0,7014912.0,1746190551.618558,4567
90.09375,0.060465194284915924,0.2702813148498535,36352,0.14453125,1852.114404117,0.9972243309020996,0.0,4574,0.0078125,0.021967308595776558,27.734375,1.0,7027200.0,1746190554.78665,4575
90.09375,0.06120399758219719,0.30422720313072205,36376,0.14453125,1853.301973291,0.9972243309020996,0.0260416679084301,4577,0.0078125,0.014063503593206406,28.74349021911621,1.0,7031808.0,1746190555.9742382,4578
90.09375,0.09359347820281982,0.3397814631462097,36448,0.14453125,1856.864091457,0.9972243309020996,0.0358072929084301,4586,0.0078125,0.05974840372800827,30.015625,1.0,7045632.0,1746190559.53635,4587
90.09375,0.0774526447057724,0.32140058279037476,36472,0.14453125,1858.051745351,0.9972243309020996,0.03059895895421505,4589,0.0078125,0.07820756733417511,29.244792938232422,1.0,7050240.0,1746190560.7239969,4590
90.09375,0.08146318048238754,0.3020511269569397,36544,0.14453125,1861.619390421,0.9972243309020996,0.021484375,4598,0.0078125,0.0492389053106308,27.91015625,1.0,7064064.0,1746190564.2916536,4599
90.09375,0.07489155232906342,0.26920413970947266,36560,0.14453125,1862.4109188,0.9972243309020996,0.0,4600,0.0078125,0.041276052594184875,28.369792938232422,1.0,7067136.0,1746190565.0831661,4601
90.09375,0.0704708844423294,0.2761459946632385,36728,0.14453125,1870.723837355,0.9972243309020996,0.0221354179084301,4621,0.008463541977107525,0.039235278964042664,26.986980438232422,1.0,7099392.0,1746190573.3960772,4622
90.09375,0.0866456851363182,0.2796545624732971,36784,0.14453125,1873.496354028,0.9972243309020996,0.02473958395421505,4628,0.0078125,0.01695997081696987,27.2109375,1.0,7110144.0,1746190576.1686175,4629
90.09375,0.06920800358057022,0.2993012070655823,36960,0.14453125,1882.209428773,0.9972243309020996,0.0345052108168602,4650,0.0078125,-0.040758825838565826,27.16536521911621,1.0,7143936.0,1746190584.881684,4651
90.09375,0.09720266610383987,0.23985669016838074,36984,0.14453125,1883.397237888,0.9972243309020996,0.0,4653,0.0078125,-0.01060495711863041,26.893230438232422,1.0,7148544.0,1746190586.0694313,4654
90.09375,0.11000527441501617,0.2577124238014221,37168,0.14453125,1892.508904977,0.9972243309020996,0.0,4676,0.0078125,-0.13981255888938904,26.686199188232422,1.0,7183872.0,1746190595.1811426,4677
90.09375,0.05290691927075386,0.23747894167900085,37392,0.14453125,1903.597550331,0.9972243309020996,0.0,4704,0.0078125,-0.19741156697273254,26.171875,1.0,7226880.0,1746190606.2697814,4705
90.09375,0.06194189935922623,0.25026971101760864,37832,0.14453125,1925.39957433,0.9972243309020996,0.0,4759,0.0078125,-0.2464493215084076,27.131511688232422,1.0,7311360.0,1746190628.071814,4760
90.09375,0.0624987930059433,0.3609756827354431,37888,0.14453125,1928.172377261,0.9972243309020996,0.0690104216337204,4766,0.0078125,-0.257100909948349,29.08333396911621,1.0,7322112.0,1746190630.8446376,4767
90.09375,0.0638105496764183,0.2120457887649536,37904,0.14453125,1928.963721533,0.9972243309020996,0.0,4768,0.0078125,-0.24088813364505768,24.86849021911621,1.0,7325184.0,1746190631.6359768,4769
90.09375,0.06289887428283691,0.3372112512588501,37920,0.14453125,1929.755063901,0.9972243309020996,0.0592447929084301,4770,0.0078125,-0.23165805637836456,28.678386688232422,1.0,7328256.0,1746190632.4273272,4771
90.09375,0.053967878222465515,0.2899971902370453,37976,0.14453125,1932.529911858,0.9972243309020996,0.0299479179084301,4777,0.0078125,-0.24392256140708923,27.3828125,1.0,7339008.0,1746190635.2021484,4778
90.09375,0.0638113021850586,0.29419389367103577,38104,0.14453125,1938.865098056,0.9972243309020996,0.0,4793,0.0078125,-0.24777884781360626,30.041667938232422,1.0,7363584.0,1746190641.5373466,4794
90.09375,0.07015511393547058,0.2965916097164154,38336,0.14453125,1950.350911385,0.9972243309020996,0.0338541679084301,4822,0.0078125,-0.1000625416636467,27.514324188232422,1.0,7408128.0,1746190653.0231543,4823
90.09375,0.06058517098426819,0.32293272018432617,38392,0.14453125,1953.122252289,0.9972243309020996,0.0299479179084301,4829,0.0078125,-0.15484952926635742,29.498699188232422,1.0,7418880.0,1746190655.7945123,4830
90.09375,0.06811806559562683,0.28637751936912537,38472,0.14453125,1957.080558048,0.9972243309020996,0.037109375,4839,0.0078125,-0.05512683838605881,25.58724021911621,1.0,7434240.0,1746190659.752804,4840
90.09375,0.0671398937702179,0.267727792263031,38544,0.14453125,1960.648951222,0.9972243309020996,0.0,4848,0.0078125,-0.05733940377831459,28.10677146911621,1.0,7448064.0,1746190663.3212147,4849
90.09375,0.06483851373195648,0.2613602876663208,38600,0.14453125,1963.421756993,0.9972243309020996,0.0,4855,0.0078125,-0.09272359311580658,27.483074188232422,1.0,7458816.0,1746190666.0940022,4856
90.09375,0.06450913846492767,0.31941530108451843,38632,0.14453125,1965.005256716,0.9972243309020996,0.0319010429084301,4859,0.0078125,-0.08149009943008423,30.369792938232422,1.0,7464960.0,1746190667.6775143,4860
90.09375,0.06685218214988708,0.27422699332237244,38672,0.14453125,1966.98566369,0.9972243309020996,0.02278645895421505,4864,0.0078125,-0.07339785248041153,26.733074188232422,1.0,7472640.0,1746190669.657909,4865
90.09375,0.09500059485435486,0.27103421092033386,38704,0.14453125,1968.57682007,0.9972243309020996,0.02473958395421505,4868,0.0078125,-0.13103121519088745,26.10546875,1.0,7478784.0,1746190671.2490704,4869
90.09375,0.06168224662542343,0.2516382932662964,38736,0.14453125,1970.159888778,0.9972243309020996,0.0,4872,0.0078125,-0.0878061056137085,27.25911521911621,1.0,7484928.0,1746190672.832147,4873
90.09375,0.06903363764286041,0.2743763327598572,38744,0.14453125,1970.559402364,0.9972243309020996,0.03125,4873,0.0078125,-0.08902335166931152,25.375,1.0,7486464.0,1746190673.2316685,4874
87.642578125,0.08200453966856003,0.2452341914176941,38776,0.12109375,1972.240086258,0.9729132652282715,0.0,4877,0.0078125,-0.09898702055215836,26.83203125,1.0,7492608.0,1746190674.9123561,4878
87.642578125,0.09521085023880005,0.2596985995769501,38872,0.12109375,1976.991961546,0.9729132652282715,0.0,4889,0.0078125,-0.11695322394371033,27.75911521911621,1.0,7511040.0,1746190679.6642027,4890
87.642578125,0.08345602452754974,0.3019309341907501,38896,0.12109375,1978.17943872,0.9729132652282715,0.021484375,4892,0.0078125,-0.08279304206371307,28.49609375,1.0,7515648.0,1746190680.8517027,4893
87.642578125,0.07257497310638428,0.29767102003097534,39032,0.12109375,1984.913691585,0.9729132652282715,0.033203125,4909,0.0078125,-0.09578417241573334,27.296875,1.0,7541760.0,1746190687.5859368,4910
87.642578125,0.08709914982318878,0.3420383930206299,39208,0.12109375,1993.622211984,0.9729132652282715,0.056640625,4931,0.0078125,-0.029127418994903564,28.41536521911621,1.0,7575552.0,1746190696.2944803,4932
87.642578125,0.08561600744724274,0.3305778503417969,39224,0.12109375,1994.413765479,0.9729132652282715,0.0670572966337204,4933,0.0078125,-0.03311808407306671,26.690105438232422,1.0,7578624.0,1746190697.0860217,4934
87.642578125,0.0887121707201004,0.3370285928249359,39424,0.12109375,2004.315843125,0.9729132652282715,0.0553385429084301,4958,0.0078125,-0.04132619500160217,28.459636688232422,1.0,7617024.0,1746190706.9880984,4959
87.642578125,0.07250729203224182,0.2733551263809204,39704,0.12109375,2018.187754512,0.9729132652282715,0.0,4993,0.0078125,0.05590168386697769,27.631511688232422,1.0,7670784.0,1746190720.860013,4994
87.642578125,0.12477671355009079,0.338245689868927,39856,0.12109375,2025.715394656,0.9729132652282715,0.0481770858168602,5012,0.0078125,0.02965213730931282,29.203125,1.0,7699968.0,1746190728.3876436,5013
87.642578125,0.08168931305408478,0.3278300166130066,39960,0.12109375,2030.868901052,0.9729132652282715,0.0501302108168602,5025,0.0078125,-0.052938953042030334,28.72395896911621,1.0,7719936.0,1746190733.5411344,5026
87.642578125,0.09551547467708588,0.2431563436985016,40032,0.12109375,2034.431687515,0.9729132652282715,0.0,5034,0.0078125,-0.04166869819164276,26.736980438232422,1.0,7733760.0,1746190737.1039155,5035
87.642578125,0.09137950092554092,0.2731177806854248,40064,0.12109375,2036.015492102,0.9729132652282715,0.0442708358168602,5038,0.0078125,0.004334362223744392,25.19270896911621,1.0,7739904.0,1746190738.6877396,5039
87.642578125,0.0808330699801445,0.2531019449234009,40080,0.12109375,2036.807168208,0.9729132652282715,0.0,5040,0.0078125,-0.014054147526621819,27.486980438232422,1.0,7742976.0,1746190739.4794316,5041
87.642578125,0.0751895010471344,0.2527514696121216,40112,0.12109375,2038.390541591,0.9729132652282715,0.0,5044,0.0078125,-0.01293838582932949,26.91015625,1.0,7749120.0,1746190741.0627995,5045
87.642578125,0.08537598699331284,0.3028278648853302,40304,0.12109375,2047.893909604,0.9729132652282715,0.0299479179084301,5068,0.0078125,0.010158713907003403,27.48828125,1.0,7785984.0,1746190750.5661795,5069
87.642578125,0.09266187250614166,0.35887813568115234,40544,0.12109375,2059.775063833,0.9729132652282715,0.0592447929084301,5098,0.0078125,0.04782053083181381,29.16536521911621,1.0,7832064.0,1746190762.4473274,5099
87.642578125,0.10774008929729462,0.3045571446418762,40600,0.12109375,2062.548035942,0.9729132652282715,0.0234375,5105,0.0078125,0.05614060163497925,28.15234375,1.0,7842816.0,1746190765.2203045,5106
87.642578125,0.12181366980075836,0.29721081256866455,40640,0.12109375,2064.527398027,0.9729132652282715,0.0260416679084301,5110,0.0078125,-0.01059046946465969,27.47265625,1.0,7850496.0,1746190767.199643,5111
87.642578125,0.0855899304151535,0.24740462005138397,40792,0.12109375,2072.061011354,0.9729132652282715,0.02278645895421505,5129,0.0078125,-0.04168332740664482,24.61849021911621,1.0,7879680.0,1746190774.7332838,5130
87.642578125,0.08683132380247116,0.3218715786933899,40872,0.12109375,2076.018759099,0.9729132652282715,0.0319010429084301,5139,0.0078125,-0.03486514091491699,29.2265625,1.0,7895040.0,1746190778.6910279,5140
87.642578125,0.08377394080162048,0.28558966517448425,40952,0.12109375,2079.978279413,0.9729132652282715,0.0,5149,0.0078125,-0.06943342834711075,29.74609375,1.0,7910400.0,1746190782.6505148,5150
87.642578125,0.09281209856271744,0.2809849977493286,41048,0.12109375,2084.731734695,0.9729132652282715,0.02278645895421505,5161,0.0078125,-0.10570437461137772,28.01692771911621,1.0,7928832.0,1746190787.4039688,5162
87.642578125,0.08432690799236298,0.2819608151912689,41112,0.12109375,2087.90008243,0.9729132652282715,0.0,5169,0.0078125,-0.10435113310813904,28.23177146911621,1.0,7941120.0,1746190790.5723486,5170
85.22956848144531,0.12835770845413208,0.33365321159362793,41376,0.14202333986759186,2101.087675276,0.9955891966819763,0.0338541679084301,5202,0.0078125,-0.1412947177886963,29.932292938232422,1.0,7991808.0,1746190803.7599099,5203
85.22956848144531,0.12099780142307281,0.33322182297706604,41480,0.14202333986759186,2106.233562011,0.9955891966819763,0.02669270895421505,5215,0.0078125,-0.13935407996177673,30.268230438232422,1.0,8011776.0,1746190808.9058125,5216
85.22956848144531,0.17685511708259583,0.2826884388923645,41608,0.14202333986759186,2112.571250387,0.9955891966819763,0.0,5231,0.0078125,-0.08016165345907211,28.3828125,1.0,8036352.0,1746190815.2435102,5232
85.22956848144531,0.16723617911338806,0.26536136865615845,41784,0.14202333986759186,2121.286734237,0.9955891966819763,0.0,5253,0.0078125,-0.1583324670791626,27.953125,1.0,8070144.0,1746190823.9589725,5254
85.22956848144531,0.13663767278194427,0.24837085604667664,41928,0.14202333986759186,2128.417372416,0.9955891966819763,0.0,5271,0.0078125,-0.21064215898513794,26.990886688232422,1.0,8097792.0,1746190831.0896218,5272
85.22956848144531,0.16815918684005737,0.2661055326461792,42104,0.14202333986759186,2137.130402306,0.9955891966819763,0.02669270895421505,5293,0.0078125,-0.37358900904655457,26.17708396911621,1.0,8131584.0,1746190839.8026378,5294
85.22956848144531,0.12954439222812653,0.302240252494812,42544,0.14202333986759186,2158.913361754,0.9955891966819763,0.0,5348,0.0078125,-0.48013293743133545,29.54036521911621,1.0,8216064.0,1746190861.5856016,5349
85.22956848144531,0.12556126713752747,0.3296653628349304,42584,0.14202333986759186,2160.894000416,0.9955891966819763,0.0540364608168602,5353,0.0078125,-0.4913559556007385,28.506511688232422,1.0,8223744.0,1746190863.566249,5354
85.22956848144531,0.11717883497476578,0.3089020252227783,42608,0.14202333986759186,2162.089422716,0.9955891966819763,0.0436197929084301,5356,0.0078125,-0.4933438003063202,28.279949188232422,1.0,8228352.0,1746190864.7616518,5357
85.22956848144531,0.12585505843162537,0.29173335433006287,42680,0.14202333986759186,2165.652915695,0.9955891966819763,0.02864583395421505,5365,0.0078125,-0.45230674743652344,27.45833396911621,1.0,8242176.0,1746190868.3251884,5366
85.22956848144531,0.13898852467536926,0.3306436538696289,42752,0.14202333986759186,2169.217794742,0.9955891966819763,0.0559895858168602,5374,0.0078125,-0.3938756585121155,27.80599021911621,1.0,8256000.0,1746190871.8900597,5375
85.22956848144531,0.14475828409194946,0.2594345211982727,42824,0.14202333986759186,2172.783202158,0.9955891966819763,0.0,5383,0.0078125,-0.37219592928886414,27.744792938232422,1.0,8269824.0,1746190875.45547,5384
85.22956848144531,0.1440819650888443,0.33741194009780884,42912,0.14202333986759186,2177.139221923,0.9955891966819763,0.0579427108168602,5394,0.0078125,-0.3002810478210449,27.846355438232422,1.0,8286720.0,1746190879.811454,5395
85.22956848144531,0.17734281718730927,0.29186123609542847,43016,0.14202333986759186,2182.288101048,0.9955891966819763,0.02083333395421505,5407,0.0078125,-0.2879578471183777,27.95703125,1.0,8306688.0,1746190884.9603493,5408
85.22956848144531,0.12757112085819244,0.3226013779640198,43200,0.14202333986759186,2191.397715522,0.9955891966819763,0.02669270895421505,5430,0.0078125,-0.450541615486145,29.28645896911621,1.0,8342016.0,1746190894.069976,5431
85.22956848144531,0.13970398902893066,0.2309248298406601,43656,0.14202333986759186,2213.972706604,0.9955891966819763,0.0,5487,0.0078125,-0.33859264850616455,24.764324188232422,1.0,8429568.0,1746190916.6449673,5488
87.017578125,0.15798525512218475,0.3910687565803528,43992,0.1796875,2230.701669453,1.0395241975784302,0.1002604216337204,5529,0.0078125,-0.3284323215484619,29.0078125,1.0,8494080.0,1746190933.3739176,5530
87.017578125,0.15204162895679474,0.31654465198516846,44000,0.1796875,2231.097387282,1.0395241975784302,0.0546875,5530,0.0078125,-0.3760322630405426,27.140625,1.0,8495616.0,1746190933.7696347,5531
87.017578125,0.13103769719600677,0.2940577268600464,44080,0.1796875,2235.056854573,1.0395241975784302,0.0,5540,0.0078125,-0.4025157392024994,29.9765625,1.0,8510976.0,1746190937.729099,5541
87.017578125,0.13847902417182922,0.38576310873031616,44192,0.1796875,2240.606828345,1.0395241975784302,0.0787760466337204,5554,0.0078125,-0.43118542432785034,29.26302146911621,1.0,8532480.0,1746190943.279071,5555
87.017578125,0.1579589694738388,0.3722367286682129,44616,0.1796875,2261.622762576,1.0395241975784302,0.072265625,5607,0.0078125,-0.3413166403770447,29.201824188232422,1.0,8613888.0,1746190964.294646,5608
87.017578125,0.15625515580177307,0.3573964536190033,44976,0.1796875,2279.446825112,1.0395241975784302,0.056640625,5652,0.0078125,-0.5372494459152222,29.080730438232422,1.0,8683008.0,1746190982.119064,5653
87.017578125,0.1411748230457306,0.30211931467056274,44984,0.1796875,2279.843020179,1.0395241975784302,0.0345052108168602,5653,0.0078125,-0.5489609241485596,26.611980438232422,1.0,8684544.0,1746190982.51529,5654
87.017578125,0.1383340060710907,0.3097963333129883,45008,0.1796875,2281.035332183,1.0395241975784302,0.0338541679084301,5656,0.0078125,-0.550528883934021,28.447917938232422,1.0,8689152.0,1746190983.7075727,5657
87.017578125,0.15010365843772888,0.2735191583633423,45160,0.1796875,2288.563460011,1.0395241975784302,0.0,5675,0.0078125,-0.506664514541626,28.10286521911621,1.0,8718336.0,1746190991.2356918,5676
87.017578125,0.13951745629310608,0.29664474725723267,45184,0.1796875,2289.751873659,1.0395241975784302,0.0,5678,0.0078125,-0.5256885290145874,30.22395896911621,1.0,8722944.0,1746190992.4241264,5679
87.017578125,0.20622548460960388,0.3344648480415344,45272,0.1796875,2294.107855232,1.0395241975784302,0.0475260429084301,5689,0.008463541977107525,-0.6007933616638184,29.39583396911621,1.0,8739840.0,1746190996.780107,5690
87.017578125,0.180059552192688,0.29796966910362244,45736,0.1796875,2317.089394049,1.0395241975784302,0.0,5747,0.0078125,-0.4813160002231598,30.84114646911621,1.0,8828928.0,1746191019.7616415,5748
87.017578125,0.16264581680297852,0.36308783292770386,45792,0.1796875,2319.860746395,1.0395241975784302,0.0703125,5754,0.0078125,-0.5520471930503845,28.9765625,1.0,8839680.0,1746191022.532972,5755
87.017578125,0.17041964828968048,0.3771573007106781,45848,0.1796875,2322.633922908,1.0395241975784302,0.0983072966337204,5761,0.0078125,-0.5008030533790588,27.807292938232422,1.0,8850432.0,1746191025.3061776,5762
87.017578125,0.15779611468315125,0.36639079451560974,45992,0.1796875,2329.761181438,1.0395241975784302,0.0592447929084301,5779,0.0078125,-0.5151787996292114,29.76171875,1.0,8878080.0,1746191032.4334462,5780
87.017578125,0.1686028242111206,0.36284875869750977,46040,0.1796875,2332.144368684,1.0395241975784302,0.060546875,5785,0.0078125,-0.49877986311912537,29.131511688232422,1.0,8887296.0,1746191034.816601,5786
87.017578125,0.1614474654197693,0.29565176367759705,46240,0.1796875,2342.044379235,1.0395241975784302,0.0,5810,0.0078125,-0.3724484145641327,29.85677146911621,1.0,8925696.0,1746191044.7166317,5811
87.017578125,0.17351335287094116,0.31199637055397034,46384,0.1796875,2349.168739409,1.0395241975784302,0.0260416679084301,5828,0.0078125,-0.38805949687957764,29.397136688232422,1.0,8953344.0,1746191051.840965,5829
87.017578125,0.20098328590393066,0.31434643268585205,46424,0.1796875,2351.153937484,1.0395241975784302,0.0299479179084301,5833,0.008463541977107525,-0.38776522874832153,28.76171875,1.0,8961024.0,1746191053.8261843,5834
87.017578125,0.17625266313552856,0.3432050347328186,46504,0.1796875,2355.119885179,1.0395241975784302,0.052734375,5843,0.0078125,-0.28781595826148987,28.57161521911621,1.0,8976384.0,1746191057.7919602,5844
85.9375,0.2162003517150879,0.31001317501068115,46600,0.26171875,2359.968849105,1.1507840156555176,0.0234375,5855,0.0078125,-0.34239572286605835,29.45833396911621,1.0,8994816.0,1746191062.641107,5856
85.9375,0.14926669001579285,0.35575780272483826,46984,0.26171875,2378.97533801,1.1507840156555176,0.0572916679084301,5903,0.0078125,-0.5733994841575623,30.404949188232422,1.0,9068544.0,1746191081.6475966,5904
85.9375,0.15326081216335297,0.43367481231689453,47128,0.26171875,2386.107239401,1.1507840156555176,0.1015625,5921,0.0078125,-0.5342209339141846,30.311199188232422,1.0,9096192.0,1746191088.7794847,5922
85.9375,0.14142194390296936,0.36607980728149414,47256,0.26171875,2392.449992833,1.1507840156555176,0.0696614608168602,5937,0.0078125,-0.5182400941848755,28.93489646911621,1.0,9120768.0,1746191095.1222596,5938
85.9375,0.15964893996715546,0.3152621388435364,47344,0.26171875,2396.805386315,1.1507840156555176,0.033203125,5948,0.0078125,-0.49776870012283325,27.31380271911621,1.0,9137664.0,1746191099.477643,5949
85.9375,0.2492213249206543,0.3797173500061035,47760,0.26171875,2417.415444466,1.1507840156555176,0.0794270858168602,6000,0.0078125,-0.6134787797927856,28.67708396911621,1.0,9217536.0,1746191120.0875127,6001
85.9375,0.17541736364364624,0.3547995090484619,47768,0.26171875,2417.811975308,1.1507840156555176,0.0338541679084301,6001,0.0078125,-0.560664176940918,30.82421875,1.0,9219072.0,1746191120.484003,6002
85.9375,0.19659845530986786,0.3472612798213959,47784,0.26171875,2418.601751454,1.1507840156555176,0.029296875,6003,0.0078125,-0.5682604312896729,30.57552146911621,1.0,9222144.0,1746191121.2738004,6004
85.9375,0.18260739743709564,0.44547295570373535,47840,0.26171875,2421.384887687,1.1507840156555176,0.119140625,6010,0.0078125,-0.5703307390213013,29.875,1.0,9232896.0,1746191124.0569675,6011
85.9375,0.17786508798599243,0.38724416494369507,47888,0.26171875,2423.765496618,1.1507840156555176,0.05859375,6016,0.0078125,-0.5557692050933838,30.9453125,1.0,9242112.0,1746191126.4376538,6017
85.9375,0.17321813106536865,0.3298749327659607,47968,0.26171875,2427.733008109,1.1507840156555176,0.0520833358168602,6026,0.0078125,-0.4929508566856384,28.4453125,1.0,9257472.0,1746191130.4051416,6027
85.9375,0.1449103206396103,0.3338927924633026,48208,0.26171875,2439.662543286,1.1507840156555176,0.0514322929084301,6056,0.0078125,-0.5915566682815552,27.42317771911621,1.0,9303552.0,1746191142.3345504,6057
85.9375,0.1645215004682541,0.26612669229507446,48216,0.26171875,2440.060007357,1.1507840156555176,0.0,6057,0.0078125,-0.5610873699188232,27.483074188232422,1.0,9305088.0,1746191142.7320185,6058
85.9375,0.15942537784576416,0.34603437781333923,48232,0.26171875,2440.854686442,1.1507840156555176,0.0787760466337204,6059,0.0078125,-0.5647758841514587,27.75390625,1.0,9308160.0,1746191143.5266693,6060
85.9375,0.1400720626115799,0.33226168155670166,48376,0.26171875,2447.999167752,1.1507840156555176,0.0677083358168602,6077,0.0078125,-0.5167461633682251,26.56640625,1.0,9335808.0,1746191150.6712375,6078
85.9375,0.1642375886440277,0.302669495344162,48472,0.26171875,2452.770100885,1.1507840156555176,0.025390625,6089,0.0078125,-0.507159948348999,28.578125,1.0,9354240.0,1746191155.4421542,6090
85.9375,0.148479625582695,0.28630805015563965,48488,0.26171875,2453.564947436,1.1507840156555176,0.0,6091,0.0078125,-0.533704936504364,29.0703125,1.0,9357312.0,1746191156.2368028,6092
85.9375,0.14170688390731812,0.30933499336242676,48648,0.26171875,2461.500974752,1.1507840156555176,0.0234375,6111,0.0078125,-0.4472004175186157,28.69270896911621,1.0,9388032.0,1746191164.1730452,6112
85.9375,0.19340288639068604,0.301553875207901,48904,0.26171875,2474.18596977,1.1507840156555176,0.0,6143,0.0078125,-0.49515628814697266,30.34505271911621,1.0,9437184.0,1746191176.8582335,6144
85.9375,0.16976803541183472,0.34874677658081055,49104,0.26171875,2484.091170443,1.1507840156555176,0.0533854179084301,6168,0.0078125,-0.5289485454559326,29.796875,1.0,9475584.0,1746191186.7634254,6169
83.681640625,0.1633908897638321,0.3183189332485199,49168,0.234375,2487.356616991,1.091820478439331,0.02669270895421505,6176,0.0078125,-0.5356051325798035,28.84765625,1.0,9487872.0,1746191190.0288901,6177
83.681640625,0.1966957449913025,0.3306486904621124,49560,0.234375,2506.767986477,1.091820478439331,0.025390625,6225,0.0078125,-0.5026352405548096,30.76302146911621,1.0,9563136.0,1746191209.4402678,6226
83.681640625,0.21511296927928925,0.3219427168369293,49568,0.234375,2507.163702402,1.091820478439331,0.0338541679084301,6226,0.0078125,-0.5238860845565796,29.8515625,1.0,9564672.0,1746191209.8359244,6227
83.681640625,0.13512761890888214,0.38429731130599976,49768,0.234375,2517.062887934,1.091820478439331,0.078125,6251,0.0078125,-0.5910844802856445,29.22005271911621,1.0,9603072.0,1746191219.7350998,6252
83.681640625,0.15329328179359436,0.3257109522819519,49792,0.234375,2518.250325867,1.091820478439331,0.02473958395421505,6254,0.0078125,-0.5749256610870361,29.68359375,1.0,9607680.0,1746191220.9225452,6255
83.681640625,0.14197808504104614,0.3805771768093109,49816,0.234375,2519.438177171,1.091820478439331,0.083984375,6257,0.0078125,-0.5377721190452576,28.328125,1.0,9612288.0,1746191222.1104217,6258
83.681640625,0.1474718451499939,0.34724539518356323,49848,0.234375,2521.022301142,1.091820478439331,0.0611979179084301,6261,0.0078125,-0.5523536801338196,28.127605438232422,1.0,9618432.0,1746191223.6945467,6262
83.681640625,0.1689939647912979,0.38858795166015625,49944,0.234375,2525.772059126,1.091820478439331,0.1015625,6273,0.0078125,-0.5317140221595764,27.920574188232422,1.0,9636864.0,1746191228.4443195,6274
83.681640625,0.2136043906211853,0.3586627244949341,49992,0.234375,2528.146855361,1.091820478439331,0.0338541679084301,6279,0.0078125,-0.5324559211730957,30.20703125,1.0,9646080.0,1746191230.8190963,6280
83.681640625,0.16667407751083374,0.36122840642929077,50016,0.234375,2529.334290018,1.091820478439331,0.052734375,6282,0.0078125,-0.6057142019271851,30.358074188232422,1.0,9650688.0,1746191232.0065362,6283
83.681640625,0.1733444184064865,0.364703506231308,50072,0.234375,2532.10967237,1.091820478439331,0.0611979179084301,6289,0.0078125,-0.536347508430481,29.48046875,1.0,9661440.0,1746191234.7819357,6290
83.681640625,0.20194458961486816,0.3400519788265228,50288,0.234375,2542.805553267,1.091820478439331,0.048828125,6316,0.0078125,-0.5342347621917725,28.88020896911621,1.0,9702912.0,1746191245.4777932,6317
83.681640625,0.17693066596984863,0.3020603358745575,50336,0.234375,2545.180741423,1.091820478439331,0.02278645895421505,6322,0.0078125,-0.5718305110931396,28.38671875,1.0,9712128.0,1746191247.8530004,6323
83.681640625,0.1719600260257721,0.35666894912719727,50376,0.234375,2547.15973512,1.091820478439331,0.0501302108168602,6327,0.0078125,-0.5625061988830566,29.7109375,1.0,9719808.0,1746191249.8319921,6328
83.681640625,0.15735483169555664,0.27776408195495605,50384,0.234375,2547.555341909,1.091820478439331,0.0,6328,0.008463541977107525,-0.5665286779403687,28.14453125,1.0,9721344.0,1746191250.2275958,6329
83.681640625,0.1294286698102951,0.3679524064064026,50416,0.234375,2549.146454934,1.091820478439331,0.0651041716337204,6332,0.0078125,-0.588347852230072,28.84765625,1.0,9727488.0,1746191251.8187149,6333
83.681640625,0.12654539942741394,0.4033178985118866,50560,0.234375,2556.274541828,1.091820478439331,0.08984375,6350,0.0078125,-0.5970615148544312,29.32421875,1.0,9755136.0,1746191258.946804,6351
83.681640625,0.14149266481399536,0.3644416332244873,50568,0.234375,2556.670686904,1.091820478439331,0.08203125,6351,0.0078125,-0.5671941041946411,28.13671875,1.0,9756672.0,1746191259.3429556,6352
83.681640625,0.14460539817810059,0.37955766916275024,50736,0.234375,2564.993009434,1.091820478439331,0.0572916679084301,6372,0.0078125,-0.614337146282196,29.690105438232422,1.0,9788928.0,1746191267.6652517,6373
83.681640625,0.15194284915924072,0.3900411128997803,50752,0.234375,2565.785924897,1.091820478439331,0.07421875,6374,0.0078125,-0.6140310764312744,29.483074188232422,1.0,9792000.0,1746191268.4581447,6375
83.681640625,0.16454195976257324,0.330537885427475,50864,0.234375,2571.329355647,1.091820478439331,0.03125,6388,0.0078125,-0.5542091727256775,29.67578125,1.0,9813504.0,1746191274.0015962,6389
83.681640625,0.2132294476032257,0.3658091425895691,50928,0.234375,2574.496696921,1.091820478439331,0.0546875,6396,0.0078125,-0.6695642471313477,29.95833396911621,1.0,9825792.0,1746191277.168961,6397
83.681640625,0.14769816398620605,0.438124418258667,51024,0.234375,2579.248691032,1.091820478439331,0.1295572966337204,6408,0.0078125,-0.7182588577270508,28.7734375,1.0,9844224.0,1746191281.9209414,6409
83.681640625,0.14406120777130127,0.3781338930130005,51088,0.234375,2582.420832586,1.091820478439331,0.0716145858168602,6416,0.0078125,-0.6804115772247314,29.229167938232422,1.0,9856512.0,1746191285.0930784,6417
83.681640625,0.19616764783859253,0.36845773458480835,51304,0.234375,2593.116779629,1.091820478439331,0.0638020858168602,6443,0.0078125,-0.6696521043777466,29.7421875,1.0,9897984.0,1746191295.78902,6444
83.681640625,0.1821584850549698,0.4236080050468445,51368,0.234375,2596.284957914,1.091820478439331,0.1106770858168602,6451,0.008463541977107525,-0.7305370569229126,30.20442771911621,1.0,9910272.0,1746191298.957226,6452
83.681640625,0.19096477329730988,0.5140188932418823,51384,0.234375,2597.077259591,1.091820478439331,0.1647135466337204,6453,0.0078125,-0.7225648164749146,30.3671875,1.0,9913344.0,1746191299.74948,6454
83.681640625,0.1410406082868576,0.37618502974510193,51536,0.234375,2604.604080068,1.091820478439331,0.0807291716337204,6472,0.0078125,-0.655040979385376,28.54296875,1.0,9942528.0,1746191307.276348,6473
83.5252914428711,0.17975294589996338,0.30104777216911316,51816,0.4027237296104431,2618.586921916,1.2983375787734985,0.0,6507,0.0078125,-0.5297077298164368,30.225261688232422,1.0,9996288.0,1746191321.259189,6508
