returned_episode_lengths,test_returned_episode_lengths,returned_won_episode,returned_episode_returns,update_steps,grad_steps,_step,test_returned_episode_returns,loss,returned_episode,_runtime,env_step,test_returned_won_episode,qvals,test_returned_episode,_timestamp
24.83919334411621,23.923357009887695,0.0,0.20387636125087738,7,0,6,0.13960766792297363,0.0,0.0240885429084301,59.305480937,10752,0.0,0.0,0.9999999403953552,1747608347.4218886
25.298830032348633,23.923357009887695,0.0,0.21021465957164764,16,0,15,0.13960766792297363,0.0,0.02734375186264515,59.854457707,24576,0.0,0.0,0.9999999403953552,1747608347.9708676
24.382814407348633,23.923357009887695,0.0,0.22808806598186493,24,0,23,0.13960766792297363,0.0,0.0260416679084301,60.346232978,36864,0.0,0.0,0.9999999403953552,1747608348.4626498
23.990236282348633,23.923357009887695,0.0,0.2176055759191513,27,0,26,0.13960766792297363,0.0,0.02669270895421505,60.528987258,41472,0.0,0.0,0.9999999403953552,1747608348.6454096
24.242189407348633,23.923357009887695,0.0,0.24347980320453644,69,304,68,0.13960766792297363,0.07950733602046967,0.0240885429084301,73.463769231,105984,0.0,0.5633485317230225,0.9999999403953552,1747608361.5798354
26.08724021911621,23.923357009887695,0.0,0.2715848982334137,70,312,69,0.13960766792297363,0.07952907681465149,0.02278645895421505,73.804541353,107520,0.0,0.5603252053260803,0.9999999403953552,1747608361.9200299
25.34114646911621,23.923357009887695,0.0,0.30348631739616394,82,408,81,0.13960766792297363,0.24467921257019043,0.02343750186264515,77.820897873,125952,0.0,0.6697014570236206,0.9999999403953552,1747608365.9371655
24.092449188232422,23.923357009887695,0.0,0.26025015115737915,90,472,89,0.13960766792297363,0.10225576162338257,0.02473958395421505,80.50199136,138240,0.0,0.6602109670639038,0.9999999403953552,1747608368.6183352
24.26692771911621,23.923357009887695,0.0,0.26004552841186523,95,512,94,0.13960766792297363,0.18238769471645355,0.0260416679084301,82.172990057,145920,0.0,0.4865646958351135,0.9999999403953552,1747608370.2893267
24.660158157348633,23.923357009887695,0.0,0.2914612293243408,108,616,107,0.13960766792297363,0.11485816538333893,0.0240885429084301,86.518488549,165888,0.0,0.46068426966667175,0.9999999403953552,1747608374.6348639
25.474611282348633,23.923357009887695,0.0,0.2666918635368347,122,728,121,0.13960766792297363,0.2498939335346222,0.0240885429084301,91.188166559,187392,0.0,0.5170868635177612,0.9999999403953552,1747608379.3045702
23.998048782348633,23.923357009887695,0.0,0.29440543055534363,127,768,126,0.13960766792297363,0.22022172808647156,0.0260416679084301,92.842889951,195072,0.0,0.5122734904289246,0.9999999403953552,1747608380.9590905
23.89388084411621,23.923357009887695,0.0,0.30087724328041077,151,960,150,0.13960766792297363,0.31034836173057556,0.0260416679084301,100.856473533,231936,0.0,0.5385191440582275,0.9999999403953552,1747608388.9728045
24.785808563232422,23.923357009887695,0.0,0.2942386269569397,152,968,151,0.13960766792297363,0.31905698776245117,0.0260416679084301,101.190499673,233472,0.0,0.5584264993667603,0.9999999403953552,1747608389.3066676
25.09700584411621,23.923357009887695,0.0,0.3127971887588501,157,1008,156,0.13960766792297363,0.3206048905849457,0.02539062686264515,102.859797381,241152,0.0,0.5542885661125183,0.9999999403953552,1747608390.9759815
24.233074188232422,23.923357009887695,0.0,0.31319838762283325,188,1256,187,0.13960766792297363,0.2830001711845398,0.0260416679084301,113.207678678,288768,0.0,0.5795822739601135,0.9999999403953552,1747608401.3236754
25.16927146911621,23.923357009887695,0.0,0.36473703384399414,195,1312,194,0.13960766792297363,0.27036404609680176,0.0260416679084301,115.521757404,299520,0.0,0.5843852758407593,0.9999999403953552,1747608403.637839
26.231121063232422,23.923357009887695,0.0,0.3342026174068451,204,1384,203,0.13960766792297363,0.2604467272758484,0.0240885429084301,118.502750997,313344,0.0,0.5819474458694458,0.9999999403953552,1747608406.6189125
26.228517532348633,23.923357009887695,0.0,0.3161025643348694,216,1480,215,0.13960766792297363,0.23559008538722992,0.02148437686264515,122.508242916,331776,0.0,0.5793883800506592,0.9999999403953552,1747608410.6244223
24.40950584411621,23.923357009887695,0.0,0.31834787130355835,222,1528,221,0.13960766792297363,0.2395469695329666,0.02539062686264515,124.512189962,340992,0.0,0.5703448057174683,0.9999999403953552,1747608412.6283722
25.488283157348633,23.923357009887695,0.0,0.32152506709098816,224,1544,223,0.13960766792297363,0.25624334812164307,0.02539062686264515,125.179379445,344064,0.0,0.5725749731063843,0.9999999403953552,1747608413.2956445
24.945964813232422,23.923357009887695,0.0,0.3105243742465973,242,1688,241,0.13960766792297363,0.14317896962165833,0.02539062686264515,131.179531658,371712,0.0,0.5611796379089355,0.9999999403953552,1747608419.2957578
23.93880271911621,23.923357009887695,0.0,0.3511562645435333,249,1744,248,0.13960766792297363,0.12489272654056549,0.0279947929084301,133.502849657,382464,0.0,0.5316115021705627,0.9999999403953552,1747608421.6190794
25.79231834411621,23.923357009887695,0.0,0.31855136156082153,251,1760,250,0.13960766792297363,0.13409139215946198,0.02669270895421505,134.164296382,385536,0.0,0.5287097096443176,0.9999999403953552,1747608422.2805197
24.810548782348633,23.923357009887695,0.0,0.33220934867858887,266,1880,265,0.13960766792297363,0.1360149085521698,0.02343750186264515,139.144277603,408576,0.0,0.5126579999923706,0.9999999403953552,1747608427.2605498
24.400392532348633,23.923357009887695,0.0,0.302798330783844,268,1896,267,0.13960766792297363,0.13126210868358612,0.0240885429084301,139.810390647,411648,0.0,0.5022445917129517,0.9999999403953552,1747608427.9267113
24.634767532348633,34.67693328857422,0.0,0.31249621510505676,326,2360,325,0.46364185214042664,0.20482869446277618,0.0260416679084301,159.173269901,500736,0.0,0.39174094796180725,0.9999999403953552,1747608447.2896774
26.182292938232422,34.67693328857422,0.0,0.36434435844421387,332,2408,331,0.46364185214042664,0.192423015832901,0.02278645895421505,161.165922641,509952,0.0,0.3808976709842682,0.9999999403953552,1747608449.2823858
24.048830032348633,34.67693328857422,0.0,0.33046653866767883,352,2568,351,0.46364185214042664,0.1544419676065445,0.02473958395421505,167.814297976,540672,0.0,0.3123714327812195,0.9999999403953552,1747608455.9307218
25.875001907348633,34.67693328857422,0.0,0.31459295749664307,365,2672,364,0.46364185214042664,0.2314210832118988,0.02278645895421505,172.130972024,560640,0.0,0.3204209506511688,0.9999999403953552,1747608460.247401
24.063152313232422,34.67693328857422,0.0,0.3105361759662628,370,2712,369,0.46364185214042664,0.2684788703918457,0.02473958395421505,173.786927707,568320,0.0,0.28524231910705566,0.9999999403953552,1747608461.9033477
23.730470657348633,34.67693328857422,0.0,0.3879380226135254,376,2760,375,0.46364185214042664,0.14961203932762146,0.0260416679084301,175.789878947,577536,0.0,0.31653502583503723,0.9999999403953552,1747608463.906304
25.77083396911621,34.67693328857422,0.0,0.32845744490623474,378,2776,377,0.46364185214042664,0.16750502586364746,0.02083333395421505,176.452681694,580608,0.0,0.29278767108917236,0.9999999403953552,1747608464.5690987
25.647136688232422,34.67693328857422,0.0,0.23886939883232117,398,2936,397,0.46364185214042664,0.20916223526000977,0.0240885429084301,183.104166519,611328,0.0,0.3023974895477295,0.9999999403953552,1747608471.2206059
24.62630271911621,34.67693328857422,0.0,0.371614009141922,400,2952,399,0.46364185214042664,0.44095945358276367,0.02539062686264515,183.765213214,614400,0.0,0.3035069704055786,0.9999999403953552,1747608471.8815706
24.750001907348633,34.67693328857422,0.0,0.3285045921802521,414,3064,413,0.46364185214042664,0.4666445255279541,0.0260416679084301,188.580803497,635904,0.0,0.23981529474258423,0.9999999403953552,1747608476.6971714
24.33333396911621,34.67693328857422,0.0,0.35188987851142883,440,3272,439,0.46364185214042664,0.24457687139511108,0.02473958395421505,197.229834297,675840,0.0,0.2547615170478821,0.9999999403953552,1747608485.3462565
25.113933563232422,34.67693328857422,0.0,0.32364413142204285,472,3528,471,0.46364185214042664,0.3580930233001709,0.02539062686264515,207.858493127,724992,0.0,0.24698752164840698,0.9999999403953552,1747608495.9749372
23.910808563232422,34.67693328857422,0.0,0.33093079924583435,481,3600,480,0.46364185214042664,0.3065970540046692,0.02734375186264515,210.863362385,738816,0.0,0.272210031747818,0.9999999403953552,1747608498.9797325
23.478517532348633,34.67693328857422,0.0,0.3111352324485779,527,3968,526,0.46364185214042664,0.2349470853805542,0.0240885429084301,226.132397377,809472,0.0,0.21132048964500427,0.9999999403953552,1747608514.2488272
25.53059959411621,34.67693328857422,0.0,0.3184097409248352,531,4000,530,0.46364185214042664,0.25075724720954895,0.0182291679084301,227.460565858,815616,0.0,0.21850746870040894,0.9999999403953552,1747608515.5769823
25.886720657348633,34.67693328857422,0.0,0.32416975498199463,537,4048,536,0.46364185214042664,0.2386084347963333,0.0240885429084301,229.458221738,824832,0.0,0.2179972231388092,0.9999999403953552,1747608517.5746589
27.281902313232422,34.67693328857422,0.0052083334885537624,0.33474811911582947,544,4104,543,0.46364185214042664,0.14473265409469604,0.0182291679084301,231.786136746,835584,0.0,0.19569474458694458,0.9999999403953552,1747608519.902591
25.890626907348633,34.67693328857422,0.0201822929084301,0.3878251612186432,547,4128,546,0.46364185214042664,0.16345685720443726,0.0201822929084301,232.783865391,840192,0.0,0.1896829903125763,0.9999999403953552,1747608520.9002836
24.529949188232422,34.67693328857422,0.0032552084885537624,0.3707367777824402,560,4232,559,0.46364185214042664,0.14669519662857056,0.02278645895421505,237.107770096,860160,0.0,0.14762717485427856,0.9999999403953552,1747608525.224212
26.75130271911621,34.67693328857422,0.0455729179084301,0.5090430974960327,635,4832,634,0.46364185214042664,0.10439178347587585,0.02148437686264515,262.043722256,975360,0.0,0.09466113150119781,0.9999999403953552,1747608550.1601532
27.031251907348633,34.67693328857422,0.1145833358168602,0.7018405199050903,642,4888,641,0.46364185214042664,0.12734706699848175,0.02343750186264515,264.368763656,986112,0.0,0.08628688752651215,0.9999999403953552,1747608552.4851735
26.503908157348633,39.62770462036133,0.1979166716337204,0.6814286708831787,718,5496,717,0.6872014999389648,0.12536785006523132,0.01692708395421505,289.713534947,1102848,0.0476190447807312,0.0010644665453583002,0.9999999403953552,1747608577.829892
25.17903709411621,39.62770462036133,0.2441406399011612,0.8105573654174805,720,5512,719,0.6872014999389648,0.1360207349061966,0.02083333395421505,290.382670748,1105920,0.0476190447807312,-0.0008203634060919285,0.9999999403953552,1747608578.49904
25.160158157348633,39.62770462036133,0.1764322966337204,0.7095575332641602,739,5664,738,0.6872014999389648,0.10825464129447937,0.0221354179084301,296.690797226,1135104,0.0476190447807312,0.018497683107852936,0.9999999403953552,1747608584.8072233
27.847658157348633,39.62770462036133,0.1640625149011612,0.6619964838027954,743,5696,742,0.6872014999389648,0.14712807536125183,0.01692708395421505,298.023110197,1141248,0.0476190447807312,0.03174193575978279,0.9999999403953552,1747608586.139526
24.828126907348633,39.62770462036133,0.1660156399011612,0.7167679071426392,763,5856,762,0.6872014999389648,0.28768518567085266,0.02278645895421505,304.655840128,1171968,0.0476190447807312,-0.02281125634908676,0.9999999403953552,1747608592.7722516
25.779298782348633,39.62770462036133,0.013671875931322575,0.4711794853210449,766,5880,765,0.6872014999389648,0.2021162509918213,0.0240885429084301,305.653117877,1176576,0.0476190447807312,-0.03720175474882126,0.9999999403953552,1747608593.7695582
26.86653709411621,39.62770462036133,0.1595052182674408,0.6149638295173645,779,5984,778,0.6872014999389648,0.18446588516235352,0.01692708395421505,309.981722063,1196544,0.0476190447807312,-0.07873114943504333,0.9999999403953552,1747608598.0981402
27.253908157348633,39.62770462036133,0.3040364682674408,0.8896876573562622,797,6128,796,0.6872014999389648,0.2788170576095581,0.01888020895421505,315.968104369,1224192,0.0476190447807312,-0.057254157960414886,0.9999999403953552,1747608604.0845263
28.082683563232422,39.62770462036133,0.1373697966337204,0.6607559323310852,803,6176,802,0.6872014999389648,0.1981557160615921,0.01953125186264515,317.960164809,1233408,0.0476190447807312,-0.047351859509944916,0.9999999403953552,1747608606.0765977
26.777345657348633,39.62770462036133,0.1276041716337204,0.6277861595153809,815,6272,814,0.6872014999389648,0.29473263025283813,0.01953125186264515,321.939901289,1251840,0.0476190447807312,-0.09442733228206635,0.9999999403953552,1747608610.0563288
27.55403709411621,39.62770462036133,0.3020833432674408,0.8530780076980591,831,6400,830,0.6872014999389648,0.21861785650253296,0.0221354179084301,327.252627338,1276416,0.0476190447807312,-0.03349959850311279,0.9999999403953552,1747608615.3690443
28.024089813232422,39.62770462036133,0.1914062649011612,0.7359803915023804,856,6600,855,0.6872014999389648,0.2709859013557434,0.0221354179084301,335.600921497,1314816,0.0476190447807312,-0.040855273604393005,0.9999999403953552,1747608623.7173493
28.25911521911621,39.62770462036133,0.1660156399011612,0.6946138143539429,865,6672,864,0.6872014999389648,0.19305619597434998,0.01953125186264515,338.592613498,1328640,0.0476190447807312,-0.043354205787181854,0.9999999403953552,1747608626.7090418
26.51497459411621,39.62770462036133,0.2506510615348816,0.8589234948158264,867,6688,866,0.6872014999389648,0.23153525590896606,0.02148437686264515,339.257883212,1331712,0.0476190447807312,-0.02863861247897148,0.9999999403953552,1747608627.3743134
27.736330032348633,39.62770462036133,0.1497395932674408,0.6708719730377197,882,6808,881,0.6872014999389648,0.2358723282814026,0.0201822929084301,344.24349933,1354752,0.0476190447807312,0.009579584933817387,0.9999999403953552,1747608632.3599265
27.345705032348633,39.62770462036133,0.1972656399011612,0.6892024278640747,897,6928,896,0.6872014999389648,0.2515829801559448,0.0201822929084301,349.223839245,1377792,0.0476190447807312,0.008617251180112362,0.9999999403953552,1747608637.3402762
27.002605438232422,39.62770462036133,0.2252604216337204,0.7981263995170593,900,6952,899,0.6872014999389648,0.3260400891304016,0.0221354179084301,350.216582428,1382400,0.0476190447807312,0.016795305535197258,0.9999999403953552,1747608638.3329997
27.19661521911621,39.62770462036133,0.2623698115348816,0.8193737268447876,903,6976,902,0.6872014999389648,0.4935722351074219,0.0221354179084301,351.21501582,1387008,0.0476190447807312,0.04174623638391495,0.9999999403953552,1747608639.3314526
28.795574188232422,39.62770462036133,0.2031250149011612,0.7596545219421387,909,7024,908,0.6872014999389648,0.5233023166656494,0.01953125186264515,353.209316733,1396224,0.0476190447807312,0.039403319358825684,0.9999999403953552,1747608641.3257625
26.824220657348633,39.62770462036133,0.3072916865348816,0.8607823848724365,910,7032,909,0.6872014999389648,0.4771984815597534,0.02148437686264515,353.541908038,1397760,0.0476190447807312,0.05406071990728378,0.9999999403953552,1747608641.6583529
25.513673782348633,39.62770462036133,0.3268229365348816,0.91612309217453,921,7120,920,0.6872014999389648,0.47829797863960266,0.0201822929084301,357.199639887,1414656,0.0476190447807312,0.040771570056676865,0.9999999403953552,1747608645.3160758
26.735027313232422,39.62770462036133,0.2382812649011612,0.8077788949012756,923,7136,922,0.6872014999389648,0.4076525866985321,0.02148437686264515,357.863869731,1417728,0.0476190447807312,0.00502305943518877,0.9999999403953552,1747608645.980299
26.979167938232422,39.62770462036133,0.4140625298023224,1.011983871459961,925,7152,924,0.6872014999389648,0.46322160959243774,0.0201822929084301,358.540922396,1420800,0.0476190447807312,0.00565547589212656,0.9999999403953552,1747608646.657363
27.47200584411621,39.62770462036133,0.4277344048023224,1.068403720855713,930,7192,929,0.6872014999389648,0.3928043842315674,0.01953125186264515,360.202983984,1428480,0.0476190447807312,-0.0038341942708939314,0.9999999403953552,1747608648.3194144
26.93684959411621,37.90712356567383,0.4498698115348816,1.1131470203399658,980,7592,979,1.643937110900879,0.5037059187889099,0.02148437686264515,376.903108434,1505280,0.6962290406227112,0.1330878883600235,1.0,1747608665.019528
25.572917938232422,37.90712356567383,0.3802083432674408,1.0088517665863037,985,7632,984,1.643937110900879,0.4190688133239746,0.02083333395421505,378.566962272,1512960,0.6962290406227112,0.11166784912347794,1.0,1747608666.6833782
29.045574188232422,37.90712356567383,0.4238281548023224,1.0763661861419678,990,7672,989,1.643937110900879,0.4262641370296478,0.017578125,380.229378364,1520640,0.6962290406227112,0.14246830344200134,1.0,1747608668.3457963
28.020183563232422,37.90712356567383,0.5996094346046448,1.2783493995666504,999,7744,998,1.643937110900879,0.605582058429718,0.0182291679084301,383.224126836,1534464,0.6962290406227112,0.1680191159248352,1.0,1747608671.3405814
27.229167938232422,37.90712356567383,0.3372395932674408,0.9761497974395752,1003,7776,1002,1.643937110900879,0.6230155229568481,0.02083333395421505,384.554411706,1540608,0.6962290406227112,0.153560608625412,1.0,1747608672.6708379
27.53450584411621,37.90712356567383,0.4830729365348816,1.144715666770935,1027,7968,1026,1.643937110900879,0.6764333248138428,0.0201822929084301,392.544704158,1577472,0.6962290406227112,0.21284401416778564,1.0,1747608680.6611469
27.86067771911621,37.90712356567383,0.55078125,1.225117802619934,1031,8000,1030,1.643937110900879,0.6942898035049438,0.01953125186264515,393.874482469,1583616,0.6962290406227112,0.25682681798934937,1.0,1747608681.990921
25.365236282348633,37.90712356567383,0.4251302182674408,1.0837287902832031,1032,8008,1031,1.643937110900879,0.6609715819358826,0.0221354179084301,394.218890399,1585152,0.6962290406227112,0.24068474769592285,1.0,1747608682.3351943
26.998048782348633,37.90712356567383,0.4368489682674408,1.057307243347168,1034,8024,1033,1.643937110900879,0.819316565990448,0.0201822929084301,394.884194407,1588224,0.6962290406227112,0.2804543077945709,1.0,1747608683.0006452
26.85677146911621,37.90712356567383,0.5162760615348816,1.1880080699920654,1072,8328,1071,1.643937110900879,0.6627746224403381,0.0182291679084301,407.513662556,1646592,0.6962290406227112,0.21341025829315186,1.0,1747608695.6300583
28.057292938232422,37.90712356567383,0.3372395932674408,0.9456064701080322,1091,8480,1090,1.643937110900879,0.7662789821624756,0.01953125186264515,413.832163548,1675776,0.6962290406227112,0.20868059992790222,1.0,1747608701.9485955
27.572917938232422,37.90712356567383,0.4524739682674408,1.0591953992843628,1108,8616,1107,1.643937110900879,0.6971039772033691,0.01953125186264515,419.480405653,1701888,0.6962290406227112,0.19506888091564178,1.0,1747608707.5968416
28.09700584411621,37.90712356567383,0.4687500298023224,1.133646845817566,1124,8744,1123,1.643937110900879,0.9285482168197632,0.0201822929084301,424.797033224,1726464,0.6962290406227112,0.24534264206886292,1.0,1747608712.9134688
28.039714813232422,37.90712356567383,0.3815104365348816,0.9717588424682617,1135,8832,1134,1.643937110900879,0.8458089828491211,0.0201822929084301,428.451446901,1743360,0.6962290406227112,0.21597060561180115,1.0,1747608716.5678792
26.824220657348633,37.90712356567383,0.4368489682674408,1.08744478225708,1151,8960,1150,1.643937110900879,0.7673230767250061,0.01953125186264515,433.773721058,1767936,0.6962290406227112,0.22315873205661774,1.0,1747608721.8901358
27.59895896911621,37.90712356567383,0.505859375,1.1416209936141968,1183,9216,1182,1.643937110900879,1.0480984449386597,0.0182291679084301,444.414287678,1817088,0.6962290406227112,0.22862620651721954,1.0,1747608732.53071
27.315105438232422,37.90712356567383,0.4882812798023224,1.1497204303741455,1192,9288,1191,1.643937110900879,0.9093387722969055,0.02083333395421505,447.408619678,1830912,0.6962290406227112,0.2640119194984436,1.0,1747608735.5250483
27.906251907348633,37.90712356567383,0.4329427182674408,1.0369013547897339,1195,9312,1194,1.643937110900879,0.9337326288223267,0.0201822929084301,448.406504972,1835520,0.6962290406227112,0.23920106887817383,1.0,1747608736.522925
26.06380271911621,37.90712356567383,0.3730469048023224,0.950350284576416,1207,9408,1206,1.643937110900879,1.2022321224212646,0.01953125186264515,452.398544474,1853952,0.6962290406227112,0.22875884175300598,1.0,1747608740.5149589
28.34700584411621,37.90712356567383,0.4036458432674408,1.0006917715072632,1223,9536,1222,1.643937110900879,0.8163450956344604,0.01953125186264515,457.716269021,1878528,0.6962290406227112,0.22489994764328003,1.0,1747608745.832712
28.27083396911621,37.90712356567383,0.3444010615348816,0.9111760854721069,1236,9640,1235,1.643937110900879,0.8331804275512695,0.017578125,462.043681113,1898496,0.6962290406227112,0.21591997146606445,1.0,1747608750.1600988
27.925783157348633,37.90712356567383,0.3919270932674408,0.964130699634552,1243,9696,1242,1.643937110900879,0.9221892356872559,0.01888020895421505,464.367468359,1909248,0.6962290406227112,0.20089489221572876,1.0,1747608752.4838462
28.55013084411621,37.90712356567383,0.4361979365348816,1.0765173435211182,1252,9768,1251,1.643937110900879,0.759443998336792,0.0182291679084301,467.364439598,1923072,0.6962290406227112,0.23656871914863586,1.0,1747608755.4808495
26.701173782348633,37.90712356567383,0.3157552182674408,0.8587008714675903,1273,9936,1272,1.643937110900879,0.9124831557273865,0.0182291679084301,474.342700674,1955328,0.6962290406227112,0.24319159984588623,1.0,1747608762.4591327
28.148439407348633,37.90712356567383,0.4101562798023224,1.0195249319076538,1274,9944,1273,1.643937110900879,0.9298254251480103,0.0162760429084301,474.675349427,1956864,0.6962290406227112,0.24606244266033173,1.0,1747608762.791809
29.78059959411621,37.90712356567383,0.3730469048023224,0.973179817199707,1279,9984,1278,1.643937110900879,0.8923090696334839,0.01888020895421505,476.330598051,1964544,0.6962290406227112,0.2566204071044922,1.0,1747608764.4470334
28.18489646911621,37.90712356567383,0.6393229365348816,1.353432059288025,1292,10088,1291,1.643937110900879,0.8008538484573364,0.0201822929084301,480.702426148,1984512,0.6962290406227112,0.2195490598678589,1.0,1747608768.8188593
27.365886688232422,42.017337799072266,0.4407552182674408,1.074819564819336,1300,10152,1299,1.7617782354354858,0.8191863298416138,0.01888020895421505,483.436569401,1996800,0.7990543842315674,0.22923317551612854,1.0,1747608771.5529845
27.75911521911621,42.017337799072266,0.3854166865348816,0.9655213356018066,1306,10200,1305,1.7617782354354858,0.7112554311752319,0.01953125186264515,485.433963504,2006016,0.7990543842315674,0.19260728359222412,1.0,1747608773.550356
26.968751907348633,42.017337799072266,0.4329427182674408,1.036547064781189,1329,10384,1328,1.7617782354354858,0.7152518033981323,0.01888020895421505,493.073191817,2041344,0.7990543842315674,0.25063714385032654,1.0,1747608781.1896324
27.121746063232422,42.017337799072266,0.2825520932674408,0.8244577050209045,1342,10488,1341,1.7617782354354858,0.548764705657959,0.01888020895421505,497.392582729,2061312,0.7990543842315674,0.20969918370246887,1.0,1747608785.5090272
27.86849021911621,42.017337799072266,0.3535156548023224,0.9373109936714172,1344,10504,1343,1.7617782354354858,0.6698218584060669,0.01888020895421505,498.058027311,2064384,0.7990543842315674,0.1722385585308075,1.0,1747608786.1744328
26.854167938232422,42.017337799072266,0.4583333432674408,1.0760064125061035,1348,10536,1347,1.7617782354354858,0.6459575295448303,0.01953125186264515,499.384899592,2070528,0.7990543842315674,0.17734651267528534,1.0,1747608787.5013196
29.09505271911621,42.017337799072266,0.5377604365348816,1.2126035690307617,1374,10744,1373,1.7617782354354858,0.6444293856620789,0.01888020895421505,508.01346917,2110464,0.7990543842315674,0.13118575513362885,1.0,1747608796.1298983
27.115236282348633,42.017337799072266,0.4635416865348816,1.074671745300293,1398,10936,1397,1.7617782354354858,0.5632838010787964,0.0201822929084301,516.002952837,2147328,0.7990543842315674,0.17843008041381836,1.0,1747608804.119379
27.492189407348633,42.017337799072266,0.5611979365348816,1.2271771430969238,1432,11208,1431,1.7617782354354858,0.4924973249435425,0.0201822929084301,527.299227222,2199552,0.7990543842315674,0.16953374445438385,1.0,1747608815.4156609
27.426433563232422,42.017337799072266,0.5384114980697632,1.1742371320724487,1442,11288,1441,1.7617782354354858,0.45289987325668335,0.0182291679084301,530.623764534,2214912,0.7990543842315674,0.2010353058576584,1.0,1747608818.7401707
27.803386688232422,42.017337799072266,0.6204427480697632,1.2802776098251343,1468,11496,1467,1.7617782354354858,0.4672324061393738,0.0201822929084301,539.263449773,2254848,0.7990543842315674,0.21947014331817627,1.0,1747608827.3798878
26.774089813232422,42.017337799072266,0.54296875,1.1746822595596313,1479,11584,1478,1.7617782354354858,0.47110894322395325,0.0201822929084301,542.915616637,2271744,0.7990543842315674,0.2747804522514343,1.0,1747608831.0320463
27.508464813232422,42.017337799072266,0.5709635615348816,1.249955177307129,1486,11640,1485,1.7617782354354858,0.4520338475704193,0.01953125186264515,545.244758674,2282496,0.7990543842315674,0.2898441553115845,1.0,1747608833.3611596
27.87825584411621,42.017337799072266,0.4733073115348816,1.1034677028656006,1495,11712,1494,1.7617782354354858,0.4768749475479126,0.01953125186264515,548.254851815,2296320,0.7990543842315674,0.32106447219848633,1.0,1747608836.3712578
27.209636688232422,42.017337799072266,0.56640625,1.2451207637786865,1524,11944,1523,1.7617782354354858,0.35933607816696167,0.02083333395421505,557.891636284,2340864,0.7990543842315674,0.26372238993644714,1.0,1747608846.0080485
27.67708396911621,42.017337799072266,0.5813802480697632,1.251410961151123,1528,11976,1527,1.7617782354354858,0.3629990518093109,0.01953125186264515,559.221820956,2347008,0.7990543842315674,0.2730863690376282,1.0,1747608847.3382456
28.736980438232422,42.017337799072266,0.6549479365348816,1.349798321723938,1540,12072,1539,1.7617782354354858,0.5815027952194214,0.01888020895421505,563.2001593,2365440,0.7990543842315674,0.2715930938720703,1.0,1747608851.3165762
28.815105438232422,42.017337799072266,0.5904948115348816,1.2427244186401367,1541,12080,1540,1.7617782354354858,0.5940752029418945,0.0201822929084301,563.532434793,2366976,0.7990543842315674,0.2703206539154053,1.0,1747608851.6488538
26.850261688232422,42.017337799072266,0.5729166865348816,1.2289360761642456,1543,12096,1542,1.7617782354354858,0.41634035110473633,0.02083333395421505,564.200797325,2370048,0.7990543842315674,0.2628133296966553,1.0,1747608852.3171635
27.97786521911621,42.017337799072266,0.5104166865348816,1.132229208946228,1545,12112,1544,1.7617782354354858,0.4153420925140381,0.01888020895421505,564.867943888,2373120,0.7990543842315674,0.270443320274353,1.0,1747608852.9843576
26.699220657348633,42.017337799072266,0.5013021230697632,1.1245180368423462,1576,12360,1575,1.7617782354354858,0.4105827808380127,0.02148437686264515,575.160888962,2420736,0.7990543842315674,0.2561314105987549,1.0,1747608863.2773268
26.045574188232422,42.017337799072266,0.5677083730697632,1.2353651523590088,1582,12408,1581,1.7617782354354858,0.498712420463562,0.02148437686264515,577.156369136,2429952,0.7990543842315674,0.19767604768276215,1.0,1747608865.2728086
27.00716209411621,42.017337799072266,0.5481771230697632,1.2171790599822998,1604,12584,1603,1.7617782354354858,0.43633198738098145,0.02083333395421505,584.475381647,2463744,0.7990543842315674,0.15753445029258728,1.0,1747608872.59181
26.853517532348633,39.689979553222656,0.4772135615348816,1.0714396238327026,1627,12768,1626,1.879291296005249,0.34078407287597656,0.0182291679084301,592.189016254,2499072,0.8947368264198303,0.23487210273742676,1.0,1747608880.3054452
28.406902313232422,39.689979553222656,0.5800781846046448,1.253544569015503,1630,12792,1629,1.879291296005249,0.38065844774246216,0.0201822929084301,593.182590645,2503680,0.8947368264198303,0.21563206613063812,1.0,1747608881.2990272
26.561199188232422,39.689979553222656,0.560546875,1.213969111442566,1639,12864,1638,1.879291296005249,0.5513116121292114,0.02148437686264515,596.166786665,2517504,0.8947368264198303,0.2937791645526886,1.0,1747608884.2831616
26.91731834411621,39.689979553222656,0.6139323115348816,1.3220653533935547,1645,12912,1644,1.879291296005249,0.558358907699585,0.02083333395421505,598.162101728,2526720,0.8947368264198303,0.3344435691833496,1.0,1747608886.278507
29.47395896911621,39.689979553222656,0.5839844346046448,1.2729146480560303,1663,13056,1662,1.879291296005249,0.5119096040725708,0.017578125,604.1539161,2554368,0.8947368264198303,0.42515796422958374,1.0,1747608892.2703326
25.939455032348633,39.689979553222656,0.5917969346046448,1.2201861143112183,1668,13096,1667,1.879291296005249,0.36365532875061035,0.01888020895421505,605.817695968,2562048,0.8947368264198303,0.4450690746307373,1.0,1747608893.9341383
24.067058563232422,39.689979553222656,0.552734375,1.193403959274292,1687,13248,1686,1.879291296005249,0.37648850679397583,0.0201822929084301,612.130024753,2591232,0.8947368264198303,0.340741902589798,1.0,1747608900.2464664
25.82552146911621,39.689979553222656,0.6738281846046448,1.3876510858535767,1694,13304,1693,1.879291296005249,0.3630671501159668,0.02278645895421505,614.457693605,2601984,0.8947368264198303,0.36221498250961304,1.0,1747608902.5741348
28.212892532348633,39.689979553222656,0.6152344346046448,1.2929188013076782,1700,13352,1699,1.879291296005249,0.3794531524181366,0.02148437686264515,616.454779679,2611200,0.8947368264198303,0.3232557475566864,1.0,1747608904.5711987
27.14388084411621,39.689979553222656,0.6048177480697632,1.2527251243591309,1702,13368,1701,1.879291296005249,0.3218297064304352,0.01888020895421505,617.120499496,2614272,0.8947368264198303,0.3078795075416565,1.0,1747608905.2369301
25.79622459411621,39.689979553222656,0.5703125,1.2217384576797485,1714,13464,1713,1.879291296005249,0.2914220094680786,0.02148437686264515,621.116675399,2632704,0.8947368264198303,0.22350747883319855,1.0,1747608909.2331061
28.401042938232422,39.689979553222656,0.6119791865348816,1.2665162086486816,1717,13488,1716,1.879291296005249,0.32909679412841797,0.01953125186264515,622.115400176,2637312,0.8947368264198303,0.22954732179641724,1.0,1747608910.2318146
25.703777313232422,39.689979553222656,0.5742188096046448,1.2239469289779663,1739,13664,1738,1.879291296005249,0.2986242175102234,0.02083333395421505,629.485799023,2671104,0.8947368264198303,0.22120589017868042,1.0,1747608917.6022458
27.474611282348633,39.689979553222656,0.6699219346046448,1.348441481590271,1744,13704,1743,1.879291296005249,0.30813807249069214,0.01888020895421505,631.14963717,2678784,0.8947368264198303,0.23841911554336548,1.0,1747608919.2660573
26.562501907348633,39.689979553222656,0.6751302480697632,1.3841944932937622,1745,13712,1744,1.879291296005249,0.30741173028945923,0.02148437686264515,631.479986612,2680320,0.8947368264198303,0.2312222570180893,1.0,1747608919.596409
28.44075584411621,39.689979553222656,0.6829427480697632,1.385799765586853,1751,13760,1750,1.879291296005249,0.36168259382247925,0.01953125186264515,633.471305473,2689536,0.8947368264198303,0.2107318639755249,1.0,1747608921.58775
26.233074188232422,39.689979553222656,0.5885416865348816,1.2394201755523682,1753,13776,1752,1.879291296005249,0.3154307007789612,0.02083333395421505,634.131796206,2692608,0.8947368264198303,0.16046208143234253,1.0,1747608922.2482145
26.385417938232422,39.689979553222656,0.544921875,1.1911362409591675,1777,13968,1776,1.879291296005249,0.3400302529335022,0.02083333395421505,642.11424725,2729472,0.8947368264198303,0.2416859120130539,1.0,1747608930.2306926
28.31966209411621,39.689979553222656,0.55078125,1.172993779182434,1788,14056,1787,1.879291296005249,0.3179989755153656,0.01888020895421505,645.769402515,2746368,0.8947368264198303,0.23879042267799377,1.0,1747608933.8858361
28.09309959411621,39.689979553222656,0.5800781846046448,1.2866597175598145,1803,14176,1802,1.879291296005249,0.40298905968666077,0.02083333395421505,650.763717567,2769408,0.8947368264198303,0.2421237975358963,1.0,1747608938.8801253
27.697917938232422,39.689979553222656,0.5651041865348816,1.2307653427124023,1814,14264,1813,1.879291296005249,0.3593984544277191,0.01888020895421505,654.418377293,2786304,0.8947368264198303,0.22483479976654053,1.0,1747608942.5348153
26.22786521911621,39.689979553222656,0.6451823115348816,1.3367195129394531,1822,14328,1821,1.879291296005249,0.3822886347770691,0.0221354179084301,657.079227015,2798592,0.8947368264198303,0.2544083893299103,1.0,1747608945.1956742
26.942058563232422,39.689979553222656,0.6087239980697632,1.287079095840454,1827,14368,1826,1.879291296005249,0.4116792678833008,0.02148437686264515,658.7376179,2806272,0.8947368264198303,0.32762062549591064,1.0,1747608946.8540397
27.291017532348633,39.689979553222656,0.5677083730697632,1.2098383903503418,1846,14520,1845,1.879291296005249,0.3300185799598694,0.02083333395421505,665.066776989,2835456,0.8947368264198303,0.3189904987812042,1.0,1747608953.1832066
28.394533157348633,39.689979553222656,0.4602864682674408,1.0688705444335938,1850,14552,1849,1.879291296005249,0.3802969455718994,0.017578125,666.39617763,2841600,0.8947368264198303,0.31778135895729065,1.0,1747608954.512625
27.240886688232422,39.689979553222656,0.7070313096046448,1.433612585067749,1858,14616,1857,1.879291296005249,0.4029754400253296,0.02083333395421505,669.052987359,2853888,0.8947368264198303,0.28409066796302795,1.0,1747608957.1692982
26.189455032348633,39.689979553222656,0.5123698115348816,1.1473619937896729,1863,14656,1862,1.879291296005249,0.3257523775100708,0.02083333395421505,670.713755821,2861568,0.8947368264198303,0.23486435413360596,1.0,1747608958.8301785
26.333986282348633,39.689979553222656,0.6432291865348816,1.3599910736083984,1889,14864,1888,1.879291296005249,0.2636682987213135,0.02083333395421505,679.353314044,2901504,0.8947368264198303,0.20722010731697083,1.0,1747608967.4696903
26.49934959411621,39.689979553222656,0.5800781846046448,1.2363426685333252,1901,14960,1900,1.879291296005249,0.287244588136673,0.02148437686264515,683.342871078,2919936,0.8947368264198303,0.20215126872062683,1.0,1747608971.4592814
27.092449188232422,39.689979553222656,0.6562500596046448,1.3566478490829468,1908,15016,1907,1.879291296005249,0.3052823543548584,0.02083333395421505,685.673375687,2930688,0.8947368264198303,0.24174755811691284,1.0,1747608973.789788
26.63020896911621,39.689979553222656,0.6263021230697632,1.3054059743881226,1936,15240,1935,1.879291296005249,0.31876587867736816,0.0201822929084301,694.988566833,2973696,0.8947368264198303,0.20385423302650452,1.0,1747608983.105006
25.644533157348633,39.689979553222656,0.54296875,1.1845942735671997,1939,15264,1938,1.879291296005249,0.3631468415260315,0.01953125186264515,695.986129982,2978304,0.8947368264198303,0.1879834234714508,1.0,1747608984.1025689
27.283205032348633,39.689979553222656,0.6992188096046448,1.3984376192092896,1946,15320,1945,1.879291296005249,0.46424487233161926,0.0201822929084301,698.311621343,2989056,0.8947368264198303,0.18661001324653625,1.0,1747608986.428046
28.53255271911621,40.2374153137207,0.5651041865348816,1.1831772327423096,1965,15472,1964,1.9023467302322388,0.31429386138916016,0.0182291679084301,704.71737682,3018240,0.9120961427688599,0.21231059730052948,1.0,1747608992.8336692
27.357423782348633,40.2374153137207,0.6393229365348816,1.2786458730697632,1971,15520,1970,1.9023467302322388,0.2944052815437317,0.02083333395421505,706.714813741,3027456,0.9120961427688599,0.2305985689163208,1.0,1747608994.8312533
27.95247459411621,40.2374153137207,0.7207031846046448,1.4571398496627808,1984,15624,1983,1.9023467302322388,0.2955031991004944,0.02148437686264515,711.033445427,3047424,0.9120961427688599,0.31541234254837036,1.0,1747608999.1498609
24.23177146911621,40.2374153137207,0.5423177480697632,1.199522852897644,2010,15832,2009,1.9023467302322388,0.3506694436073303,0.0201822929084301,719.671374926,3087360,0.9120961427688599,0.20698122680187225,1.0,1747609007.7877896
28.128908157348633,40.2374153137207,0.5709635615348816,1.257412075996399,2020,15912,2019,1.9023467302322388,0.2516247630119324,0.0201822929084301,723.00691771,3102720,0.9120961427688599,0.26643720269203186,1.0,1747609011.123333
27.302736282348633,40.2374153137207,0.6614583730697632,1.329958438873291,2032,16008,2031,1.9023467302322388,0.2891237139701843,0.0201822929084301,726.993342811,3121152,0.9120961427688599,0.21267364919185638,1.0,1747609015.1097577
26.90169334411621,40.2374153137207,0.5598958730697632,1.2062082290649414,2039,16064,2038,1.9023467302322388,0.34112128615379333,0.0182291679084301,729.320359541,3131904,0.9120961427688599,0.18446850776672363,1.0,1747609017.4367933
28.06966209411621,40.2374153137207,0.5032552480697632,1.1279674768447876,2043,16096,2042,1.9023467302322388,0.32672756910324097,0.017578125,730.644469854,3138048,0.9120961427688599,0.21873149275779724,1.0,1747609018.7609177
27.68684959411621,40.2374153137207,0.5703125,1.2188230752944946,2045,16112,2044,1.9023467302322388,0.3768301010131836,0.02083333395421505,731.309195086,3141120,0.9120961427688599,0.19760315120220184,1.0,1747609019.4256423
27.44856834411621,40.2374153137207,0.5846354365348816,1.2381974458694458,2050,16152,2049,1.9023467302322388,0.29947414994239807,0.0201822929084301,732.972379488,3148800,0.9120961427688599,0.22277402877807617,1.0,1747609021.0888057
25.133464813232422,40.2374153137207,0.6171875596046448,1.2927038669586182,2076,16360,2075,1.9023467302322388,0.26328611373901367,0.0221354179084301,741.620487681,3188736,0.9120961427688599,0.2955915331840515,1.0,1747609029.7369244
25.744142532348633,40.2374153137207,0.6582031846046448,1.330458641052246,2079,16384,2078,1.9023467302322388,0.2554473280906677,0.02148437686264515,742.618230006,3193344,0.9120961427688599,0.30818021297454834,1.0,1747609030.7346642
26.468751907348633,40.2374153137207,0.6809896230697632,1.383489727973938,2082,16408,2081,1.9023467302322388,0.2336546927690506,0.02278645895421505,743.616196582,3197952,0.9120961427688599,0.3520686626434326,1.0,1747609031.7326152
26.567058563232422,40.2374153137207,0.6777344346046448,1.3795573711395264,2084,16424,2083,1.9023467302322388,0.23743274807929993,0.0221354179084301,744.293508773,3201024,0.9120961427688599,0.31239554286003113,1.0,1747609032.4098086
25.550783157348633,40.2374153137207,0.5703125,1.2253732681274414,2089,16464,2088,1.9023467302322388,0.2457578033208847,0.02083333395421505,745.955948028,3208704,0.9120961427688599,0.33112430572509766,1.0,1747609034.072404
26.254558563232422,40.2374153137207,0.6588541865348816,1.3194220066070557,2118,16696,2117,1.9023467302322388,0.29195404052734375,0.02083333395421505,755.580802552,3253248,0.9120961427688599,0.17586666345596313,1.0,1747609043.697219
29.84895896911621,40.2374153137207,0.5924479365348816,1.2330783605575562,2130,16792,2129,1.9023467302322388,0.272234708070755,0.017578125,759.565273591,3271680,0.9120961427688599,0.19986045360565186,1.0,1747609047.6816883
25.726564407348633,40.2374153137207,0.6308594346046448,1.2855461835861206,2144,16904,2143,1.9023467302322388,0.20687392354011536,0.0201822929084301,764.233646104,3293184,0.9120961427688599,0.1338253617286682,1.0,1747609052.3500636
25.998048782348633,40.2374153137207,0.6054688096046448,1.3017427921295166,2158,17016,2157,1.9023467302322388,0.21968688070774078,0.0201822929084301,768.894887928,3314688,0.9120961427688599,0.09144158661365509,1.0,1747609057.0113235
26.434246063232422,40.2374153137207,0.6451823115348816,1.344050407409668,2168,17096,2167,1.9023467302322388,0.2723587155342102,0.0201822929084301,772.266142506,3330048,0.9120961427688599,0.13428351283073425,1.0,1747609060.3825772
29.279949188232422,40.2374153137207,0.6412760615348816,1.3473082780838013,2211,17440,2210,1.9023467302322388,0.27573108673095703,0.0182291679084301,786.568510182,3396096,0.9120961427688599,0.022696416825056076,1.0,1747609074.6849437
25.857423782348633,40.2374153137207,0.5358073115348816,1.1983120441436768,2219,17504,2218,1.9023467302322388,0.2666459083557129,0.02343750186264515,789.241658633,3408384,0.9120961427688599,0.07367274165153503,1.0,1747609077.358073
25.10286521911621,40.2374153137207,0.6126302480697632,1.3008500337600708,2235,17632,2234,1.9023467302322388,0.21818286180496216,0.0221354179084301,794.560539363,3432960,0.9120961427688599,0.058361902832984924,1.0,1747609082.676975
26.76106834411621,40.2374153137207,0.5794271230697632,1.2329188585281372,2242,17688,2241,1.9023467302322388,0.16663715243339539,0.0201822929084301,796.891291787,3443712,0.9120961427688599,0.052599258720874786,1.0,1747609085.007697
25.988933563232422,40.2374153137207,0.6048177480697632,1.2533012628555298,2246,17720,2245,1.9023467302322388,0.1879872828722,0.0201822929084301,798.220894327,3449856,0.9120961427688599,0.05450572818517685,1.0,1747609086.3373096
27.753908157348633,40.2374153137207,0.6087239980697632,1.2829853296279907,2249,17744,2248,1.9023467302322388,0.1915683150291443,0.02083333395421505,799.214312625,3454464,0.9120961427688599,0.07058336585760117,1.0,1747609087.3307428
27.87434959411621,40.2374153137207,0.5976563096046448,1.2820662260055542,2254,17784,2253,1.9023467302322388,0.2437375783920288,0.02083333395421505,800.881852833,3462144,0.9120961427688599,0.023385919630527496,1.0,1747609088.9982536
26.330730438232422,40.2374153137207,0.56640625,1.2297648191452026,2257,17808,2256,1.9023467302322388,0.22865688800811768,0.0221354179084301,801.87894504,3466752,0.9120961427688599,0.039090726524591446,1.0,1747609089.9953616
25.03645896911621,40.2374153137207,0.5976563096046448,1.2327916622161865,2262,17848,2261,1.9023467302322388,0.17182648181915283,0.02148437686264515,803.539952029,3474432,0.9120961427688599,0.04550661891698837,1.0,1747609091.6563652
26.828126907348633,40.2374153137207,0.6308594346046448,1.3256585597991943,2268,17896,2267,1.9023467302322388,0.2361169457435608,0.02083333395421505,805.53335681,3483648,0.9120961427688599,0.011569657362997532,1.0,1747609093.6497953
27.740886688232422,40.2374153137207,0.6367188096046448,1.3319629430770874,2272,17928,2271,1.9023467302322388,0.22206079959869385,0.02083333395421505,806.856557898,3489792,0.9120961427688599,0.02542964369058609,1.0,1747609094.9729776
26.428386688232422,38.063846588134766,0.6197916865348816,1.2973865270614624,2311,18240,2310,1.9202094078063965,0.18345937132835388,0.02083333395421505,819.899227786,3549696,0.9292159080505371,0.06298467516899109,1.0000001192092896,1747609108.01568
25.69466209411621,38.063846588134766,0.6953125596046448,1.424277424812317,2355,18592,2354,1.9202094078063965,0.17179903388023376,0.02148437686264515,834.537774022,3617280,0.9292159080505371,0.02918184921145439,1.0000001192092896,1747609122.654198
26.649089813232422,38.063846588134766,0.6490885615348816,1.3292014598846436,2359,18624,2358,1.9202094078063965,0.142245352268219,0.02083333395421505,835.871260437,3623424,0.9292159080505371,0.04465547576546669,1.0000001192092896,1747609123.9876878
26.59700584411621,38.063846588134766,0.6497396230697632,1.3637458086013794,2361,18640,2360,1.9202094078063965,0.17148485779762268,0.02278645895421505,836.536127336,3626496,0.9292159080505371,0.02981782890856266,1.0000001192092896,1747609124.652551
26.957683563232422,38.063846588134766,0.6725260615348816,1.3687922954559326,2420,19112,2419,1.9202094078063965,0.18018272519111633,0.02278645895421505,856.155433981,3717120,0.9292159080505371,0.024449443444609642,1.0000001192092896,1747609144.2718487
26.369792938232422,38.063846588134766,0.6966146230697632,1.4155728816986084,2453,19376,2452,1.9202094078063965,0.15160980820655823,0.02148437686264515,867.128161874,3767808,0.9292159080505371,0.10207463055849075,1.0000001192092896,1747609155.2445805
26.854167938232422,38.063846588134766,0.6894531846046448,1.405877709388733,2468,19496,2467,1.9202094078063965,0.17565031349658966,0.02343750186264515,872.115840743,3790848,0.9292159080505371,0.09778700768947601,1.0000001192092896,1747609160.2322555
26.797527313232422,38.063846588134766,0.5878906846046448,1.2201327085494995,2469,19504,2468,1.9202094078063965,0.21468806266784668,0.01953125186264515,872.448114845,3792384,0.9292159080505371,0.10386983305215836,1.0000001192092896,1747609160.564542
25.777996063232422,38.063846588134766,0.6373698115348816,1.3405472040176392,2472,19528,2471,1.9202094078063965,0.17469602823257446,0.0240885429084301,873.446719194,3796992,0.9292159080505371,0.10177768766880035,1.0000001192092896,1747609161.5631368
25.343751907348633,38.063846588134766,0.5716146230697632,1.2427796125411987,2475,19552,2474,1.9202094078063965,0.14642521739006042,0.02083333395421505,874.444327436,3801600,0.9292159080505371,0.13139283657073975,1.0000001192092896,1747609162.560751
25.275392532348633,38.063846588134766,0.501953125,1.128242015838623,2479,19584,2478,1.9202094078063965,0.14084608852863312,0.01888020895421505,875.775001905,3807744,0.9292159080505371,0.14860641956329346,1.0000001192092896,1747609163.8914325
28.012371063232422,38.063846588134766,0.6315104365348816,1.2884751558303833,2509,19824,2508,1.9202094078063965,0.2025749683380127,0.01953125186264515,885.744085901,3853824,0.9292159080505371,0.06902090460062027,1.0000001192092896,1747609173.8605123
27.77278709411621,38.063846588134766,0.5475260615348816,1.1755157709121704,2523,19936,2522,1.9202094078063965,0.18765196204185486,0.017578125,890.400514937,3875328,0.9292159080505371,0.060652703046798706,1.0000001192092896,1747609178.5169063
26.166017532348633,38.063846588134766,0.6542969346046448,1.3611077070236206,2546,20120,2545,1.9202094078063965,0.1584998369216919,0.02278645895421505,898.036143103,3910656,0.9292159080505371,0.11104178428649902,1.0000001192092896,1747609186.1526055
27.00130271911621,38.063846588134766,0.6503906846046448,1.3576337099075317,2593,20496,2592,1.9202094078063965,0.1812075972557068,0.02083333395421505,913.662170374,3982848,0.9292159080505371,0.05628909170627594,1.0000001192092896,1747609201.7786043
26.898439407348633,36.581722259521484,0.6725260615348816,1.3979688882827759,2619,20704,2618,1.9308030605316162,0.22716157138347626,0.0221354179084301,922.409057272,4022784,0.9379587173461914,-0.05579453334212303,1.0000001192092896,1747609210.5254931
27.260417938232422,36.581722259521484,0.6647135615348816,1.3564741611480713,2621,20720,2620,1.9308030605316162,0.24938060343265533,0.0221354179084301,923.069290117,4025856,0.9379587173461914,-0.06803851574659348,1.0000001192092896,1747609211.1857338
26.853517532348633,36.581722259521484,0.6608073115348816,1.3386645317077637,2625,20752,2624,1.9308030605316162,0.1998268961906433,0.02148437686264515,924.401737561,4032000,0.9379587173461914,-0.0533645823597908,1.0000001192092896,1747609212.5181584
27.240886688232422,36.581722259521484,0.5325521230697632,1.129584789276123,2629,20784,2628,1.9308030605316162,0.1801125854253769,0.0182291679084301,925.725013209,4038144,0.9379587173461914,-0.05815105885267258,1.0000001192092896,1747609213.8414285
28.84895896911621,36.581722259521484,0.6686198115348816,1.3886436223983765,2651,20960,2650,1.9308030605316162,0.1866535097360611,0.01888020895421505,933.03941826,4071936,0.9379587173461914,-0.07420071959495544,1.0000001192092896,1747609221.1558433
29.078777313232422,36.581722259521484,0.5989583730697632,1.2672388553619385,2658,21016,2657,1.9308030605316162,0.18612799048423767,0.01888020895421505,935.366635944,4082688,0.9379587173461914,-0.06698767840862274,1.0000001192092896,1747609223.4830625
26.037761688232422,36.581722259521484,0.5781250596046448,1.2389216423034668,2670,21112,2669,1.9308030605316162,0.17188668251037598,0.0221354179084301,939.340892403,4101120,0.9379587173461914,-0.08067551255226135,1.0000001192092896,1747609227.4573107
26.467449188232422,36.581722259521484,0.6796875596046448,1.4107633829116821,2678,21176,2677,1.9308030605316162,0.2108575403690338,0.02343750186264515,941.998183134,4113408,0.9379587173461914,-0.02719336375594139,1.0000001192092896,1747609230.1146214
27.151042938232422,36.581722259521484,0.6653646230697632,1.3850574493408203,2687,21248,2686,1.9308030605316162,0.20013664662837982,0.0221354179084301,944.998341027,4127232,0.9379587173461914,-0.041152529418468475,1.0000001192092896,1747609233.1147835
26.662111282348633,36.581722259521484,0.6751302480697632,1.401092529296875,2690,21272,2689,1.9308030605316162,0.1843418926000595,0.02148437686264515,945.998070966,4131840,0.9379587173461914,-0.04271009936928749,1.0000001192092896,1747609234.1144998
24.980470657348633,36.581722259521484,0.6888021230697632,1.4223731756210327,2696,21320,2695,1.9308030605316162,0.17099425196647644,0.02278645895421505,947.994979351,4141056,0.9379587173461914,-0.03394138067960739,1.0000001192092896,1747609236.1113954
27.358074188232422,36.581722259521484,0.6328125596046448,1.3171402215957642,2735,21632,2734,1.9308030605316162,0.1615275740623474,0.0201822929084301,960.960617032,4200960,0.9379587173461914,-0.05796819552779198,1.0000001192092896,1747609249.0770392
27.19466209411621,36.581722259521484,0.6822916865348816,1.4225208759307861,2742,21688,2741,1.9308030605316162,0.16581130027770996,0.02148437686264515,963.288630599,4211712,0.9379587173461914,-0.12441138923168182,1.0000001192092896,1747609251.405064
24.065105438232422,36.581722259521484,0.5494791865348816,1.2151252031326294,2760,21832,2759,1.9308030605316162,0.14335393905639648,0.02539062686264515,969.27273392,4239360,0.9379587173461914,-0.11180314421653748,1.0000001192092896,1747609257.3891542
25.787761688232422,36.581722259521484,0.6178385615348816,1.3052972555160522,2775,21952,2774,1.9308030605316162,0.1276865303516388,0.02083333395421505,974.258808511,4262400,0.9379587173461914,-0.057704269886016846,1.0000001192092896,1747609262.3752253
27.258464813232422,36.581722259521484,0.7330729365348816,1.4839043617248535,2779,21984,2778,1.9308030605316162,0.14604927599430084,0.0221354179084301,975.583799094,4268544,0.9379587173461914,-0.08136746287345886,1.0000001192092896,1747609263.7002435
26.50911521911621,36.581722259521484,0.6927083730697632,1.4002305269241333,2786,22040,2785,1.9308030605316162,0.20608574151992798,0.02343750186264515,977.919933245,4279296,0.9379587173461914,-0.059811994433403015,1.0000001192092896,1747609266.03637
27.291667938232422,36.581722259521484,0.5937500596046448,1.2505676746368408,2816,22280,2815,1.9308030605316162,0.19705472886562347,0.0201822929084301,987.884032365,4325376,0.9379587173461914,-0.11644113808870316,1.0000001192092896,1747609276.0004563
27.900392532348633,36.581722259521484,0.5084635615348816,1.101991891860962,2819,22304,2818,1.9308030605316162,0.18145325779914856,0.01692708395421505,988.881684158,4329984,0.9379587173461914,-0.1290654093027115,1.0000001192092896,1747609276.9980953
27.584636688232422,36.581722259521484,0.6119791865348816,1.2618590593338013,2829,22384,2828,1.9308030605316162,0.20360980927944183,0.01953125186264515,992.207763133,4345344,0.9379587173461914,-0.12806926667690277,1.0000001192092896,1747609280.3241768
28.058595657348633,36.581722259521484,0.6588541865348816,1.3315263986587524,2831,22400,2830,1.9308030605316162,0.201936274766922,0.02083333395421505,992.871010069,4348416,0.9379587173461914,-0.14595668017864227,1.0000001192092896,1747609280.9874368
28.195964813232422,36.581722259521484,0.7011719346046448,1.4138593673706055,2839,22464,2838,1.9308030605316162,0.20141513645648956,0.02148437686264515,995.527879129,4360704,0.9379587173461914,-0.161613330245018,1.0000001192092896,1747609283.6442888
27.468751907348633,36.581722259521484,0.7207031846046448,1.4630379676818848,2843,22496,2842,1.9308030605316162,0.19440443813800812,0.02278645895421505,996.8516312,4366848,0.9379587173461914,-0.18099182844161987,1.0000001192092896,1747609284.968047
25.303386688232422,36.581722259521484,0.6718750596046448,1.4104876518249512,2851,22560,2850,1.9308030605316162,0.17918691039085388,0.02473958395421505,999.505515902,4379136,0.9379587173461914,-0.12158042937517166,1.0000001192092896,1747609287.6219497
26.18489646911621,36.581722259521484,0.6119791865348816,1.3040263652801514,2866,22680,2865,1.9308030605316162,0.15202641487121582,0.02278645895421505,1004.497925335,4402176,0.9379587173461914,-0.18312518298625946,1.0000001192092896,1747609292.6143577
26.29817771911621,36.581722259521484,0.7441406846046448,1.491377592086792,2901,22960,2900,1.9308030605316162,0.1613316535949707,0.02473958395421505,1016.145541229,4455936,0.9379587173461914,-0.16434235870838165,1.0000001192092896,1747609304.261968
26.51302146911621,36.581722259521484,0.6790364980697632,1.395106315612793,2905,22992,2904,1.9308030605316162,0.1994965374469757,0.02148437686264515,1017.473668546,4462080,0.9379587173461914,-0.14265434443950653,1.0000001192092896,1747609305.5901077
26.92903709411621,36.3397216796875,0.7200521230697632,1.4719792604446411,2937,23248,2936,1.9414215087890625,0.15487460792064667,0.0221354179084301,1028.190196733,4511232,0.9471248984336853,-0.14188647270202637,1.0,1747609316.3066335
26.423830032348633,36.3397216796875,0.6419271230697632,1.31808340549469,2953,23376,2952,1.9414215087890625,0.13171157240867615,0.0201822929084301,1033.5102737,4535808,0.9471248984336853,-0.06231146305799484,1.0,1747609321.6266909
25.466798782348633,36.3397216796875,0.6458333730697632,1.2916667461395264,2981,23600,2980,1.9414215087890625,0.16704872250556946,0.0201822929084301,1042.820261544,4578816,0.9471248984336853,-0.15616901218891144,1.0,1747609330.9366922
24.381511688232422,36.3397216796875,0.6927083730697632,1.3854167461395264,3000,23752,2999,1.9414215087890625,0.17267003655433655,0.0240885429084301,1049.12467858,4608000,0.9471248984336853,-0.13107746839523315,1.0,1747609337.241106
26.384767532348633,36.3397216796875,0.6757813096046448,1.4179778099060059,3033,24016,3032,1.9414215087890625,0.19761982560157776,0.02343750186264515,1060.131678363,4658688,0.9471248984336853,-0.09226957708597183,1.0,1747609348.2480886
27.91927146911621,36.3397216796875,0.546875,1.206703782081604,3058,24216,3057,1.9414215087890625,0.17493751645088196,0.01953125186264515,1068.454122971,4697088,0.9471248984336853,-0.16364914178848267,1.0,1747609356.570546
26.774089813232422,36.3397216796875,0.6575521230697632,1.341704249382019,3109,24624,3108,1.9414215087890625,0.1623142957687378,0.0221354179084301,1085.40168604,4775424,0.9471248984336853,-0.25415730476379395,1.0,1747609373.5180986
25.626955032348633,36.3397216796875,0.6041666865348816,1.2611339092254639,3124,24744,3123,1.9414215087890625,0.15878865122795105,0.02278645895421505,1090.382584351,4798464,0.9471248984336853,-0.2345377504825592,1.0,1747609378.4989977
27.895183563232422,36.3397216796875,0.6093750596046448,1.2989495992660522,3139,24864,3138,1.9414215087890625,0.16222426295280457,0.02083333395421505,1095.371787271,4821504,0.9471248984336853,-0.2001934051513672,1.0,1747609383.4882326
25.358074188232422,36.3397216796875,0.6178385615348816,1.2976270914077759,3150,24952,3149,1.9414215087890625,0.18219436705112457,0.02278645895421505,1099.025705495,4838400,0.9471248984336853,-0.18699386715888977,1.0,1747609387.1421134
24.203126907348633,36.3397216796875,0.7148438096046448,1.457985520362854,3154,24984,3153,1.9414215087890625,0.14226660132408142,0.02669270895421505,1100.363470392,4844544,0.9471248984336853,-0.22900116443634033,1.0,1747609388.479876
24.94466209411621,36.3397216796875,0.7148438096046448,1.4430522918701172,3163,25056,3162,1.9414215087890625,0.14617112278938293,0.02343750186264515,1103.351724231,4858368,0.9471248984336853,-0.2334044873714447,1.0,1747609391.4681523
25.974611282348633,36.3397216796875,0.7317708730697632,1.4730418920516968,3168,25096,3167,1.9414215087890625,0.1327660083770752,0.0240885429084301,1105.013786493,4866048,0.9471248984336853,-0.22091054916381836,1.0,1747609393.1302166
25.414714813232422,36.3397216796875,0.7382813096046448,1.4765626192092896,3174,25144,3173,1.9414215087890625,0.1225033551454544,0.02343750186264515,1107.010519389,4875264,0.9471248984336853,-0.20621329545974731,1.0,1747609395.1269197
26.832683563232422,36.3397216796875,0.6399739980697632,1.3415648937225342,3187,25248,3186,1.9414215087890625,0.139253169298172,0.02278645895421505,1111.33351134,4895232,0.9471248984336853,-0.1182267889380455,1.0,1747609399.4499314
26.570964813232422,36.3397216796875,0.6809896230697632,1.430457353591919,3202,25368,3201,1.9414215087890625,0.11557155102491379,0.02278645895421505,1116.309284705,4918272,0.9471248984336853,-0.15336483716964722,1.0,1747609404.425707
26.565105438232422,36.3397216796875,0.6601563096046448,1.356562614440918,3205,25392,3204,1.9414215087890625,0.12020137906074524,0.02148437686264515,1117.309401897,4922880,0.9471248984336853,-0.1639184057712555,1.0,1747609405.425834
24.429689407348633,36.3397216796875,0.7265625596046448,1.4531251192092896,3225,25552,3224,1.9414215087890625,0.13065659999847412,0.02473958395421505,1123.949362151,4953600,0.9471248984336853,-0.1504211276769638,1.0,1747609412.0657945
26.021486282348633,36.3397216796875,0.6927083730697632,1.4121179580688477,3235,25632,3234,1.9414215087890625,0.13152602314949036,0.0221354179084301,1127.277810889,4968960,0.9471248984336853,-0.1831446886062622,1.0,1747609415.3942385
23.708986282348633,36.3397216796875,0.7018229365348816,1.404793381690979,3236,25640,3235,1.9414215087890625,0.11915100365877151,0.0221354179084301,1127.610475212,4970496,0.9471248984336853,-0.17745865881443024,1.0,1747609415.726927
24.819011688232422,36.3397216796875,0.7109375596046448,1.4530208110809326,3237,25648,3236,1.9414215087890625,0.12536293268203735,0.0260416679084301,1127.940796683,4972032,0.9471248984336853,-0.1744803786277771,1.0,1747609416.0572207
24.695314407348633,36.3397216796875,0.6386719346046448,1.329914927482605,3248,25736,3247,1.9414215087890625,0.1397738754749298,0.02343750186264515,1131.595270598,4988928,0.9471248984336853,-0.20293770730495453,1.0,1747609419.7117133
26.398439407348633,38.14924621582031,0.6432291865348816,1.3345394134521484,3273,25936,3272,1.9428731203079224,0.1952407956123352,0.02148437686264515,1139.9556653,5027328,0.9497936964035034,-0.14003604650497437,1.0,1747609428.0720866
25.885417938232422,38.14924621582031,0.6686198115348816,1.355362057685852,3284,26024,3283,1.9428731203079224,0.15878048539161682,0.02148437686264515,1143.604872692,5044224,0.9497936964035034,-0.16940826177597046,1.0,1747609431.721279
26.38411521911621,38.14924621582031,0.6477864980697632,1.36372709274292,3291,26080,3290,1.9428731203079224,0.1691201776266098,0.02539062686264515,1145.931677335,5054976,0.9497936964035034,-0.17337322235107422,1.0,1747609434.0481086
26.80013084411621,38.14924621582031,0.7200521230697632,1.457504391670227,3331,26400,3330,1.9428731203079224,0.20363754034042358,0.02343750186264515,1159.226795474,5116416,0.9497936964035034,-0.1525048017501831,1.0,1747609447.3432183
27.82747459411621,38.14924621582031,0.6985677480697632,1.4032084941864014,3334,26424,3333,1.9428731203079224,0.1195160299539566,0.02083333395421505,1160.227353843,5121024,0.9497936964035034,-0.14479276537895203,1.0,1747609448.3437872
25.97395896911621,38.14924621582031,0.6608073115348816,1.3919622898101807,3336,26440,3335,1.9428731203079224,0.1403188705444336,0.0240885429084301,1160.892977613,5124096,0.9497936964035034,-0.14215219020843506,1.0,1747609449.0094
26.195314407348633,38.14924621582031,0.6953125596046448,1.402437448501587,3338,26456,3337,1.9428731203079224,0.13638925552368164,0.02148437686264515,1161.557919474,5127168,0.9497936964035034,-0.1323065459728241,1.0,1747609449.6743464
25.69856834411621,38.14924621582031,0.7356771230697632,1.4792901277542114,3372,26728,3371,1.9428731203079224,0.12037590146064758,0.0240885429084301,1172.880334272,5179392,0.9497936964035034,-0.16460371017456055,1.0,1747609460.996645
27.15950584411621,38.14924621582031,0.6660156846046448,1.351008653640747,3385,26832,3384,1.9428731203079224,0.13062167167663574,0.0221354179084301,1177.188616576,5199360,0.9497936964035034,-0.16185994446277618,1.0,1747609465.3050394
26.625001907348633,38.14924621582031,0.5846354365348816,1.2408000230789185,3392,26888,3391,1.9428731203079224,0.13992518186569214,0.0201822929084301,1179.517223478,5210112,0.9497936964035034,-0.15363071858882904,1.0,1747609467.6336718
27.815105438232422,38.14924621582031,0.7076823115348816,1.4245884418487549,3406,27000,3405,1.9428731203079224,0.12376825511455536,0.0221354179084301,1184.169686545,5231616,0.9497936964035034,-0.19137486815452576,1.0,1747609472.2861035
26.621095657348633,38.14924621582031,0.5963541865348816,1.2409427165985107,3407,27008,3406,1.9428731203079224,0.13086000084877014,0.02083333395421505,1184.502443172,5233152,0.9497936964035034,-0.18284618854522705,1.0,1747609472.6188424
27.955730438232422,38.14924621582031,0.6471354365348816,1.3575783967971802,3412,27048,3411,1.9428731203079224,0.10851474851369858,0.02148437686264515,1186.171273246,5240832,0.9497936964035034,-0.19517049193382263,1.0,1747609474.2876935
27.10481834411621,38.14924621582031,0.5989583730697632,1.2593789100646973,3413,27056,3412,1.9428731203079224,0.12965643405914307,0.01953125186264515,1186.504413782,5242368,0.9497936964035034,-0.21167977154254913,1.0,1747609474.6207898
25.05794334411621,38.14924621582031,0.6738281846046448,1.3652374744415283,3419,27104,3418,1.9428731203079224,0.13750195503234863,0.02473958395421505,1188.499361034,5251584,0.9497936964035034,-0.23327890038490295,1.0,1747609476.615797
27.978517532348633,38.14924621582031,0.6809896230697632,1.3740860223770142,3438,27256,3437,1.9428731203079224,0.10634966194629669,0.0201822929084301,1194.809281144,5280768,0.9497936964035034,-0.183192640542984,1.0,1747609482.9257147
27.123699188232422,38.14924621582031,0.6595052480697632,1.3575559854507446,3439,27264,3438,1.9428731203079224,0.09831969439983368,0.02148437686264515,1195.141904551,5282304,0.9497936964035034,-0.16605186462402344,1.0,1747609483.2583227
27.20833396911621,38.14924621582031,0.521484375,1.17751145362854,3446,27320,3445,1.9428731203079224,0.11563728749752045,0.01953125186264515,1197.470224445,5293056,0.9497936964035034,-0.2009546458721161,1.0,1747609485.5866718
24.865886688232422,38.14924621582031,0.7018229365348816,1.4467536211013794,3464,27464,3463,1.9428731203079224,0.14082038402557373,0.02473958395421505,1203.44471679,5320704,0.9497936964035034,-0.16080856323242188,1.0,1747609491.5611386
24.500001907348633,38.14924621582031,0.7024739980697632,1.4537683725357056,3474,27544,3473,1.9428731203079224,0.12144120782613754,0.0260416679084301,1206.810415172,5336064,0.9497936964035034,-0.19324514269828796,1.0,1747609494.9268546
25.718751907348633,38.14924621582031,0.6321614980697632,1.3010450601577759,3478,27576,3477,1.9428731203079224,0.12488667666912079,0.02083333395421505,1208.141199634,5342208,0.9497936964035034,-0.18000075221061707,1.0,1747609496.2576437
26.201173782348633,38.14924621582031,0.7037760615348816,1.4484893083572388,3480,27592,3479,1.9428731203079224,0.1268576681613922,0.02278645895421505,1208.805912677,5345280,0.9497936964035034,-0.2108622044324875,1.0,1747609496.9223561
26.527996063232422,38.14924621582031,0.52734375,1.1608607769012451,3482,27608,3481,1.9428731203079224,0.10896119475364685,0.01953125186264515,1209.470937774,5348352,0.9497936964035034,-0.20965655148029327,1.0,1747609497.5873935
25.664064407348633,38.14924621582031,0.6835938096046448,1.4247009754180908,3483,27616,3482,1.9428731203079224,0.10268707573413849,0.02473958395421505,1209.803441987,5349888,0.9497936964035034,-0.22984907031059265,1.0,1747609497.919892
25.582683563232422,38.14924621582031,0.6842448115348816,1.3684896230697632,3484,27624,3483,1.9428731203079224,0.10378527641296387,0.02148437686264515,1210.136272232,5351424,0.9497936964035034,-0.2227298617362976,1.0,1747609498.2527018
24.06184959411621,38.14924621582031,0.7044271230697632,1.4230144023895264,3506,27800,3505,1.9428731203079224,0.12373610585927963,0.02473958395421505,1217.459558192,5385216,0.9497936964035034,-0.17790529131889343,1.0,1747609505.575979
26.328126907348633,38.14924621582031,0.6464844346046448,1.336159586906433,3507,27808,3506,1.9428731203079224,0.12362665683031082,0.02083333395421505,1217.791924096,5386752,0.9497936964035034,-0.17155370116233826,1.0,1747609505.9083648
27.566408157348633,38.14924621582031,0.6009114980697632,1.2833718061447144,3509,27824,3508,1.9428731203079224,0.10703600198030472,0.02083333395421505,1218.457728254,5389824,0.9497936964035034,-0.20354248583316803,1.0,1747609506.574138
24.990886688232422,38.14924621582031,0.6308594346046448,1.313658595085144,3547,28128,3546,1.9428731203079224,0.12758779525756836,0.0221354179084301,1231.076795733,5448192,0.9497936964035034,-0.19914375245571136,1.0,1747609519.1932092
25.861330032348633,36.2807502746582,0.7363281846046448,1.4906725883483887,3589,28464,3588,1.9414509534835815,0.11545538902282715,0.0240885429084301,1245.103184591,5512704,0.9478609561920166,-0.20353564620018005,1.0,1747609533.2196374
25.078126907348633,36.2807502746582,0.6367188096046448,1.322812557220459,3599,28544,3598,1.9414509534835815,0.11233080923557281,0.0201822929084301,1248.428493414,5528064,0.9478609561920166,-0.13852602243423462,1.0,1747609536.5449216
25.242839813232422,36.2807502746582,0.6679688096046448,1.4036171436309814,3600,28552,3599,1.9414509534835815,0.11633773148059845,0.0260416679084301,1248.761574832,5529600,0.9478609561920166,-0.13570937514305115,1.0,1747609536.8779578
25.12044334411621,36.2807502746582,0.7337239980697632,1.4698888063430786,3606,28600,3605,1.9414509534835815,0.11975225806236267,0.0240885429084301,1250.757601732,5538816,0.9478609561920166,-0.12709477543830872,1.0,1747609538.8740332
26.93099021911621,36.2807502746582,0.6673177480697632,1.3643438816070557,3654,28984,3653,1.9414509534835815,0.15054097771644592,0.0221354179084301,1266.69961257,5612544,0.9478609561920166,-0.22759532928466797,1.0,1747609554.8160222
25.877605438232422,36.2807502746582,0.6484375596046448,1.3363348245620728,3656,29000,3655,1.9414509534835815,0.14664226770401,0.02278645895421505,1267.364116084,5615616,0.9478609561920166,-0.2240985929965973,1.0,1747609555.4805405
26.357423782348633,36.2807502746582,0.5898438096046448,1.2899975776672363,3697,29328,3696,1.9414509534835815,0.1359255611896515,0.02278645895421505,1280.98752312,5678592,0.9478609561920166,-0.20512118935585022,1.0,1747609569.1039622
27.84114646911621,36.2807502746582,0.7395833730697632,1.4791667461395264,3700,29352,3699,1.9414509534835815,0.12879955768585205,0.0201822929084301,1281.985050244,5683200,0.9478609561920166,-0.20196828246116638,1.0,1747609570.1014898
24.431642532348633,36.2807502746582,0.7194010615348816,1.445833444595337,3711,29440,3710,1.9414509534835815,0.1372309774160385,0.0260416679084301,1285.643338523,5700096,0.9478609561920166,-0.1964547038078308,1.0,1747609573.7597682
25.324871063232422,36.2807502746582,0.5559896230697632,1.202552318572998,3716,29480,3715,1.9414509534835815,0.14046776294708252,0.02148437686264515,1287.319373797,5707776,0.9478609561920166,-0.23399217426776886,1.0,1747609575.4358146
25.54427146911621,36.2807502746582,0.6940104365348816,1.401808738708496,3733,29616,3732,1.9414509534835815,0.1039709597826004,0.02148437686264515,1292.962942558,5733888,0.9478609561920166,-0.2528226971626282,1.0,1747609581.0793576
26.666017532348633,36.2807502746582,0.560546875,1.2463613748550415,3748,29736,3747,1.9414509534835815,0.11812728643417358,0.0201822929084301,1297.952989846,5756928,0.9478609561920166,-0.30276426672935486,1.0,1747609586.0694017
24.91731834411621,36.2807502746582,0.6569010615348816,1.3467732667922974,3753,29776,3752,1.9414509534835815,0.14949288964271545,0.02343750186264515,1299.613969332,5764608,0.9478609561920166,-0.26107096672058105,1.0,1747609587.730384
26.932292938232422,36.2807502746582,0.54296875,1.2132066488265991,3756,29800,3755,1.9414509534835815,0.12569619715213776,0.02083333395421505,1300.612223328,5769216,0.9478609561920166,-0.24423566460609436,1.0,1747609588.7286656
26.32552146911621,36.2807502746582,0.6139323115348816,1.2472901344299316,3761,29840,3760,1.9414509534835815,0.1346239447593689,0.02148437686264515,1302.274795891,5776896,0.9478609561920166,-0.2507806122303009,1.0,1747609590.3912017
28.473308563232422,36.2807502746582,0.6276041865348816,1.2806544303894043,3772,29928,3771,1.9414509534835815,0.09827367961406708,0.01888020895421505,1305.932419825,5793792,0.9478609561920166,-0.24880513548851013,1.0,1747609594.0488465
26.480470657348633,36.2807502746582,0.7239583730697632,1.4571142196655273,3795,30112,3794,1.9414509534835815,0.1395736038684845,0.02539062686264515,1313.58346908,5829120,0.9478609561920166,-0.22116923332214355,1.0,1747609601.6999002
28.55989646911621,36.2807502746582,0.6373698115348816,1.316486120223999,3796,30120,3795,1.9414509534835815,0.12637928128242493,0.01953125186264515,1313.915855174,5830656,0.9478609561920166,-0.214340478181839,1.0,1747609602.0322866
24.961589813232422,36.2807502746582,0.6562500596046448,1.3598628044128418,3803,30176,3802,1.9414509534835815,0.09675657749176025,0.0240885429084301,1316.235652625,5841408,0.9478609561920166,-0.2322128713130951,1.0,1747609604.3520727
27.74739646911621,36.2807502746582,0.6451823115348816,1.3180099725723267,3830,30392,3829,1.9414509534835815,0.11928439140319824,0.01953125186264515,1325.201712767,5882880,0.9478609561920166,-0.2607424259185791,1.0,1747609613.3181584
27.297527313232422,36.2807502746582,0.6113281846046448,1.3075547218322754,3845,30512,3844,1.9414509534835815,0.11113785207271576,0.02278645895421505,1330.191027981,5905920,0.9478609561920166,-0.23268917202949524,1.0,1747609618.3074877
24.973308563232422,36.2807502746582,0.6953125596046448,1.409192681312561,3851,30560,3850,1.9414509534835815,0.12095409631729126,0.02343750186264515,1332.186972847,5915136,0.9478609561920166,-0.22821664810180664,1.0,1747609620.303398
25.56380271911621,36.2807502746582,0.6536458730697632,1.359864354133606,3880,30792,3879,1.9414509534835815,0.11247552931308746,0.0221354179084301,1341.818305535,5959680,0.9478609561920166,-0.2868584990501404,1.0,1747609629.9347358
25.10286521911621,33.96793746948242,0.6119791865348816,1.2646851539611816,3904,30984,3903,1.9547960758209229,0.11081528663635254,0.02148437686264515,1349.86456942,5996544,0.9612825512886047,-0.3045632839202881,1.0,1747609637.9810057
24.373699188232422,33.96793746948242,0.6445313096046448,1.352699637413025,3910,31032,3909,1.9547960758209229,0.11038114875555038,0.0260416679084301,1351.903753004,6005760,0.9612825512886047,-0.2806549072265625,1.0,1747609640.0201771
25.958986282348633,33.96793746948242,0.7096354365348816,1.4644967317581177,3916,31080,3915,1.9547960758209229,0.13273030519485474,0.0240885429084301,1353.905000151,6014976,0.9612825512886047,-0.28038251399993896,1.0,1747609642.0214279
26.33919334411621,33.96793746948242,0.7252604365348816,1.4505208730697632,3935,31232,3934,1.9547960758209229,0.11628031730651855,0.0240885429084301,1360.218924618,6044160,0.9612825512886047,-0.27376073598861694,1.0,1747609648.3353736
22.863283157348633,33.96793746948242,0.7044271230697632,1.460629940032959,3959,31424,3958,1.9547960758209229,0.08952724933624268,0.02929687686264515,1368.205452796,6081024,0.9612825512886047,-0.2504398226737976,1.0,1747609656.3218613
26.244792938232422,33.96793746948242,0.7402344346046448,1.4804688692092896,3975,31552,3974,1.9547960758209229,0.1203332245349884,0.0240885429084301,1373.531061728,6105600,0.9612825512886047,-0.27651843428611755,1.0,1747609661.6475005
24.87239646911621,33.96793746948242,0.5970052480697632,1.280776858329773,4000,31752,3999,1.9547960758209229,0.11871065199375153,0.02539062686264515,1381.847921555,6144000,0.9612825512886047,-0.2267138510942459,1.0,1747609669.9643357
26.537761688232422,33.96793746948242,0.7109375596046448,1.4496742486953735,4046,32120,4045,1.9547960758209229,0.10536545515060425,0.02343750186264515,1397.148136272,6214656,0.9612825512886047,-0.33762937784194946,1.0,1747609685.2645888
25.842449188232422,33.96793746948242,0.7298177480697632,1.4841161966323853,4050,32152,4049,1.9547960758209229,0.11520496755838394,0.02148437686264515,1398.471136905,6220800,0.9612825512886047,-0.35700559616088867,1.0,1747609686.5875833
26.621746063232422,33.96793746948242,0.6959635615348816,1.3919271230697632,4064,32264,4063,1.9547960758209229,0.10118123143911362,0.01888020895421505,1403.119549713,6242304,0.9612825512886047,-0.3461098074913025,1.0,1747609691.2359781
26.90755271911621,33.96793746948242,0.6835938096046448,1.388838768005371,4100,32552,4099,1.9547960758209229,0.17941662669181824,0.02278645895421505,1415.094286402,6297600,0.9612825512886047,-0.4100325405597687,1.0,1747609703.2107177
26.84309959411621,33.96793746948242,0.6738281846046448,1.3975813388824463,4116,32680,4115,1.9547960758209229,0.1371554732322693,0.02343750186264515,1420.412959971,6322176,0.9612825512886047,-0.45028406381607056,1.0,1747609708.5293884
25.672527313232422,33.96793746948242,0.7057291865348816,1.424492359161377,4117,32688,4116,1.9547960758209229,0.1585947573184967,0.02148437686264515,1420.745694365,6323712,0.9612825512886047,-0.44620805978775024,1.0,1747609708.8621247
27.314455032348633,33.96793746948242,0.6250000596046448,1.2893834114074707,4119,32704,4118,1.9547960758209229,0.1397949457168579,0.02083333395421505,1421.410674075,6326784,0.9612825512886047,-0.42852190136909485,1.0,1747609709.5270889
26.20833396911621,33.96793746948242,0.6855469346046448,1.4096990823745728,4134,32824,4133,1.9547960758209229,0.10511042177677155,0.0221354179084301,1426.394728927,6349824,0.9612825512886047,-0.41415321826934814,1.0,1747609714.5111415
27.13411521911621,33.96793746948242,0.5748698115348816,1.2053537368774414,4150,32952,4149,1.9547960758209229,0.14823834598064423,0.01953125186264515,1431.704297836,6374400,0.9612825512886047,-0.4446748197078705,1.0,1747609719.8207276
28.851564407348633,33.96793746948242,0.6497396230697632,1.3362908363342285,4163,33056,4162,1.9547960758209229,0.11695894598960876,0.0182291679084301,1436.03343842,6394368,0.9612825512886047,-0.42473462224006653,1.0,1747609724.1498604
25.931642532348633,33.96793746948242,0.6920573115348816,1.388718843460083,4181,33200,4180,1.9547960758209229,0.11980386078357697,0.02278645895421505,1442.012642478,6422016,0.9612825512886047,-0.3993174433708191,1.0,1747609730.1290812
26.95247459411621,33.96793746948242,0.7174479365348816,1.4348958730697632,4192,33288,4191,1.9547960758209229,0.17441409826278687,0.02148437686264515,1445.671150413,6438912,0.9612825512886047,-0.44332224130630493,1.0,1747609733.7875881
26.850261688232422,33.96793746948242,0.6204427480697632,1.3200020790100098,4195,33312,4194,1.9547960758209229,0.12876233458518982,0.02343750186264515,1446.668161348,6443520,0.9612825512886047,-0.4758014678955078,1.0,1747609734.7845972
27.12825584411621,33.96793746948242,0.6516927480697632,1.354331612586975,4196,33320,4195,1.9547960758209229,0.12171658128499985,0.02083333395421505,1447.000534685,6445056,0.9612825512886047,-0.4459247887134552,1.0,1747609735.1169662
26.134767532348633,33.96793746948242,0.6497396230697632,1.3470052480697632,4201,33360,4200,1.9547960758209229,0.13185948133468628,0.02343750186264515,1448.66237602,6452736,0.9612825512886047,-0.4231736660003662,1.0,1747609736.7788138
27.858074188232422,33.96793746948242,0.5781250596046448,1.1897461414337158,4222,33528,4221,1.9547960758209229,0.1279301643371582,0.01888020895421505,1455.63972505,6484992,0.9612825512886047,-0.38631492853164673,1.0,1747609743.756114
27.164064407348633,35.152671813964844,0.6184896230697632,1.3069931268692017,4238,33656,4237,1.956816554069519,0.17146308720111847,0.0201822929084301,1461.035981436,6509568,0.9611959457397461,-0.3494430482387543,1.0,1747609749.1524017
25.982423782348633,35.152671813964844,0.6835938096046448,1.3671876192092896,4239,33664,4238,1.956816554069519,0.13531070947647095,0.02343750186264515,1461.368494826,6511104,0.9611959457397461,-0.3348371386528015,1.0,1747609749.4849155
25.716798782348633,35.152671813964844,0.6660156846046448,1.3541913032531738,4245,33712,4244,1.956816554069519,0.11289794743061066,0.02343750186264515,1463.364861583,6520320,0.9611959457397461,-0.3413711190223694,1.0,1747609751.4812999
25.562501907348633,35.152671813964844,0.7259114980697632,1.4662458896636963,4253,33776,4252,1.956816554069519,0.11491825431585312,0.0260416679084301,1466.016259318,6532608,0.9611959457397461,-0.3669113218784332,1.0,1747609754.1327066
25.490236282348633,35.152671813964844,0.7363281846046448,1.4829540252685547,4276,33960,4275,1.956816554069519,0.13309338688850403,0.02539062686264515,1473.659097843,6567936,0.9611959457397461,-0.3040797710418701,1.0,1747609761.7755184
27.66536521911621,35.152671813964844,0.6171875596046448,1.2898064851760864,4299,34144,4298,1.956816554069519,0.12693148851394653,0.0201822929084301,1481.303675148,6603264,0.9611959457397461,-0.31721100211143494,1.0,1747609769.4201155
26.842449188232422,35.152671813964844,0.6764323115348816,1.4252971410751343,4303,34176,4302,1.956816554069519,0.09365036338567734,0.02343750186264515,1482.634057601,6609408,0.9611959457397461,-0.31317955255508423,1.0,1747609770.7504961
26.09309959411621,35.152671813964844,0.7382813096046448,1.4765626192092896,4319,34304,4318,1.956816554069519,0.1143420934677124,0.0240885429084301,1487.934098687,6633984,0.9611959457397461,-0.280082106590271,1.0,1747609776.0505629
27.85286521911621,35.152671813964844,0.7298177480697632,1.4596354961395264,4328,34376,4327,1.956816554069519,0.12159937620162964,0.0221354179084301,1490.924789211,6647808,0.9611959457397461,-0.34108006954193115,1.0,1747609779.0412025
26.46614646911621,35.152671813964844,0.7057291865348816,1.4180896282196045,4349,34544,4348,1.956816554069519,0.10863542556762695,0.02083333395421505,1497.957343663,6680064,0.9611959457397461,-0.31837236881256104,1.0,1747609786.0737605
24.50325584411621,35.152671813964844,0.6985677480697632,1.438088297843933,4365,34672,4364,1.956816554069519,0.0811806321144104,0.02343750186264515,1503.281308874,6704640,0.9611959457397461,-0.32438674569129944,1.0,1747609791.3977516
24.47591209411621,35.152671813964844,0.6796875596046448,1.3852969408035278,4399,34944,4398,1.956816554069519,0.125871941447258,0.0240885429084301,1514.59210978,6756864,0.9611959457397461,-0.33119603991508484,1.0,1747609802.7085392
26.79036521911621,35.152671813964844,0.6165364980697632,1.3190877437591553,4404,34984,4403,1.956816554069519,0.10877896845340729,0.02343750186264515,1516.258878814,6764544,0.9611959457397461,-0.3315683901309967,1.0,1747609804.3753014
24.38606834411621,35.152671813964844,0.7050781846046448,1.4351229667663574,4412,35048,4411,1.956816554069519,0.08006803691387177,0.0240885429084301,1518.911676063,6776832,0.9611959457397461,-0.29368123412132263,1.0,1747609807.028116
25.884767532348633,35.152671813964844,0.6803385615348816,1.3998980522155762,4421,35120,4420,1.956816554069519,0.09609275311231613,0.02343750186264515,1521.9186997,6790656,0.9611959457397461,-0.3173680901527405,1.0,1747609810.035142
24.59505271911621,35.152671813964844,0.6165364980697632,1.3197698593139648,4424,35144,4423,1.956816554069519,0.09718994796276093,0.02473958395421505,1522.916375943,6795264,0.9611959457397461,-0.31608331203460693,1.0,1747609811.0328126
24.252605438232422,35.152671813964844,0.7005208730697632,1.4201940298080444,4433,35216,4432,1.956816554069519,0.09474097192287445,0.02669270895421505,1525.901890914,6809088,0.9611959457397461,-0.31550487875938416,1.0,1747609814.0183115
25.938152313232422,35.152671813964844,0.6842448115348816,1.3764324188232422,4455,35392,4454,1.956816554069519,0.0798586755990982,0.0221354179084301,1533.213028272,6842880,0.9611959457397461,-0.3218821883201599,1.0,1747609821.329412
25.36849021911621,35.152671813964844,0.7096354365348816,1.4192708730697632,4460,35432,4459,1.956816554069519,0.09346114099025726,0.02473958395421505,1534.876749192,6850560,0.9611959457397461,-0.32438355684280396,1.0,1747609822.9931624
25.32747459411621,35.152671813964844,0.7050781846046448,1.4153581857681274,4464,35464,4463,1.956816554069519,0.09910456091165543,0.02278645895421505,1536.20736308,6856704,0.9611959457397461,-0.30244195461273193,1.0,1747609824.3237908
25.626955032348633,35.152671813964844,0.6614583730697632,1.3732130527496338,4476,35560,4475,1.956816554069519,0.08459009230136871,0.02473958395421505,1540.199455772,6875136,0.9611959457397461,-0.31773841381073,1.0,1747609828.3158648
25.65950584411621,35.152671813964844,0.7500000596046448,1.5113617181777954,4485,35632,4484,1.956816554069519,0.08276821672916412,0.02669270895421505,1543.195469748,6888960,0.9611959457397461,-0.2890828251838684,1.0,1747609831.3119104
26.208986282348633,35.152671813964844,0.7350260615348816,1.4700521230697632,4495,35712,4494,1.956816554069519,0.11744353175163269,0.02343750186264515,1546.524407211,6904320,0.9611959457397461,-0.34610942006111145,1.0,1747609834.6408012
26.555339813232422,35.152671813964844,0.6966146230697632,1.4077038764953613,4505,35792,4504,1.956816554069519,0.09661412984132767,0.02148437686264515,1549.851090929,6919680,0.9611959457397461,-0.3728954792022705,1.0,1747609837.9675212
24.95833396911621,35.152671813964844,0.7213541865348816,1.4630632400512695,4507,35808,4506,1.956816554069519,0.09510738402605057,0.02473958395421505,1550.512789197,6922752,0.9611959457397461,-0.3477102220058441,1.0,1747609838.629237
26.25911521911621,35.152671813964844,0.7050781846046448,1.430477261543274,4512,35848,4511,1.956816554069519,0.09147246181964874,0.02278645895421505,1552.172665679,6930432,0.9611959457397461,-0.3628460764884949,1.0,1747609840.2891006
25.529298782348633,35.152671813964844,0.6783854365348816,1.4075206518173218,4538,36056,4537,1.956816554069519,0.09728159010410309,0.0240885429084301,1560.823688248,6970368,0.9611959457397461,-0.3784247040748596,1.0,1747609848.940119
26.798830032348633,35.152671813964844,0.6861979365348816,1.3758822679519653,4548,36136,4547,1.956816554069519,0.10794733464717865,0.02148437686264515,1564.140585377,6985728,0.9611959457397461,-0.3679632246494293,1.0,1747609852.2569811
25.188152313232422,35.95421600341797,0.6927083730697632,1.428134560585022,4572,36328,4571,1.9499748945236206,0.08353540301322937,0.0260416679084301,1572.17767405,7022592,0.9568344950675964,-0.3578002154827118,1.0,1747609860.2940753
25.96614646911621,35.95421600341797,0.6809896230697632,1.3898036479949951,4573,36336,4572,1.9499748945236206,0.08238832652568817,0.02278645895421505,1572.510164786,7024128,0.9568344950675964,-0.3345778286457062,1.0,1747609860.626602
24.938152313232422,35.95421600341797,0.6575521230697632,1.339199423789978,4574,36344,4573,1.9499748945236206,0.09768053889274597,0.02473958395421505,1572.84319814,7025664,0.9568344950675964,-0.3556593656539917,1.0,1747609860.9596267
26.74934959411621,35.95421600341797,0.6419271230697632,1.3449079990386963,4591,36480,4590,1.9499748945236206,0.12780742347240448,0.02148437686264515,1578.497636024,7051776,0.9568344950675964,-0.3673267364501953,1.0,1747609866.6140752
24.267580032348633,35.95421600341797,0.6464844346046448,1.3776426315307617,4606,36600,4605,1.9499748945236206,0.1115938276052475,0.0260416679084301,1583.478114481,7074816,0.9568344950675964,-0.3632889986038208,1.0,1747609871.5945601
26.36849021911621,35.95421600341797,0.5800781846046448,1.2289360761642456,4625,36752,4624,1.9499748945236206,0.13879051804542542,0.0201822929084301,1589.79171581,7104000,0.9568344950675964,-0.3683696389198303,1.0,1747609877.9081526
26.501955032348633,35.95421600341797,0.6152344346046448,1.2798346281051636,4628,36776,4627,1.9499748945236206,0.14387139678001404,0.02083333395421505,1590.790773763,7108608,0.9568344950675964,-0.3703218400478363,1.0,1747609878.907204
28.125652313232422,35.95421600341797,0.6966146230697632,1.413426160812378,4632,36808,4631,1.9499748945236206,0.11562018096446991,0.02083333395421505,1592.120495107,7114752,0.9568344950675964,-0.3792136311531067,1.0,1747609880.236897
26.05013084411621,35.95421600341797,0.6875000596046448,1.384236216545105,4633,36816,4632,1.9499748945236206,0.12535496056079865,0.02343750186264515,1592.45319716,7116288,0.9568344950675964,-0.3834240436553955,1.0,1747609880.569622
25.11263084411621,35.95421600341797,0.6503906846046448,1.3399146795272827,4643,36896,4642,1.9499748945236206,0.12454874813556671,0.02148437686264515,1595.788094688,7131648,0.9568344950675964,-0.43215852975845337,1.0,1747609883.9045181
25.458986282348633,35.95421600341797,0.6074219346046448,1.2672251462936401,4646,36920,4645,1.9499748945236206,0.11249019205570221,0.0201822929084301,1596.785736035,7136256,0.9568344950675964,-0.4269115924835205,1.0,1747609884.9021785
26.04817771911621,35.95421600341797,0.6263021230697632,1.28976571559906,4665,37072,4664,1.9499748945236206,0.11524073034524918,0.0221354179084301,1603.095189557,7165440,0.9568344950675964,-0.378696471452713,1.0,1747609891.2116263
25.348308563232422,35.95421600341797,0.6555989980697632,1.3427507877349854,4674,37144,4673,1.9499748945236206,0.11266914010047913,0.02278645895421505,1606.077505621,7179264,0.9568344950675964,-0.37318751215934753,1.0,1747609894.1939116
26.787761688232422,35.95421600341797,0.6451823115348816,1.3463412523269653,4683,37216,4682,1.9499748945236206,0.11313766241073608,0.02148437686264515,1609.070302024,7193088,0.9568344950675964,-0.3626779317855835,1.0,1747609897.1867015
24.783205032348633,35.95421600341797,0.6490885615348816,1.3321382999420166,4700,37352,4699,1.9499748945236206,0.13479088246822357,0.02278645895421505,1614.704106753,7219200,0.9568344950675964,-0.3796682357788086,1.0,1747609902.8205519
25.75716209411621,35.95421600341797,0.6484375596046448,1.3296188116073608,4787,38048,4786,1.9499748945236206,0.11920923739671707,0.0240885429084301,1643.667626013,7352832,0.9568344950675964,-0.366352915763855,1.0,1747609931.784047
26.19466209411621,35.95421600341797,0.6848958730697632,1.3965922594070435,4808,38216,4807,1.9499748945236206,0.10052920132875443,0.02343750186264515,1650.67432358,7385088,0.9568344950675964,-0.37743836641311646,1.0,1747609938.755564
24.81770896911621,35.95421600341797,0.6855469346046448,1.3964226245880127,4811,38240,4810,1.9499748945236206,0.12320543825626373,0.02343750186264515,1651.636527663,7389696,0.9568344950675964,-0.3830166459083557,1.0,1747609939.7529378
25.08333396911621,35.95421600341797,0.6295573115348816,1.305760145187378,4847,38528,4846,1.9499748945236206,0.13300655782222748,0.0221354179084301,1663.600134939,7444992,0.9568344950675964,-0.3725087344646454,1.0,1747609951.71658
28.033205032348633,35.95421600341797,0.6223958730697632,1.2993268966674805,4858,38616,4857,1.9499748945236206,0.12822255492210388,0.0201822929084301,1667.254628163,7461888,0.9568344950675964,-0.35791394114494324,1.0,1747609955.37106
25.666667938232422,35.95421600341797,0.7187500596046448,1.4375001192092896,4870,38712,4869,1.9499748945236206,0.1216932088136673,0.0240885429084301,1671.239980493,7480320,0.9568344950675964,-0.35308218002319336,1.0,1747609959.3564103
26.25130271911621,35.95421600341797,0.7180989980697632,1.4361979961395264,4873,38736,4872,1.9499748945236206,0.09822455048561096,0.02278645895421505,1672.237245811,7484928,0.9568344950675964,-0.36578184366226196,1.0,1747609960.3536878
25.270183563232422,34.852500915527344,0.6738281846046448,1.3709443807601929,4880,38792,4879,1.957746148109436,0.11261533200740814,0.02343750186264515,1674.637412992,7495680,0.9631250500679016,-0.40749865770339966,1.0,1747609962.7538376
25.893230438232422,34.852500915527344,0.5768229365348816,1.229266881942749,4889,38864,4888,1.957746148109436,0.09781480580568314,0.02083333395421505,1677.635063223,7509504,0.9631250500679016,-0.3419085741043091,1.0,1747609965.751502
27.463542938232422,34.852500915527344,0.6484375596046448,1.3407857418060303,4997,39728,4996,1.957746148109436,0.10725390166044235,0.02083333395421505,1713.523856979,7675392,0.9631250500679016,-0.34198570251464844,1.0,1747610001.6402702
23.973308563232422,34.852500915527344,0.6992188096046448,1.4226118326187134,5020,39912,5019,1.957746148109436,0.11682501435279846,0.02669270895421505,1721.175241226,7710720,0.9631250500679016,-0.34291183948516846,1.0,1747610009.291665
25.19856834411621,34.852500915527344,0.6946614980697632,1.421976089477539,5050,40152,5049,1.957746148109436,0.10790630429983139,0.0240885429084301,1731.13144453,7756800,0.9631250500679016,-0.2957373559474945,1.0,1747610019.2478733
25.758464813232422,34.852500915527344,0.6770833730697632,1.3942627906799316,5056,40200,5055,1.957746148109436,0.09583859890699387,0.02473958395421505,1733.125628987,7766016,0.9631250500679016,-0.33401310443878174,1.0,1747610021.2420406
24.49739646911621,34.852500915527344,0.7194010615348816,1.4388021230697632,5065,40272,5064,1.957746148109436,0.1042809933423996,0.02343750186264515,1736.116745409,7779840,0.9631250500679016,-0.3186509907245636,1.0,1747610024.233169
25.828126907348633,34.852500915527344,0.6842448115348816,1.3888951539993286,5119,40704,5118,1.957746148109436,0.10930200666189194,0.02343750186264515,1754.065599258,7862784,0.9631250500679016,-0.3460649847984314,1.0,1747610042.1820357
25.386720657348633,34.852500915527344,0.7220052480697632,1.4440104961395264,5146,40920,5145,1.957746148109436,0.08082373440265656,0.02473958395421505,1763.031123681,7904256,0.9631250500679016,-0.3303811252117157,1.0,1747610051.1475363
26.574220657348633,34.852500915527344,0.6328125596046448,1.3574873208999634,5173,41136,5172,1.957746148109436,0.07350802421569824,0.0240885429084301,1772.009452792,7945728,0.9631250500679016,-0.26337796449661255,1.0,1747610060.1258821
27.185548782348633,34.852500915527344,0.6529948115348816,1.3243757486343384,5174,41144,5173,1.957746148109436,0.0854056179523468,0.02278645895421505,1772.341611645,7947264,0.9631250500679016,-0.3035082221031189,1.0,1747610060.458046
25.88216209411621,34.852500915527344,0.7076823115348816,1.4410970211029053,5198,41336,5197,1.957746148109436,0.09128077328205109,0.02343750186264515,1780.320834435,7984128,0.9631250500679016,-0.2548047602176666,1.0,1747610068.4372308
24.789714813232422,34.44735336303711,0.6197916865348816,1.3239388465881348,5208,41416,5207,1.965823769569397,0.1184731274843216,0.02343750186264515,1783.708467572,7999488,0.9700934886932373,-0.2803049385547638,1.0,1747610071.824901
25.349611282348633,34.44735336303711,0.6718750596046448,1.3949590921401978,5229,41584,5228,1.965823769569397,0.08175244182348251,0.02148437686264515,1790.723612927,8031744,0.9700934886932373,-0.3068011403083801,1.0,1747610078.8400455
25.877605438232422,34.44735336303711,0.6927083730697632,1.4179768562316895,5259,41824,5258,1.965823769569397,0.12931352853775024,0.02278645895421505,1800.681644789,8077824,0.9700934886932373,-0.28492820262908936,1.0,1747610088.7980785
25.376955032348633,34.44735336303711,0.7382813096046448,1.48452889919281,5268,41896,5267,1.965823769569397,0.07242032885551453,0.02343750186264515,1803.669837388,8091648,0.9700934886932373,-0.2551153302192688,1.0,1747610091.786252
24.55403709411621,34.44735336303711,0.6354166865348816,1.3353203535079956,5278,41976,5277,1.965823769569397,0.10051323473453522,0.02278645895421505,1806.983451369,8107008,0.9700934886932373,-0.3118473291397095,1.0,1747610095.0998728
22.604167938232422,34.44735336303711,0.6223958730697632,1.2756917476654053,5279,41984,5278,1.965823769569397,0.07780668139457703,0.02343750186264515,1807.315854931,8108544,0.9700934886932373,-0.3091665804386139,1.0,1747610095.432251
25.83333396911621,34.44735336303711,0.6067708730697632,1.242334008216858,5305,42192,5304,1.965823769569397,0.12457118928432465,0.01953125186264515,1815.970175159,8148480,0.9700934886932373,-0.33663123846054077,1.0,1747610104.0865648
25.81770896911621,34.44735336303711,0.6601563096046448,1.3518913984298706,5326,42360,5325,1.965823769569397,0.10596536844968796,0.0240885429084301,1822.95458592,8180736,0.9700934886932373,-0.2999178171157837,1.0,1747610111.071023
25.317058563232422,34.44735336303711,0.6406250596046448,1.355672001838684,5343,42496,5342,1.965823769569397,0.10988566279411316,0.02539062686264515,1828.607281415,8206848,0.9700934886932373,-0.33825451135635376,1.0,1747610116.7237208
26.235027313232422,34.44735336303711,0.7408854365348816,1.4817708730697632,5374,42744,5373,1.965823769569397,0.08670029044151306,0.0221354179084301,1838.898497001,8254464,0.9700934886932373,-0.3170122802257538,1.0,1747610127.0148957
25.27669334411621,34.44735336303711,0.6881510615348816,1.4195791482925415,5386,42840,5385,1.965823769569397,0.09031173586845398,0.0240885429084301,1842.880514669,8272896,0.9700934886932373,-0.3358726501464844,1.0,1747610130.9969323
25.521486282348633,34.44735336303711,0.7460938096046448,1.4921876192092896,5392,42888,5391,1.965823769569397,0.07399670779705048,0.02473958395421505,1844.87535665,8282112,0.9700934886932373,-0.3139006495475769,1.0,1747610132.9917786
24.564455032348633,34.44735336303711,0.6282552480697632,1.3515897989273071,5393,42896,5392,1.965823769569397,0.07924441993236542,0.02343750186264515,1845.207840212,8283648,0.9700934886932373,-0.3015080690383911,1.0,1747610133.324272
26.20638084411621,34.44735336303711,0.7369791865348816,1.4739583730697632,5397,42928,5396,1.965823769569397,0.09631037712097168,0.02343750186264515,1846.538840959,8289792,0.9700934886932373,-0.3302531838417053,1.0,1747610134.6552637
26.763673782348633,34.44735336303711,0.6048177480697632,1.2693835496902466,5405,42992,5404,1.965823769569397,0.1193641722202301,0.02278645895421505,1849.204204848,8302080,0.9700934886932373,-0.34245672821998596,1.0,1747610137.320619
24.585939407348633,34.44735336303711,0.6289063096046448,1.3215320110321045,5424,43144,5423,1.965823769569397,0.0968734472990036,0.02278645895421505,1855.515624472,8331264,0.9700934886932373,-0.3841462731361389,1.0,1747610143.6320505
27.11849021911621,34.44735336303711,0.7115885615348816,1.4231771230697632,5432,43208,5431,1.965823769569397,0.0779651403427124,0.0201822929084301,1858.173476047,8343552,0.9700934886932373,-0.3289487361907959,1.0,1747610146.2899024
27.29427146911621,34.44735336303711,0.6738281846046448,1.371760368347168,5437,43248,5436,1.965823769569397,0.11777038872241974,0.0201822929084301,1859.82998611,8351232,0.9700934886932373,-0.34739312529563904,1.0,1747610147.94642
26.84700584411621,34.44735336303711,0.6158854365348816,1.3054640293121338,5440,43272,5439,1.965823769569397,0.10274617373943329,0.02278645895421505,1860.826895512,8355840,0.9700934886932373,-0.3418303430080414,1.0,1747610148.9432795
27.15169334411621,34.44735336303711,0.6256510615348816,1.3111733198165894,5498,43736,5497,1.965823769569397,0.12946495413780212,0.0221354179084301,1880.080077901,8444928,0.9700934886932373,-0.377321720123291,1.0,1747610168.1965132
24.35872459411621,34.44735336303711,0.6087239980697632,1.298323631286621,5508,43816,5507,1.965823769569397,0.10986299812793732,0.0240885429084301,1883.397553232,8460288,0.9700934886932373,-0.3574478030204773,1.0,1747610171.513991
25.984376907348633,35.32297134399414,0.7135416865348816,1.4270833730697632,5526,43960,5525,1.9722710847854614,0.1627979874610901,0.02278645895421505,1889.440444289,8487936,0.9758883714675903,-0.35138338804244995,1.0,1747610177.5568843
25.312501907348633,35.32297134399414,0.6927083730697632,1.3854167461395264,5530,43992,5529,1.9722710847854614,0.11705852299928665,0.02278645895421505,1890.772234327,8494080,0.9758883714675903,-0.3563914895057678,1.0,1747610178.8886793
27.578126907348633,35.32297134399414,0.6191406846046448,1.295857310295105,5542,44088,5541,1.9722710847854614,0.10029518604278564,0.02083333395421505,1894.749001744,8512512,0.9758883714675903,-0.4212435483932495,1.0,1747610182.8654344
25.408205032348633,35.32297134399414,0.7259114980697632,1.4611492156982422,5547,44128,5546,1.9722710847854614,0.1184721440076828,0.02473958395421505,1896.412352833,8520192,0.9758883714675903,-0.43560582399368286,1.0,1747610184.5287778
25.483074188232422,35.32297134399414,0.6679688096046448,1.3583028316497803,5585,44432,5584,1.9722710847854614,0.11530746519565582,0.02343750186264515,1909.053670094,8578560,0.9758883714675903,-0.4518239498138428,1.0,1747610197.1700985
28.30208396911621,35.32297134399414,0.6842448115348816,1.3740886449813843,5587,44448,5586,1.9722710847854614,0.13339772820472717,0.01888020895421505,1909.71871005,8581632,0.9758883714675903,-0.4424845278263092,1.0,1747610197.8351364
26.433595657348633,35.32297134399414,0.6067708730697632,1.2643628120422363,5596,44520,5595,1.9722710847854614,0.1130395159125328,0.0221354179084301,1912.714149947,8595456,0.9758883714675903,-0.4732632040977478,1.0,1747610200.8305066
24.544923782348633,35.32297134399414,0.7018229365348816,1.4161067008972168,5599,44544,5598,1.9722710847854614,0.12097959965467453,0.0260416679084301,1913.711144533,8600064,0.9758883714675903,-0.4390532374382019,1.0,1747610201.8275857
25.59700584411621,35.32297134399414,0.7174479365348816,1.4509766101837158,5608,44616,5607,1.9722710847854614,0.11205826699733734,0.02539062686264515,1916.702733832,8613888,0.9758883714675903,-0.437183141708374,1.0,1747610204.8191545
24.308595657348633,35.32297134399414,0.7532552480697632,1.5065104961395264,5610,44632,5609,1.9722710847854614,0.11509104073047638,0.02473958395421505,1917.365211787,8616960,0.9758883714675903,-0.4318503737449646,1.0,1747610205.4816148
24.85481834411621,35.32297134399414,0.7259114980697632,1.4518229961395264,5620,44712,5619,1.9722710847854614,0.098237544298172,0.02473958395421505,1920.689960323,8632320,0.9758883714675903,-0.4268222451210022,1.0,1747610208.8063562
23.47591209411621,35.32297134399414,0.6621094346046448,1.3729525804519653,5626,44760,5625,1.9722710847854614,0.10680931806564331,0.02473958395421505,1922.685606008,8641536,0.9758883714675903,-0.4020180106163025,1.0,1747610210.8020248
26.60677146911621,35.32297134399414,0.7070313096046448,1.4333595037460327,5637,44848,5636,1.9722710847854614,0.11140420287847519,0.0240885429084301,1926.342729261,8658432,0.9758883714675903,-0.411428302526474,1.0,1747610214.4591444
24.775392532348633,35.32297134399414,0.7356771230697632,1.4713542461395264,5641,44880,5640,1.9722710847854614,0.12904809415340424,0.0260416679084301,1927.672029272,8664576,0.9758883714675903,-0.44833552837371826,1.0,1747610215.7884576
27.355470657348633,35.32297134399414,0.7317708730697632,1.4635417461395264,5648,44936,5647,1.9722710847854614,0.09640249609947205,0.0240885429084301,1930.000168786,8675328,0.9758883714675903,-0.39390796422958374,1.0,1747610218.1166112
25.225261688232422,35.32297134399414,0.7057291865348816,1.4281494617462158,5660,45032,5659,1.9722710847854614,0.09852778911590576,0.02343750186264515,1934.032867207,8693760,0.9758883714675903,-0.4178178906440735,1.0,1747610222.149303
26.024089813232422,35.32297134399414,0.6451823115348816,1.355128526687622,5677,45168,5676,1.9722710847854614,0.10532667487859726,0.02343750186264515,1939.682266817,8719872,0.9758883714675903,-0.4205061197280884,1.0,1747610227.7987013
24.724611282348633,35.32297134399414,0.6998698115348816,1.4023847579956055,5680,45192,5679,1.9722710847854614,0.09565561264753342,0.0260416679084301,1940.679707201,8724480,0.9758883714675903,-0.4368377923965454,1.0,1747610228.796145
24.38997459411621,35.32297134399414,0.7128906846046448,1.4257813692092896,5709,45424,5708,1.9722710847854614,0.11458738893270493,0.02473958395421505,1950.311340605,8769024,0.9758883714675903,-0.39922675490379333,1.0,1747610238.4277778
24.067058563232422,35.32297134399414,0.6425781846046448,1.33635413646698,5722,45528,5721,1.9722710847854614,0.09308739751577377,0.02343750186264515,1954.639313948,8788992,0.9758883714675903,-0.3899872303009033,1.0,1747610242.7557437
25.63606834411621,35.32297134399414,0.6966146230697632,1.4148812294006348,5740,45672,5739,1.9722710847854614,0.11310175061225891,0.0221354179084301,1960.611406934,8816640,0.9758883714675903,-0.3814811110496521,1.0,1747610248.7278295
26.195314407348633,35.32297134399414,0.6985677480697632,1.4235275983810425,5748,45736,5747,1.9722710847854614,0.1266215741634369,0.02148437686264515,1963.270809302,8828928,0.9758883714675903,-0.4092104434967041,1.0,1747610251.3872364
25.857423782348633,35.32297134399414,0.7311198115348816,1.4622396230697632,5762,45848,5761,1.9722710847854614,0.1081376001238823,0.0240885429084301,1967.932538127,8850432,0.9758883714675903,-0.39171475172042847,1.0,1747610256.0489624
25.865236282348633,35.32297134399414,0.5755208730697632,1.236862063407898,5776,45960,5775,1.9722710847854614,0.09289027750492096,0.02083333395421505,1972.581802844,8871936,0.9758883714675903,-0.3406423330307007,1.0,1747610260.6982372
26.27669334411621,35.32297134399414,0.6770833730697632,1.36864173412323,5786,46040,5785,1.9722710847854614,0.0858367383480072,0.0221354179084301,1975.892105143,8887296,0.9758883714675903,-0.341675341129303,1.0,1747610264.0085347
24.99934959411621,35.32297134399414,0.6881510615348816,1.4279721975326538,5811,46240,5810,1.9722710847854614,0.09599387645721436,0.0260416679084301,1984.210835919,8925696,0.9758883714675903,-0.3343072533607483,1.0,1747610272.32727
26.244142532348633,35.32297134399414,0.6321614980697632,1.291119933128357,5814,46264,5813,1.9722710847854614,0.09217909723520279,0.0201822929084301,1985.208075577,8930304,0.9758883714675903,-0.3208498954772949,1.0,1747610273.3245065
27.492839813232422,35.32297134399414,0.6881510615348816,1.4151644706726074,5834,46424,5833,1.9722710847854614,0.09145256876945496,0.0221354179084301,1991.851293572,8961024,0.9758883714675903,-0.340318888425827,1.0,1747610279.967702
25.283855438232422,35.32297134399414,0.6914063096046448,1.4191211462020874,5846,46520,5845,1.9722710847854614,0.07570583373308182,0.02473958395421505,1995.84124293,8979456,0.9758883714675903,-0.34006157517433167,1.0,1747610283.9576614
26.832683563232422,35.32297134399414,0.6653646230697632,1.3770751953125,5848,46536,5847,1.9722710847854614,0.07603974640369415,0.02148437686264515,1996.501483474,8982528,0.9758883714675903,-0.34634143114089966,1.0,1747610284.6178916
26.238283157348633,35.56254196166992,0.6555989980697632,1.3413386344909668,5868,46696,5867,1.9690568447113037,0.08776502311229706,0.0221354179084301,2003.219663933,9013248,0.9720635414123535,-0.3372851610183716,1.0,1747610291.3360906
26.95442771911621,35.56254196166992,0.7226563096046448,1.4453126192092896,5872,46728,5871,1.9690568447113037,0.05876540392637253,0.02278645895421505,2004.551412606,9019392,0.9720635414123535,-0.3575436472892761,1.0,1747610292.667854
25.25911521911621,35.56254196166992,0.7115885615348816,1.4403141736984253,5880,46792,5879,1.9690568447113037,0.06488368660211563,0.02539062686264515,2007.21065835,9031680,0.9720635414123535,-0.3539026379585266,1.0,1747610295.3270926
25.125652313232422,35.56254196166992,0.7330729365348816,1.4661458730697632,5883,46816,5882,1.9690568447113037,0.07070720195770264,0.02278645895421505,2008.208310612,9036288,0.9720635414123535,-0.34307050704956055,1.0,1747610296.3247547
26.679689407348633,35.56254196166992,0.6386719346046448,1.3464171886444092,5893,46896,5892,1.9690568447113037,0.0797724723815918,0.02278645895421505,2011.542794959,9051648,0.9720635414123535,-0.3286035358905792,1.0,1747610299.6592386
25.361330032348633,35.56254196166992,0.7454427480697632,1.4908854961395264,5900,46952,5899,1.9690568447113037,0.1277444064617157,0.02539062686264515,2013.874102647,9062400,0.9720635414123535,-0.3451729416847229,1.0,1747610301.9905405
25.19270896911621,35.56254196166992,0.7187500596046448,1.4605624675750732,5909,47024,5908,1.9690568447113037,0.07268714904785156,0.02278645895421505,2016.861808065,9076224,0.9720635414123535,-0.33464688062667847,1.0,1747610304.9782507
25.016277313232422,35.56254196166992,0.7122396230697632,1.4244792461395264,5914,47064,5913,1.9690568447113037,0.08033642917871475,0.02539062686264515,2018.522517501,9083904,0.9720635414123535,-0.3356531858444214,1.0,1747610306.6389432
24.27864646911621,35.56254196166992,0.6477864980697632,1.322073221206665,5927,47168,5926,1.9690568447113037,0.07935027033090591,0.0221354179084301,2022.843613059,9103872,0.9720635414123535,-0.3134191632270813,1.0,1747610310.9600298
27.136720657348633,35.56254196166992,0.7220052480697632,1.4440104961395264,5934,47224,5933,1.9690568447113037,0.08034545928239822,0.02278645895421505,2025.171612936,9114624,0.9720635414123535,-0.35540467500686646,1.0,1747610313.2880304
26.669923782348633,35.56254196166992,0.7415364980697632,1.4830729961395264,5942,47288,5941,1.9690568447113037,0.08771102130413055,0.02473958395421505,2027.839887929,9126912,0.9720635414123535,-0.33256351947784424,1.0,1747610315.9562995
26.086589813232422,35.56254196166992,0.6914063096046448,1.41154146194458,5946,47320,5945,1.9690568447113037,0.08590283989906311,0.02343750186264515,2029.168977356,9133056,0.9720635414123535,-0.35329949855804443,1.0,1747610317.2854035
25.021486282348633,35.56254196166992,0.7695313096046448,1.5390626192092896,5950,47352,5949,1.9690568447113037,0.08557625114917755,0.02473958395421505,2030.503486935,9139200,0.9720635414123535,-0.32623082399368286,1.0,1747610318.619919
25.976564407348633,35.56254196166992,0.7102864980697632,1.4205729961395264,5957,47408,5956,1.9690568447113037,0.09369967877864838,0.0240885429084301,2032.834018308,9149952,0.9720635414123535,-0.3565247654914856,1.0,1747610320.9504428
26.716798782348633,35.56254196166992,0.7441406846046448,1.4882813692092896,5966,47480,5965,1.9690568447113037,0.10989817976951599,0.0240885429084301,2035.828305957,9163776,0.9720635414123535,-0.3724699020385742,1.0,1747610323.9447272
26.19270896911621,35.56254196166992,0.6302083730697632,1.30246102809906,5968,47496,5967,1.9690568447113037,0.0894579067826271,0.02148437686264515,2036.49365065,9166848,0.9720635414123535,-0.339251309633255,1.0,1747610324.6100578
28.074220657348633,35.56254196166992,0.6002604365348816,1.2938148975372314,5974,47544,5973,1.9690568447113037,0.0861254408955574,0.01888020895421505,2038.489570546,9176064,0.9720635414123535,-0.34078550338745117,1.0,1747610326.605981
24.67513084411621,35.56254196166992,0.7031250596046448,1.4528906345367432,5993,47696,5992,1.9690568447113037,0.08652180433273315,0.0260416679084301,2044.809549176,9205248,0.9720635414123535,-0.34816163778305054,1.0,1747610332.9259746
26.129558563232422,35.56254196166992,0.6790364980697632,1.405493974685669,5994,47704,5993,1.9690568447113037,0.08961883932352066,0.0240885429084301,2045.142374034,9206784,0.9720635414123535,-0.3613123893737793,1.0,1747610333.2587886
25.73372459411621,35.56254196166992,0.6503906846046448,1.3884122371673584,5999,47744,5998,1.9690568447113037,0.09626460075378418,0.02278645895421505,2046.804539339,9214464,0.9720635414123535,-0.3682127892971039,1.0,1747610334.9209669
25.307292938232422,35.56254196166992,0.6933594346046448,1.4222829341888428,6003,47776,6002,1.9690568447113037,0.09257179498672485,0.02473958395421505,2048.136325582,9220608,0.9720635414123535,-0.37892234325408936,1.0,1747610336.252755
25.07942771911621,35.56254196166992,0.6660156846046448,1.3617204427719116,6004,47784,6003,1.9690568447113037,0.06566748023033142,0.02343750186264515,2048.468961826,9222144,0.9720635414123535,-0.34267351031303406,1.0,1747610336.585413
26.140626907348633,35.56254196166992,0.6725260615348816,1.424286127090454,6034,48024,6033,1.9690568447113037,0.0850473940372467,0.0260416679084301,2058.432094353,9268224,0.9720635414123535,-0.3896704316139221,1.0,1747610346.5485435
26.453126907348633,35.56254196166992,0.6829427480697632,1.4194982051849365,6035,48032,6034,1.9690568447113037,0.08981330692768097,0.0221354179084301,2058.764299919,9269760,0.9720635414123535,-0.3929300904273987,1.0,1747610346.8807483
24.98763084411621,35.56254196166992,0.7063802480697632,1.4322917461395264,6036,48040,6035,1.9690568447113037,0.09485264122486115,0.02343750186264515,2059.096411389,9271296,0.9720635414123535,-0.39737510681152344,1.0,1747610347.2128544
25.16927146911621,35.56254196166992,0.7356771230697632,1.4713542461395264,6037,48048,6036,1.9690568447113037,0.08376263827085495,0.02473958395421505,2059.428622967,9272832,0.9720635414123535,-0.3844343423843384,1.0,1747610347.545072
23.666667938232422,35.56254196166992,0.6738281846046448,1.3851505517959595,6040,48072,6039,1.9690568447113037,0.08755765110254288,0.02539062686264515,2060.429766434,9277440,0.9720635414123535,-0.38880619406700134,1.0,1747610348.5462115
25.871746063232422,35.56254196166992,0.7382813096046448,1.4765626192092896,6050,48152,6049,1.9690568447113037,0.08269378542900085,0.0260416679084301,2063.762493727,9292800,0.9720635414123535,-0.39410272240638733,1.0,1747610351.8789206
23.814455032348633,35.56254196166992,0.6699219346046448,1.3858318328857422,6053,48176,6052,1.9690568447113037,0.06553106755018234,0.0240885429084301,2064.760309034,9297408,0.9720635414123535,-0.3920651078224182,1.0,1747610352.8767357
26.19661521911621,35.56254196166992,0.6458333730697632,1.3627583980560303,6062,48248,6061,1.9690568447113037,0.0848579853773117,0.02539062686264515,2067.758458613,9311232,0.9720635414123535,-0.42181670665740967,1.0,1747610355.8748803
26.314455032348633,35.56254196166992,0.6523438096046448,1.331769585609436,6065,48272,6064,1.9690568447113037,0.08663394302129745,0.02278645895421505,2068.755147077,9315840,0.9720635414123535,-0.41222894191741943,1.0,1747610356.8715847
24.517580032348633,35.56254196166992,0.7135416865348816,1.4633853435516357,6123,48736,6122,1.9690568447113037,0.08254262059926987,0.02734375186264515,2088.075413272,9404928,0.9720635414123535,-0.4210337996482849,1.0,1747610376.1918573
26.235027313232422,35.56254196166992,0.6920573115348816,1.3841146230697632,6165,49072,6164,1.9690568447113037,0.10015632212162018,0.02148437686264515,2102.04046594,9469440,0.9720635414123535,-0.4268661141395569,1.0,1747610390.1568744
26.970705032348633,36.73262023925781,0.7083333730697632,1.4166667461395264,6176,49160,6175,1.9726651906967163,0.09254603832960129,0.0221354179084301,2105.78901601,9486336,0.9752674102783203,-0.4490125775337219,1.0,1747610393.9054463
27.34895896911621,36.73262023925781,0.6640625596046448,1.3613767623901367,6188,49256,6187,1.9726651906967163,0.08968716859817505,0.02343750186264515,2109.773665621,9504768,0.9752674102783203,-0.38313448429107666,1.0,1747610397.8900805
26.81966209411621,36.73262023925781,0.6953125596046448,1.4078515768051147,6221,49520,6220,1.9726651906967163,0.09243684262037277,0.02148437686264515,2120.74574253,9555456,0.9752674102783203,-0.4609180688858032,1.0,1747610408.8621788
27.966798782348633,36.73262023925781,0.6751302480697632,1.3786495923995972,6255,49792,6254,1.9726651906967163,0.06708664447069168,0.0201822929084301,2132.067631996,9607680,0.9752674102783203,-0.47197163105010986,1.0,1747610420.1840577
26.121095657348633,36.73262023925781,0.6940104365348816,1.4053386449813843,6257,49808,6256,1.9726651906967163,0.07159198820590973,0.02343750186264515,2132.733200209,9610752,0.9752674102783203,-0.4570777416229248,1.0,1747610420.8496413
23.514324188232422,36.73262023925781,0.7285156846046448,1.4570313692092896,6258,49816,6257,1.9726651906967163,0.07523876428604126,0.02669270895421505,2133.065586975,9612288,0.9752674102783203,-0.46590909361839294,1.0,1747610421.1820154
25.369792938232422,36.73262023925781,0.6816406846046448,1.3922685384750366,6259,49824,6258,1.9726651906967163,0.06767851859331131,0.02473958395421505,2133.398089298,9613824,0.9752674102783203,-0.4506630301475525,1.0,1747610421.5145488
27.304689407348633,36.73262023925781,0.7141927480697632,1.4513438940048218,6265,49872,6264,1.9726651906967163,0.07870598137378693,0.02278645895421505,2135.393757292,9623040,0.9752674102783203,-0.4743077754974365,1.0,1747610423.5101836
28.222658157348633,36.73262023925781,0.7298177480697632,1.4735313653945923,6275,49952,6274,1.9726651906967163,0.08365049958229065,0.02148437686264515,2138.719432673,9638400,0.9752674102783203,-0.4379148781299591,1.0,1747610426.8358629
24.756511688232422,36.73262023925781,0.7024739980697632,1.4470973014831543,6290,50072,6289,1.9726651906967163,0.09094591438770294,0.02473958395421505,2143.707637383,9661440,0.9752674102783203,-0.4795507788658142,1.0,1747610431.8240745
26.24739646911621,36.73262023925781,0.7343750596046448,1.476836085319519,6294,50104,6293,1.9726651906967163,0.10529282689094543,0.02278645895421505,2145.039544703,9667584,0.9752674102783203,-0.48107874393463135,1.0,1747610433.1559675
26.232423782348633,36.73262023925781,0.7265625596046448,1.4531251192092896,6301,50160,6300,1.9726651906967163,0.08690130710601807,0.02343750186264515,2147.371606586,9678336,0.9752674102783203,-0.4701704978942871,1.0,1747610435.48803
25.18489646911621,36.73262023925781,0.6783854365348816,1.3941519260406494,6317,50288,6316,1.9726651906967163,0.09130971878767014,0.02473958395421505,2152.689502665,9702912,0.9752674102783203,-0.43188750743865967,1.0,1747610440.8059242
25.32356834411621,36.73262023925781,0.6386719346046448,1.320115566253662,6321,50320,6320,1.9726651906967163,0.15100093185901642,0.02278645895421505,2154.016502712,9709056,0.9752674102783203,-0.4693750739097595,1.0,1747610442.1329155
27.708986282348633,36.73262023925781,0.7044271230697632,1.4157683849334717,6323,50336,6322,1.9726651906967163,0.11037987470626831,0.0221354179084301,2154.679582647,9712128,0.9752674102783203,-0.445125937461853,1.0,1747610442.7960145
25.838542938232422,36.73262023925781,0.6953125596046448,1.417210340499878,6334,50424,6333,1.9726651906967163,0.09840826690196991,0.02278645895421505,2158.324718122,9729024,0.9752674102783203,-0.4998558759689331,1.0,1747610446.4411383
24.014324188232422,36.73262023925781,0.6490885615348816,1.3328676223754883,6337,50448,6336,1.9726651906967163,0.09395628422498703,0.02343750186264515,2159.319232006,9733632,0.9752674102783203,-0.5127584934234619,1.0,1747610447.435655
23.74934959411621,36.73262023925781,0.7109375596046448,1.4545807838439941,6350,50552,6349,1.9726651906967163,0.09830707311630249,0.02734375186264515,2163.636655269,9753600,0.9752674102783203,-0.44891053438186646,1.0,1747610451.7530923
25.86653709411621,36.73262023925781,0.6666666865348816,1.4140878915786743,6361,50640,6360,1.9726651906967163,0.08340176194906235,0.02473958395421505,2167.287122129,9770496,0.9752674102783203,-0.4243279695510864,1.0,1747610455.4035518
26.951824188232422,36.73262023925781,0.6601563096046448,1.344423770904541,6367,50688,6366,1.9726651906967163,0.10619419813156128,0.02148437686264515,2169.281469241,9779712,0.9752674102783203,-0.43069350719451904,1.0,1747610457.3978908
27.17513084411621,36.73262023925781,0.6666666865348816,1.3333333730697632,6377,50768,6376,1.9726651906967163,0.11358506977558136,0.01953125186264515,2172.605996763,9795072,0.9752674102783203,-0.4300748109817505,1.0,1747610460.722436
24.38997459411621,36.73262023925781,0.6302083730697632,1.2750260829925537,6404,50984,6403,1.9726651906967163,0.07847505807876587,0.02343750186264515,2181.587081592,9836544,0.9752674102783203,-0.4615022540092468,1.0,1747610469.7035186
25.666017532348633,36.73262023925781,0.6634114980697632,1.349495530128479,6405,50992,6404,1.9726651906967163,0.09499974548816681,0.02343750186264515,2181.919476152,9838080,0.9752674102783203,-0.4476938843727112,1.0,1747610470.0359132
26.88802146911621,36.73262023925781,0.7278646230697632,1.4601917266845703,6423,51136,6422,1.9726651906967163,0.06936672329902649,0.02278645895421505,2187.909120338,9865728,0.9752674102783203,-0.40594518184661865,1.0,1747610476.0255737
26.636720657348633,36.73262023925781,0.7024739980697632,1.4182292222976685,6435,51232,6434,1.9726651906967163,0.09231677651405334,0.02148437686264515,2191.904989855,9884160,0.9752674102783203,-0.35230928659439087,1.0,1747610480.0214047
26.24739646911621,36.73262023925781,0.7460938096046448,1.4921876192092896,6448,51336,6447,1.9726651906967163,0.08494209498167038,0.0240885429084301,2196.222408269,9904128,0.9752674102783203,-0.34494417905807495,1.0,1747610484.3388157
25.83919334411621,36.73262023925781,0.7311198115348816,1.4622396230697632,6450,51352,6449,1.9726651906967163,0.08025310188531876,0.02343750186264515,2196.88726704,9907200,0.9752674102783203,-0.339203804731369,1.0,1747610485.0037038
26.06575584411621,36.73262023925781,0.7526041865348816,1.5052083730697632,6458,51416,6457,1.9726651906967163,0.09237910807132721,0.02343750186264515,2199.538164847,9919488,0.9752674102783203,-0.33743223547935486,1.0,1747610487.6546173
26.781902313232422,36.73262023925781,0.7428385615348816,1.492532730102539,6485,51632,6484,1.9726651906967163,0.08363781869411469,0.02343750186264515,2208.521148867,9960960,0.9752674102783203,-0.326086163520813,1.0,1747610496.6375794
26.009767532348633,36.73262023925781,0.6842448115348816,1.399001121520996,6493,51696,6492,1.9726651906967163,0.06818809360265732,0.02278645895421505,2211.181419166,9973248,0.9752674102783203,-0.3113512396812439,1.0,1747610499.2978287
