grad_steps,returned_episode_returns,returned_episode_lengths,returned_episode,test_returned_episode,loss,update_steps,returned_won_episode,test_returned_won_episode,qvals,test_returned_episode_returns,env_step,_step,_runtime,_timestamp,test_returned_episode_lengths
0,0.23515832424163818,26.940105438232422,0.01953125186264515,1.0,0.0,5,0.0,0.0,0.0,0.2238297015428543,7680.0,4,70.377424668,1746459087.1846921,45.47686767578125
0,0.17695443332195282,27.36263084411621,0.02343750186264515,1.0,0.0,16,0.0,0.0,0.0,0.2238297015428543,24576.0,15,71.207068346,1746459088.0143857,45.47686767578125
0,0.23579442501068115,25.84309959411621,0.02278645895421505,1.0,0.0,19,0.0,0.0,0.0,0.2238297015428543,29184.0,18,71.433467317,1746459088.240767,45.47686767578125
16,0.21155104041099548,26.273439407348633,0.02343750186264515,1.0,0.03631823509931564,33,0.0,0.0,-0.013403910212218761,0.2238297015428543,50688.0,32,73.266562841,1746459090.0737898,45.47686767578125
96,0.21083484590053558,26.39778709411621,0.02083333395421505,1.0,0.034669503569602966,43,0.0,0.0,0.09465128183364868,0.2238297015428543,66048.0,42,77.899403032,1746459094.7066224,45.47686767578125
144,0.21848763525485992,25.130861282348633,0.0221354179084301,1.0,0.02558669075369835,49,0.0,0.0,0.14138087630271912,0.2238297015428543,75264.0,48,80.684746773,1746459097.4919891,45.47686767578125
152,0.2153744399547577,26.328777313232422,0.0221354179084301,1.0,0.02356705628335476,50,0.0,0.0,0.14167577028274536,0.2238297015428543,76800.0,49,81.151424325,1746459097.958618,45.47686767578125
400,0.25491371750831604,26.77278709411621,0.02278645895421505,1.0,0.08297021687030792,81,0.0,0.0,0.20815469324588776,0.2238297015428543,124416.0,80,95.52248208,1746459112.3297389,45.47686767578125
440,0.2813282907009125,26.043621063232422,0.02083333395421505,1.0,0.19115635752677917,86,0.0,0.0,0.14806108176708221,0.2238297015428543,132096.0,85,97.837569808,1746459114.6448221,45.47686767578125
456,0.2445821911096573,25.106121063232422,0.0240885429084301,1.0,0.15734758973121643,88,0.0,0.0,0.15596789121627808,0.2238297015428543,135168.0,87,98.763203635,1746459115.5704408,45.47686767578125
528,0.26642364263534546,27.024089813232422,0.02278645895421505,1.0,0.150710791349411,97,0.0,0.0,0.18085938692092896,0.2238297015428543,148992.0,96,102.933896142,1746459119.7411387,45.47686767578125
552,0.23230290412902832,25.729167938232422,0.02278645895421505,1.0,0.17233118414878845,100,0.0,0.0,0.17959460616111755,0.2238297015428543,153600.0,99,104.323339603,1746459121.1305852,45.47686767578125
560,0.21300850808620453,24.395183563232422,0.02343750186264515,1.0,0.20991075038909912,101,0.0,0.0,0.16559109091758728,0.2238297015428543,155136.0,100,104.793904379,1746459121.600994,45.47686767578125
576,0.25220948457717896,26.44466209411621,0.02278645895421505,1.0,0.43865206837654114,103,0.0,0.0,0.17929917573928833,0.2238297015428543,158208.0,102,105.721787375,1746459122.5290008,45.47686767578125
736,0.2528159022331238,27.526042938232422,0.02083333395421505,1.0,0.34384891390800476,123,0.0,0.0,0.17055529356002808,0.2238297015428543,188928.0,122,114.984609197,1746459131.7918904,45.47686767578125
928,0.26094627380371094,26.221355438232422,0.02083333395421505,1.0,0.29106834530830383,147,0.0,0.0,0.18179260194301605,0.2238297015428543,225792.0,146,126.095333996,1746459142.9023895,45.47686767578125
1000,0.3352993130683899,27.043621063232422,0.02083333395421505,1.0,0.3141225576400757,156,0.02278645895421505,0.0,0.21228933334350586,0.2238297015428543,239616.0,155,130.26177296,1746459147.0690017,45.47686767578125
1008,0.30306360125541687,28.19856834411621,0.0221354179084301,1.0,0.34049397706985474,157,0.0,0.0,0.2133907973766327,0.2238297015428543,241152.0,156,130.728799577,1746459147.5360565,45.47686767578125
1080,0.2414209544658661,26.035158157348633,0.02343750186264515,1.0,0.6669568419456482,166,0.0,0.0,0.2225353717803955,0.2238297015428543,254976.0,165,134.892124729,1746459151.69938,45.47686767578125
1168,0.3007621169090271,25.65755271911621,0.02278645895421505,1.0,0.39517462253570557,177,0.0,0.0,0.2384258210659027,0.2238297015428543,271872.0,176,139.991290983,1746459156.7985501,45.47686767578125
1280,0.24787478148937225,25.59309959411621,0.02278645895421505,1.0,0.8687756061553955,191,0.0,0.0,0.21806946396827698,0.2238297015428543,293376.0,190,146.46985124,1746459163.2771347,45.47686767578125
1320,0.23765109479427338,27.38020896911621,0.02148437686264515,1.0,0.6091737747192383,196,0.0,0.0,0.20171576738357544,0.2238297015428543,301056.0,195,148.788679104,1746459165.5959172,45.47686767578125
1480,0.27130764722824097,25.133464813232422,0.02343750186264515,1.0,1.130357265472412,216,0.0,0.0,0.21531355381011963,0.2238297015428543,331776.0,215,158.046210399,1746459174.8534853,45.47686767578125
1520,0.26213404536247253,26.504558563232422,0.02343750186264515,1.0,1.2075167894363403,221,0.0,0.0,0.22114770114421844,0.2238297015428543,339456.0,220,160.365734828,1746459177.1729608,45.47686767578125
1592,0.26269620656967163,25.36067771911621,0.02278645895421505,1.0,1.1226236820220947,230,0.0,0.0,0.21936455368995667,0.2238297015428543,353280.0,229,164.531591392,1746459181.3388472,45.47686767578125
1608,0.2636459469795227,27.382814407348633,0.02278645895421505,1.0,1.0422759056091309,232,0.0,0.0,0.21899616718292236,0.2238297015428543,356352.0,231,165.457815947,1746459182.2650824,45.47686767578125
1848,0.2585051953792572,26.00130271911621,0.0221354179084301,1.0,1.1686592102050781,262,0.0,0.0,0.22553616762161255,0.2238297015428543,402432.0,261,179.350058967,1746459196.157336,45.47686767578125
1888,0.255741685628891,24.92122459411621,0.0221354179084301,1.0,1.3416534662246704,267,0.0,0.0,0.23727765679359436,0.2238297015428543,410112.0,266,181.665072435,1746459198.4723318,45.47686767578125
1920,0.26696187257766724,24.94466209411621,0.02473958395421505,1.0,1.304333209991455,271,0.0,0.0,0.2245497703552246,0.2238297015428543,416256.0,270,183.516010561,1746459200.323303,45.47686767578125
1928,0.2959580719470978,26.546876907348633,0.0221354179084301,1.0,1.2522282600402832,272,0.0,0.0,0.23264798521995544,0.2238297015428543,417792.0,271,183.978218595,1746459200.785487,45.47686767578125
1936,0.29686853289604187,26.307292938232422,0.0201822929084301,1.0,1.2793011665344238,273,0.0,0.0,0.2219078540802002,0.2238297015428543,419328.0,272,184.448337794,1746459201.2554283,45.47686767578125
1976,0.2687481641769409,27.062501907348633,0.02278645895421505,1.0,1.1924738883972168,278,0.0,0.0,0.22371962666511536,0.2238297015428543,427008.0,277,186.759876999,1746459203.5671346,45.47686767578125
2048,0.3093271851539612,26.005861282348633,0.02278645895421505,1.0,1.3314487934112549,287,0.0,0.0,0.21015805006027222,0.2238297015428543,440832.0,286,190.925321504,1746459207.7325945,45.47686767578125
2128,0.26226601004600525,26.72786521911621,0.02343750186264515,1.0,1.179168701171875,297,0.0,0.0,0.2166457176208496,0.2238297015428543,456192.0,296,195.552331881,1746459212.3595908,45.47686767578125
2560,0.3030432462692261,26.178386688232422,0.02148437686264515,1.0,1.1327636241912842,351,0.0,0.006196746602654457,0.19642794132232666,0.46272096037864685,539136.0,350,220.674839847,1746459237.4821148,41.45158767700195
2720,0.30014243721961975,27.35286521911621,0.02083333395421505,1.0,1.0671831369400024,371,0.0,0.006196746602654457,0.18685781955718994,0.46272096037864685,569856.0,370,229.924974469,1746459246.7322292,41.45158767700195
2792,0.3749435544013977,25.289714813232422,0.0221354179084301,1.0,0.9520961046218872,380,0.0572916679084301,0.006196746602654457,0.184663325548172,0.46272096037864685,583680.0,379,234.098311535,1746459250.9056017,41.45158767700195
2856,0.29212501645088196,27.671876907348633,0.02148437686264515,1.0,0.9837306141853333,388,0.0,0.006196746602654457,0.17049315571784973,0.46272096037864685,595968.0,387,237.800016683,1746459254.6073163,41.45158767700195
3040,0.2624081075191498,26.201824188232422,0.0240885429084301,1.0,0.5758581161499023,411,0.0,0.006196746602654457,0.17454731464385986,0.46272096037864685,631296.0,410,248.56501132,1746459265.3722932,41.45158767700195
3048,0.2506557106971741,27.14192771911621,0.01692708395421505,1.0,0.5956881046295166,412,0.0,0.006196746602654457,0.18479445576667786,0.46272096037864685,632832.0,411,249.027373756,1746459265.8346448,41.45158767700195
3168,0.2912338376045227,28.50130271911621,0.02148437686264515,1.0,0.6998550891876221,427,0.0,0.006196746602654457,0.16137632727622986,0.46272096037864685,655872.0,426,255.971687797,1746459272.7789705,41.45158767700195
3208,0.3167807161808014,26.89388084411621,0.0201822929084301,1.0,0.6304677724838257,432,0.0,0.006196746602654457,0.18445710837841034,0.46272096037864685,663552.0,431,258.283974403,1746459275.0912602,41.45158767700195
3216,0.31774163246154785,27.916017532348633,0.02083333395421505,1.0,0.6685458421707153,433,0.0,0.006196746602654457,0.18780022859573364,0.46272096037864685,665088.0,432,258.746240347,1746459275.5535145,41.45158767700195
3368,0.27088260650634766,26.513673782348633,0.0201822929084301,1.0,0.7127518653869629,452,0.0,0.006196746602654457,0.17222005128860474,0.46272096037864685,694272.0,451,267.534754825,1746459284.3420117,41.45158767700195
3496,0.27452725172042847,27.095705032348633,0.0201822929084301,1.0,0.8776745200157166,468,0.0,0.006196746602654457,0.19229468703269958,0.46272096037864685,718848.0,467,274.945268049,1746459291.7525208,41.45158767700195
3504,0.2892080843448639,26.35091209411621,0.01888020895421505,1.0,0.8398575782775879,469,0.0,0.006196746602654457,0.17824389040470123,0.46272096037864685,720384.0,468,275.407664449,1746459292.2149305,41.45158767700195
3584,0.3422660231590271,25.771486282348633,0.02083333395421505,1.0,0.8502316474914551,479,0.0442708358168602,0.006196746602654457,0.18163913488388062,0.46272096037864685,735744.0,478,280.0329035,1746459296.8401875,41.45158767700195
3624,0.25185924768447876,25.285808563232422,0.0201822929084301,1.0,0.5860737562179565,484,0.0,0.006196746602654457,0.19648203253746033,0.46272096037864685,743424.0,483,282.345437273,1746459299.1527052,41.45158767700195
3680,0.3114936351776123,26.807292938232422,0.01953125186264515,1.0,0.5181024670600891,491,0.0,0.006196746602654457,0.18144530057907104,0.46272096037864685,754176.0,490,285.582572836,1746459302.3898184,41.45158767700195
3816,0.2860819399356842,27.574220657348633,0.01953125186264515,1.0,0.5113314390182495,508,0.004557291977107525,0.006196746602654457,0.17754888534545898,0.46272096037864685,780288.0,507,293.451260515,1746459310.258532,41.45158767700195
3952,0.35319235920906067,26.76106834411621,0.02278645895421505,1.0,0.7138180136680603,525,0.01302083395421505,0.006196746602654457,0.18935319781303406,0.46272096037864685,806400.0,524,301.322949464,1746459318.1301906,41.45158767700195
4080,0.24270793795585632,26.066408157348633,0.017578125,1.0,0.6663950681686401,541,0.0,0.006196746602654457,0.1924898624420166,0.46272096037864685,830976.0,540,308.723617309,1746459325.530883,41.45158767700195
4160,0.3388896882534027,25.89388084411621,0.0201822929084301,1.0,1.1522746086120605,551,0.0162760429084301,0.006196746602654457,0.18769758939743042,0.46272096037864685,846336.0,550,313.353522014,1746459330.1607394,41.45158767700195
4272,0.34064149856567383,26.69270896911621,0.02148437686264515,1.0,0.795682966709137,565,0.0,0.006196746602654457,0.17086748778820038,0.46272096037864685,867840.0,564,319.829756107,1746459336.6370196,41.45158767700195
4456,0.3370422422885895,27.69856834411621,0.02148437686264515,1.0,0.4929816722869873,588,0.0,0.006196746602654457,0.10273177921772003,0.46272096037864685,903168.0,587,330.464137,1746459347.2713304,41.45158767700195
4544,0.3602756857872009,25.79427146911621,0.01692708395421505,1.0,0.3801543414592743,599,0.0319010429084301,0.006196746602654457,0.10885615646839142,0.46272096037864685,920064.0,598,335.551993267,1746459352.359268,41.45158767700195
4616,0.33968281745910645,27.095705032348633,0.02083333395421505,1.0,0.38487786054611206,608,0.0,0.006196746602654457,0.10706605762243271,0.46272096037864685,933888.0,607,339.713733866,1746459356.5210147,41.45158767700195
4720,0.3570457696914673,27.78450584411621,0.0201822929084301,1.0,0.38542038202285767,621,0.0,0.006196746602654457,0.10952802002429962,0.46272096037864685,953856.0,620,345.729959711,1746459362.5372376,41.45158767700195
4816,0.3669417202472687,28.707683563232422,0.01302083395421505,1.0,0.2659062147140503,633,0.0,0.006196746602654457,0.09134974330663681,0.46272096037864685,972288.0,632,351.279966764,1746459368.0872455,41.45158767700195
4824,0.3006904125213623,26.957683563232422,0.017578125,1.0,0.27186620235443115,634,0.0,0.006196746602654457,0.09675027430057526,0.46272096037864685,973824.0,633,351.742456491,1746459368.5497026,41.45158767700195
4832,0.34773510694503784,26.87825584411621,0.02148437686264515,1.0,0.35184332728385925,635,0.0,0.006196746602654457,0.0931825041770935,0.46272096037864685,975360.0,634,352.204961366,1746459369.0122318,41.45158767700195
5008,0.3824261724948883,28.511720657348633,0.0182291679084301,1.0,0.267606258392334,657,0.02734375186264515,0.013146362267434597,0.07902514189481735,0.5238916873931885,1009152.0,656,362.500278909,1746459379.30755,44.32515335083008
5136,0.2961318790912628,27.608074188232422,0.01692708395421505,1.0,0.25742626190185547,673,0.0,0.013146362267434597,0.06789705157279968,0.5238916873931885,1033728.0,672,369.902238865,1746459386.7095404,44.32515335083008
5224,0.2814289331436157,27.216798782348633,0.0201822929084301,1.0,0.3318397104740143,684,0.0,0.013146362267434597,0.07520681619644165,0.5238916873931885,1050624.0,683,374.988879146,1746459391.7961507,44.32515335083008
5232,0.3340469002723694,27.02278709411621,0.01888020895421505,1.0,0.3231028914451599,685,0.0,0.013146362267434597,0.07613502442836761,0.5238916873931885,1052160.0,684,375.451290715,1746459392.258583,44.32515335083008
5240,0.2937168478965759,25.97005271911621,0.0162760429084301,1.0,0.330561101436615,686,0.0,0.013146362267434597,0.09787997603416443,0.5238916873931885,1053696.0,685,375.914371247,1746459392.7216523,44.32515335083008
5512,0.4003978967666626,27.92317771911621,0.01953125186264515,1.0,0.267135351896286,720,0.033203125,0.013146362267434597,0.1325327306985855,0.5238916873931885,1105920.0,719,391.65634037,1746459408.463626,44.32515335083008
5536,0.46323734521865845,29.394533157348633,0.0162760429084301,1.0,0.25855550169944763,723,0.0904947966337204,0.013146362267434597,0.1375882923603058,0.5238916873931885,1110528.0,722,393.044049793,1746459409.8513246,44.32515335083008
5544,0.4314475357532501,29.025392532348633,0.017578125,1.0,0.18212005496025085,724,0.0358072929084301,0.013146362267434597,0.15045970678329468,0.5238916873931885,1112064.0,723,393.506675766,1746459410.3139532,44.32515335083008
5600,0.33099281787872314,29.42513084411621,0.017578125,1.0,0.17293128371238708,731,0.0,0.013146362267434597,0.16961026191711426,0.5238916873931885,1122816.0,730,396.743561637,1746459413.5508041,44.32515335083008
5688,0.3825628459453583,29.744792938232422,0.0182291679084301,1.0,0.17358052730560303,742,0.0182291679084301,0.013146362267434597,0.16829617321491241,0.5238916873931885,1139712.0,741,401.833374655,1746459418.6406522,44.32515335083008
5904,0.4853918254375458,27.076173782348633,0.01888020895421505,1.0,0.1591416597366333,769,0.0611979216337204,0.013146362267434597,0.13940364122390747,0.5238916873931885,1181184.0,768,414.327322397,1746459431.13458,44.32515335083008
6096,0.481347918510437,27.912761688232422,0.017578125,1.0,0.13701173663139343,793,0.0755208358168602,0.013146362267434597,0.14223718643188477,0.5238916873931885,1218048.0,792,425.427652276,1746459442.2349389,44.32515335083008
6128,0.43326443433761597,27.51497459411621,0.0162760429084301,1.0,0.13585755228996277,797,0.0572916679084301,0.013146362267434597,0.11270158737897873,0.5238916873931885,1224192.0,796,427.276892104,1746459444.0841858,44.32515335083008
6424,0.47651436924934387,29.059246063232422,0.01888020895421505,1.0,0.13785359263420105,834,0.0475260429084301,0.013146362267434597,0.05053597316145897,0.5238916873931885,1281024.0,833,444.385595591,1746459461.1928568,44.32515335083008
6448,0.47850778698921204,28.31380271911621,0.017578125,1.0,0.1861562728881836,837,0.0690104216337204,0.013146362267434597,0.05026867985725403,0.5238916873931885,1285632.0,836,445.818729315,1746459462.625986,44.32515335083008
6528,0.48557212948799133,26.567058563232422,0.015625,1.0,0.19983568787574768,847,0.0742187574505806,0.013146362267434597,0.04877341166138649,0.5238916873931885,1300992.0,846,450.448565997,1746459467.2558682,44.32515335083008
6592,0.3643606901168823,28.99739646911621,0.01692708395421505,1.0,0.24536558985710144,855,0.0,0.013146362267434597,0.08111108839511871,0.5238916873931885,1313280.0,854,454.149262906,1746459470.956517,44.32515335083008
6600,0.3649154305458069,28.14974021911621,0.015625,1.0,0.19192618131637573,856,0.0032552084885537624,0.013146362267434597,0.09726300835609436,0.5238916873931885,1314816.0,855,454.611545936,1746459471.4188082,44.32515335083008
6608,0.5004956126213074,28.024089813232422,0.0182291679084301,1.0,0.24553394317626953,857,0.0703125,0.013146362267434597,0.08808434754610062,0.5238916873931885,1316352.0,856,455.073700993,1746459471.8806546,44.32515335083008
6616,0.48888424038887024,26.36458396911621,0.02148437686264515,1.0,0.22836047410964966,858,0.0839843824505806,0.013146362267434597,0.10182428359985352,0.5238916873931885,1317888.0,857,455.539044022,1746459472.3463142,44.32515335083008
6704,0.3703870475292206,27.591798782348633,0.01692708395421505,1.0,0.18256142735481262,869,0.0260416679084301,0.013146362267434597,0.10975479334592819,0.5238916873931885,1334784.0,868,460.63059475,1746459477.4378917,44.32515335083008
6744,0.43315011262893677,29.38411521911621,0.01692708395421505,1.0,0.16680306196212769,874,0.0462239608168602,0.013146362267434597,0.11549496650695801,0.5238916873931885,1342464.0,873,462.943902203,1746459479.7511826,44.32515335083008
6760,0.40762314200401306,28.972658157348633,0.01692708395421505,1.0,0.1713624894618988,876,0.02669270895421505,0.013146362267434597,0.10440900921821594,0.5238916873931885,1345536.0,875,463.86875392,1746459480.6759875,44.32515335083008
6792,0.48465871810913086,26.938152313232422,0.01497395895421505,1.0,0.279524028301239,880,0.1041666716337204,0.013146362267434597,0.10913226008415222,0.5238916873931885,1351680.0,879,465.718942068,1746459482.5262268,44.32515335083008
7096,0.33718743920326233,28.03645896911621,0.01302083395421505,1.0,0.22574496269226074,918,0.0,0.013146362267434597,0.009111860767006874,0.5238916873931885,1410048.0,917,483.28773399,1746459500.0950308,44.32515335083008
7168,0.40421348810195923,29.835939407348633,0.015625,1.0,0.236525297164917,927,0.0260416679084301,0.013146362267434597,0.02674783207476139,0.5238916873931885,1423872.0,926,487.455187067,1746459504.262472,44.32515335083008
7200,0.4616906940937042,27.53059959411621,0.01953125186264515,1.0,0.27492383122444153,931,0.0787760466337204,0.013146362267434597,0.02830902859568596,0.5238916873931885,1430016.0,930,489.303274683,1746459506.1105804,44.32515335083008
7224,0.41310980916023254,29.850261688232422,0.014322916977107525,1.0,0.22579020261764526,934,0.015625,0.013146362267434597,0.036626480519771576,0.5238916873931885,1434624.0,933,490.69071819,1746459507.4979954,44.32515335083008
7304,0.3236331641674042,27.48763084411621,0.01497395895421505,1.0,0.2959724962711334,944,0.0,0.013146362267434597,-0.013593400828540325,0.5238916873931885,1449984.0,943,495.314675004,1746459512.1219518,44.32515335083008
7456,0.34826788306236267,25.002605438232422,0.013671875931322575,1.0,0.3759603500366211,963,0.0494791679084301,0.013146362267434597,-0.006619015242904425,0.5238916873931885,1479168.0,962,504.10109,1746459520.90839,44.32515335083008
7544,0.47745439410209656,29.11849021911621,0.01302083395421505,1.0,0.3681589663028717,974,0.0761718824505806,0.013146362267434597,0.02513429895043373,0.5238916873931885,1496064.0,973,509.190053764,1746459525.9973345,44.32515335083008
7848,0.27542591094970703,26.300783157348633,0.011718750931322575,1.0,0.39073485136032104,1012,0.011718750931322575,0.03868698701262474,-0.014300957322120667,0.5308539271354675,1554432.0,1011,526.888756929,1746459543.69588,55.02813720703125
7896,0.421828031539917,27.953126907348633,0.01497395895421505,1.0,0.5511444807052612,1018,0.0319010429084301,0.03868698701262474,-0.05571523308753967,0.5308539271354675,1563648.0,1017,529.665201274,1746459546.472515,55.02813720703125
7960,0.3572097420692444,28.394533157348633,0.013671875931322575,1.0,0.406218945980072,1026,0.0,0.03868698701262474,-0.03416021168231964,0.5308539271354675,1575936.0,1025,533.366543299,1746459550.1738424,55.02813720703125
8056,0.45846131443977356,27.955080032348633,0.017578125,1.0,0.417186975479126,1038,0.0566406287252903,0.03868698701262474,-0.0787578821182251,0.5308539271354675,1594368.0,1037,538.917872053,1746459555.7251587,55.02813720703125
8384,0.42669808864593506,27.740886688232422,0.01497395895421505,1.0,0.4833190441131592,1079,0.0390625037252903,0.03868698701262474,-0.07247839868068695,0.5308539271354675,1657344.0,1078,557.884334343,1746459574.6916208,55.02813720703125
8448,0.5076468586921692,27.832033157348633,0.0162760429084301,1.0,0.5199934244155884,1087,0.0983072966337204,0.03868698701262474,-0.08384208381175995,0.5308539271354675,1669632.0,1086,561.584544089,1746459578.391832,55.02813720703125
8568,0.57825767993927,28.373699188232422,0.017578125,1.0,1.0835226774215698,1102,0.0944010466337204,0.03868698701262474,-0.08545970171689987,0.5308539271354675,1692672.0,1101,568.519412243,1746459585.326695,55.02813720703125
8744,0.41096600890159607,29.30013084411621,0.01497395895421505,1.0,0.7561935782432556,1124,0.0501302108168602,0.03868698701262474,-0.10133537650108337,0.5308539271354675,1726464.0,1123,578.69164788,1746459595.4989436,55.02813720703125
8880,0.7628893852233887,28.776042938232422,0.0162760429084301,1.0,0.6223018169403076,1141,0.2532552182674408,0.03868698701262474,-0.12085864692926407,0.5308539271354675,1752576.0,1140,586.554419047,1746459603.3616982,55.02813720703125
8960,0.42719411849975586,29.33333396911621,0.01302083395421505,1.0,0.6806289553642273,1151,0.0397135429084301,0.03868698701262474,-0.11420897394418716,0.5308539271354675,1767936.0,1150,591.182603466,1746459607.9898834,55.02813720703125
8968,0.5588971972465515,28.31770896911621,0.013671875931322575,1.0,0.6553767919540405,1152,0.1360677182674408,0.03868698701262474,-0.10858447849750519,0.5308539271354675,1769472.0,1151,591.645076184,1746459608.452371,55.02813720703125
8976,0.5017992258071899,28.248699188232422,0.01692708395421505,1.0,0.6196965575218201,1153,0.0657552108168602,0.03868698701262474,-0.09947706758975983,0.5308539271354675,1771008.0,1152,592.107421401,1746459608.9147174,55.02813720703125
9040,0.3160151243209839,26.511720657348633,0.012369791977107525,1.0,0.7738683223724365,1161,0.02539062686264515,0.03868698701262474,-0.12632524967193604,0.5308539271354675,1783296.0,1160,595.805757624,1746459612.6130311,55.02813720703125
9128,0.5100500583648682,28.77864646911621,0.0182291679084301,1.0,0.5238432884216309,1172,0.0872395858168602,0.03868698701262474,-0.16027003526687622,0.5308539271354675,1800192.0,1171,600.900397923,1746459617.7076244,55.02813720703125
9424,0.5474717617034912,28.187501907348633,0.013671875931322575,1.0,0.6889549493789673,1209,0.1282552182674408,0.03868698701262474,-0.1620512157678604,0.5308539271354675,1857024.0,1208,618.007515374,1746459634.8148293,55.02813720703125
9440,0.41535523533821106,25.81575584411621,0.013671875931322575,1.0,0.9048149585723877,1211,0.0462239608168602,0.03868698701262474,-0.13919781148433685,0.5308539271354675,1860096.0,1210,618.932298283,1746459635.7395918,55.02813720703125
9592,0.5560030937194824,29.250001907348633,0.013671875931322575,1.0,0.5769758224487305,1230,0.130859375,0.03868698701262474,-0.14738968014717102,0.5308539271354675,1889280.0,1229,627.727341889,1746459644.534635,55.02813720703125
9608,0.4951465129852295,27.03841209411621,0.0162760429084301,1.0,0.4377821385860443,1232,0.0937500074505806,0.03868698701262474,-0.15754716098308563,0.5308539271354675,1892352.0,1231,628.651640714,1746459645.4589453,55.02813720703125
9656,0.7128422260284424,28.502605438232422,0.017578125,1.0,0.5216802954673767,1238,0.2246093899011612,0.03868698701262474,-0.1392449140548706,0.5308539271354675,1901568.0,1237,631.427373644,1746459648.234632,55.02813720703125
10032,0.5621363520622253,29.72591209411621,0.01692708395421505,1.0,0.7815320491790771,1285,0.0865885466337204,0.03868698701262474,-0.1682172417640686,0.5308539271354675,1973760.0,1284,653.212712936,1746459670.020007,55.02813720703125
10168,0.6627510190010071,28.09114646911621,0.01888020895421505,1.0,0.5929738879203796,1302,0.2005208432674408,0.18801410496234894,-0.18060539662837982,0.8879062533378601,1999872.0,1301,661.195013124,1746459678.0022967,55.379554748535156
10360,0.5201573371887207,27.722658157348633,0.013671875931322575,1.0,0.6168738603591919,1326,0.1223958432674408,0.18801410496234894,-0.2019185721874237,0.8879062533378601,2036736.0,1325,672.297365063,1746459689.1046705,55.379554748535156
10608,0.3992486000061035,25.95052146911621,0.012369791977107525,1.0,0.3453221321105957,1357,0.0579427108168602,0.18801410496234894,-0.22047218680381775,0.8879062533378601,2084352.0,1356,686.635115291,1746459703.4424276,55.379554748535156
10920,0.5675179958343506,28.601564407348633,0.013671875931322575,1.0,0.5179314613342285,1396,0.1660156399011612,0.18801410496234894,-0.1530800610780716,0.8879062533378601,2144256.0,1395,704.670721979,1746459721.4780076,55.379554748535156
11336,0.5767644643783569,29.252605438232422,0.014322916977107525,1.0,0.5677623748779297,1448,0.1295572966337204,0.18801410496234894,-0.17696665227413177,0.8879062533378601,2224128.0,1447,728.723252185,1746459745.5305707,55.379554748535156
11360,0.5779458284378052,29.779949188232422,0.01302083395421505,1.0,0.5601481199264526,1451,0.1471354216337204,0.18801410496234894,-0.18402405083179474,0.8879062533378601,2228736.0,1450,730.109349001,1746459746.9166222,55.379554748535156
11400,0.6984512805938721,27.957033157348633,0.01497395895421505,1.0,0.5731807351112366,1456,0.2037760466337204,0.18801410496234894,-0.17354629933834076,0.8879062533378601,2236416.0,1455,732.425272028,1746459749.23255,55.379554748535156
11408,0.6886335015296936,29.70833396911621,0.0162760429084301,1.0,0.566848635673523,1457,0.2057291716337204,0.18801410496234894,-0.17694157361984253,0.8879062533378601,2237952.0,1456,732.887457787,1746459749.6947508,55.379554748535156
11536,0.75831139087677,29.125652313232422,0.0162760429084301,1.0,0.5207098722457886,1473,0.2454427182674408,0.18801410496234894,-0.18053454160690308,0.8879062533378601,2262528.0,1472,740.288604468,1746459757.0958593,55.379554748535156
11560,0.7252041697502136,29.94661521911621,0.017578125,1.0,0.6122302412986755,1476,0.2317708432674408,0.18801410496234894,-0.1808943897485733,0.8879062533378601,2267136.0,1475,741.676359978,1746459758.4836392,55.379554748535156
11688,0.7101083397865295,27.861980438232422,0.015625,1.0,0.4900364577770233,1492,0.2467448115348816,0.18801410496234894,-0.18239526450634003,0.8879062533378601,2291712.0,1491,749.073862286,1746459765.881141,55.379554748535156
12048,0.7272931337356567,29.069011688232422,0.017578125,1.0,0.42281925678253174,1537,0.2135416716337204,0.18801410496234894,-0.25236377120018005,0.8879062533378601,2360832.0,1536,769.900513476,1746459786.7075677,55.379554748535156
12320,0.8290656208992004,28.27083396911621,0.015625,1.0,0.4526626765727997,1571,0.3242187798023224,0.18801410496234894,-0.2492367923259735,0.8879062533378601,2413056.0,1570,785.656541167,1746459802.4636652,55.379554748535156
12576,0.8187065720558167,27.804689407348633,0.015625,1.0,0.44377171993255615,1603,0.3111979365348816,0.18801410496234894,-0.31149452924728394,0.8879062533378601,2462208.0,1602,800.483302258,1746459817.2905056,55.379554748535156
12704,0.6277549266815186,30.064455032348633,0.014322916977107525,1.0,0.48857438564300537,1619,0.2135416716337204,0.18801410496234894,-0.26750874519348145,0.8879062533378601,2486784.0,1618,807.896157006,1746459824.703227,55.379554748535156
12720,0.6312867999076843,29.166017532348633,0.015625,1.0,0.560484766960144,1621,0.1295572966337204,0.18801410496234894,-0.22579868137836456,0.8879062533378601,2489856.0,1620,808.823576836,1746459825.6306782,55.379554748535156
12904,0.3451315462589264,26.414064407348633,0.013671875931322575,1.0,0.47442948818206787,1644,0.01497395895421505,0.40406090021133423,-0.3080177903175354,1.2065563201904297,2525184.0,1643,819.612710994,1746459836.4198067,50.62639617919922
12936,0.8152697682380676,28.718751907348633,0.015625,1.0,0.44318291544914246,1648,0.3111979365348816,0.40406090021133423,-0.33119454979896545,1.2065563201904297,2531328.0,1647,821.467362489,1746459838.2746294,50.62639617919922
12952,0.6080390214920044,29.932292938232422,0.015625,1.0,0.44334620237350464,1650,0.1477864682674408,0.40406090021133423,-0.31927865743637085,1.2065563201904297,2534400.0,1649,822.391578919,1746459839.1988857,50.62639617919922
13040,0.5384809970855713,28.162761688232422,0.011718750931322575,1.0,0.4888363778591156,1661,0.1529947966337204,0.40406090021133423,-0.3171907961368561,1.2065563201904297,2551296.0,1660,827.480226365,1746459844.2875383,50.62639617919922
13088,0.7079887986183167,28.049480438232422,0.015625,1.0,0.44458869099617004,1667,0.2324218899011612,0.40406090021133423,-0.3148951530456543,1.2065563201904297,2560512.0,1666,830.257111635,1746459847.064411,50.62639617919922
13352,0.6710968613624573,29.563152313232422,0.015625,1.0,0.5260958075523376,1700,0.2122395932674408,0.40406090021133423,-0.2886263132095337,1.2065563201904297,2611200.0,1699,845.568761222,1746459862.37602,50.62639617919922
13608,0.6358272433280945,28.250001907348633,0.012369791977107525,1.0,0.494737446308136,1732,0.1848958432674408,0.40406090021133423,-0.2500115931034088,1.2065563201904297,2660352.0,1731,860.375644194,1746459877.1829352,50.62639617919922
13624,0.7204205989837646,29.34505271911621,0.01302083395421505,1.0,0.6395642161369324,1734,0.2552083432674408,0.40406090021133423,-0.23187308013439178,1.2065563201904297,2663424.0,1733,861.300836784,1746459878.108116,50.62639617919922
13640,0.7992812991142273,29.41341209411621,0.01692708395421505,1.0,0.6341617107391357,1736,0.3033854365348816,0.40406090021133423,-0.22899511456489563,1.2065563201904297,2666496.0,1735,862.226584483,1746459879.033878,50.62639617919922
13664,0.574749231338501,25.589845657348633,0.014322916977107525,1.0,0.6103250980377197,1739,0.1393229216337204,0.40406090021133423,-0.23499596118927002,1.2065563201904297,2671104.0,1738,863.6142025300001,1746459880.4215055,50.62639617919922
13744,0.5893269181251526,26.917970657348633,0.01302083395421505,1.0,0.6980981826782227,1749,0.1790364682674408,0.40406090021133423,-0.23321592807769775,1.2065563201904297,2686464.0,1748,868.249627655,1746459885.0569189,50.62639617919922
13832,0.6906775236129761,27.68099021911621,0.0162760429084301,1.0,0.6981059312820435,1760,0.2220052182674408,0.40406090021133423,-0.21997003257274628,1.2065563201904297,2703360.0,1759,873.334879117,1746459890.142131,50.62639617919922
13864,0.5859788656234741,27.967449188232422,0.013671875931322575,1.0,0.6206156015396118,1764,0.1744791716337204,0.40406090021133423,-0.2386804223060608,1.2065563201904297,2709504.0,1763,875.183838895,1746459891.991115,50.62639617919922
13944,0.6011645197868347,27.252605438232422,0.012369791977107525,1.0,0.5160747766494751,1774,0.1992187649011612,0.40406090021133423,-0.2561366558074951,1.2065563201904297,2724864.0,1773,879.807683303,1746459896.6149545,50.62639617919922
14024,0.8173817992210388,29.404949188232422,0.014322916977107525,1.0,0.5349521636962891,1784,0.3131510615348816,0.40406090021133423,-0.24862487614154816,1.2065563201904297,2740224.0,1783,884.44239114,1746459901.2496603,50.62639617919922
14096,0.4876581132411957,25.64583396911621,0.01497395895421505,1.0,0.47937503457069397,1793,0.1445312649011612,0.40406090021133423,-0.260299950838089,1.2065563201904297,2754048.0,1792,888.604995188,1746459905.4122903,50.62639617919922
14168,0.7203232049942017,30.28645896911621,0.01692708395421505,1.0,0.4214321970939636,1802,0.2122395932674408,0.40406090021133423,-0.2900216579437256,1.2065563201904297,2767872.0,1801,892.767565543,1746459909.574837,50.62639617919922
14192,0.7118370532989502,28.486980438232422,0.01692708395421505,1.0,0.4572492837905884,1805,0.2167968899011612,0.40406090021133423,-0.3202018737792969,1.2065563201904297,2772480.0,1804,894.154779236,1746459910.962074,50.62639617919922
14256,0.703284502029419,27.12239646911621,0.015625,1.0,0.6033987998962402,1813,0.2480468899011612,0.40406090021133423,-0.3299487829208374,1.2065563201904297,2784768.0,1812,897.85526717,1746459914.662542,50.62639617919922
14296,0.49433434009552,28.063152313232422,0.015625,1.0,0.5560020804405212,1818,0.0846354216337204,0.40406090021133423,-0.2948535084724426,1.2065563201904297,2792448.0,1817,900.166914454,1746459916.9742367,50.62639617919922
14360,0.48637983202934265,28.570314407348633,0.01302083395421505,1.0,0.5636184215545654,1826,0.12890625,0.40406090021133423,-0.296850323677063,1.2065563201904297,2804736.0,1825,903.872182888,1746459920.6793828,50.62639617919922
14488,0.5853636860847473,29.74349021911621,0.01497395895421505,1.0,0.42426878213882446,1842,0.138671875,0.40406090021133423,-0.3100222945213318,1.2065563201904297,2829312.0,1841,911.275050368,1746459928.0823476,50.62639617919922
14640,0.7436240315437317,29.211589813232422,0.01692708395421505,1.0,0.43774011731147766,1861,0.2610677182674408,0.40406090021133423,-0.3177606165409088,1.2065563201904297,2858496.0,1860,920.070001804,1746459936.8773346,50.62639617919922
14808,0.6302272081375122,28.72005271911621,0.013671875931322575,1.0,0.38018929958343506,1882,0.2174479216337204,0.40406090021133423,-0.30203747749328613,1.2065563201904297,2890752.0,1881,929.790875279,1746459946.5981624,50.62639617919922
15304,0.7111322283744812,28.75520896911621,0.0162760429084301,1.0,0.30342036485671997,1944,0.2532552182674408,0.40406090021133423,-0.43079519271850586,1.2065563201904297,2985984.0,1943,958.483792695,1746459975.2910657,50.62639617919922
15344,0.5618956089019775,28.423830032348633,0.01497395895421505,1.0,0.3538084924221039,1949,0.1451822966337204,0.40406090021133423,-0.4626481533050537,1.2065563201904297,2993664.0,1948,960.796887829,1746459977.6041622,50.62639617919922
15424,0.5283529162406921,27.791667938232422,0.013671875931322575,1.0,0.3216218948364258,1959,0.1328125,0.4013671875,-0.47426360845565796,1.18356192111969,3009024.0,1958,965.540551923,1746459982.347817,49.8662109375
15632,0.7046793103218079,29.18880271911621,0.013671875931322575,1.0,0.3537347912788391,1985,0.26171875,0.4013671875,-0.41247856616973877,1.18356192111969,3048960.0,1984,977.571657472,1746459994.378916,49.8662109375
15992,0.7359486818313599,27.71028709411621,0.017578125,1.0,0.31218910217285156,2030,0.2571614682674408,0.4013671875,-0.4235462546348572,1.18356192111969,3118080.0,2029,998.389688928,1746460015.1969779,49.8662109375
16008,0.6553990244865417,25.85286521911621,0.01888020895421505,1.0,0.29307329654693604,2032,0.1881510466337204,0.4013671875,-0.4283323287963867,1.18356192111969,3121152.0,2031,999.314443311,1746460016.121721,49.8662109375
16024,0.6451480984687805,29.23177146911621,0.015625,1.0,0.3089348077774048,2034,0.1855468899011612,0.4013671875,-0.4074876606464386,1.18356192111969,3124224.0,2033,1000.239898086,1746460017.0471685,49.8662109375
16128,0.665643572807312,27.406251907348633,0.013671875931322575,1.0,0.3286559581756592,2047,0.2389323115348816,0.4013671875,-0.39704430103302,1.18356192111969,3144192.0,2046,1006.254038127,1746460023.061333,49.8662109375
16240,0.7189387083053589,29.566408157348633,0.017578125,1.0,0.3192106783390045,2061,0.2545573115348816,0.4013671875,-0.4732719361782074,1.18356192111969,3165696.0,2060,1012.726697481,1746460029.5339637,49.8662109375
16368,0.841913640499115,28.611980438232422,0.01497395895421505,1.0,0.3031301200389862,2077,0.2825520932674408,0.4013671875,-0.41769689321517944,1.18356192111969,3190272.0,2076,1020.133298954,1746460036.9405959,49.8662109375
16512,0.7863394021987915,28.83333396911621,0.01302083395421505,1.0,0.3739863336086273,2095,0.2591145932674408,0.4013671875,-0.4116165041923523,1.18356192111969,3217920.0,2094,1028.456814321,1746460045.2638361,49.8662109375
16552,0.6464017629623413,28.007814407348633,0.01888020895421505,1.0,0.40144723653793335,2100,0.1959635466337204,0.4013671875,-0.3952089548110962,1.18356192111969,3225600.0,2099,1030.771336559,1746460047.5786102,49.8662109375
16624,0.7427935600280762,27.930339813232422,0.013671875931322575,1.0,0.3949105739593506,2109,0.2910156548023224,0.4013671875,-0.448255717754364,1.18356192111969,3239424.0,2108,1034.933620421,1746460051.7409058,49.8662109375
16664,0.7356861233711243,29.18294334411621,0.014322916977107525,1.0,0.3532242774963379,2114,0.275390625,0.4013671875,-0.3902205526828766,1.18356192111969,3247104.0,2113,1037.246976415,1746460054.054255,49.8662109375
16768,0.7433152794837952,29.390626907348633,0.015625,1.0,0.4185001254081726,2127,0.255859375,0.4013671875,-0.4564096927642822,1.18356192111969,3267072.0,2126,1043.3054688,1746460060.1127596,49.8662109375
16864,0.8291406631469727,27.755861282348633,0.015625,1.0,0.3778601884841919,2139,0.3079427182674408,0.4013671875,-0.4707590341567993,1.18356192111969,3285504.0,2138,1048.854321048,1746460065.6616015,49.8662109375
16944,0.7564520239830017,26.971355438232422,0.0162760429084301,1.0,0.3344908356666565,2149,0.2903645932674408,0.4013671875,-0.49794888496398926,1.18356192111969,3300864.0,2148,1053.48177297,1746460070.2890396,49.8662109375
16976,0.7518596053123474,30.242839813232422,0.014322916977107525,1.0,0.3199344277381897,2153,0.2578125,0.4013671875,-0.5092895030975342,1.18356192111969,3307008.0,2152,1055.331384777,1746460072.1386552,49.8662109375
17320,0.7756476998329163,29.57552146911621,0.015625,1.0,0.30790507793426514,2196,0.3040364682674408,0.4013671875,-0.49834662675857544,1.18356192111969,3373056.0,2195,1075.216244626,1746460092.0235362,49.8662109375
17368,0.5361472964286804,27.804689407348633,0.01497395895421505,1.0,0.3522363007068634,2202,0.1184895858168602,0.4013671875,-0.5088256597518921,1.18356192111969,3382272.0,2201,1077.993849466,1746460094.8011405,49.8662109375
17416,0.5972009301185608,28.63606834411621,0.01692708395421505,1.0,0.35923463106155396,2208,0.1686197966337204,0.4013671875,-0.5068409442901611,1.18356192111969,3391488.0,2207,1080.772029984,1746460097.5793142,49.8662109375
17448,0.7640625834465027,30.029949188232422,0.015625,1.0,0.4324066638946533,2212,0.2669270932674408,0.4013671875,-0.4668591022491455,1.18356192111969,3397632.0,2211,1082.622596755,1746460099.4298828,49.8662109375
17576,0.8781288266181946,29.50911521911621,0.01692708395421505,1.0,0.475851446390152,2228,0.3476562798023224,0.4013671875,-0.463473379611969,1.18356192111969,3422208.0,2227,1090.021322348,1746460106.8286018,49.8662109375
17664,0.5476417541503906,25.666667938232422,0.0162760429084301,1.0,0.4560127556324005,2239,0.1744791716337204,0.4013671875,-0.4961256980895996,1.18356192111969,3439104.0,2238,1095.112392848,1746460111.9196622,49.8662109375
17776,0.5681480765342712,29.42122459411621,0.01497395895421505,1.0,0.3728078603744507,2253,0.1451822966337204,0.4013671875,-0.5020268559455872,1.18356192111969,3460608.0,2252,1101.594992144,1746460118.402295,49.8662109375
17792,0.7642213702201843,27.843751907348633,0.0182291679084301,1.0,0.4521779417991638,2255,0.2584635615348816,0.4013671875,-0.5337121486663818,1.18356192111969,3463680.0,2254,1102.519851015,1746460119.3271325,49.8662109375
17856,0.7963407039642334,30.24544334411621,0.015625,1.0,0.37799888849258423,2263,0.3079427182674408,0.4013671875,-0.4970777630805969,1.18356192111969,3475968.0,2262,1106.219951864,1746460123.0272453,49.8662109375
17936,0.6758096218109131,29.152345657348633,0.0162760429084301,1.0,0.41952434182167053,2273,0.2161458432674408,0.4013671875,-0.49120235443115234,1.18356192111969,3491328.0,2272,1110.850348215,1746460127.6576436,49.8662109375
17944,0.9261850118637085,30.477214813232422,0.01692708395421505,1.0,0.3909662961959839,2274,0.4042969048023224,0.4013671875,-0.48625731468200684,1.18356192111969,3492864.0,2273,1111.312663194,1746460128.119964,49.8662109375
18128,0.6198211908340454,28.87630271911621,0.0162760429084301,1.0,0.3604329824447632,2297,0.1673177182674408,0.49949344992637634,-0.49472776055336,1.3359177112579346,3528192.0,2296,1122.075075162,1746460138.8823538,51.082069396972656
18152,0.7071264982223511,28.85677146911621,0.015625,1.0,0.34667807817459106,2300,0.2343750149011612,0.49949344992637634,-0.44408389925956726,1.3359177112579346,3532800.0,2299,1123.463048041,1746460140.2703497,51.082069396972656
18352,0.5339467525482178,29.33333396911621,0.015625,1.0,0.33407101035118103,2325,0.1588541716337204,0.49949344992637634,-0.5296857357025146,1.3359177112579346,3571200.0,2324,1135.02853022,1746460151.8357658,51.082069396972656
18368,0.6698898077011108,28.10481834411621,0.01692708395421505,1.0,0.33862945437431335,2327,0.2044270932674408,0.49949344992637634,-0.51739501953125,1.3359177112579346,3574272.0,2326,1135.953234268,1746460152.7605236,51.082069396972656
18376,0.7242827415466309,29.274089813232422,0.01888020895421505,1.0,0.35426902770996094,2328,0.2343750149011612,0.49949344992637634,-0.5228646993637085,1.3359177112579346,3575808.0,2327,1136.415983067,1746460153.2232785,51.082069396972656
18392,0.8442309498786926,28.41341209411621,0.01888020895421505,1.0,0.3433287739753723,2330,0.3059895932674408,0.49949344992637634,-0.5263376235961914,1.3359177112579346,3578880.0,2329,1137.340408218,1746460154.1477056,51.082069396972656
18664,0.7680906057357788,28.500652313232422,0.01692708395421505,1.0,0.35944995284080505,2364,0.2630208432674408,0.49949344992637634,-0.5482825040817261,1.3359177112579346,3631104.0,2363,1153.067850875,1746460169.875132,51.082069396972656
18680,0.9068523645401001,29.847658157348633,0.01497395895421505,1.0,0.3577381372451782,2366,0.3847656548023224,0.49949344992637634,-0.5301939845085144,1.3359177112579346,3634176.0,2365,1153.992868579,1746460170.8001623,51.082069396972656
18696,0.6713534593582153,28.69270896911621,0.01497395895421505,1.0,0.3721887767314911,2368,0.2083333432674408,0.49949344992637634,-0.5602859258651733,1.3359177112579346,3637248.0,2367,1154.919205575,1746460171.7264926,51.082069396972656
18896,0.822726309299469,29.117839813232422,0.01692708395421505,1.0,0.3688207268714905,2393,0.3007812798023224,0.49949344992637634,-0.6017911434173584,1.3359177112579346,3675648.0,2392,1166.49392387,1746460183.3012316,51.082069396972656
18984,0.907806932926178,27.054689407348633,0.017578125,1.0,0.3373943567276001,2404,0.3606770932674408,0.49949344992637634,-0.5955970287322998,1.3359177112579346,3692544.0,2403,1171.581490536,1746460188.3887749,51.082069396972656
19024,0.9554446339607239,29.833986282348633,0.01692708395421505,1.0,0.3151263892650604,2409,0.3984375298023224,0.49949344992637634,-0.5892166495323181,1.3359177112579346,3700224.0,2408,1173.892771151,1746460190.7000687,51.082069396972656
19032,0.6552969813346863,30.585939407348633,0.014322916977107525,1.0,0.3594580888748169,2410,0.2076822966337204,0.49949344992637634,-0.5788646936416626,1.3359177112579346,3701760.0,2409,1174.355276815,1746460191.1625803,51.082069396972656
19160,0.7265490889549255,28.858074188232422,0.01497395895421505,1.0,0.3574705123901367,2426,0.25390625,0.49949344992637634,-0.5909006595611572,1.3359177112579346,3726336.0,2425,1181.765613271,1746460198.572876,51.082069396972656
19232,0.8796787858009338,29.330730438232422,0.0162760429084301,1.0,0.37568050622940063,2435,0.3444010615348816,0.49949344992637634,-0.6046572923660278,1.3359177112579346,3740160.0,2434,1185.928736572,1746460202.736014,51.082069396972656
19592,0.7554842233657837,27.14974021911621,0.0162760429084301,1.0,0.3817870318889618,2480,0.2858073115348816,0.49949344992637634,-0.6030528545379639,1.3359177112579346,3809280.0,2479,1206.740417801,1746460223.5476854,51.082069396972656
19640,0.7150148153305054,29.214845657348633,0.01692708395421505,1.0,0.3831767737865448,2486,0.2311197966337204,0.49949344992637634,-0.5874781608581543,1.3359177112579346,3818496.0,2485,1209.513843539,1746460226.321119,51.082069396972656
19856,0.831501305103302,29.92317771911621,0.01497395895421505,1.0,0.3568975329399109,2513,0.2903645932674408,0.49949344992637634,-0.6461440920829773,1.3359177112579346,3859968.0,2512,1222.01515485,1746460238.822477,51.082069396972656
19928,0.9596968293190002,29.678386688232422,0.0162760429084301,1.0,0.3187894821166992,2522,0.4121094048023224,0.49949344992637634,-0.6134454607963562,1.3359177112579346,3873792.0,2521,1226.176919616,1746460242.9842396,51.082069396972656
19968,0.7544131278991699,28.12239646911621,0.0162760429084301,1.0,0.3323248028755188,2527,0.2884114682674408,0.49949344992637634,-0.5621852874755859,1.3359177112579346,3881472.0,2526,1228.491488414,1746460245.2987702,51.082069396972656
19976,0.9833415150642395,28.61458396911621,0.01497395895421505,1.0,0.3331246078014374,2528,0.4420573115348816,0.49949344992637634,-0.5744232535362244,1.3359177112579346,3883008.0,2527,1228.953902578,1746460245.7611887,51.082069396972656
20240,0.8468342423439026,30.453777313232422,0.015625,1.0,0.3391398787498474,2561,0.3164062798023224,0.49949344992637634,-0.6136783957481384,1.3359177112579346,3933696.0,2560,1244.260303804,1746460261.0675607,51.082069396972656
20352,0.8371906876564026,28.15169334411621,0.017578125,1.0,0.32641974091529846,2575,0.3411458432674408,0.49949344992637634,-0.653445839881897,1.3359177112579346,3955200.0,2574,1250.740598571,1746460267.547869,51.082069396972656
20392,0.8592978715896606,30.150392532348633,0.01692708395421505,1.0,0.33075255155563354,2580,0.3170573115348816,0.49949344992637634,-0.656476616859436,1.3359177112579346,3962880.0,2579,1253.052850453,1746460269.8600814,51.082069396972656
20432,0.87359619140625,26.42903709411621,0.017578125,1.0,0.33626753091812134,2585,0.3808594048023224,0.49949344992637634,-0.6681256890296936,1.3359177112579346,3970560.0,2584,1255.365352116,1746460272.1726289,51.082069396972656
20472,0.720663845539093,29.292970657348633,0.017578125,1.0,0.40176087617874146,2590,0.2154947966337204,0.49949344992637634,-0.6156775951385498,1.3359177112579346,3978240.0,2589,1257.677752188,1746460274.4850163,51.082069396972656
20504,0.7537030577659607,29.46224021911621,0.015625,1.0,0.3645830750465393,2594,0.2682291865348816,0.49949344992637634,-0.6486690044403076,1.3359177112579346,3984384.0,2593,1259.527013557,1746460276.3343246,51.082069396972656
20600,0.7813854217529297,27.361330032348633,0.01692708395421505,1.0,0.3381500840187073,2606,0.2845052182674408,0.4917733371257782,-0.6430466175079346,1.3264237642288208,4002816.0,2605,1265.198672438,1746460282.005958,47.767826080322266
20728,0.7263638973236084,29.959636688232422,0.017578125,1.0,0.32113075256347656,2622,0.2311197966337204,0.4917733371257782,-0.5803693532943726,1.3264237642288208,4027392.0,2621,1272.599759769,1746460289.407069,47.767826080322266
20944,0.5341724753379822,29.26692771911621,0.0162760429084301,1.0,0.4108278751373291,2649,0.1302083432674408,0.4917733371257782,-0.5526094436645508,1.3264237642288208,4068864.0,2648,1285.090468125,1746460301.897756,47.767826080322266
21008,0.7346825003623962,27.936199188232422,0.0182291679084301,1.0,0.34895002841949463,2657,0.2428385615348816,0.4917733371257782,-0.5660680532455444,1.3264237642288208,4081152.0,2656,1288.789316524,1746460305.5965934,47.767826080322266
21064,0.9711156487464905,29.77474021911621,0.014322916977107525,1.0,0.3892679810523987,2664,0.4407552182674408,0.4917733371257782,-0.6070021390914917,1.3264237642288208,4091904.0,2663,1292.027389581,1746460308.8346713,47.767826080322266
21088,0.8263682723045349,28.898439407348633,0.0182291679084301,1.0,0.3909187316894531,2667,0.3046875298023224,0.4917733371257782,-0.5903065800666809,1.3264237642288208,4096512.0,2666,1293.414767552,1746460310.2220385,47.767826080322266
21104,0.8994818925857544,30.235027313232422,0.01497395895421505,1.0,0.3737102150917053,2669,0.3665364682674408,0.4917733371257782,-0.600822925567627,1.3264237642288208,4099584.0,2668,1294.339332291,1746460311.1466234,47.767826080322266
21264,0.8022515773773193,28.97005271911621,0.01692708395421505,1.0,0.31855326890945435,2689,0.3268229365348816,0.4917733371257782,-0.5958849787712097,1.3264237642288208,4130304.0,2688,1303.591355194,1746460320.3986194,47.767826080322266
21376,0.6397383809089661,31.172527313232422,0.013671875931322575,1.0,0.34694069623947144,2703,0.1738281399011612,0.4917733371257782,-0.6044555902481079,1.3264237642288208,4151808.0,2702,1310.066116251,1746460326.8734186,47.767826080322266
21400,0.9021940231323242,27.976564407348633,0.01692708395421505,1.0,0.3402125835418701,2706,0.3684895932674408,0.4917733371257782,-0.5914038419723511,1.3264237642288208,4156416.0,2705,1311.456973244,1746460328.2642667,47.767826080322266
21472,0.7115243673324585,27.12239646911621,0.01888020895421505,1.0,0.327886700630188,2715,0.2486979365348816,0.4917733371257782,-0.6249108910560608,1.3264237642288208,4170240.0,2714,1315.619808673,1746460332.4271119,47.767826080322266
21480,0.8760367631912231,28.106121063232422,0.01888020895421505,1.0,0.3340423107147217,2716,0.3483073115348816,0.4917733371257782,-0.6210888028144836,1.3264237642288208,4171776.0,2715,1316.082327599,1746460332.8896286,47.767826080322266
21584,0.6902069449424744,29.389324188232422,0.01497395895421505,1.0,0.3333381116390228,2729,0.2317708432674408,0.4917733371257782,-0.6339071989059448,1.3264237642288208,4191744.0,2728,1322.0974282,1746460338.9047232,47.767826080322266
21800,0.8114782571792603,27.699220657348633,0.0182291679084301,1.0,0.3410625755786896,2756,0.3157552182674408,0.4917733371257782,-0.6482539176940918,1.3264237642288208,4233216.0,2755,1334.59308784,1746460351.400405,47.767826080322266
21840,0.7614171504974365,30.197917938232422,0.01692708395421505,1.0,0.33045142889022827,2761,0.2408854365348816,0.4917733371257782,-0.6787934303283691,1.3264237642288208,4240896.0,2760,1336.907900923,1746460353.7151701,47.767826080322266
21912,0.8457247614860535,28.695314407348633,0.01692708395421505,1.0,0.35632526874542236,2770,0.3320312798023224,0.4917733371257782,-0.6389647722244263,1.3264237642288208,4254720.0,2769,1341.070132341,1746460357.8774226,47.767826080322266
22000,0.8877829909324646,29.695964813232422,0.01692708395421505,1.0,0.3556731939315796,2781,0.3476562798023224,0.4917733371257782,-0.7017606496810913,1.3264237642288208,4271616.0,2780,1346.15899953,1746460362.966305,47.767826080322266
22088,0.8174957633018494,25.623699188232422,0.0182291679084301,1.0,0.3309779763221741,2792,0.3177083432674408,0.4917733371257782,-0.6645212173461914,1.3264237642288208,4288512.0,2791,1351.246282947,1746460368.0535603,47.767826080322266
22352,0.8244888782501221,30.027996063232422,0.01692708395421505,1.0,0.3393387496471405,2825,0.3007812798023224,0.4917733371257782,-0.7498741745948792,1.3264237642288208,4339200.0,2824,1366.512716676,1746460383.319998,47.767826080322266
22456,0.8335289359092712,29.783205032348633,0.0162760429084301,1.0,0.3508267402648926,2838,0.3229166865348816,0.4917733371257782,-0.6985044479370117,1.3264237642288208,4359168.0,2837,1372.531252564,1746460389.3385475,47.767826080322266
22680,0.9505404233932495,30.31380271911621,0.015625,1.0,0.31695371866226196,2866,0.3802083432674408,0.4917733371257782,-0.7242299914360046,1.3264237642288208,4402176.0,2865,1385.486801426,1746460402.2940774,47.767826080322266
22720,0.8260079026222229,29.291667938232422,0.0162760429084301,1.0,0.3434162735939026,2871,0.3059895932674408,0.4917733371257782,-0.7260969281196594,1.3264237642288208,4409856.0,2870,1387.798944399,1746460404.6062322,47.767826080322266
22768,0.8140983581542969,28.085939407348633,0.015625,1.0,0.3193894028663635,2877,0.3066406548023224,0.4917733371257782,-0.7307636737823486,1.3264237642288208,4419072.0,2876,1390.578326956,1746460407.3856077,47.767826080322266
23104,0.787605345249176,28.846355438232422,0.017578125,1.0,0.3662034869194031,2919,0.2962239682674408,0.4917733371257782,-0.7189623117446899,1.3264237642288208,4483584.0,2918,1410.00097118,1746460426.8082795,47.767826080322266
23176,0.8973647356033325,29.951824188232422,0.0182291679084301,1.0,0.3179166913032532,2928,0.3489583432674408,0.5775400996208191,-0.7315082550048828,1.4436973333358765,4497408.0,2927,1414.292843117,1746460431.1001506,46.142601013183594
23248,0.785349428653717,29.170574188232422,0.015625,1.0,0.32678183913230896,2937,0.2942708432674408,0.5775400996208191,-0.7133358716964722,1.4436973333358765,4511232.0,2936,1418.454296676,1746460435.2615836,46.142601013183594
23344,0.7769379615783691,29.140626907348633,0.0162760429084301,1.0,0.3470126688480377,2949,0.2845052182674408,0.5775400996208191,-0.703993558883667,1.4436973333358765,4529664.0,2948,1424.002952911,1746460440.8102624,46.142601013183594
23376,0.6109221577644348,27.83333396911621,0.014322916977107525,1.0,0.3036840260028839,2953,0.1822916716337204,0.5775400996208191,-0.7423009276390076,1.4436973333358765,4535808.0,2952,1425.855916651,1746460442.6631904,46.142601013183594
23816,0.6747560501098633,27.863283157348633,0.01692708395421505,1.0,0.2990202307701111,3008,0.2141927182674408,0.5775400996208191,-0.7083035707473755,1.4436973333358765,4620288.0,3007,1451.342942736,1746460468.1502156,46.142601013183594
23848,0.8262272477149963,27.643230438232422,0.01888020895421505,1.0,0.30819860100746155,3012,0.3287760615348816,0.5775400996208191,-0.713066577911377,1.4436973333358765,4626432.0,3011,1453.196901536,1746460470.004168,46.142601013183594
23912,0.7750921845436096,29.52083396911621,0.01497395895421505,1.0,0.29463642835617065,3020,0.2923177182674408,0.5775400996208191,-0.7300348281860352,1.4436973333358765,4638720.0,3019,1456.896270437,1746460473.7035458,46.142601013183594
23928,0.7984738945960999,27.17122459411621,0.01888020895421505,1.0,0.328535795211792,3022,0.2845052182674408,0.5775400996208191,-0.7097512483596802,1.4436973333358765,4641792.0,3021,1457.821481441,1746460474.6287715,46.142601013183594
23960,0.8650091886520386,27.74544334411621,0.0182291679084301,1.0,0.3814188838005066,3026,0.3098958432674408,0.5775400996208191,-0.7308745384216309,1.4436973333358765,4647936.0,3025,1459.671204739,1746460476.4784904,46.142601013183594
24112,0.9541043043136597,29.152996063232422,0.01888020895421505,1.0,0.38035738468170166,3045,0.3880208432674408,0.5775400996208191,-0.7295845150947571,1.4436973333358765,4677120.0,3044,1468.46599238,1746460485.2732866,46.142601013183594
24280,0.8001964092254639,30.417970657348633,0.014322916977107525,1.0,0.2946053743362427,3066,0.2936198115348816,0.5775400996208191,-0.778276801109314,1.4436973333358765,4709376.0,3065,1478.178072876,1746460494.9853947,46.142601013183594
24336,0.8981430530548096,30.174480438232422,0.0162760429084301,1.0,0.269136905670166,3073,0.3548177182674408,0.5775400996208191,-0.8008558750152588,1.4436973333358765,4720128.0,3072,1481.416841143,1746460498.2241213,46.142601013183594
25008,0.8452287912368774,28.486980438232422,0.01692708395421505,1.0,0.34510818123817444,3157,0.3476562798023224,0.5775400996208191,-0.8179259300231934,1.4436973333358765,4849152.0,3156,1520.398102432,1746460537.2052538,46.142601013183594
25168,0.9207732081413269,30.555992126464844,0.01497395895421505,1.0,0.29202261567115784,3177,0.3821614682674408,0.5775400996208191,-0.7710762023925781,1.4436973333358765,4879872.0,3176,1529.713811481,1746460546.5209136,46.142601013183594
25328,0.9345231056213379,28.965496063232422,0.0182291679084301,1.0,0.2775927186012268,3197,0.3378906548023224,0.5775400996208191,-0.7816146612167358,1.4436973333358765,4910592.0,3196,1538.992765764,1746460555.8000562,46.142601013183594
25344,0.7126544713973999,28.830730438232422,0.017578125,1.0,0.3033475875854492,3199,0.2291666716337204,0.5775400996208191,-0.8148643970489502,1.4436973333358765,4913664.0,3198,1539.917585684,1746460556.7248847,46.142601013183594
25400,0.8549224734306335,28.082033157348633,0.017578125,1.0,0.2817772328853607,3206,0.3365885615348816,0.5775400996208191,-0.7997610569000244,1.4436973333358765,4924416.0,3205,1543.158732046,1746460559.965996,46.142601013183594
25456,0.711378276348114,28.35677146911621,0.0182291679084301,1.0,0.294050931930542,3213,0.2259114682674408,0.5775400996208191,-0.8019722700119019,1.4436973333358765,4935168.0,3212,1546.395590412,1746460563.2028282,46.142601013183594
25576,0.8629183769226074,29.625652313232422,0.01497395895421505,1.0,0.2782130539417267,3228,0.3580729365348816,0.5775400996208191,-0.8028477430343628,1.4436973333358765,4958208.0,3227,1553.337926953,1746460570.1452327,46.142601013183594
25728,0.8634392619132996,29.207683563232422,0.01692708395421505,1.0,0.25680220127105713,3247,0.3372395932674408,0.5775400996208191,-0.744280219078064,1.4436973333358765,4987392.0,3246,1562.126413928,1746460578.9337153,46.142601013183594
25760,0.8003404140472412,29.27474021911621,0.0162760429084301,1.0,0.2753695845603943,3251,0.3255208432674408,0.5691769123077393,-0.7892630696296692,1.4284682273864746,4993536.0,3250,1564.104959538,1746460580.9122627,46.05867004394531
25904,0.7530285716056824,26.367839813232422,0.017578125,1.0,0.3098996877670288,3269,0.2682291865348816,0.5691769123077393,-0.7608696818351746,1.4284682273864746,5021184.0,3268,1572.438064085,1746460589.245374,46.05867004394531
26000,0.8180426955223083,28.432292938232422,0.01888020895421505,1.0,0.26794373989105225,3281,0.2936198115348816,0.5691769123077393,-0.7451027631759644,1.4284682273864746,5039616.0,3280,1577.986742539,1746460594.7940292,46.05867004394531
26016,0.7848342061042786,29.439455032348633,0.01692708395421505,1.0,0.2598287761211395,3283,0.2819010615348816,0.5691769123077393,-0.7410685420036316,1.4284682273864746,5042688.0,3282,1578.911007719,1746460595.7182877,46.05867004394531
26136,0.8731817007064819,28.441408157348633,0.015625,1.0,0.3049074411392212,3298,0.3808594048023224,0.5691769123077393,-0.716187059879303,1.4284682273864746,5065728.0,3297,1585.852800312,1746460602.6600037,46.05867004394531
26144,0.7907472848892212,30.760417938232422,0.0162760429084301,1.0,0.29350268840789795,3299,0.2682291865348816,0.5691769123077393,-0.7696447372436523,1.4284682273864746,5067264.0,3298,1586.315469115,1746460603.1227474,46.05867004394531
26368,0.8399378657341003,28.43099021911621,0.01692708395421505,1.0,0.2620357275009155,3327,0.3437500298023224,0.5691769123077393,-0.7795184850692749,1.4284682273864746,5110272.0,3326,1599.267369064,1746460616.0746574,46.05867004394531
26520,0.7740936875343323,27.406251907348633,0.0182291679084301,1.0,0.2611713409423828,3346,0.271484375,0.5691769123077393,-0.746511697769165,1.4284682273864746,5139456.0,3345,1608.058245493,1746460624.8655431,46.05867004394531
26648,0.9245112538337708,29.546876907348633,0.017578125,1.0,0.28341570496559143,3362,0.3906250298023224,0.5691769123077393,-0.814730167388916,1.4284682273864746,5164032.0,3361,1615.456873555,1746460632.2641785,46.05867004394531
26688,0.7375054955482483,29.229167938232422,0.01497395895421505,1.0,0.3020460605621338,3367,0.2760416865348816,0.5691769123077393,-0.8112812042236328,1.4284682273864746,5171712.0,3366,1617.769188958,1746460634.5764973,46.05867004394531
26696,0.9489351511001587,30.45833396911621,0.01497395895421505,1.0,0.29546552896499634,3368,0.4075520932674408,0.5691769123077393,-0.8447580933570862,1.4284682273864746,5173248.0,3367,1618.232500542,1746460635.0397906,46.05867004394531
26736,0.9201281070709229,28.400392532348633,0.01888020895421505,1.0,0.28275832533836365,3373,0.3652344048023224,0.5691769123077393,-0.823584794998169,1.4284682273864746,5180928.0,3372,1620.545389849,1746460637.3526766,46.05867004394531
26784,0.6912857294082642,26.129558563232422,0.01692708395421505,1.0,0.31513258814811707,3379,0.2376302182674408,0.5691769123077393,-0.8055733442306519,1.4284682273864746,5190144.0,3378,1623.319884778,1746460640.127187,46.05867004394531
26856,0.889766275882721,28.470705032348633,0.0182291679084301,1.0,0.25756222009658813,3388,0.3235677182674408,0.5691769123077393,-0.8176035284996033,1.4284682273864746,5203968.0,3387,1627.485277617,1746460644.2925646,46.05867004394531
27040,0.9202421307563782,28.62434959411621,0.0162760429084301,1.0,0.24468779563903809,3411,0.3886719048023224,0.5691769123077393,-0.8252956867218018,1.4284682273864746,5239296.0,3410,1638.128943356,1746460654.9362495,46.05867004394531
27096,0.8772751688957214,29.172527313232422,0.01692708395421505,1.0,0.24272911250591278,3418,0.3769531548023224,0.5691769123077393,-0.828386664390564,1.4284682273864746,5250048.0,3417,1641.416810811,1746460658.2241213,46.05867004394531
27280,0.9146040678024292,29.008464813232422,0.017578125,1.0,0.2522647976875305,3441,0.3945312798023224,0.5691769123077393,-0.831588864326477,1.4284682273864746,5285376.0,3440,1652.062317187,1746460668.8696,46.05867004394531
27392,0.9368447065353394,30.072917938232422,0.0162760429084301,1.0,0.2682858109474182,3455,0.3886719048023224,0.5691769123077393,-0.8012739419937134,1.4284682273864746,5306880.0,3454,1658.536763347,1746460675.3440378,46.05867004394531
27496,0.7786208391189575,29.867189407348633,0.013671875931322575,1.0,0.28880250453948975,3468,0.2747395932674408,0.5691769123077393,-0.8011425733566284,1.4284682273864746,5326848.0,3467,1664.553052782,1746460681.360341,46.05867004394531
27512,0.9193264245986938,28.009767532348633,0.0182291679084301,1.0,0.3468320965766907,3470,0.3834635615348816,0.5691769123077393,-0.8284950256347656,1.4284682273864746,5329920.0,3469,1665.47793996,1746460682.2852347,46.05867004394531
27608,0.9495043754577637,28.94270896911621,0.017578125,1.0,0.25870269536972046,3482,0.3704427182674408,0.5691769123077393,-0.7859108448028564,1.4284682273864746,5348352.0,3481,1671.036076256,1746460687.8433912,46.05867004394531
27624,0.890434205532074,26.233074188232422,0.01888020895421505,1.0,0.28355276584625244,3484,0.3645833432674408,0.5691769123077393,-0.7702908515930176,1.4284682273864746,5351424.0,3483,1671.961149896,1746460688.7684646,46.05867004394531
27680,0.8585571646690369,28.697267532348633,0.01953125186264515,1.0,0.27698370814323425,3491,0.3125000298023224,0.5691769123077393,-0.7566726803779602,1.4284682273864746,5362176.0,3490,1675.19840035,1746460692.0056427,46.05867004394531
27808,0.7434734106063843,27.71419334411621,0.017578125,1.0,0.28326213359832764,3507,0.2669270932674408,0.5691769123077393,-0.7963391542434692,1.4284682273864746,5386752.0,3506,1682.598410154,1746460699.4056957,46.05867004394531
27872,0.6934560537338257,26.912111282348633,0.01953125186264515,1.0,0.3004279136657715,3515,0.2102864682674408,0.5691769123077393,-0.783659815788269,1.4284682273864746,5399040.0,3514,1686.30072217,1746460703.1080227,46.05867004394531
27880,0.8620380759239197,27.996095657348633,0.0182291679084301,1.0,0.3035857677459717,3516,0.3430989682674408,0.5691769123077393,-0.7878211140632629,1.4284682273864746,5400576.0,3515,1686.763209638,1746460703.5705,46.05867004394531
27904,0.8218017816543579,29.599611282348633,0.01497395895421505,1.0,0.26339221000671387,3519,0.3157552182674408,0.5691769123077393,-0.785734236240387,1.4284682273864746,5405184.0,3518,1688.150425424,1746460704.9577172,46.05867004394531
28152,0.824155867099762,29.754558563232422,0.017578125,1.0,0.2836371064186096,3550,0.3164062798023224,0.5691769123077393,-0.8576214909553528,1.4284682273864746,5452800.0,3549,1702.493072609,1746460719.3003738,46.05867004394531
28264,0.7576310634613037,28.73177146911621,0.015625,1.0,0.3061959445476532,3564,0.2565104365348816,0.5691769123077393,-0.8416979908943176,1.4284682273864746,5474304.0,3563,1708.967982593,1746460725.7752914,46.05867004394531
28456,0.7255798578262329,28.507814407348633,0.015625,1.0,0.3192753791809082,3588,0.2421875149011612,0.6245675086975098,-0.8962510228157043,1.5006152391433716,5511168.0,3587,1720.185805415,1746460736.9931023,45.0709342956543
28528,0.9922136068344116,29.66341209411621,0.01692708395421505,1.0,0.36640435457229614,3597,0.4036458432674408,0.6245675086975098,-0.8826991319656372,1.5006152391433716,5524992.0,3596,1724.348736839,1746460741.15603,45.0709342956543
28568,0.9953111410140991,29.498048782348633,0.01692708395421505,1.0,0.28724753856658936,3602,0.4199219048023224,0.6245675086975098,-0.9141062498092651,1.5006152391433716,5532672.0,3601,1726.662686002,1746460743.4699707,45.0709342956543
28768,1.0416009426116943,29.297527313232422,0.017578125,1.0,0.32868432998657227,3627,0.4544270932674408,0.6245675086975098,-0.9444506168365479,1.5006152391433716,5571072.0,3626,1738.225619145,1746460755.0329163,45.0709342956543
29024,0.8488792181015015,28.28059959411621,0.017578125,1.0,0.3683708906173706,3659,0.3125000298023224,0.6245675086975098,-0.9997435808181763,1.5006152391433716,5620224.0,3658,1753.037047194,1746460769.8443396,45.0709342956543
29168,0.9826362133026123,29.273439407348633,0.01692708395421505,1.0,0.2717229723930359,3677,0.4296875298023224,0.6245675086975098,-1.0007197856903076,1.5006152391433716,5647872.0,3676,1761.366182734,1746460778.1734707,45.0709342956543
29200,1.0334491729736328,29.54622459411621,0.01692708395421505,1.0,0.28655463457107544,3681,0.4544270932674408,0.6245675086975098,-1.0113248825073242,1.5006152391433716,5654016.0,3680,1763.224849277,1746460780.032155,45.0709342956543
29232,0.8149421215057373,30.36849021911621,0.01692708395421505,1.0,0.33963772654533386,3685,0.2623698115348816,0.6245675086975098,-1.034853458404541,1.5006152391433716,5660160.0,3684,1765.074783153,1746460781.8820753,45.0709342956543
29336,0.7483945488929749,29.16731834411621,0.017578125,1.0,0.29719477891921997,3698,0.2402343899011612,0.6245675086975098,-1.0193926095962524,1.5006152391433716,5680128.0,3697,1771.094126586,1746460787.9013925,45.0709342956543
29504,1.0933729410171509,28.125652313232422,0.0201822929084301,1.0,0.3391024172306061,3719,0.4811198115348816,0.6245675086975098,-1.0548560619354248,1.5006152391433716,5712384.0,3718,1780.806817101,1746460797.6140823,45.0709342956543
29624,1.0083950757980347,30.10677146911621,0.01692708395421505,1.0,0.2940693497657776,3734,0.4342448115348816,0.6245675086975098,-1.0467028617858887,1.5006152391433716,5735424.0,3733,1787.743416269,1746460804.5506742,45.0709342956543
29728,0.9144650101661682,27.527996063232422,0.0182291679084301,1.0,0.28800469636917114,3747,0.3782552182674408,0.6245675086975098,-1.0662519931793213,1.5006152391433716,5755392.0,3746,1793.759009517,1746460810.566307,45.0709342956543
29776,0.7075393795967102,28.15169334411621,0.015625,1.0,0.285949170589447,3753,0.2174479216337204,0.6245675086975098,-1.0830504894256592,1.5006152391433716,5764608.0,3752,1796.532428826,1746460813.33972,45.0709342956543
29928,1.030168890953064,28.451824188232422,0.0182291679084301,1.0,0.2670358121395111,3772,0.4251302182674408,0.6245675086975098,-1.0342473983764648,1.5006152391433716,5793792.0,3771,1805.324598056,1746460822.1318645,45.0709342956543
29936,0.9647130966186523,28.63216209411621,0.01888020895421505,1.0,0.29396766424179077,3773,0.3854166865348816,0.6245675086975098,-1.0423436164855957,1.5006152391433716,5795328.0,3772,1805.786923165,1746460822.5942018,45.0709342956543
29952,0.9356770515441895,29.02474021911621,0.0162760429084301,1.0,0.28480735421180725,3775,0.3938802182674408,0.6245675086975098,-1.0051259994506836,1.5006152391433716,5798400.0,3774,1806.712335091,1746460823.519614,45.0709342956543
30264,0.9807449579238892,28.914714813232422,0.01692708395421505,1.0,0.31213152408599854,3814,0.4309895932674408,0.6245675086975098,-1.0086294412612915,1.5006152391433716,5858304.0,3813,1824.763753646,1746460841.571039,45.0709342956543
30296,0.8745920062065125,28.626955032348633,0.01692708395421505,1.0,0.30687034130096436,3818,0.3157552182674408,0.6245675086975098,-1.0422323942184448,1.5006152391433716,5864448.0,3817,1826.614173036,1746460843.4214547,45.0709342956543
30584,1.0368393659591675,29.232423782348633,0.017578125,1.0,0.2562978267669678,3854,0.4401041865348816,0.6245675086975098,-0.9592128992080688,1.5006152391433716,5919744.0,3853,1843.318534375,1746460860.1258004,45.0709342956543
30632,0.939859926700592,26.04622459411621,0.017578125,1.0,0.2701260447502136,3860,0.3938802182674408,0.6245675086975098,-1.0214009284973145,1.5006152391433716,5928960.0,3859,1846.095521936,1746460862.9027972,45.0709342956543
30768,0.7132968902587891,27.88216209411621,0.0182291679084301,1.0,0.27727895975112915,3877,0.2239583432674408,0.6245675086975098,-0.9790726900100708,1.5006152391433716,5955072.0,3876,1853.96003706,1746460870.767324,45.0709342956543
30928,0.882851243019104,28.74739646911621,0.01692708395421505,1.0,0.27693653106689453,3897,0.3593750298023224,0.6245675086975098,-0.9985197186470032,1.5006152391433716,5985792.0,3896,1863.213915071,1746460880.0212388,45.0709342956543
30952,0.9133840203285217,29.556642532348633,0.01692708395421505,0.9999999403953552,0.24687042832374573,3900,0.3515625298023224,0.569817841053009,-1.0169110298156738,1.4256341457366943,5990400.0,3899,1864.724790663,1746460881.5320282,45.55333709716797
31080,0.7400587201118469,27.578126907348633,0.0162760429084301,0.9999999403953552,0.2619338035583496,3916,0.2428385615348816,0.569817841053009,-1.0467067956924438,1.4256341457366943,6014976.0,3915,1872.125186039,1746460888.9324913,45.55333709716797
31160,0.9030136466026306,28.199220657348633,0.01692708395421505,0.9999999403953552,0.25581222772598267,3926,0.3665364682674408,0.569817841053009,-1.023923397064209,1.4256341457366943,6030336.0,3925,1876.749696005,1746460893.556996,45.55333709716797
31200,0.9995454549789429,29.63606834411621,0.01692708395421505,0.9999999403953552,0.32196858525276184,3931,0.4238281548023224,0.569817841053009,-1.0362606048583984,1.4256341457366943,6038016.0,3930,1879.061812195,1746460895.8690944,45.55333709716797
31208,0.9056463837623596,29.42708396911621,0.0162760429084301,0.9999999403953552,0.2682812809944153,3932,0.3307291865348816,0.569817841053009,-0.9975660443305969,1.4256341457366943,6039552.0,3931,1879.524710263,1746460896.3319924,45.55333709716797
31224,1.0552756786346436,28.957033157348633,0.017578125,0.9999999403953552,0.2475910782814026,3934,0.4492187798023224,0.569817841053009,-0.9727020859718323,1.4256341457366943,6042624.0,3933,1880.44983029,1746460897.2571087,45.55333709716797
31384,1.0083612203598022,30.30208396911621,0.0162760429084301,0.9999999403953552,0.3109438121318817,3954,0.4361979365348816,0.569817841053009,-1.0667433738708496,1.4256341457366943,6073344.0,3953,1889.698290915,1746460906.5055628,45.55333709716797
31408,0.9222155213356018,28.876955032348633,0.017578125,0.9999999403953552,0.34694617986679077,3957,0.3964844048023224,0.569817841053009,-1.090067982673645,1.4256341457366943,6077952.0,3956,1891.093224934,1746460907.9004915,45.55333709716797
31592,0.8896657228469849,29.29036521911621,0.01692708395421505,0.9999999403953552,0.2874763011932373,3980,0.3554687798023224,0.569817841053009,-1.0837743282318115,1.4256341457366943,6113280.0,3979,1901.727897141,1746460918.5351748,45.55333709716797
31624,0.8388157486915588,27.824220657348633,0.0162760429084301,0.9999999403953552,0.23386293649673462,3984,0.3144531548023224,0.569817841053009,-1.0897325277328491,1.4256341457366943,6119424.0,3983,1903.57819822,1746460920.3855019,45.55333709716797
31696,0.8727952837944031,29.980470657348633,0.0162760429084301,0.9999999403953552,0.2501280605792999,3993,0.3489583432674408,0.569817841053009,-1.0930392742156982,1.4256341457366943,6133248.0,3992,1907.741193382,1746460924.5484734,45.55333709716797
31728,0.8627423644065857,29.553386688232422,0.015625,0.9999999403953552,0.24775861203670502,3997,0.3502604365348816,0.569817841053009,-1.0715172290802002,1.4256341457366943,6139392.0,3996,1909.591438726,1746460926.3987248,45.55333709716797
31768,0.8831960558891296,29.408855438232422,0.017578125,0.9999999403953552,0.23895186185836792,4002,0.3554687798023224,0.569817841053009,-1.09502375125885,1.4256341457366943,6147072.0,4001,1911.918508386,1746460928.7257967,45.55333709716797
31936,0.9863612651824951,29.27669334411621,0.01692708395421505,0.9999999403953552,0.26523077487945557,4023,0.4049479365348816,0.569817841053009,-1.0571417808532715,1.4256341457366943,6179328.0,4022,1921.631230985,1746460938.4385357,45.55333709716797
31960,0.9808149337768555,29.470705032348633,0.0182291679084301,0.9999999403953552,0.2514883279800415,4026,0.3906250298023224,0.569817841053009,-1.066563367843628,1.4256341457366943,6183936.0,4025,1923.018320014,1746460939.825613,45.55333709716797
31992,0.9742136001586914,28.549480438232422,0.0182291679084301,0.9999999403953552,0.2730788588523865,4030,0.4173177182674408,0.569817841053009,-1.0401169061660767,1.4256341457366943,6190080.0,4029,1924.867572452,1746460941.6748493,45.55333709716797
32072,1.0490080118179321,28.357423782348633,0.0182291679084301,0.9999999403953552,0.3239920139312744,4040,0.4492187798023224,0.569817841053009,-1.0420305728912354,1.4256341457366943,6205440.0,4039,1929.491924479,1746460946.2992043,45.55333709716797
32096,0.9713987112045288,28.406251907348633,0.017578125,0.9999999403953552,0.2597004771232605,4043,0.3867187798023224,0.569817841053009,-1.0351449251174927,1.4256341457366943,6210048.0,4042,1930.879295581,1746460947.6865864,45.55333709716797
32136,1.0056344270706177,29.476564407348633,0.015625,0.9999999403953552,0.2672900855541229,4048,0.4472656548023224,0.569817841053009,-1.008833885192871,1.4256341457366943,6217728.0,4047,1933.191724824,1746460949.9989843,45.55333709716797
32200,0.8872976303100586,27.85091209411621,0.01692708395421505,0.9999999403953552,0.259998083114624,4056,0.3658854365348816,0.569817841053009,-1.0324410200119019,1.4256341457366943,6230016.0,4055,1936.891858822,1746460953.6991334,45.55333709716797
32360,1.0021445751190186,28.881511688232422,0.0162760429084301,0.9999999403953552,0.29780954122543335,4076,0.4199219048023224,0.569817841053009,-1.0448647737503052,1.4256341457366943,6260736.0,4075,1946.141721777,1746460962.9490123,45.55333709716797
32408,0.9356582760810852,28.535158157348633,0.017578125,0.9999999403953552,0.24978792667388916,4082,0.3736979365348816,0.569817841053009,-1.0702219009399414,1.4256341457366943,6269952.0,4081,1948.916327396,1746460965.723622,45.55333709716797
32456,1.0589814186096191,29.014324188232422,0.017578125,0.9999999403953552,0.2353941798210144,4088,0.4694010615348816,0.569817841053009,-1.0324777364730835,1.4256341457366943,6279168.0,4087,1951.692255704,1746460968.499544,45.55333709716797
32632,0.9039855003356934,29.33138084411621,0.0162760429084301,0.9999999403953552,0.24732671678066254,4110,0.3645833432674408,0.569817841053009,-1.0411429405212402,1.4256341457366943,6312960.0,4109,1961.873540912,1746460978.6808202,45.55333709716797
32768,0.915972888469696,29.09114646911621,0.0182291679084301,0.9999999403953552,0.23036080598831177,4127,0.3430989682674408,0.569817841053009,-1.0054306983947754,1.4256341457366943,6339072.0,4126,1969.734088801,1746460986.5413878,45.55333709716797
32776,0.8224039077758789,27.56770896911621,0.02083333395421505,0.9999999403953552,0.2423197329044342,4128,0.3007812798023224,0.569817841053009,-1.0118563175201416,1.4256341457366943,6340608.0,4127,1970.196491833,1746460987.0037994,45.55333709716797
32800,0.830488383769989,27.977214813232422,0.01953125186264515,0.9999999403953552,0.3086724579334259,4131,0.3131510615348816,0.569817841053009,-1.010842204093933,1.4256341457366943,6345216.0,4130,1971.583857847,1746460988.3911395,45.55333709716797
32808,0.8053932189941406,29.235027313232422,0.0162760429084301,0.9999999403953552,0.3026587963104248,4132,0.2786458432674408,0.569817841053009,-1.0081496238708496,1.4256341457366943,6346752.0,4131,1972.046550547,1746460988.8538046,45.55333709716797
32888,0.8966090083122253,29.447267532348633,0.01692708395421505,0.9999999403953552,0.2419973611831665,4142,0.3678385615348816,0.569817841053009,-1.0378916263580322,1.4256341457366943,6362112.0,4141,1976.671517281,1746460993.4787853,45.55333709716797
33048,0.9068805575370789,28.625001907348633,0.015625,0.9999999403953552,0.2660670876502991,4162,0.3580729365348816,0.569817841053009,-0.999868631362915,1.4256341457366943,6392832.0,4161,1985.93295359,1746461002.740185,45.55333709716797
33080,1.0517878532409668,28.754558563232422,0.0182291679084301,0.9999999403953552,0.2548788785934448,4166,0.4570312798023224,0.569817841053009,-1.0506997108459473,1.4256341457366943,6398976.0,4165,1987.782458968,1746461004.589745,45.55333709716797
33096,0.937238335609436,27.171876907348633,0.01888020895421505,0.9999999403953552,0.25507843494415283,4168,0.3678385615348816,0.569817841053009,-1.0179853439331055,1.4256341457366943,6402048.0,4167,1988.706553389,1746461005.5138278,45.55333709716797
33144,0.973355770111084,29.49153709411621,0.0162760429084301,0.9999999403953552,0.2464979737997055,4174,0.4036458432674408,0.569817841053009,-1.0232075452804565,1.4256341457366943,6411264.0,4173,1991.481195336,1746461008.2884989,45.55333709716797
33192,1.1464282274246216,28.302736282348633,0.01888020895421505,0.9999999403953552,0.25808724761009216,4180,0.5188802480697632,0.569817841053009,-1.0197999477386475,1.4256341457366943,6420480.0,4179,1994.255055066,1746461011.0623565,45.55333709716797
33232,0.9403777122497559,27.941408157348633,0.017578125,0.9999999403953552,0.2640243172645569,4185,0.3821614682674408,0.569817841053009,-1.0334157943725586,1.4256341457366943,6428160.0,4184,1996.568452089,1746461013.3757358,45.55333709716797
33256,1.002338171005249,29.63020896911621,0.0182291679084301,0.9999999403953552,0.24118313193321228,4188,0.4166666865348816,0.569817841053009,-1.03897225856781,1.4256341457366943,6432768.0,4187,1997.956120394,1746461014.7633996,45.55333709716797
33264,0.8684588074684143,27.988283157348633,0.0201822929084301,0.9999999403953552,0.2561395764350891,4189,0.3391927182674408,0.569817841053009,-1.0339452028274536,1.4256341457366943,6434304.0,4188,1998.418457422,1746461015.2257566,45.55333709716797
33440,0.9812557101249695,28.445964813232422,0.017578125,0.9999999403953552,0.25979745388031006,4211,0.3990885615348816,0.569817841053009,-1.056447982788086,1.4256341457366943,6468096.0,4210,2008.595612352,1746461025.4028697,45.55333709716797
33520,0.9484639763832092,28.529949188232422,0.01888020895421505,0.9999999403953552,0.26234379410743713,4221,0.3652344048023224,0.569817841053009,-1.0838435888290405,1.4256341457366943,6483456.0,4220,2013.228365622,1746461030.0356698,45.55333709716797
33568,0.845185399055481,29.162761688232422,0.0162760429084301,1.0,0.2611388564109802,4227,0.3300781548023224,0.6774461269378662,-1.0926402807235718,1.5738520622253418,6492672.0,4226,2016.123714257,1746461032.930962,44.22636795043945
33744,0.7597503662109375,27.14974021911621,0.0162760429084301,1.0,0.23463624715805054,4249,0.255859375,0.6774461269378662,-1.1351354122161865,1.5738520622253418,6526464.0,4248,2026.30193976,1746461043.1092281,44.22636795043945
33856,0.8132743239402771,30.179689407348633,0.01692708395421505,1.0,0.25979331135749817,4263,0.2708333432674408,0.6774461269378662,-1.121188759803772,1.5738520622253418,6547968.0,4262,2032.775206737,1746461049.5824695,44.22636795043945
33896,0.9403826594352722,28.93099021911621,0.017578125,1.0,0.2801373600959778,4268,0.3821614682674408,0.6774461269378662,-1.089799165725708,1.5738520622253418,6555648.0,4267,2035.087544893,1746461051.8947892,44.22636795043945
33992,0.7785507440567017,27.69661521911621,0.01888020895421505,1.0,0.2513611614704132,4280,0.2858073115348816,0.6774461269378662,-1.0464426279067993,1.5738520622253418,6574080.0,4279,2040.689306513,1746461057.4965947,44.22636795043945
34096,0.9873484969139099,27.705730438232422,0.01692708395421505,1.0,0.36898988485336304,4293,0.4082031548023224,0.6774461269378662,-1.09184992313385,1.5738520622253418,6594048.0,4292,2046.701987905,1746461063.5092793,44.22636795043945
34272,0.7404585480690002,29.154298782348633,0.0162760429084301,1.0,0.2615691125392914,4315,0.2682291865348816,0.6774461269378662,-1.0994409322738647,1.5738520622253418,6627840.0,4314,2056.878760864,1746461073.6860313,44.22636795043945
34600,0.9052719473838806,29.932292938232422,0.01692708395421505,1.0,0.277728796005249,4356,0.3815104365348816,0.6774461269378662,-1.0416765213012695,1.5738520622253418,6690816.0,4355,2075.848238304,1746461092.655514,44.22636795043945
34656,0.9368247389793396,27.75520896911621,0.01692708395421505,1.0,0.2690023183822632,4363,0.3977864682674408,0.6774461269378662,-1.0717350244522095,1.5738520622253418,6701568.0,4362,2079.084149803,1746461095.8914313,44.22636795043945
35048,0.9642165899276733,28.14974021911621,0.0182291679084301,1.0,0.285669207572937,4412,0.3847656548023224,0.6774461269378662,-0.9790475368499756,1.5738520622253418,6776832.0,4411,2101.74804667,1746461118.5553527,44.22636795043945
35288,0.8169386982917786,27.93880271911621,0.017578125,1.0,0.26778918504714966,4442,0.3098958432674408,0.6774461269378662,-0.9230554699897766,1.5738520622253418,6822912.0,4441,2115.629641351,1746461132.436905,44.22636795043945
35344,0.989179790019989,28.24934959411621,0.0182291679084301,1.0,0.28583091497421265,4449,0.4244791865348816,0.6774461269378662,-0.9678119421005249,1.5738520622253418,6833664.0,4448,2118.863561999,1746461135.6708748,44.22636795043945
35400,0.8694173693656921,29.06380271911621,0.017578125,1.0,0.2763625979423523,4456,0.3307291865348816,0.6774461269378662,-0.9919454455375671,1.5738520622253418,6844416.0,4455,2122.105438707,1746461138.9127295,44.22636795043945
35504,0.958397388458252,30.039064407348633,0.015625,1.0,0.35761862993240356,4469,0.4095052182674408,0.6774461269378662,-0.9984205365180969,1.5738520622253418,6864384.0,4468,2128.115334731,1746461144.9226182,44.22636795043945
35712,0.5971184968948364,26.40559959411621,0.0182291679084301,1.0,0.3109316825866699,4495,0.1796875149011612,0.6774461269378662,-0.976325273513794,1.5738520622253418,6904320.0,4494,2140.146734231,1746461156.9540026,44.22636795043945
35888,0.9326979517936707,29.390626907348633,0.0162760429084301,1.0,0.3030357360839844,4517,0.3880208432674408,0.6774461269378662,-0.9639835357666016,1.5738520622253418,6938112.0,4516,2150.320764775,1746461167.1280565,44.22636795043945
35920,0.7663142085075378,27.148439407348633,0.01692708395421505,1.0,0.33267661929130554,4521,0.2740885615348816,0.6774461269378662,-0.9796280860900879,1.5738520622253418,6944256.0,4520,2152.169972694,1746461168.977276,44.22636795043945
36360,0.8306586742401123,29.269533157348633,0.0162760429084301,1.0,0.3519899845123291,4576,0.3235677182674408,0.6106594204902649,-1.0049089193344116,1.4900978803634644,7028736.0,4575,2177.724457586,1746461194.5317307,47.04426574707031
36392,1.0378717184066772,28.981121063232422,0.01953125186264515,1.0,0.30631470680236816,4580,0.4583333432674408,0.6106594204902649,-1.0403143167495728,1.4900978803634644,7034880.0,4579,2179.573666808,1746461196.3809555,47.04426574707031
36408,0.9659188985824585,30.021486282348633,0.01692708395421505,1.0,0.28290051221847534,4582,0.4049479365348816,0.6106594204902649,-0.9970115423202515,1.4900978803634644,7037952.0,4581,2180.500909222,1746461197.3082027,47.04426574707031
36480,1.0094846487045288,28.33138084411621,0.0182291679084301,1.0,0.29299020767211914,4591,0.4388020932674408,0.6106594204902649,-1.037268877029419,1.4900978803634644,7051776.0,4590,2184.661514487,1746461201.4687824,47.04426574707031
36496,0.9339484572410583,30.044923782348633,0.0162760429084301,1.0,0.2738495469093323,4593,0.3522135615348816,0.6106594204902649,-1.0105421543121338,1.4900978803634644,7054848.0,4592,2185.586255876,1746461202.3935094,47.04426574707031
36568,0.9988206624984741,30.117189407348633,0.017578125,1.0,0.29782307147979736,4602,0.4277344048023224,0.6106594204902649,-1.0050870180130005,1.4900978803634644,7068672.0,4601,2189.747942495,1746461206.5552433,47.04426574707031
36880,0.8360263109207153,27.494792938232422,0.0162760429084301,1.0,0.3081006705760956,4641,0.3463541865348816,0.6106594204902649,-0.9582908153533936,1.4900978803634644,7128576.0,4640,2207.798194381,1746461224.6054862,47.04426574707031
36888,0.9642499089241028,28.74153709411621,0.017578125,1.0,0.29574137926101685,4642,0.4153645932674408,0.6106594204902649,-0.9899089336395264,1.4900978803634644,7130112.0,4641,2208.260599226,1746461225.067859,47.04426574707031
37008,0.9705919027328491,29.53645896911621,0.01692708395421505,1.0,0.2881641387939453,4657,0.4166666865348816,0.6106594204902649,-1.0099172592163086,1.4900978803634644,7153152.0,4656,2215.210722042,1746461232.018003,47.04426574707031
37056,0.7422835230827332,29.768230438232422,0.01692708395421505,1.0,0.4025542438030243,4663,0.2194010466337204,0.6106594204902649,-0.965148389339447,1.4900978803634644,7162368.0,4662,2217.984809596,1746461234.792106,47.04426574707031
37112,0.9021862149238586,29.28255271911621,0.0162760429084301,1.0,0.2934243679046631,4670,0.3417969048023224,0.6106594204902649,-0.9899159669876099,1.4900978803634644,7173120.0,4669,2221.22206682,1746461238.0293572,47.04426574707031
37248,1.032313346862793,29.074220657348633,0.0182291679084301,1.0,0.2878112196922302,4687,0.4375000298023224,0.6106594204902649,-0.9306781888008118,1.4900978803634644,7199232.0,4686,2229.083499292,1746461245.8907743,47.04426574707031
37400,0.8881329298019409,28.398439407348633,0.0162760429084301,1.0,0.3577722907066345,4706,0.3235677182674408,0.6106594204902649,-0.9952949285507202,1.4900978803634644,7228416.0,4705,2237.924396806,1746461254.731657,47.04426574707031
37512,1.0429143905639648,27.71809959411621,0.01888020895421505,1.0,0.3353896141052246,4720,0.4680989682674408,0.6106594204902649,-0.9838336110115051,1.4900978803634644,7249920.0,4719,2244.39842782,1746461261.2057147,47.04426574707031
37672,0.8930701613426208,29.464845657348633,0.014322916977107525,1.0,0.30350881814956665,4740,0.3867187798023224,0.6106594204902649,-1.006075143814087,1.4900978803634644,7280640.0,4739,2253.641352657,1746461270.4486506,47.04426574707031
37768,0.9540042281150818,29.552736282348633,0.017578125,1.0,0.3175458014011383,4752,0.3854166865348816,0.6106594204902649,-1.0557700395584106,1.4900978803634644,7299072.0,4751,2259.191217538,1746461275.998519,47.04426574707031
37856,1.035506010055542,29.73372459411621,0.015625,1.0,0.3520381450653076,4763,0.4713541865348816,0.6106594204902649,-1.0592963695526123,1.4900978803634644,7315968.0,4762,2264.283855135,1746461281.0910938,47.04426574707031
37872,0.9107677340507507,28.447917938232422,0.017578125,1.0,0.37866997718811035,4765,0.3606770932674408,0.6106594204902649,-1.092729091644287,1.4900978803634644,7319040.0,4764,2265.208708156,1746461282.016005,47.04426574707031
37880,0.9841703772544861,28.402345657348633,0.0182291679084301,1.0,0.3838030695915222,4766,0.4147135615348816,0.6106594204902649,-1.0629072189331055,1.4900978803634644,7320576.0,4765,2265.67163141,1746461282.478957,47.04426574707031
37896,0.8898270726203918,28.30403709411621,0.0162760429084301,1.0,0.3930140733718872,4768,0.3600260615348816,0.6106594204902649,-1.0530853271484375,1.4900978803634644,7323648.0,4767,2266.596281439,1746461283.4035769,47.04426574707031
38048,1.033170223236084,29.753908157348633,0.01692708395421505,1.0,0.30077171325683594,4787,0.4407552182674408,0.6106594204902649,-1.0059232711791992,1.4900978803634644,7352832.0,4786,2275.385601495,1746461292.1928596,47.04426574707031
38072,0.9776462316513062,29.463542938232422,0.017578125,1.0,0.29423022270202637,4790,0.4303385615348816,0.6106594204902649,-1.0093507766723633,1.4900978803634644,7357440.0,4789,2276.77262543,1746461293.5798874,47.04426574707031
38096,1.0101096630096436,29.222658157348633,0.017578125,1.0,0.3196974992752075,4793,0.4394531548023224,0.6106594204902649,-1.038552165031433,1.4900978803634644,7362048.0,4792,2278.159866274,1746461294.9671643,47.04426574707031
38232,0.9426581263542175,29.16927146911621,0.01888020895421505,1.0,0.3804299831390381,4810,0.3736979365348816,0.6106594204902649,-1.0574963092803955,1.4900978803634644,7388160.0,4809,2286.027422155,1746461302.8347247,47.04426574707031
38248,0.9305731654167175,28.82747459411621,0.01953125186264515,1.0,0.372435063123703,4812,0.3587239682674408,0.6106594204902649,-1.0574262142181396,1.4900978803634644,7391232.0,4811,2286.953378811,1746461303.7606595,47.04426574707031
38560,0.9748396873474121,27.91927146911621,0.017578125,1.0,0.2891208529472351,4851,0.4147135615348816,0.6106594204902649,-1.0165104866027832,1.4900978803634644,7451136.0,4850,2304.99434486,1746461321.8016226,47.04426574707031
38752,0.9744433760643005,29.472658157348633,0.01692708395421505,1.0,0.2706437110900879,4875,0.3945312798023224,0.6677908897399902,-1.0230544805526733,1.5648030042648315,7488000.0,4874,2316.222392121,1746461333.0296946,44.81281661987305
38776,0.7819016575813293,27.539064407348633,0.015625,1.0,0.2741934061050415,4878,0.3014323115348816,0.6677908897399902,-1.0501842498779297,1.5648030042648315,7492608.0,4877,2317.609775143,1746461334.4170773,44.81281661987305
38848,0.8215543627738953,29.492189407348633,0.0162760429084301,1.0,0.2866341471672058,4887,0.3001302182674408,0.6677908897399902,-1.0634385347366333,1.5648030042648315,7506432.0,4886,2321.778984811,1746461338.5862908,44.81281661987305
38880,0.915543794631958,26.470705032348633,0.0162760429084301,1.0,0.2786789834499359,4891,0.3886719048023224,0.6677908897399902,-1.0243303775787354,1.5648030042648315,7512576.0,4890,2323.628831052,1746461340.436135,44.81281661987305
38896,1.068699598312378,29.108074188232422,0.01692708395421505,1.0,0.275942325592041,4893,0.4583333432674408,0.6677908897399902,-1.0125598907470703,1.5648030042648315,7515648.0,4892,2324.552721036,1746461341.3600113,44.81281661987305
38944,0.8549396991729736,27.670574188232422,0.017578125,1.0,0.37474673986434937,4899,0.3437500298023224,0.6677908897399902,-1.0117117166519165,1.5648030042648315,7524864.0,4898,2327.332984742,1746461344.1402767,44.81281661987305
39208,0.9191543459892273,28.44466209411621,0.0182291679084301,1.0,0.3523157835006714,4932,0.3756510615348816,0.6677908897399902,-1.0687685012817383,1.5648030042648315,7575552.0,4931,2342.602878611,1746461359.4101605,44.81281661987305
39256,1.0995545387268066,29.856121063232422,0.017578125,1.0,0.2635461390018463,4938,0.51171875,0.6677908897399902,-1.0233631134033203,1.5648030042648315,7584768.0,4937,2345.376975167,1746461362.184227,44.81281661987305
39504,1.0601203441619873,28.90950584411621,0.017578125,1.0,0.3042755126953125,4969,0.4563802182674408,0.6677908897399902,-1.0447235107421875,1.5648030042648315,7632384.0,4968,2359.717188844,1746461376.5245104,44.81281661987305
39848,0.9489009976387024,29.398439407348633,0.017578125,1.0,0.30056965351104736,5012,0.4010416865348816,0.6677908897399902,-1.0239486694335938,1.5648030042648315,7698432.0,5011,2379.612509473,1746461396.4197695,44.81281661987305
39992,1.0186914205551147,26.97591209411621,0.01888020895421505,1.0,0.27751079201698303,5030,0.4479166865348816,0.6677908897399902,-1.0959932804107666,1.5648030042648315,7726080.0,5029,2387.943345625,1746461404.750614,44.81281661987305
40184,0.9295090436935425,28.117839813232422,0.017578125,1.0,0.2403917908668518,5054,0.3997395932674408,0.6677908897399902,-1.0327657461166382,1.5648030042648315,7762944.0,5053,2399.045846818,1746461415.8531144,44.81281661987305
40440,0.9667384624481201,28.49934959411621,0.01692708395421505,1.0,0.26185768842697144,5086,0.4069010615348816,0.6677908897399902,-1.0266486406326294,1.5648030042648315,7812096.0,5085,2413.856133513,1746461430.6634545,44.81281661987305
40784,1.028679609298706,29.35872459411621,0.0162760429084301,1.0,0.31434088945388794,5129,0.4290364682674408,0.6677908897399902,-0.9876235723495483,1.5648030042648315,7878144.0,5128,2433.747255731,1746461450.5545328,44.81281661987305
40888,0.9693936705589294,30.324220657348633,0.01692708395421505,1.0,0.26596561074256897,5142,0.3652344048023224,0.6677908897399902,-0.9187295436859131,1.5648030042648315,7898112.0,5141,2439.803879571,1746461456.6111708,44.81281661987305
40904,0.8352535963058472,27.96419334411621,0.017578125,1.0,0.2748919725418091,5144,0.3248698115348816,0.6677908897399902,-0.981389582157135,1.5648030042648315,7901184.0,5143,2440.732268084,1746461457.539555,44.81281661987305
41000,0.9452062249183655,29.36653709411621,0.0182291679084301,1.0,0.2604944109916687,5156,0.4251302182674408,0.6677908897399902,-0.9525661468505859,1.5648030042648315,7919616.0,5155,2446.279929921,1746461463.0871708,44.81281661987305
41152,0.9639648199081421,28.603517532348633,0.01888020895421505,1.0,0.30786895751953125,5175,0.4147135615348816,0.6677908897399902,-0.988466739654541,1.5648030042648315,7948800.0,5174,2455.074890852,1746461471.8821645,44.81281661987305
41192,0.9154103994369507,29.400392532348633,0.0162760429084301,1.0,0.2734073996543884,5180,0.3652344048023224,0.6677908897399902,-0.9434168338775635,1.5648030042648315,7956480.0,5179,2457.389667029,1746461474.1966991,44.81281661987305
41208,0.8947288990020752,28.86067771911621,0.01692708395421505,1.0,0.2577114999294281,5182,0.3430989682674408,0.6677908897399902,-0.9999614357948303,1.5648030042648315,7959552.0,5181,2458.31465073,1746461475.1219213,44.81281661987305
41248,0.8839779496192932,27.480470657348633,0.017578125,1.0,0.3036050796508789,5187,0.3548177182674408,0.6677908897399902,-1.0150866508483887,1.5648030042648315,7967232.0,5186,2460.630156004,1746461477.4374413,44.81281661987305
41328,0.8752251863479614,30.40169334411621,0.01692708395421505,1.0,0.3091169595718384,5197,0.3300781548023224,0.6677908897399902,-1.026108741760254,1.5648030042648315,7982592.0,5196,2465.256949836,1746461482.0642538,44.81281661987305
41344,0.9458693861961365,29.613933563232422,0.01692708395421505,1.0,0.2930859327316284,5199,0.3925781548023224,0.6677908897399902,-1.0051276683807373,1.5648030042648315,7985664.0,5198,2466.18174962,1746461482.9890497,44.81281661987305
41432,0.8664433360099792,27.125001907348633,0.0182291679084301,1.0,0.3221220374107361,5210,0.3723958432674408,0.5984042882919312,-1.0470565557479858,1.473150372505188,8002560.0,5209,2471.390308783,1746461488.1975482,46.49113845825195
41672,0.7629938721656799,27.326824188232422,0.01888020895421505,1.0,0.29784542322158813,5240,0.2727864682674408,0.5984042882919312,-1.03010892868042,1.473150372505188,8048640.0,5239,2485.266955763,1746461502.074219,46.49113845825195
42000,0.9111179709434509,28.656251907348633,0.017578125,1.0,0.2560499608516693,5281,0.3808594048023224,0.5984042882919312,-1.010653018951416,1.473150372505188,8111616.0,5280,2504.223985853,1746461521.0313008,46.49113845825195
42176,0.8722962141036987,29.367189407348633,0.01692708395421505,1.0,0.3860945701599121,5303,0.3404948115348816,0.5984042882919312,-1.003762125968933,1.473150372505188,8145408.0,5302,2514.405817386,1746461531.2131014,46.49113845825195
42184,1.2107468843460083,28.242189407348633,0.01888020895421505,1.0,0.3310762047767639,5304,0.5696614980697632,0.5984042882919312,-0.9737851619720459,1.473150372505188,8146944.0,5303,2514.868199846,1746461531.6755075,46.49113845825195
42200,0.8521884083747864,28.83724021911621,0.01888020895421505,1.0,0.28630921244621277,5306,0.3085937798023224,0.5984042882919312,-0.9629660844802856,1.473150372505188,8150016.0,5305,2515.793146668,1746461532.600431,46.49113845825195
42304,0.9209679365158081,28.75911521911621,0.017578125,1.0,0.28204286098480225,5319,0.3756510615348816,0.5984042882919312,-0.96638023853302,1.473150372505188,8169984.0,5318,2521.811926729,1746461538.61922,46.49113845825195
42400,1.0796685218811035,30.342449188232422,0.014322916977107525,1.0,0.30253350734710693,5331,0.4817708730697632,0.5984042882919312,-0.92121422290802,1.473150372505188,8188416.0,5330,2527.364993888,1746461544.172285,46.49113845825195
42520,1.0493007898330688,29.78841209411621,0.01888020895421505,1.0,0.2788778245449066,5346,0.4563802182674408,0.5984042882919312,-0.9459393620491028,1.473150372505188,8211456.0,5345,2534.300052836,1746461551.107357,46.49113845825195
42616,0.9469154477119446,27.55989646911621,0.015625,1.0,0.33932989835739136,5358,0.4134114682674408,0.5984042882919312,-0.9735945463180542,1.473150372505188,8229888.0,5357,2539.851032803,1746461556.6583242,46.49113845825195
42648,1.1056946516036987,29.351564407348633,0.0182291679084301,1.0,0.27881163358688354,5362,0.5045573115348816,0.5984042882919312,-0.95345538854599,1.473150372505188,8236032.0,5361,2541.70101257,1746461558.5082867,46.49113845825195
42728,1.0696779489517212,29.199871063232422,0.0162760429084301,1.0,0.2706964612007141,5372,0.4921875298023224,0.5984042882919312,-1.009095549583435,1.473150372505188,8251392.0,5371,2546.324806013,1746461563.1320634,46.49113845825195
42736,0.8335641026496887,27.10091209411621,0.01888020895421505,1.0,0.2824440598487854,5373,0.3261719048023224,0.5984042882919312,-1.0191718339920044,1.473150372505188,8252928.0,5372,2546.787253215,1746461563.5945241,46.49113845825195
42744,0.9259271621704102,27.574220657348633,0.0182291679084301,1.0,0.2690546214580536,5374,0.3945312798023224,0.5984042882919312,-0.992663562297821,1.473150372505188,8254464.0,5373,2547.249883382,1746461564.0571613,46.49113845825195
42816,1.1317754983901978,29.393230438232422,0.01692708395421505,1.0,0.28365471959114075,5383,0.5358073115348816,0.5984042882919312,-0.9391248226165771,1.473150372505188,8268288.0,5382,2551.417219329,1746461568.2245138,46.49113845825195
42896,0.8956041932106018,29.154298782348633,0.01692708395421505,1.0,0.30550307035446167,5393,0.3580729365348816,0.5984042882919312,-0.9477928876876831,1.473150372505188,8283648.0,5392,2556.041084408,1746461572.848395,46.49113845825195
43232,0.9523977041244507,29.605470657348633,0.0162760429084301,1.0,0.31504935026168823,5435,0.3860677182674408,0.5984042882919312,-0.9829274415969849,1.473150372505188,8348160.0,5434,2575.477009381,1746461592.2843158,46.49113845825195
43344,0.8183759450912476,29.24153709411621,0.01888020895421505,1.0,0.39522626996040344,5449,0.28515625,0.5984042882919312,-0.9753611087799072,1.473150372505188,8369664.0,5448,2581.960644891,1746461598.767917,46.49113845825195
43440,0.8243473768234253,28.490236282348633,0.01692708395421505,1.0,0.2967708706855774,5461,0.2923177182674408,0.5984042882919312,-0.9024398326873779,1.473150372505188,8388096.0,5460,2587.510742989,1746461604.31802,46.49113845825195
43464,0.8100255727767944,28.82161521911621,0.017578125,1.0,0.2913821041584015,5464,0.2669270932674408,0.5984042882919312,-0.8884140253067017,1.473150372505188,8392704.0,5463,2588.898265515,1746461605.7055538,46.49113845825195
43528,1.0328015089035034,30.445314407348633,0.017578125,1.0,0.28066831827163696,5472,0.4335937798023224,0.5984042882919312,-0.9115515947341919,1.473150372505188,8404992.0,5471,2592.598413643,1746461609.4056852,46.49113845825195
43560,1.1158742904663086,28.90169334411621,0.01692708395421505,1.0,0.2578069567680359,5476,0.5032552480697632,0.5984042882919312,-0.8802651166915894,1.473150372505188,8411136.0,5475,2594.44827201,1746461611.2555225,46.49113845825195
43712,0.9681000113487244,29.44270896911621,0.0162760429084301,1.0,0.2788980007171631,5495,0.4127604365348816,0.5984042882919312,-0.9383829832077026,1.473150372505188,8440320.0,5494,2603.238586417,1746461620.0458913,46.49113845825195
43944,0.9569031000137329,29.51106834411621,0.01888020895421505,1.0,0.24138617515563965,5524,0.3750000298023224,0.5984042882919312,-0.9056820869445801,1.473150372505188,8484864.0,5523,2616.660973115,1746461633.4682868,46.49113845825195
44160,1.0887787342071533,30.43489646911621,0.0162760429084301,1.0,0.31409093737602234,5551,0.4772135615348816,0.6476684212684631,-0.9518330693244934,1.5349209308624268,8526336.0,5550,2629.278828604,1746461646.0861173,45.724525451660156
44184,0.8657782077789307,29.56184959411621,0.0162760429084301,1.0,0.2592547833919525,5554,0.3313802182674408,0.6476684212684631,-0.986470103263855,1.5349209308624268,8530944.0,5553,2630.670546355,1746461647.4778304,45.724525451660156
44216,1.0680731534957886,28.265626907348633,0.01692708395421505,1.0,0.24434524774551392,5558,0.4615885615348816,0.6476684212684631,-1.0109580755233765,1.5349209308624268,8537088.0,5557,2632.520966333,1746461649.3282716,45.724525451660156
44240,1.1971355676651,28.759767532348633,0.017578125,1.0,0.2424342930316925,5561,0.556640625,0.6476684212684631,-1.0240709781646729,1.5349209308624268,8541696.0,5560,2633.952634997,1746461650.7598927,45.724525451660156
44336,0.9494507312774658,28.57942771911621,0.017578125,1.0,0.2902369201183319,5573,0.4062500298023224,0.6476684212684631,-0.9802125692367554,1.5349209308624268,8560128.0,5572,2639.502817905,1746461656.310118,45.724525451660156
44352,1.0020484924316406,29.57161521911621,0.0182291679084301,1.0,0.2582321763038635,5575,0.4179687798023224,0.6476684212684631,-0.9572006464004517,1.5349209308624268,8563200.0,5574,2640.434625428,1746461657.2418704,45.724525451660156
44584,1.0182348489761353,29.182292938232422,0.01692708395421505,1.0,0.21970918774604797,5604,0.4427083432674408,0.6476684212684631,-0.9651790857315063,1.5349209308624268,8607744.0,5603,2653.848532386,1746461670.6558251,45.724525451660156
44592,1.0976375341415405,29.671876907348633,0.01888020895421505,1.0,0.2393120974302292,5605,0.505859375,0.6476684212684631,-1.0026530027389526,1.5349209308624268,8609280.0,5604,2654.311228077,1746461671.118505,45.724525451660156
44616,0.9529374241828918,28.17317771911621,0.0182291679084301,1.0,0.23382820188999176,5608,0.4231770932674408,0.6476684212684631,-0.9281166791915894,1.5349209308624268,8613888.0,5607,2655.700005313,1746461672.5072982,45.724525451660156
44640,1.0580179691314697,29.015626907348633,0.01888020895421505,1.0,0.23556917905807495,5611,0.4713541865348816,0.6476684212684631,-0.9560316801071167,1.5349209308624268,8618496.0,5610,2657.088088428,1746461673.8953936,45.724525451660156
44880,0.8887506127357483,27.931642532348633,0.01888020895421505,1.0,0.23481765389442444,5641,0.3593750298023224,0.6476684212684631,-0.9562523365020752,1.5349209308624268,8664576.0,5640,2670.961679908,1746461687.7689574,45.724525451660156
44888,1.0915313959121704,27.209636688232422,0.0201822929084301,1.0,0.2158249020576477,5642,0.4947916865348816,0.6476684212684631,-0.9330335259437561,1.5349209308624268,8666112.0,5641,2671.424137489,1746461688.2314112,45.724525451660156
45264,1.1844152212142944,29.228517532348633,0.017578125,1.0,0.23703135550022125,5689,0.5520833730697632,0.6476684212684631,-1.0025253295898438,1.5349209308624268,8738304.0,5688,2693.173434976,1746461709.980709,45.724525451660156
45280,0.8307663202285767,27.802736282348633,0.0182291679084301,1.0,0.23126274347305298,5691,0.3365885615348816,0.6476684212684631,-0.9637525081634521,1.5349209308624268,8741376.0,5690,2694.098085358,1746461710.9053955,45.724525451660156
45288,1.1613225936889648,29.990886688232422,0.017578125,1.0,0.22124075889587402,5692,0.5358073115348816,0.6476684212684631,-0.9779028296470642,1.5349209308624268,8742912.0,5691,2694.560543891,1746461711.3678408,45.724525451660156
45392,1.0933665037155151,29.61067771911621,0.017578125,1.0,0.2350970208644867,5705,0.4837239980697632,0.6476684212684631,-0.9518468379974365,1.5349209308624268,8762880.0,5704,2700.579611832,1746461717.3868964,45.724525451660156
45496,1.0422389507293701,29.068361282348633,0.017578125,1.0,0.2255977988243103,5718,0.4772135615348816,0.6476684212684631,-0.9431305527687073,1.5349209308624268,8782848.0,5717,2706.601406264,1746461723.4086962,45.724525451660156
45584,0.9787243604660034,28.136720657348633,0.01497395895421505,1.0,0.20380565524101257,5729,0.4127604365348816,0.6476684212684631,-0.94195556640625,1.5349209308624268,8799744.0,5728,2711.692724861,1746461728.4999826,45.724525451660156
45712,0.9997221231460571,27.518230438232422,0.017578125,1.0,0.2825990915298462,5745,0.4316406548023224,0.6476684212684631,-0.9524238705635071,1.5349209308624268,8824320.0,5744,2719.093039212,1746461735.900341,45.724525451660156
46208,0.9689434766769409,28.32552146911621,0.0162760429084301,1.0,0.254103422164917,5807,0.4290364682674408,0.6476684212684631,-0.9810770750045776,1.5349209308624268,8919552.0,5806,2747.791571038,1746461764.5986583,45.724525451660156
46528,1.0560153722763062,28.46028709411621,0.0182291679084301,1.0,0.24258962273597717,5847,0.4772135615348816,0.6476684212684631,-0.917798638343811,1.5349209308624268,8980992.0,5846,2766.328449752,1746461783.1357086,45.724525451660156
46536,1.0357801914215088,27.96224021911621,0.01888020895421505,1.0,0.25366267561912537,5848,0.4531250298023224,0.6476684212684631,-0.886444091796875,1.5349209308624268,8982528.0,5847,2766.7934317,1746461783.6006224,45.724525451660156
46648,0.9968717098236084,29.018230438232422,0.0182291679084301,1.0,0.2474653124809265,5862,0.4179687798023224,0.7144067883491516,-0.9397060871124268,1.6197477579116821,9004032.0,5861,2773.405852817,1746461790.2129357,44.63644027709961
46744,0.9341168403625488,29.15169334411621,0.0182291679084301,1.0,0.27042436599731445,5874,0.3886719048023224,0.7144067883491516,-0.9456777572631836,1.6197477579116821,9022464.0,5873,2778.967437891,1746461795.77455,44.63644027709961
46800,0.9956149458885193,30.158855438232422,0.0162760429084301,1.0,0.2651437520980835,5881,0.4283854365348816,0.7144067883491516,-0.9485266804695129,1.6197477579116821,9033216.0,5880,2782.210307604,1746461799.0173976,44.63644027709961
47064,0.8453123569488525,27.477214813232422,0.017578125,1.0,0.270549476146698,5914,0.3151041865348816,0.7144067883491516,-0.9566357731819153,1.6197477579116821,9083904.0,5913,2797.501456281,1746461814.308564,44.63644027709961
47144,1.093487024307251,28.811199188232422,0.0182291679084301,1.0,0.23362946510314941,5924,0.4967448115348816,0.7144067883491516,-0.9744874835014343,1.6197477579116821,9099264.0,5923,2802.132366946,1746461818.939634,44.63644027709961
47168,0.9446337223052979,29.64388084411621,0.0182291679084301,1.0,0.24428610503673553,5927,0.3932291865348816,0.7144067883491516,-0.9334912300109863,1.6197477579116821,9103872.0,5926,2803.518574243,1746461820.325857,44.63644027709961
47352,0.8197057247161865,28.584636688232422,0.017578125,1.0,0.3476874530315399,5950,0.3105469048023224,0.7144067883491516,-0.8872610926628113,1.6197477579116821,9139200.0,5949,2814.159049601,1746461830.966364,44.63644027709961
47432,1.0414751768112183,27.40559959411621,0.017578125,1.0,0.2430461347103119,5960,0.4615885615348816,0.7144067883491516,-0.8499093055725098,1.6197477579116821,9154560.0,5959,2818.785076479,1746461835.5923433,44.63644027709961
47672,1.0487629175186157,28.94466209411621,0.01692708395421505,1.0,0.30710214376449585,5990,0.4537760615348816,0.7144067883491516,-0.949902355670929,1.6197477579116821,9200640.0,5989,2832.707603731,1746461849.4710555,44.63644027709961
47960,0.9106810688972473,29.394533157348633,0.01692708395421505,1.0,0.24551329016685486,6026,0.3463541865348816,0.7144067883491516,-1.0202360153198242,1.6197477579116821,9255936.0,6025,2849.366404161,1746461866.173677,44.63644027709961
48112,0.8544715642929077,29.176433563232422,0.017578125,1.0,0.21038593351840973,6045,0.3111979365348816,0.7144067883491516,-0.9739073514938354,1.6197477579116821,9285120.0,6044,2858.15936286,1746461874.9666307,44.63644027709961
48416,0.9376671314239502,27.97395896911621,0.01888020895421505,1.0,0.24694500863552094,6083,0.3919270932674408,0.7144067883491516,-1.0210909843444824,1.6197477579116821,9343488.0,6082,2875.756438488,1746461892.5636516,44.63644027709961
48552,1.0097743272781372,27.795574188232422,0.01953125186264515,1.0,0.22641605138778687,6100,0.4192708432674408,0.7144067883491516,-1.0175811052322388,1.6197477579116821,9369600.0,6099,2883.631884843,1746461900.4390638,44.63644027709961
48616,1.1100184917449951,29.554689407348633,0.0182291679084301,1.0,0.2494942545890808,6108,0.4973958730697632,0.7144067883491516,-1.0799098014831543,1.6197477579116821,9381888.0,6107,2887.332371001,1746461904.139622,44.63644027709961
48840,1.0370806455612183,27.561199188232422,0.01953125186264515,1.0,0.23038902878761292,6136,0.4505208432674408,0.7144067883491516,-1.0140900611877441,1.6197477579116821,9424896.0,6135,2900.287710674,1746461917.0949512,44.63644027709961
48872,0.9235378503799438,29.10481834411621,0.0182291679084301,1.0,0.2443196177482605,6140,0.3632812798023224,0.7144067883491516,-1.035146951675415,1.6197477579116821,9431040.0,6139,2902.137282083,1746461918.9445176,44.63644027709961
48896,0.9390707015991211,28.792970657348633,0.01692708395421505,1.0,0.24383586645126343,6143,0.3880208432674408,0.7144067883491516,-1.0065690279006958,1.6197477579116821,9435648.0,6142,2903.526848216,1746461920.3341324,44.63644027709961
48904,1.015644907951355,27.627605438232422,0.0162760429084301,1.0,0.24485749006271362,6144,0.4511719048023224,0.7144067883491516,-1.0365808010101318,1.6197477579116821,9437184.0,6143,2903.988788719,1746461920.7960727,44.63644027709961
49024,0.9715166091918945,28.98763084411621,0.01888020895421505,1.0,0.3409038782119751,6159,0.3958333432674408,0.7144067883491516,-1.1050844192504883,1.6197477579116821,9460224.0,6158,2910.938455602,1746461927.7457526,44.63644027709961
49040,0.8682494759559631,28.531902313232422,0.01692708395421505,1.0,0.2874153256416321,6161,0.3203125298023224,0.7144067883491516,-1.0884590148925781,1.6197477579116821,9463296.0,6160,2911.862661652,1746461928.6699488,44.63644027709961
49136,0.8191938400268555,29.672527313232422,0.01692708395421505,1.0,0.2282586693763733,6173,0.2936198115348816,0.7144067883491516,-0.9710626602172852,1.6197477579116821,9481728.0,6172,2917.410917685,1746461934.218205,44.63644027709961
49144,0.9158585071563721,28.44075584411621,0.0182291679084301,1.0,0.2567199468612671,6174,0.3587239682674408,0.7144067883491516,-1.0055606365203857,1.6197477579116821,9483264.0,6173,2917.87321888,1746461934.6805284,44.63644027709961
49368,0.6763938069343567,28.584636688232422,0.017578125,1.0,0.26596617698669434,6202,0.2018229216337204,0.6691729426383972,-1.0488169193267822,1.5563653707504272,9526272.0,6201,2930.943894649,1746461947.751188,43.842105865478516
49528,0.9178466796875,27.875001907348633,0.0182291679084301,1.0,0.23117458820343018,6222,0.3821614682674408,0.6691729426383972,-1.1383216381072998,1.5563653707504272,9556992.0,6221,2940.188967618,1746461956.9962568,43.842105865478516
49584,0.9957728385925293,28.81770896911621,0.0201822929084301,1.0,0.35840582847595215,6229,0.4127604365348816,0.6691729426383972,-1.0704281330108643,1.5563653707504272,9567744.0,6228,2943.425641076,1746461960.2329245,43.842105865478516
49592,0.9448135495185852,30.058595657348633,0.017578125,1.0,0.3410000801086426,6230,0.3671875298023224,0.6691729426383972,-1.1138546466827393,1.5563653707504272,9569280.0,6229,2943.88786802,1746461960.6951642,43.842105865478516
49664,1.1472432613372803,29.045574188232422,0.0162760429084301,1.0,0.3178838789463043,6239,0.53125,0.6691729426383972,-1.0950348377227783,1.5563653707504272,9583104.0,6238,2948.046851125,1746461964.854156,43.842105865478516
49672,1.0275589227676392,29.229167938232422,0.0182291679084301,1.0,0.2753291130065918,6240,0.4479166865348816,0.6691729426383972,-1.073110818862915,1.5563653707504272,9584640.0,6239,2948.509478926,1746461965.3167768,43.842105865478516
49744,1.0822367668151855,30.562501907348633,0.01888020895421505,1.0,0.2303423285484314,6249,0.4967448115348816,0.6691729426383972,-1.0847052335739136,1.5563653707504272,9598464.0,6248,2952.667962287,1746461969.475257,43.842105865478516
50136,1.1189802885055542,28.152345657348633,0.0182291679084301,1.0,0.26327499747276306,6298,0.5182291865348816,0.6691729426383972,-1.08799409866333,1.5563653707504272,9673728.0,6297,2975.337570887,1746461992.144869,43.842105865478516
50144,1.1069635152816772,28.68880271911621,0.0182291679084301,1.0,0.29314494132995605,6299,0.505859375,0.6691729426383972,-1.081121563911438,1.5563653707504272,9675264.0,6298,2975.799886635,1746461992.6070132,43.842105865478516
50232,1.0355327129364014,28.014324188232422,0.01953125186264515,1.0,0.34914302825927734,6310,0.4361979365348816,0.6691729426383972,-1.150211215019226,1.5563653707504272,9692160.0,6309,2980.891494162,1746461997.6987817,43.842105865478516
50512,1.1301605701446533,29.484376907348633,0.017578125,1.0,0.25440096855163574,6345,0.5006510615348816,0.6691729426383972,-1.1609487533569336,1.5563653707504272,9745920.0,6344,2997.073255634,1746462013.880522,43.842105865478516
50520,1.1220273971557617,29.510417938232422,0.017578125,1.0,0.2538850009441376,6346,0.5234375,0.6691729426383972,-1.0890121459960938,1.5563653707504272,9747456.0,6345,2997.535452757,1746462014.3427405,43.842105865478516
50536,1.0224095582962036,29.654949188232422,0.01692708395421505,1.0,0.23003175854682922,6348,0.4277344048023224,0.6691729426383972,-1.0878698825836182,1.5563653707504272,9750528.0,6347,2998.460595467,1746462015.2678916,43.842105865478516
50568,1.0160303115844727,28.90364646911621,0.01953125186264515,1.0,0.2627792954444885,6352,0.4114583432674408,0.6691729426383972,-1.127418041229248,1.5563653707504272,9756672.0,6351,3000.309227283,1746462017.1165206,43.842105865478516
50744,1.133938193321228,29.08333396911621,0.01888020895421505,1.0,0.23139330744743347,6374,0.5065104365348816,0.6691729426383972,-1.1591644287109375,1.5563653707504272,9790464.0,6373,3010.482960666,1746462027.2902653,43.842105865478516
50912,1.2058074474334717,27.71028709411621,0.017578125,1.0,0.25571849942207336,6395,0.5638021230697632,0.6691729426383972,-1.058768630027771,1.5563653707504272,9822720.0,6394,3020.192560086,1746462036.9998581,43.842105865478516
51144,0.9007582664489746,27.860027313232422,0.01888020895421505,1.0,0.2785613238811493,6424,0.3567708432674408,0.6691729426383972,-1.1621100902557373,1.5563653707504272,9867264.0,6423,3033.707124075,1746462050.5144086,43.842105865478516
51224,1.124182105064392,27.589845657348633,0.01888020895421505,1.0,0.2550725042819977,6434,0.5045573115348816,0.6691729426383972,-1.1376953125,1.5563653707504272,9882624.0,6433,3038.328657237,1746462055.135942,43.842105865478516
51376,0.888373076915741,28.558595657348633,0.01888020895421505,1.0,0.30387163162231445,6453,0.3437500298023224,0.6691729426383972,-1.2143949270248413,1.5563653707504272,9911808.0,6452,3047.113429273,1746462063.92072,43.842105865478516
51416,0.9102258682250977,28.77864646911621,0.015625,1.0,0.2941150665283203,6458,0.3580729365348816,0.6691729426383972,-1.237920880317688,1.5563653707504272,9919488.0,6457,3049.423513516,1746462066.2307782,43.842105865478516
51728,1.030456304550171,27.817058563232422,0.017578125,1.0,0.27481549978256226,6497,0.4785156548023224,0.6691729426383972,-1.1787803173065186,1.5563653707504272,9979392.0,6496,3067.457272212,1746462084.2645652,43.842105865478516
51744,1.236525535583496,28.87825584411621,0.01953125186264515,1.0,0.27201274037361145,6499,0.5748698115348816,0.6691729426383972,-1.1764423847198486,1.5563653707504272,9982464.0,6498,3068.381873038,1746462085.1891758,43.842105865478516
51752,1.0264335870742798,28.854167938232422,0.01888020895421505,1.0,0.26064303517341614,6500,0.4283854365348816,0.7183319926261902,-1.1967356204986572,1.63019859790802,9984000.0,6499,3068.964332318,1746462085.77163,42.21242904663086
51824,0.7656059861183167,29.608074188232422,0.015625,1.0,0.31610414385795593,6509,0.2662760615348816,0.7183319926261902,-1.1503221988677979,1.63019859790802,9997824.0,6508,3073.125493856,1746462089.932785,42.21242904663086
