_runtime,_step,test_returned_won_episode,returned_episode,grad_steps,returned_episode_lengths,loss,returned_won_episode,test_returned_episode_lengths,test_returned_episode_returns,qvals,test_returned_episode,returned_episode_returns,env_step,_timestamp,update_steps
68.906153726,3,0.0,0.02343750186264515,0,24.082683563232422,0.0,0.0,18.266706466674805,0.026044243946671486,0.0,0.9999999403953552,0.16474604606628418,6144.0,1746201977.179209,4
69.764051257,16,0.0,0.0240885429084301,0,21.75911521911621,0.0,0.0,18.266706466674805,0.026044243946671486,0.0,0.9999999403953552,0.13673672080039978,26112.0,1746201978.037088,17
72.033855532,34,0.0,0.02473958395421505,32,23.520183563232422,0.049999069422483444,0.0,18.266706466674805,0.026044243946671486,0.07863916456699371,0.9999999403953552,0.19830119609832764,53760.0,1746201980.3069227,35
74.394576533,41,0.0,0.02539062686264515,88,24.901042938232422,0.09649252891540527,0.0,18.266706466674805,0.026044243946671486,0.05014687031507492,0.9999999403953552,0.2139308750629425,64512.0,1746201982.667648,42
76.751917798,48,0.0,0.0240885429084301,144,25.064455032348633,0.046464789658784866,0.0,18.266706466674805,0.026044243946671486,0.17108814418315887,0.9999999403953552,0.20942331850528717,75264.0,1746201985.0249672,49
79.449108492,56,0.0,0.02669270895421505,208,22.233074188232422,0.07036717981100082,0.0,18.266706466674805,0.026044243946671486,0.24756082892417908,0.9999999403953552,0.2407921552658081,87552.0,1746201987.7221673,57
80.463657343,59,0.0,0.0240885429084301,232,25.304689407348633,0.08235237002372742,0.0,18.266706466674805,0.026044243946671486,0.25706642866134644,0.9999999403953552,0.21113306283950806,92160.0,1746201988.7367196,60
81.477313358,62,0.0,0.02343750186264515,256,23.31380271911621,0.11512377113103867,0.0,18.266706466674805,0.026044243946671486,0.2852843403816223,0.9999999403953552,0.22985364496707916,96768.0,1746201989.7504058,63
88.890198274,84,0.0,0.02864583395421505,432,23.43294334411621,0.16674256324768066,0.0,18.266706466674805,0.026044243946671486,0.27488118410110474,0.9999999403953552,0.26715990900993347,130560.0,1746201997.1632917,85
98.330537889,112,0.0,0.0201822929084301,656,26.31184959411621,0.5478274822235107,0.0429687537252903,18.266706466674805,0.026044243946671486,0.3272430896759033,0.9999999403953552,0.34009870886802673,173568.0,1746202006.603594,113
99.004585547,114,0.0,0.02343750186264515,672,24.32747459411621,0.4417221248149872,0.0,18.266706466674805,0.026044243946671486,0.3435187339782715,0.9999999403953552,0.22007599472999573,176640.0,1746202007.2776394,115
105.071794299,132,0.0,0.02343750186264515,816,25.46419334411621,0.6132009625434875,0.0,18.266706466674805,0.026044243946671486,0.35257428884506226,0.9999999403953552,0.28259775042533875,204288.0,1746202013.3448524,133
107.433830396,139,0.0,0.0240885429084301,872,25.50325584411621,0.4814069867134094,0.0,18.266706466674805,0.026044243946671486,0.3362296223640442,0.9999999403953552,0.2892478406429291,215040.0,1746202015.7069082,140
112.491660395,154,0.0,0.0201822929084301,992,25.835939407348633,0.48641934990882874,0.0,18.266706466674805,0.026044243946671486,0.37875035405158997,0.9999999403953552,0.20879563689231873,238080.0,1746202020.7647214,155
113.167725835,156,0.0,0.02278645895421505,1008,26.63802146911621,0.477847158908844,0.0,18.266706466674805,0.026044243946671486,0.3619716465473175,0.9999999403953552,0.24871407449245453,241152.0,1746202021.4408197,157
114.851749194,161,0.0,0.0221354179084301,1048,25.637371063232422,0.6352684497833252,0.0,18.266706466674805,0.026044243946671486,0.39126259088516235,0.9999999403953552,0.2784857153892517,248832.0,1746202023.1248224,162
119.908517967,176,0.0,0.02473958395421505,1168,25.047527313232422,0.8513913154602051,0.0,18.266706466674805,0.026044243946671486,0.3871895670890808,0.9999999403953552,0.2701253294944763,271872.0,1746202028.1815734,177
123.956824459,188,0.0,0.02343750186264515,1264,25.82161521911621,0.9181085824966431,0.0221354179084301,18.266706466674805,0.026044243946671486,0.4007813334465027,0.9999999403953552,0.3119496703147888,290304.0,1746202032.2298715,189
126.990402841,197,0.0,0.02148437686264515,1336,28.819011688232422,0.8208036422729492,0.0,18.266706466674805,0.026044243946671486,0.3876245617866516,0.9999999403953552,0.26984384655952454,304128.0,1746202035.2634797,198
129.686854835,205,0.0,0.02278645895421505,1400,24.303386688232422,0.8073477745056152,0.0,18.266706466674805,0.026044243946671486,0.36720046401023865,0.9999999403953552,0.25921928882598877,316416.0,1746202037.9599047,206
134.417041173,219,0.0,0.0260416679084301,1512,23.960939407348633,0.5754832029342651,0.0494791679084301,18.266706466674805,0.026044243946671486,0.3741157352924347,0.9999999403953552,0.38082191348075867,337920.0,1746202042.6901097,220
134.754043676,220,0.0,0.02343750186264515,1520,27.13411521911621,0.7205390334129333,0.0,18.266706466674805,0.026044243946671486,0.3809887766838074,0.9999999403953552,0.2942112684249878,339456.0,1746202043.0271206,221
142.169048107,242,0.0,0.0221354179084301,1696,27.691408157348633,0.9554110765457153,0.0,18.266706466674805,0.026044243946671486,0.3701435327529907,0.9999999403953552,0.2779810130596161,373248.0,1746202050.442086,243
146.552160703,255,0.0,0.01953125186264515,1800,26.994142532348633,0.6202203631401062,0.0,18.266706466674805,0.026044243946671486,0.35436946153640747,0.9999999403953552,0.2755185067653656,393216.0,1746202054.8252172,256
148.238894673,260,0.0,0.0221354179084301,1840,25.174480438232422,0.6348962783813477,0.0,18.266706466674805,0.026044243946671486,0.3574433922767639,0.9999999403953552,0.241972416639328,400896.0,1746202056.5119665,261
149.585019866,264,0.0,0.02539062686264515,1872,23.22005271911621,0.7399201393127441,0.0,18.266706466674805,0.026044243946671486,0.368693083524704,0.9999999403953552,0.2645954489707947,407040.0,1746202057.8580778,265
151.610781165,270,0.0,0.02343750186264515,1920,25.941408157348633,0.7040215134620667,0.0,18.266706466674805,0.026044243946671486,0.3822091817855835,0.9999999403953552,0.2874573767185211,416256.0,1746202059.8838441,271
163.396860368,305,0.0,0.0221354179084301,2200,25.40169334411621,0.8207191228866577,0.0,18.266706466674805,0.026044243946671486,0.3696303963661194,0.9999999403953552,0.25292932987213135,470016.0,1746202071.6699002,306
165.08327791,310,0.0,0.02083333395421505,2240,27.658205032348633,0.8424668312072754,0.0,18.266706466674805,0.026044243946671486,0.374176025390625,0.9999999403953552,0.2902485132217407,477696.0,1746202073.3563385,311
168.115896448,319,0.0,0.02343750186264515,2312,23.94270896911621,0.9362616539001465,0.0,18.266706466674805,0.026044243946671486,0.3774615526199341,0.9999999403953552,0.2709936499595642,491520.0,1746202076.3889468,320
169.881912301,324,0.004750593565404415,0.02473958395421505,2352,24.850261688232422,1.9194430112838745,0.0,39.68646240234375,0.35293588042259216,0.362601637840271,1.0,0.20893494784832,499200.0,1746202078.154975,325
172.584234406,332,0.004750593565404415,0.02343750186264515,2416,25.854167938232422,1.0426080226898193,0.0,39.68646240234375,0.35293588042259216,0.39876922965049744,1.0,0.28485915064811707,511488.0,1746202080.8571494,333
178.31692069,349,0.004750593565404415,0.02148437686264515,2552,27.111980438232422,1.3770451545715332,0.0,39.68646240234375,0.35293588042259216,0.3776734471321106,1.0,0.2839885354042053,537600.0,1746202086.5899942,350
184.392678575,367,0.004750593565404415,0.01953125186264515,2696,25.443361282348633,1.20261549949646,0.0,39.68646240234375,0.35293588042259216,0.3491770625114441,1.0,0.2884902060031891,565248.0,1746202092.6657293,368
187.092914739,375,0.004750593565404415,0.0221354179084301,2760,26.88216209411621,1.1575884819030762,0.0,39.68646240234375,0.35293588042259216,0.3294604420661926,1.0,0.2782982289791107,577536.0,1746202095.365969,376
197.565290535,406,0.004750593565404415,0.02148437686264515,3008,25.354167938232422,0.8262332677841187,0.0,39.68646240234375,0.35293588042259216,0.3590799570083618,1.0,0.2149123251438141,625152.0,1746202105.8383698,407
198.241311,408,0.004750593565404415,0.02278645895421505,3024,24.597658157348633,0.770368218421936,0.0,39.68646240234375,0.35293588042259216,0.35682928562164307,1.0,0.2560252249240875,628224.0,1746202106.5143862,409
205.766124331,430,0.004750593565404415,0.02083333395421505,3200,27.434246063232422,0.6582064628601074,0.0,39.68646240234375,0.35293588042259216,0.31072136759757996,1.0,0.30287453532218933,662016.0,1746202114.0391781,431
207.455050273,435,0.004750593565404415,0.02148437686264515,3240,27.61849021911621,0.5693317651748657,0.0,39.68646240234375,0.35293588042259216,0.29869821667671204,1.0,0.3302335739135742,669696.0,1746202115.7281332,436
211.506001261,447,0.004750593565404415,0.02083333395421505,3336,27.998048782348633,0.6026602387428284,0.0,39.68646240234375,0.35293588042259216,0.29054534435272217,1.0,0.2922438979148865,688128.0,1746202119.778963,448
216.570184504,462,0.004750593565404415,0.02343750186264515,3456,26.18489646911621,0.5587466955184937,0.0,39.68646240234375,0.35293588042259216,0.288756787776947,1.0,0.3050307035446167,711168.0,1746202124.8432388,463
229.051560326,499,0.004750593565404415,0.0221354179084301,3752,27.77083396911621,0.5533308982849121,0.02539062686264515,39.68646240234375,0.35293588042259216,0.344163179397583,1.0,0.35560134053230286,768000.0,1746202137.3246095,500
231.415705224,506,0.004750593565404415,0.02148437686264515,3808,26.328777313232422,0.5631868243217468,0.0,39.68646240234375,0.35293588042259216,0.3574370741844177,1.0,0.33035406470298767,778752.0,1746202139.688784,507
234.451989404,515,0.004750593565404415,0.0201822929084301,3880,26.35481834411621,0.40029066801071167,0.017578125,39.68646240234375,0.35293588042259216,0.3418249785900116,1.0,0.38518792390823364,792576.0,1746202142.7250316,516
238.498454327,527,0.004750593565404415,0.02148437686264515,3976,26.642580032348633,0.416017085313797,0.014322916977107525,39.68646240234375,0.35293588042259216,0.3848326802253723,1.0,0.4581681489944458,811008.0,1746202146.771521,528
243.217151067,541,0.004750593565404415,0.01888020895421505,4088,26.65755271911621,0.38941383361816406,0.0325520858168602,39.68646240234375,0.35293588042259216,0.3564443588256836,1.0,0.4399782121181488,832512.0,1746202151.4902341,542
253.008073491,570,0.004750593565404415,0.0201822929084301,4320,28.166667938232422,0.3181735873222351,0.013671875931322575,39.68646240234375,0.35293588042259216,0.3367488384246826,1.0,0.40390634536743164,877056.0,1746202161.281131,571
253.683933463,572,0.004750593565404415,0.01953125186264515,4336,27.359376907348633,0.283031165599823,0.0,39.68646240234375,0.35293588042259216,0.3569782078266144,1.0,0.41860198974609375,880128.0,1746202161.9569921,573
256.045365475,579,0.004750593565404415,0.015625,4392,26.09114646911621,0.2754236161708832,0.0527343787252903,39.68646240234375,0.35293588042259216,0.38524702191352844,1.0,0.44440048933029175,890880.0,1746202164.3184536,580
273.582313628,631,0.004750593565404415,0.0162760429084301,4808,29.432292938232422,0.2298995852470398,0.0729166716337204,39.68646240234375,0.35293588042259216,0.37817731499671936,1.0,0.5142159461975098,970752.0,1746202181.8553784,632
275.944795394,638,0.004750593565404415,0.0182291679084301,4864,27.322267532348633,0.2973029613494873,0.1048177108168602,39.68646240234375,0.35293588042259216,0.40777909755706787,1.0,0.543872594833374,981504.0,1746202184.2178397,639
278.643242428,646,0.004750593565404415,0.01888020895421505,4928,27.82942771911621,0.371831476688385,0.0397135429084301,39.68646240234375,0.35293588042259216,0.3773842453956604,1.0,0.3962666392326355,993792.0,1746202186.9163008,647
297.967662036,703,0.0876338854432106,0.0162760429084301,5384,27.526042938232422,0.5538938045501709,0.130859375,47.36124801635742,0.7485652565956116,0.3497832715511322,1.0,0.529393196105957,1081344.0,1746202206.240753,704
298.304578292,704,0.0876338854432106,0.015625,5392,28.064455032348633,0.3821676969528198,0.0579427108168602,47.36124801635742,0.7485652565956116,0.34313100576400757,1.0,0.4946698546409607,1082880.0,1746202206.577664,705
300.668138575,711,0.0876338854432106,0.01692708395421505,5448,27.16536521911621,0.9061381220817566,0.1106770858168602,47.36124801635742,0.7485652565956116,0.37454915046691895,1.0,0.532787024974823,1093632.0,1746202208.9412074,712
301.004856997,712,0.0876338854432106,0.02083333395421505,5456,26.596355438232422,0.7260967493057251,0.0774739608168602,47.36124801635742,0.7485652565956116,0.3492859899997711,1.0,0.5170910358428955,1095168.0,1746202209.2779176,713
308.423615903,734,0.0876338854432106,0.01692708395421505,5632,29.13997459411621,0.33933693170547485,0.1022135466337204,47.36124801635742,0.7485652565956116,0.28006529808044434,1.0,0.51654052734375,1128960.0,1746202216.6966825,735
315.525575582,755,0.0876338854432106,0.015625,5800,29.572917938232422,0.3619392514228821,0.0,47.36124801635742,0.7485652565956116,0.30367177724838257,1.0,0.3880580961704254,1161216.0,1746202223.7986372,756
324.97891006,783,0.0876338854432106,0.0221354179084301,6024,27.766277313232422,0.2864293158054352,0.1888020932674408,47.36124801635742,0.7485652565956116,0.3101019263267517,1.0,0.7249428033828735,1204224.0,1746202233.2519565,784
325.991789884,786,0.0876338854432106,0.0201822929084301,6048,25.758464813232422,0.3115060031414032,0.0709635466337204,47.36124801635742,0.7485652565956116,0.30923521518707275,1.0,0.5148953199386597,1208832.0,1746202234.2648325,787
337.128607766,819,0.0876338854432106,0.017578125,6312,28.186199188232422,0.4749089479446411,0.1093750074505806,47.36124801635742,0.7485652565956116,0.26771920919418335,1.0,0.492098331451416,1259520.0,1746202245.4016824,820
353.365433823,867,0.0876338854432106,0.01953125186264515,6696,26.253908157348633,0.3915787935256958,0.1295572966337204,47.36124801635742,0.7485652565956116,0.2878322899341583,1.0,0.5605375170707703,1333248.0,1746202261.6385078,868
356.064523061,875,0.0876338854432106,0.015625,6760,27.46614646911621,0.4165595769882202,0.2011718899011612,47.36124801635742,0.7485652565956116,0.3508162498474121,1.0,0.65290766954422,1345536.0,1746202264.3375916,876
362.807621634,895,0.0876338854432106,0.0162760429084301,6920,25.660158157348633,0.3852492570877075,0.2174479216337204,47.36124801635742,0.7485652565956116,0.3375377953052521,1.0,0.6618725061416626,1376256.0,1746202271.0806837,896
365.846395109,904,0.0876338854432106,0.0182291679084301,6992,26.760417938232422,0.30346062779426575,0.1718750149011612,47.36124801635742,0.7485652565956116,0.3054150342941284,1.0,0.6951871514320374,1390080.0,1746202274.119475,905
368.213834347,911,0.0876338854432106,0.017578125,7048,28.746746063232422,0.3886564373970032,0.1497395932674408,47.36124801635742,0.7485652565956116,0.2894899249076843,1.0,0.6232548952102661,1400832.0,1746202276.4869144,912
379.003114643,943,0.0876338854432106,0.02083333395421505,7304,27.965496063232422,0.38199055194854736,0.1601562649011612,47.36124801635742,0.7485652565956116,0.2532081604003906,1.0,0.6801313161849976,1449984.0,1746202287.2761745,944
389.118216707,973,0.0876338854432106,0.0182291679084301,7544,25.73958396911621,0.42290276288986206,0.2233072966337204,47.36124801635742,0.7485652565956116,0.2218175232410431,1.0,0.6453337073326111,1496064.0,1746202297.391297,974
402.350185181,1012,0.3447955548763275,0.017578125,7856,27.333986282348633,0.38183343410491943,0.1809895932674408,46.81505584716797,1.1325405836105347,0.23162293434143066,1.0,0.6322863101959229,1555968.0,1746202310.6232672,1013
406.06220087,1023,0.3447955548763275,0.01888020895421505,7944,26.56184959411621,0.42214810848236084,0.3046875298023224,46.81505584716797,1.1325405836105347,0.22650904953479767,1.0,0.8569345474243164,1572864.0,1746202314.335256,1024
412.491742298,1042,0.3447955548763275,0.01888020895421505,8096,29.11653709411621,0.46107470989227295,0.0924479216337204,46.81505584716797,1.1325405836105347,0.17600077390670776,1.0,0.5812724232673645,1602048.0,1746202320.7648,1043
413.844115851,1046,0.3447955548763275,0.01692708395421505,8128,27.593751907348633,0.4454919397830963,0.2356770932674408,46.81505584716797,1.1325405836105347,0.16581179201602936,1.0,0.7486900687217712,1608192.0,1746202322.1171868,1047
414.182598881,1047,0.3447955548763275,0.0201822929084301,8136,27.404949188232422,0.4610086679458618,0.1998697966337204,46.81505584716797,1.1325405836105347,0.16930828988552094,1.0,0.7115569710731506,1609728.0,1746202322.4556704,1048
415.532428698,1051,0.3447955548763275,0.01497395895421505,8168,28.317058563232422,0.3992586135864258,0.1158854216337204,46.81505584716797,1.1325405836105347,0.17564791440963745,1.0,0.5625233054161072,1615872.0,1746202323.8055053,1052
438.81793982,1120,0.3447955548763275,0.01888020895421505,8720,29.086589813232422,0.49725067615509033,0.2226562649011612,46.81505584716797,1.1325405836105347,0.2068437933921814,1.0,0.7494086623191833,1721856.0,1746202347.0910077,1121
441.17676916,1127,0.3447955548763275,0.0201822929084301,8776,28.18099021911621,0.7336769700050354,0.2473958432674408,46.81505584716797,1.1325405836105347,0.23561495542526245,1.0,0.808871328830719,1732608.0,1746202349.4498346,1128
452.975934031,1162,0.3447955548763275,0.01888020895421505,9056,28.16145896911621,0.6479713320732117,0.3411458432674408,46.81505584716797,1.1325405836105347,0.198729008436203,1.0,0.9267885088920593,1786368.0,1746202361.2490103,1163
456.015282493,1171,0.3447955548763275,0.0182291679084301,9128,27.762371063232422,0.5880135297775269,0.27734375,46.81505584716797,1.1325405836105347,0.17647472023963928,1.0,0.7858225703239441,1800192.0,1746202364.288367,1172
457.362627545,1175,0.3447955548763275,0.017578125,9160,25.64974021911621,0.595806896686554,0.3619791865348816,46.81505584716797,1.1325405836105347,0.1872456818819046,1.0,0.8578760623931885,1806336.0,1746202365.6356938,1176
461.076134772,1186,0.3447955548763275,0.0182291679084301,9248,25.77083396911621,0.5207849740982056,0.2942708432674408,46.81505584716797,1.1325405836105347,0.1774044632911682,1.0,0.7402904629707336,1823232.0,1746202369.3491755,1187
461.413385594,1187,0.3447955548763275,0.0201822929084301,9256,26.350261688232422,0.4775156080722809,0.3157552182674408,46.81505584716797,1.1325405836105347,0.22239753603935242,1.0,0.8421265482902527,1824768.0,1746202369.6864417,1188
465.461095663,1199,0.3447955548763275,0.0162760429084301,9352,27.553386688232422,0.479948490858078,0.1595052182674408,46.81505584716797,1.1325405836105347,0.22929272055625916,1.0,0.5592248439788818,1843200.0,1746202373.7341688,1200
467.489789615,1205,0.3447955548763275,0.0201822929084301,9400,25.20052146911621,0.6756433248519897,0.3040364682674408,46.81505584716797,1.1325405836105347,0.2394556999206543,1.0,0.8595460653305054,1852416.0,1746202375.7628646,1206
471.880210542,1218,0.3447955548763275,0.01888020895421505,9504,26.17903709411621,0.5599105358123779,0.1770833432674408,46.81505584716797,1.1325405836105347,0.21527446806430817,1.0,0.6701636910438538,1872384.0,1746202380.153207,1219
474.579438441,1226,0.3447955548763275,0.01953125186264515,9568,24.78059959411621,0.665317952632904,0.1601562649011612,46.81505584716797,1.1325405836105347,0.25749510526657104,1.0,0.5990229845046997,1884672.0,1746202382.8525014,1227
476.942133194,1233,0.3447955548763275,0.0201822929084301,9624,27.984376907348633,0.5765166878700256,0.3144531548023224,46.81505584716797,1.1325405836105347,0.24822935461997986,1.0,0.8652897477149963,1895424.0,1746202385.2151895,1234
477.61776932,1235,0.3447955548763275,0.01953125186264515,9640,26.67122459411621,0.616732656955719,0.1653645932674408,46.81505584716797,1.1325405836105347,0.26208528876304626,1.0,0.6209030747413635,1898496.0,1746202385.8908396,1236
480.9908155,1245,0.3447955548763275,0.017578125,9720,27.490236282348633,0.5989347696304321,0.2701823115348816,46.81505584716797,1.1325405836105347,0.24305520951747894,1.0,0.782545268535614,1913856.0,1746202389.2638865,1246
482.678363361,1250,0.3447955548763275,0.01888020895421505,9760,25.545574188232422,0.6303980350494385,0.3157552182674408,46.81505584716797,1.1325405836105347,0.26683667302131653,1.0,0.8314113020896912,1921536.0,1746202390.9514256,1251
488.080242429,1266,0.3447955548763275,0.0182291679084301,9888,28.187501907348633,0.587027907371521,0.3391927182674408,46.81505584716797,1.1325405836105347,0.24878402054309845,1.0,0.8959401249885559,1946112.0,1746202396.3532603,1267
496.562112211,1291,0.3447955548763275,0.01888020895421505,10088,26.684246063232422,0.5981230735778809,0.1829427182674408,46.81505584716797,1.1325405836105347,0.22435927391052246,1.0,0.6695277094841003,1984512.0,1746202404.8351884,1292
498.585130288,1297,0.3447955548763275,0.01888020895421505,10136,27.162111282348633,0.6057130098342896,0.28515625,46.81505584716797,1.1325405836105347,0.2230045646429062,1.0,0.8212369680404663,1993728.0,1746202406.85819,1298
500.351677856,1302,0.4879000782966614,0.01953125186264515,10176,26.606121063232422,0.5574843883514404,0.3880208432674408,41.221702575683594,1.3186475038528442,0.21071560680866241,1.0,0.9809128046035767,2001408.0,1746202408.6247437,1303
506.762773404,1321,0.4879000782966614,0.01953125186264515,10328,26.666667938232422,0.48339635133743286,0.3398437798023224,41.221702575683594,1.3186475038528442,0.2448546290397644,1.0,0.924898087978363,2030592.0,1746202415.0358613,1322
509.798593943,1330,0.4879000782966614,0.01953125186264515,10400,28.502605438232422,0.5204320549964905,0.4270833432674408,41.221702575683594,1.3186475038528442,0.2680445611476898,1.0,1.0312162637710571,2044416.0,1746202418.071669,1331
512.836000519,1339,0.4879000782966614,0.017578125,10472,26.15559959411621,0.4934041202068329,0.2825520932674408,41.221702575683594,1.3186475038528442,0.21997982263565063,1.0,0.7620890140533447,2058240.0,1746202421.1090755,1340
513.508890146,1341,0.4879000782966614,0.0201822929084301,10488,24.44466209411621,0.6579399108886719,0.3085937798023224,41.221702575683594,1.3186475038528442,0.23298916220664978,1.0,0.8190205693244934,2061312.0,1746202421.7819445,1342
518.234151957,1355,0.4879000782966614,0.0221354179084301,10600,26.354167938232422,0.6638178825378418,0.2369791716337204,41.221702575683594,1.3186475038528442,0.22059758007526398,1.0,0.7381626963615417,2082816.0,1746202426.5072494,1356
527.014695887,1381,0.4879000782966614,0.02278645895421505,10808,25.131511688232422,0.5898972153663635,0.3548177182674408,41.221702575683594,1.3186475038528442,0.20864243805408478,1.0,0.9021008014678955,2122752.0,1746202435.287723,1382
527.688931968,1383,0.4879000782966614,0.0201822929084301,10824,26.49153709411621,0.6008424758911133,0.2233072966337204,41.221702575683594,1.3186475038528442,0.1962842047214508,1.0,0.7347368597984314,2125824.0,1746202435.9619844,1384
531.739154872,1395,0.4879000782966614,0.01953125186264515,10920,27.721355438232422,0.5809783339500427,0.2356770932674408,41.221702575683594,1.3186475038528442,0.20966140925884247,1.0,0.7325432896614075,2144256.0,1746202440.012224,1396
534.105069409,1402,0.4879000782966614,0.0201822929084301,10976,27.959636688232422,0.5802260637283325,0.4648437798023224,41.221702575683594,1.3186475038528442,0.21677815914154053,1.0,1.0456292629241943,2155008.0,1746202442.3781207,1403
536.131541951,1408,0.4879000782966614,0.01497395895421505,11024,27.30013084411621,0.5811019539833069,0.2571614682674408,41.221702575683594,1.3186475038528442,0.2151448279619217,1.0,0.7579555511474609,2164224.0,1746202444.4046211,1409
541.195778982,1423,0.4879000782966614,0.01692708395421505,11144,28.304689407348633,0.6053231954574585,0.2369791716337204,41.221702575683594,1.3186475038528442,0.24786803126335144,1.0,0.7348917126655579,2187264.0,1746202449.468838,1424
547.258641337,1441,0.4879000782966614,0.01692708395421505,11288,28.57552146911621,0.4401324391365051,0.1914062649011612,41.221702575683594,1.3186475038528442,0.22117365896701813,1.0,0.7150393724441528,2214912.0,1746202455.5317163,1442
548.268479105,1444,0.4879000782966614,0.01953125186264515,11312,27.91341209411621,0.481953889131546,0.3990885615348816,41.221702575683594,1.3186475038528442,0.22400332987308502,1.0,1.002107858657837,2219520.0,1746202456.541563,1445
555.686703495,1466,0.4879000782966614,0.01888020895421505,11488,27.26106834411621,0.47011518478393555,0.1985677182674408,41.221702575683594,1.3186475038528442,0.2665082812309265,1.0,0.6860002279281616,2253312.0,1746202463.9597821,1467
558.048678595,1473,0.4879000782966614,0.0162760429084301,11544,27.475261688232422,0.48841437697410583,0.2213541716337204,41.221702575683594,1.3186475038528442,0.2680469751358032,1.0,0.7064956426620483,2264064.0,1746202466.3217397,1474
562.765418893,1487,0.4879000782966614,0.0182291679084301,11656,28.418621063232422,0.613205075263977,0.3593750298023224,41.221702575683594,1.3186475038528442,0.2652175724506378,1.0,0.9431523084640503,2285568.0,1746202471.0384927,1488
573.576871892,1519,0.4879000782966614,0.0182291679084301,11912,27.980470657348633,0.7188248634338379,0.4414062798023224,41.221702575683594,1.3186475038528442,0.2581815719604492,1.0,1.0755903720855713,2334720.0,1746202481.8498971,1520
575.941220526,1526,0.4879000782966614,0.0240885429084301,11968,26.40169334411621,0.6161090135574341,0.2845052182674408,41.221702575683594,1.3186475038528442,0.2514535188674927,1.0,0.8230966329574585,2345472.0,1746202484.214308,1527
578.30603442,1533,0.4879000782966614,0.01888020895421505,12024,25.238283157348633,0.6202868223190308,0.4114583432674408,41.221702575683594,1.3186475038528442,0.248665452003479,1.0,0.9634205102920532,2356224.0,1746202486.5790708,1534
583.036065208,1547,0.4879000782966614,0.02148437686264515,12136,25.568361282348633,0.6783895492553711,0.27734375,41.221702575683594,1.3186475038528442,0.2458800971508026,1.0,0.78080153465271,2377728.0,1746202491.3091247,1548
583.371984728,1548,0.4879000782966614,0.01888020895421505,12144,29.514324188232422,0.6166349053382874,0.2727864682674408,41.221702575683594,1.3186475038528442,0.23912641406059265,1.0,0.7978542447090149,2379264.0,1746202491.6450438,1549
590.447581043,1569,0.4879000782966614,0.017578125,12312,29.92317771911621,0.650031566619873,0.27734375,41.221702575683594,1.3186475038528442,0.2242564707994461,1.0,0.829964280128479,2411520.0,1746202498.7206488,1570
592.470416018,1575,0.4879000782966614,0.02083333395421505,12360,27.22591209411621,0.7244246006011963,0.3066406548023224,41.221702575683594,1.3186475038528442,0.24272117018699646,1.0,0.8737417459487915,2420736.0,1746202500.7434886,1576
597.529878168,1590,0.4879000782966614,0.0182291679084301,12480,28.33528709411621,0.8808649182319641,0.2994791865348816,41.221702575683594,1.3186475038528442,0.23266614973545074,1.0,0.8515611290931702,2443776.0,1746202505.8029482,1591
600.904947769,1600,0.4879000782966614,0.0201822929084301,12560,26.863283157348633,0.7694405317306519,0.2291666716337204,41.221702575683594,1.3186475038528442,0.23436564207077026,1.0,0.7209086418151855,2459136.0,1746202509.1780145,1601
602.589874457,1605,0.4879000782966614,0.015625,12600,28.56770896911621,0.7316792011260986,0.1914062649011612,41.221702575683594,1.3186475038528442,0.206670343875885,1.0,0.6989100575447083,2466816.0,1746202510.862944,1606
606.632437878,1617,0.4879000782966614,0.01692708395421505,12696,28.094402313232422,0.8065990805625916,0.2578125,41.221702575683594,1.3186475038528442,0.2400246262550354,1.0,0.7721478939056396,2485248.0,1746202514.9055288,1618
606.969723699,1618,0.4879000782966614,0.01953125186264515,12704,27.619142532348633,0.828803300857544,0.2623698115348816,41.221702575683594,1.3186475038528442,0.24945950508117676,1.0,0.7731935381889343,2486784.0,1746202515.2427995,1619
614.134000763,1639,0.5195020437240601,0.0182291679084301,12872,28.10286521911621,0.9367976188659668,0.3535156548023224,43.223236083984375,1.3639564514160156,0.2478540688753128,1.0,0.8850719928741455,2519040.0,1746202522.4070735,1640
614.807377859,1641,0.5195020437240601,0.01888020895421505,12888,26.501955032348633,0.8835726976394653,0.3411458432674408,43.223236083984375,1.3639564514160156,0.2535073161125183,1.0,0.8928418755531311,2522112.0,1746202523.0804422,1642
615.819779781,1644,0.5195020437240601,0.01692708395421505,12912,27.916017532348633,1.0445106029510498,0.2721354365348816,43.223236083984375,1.3639564514160156,0.2516116201877594,1.0,0.760408341884613,2526720.0,1746202524.0925941,1645
617.50105916,1649,0.5195020437240601,0.02083333395421505,12952,26.358074188232422,0.9881352186203003,0.3470052182674408,43.223236083984375,1.3639564514160156,0.26411956548690796,1.0,0.8753224015235901,2534400.0,1746202525.7741208,1650
618.844035565,1653,0.5195020437240601,0.01953125186264515,12984,27.281902313232422,0.8279455900192261,0.2721354365348816,43.223236083984375,1.3639564514160156,0.23555544018745422,1.0,0.7827436327934265,2540544.0,1746202527.1171103,1654
622.219240544,1663,0.5195020437240601,0.0162760429084301,13064,26.30794334411621,0.8166464567184448,0.3424479365348816,43.223236083984375,1.3639564514160156,0.2287641018629074,1.0,0.8672195672988892,2555904.0,1746202530.4923077,1664
632.327982465,1693,0.5195020437240601,0.015625,13304,27.17122459411621,0.8316558003425598,0.2298177182674408,43.223236083984375,1.3639564514160156,0.20887023210525513,1.0,0.7082732915878296,2601984.0,1746202540.6010287,1694
644.500445373,1729,0.5195020437240601,0.017578125,13592,26.771486282348633,0.7339973449707031,0.2805989682674408,43.223236083984375,1.3639564514160156,0.19874277710914612,1.0,0.8061917424201965,2657280.0,1746202552.7735019,1730
644.837054379,1730,0.5195020437240601,0.0182291679084301,13600,28.867839813232422,0.8728553652763367,0.3164062798023224,43.223236083984375,1.3639564514160156,0.2191208004951477,1.0,0.8632020950317383,2658816.0,1746202553.1101322,1731
646.187254374,1734,0.5195020437240601,0.01692708395421505,13632,29.012371063232422,0.7012242078781128,0.2207031399011612,43.223236083984375,1.3639564514160156,0.17849668860435486,1.0,0.7126681208610535,2664960.0,1746202554.460333,1735
649.894699536,1745,0.5195020437240601,0.0182291679084301,13720,29.044923782348633,0.7542313933372498,0.279296875,43.223236083984375,1.3639564514160156,0.21220330893993378,1.0,0.822771430015564,2681856.0,1746202558.1677642,1746
650.908444936,1748,0.5195020437240601,0.01888020895421505,13744,28.971355438232422,0.7446709871292114,0.2480468899011612,43.223236083984375,1.3639564514160156,0.21927103400230408,1.0,0.7254604697227478,2686464.0,1746202559.1815226,1749
655.963144408,1763,0.5195020437240601,0.01888020895421505,13864,27.54817771911621,0.7275674343109131,0.2382812649011612,43.223236083984375,1.3639564514160156,0.23553988337516785,1.0,0.7356904745101929,2709504.0,1746202564.2362163,1764
658.322965602,1770,0.5195020437240601,0.0182291679084301,13920,28.240886688232422,0.723935604095459,0.2460937649011612,43.223236083984375,1.3639564514160156,0.22024208307266235,1.0,0.7320332527160645,2720256.0,1746202566.5960374,1771
679.923271763,1834,0.5195020437240601,0.0201822929084301,14432,27.24739646911621,0.5514348745346069,0.2018229216337204,43.223236083984375,1.3639564514160156,0.20969867706298828,1.0,0.6934067010879517,2818560.0,1746202588.1963396,1835
688.016270999,1858,0.5195020437240601,0.0182291679084301,14624,27.84700584411621,0.7319697141647339,0.4205729365348816,43.223236083984375,1.3639564514160156,0.19147749245166779,1.0,0.9694455862045288,2855424.0,1746202596.2893474,1859
694.089364925,1876,0.5195020437240601,0.02083333395421505,14768,27.080080032348633,0.5624496936798096,0.1582031399011612,43.223236083984375,1.3639564514160156,0.19799235463142395,1.0,0.6417403221130371,2883072.0,1746202602.3624282,1877
704.878366982,1908,0.5195020437240601,0.01888020895421505,15024,27.53059959411621,0.5621224641799927,0.2871094048023224,43.223236083984375,1.3639564514160156,0.1844029426574707,1.0,0.7959104180335999,2932224.0,1746202613.1514056,1909
705.890248171,1911,0.5195020437240601,0.0182291679084301,15048,28.39778709411621,0.5428811311721802,0.1959635466337204,43.223236083984375,1.3639564514160156,0.19415998458862305,1.0,0.6965514421463013,2936832.0,1746202614.1633365,1912
707.571352154,1916,0.5195020437240601,0.0182291679084301,15088,27.74544334411621,0.6379505395889282,0.3404948115348816,43.223236083984375,1.3639564514160156,0.18105162680149078,1.0,0.8811249136924744,2944512.0,1746202615.844433,1917
713.985095088,1935,0.5195020437240601,0.01953125186264515,15240,26.49153709411621,0.630282998085022,0.263671875,43.223236083984375,1.3639564514160156,0.1901349425315857,1.0,0.7926194667816162,2973696.0,1746202622.2581742,1936
715.668676591,1940,0.5195020437240601,0.01953125186264515,15280,28.30989646911621,0.5938078165054321,0.4225260615348816,43.223236083984375,1.3639564514160156,0.21008610725402832,1.0,0.9912468194961548,2981376.0,1746202623.9417586,1941
720.814552863,1955,0.5390557646751404,0.01953125186264515,15400,27.69270896911621,0.47647711634635925,0.2747395932674408,44.94763946533203,1.3883166313171387,0.16957709193229675,1.0,0.7901059985160828,3004416.0,1746202629.0875838,1956
722.837143667,1961,0.5390557646751404,0.01497395895421505,15448,30.257814407348633,0.48072922229766846,0.3645833432674408,44.94763946533203,1.3883166313171387,0.19467806816101074,1.0,0.9466801285743713,3013632.0,1746202631.1102078,1962
724.52209096,1966,0.5390557646751404,0.0182291679084301,15488,28.16145896911621,0.5069185495376587,0.3496094048023224,44.94763946533203,1.3883166313171387,0.1806449294090271,1.0,0.9225712418556213,3021312.0,1746202632.7951539,1967
727.218675411,1974,0.5390557646751404,0.015625,15552,29.40364646911621,0.5699664354324341,0.2949219048023224,44.94763946533203,1.3883166313171387,0.15457122027873993,1.0,0.8456481695175171,3033600.0,1746202635.4916608,1975
731.603535725,1987,0.5390557646751404,0.01888020895421505,15656,28.065105438232422,0.5752993822097778,0.3072916865348816,44.94763946533203,1.3883166313171387,0.17228206992149353,1.0,0.8387668132781982,3053568.0,1746202639.8766088,1988
732.277426457,1989,0.5390557646751404,0.01888020895421505,15672,25.99739646911621,0.5779478549957275,0.3782552182674408,44.94763946533203,1.3883166313171387,0.16967955231666565,1.0,0.9455589652061462,3056640.0,1746202640.5504885,1990
732.951506788,1991,0.5390557646751404,0.01888020895421505,15688,28.38411521911621,0.5451353788375854,0.3997395932674408,44.94763946533203,1.3883166313171387,0.18291951715946198,1.0,0.9746542572975159,3059712.0,1746202641.224579,1992
740.711473555,2014,0.5390557646751404,0.0162760429084301,15872,30.526695251464844,0.6585698127746582,0.28515625,44.94763946533203,1.3883166313171387,0.17300423979759216,1.0,0.8053674697875977,3095040.0,1746202648.984533,2015
741.385034505,2016,0.5390557646751404,0.01888020895421505,15888,27.007814407348633,0.6302618980407715,0.3860677182674408,44.94763946533203,1.3883166313171387,0.18886713683605194,1.0,0.913428008556366,3098112.0,1746202649.6581018,2017
757.571516325,2064,0.5390557646751404,0.01692708395421505,16272,27.940105438232422,0.4511716961860657,0.3053385615348816,44.94763946533203,1.3883166313171387,0.12995457649230957,1.0,0.8027794361114502,3171840.0,1746202665.8445768,2065
757.909427609,2065,0.5390557646751404,0.017578125,16280,28.927736282348633,0.43624091148376465,0.2213541716337204,44.94763946533203,1.3883166313171387,0.1323031783103943,1.0,0.6992266774177551,3173376.0,1746202666.1825042,2066
769.038400687,2098,0.5390557646751404,0.015625,16544,28.770183563232422,0.4884750545024872,0.2864583432674408,44.94763946533203,1.3883166313171387,0.1385791152715683,1.0,0.7708728909492493,3224064.0,1746202677.31148,2099
770.384487453,2102,0.5390557646751404,0.01888020895421505,16576,28.83333396911621,0.6393256187438965,0.4134114682674408,44.94763946533203,1.3883166313171387,0.1257888674736023,1.0,1.0029791593551636,3230208.0,1746202678.657503,2103
774.427017798,2114,0.5390557646751404,0.017578125,16672,28.49153709411621,0.643012523651123,0.3404948115348816,44.94763946533203,1.3883166313171387,0.11288826167583466,1.0,0.8672571182250977,3248640.0,1746202682.7000701,2115
776.450605413,2120,0.5390557646751404,0.01888020895421505,16720,24.779949188232422,0.6273716688156128,0.3294270932674408,44.94763946533203,1.3883166313171387,0.10036948323249817,1.0,0.8347829580307007,3257856.0,1746202684.7236657,2121
780.157132258,2131,0.5390557646751404,0.01692708395421505,16808,27.392580032348633,0.4408465623855591,0.2864583432674408,44.94763946533203,1.3883166313171387,0.10178638994693756,1.0,0.7903873324394226,3274752.0,1746202688.4302166,2132
787.240368684,2152,0.5390557646751404,0.017578125,16976,28.15559959411621,0.48664000630378723,0.3476562798023224,44.94763946533203,1.3883166313171387,0.11961595714092255,1.0,0.8764508962631226,3307008.0,1746202695.5134435,2153
799.081760956,2187,0.5390557646751404,0.0162760429084301,17256,30.550132751464844,0.43726199865341187,0.2272135466337204,44.94763946533203,1.3883166313171387,0.11371766030788422,1.0,0.7482125759124756,3360768.0,1746202707.3548295,2188
805.498225122,2206,0.5390557646751404,0.015625,17408,30.333986282348633,0.44299638271331787,0.2910156548023224,44.94763946533203,1.3883166313171387,0.12274244427680969,1.0,0.8111833930015564,3389952.0,1746202713.7713048,2207
805.836404993,2207,0.5390557646751404,0.0201822929084301,17416,24.22591209411621,0.4475557208061218,0.2578125,44.94763946533203,1.3883166313171387,0.11376499384641647,1.0,0.7622814774513245,3391488.0,1746202714.1094851,2208
807.524143229,2212,0.5390557646751404,0.017578125,17456,28.91145896911621,0.4431167244911194,0.3261719048023224,44.94763946533203,1.3883166313171387,0.1120922863483429,1.0,0.8797473311424255,3399168.0,1746202715.7972398,2213
808.880791537,2216,0.5390557646751404,0.02148437686264515,17488,26.316408157348633,0.4170242249965668,0.2122395932674408,44.94763946533203,1.3883166313171387,0.10751199722290039,1.0,0.6837735772132874,3405312.0,1746202717.1538522,2217
809.556425509,2218,0.5390557646751404,0.01692708395421505,17504,28.644533157348633,0.46510133147239685,0.3502604365348816,44.94763946533203,1.3883166313171387,0.11550705134868622,1.0,0.9565826058387756,3408384.0,1746202717.8294988,2219
818.654735228,2245,0.5390557646751404,0.0182291679084301,17720,28.93489646911621,0.5377525091171265,0.5299479365348816,44.94763946533203,1.3883166313171387,0.08984340727329254,1.0,1.128605842590332,3449856.0,1746202726.9278262,2246
828.520812683,2274,0.5755208730697632,0.017578125,17952,28.619142532348633,0.46252501010894775,0.3756510615348816,45.56336975097656,1.4350379705429077,0.09557927399873734,1.0,0.9132960438728333,3494400.0,1746202736.7938693,2275
829.869898743,2278,0.5755208730697632,0.01692708395421505,17984,27.76692771911621,0.5948807001113892,0.2363281399011612,45.56336975097656,1.4350379705429077,0.08900529891252518,1.0,0.6856076121330261,3500544.0,1746202738.1429613,2279
838.976042697,2305,0.5755208730697632,0.01497395895421505,18200,30.447917938232422,0.5237835049629211,0.3606770932674408,45.56336975097656,1.4350379705429077,0.08264034986495972,1.0,0.8885654211044312,3542016.0,1746202747.2491026,2306
841.341693228,2312,0.5755208730697632,0.02083333395421505,18256,28.13997459411621,0.5128712058067322,0.3151041865348816,45.56336975097656,1.4350379705429077,0.04968152567744255,1.0,0.8570020198822021,3552768.0,1746202749.6147516,2313
842.017678939,2314,0.5755208730697632,0.01497395895421505,18272,29.819011688232422,0.5264055728912354,0.3352864682674408,45.56336975097656,1.4350379705429077,0.07210423797369003,1.0,0.839516818523407,3555840.0,1746202750.29074,2315
843.028964667,2317,0.5755208730697632,0.015625,18296,28.922527313232422,0.5662814378738403,0.3046875298023224,45.56336975097656,1.4350379705429077,0.07178421318531036,1.0,0.8127643465995789,3560448.0,1746202751.3020196,2318
843.366196785,2318,0.5755208730697632,0.01888020895421505,18304,28.007814407348633,0.5666590929031372,0.27734375,45.56336975097656,1.4350379705429077,0.05394512042403221,1.0,0.8004428744316101,3561984.0,1746202751.6392634,2319
847.079428844,2329,0.5755208730697632,0.0182291679084301,18392,28.138673782348633,0.5255781412124634,0.3033854365348816,45.56336975097656,1.4350379705429077,0.06093556433916092,1.0,0.8197119832038879,3578880.0,1746202755.3524866,2330
848.764577813,2334,0.5755208730697632,0.0182291679084301,18432,27.578126907348633,0.4943148195743561,0.2727864682674408,45.56336975097656,1.4350379705429077,0.06799708306789398,1.0,0.7032371759414673,3586560.0,1746202757.0376573,2335
849.437080162,2336,0.5755208730697632,0.0162760429084301,18448,29.042970657348633,0.5164388418197632,0.4121094048023224,45.56336975097656,1.4350379705429077,0.061520498245954514,1.0,0.9991201162338257,3589632.0,1746202757.7101538,2337
849.774229905,2337,0.5755208730697632,0.017578125,18456,28.97395896911621,0.4551686644554138,0.3248698115348816,45.56336975097656,1.4350379705429077,0.05861368030309677,1.0,0.8889831900596619,3591168.0,1746202758.0472987,2338
857.201700403,2359,0.5755208730697632,0.01692708395421505,18632,28.355470657348633,0.5080012679100037,0.2910156548023224,45.56336975097656,1.4350379705429077,0.054399844259023666,1.0,0.8001070022583008,3624960.0,1746202765.4747908,2360
857.539837591,2360,0.5755208730697632,0.01497395895421505,18640,30.205730438232422,0.5005007386207581,0.2923177182674408,45.56336975097656,1.4350379705429077,0.05184461548924446,1.0,0.8323020935058594,3626496.0,1746202765.8129065,2361
866.657123976,2387,0.5755208730697632,0.015625,18856,27.332683563232422,0.5740700960159302,0.1015625074505806,45.56336975097656,1.4350379705429077,0.05017901211977005,1.0,0.5490888357162476,3667968.0,1746202774.9302063,2388
868.67794732,2393,0.5755208730697632,0.01888020895421505,18904,26.67708396911621,0.6673299670219421,0.3027344048023224,45.56336975097656,1.4350379705429077,0.06811299920082092,1.0,0.8612929582595825,3677184.0,1746202776.9510314,2394
885.199310742,2442,0.5755208730697632,0.01888020895421505,19296,28.205080032348633,0.5744545459747314,0.2252604216337204,45.56336975097656,1.4350379705429077,0.006704811938107014,1.0,0.6951617002487183,3752448.0,1746202793.4723966,2443
888.236688806,2451,0.5755208730697632,0.0162760429084301,19368,28.27474021911621,0.52476966381073,0.2942708432674408,45.56336975097656,1.4350379705429077,0.019221344962716103,1.0,0.7802364826202393,3766272.0,1746202796.5097551,2452
890.600317521,2458,0.5755208730697632,0.0182291679084301,19424,26.727214813232422,0.6800954341888428,0.2480468899011612,45.56336975097656,1.4350379705429077,0.0551411397755146,1.0,0.7418788075447083,3777024.0,1746202798.8733964,2459
907.790760073,2509,0.5755208730697632,0.0162760429084301,19832,28.572917938232422,0.6714863777160645,0.2877604365348816,45.56336975097656,1.4350379705429077,0.055894166231155396,1.0,0.7832838892936707,3855360.0,1746202816.063836,2510
908.465251122,2511,0.5755208730697632,0.017578125,19848,28.63997459411621,1.3698456287384033,0.2858073115348816,45.56336975097656,1.4350379705429077,0.05629897117614746,1.0,0.797730028629303,3858432.0,1746202816.7383199,2512
911.83040252,2521,0.5755208730697632,0.015625,19928,28.738283157348633,0.7925477027893066,0.3404948115348816,45.56336975097656,1.4350379705429077,0.07145950943231583,1.0,0.835996687412262,3873792.0,1746202820.103447,2522
912.166040913,2522,0.5755208730697632,0.0182291679084301,19936,25.225261688232422,0.6540464162826538,0.3424479365348816,45.56336975097656,1.4350379705429077,0.07818674296140671,1.0,0.8307321071624756,3875328.0,1746202820.4391196,2523
917.214567079,2537,0.5755208730697632,0.014322916977107525,20056,27.912111282348633,1.0075724124908447,0.275390625,45.56336975097656,1.4350379705429077,0.050591692328453064,1.0,0.7024203538894653,3898368.0,1746202825.487633,2538
924.643586854,2559,0.5755208730697632,0.01497395895421505,20232,28.08333396911621,4.515977382659912,0.2070312649011612,45.56336975097656,1.4350379705429077,0.06415936350822449,1.0,0.6838394403457642,3932160.0,1746202832.916649,2560
927.344416916,2567,0.5755208730697632,0.0162760429084301,20296,26.462892532348633,0.7741945385932922,0.2708333432674408,45.56336975097656,1.4350379705429077,0.05600959062576294,1.0,0.7222126722335815,3944448.0,1746202835.6174808,2568
931.732564216,2580,0.5755208730697632,0.015625,20400,29.360027313232422,0.6946249604225159,0.2649739682674408,45.56336975097656,1.4350379705429077,0.019735734909772873,1.0,0.7829864621162415,3964416.0,1746202840.0056245,2581
938.939156998,2601,0.5142349004745483,0.0162760429084301,20568,28.811199188232422,0.8160147666931152,0.2701823115348816,45.83897018432617,1.3279768228530884,0.011388721875846386,1.0,0.7249895930290222,3996672.0,1746202847.2122245,2602
946.356573822,2623,0.5142349004745483,0.01692708395421505,20744,28.150392532348633,0.8264405131340027,0.1484375149011612,45.83897018432617,1.3279768228530884,-0.04137657582759857,1.0,0.5765606164932251,4030464.0,1746202854.629648,2624
948.715728846,2630,0.5142349004745483,0.01692708395421505,20800,28.183595657348633,1.7290724515914917,0.3385416865348816,45.83897018432617,1.3279768228530884,-0.025097431614995003,1.0,0.829338014125824,4041216.0,1746202856.988804,2631
950.399090039,2635,0.5142349004745483,0.01497395895421505,20840,27.066408157348633,0.7186095118522644,0.4231770932674408,45.83897018432617,1.3279768228530884,-0.06359675526618958,1.0,0.9622269868850708,4048896.0,1746202858.6721573,2636
953.090932019,2643,0.5142349004745483,0.017578125,20904,28.718751907348633,0.7130811214447021,0.3450520932674408,45.83897018432617,1.3279768228530884,-0.04484877735376358,1.0,0.8915934562683105,4061184.0,1746202861.3639965,2644
956.127882906,2652,0.5142349004745483,0.014322916977107525,20976,28.918621063232422,0.8455806970596313,0.2486979365348816,45.83897018432617,1.3279768228530884,-0.03478880599141121,1.0,0.7088373899459839,4075008.0,1746202864.4009614,2653
957.819048905,2657,0.5142349004745483,0.01692708395421505,21016,27.41536521911621,0.841711699962616,0.3723958432674408,45.83897018432617,1.3279768228530884,-0.058101002126932144,1.0,0.9029210209846497,4082688.0,1746202866.091912,2658
960.518591524,2665,0.5142349004745483,0.01692708395421505,21080,30.748048782348633,1.5985416173934937,0.3528645932674408,45.83897018432617,1.3279768228530884,-0.045802727341651917,1.0,0.8700792789459229,4094976.0,1746202868.791628,2666
962.879627011,2672,0.5142349004745483,0.01692708395421505,21136,29.76497459411621,1.5487773418426514,0.1302083432674408,45.83897018432617,1.3279768228530884,-0.04396936669945717,1.0,0.5759108662605286,4105728.0,1746202871.152692,2673
964.230540318,2676,0.5142349004745483,0.01497395895421505,21168,28.221355438232422,0.7712481021881104,0.2382812649011612,45.83897018432617,1.3279768228530884,-0.053535085171461105,1.0,0.6905754208564758,4111872.0,1746202872.503611,2677
969.961401153,2693,0.5142349004745483,0.0182291679084301,21304,28.904298782348633,0.7996105551719666,0.3867187798023224,45.83897018432617,1.3279768228530884,-0.07931210100650787,1.0,0.9160080552101135,4137984.0,1746202878.234461,2694
970.29729046,2694,0.5142349004745483,0.015625,21312,27.678386688232422,1.0088071823120117,0.3079427182674408,45.83897018432617,1.3279768228530884,-0.09148207306861877,1.0,0.8154711723327637,4139520.0,1746202878.5703492,2695
971.651282785,2698,0.5142349004745483,0.0162760429084301,21344,28.76302146911621,0.7051078081130981,0.3196614682674408,45.83897018432617,1.3279768228530884,-0.08217938244342804,1.0,0.8306187391281128,4145664.0,1746202879.9243617,2699
982.776802446,2731,0.5142349004745483,0.0162760429084301,21608,29.75325584411621,0.6854979395866394,0.2421875149011612,45.83897018432617,1.3279768228530884,-0.11707925796508789,1.0,0.72148197889328,4196352.0,1746202891.0498598,2732
983.789448814,2734,0.5142349004745483,0.015625,21632,29.408855438232422,0.5833539962768555,0.2395833432674408,45.83897018432617,1.3279768228530884,-0.08306990563869476,1.0,0.6948440670967102,4200960.0,1746202892.0625098,2735
986.823415834,2743,0.5142349004745483,0.01692708395421505,21704,28.35091209411621,0.8366609215736389,0.2649739682674408,45.83897018432617,1.3279768228530884,-0.10111071914434433,1.0,0.7928721308708191,4214784.0,1746202895.0964794,2744
989.181912814,2750,0.5142349004745483,0.01953125186264515,21760,25.763673782348633,0.6175603866577148,0.4049479365348816,45.83897018432617,1.3279768228530884,-0.08084731549024582,1.0,0.9532967209815979,4225536.0,1746202897.4549825,2751
993.905918262,2764,0.5142349004745483,0.013671875931322575,21872,27.639324188232422,0.5479528903961182,0.2884114682674408,45.83897018432617,1.3279768228530884,-0.09035444259643555,1.0,0.71737140417099,4247040.0,1746202902.1789849,2765
996.938960825,2773,0.5142349004745483,0.01692708395421505,21944,28.496746063232422,0.48775482177734375,0.2845052182674408,45.83897018432617,1.3279768228530884,-0.11648321151733398,1.0,0.7986311912536621,4260864.0,1746202905.2120125,2774
997.612968771,2775,0.5142349004745483,0.01692708395421505,21960,27.839845657348633,0.862371563911438,0.267578125,45.83897018432617,1.3279768228530884,-0.11402333527803421,1.0,0.7247626781463623,4263936.0,1746202905.8860345,2776
998.623768801,2778,0.5142349004745483,0.01692708395421505,21984,28.674480438232422,0.6082005500793457,0.4459635615348816,45.83897018432617,1.3279768228530884,-0.13300351798534393,1.0,1.0139597654342651,4268544.0,1746202906.8968554,2779
1004.014420377,2794,0.5142349004745483,0.0182291679084301,22112,29.144533157348633,4.268366813659668,0.3183594048023224,45.83897018432617,1.3279768228530884,-0.10217081755399704,1.0,0.9060443043708801,4293120.0,1746202912.2874918,2795
1010.753942818,2814,0.5142349004745483,0.0182291679084301,22272,29.188152313232422,0.5473361015319824,0.3593750298023224,45.83897018432617,1.3279768228530884,-0.0985422357916832,1.0,0.9073116779327393,4323840.0,1746202919.0270085,2815
1011.089565328,2815,0.5142349004745483,0.0162760429084301,22280,29.20052146911621,0.5623328685760498,0.255859375,45.83897018432617,1.3279768228530884,-0.08907432854175568,1.0,0.7669963240623474,4325376.0,1746202919.3626065,2816
1026.59385936,2861,0.5142349004745483,0.01692708395421505,22648,30.234376907348633,0.497499942779541,0.3554687798023224,45.83897018432617,1.3279768228530884,-0.0691068172454834,1.0,0.904883861541748,4396032.0,1746202934.866921,2862
1029.289601284,2869,0.5142349004745483,0.015625,22712,24.74934959411621,0.5490031838417053,0.3242187798023224,45.83897018432617,1.3279768228530884,-0.0907091274857521,1.0,0.7845177054405212,4408320.0,1746202937.5626454,2870
1029.964190133,2871,0.5142349004745483,0.017578125,22728,27.55013084411621,0.41456228494644165,0.3222656548023224,45.83897018432617,1.3279768228530884,-0.08326862752437592,1.0,0.8284955620765686,4411392.0,1746202938.237236,2872
1031.990330251,2877,0.5142349004745483,0.0162760429084301,22776,28.834636688232422,0.6173526048660278,0.3417969048023224,45.83897018432617,1.3279768228530884,-0.08910271525382996,1.0,0.8623608946800232,4420608.0,1746202940.2632039,2878
1032.326345413,2878,0.5142349004745483,0.01888020895421505,22784,28.066408157348633,0.6358729600906372,0.2962239682674408,45.83897018432617,1.3279768228530884,-0.09267067909240723,1.0,0.8446726202964783,4422144.0,1746202940.5994346,2879
1033.335563776,2881,0.5142349004745483,0.014322916977107525,22808,29.17317771911621,0.5384573936462402,0.3092448115348816,45.83897018432617,1.3279768228530884,-0.09120844304561615,1.0,0.7783835530281067,4426752.0,1746202941.6086268,2882
1037.381508413,2893,0.5142349004745483,0.01692708395421505,22904,28.692058563232422,0.49788522720336914,0.3404948115348816,45.83897018432617,1.3279768228530884,-0.1112295389175415,1.0,0.8401431441307068,4445184.0,1746202945.6545799,2894
1042.435356208,2908,0.5142349004745483,0.01497395895421505,23024,28.30208396911621,0.5072273015975952,0.1601562649011612,45.83897018432617,1.3279768228530884,-0.08421030640602112,1.0,0.5631311535835266,4468224.0,1746202950.7084377,2909
1044.119276612,2913,0.5142349004745483,0.01692708395421505,23064,29.464845657348633,0.516890823841095,0.3567708432674408,45.83897018432617,1.3279768228530884,-0.11720056086778641,1.0,0.9119464755058289,4475904.0,1746202952.3923366,2914
1051.955441811,2936,0.5768169164657593,0.017578125,23248,28.06770896911621,0.5319204926490784,0.3007812798023224,46.99724197387695,1.4133682250976562,-0.08227307349443436,1.0,0.8191931843757629,4511232.0,1746202960.2285023,2937
1053.977316761,2942,0.5768169164657593,0.01497395895421505,23296,29.68099021911621,0.5726033449172974,0.2747395932674408,46.99724197387695,1.4133682250976562,-0.06972557306289673,1.0,0.752386748790741,4520448.0,1746202962.2502487,2943
1061.732346549,2965,0.5768169164657593,0.0162760429084301,23480,29.832683563232422,0.5155318975448608,0.2213541716337204,46.99724197387695,1.4133682250976562,-0.11028798669576645,1.0,0.7192901968955994,4555776.0,1746202970.0054245,2966
1063.081503376,2969,0.5768169164657593,0.01692708395421505,23512,28.883464813232422,0.4974033534526825,0.2994791865348816,46.99724197387695,1.4133682250976562,-0.07753930985927582,1.0,0.8420038223266602,4561920.0,1746202971.3543136,2970
1068.137168434,2984,0.5768169164657593,0.01692708395421505,23632,28.90169334411621,0.5564021468162537,0.3450520932674408,46.99724197387695,1.4133682250976562,-0.0801333636045456,1.0,0.8603163361549377,4584960.0,1746202976.4102626,2985
1070.157735132,2990,0.5768169164657593,0.01692708395421505,23680,28.332683563232422,0.5576218366622925,0.2428385615348816,46.99724197387695,1.4133682250976562,-0.07066464424133301,1.0,0.7241166234016418,4594176.0,1746202978.430791,2991
1075.553500471,3006,0.5768169164657593,0.017578125,23808,29.24349021911621,0.5369294881820679,0.3437500298023224,46.99724197387695,1.4133682250976562,-0.049099959433078766,1.0,0.9208304286003113,4618752.0,1746202983.8265321,3007
1082.300981651,3026,0.5768169164657593,0.01692708395421505,23968,27.363933563232422,0.5712698698043823,0.1223958432674408,46.99724197387695,1.4133682250976562,-0.037243932485580444,1.0,0.5185154676437378,4649472.0,1746202990.5740485,3027
1083.690040375,3030,0.5768169164657593,0.01692708395421505,24000,26.63802146911621,0.5701628923416138,0.3391927182674408,46.99724197387695,1.4133682250976562,-0.03667893633246422,1.0,0.8324050307273865,4655616.0,1746202991.9631224,3031
1101.218470149,3082,0.5768169164657593,0.017578125,24416,28.80013084411621,0.44822388887405396,0.3990885615348816,46.99724197387695,1.4133682250976562,-0.100526362657547,1.0,0.9382556080818176,4735488.0,1746203009.4915292,3083
1102.566636595,3086,0.5768169164657593,0.01692708395421505,24448,27.889324188232422,0.4598376452922821,0.3007812798023224,46.99724197387695,1.4133682250976562,-0.08038662374019623,1.0,0.7876837849617004,4741632.0,1746203010.839705,3087
1112.675612333,3116,0.5768169164657593,0.0162760429084301,24688,27.04817771911621,0.4812380373477936,0.3906250298023224,46.99724197387695,1.4133682250976562,-0.13354411721229553,1.0,0.9086558222770691,4787712.0,1746203020.948623,3117
1118.406307262,3133,0.5768169164657593,0.01953125186264515,24824,27.281902313232422,0.4851670563220978,0.3287760615348816,46.99724197387695,1.4133682250976562,-0.17107895016670227,1.0,0.8319677114486694,4813824.0,1746203026.6793556,3134
1126.163913588,3156,0.5768169164657593,0.01692708395421505,25008,27.912761688232422,0.5022992491722107,0.2076822966337204,46.99724197387695,1.4133682250976562,-0.18345847725868225,1.0,0.7173316478729248,4849152.0,1746203034.4369612,3157
1132.895805555,3176,0.5768169164657593,0.01888020895421505,25168,27.451173782348633,0.47983261942863464,0.3587239682674408,46.99724197387695,1.4133682250976562,-0.16878700256347656,1.0,0.9105319380760193,4879872.0,1746203041.1688738,3177
1148.397836591,3222,0.5768169164657593,0.01497395895421505,25536,27.135417938232422,0.47932276129722595,0.2994791865348816,46.99724197387695,1.4133682250976562,-0.21066702902317047,1.0,0.7733160853385925,4950528.0,1746203056.6708975,3223
1150.755745393,3229,0.5768169164657593,0.01888020895421505,25592,27.95833396911621,0.4510446786880493,0.255859375,46.99724197387695,1.4133682250976562,-0.23637264966964722,1.0,0.7114458084106445,4961280.0,1746203059.0288095,3230
1152.779179095,3235,0.5768169164657593,0.0201822929084301,25640,27.373699188232422,0.4315897822380066,0.2285156399011612,46.99724197387695,1.4133682250976562,-0.22345508635044098,1.0,0.6997531056404114,4970496.0,1746203061.0522525,3236
1155.137978409,3242,0.5768169164657593,0.01692708395421505,25696,27.99739646911621,0.4440637230873108,0.3997395932674408,46.99724197387695,1.4133682250976562,-0.19924506545066833,1.0,0.912700891494751,4981248.0,1746203063.411056,3243
1156.486771904,3246,0.5768169164657593,0.01888020895421505,25728,27.641277313232422,0.47929561138153076,0.2070312649011612,46.99724197387695,1.4133682250976562,-0.17811539769172668,1.0,0.674788773059845,4987392.0,1746203064.759655,3247
1159.599528871,3255,0.6052631735801697,0.017578125,25800,27.404298782348633,0.4571465849876404,0.3886719048023224,44.43718338012695,1.4678820371627808,-0.20028823614120483,1.0,0.9199665188789368,5001216.0,1746203067.8725953,3256
1161.960101976,3262,0.6052631735801697,0.0162760429084301,25856,28.95833396911621,0.4883795976638794,0.3066406548023224,44.43718338012695,1.4678820371627808,-0.23466099798679352,1.0,0.8233080506324768,5011968.0,1746203070.2331705,3263
1164.316099065,3269,0.6052631735801697,0.01953125186264515,25912,26.184246063232422,0.4304451644420624,0.3300781548023224,44.43718338012695,1.4678820371627808,-0.20871034264564514,1.0,0.8474533557891846,5022720.0,1746203072.5891595,3270
1171.730322154,3291,0.6052631735801697,0.01692708395421505,26088,29.917970657348633,0.5512329339981079,0.3776041865348816,44.43718338012695,1.4678820371627808,-0.2148968130350113,1.0,0.9555574655532837,5056512.0,1746203080.00338,3292
1179.144017306,3313,0.6052631735801697,0.01692708395421505,26264,29.57161521911621,0.5509968996047974,0.2473958432674408,44.43718338012695,1.4678820371627808,-0.24809260666370392,1.0,0.7333158254623413,5090304.0,1746203087.4170752,3314
1183.532589639,3326,0.6052631735801697,0.0182291679084301,26368,25.98763084411621,0.417863130569458,0.3385416865348816,44.43718338012695,1.4678820371627808,-0.2563297152519226,1.0,0.8366920948028564,5110272.0,1746203091.8056605,3327
1190.272639192,3346,0.6052631735801697,0.0162760429084301,26528,27.340496063232422,0.4995548725128174,0.3808594048023224,44.43718338012695,1.4678820371627808,-0.22929441928863525,1.0,0.92451411485672,5140992.0,1746203098.5456643,3347
1193.308164003,3355,0.6052631735801697,0.0182291679084301,26600,25.14974021911621,0.4312296509742737,0.3417969048023224,44.43718338012695,1.4678820371627808,-0.22565394639968872,1.0,0.8296240568161011,5154816.0,1746203101.5812368,3356
1193.98153343,3357,0.6052631735801697,0.0221354179084301,26616,26.769533157348633,0.40821388363838196,0.4791666865348816,44.43718338012695,1.4678820371627808,-0.1941877007484436,1.0,1.0954921245574951,5157888.0,1746203102.2545977,3358
1194.990881866,3360,0.6052631735801697,0.0182291679084301,26640,26.190105438232422,0.43894460797309875,0.3906250298023224,44.43718338012695,1.4678820371627808,-0.20155921578407288,1.0,0.9599443078041077,5162496.0,1746203103.2639616,3361
1196.679389769,3365,0.6052631735801697,0.0182291679084301,26680,27.07552146911621,0.48815351724624634,0.4355469048023224,44.43718338012695,1.4678820371627808,-0.20859891176223755,1.0,1.046260118484497,5170176.0,1746203104.9524553,3366
1197.01686719,3366,0.6052631735801697,0.02083333395421505,26688,25.592449188232422,0.46020975708961487,0.4375000298023224,44.43718338012695,1.4678820371627808,-0.22283236682415009,1.0,0.9987903833389282,5171712.0,1746203105.2899384,3367
1201.062584221,3378,0.6052631735801697,0.0201822929084301,26784,25.527345657348633,0.43808919191360474,0.4524739682674408,44.43718338012695,1.4678820371627808,-0.21244052052497864,1.0,1.016903042793274,5190144.0,1746203109.3356411,3379
1225.34959921,3450,0.6052631735801697,0.017578125,27360,27.123699188232422,0.4227834939956665,0.4029948115348816,44.43718338012695,1.4678820371627808,-0.2643343508243561,1.0,0.9619963765144348,5300736.0,1746203133.6226711,3451
1227.370891397,3456,0.6052631735801697,0.0182291679084301,27408,29.713542938232422,0.42361554503440857,0.3808594048023224,44.43718338012695,1.4678820371627808,-0.2814120054244995,1.0,0.9261928200721741,5309952.0,1746203135.6439583,3457
1233.823374076,3475,0.6052631735801697,0.01953125186264515,27560,26.30599021911621,0.398218035697937,0.3587239682674408,44.43718338012695,1.4678820371627808,-0.26943010091781616,1.0,0.9332924485206604,5339136.0,1746203142.0964434,3476
1237.5335953,3486,0.6052631735801697,0.01888020895421505,27648,28.539064407348633,0.46037155389785767,0.505859375,44.43718338012695,1.4678820371627808,-0.27984917163848877,1.0,1.09076726436615,5356032.0,1746203145.8064914,3487
1244.958871051,3508,0.6052631735801697,0.01888020895421505,27824,27.349611282348633,0.4587218463420868,0.3691406548023224,44.43718338012695,1.4678820371627808,-0.2284829020500183,1.0,0.9377894401550293,5389824.0,1746203153.2319202,3509
1246.64654053,3513,0.6052631735801697,0.017578125,27864,28.586589813232422,0.4761083424091339,0.3606770932674408,44.43718338012695,1.4678820371627808,-0.2345396876335144,1.0,0.9100456833839417,5397504.0,1746203154.9195988,3514
1247.318958088,3515,0.6052631735801697,0.017578125,27880,29.62239646911621,0.4507488012313843,0.4589844048023224,44.43718338012695,1.4678820371627808,-0.24232694506645203,1.0,1.0606803894042969,5400576.0,1746203155.592019,3516
1252.03840668,3529,0.6052631735801697,0.01953125186264515,27992,28.671876907348633,0.4021286964416504,0.275390625,44.43718338012695,1.4678820371627808,-0.24942193925380707,1.0,0.7717907428741455,5422080.0,1746203160.3114831,3530
1253.387297499,3533,0.6052631735801697,0.01953125186264515,28024,28.352214813232422,0.39382755756378174,0.3938802182674408,44.43718338012695,1.4678820371627808,-0.23912818729877472,1.0,0.9204795956611633,5428224.0,1746203161.6603394,3534
1253.724370556,3534,0.6052631735801697,0.0182291679084301,28032,27.955080032348633,0.44135308265686035,0.4550781548023224,44.43718338012695,1.4678820371627808,-0.2558971047401428,1.0,1.0258679389953613,5429760.0,1746203161.9974437,3535
1258.119687001,3547,0.6052631735801697,0.0182291679084301,28136,26.839845657348633,0.4186388850212097,0.3704427182674408,44.43718338012695,1.4678820371627808,-0.2311457097530365,1.0,0.8900265097618103,5449728.0,1746203166.3927686,3548
1266.205658955,3571,0.6052631735801697,0.0182291679084301,28328,27.565105438232422,0.36994749307632446,0.4179687798023224,44.43718338012695,1.4678820371627808,-0.2824392318725586,1.0,0.9579678177833557,5486592.0,1746203174.4787257,3572
1273.696868252,3593,0.6065698862075806,0.01953125186264515,28504,26.094402313232422,0.3791345953941345,0.4544270932674408,40.91825866699219,1.4543174505233765,-0.31503868103027344,1.0,1.0582013130187988,5520384.0,1746203181.9698503,3594
1281.442935053,3616,0.6065698862075806,0.02148437686264515,28688,25.66145896911621,0.4205569624900818,0.3372395932674408,40.91825866699219,1.4543174505233765,-0.28146833181381226,1.0,0.9030405879020691,5555712.0,1746203189.7160068,3617
1286.83827444,3632,0.6065698862075806,0.0201822929084301,28816,27.85286521911621,0.34032702445983887,0.3997395932674408,40.91825866699219,1.4543174505233765,-0.2701098322868347,1.0,0.9645559191703796,5580288.0,1746203195.1113758,3633
1294.255098081,3654,0.6065698862075806,0.0201822929084301,28992,28.055339813232422,0.35691404342651367,0.3300781548023224,40.91825866699219,1.4543174505233765,-0.2584683299064636,1.0,0.8614763617515564,5614080.0,1746203202.5281708,3655
1295.943076022,3659,0.6065698862075806,0.0201822929084301,29032,27.358074188232422,0.3581269085407257,0.4160156548023224,40.91825866699219,1.4543174505233765,-0.2691887319087982,1.0,0.9749689102172852,5621760.0,1746203204.2161472,3660
1299.311595663,3669,0.6065698862075806,0.01692708395421505,29112,27.27864646911621,0.3809961974620819,0.3652344048023224,40.91825866699219,1.4543174505233765,-0.29897135496139526,1.0,0.8954166769981384,5637120.0,1746203207.584651,3670
1303.020797336,3680,0.6065698862075806,0.02148437686264515,29200,24.51106834411621,0.45840969681739807,0.3346354365348816,40.91825866699219,1.4543174505233765,-0.3037119209766388,1.0,0.8698370456695557,5654016.0,1746203211.2938566,3681
1304.030458561,3683,0.6065698862075806,0.01953125186264515,29224,27.192058563232422,0.45845142006874084,0.3255208432674408,40.91825866699219,1.4543174505233765,-0.31894028186798096,1.0,0.8787100911140442,5658624.0,1746203212.3035219,3684
1304.704664049,3685,0.6065698862075806,0.01953125186264515,29240,27.992839813232422,0.4629242420196533,0.3365885615348816,40.91825866699219,1.4543174505233765,-0.3146216571331024,1.0,0.8875164985656738,5661696.0,1746203212.9777415,3686
1308.082275038,3695,0.6065698862075806,0.01953125186264515,29320,27.32552146911621,0.3652775287628174,0.4726562798023224,40.91825866699219,1.4543174505233765,-0.30368131399154663,1.0,1.063439965248108,5677056.0,1746203216.3553565,3696
1309.428809138,3699,0.6065698862075806,0.017578125,29352,27.654298782348633,0.4049970507621765,0.4394531548023224,40.91825866699219,1.4543174505233765,-0.28314852714538574,1.0,0.9911428689956665,5683200.0,1746203217.7018673,3700
1311.790036109,3706,0.6065698862075806,0.01888020895421505,29408,26.97591209411621,0.40565335750579834,0.4114583432674408,40.91825866699219,1.4543174505233765,-0.3191983103752136,1.0,0.9896243214607239,5693952.0,1746203220.063105,3707
1321.225978115,3734,0.6065698862075806,0.0182291679084301,29632,29.145183563232422,0.40594959259033203,0.3854166865348816,40.91825866699219,1.4543174505233765,-0.33824145793914795,1.0,0.971856415271759,5736960.0,1746203229.4990418,3735
1325.601593314,3747,0.6065698862075806,0.0201822929084301,29736,26.436199188232422,0.4047973155975342,0.4290364682674408,40.91825866699219,1.4543174505233765,-0.3698175549507141,1.0,0.9839495420455933,5756928.0,1746203233.8746476,3748
1328.632978466,3756,0.6065698862075806,0.01888020895421505,29808,27.156251907348633,0.37309151887893677,0.4251302182674408,40.91825866699219,1.4543174505233765,-0.3717636466026306,1.0,0.9692081809043884,5770752.0,1746203236.9060242,3757
1335.374858245,3776,0.6065698862075806,0.017578125,29968,27.269533157348633,0.3755059242248535,0.3417969048023224,40.91825866699219,1.4543174505233765,-0.3769167363643646,1.0,0.8265364170074463,5801472.0,1746203243.6479232,3777
1341.438886837,3794,0.6065698862075806,0.0162760429084301,30112,30.869792938232422,0.3583753705024719,0.3098958432674408,40.91825866699219,1.4543174505233765,-0.3772198259830475,1.0,0.8624207973480225,5829120.0,1746203249.711954,3795
1347.503622485,3812,0.6065698862075806,0.01888020895421505,30256,26.39192771911621,0.35345157980918884,0.3665364682674408,40.91825866699219,1.4543174505233765,-0.41004303097724915,1.0,0.8796114921569824,5856768.0,1746203255.7766879,3813
1348.177908235,3814,0.6065698862075806,0.02278645895421505,30272,24.699220657348633,0.4038323760032654,0.3938802182674408,40.91825866699219,1.4543174505233765,-0.40816450119018555,1.0,0.950644850730896,5859840.0,1746203256.4509714,3815
1350.540944725,3821,0.6065698862075806,0.01953125186264515,30328,25.470705032348633,0.3714892864227295,0.501953125,40.91825866699219,1.4543174505233765,-0.42696189880371094,1.0,1.1041603088378906,5870592.0,1746203258.8139994,3822
1352.22503478,3826,0.6065698862075806,0.0201822929084301,30368,27.275392532348633,0.4076649248600006,0.5026041865348816,40.91825866699219,1.4543174505233765,-0.4230789244174957,1.0,1.1290702819824219,5878272.0,1746203260.4981136,3827
1354.24904654,3832,0.6065698862075806,0.02083333395421505,30416,28.057292938232422,0.3954676687717438,0.4316406548023224,40.91825866699219,1.4543174505233765,-0.4354487657546997,1.0,1.024949550628662,5887488.0,1746203262.522111,3833
1356.611721517,3839,0.6065698862075806,0.01888020895421505,30472,26.373699188232422,0.4184674620628357,0.3203125298023224,40.91825866699219,1.4543174505233765,-0.4534454345703125,1.0,0.8688896894454956,5898240.0,1746203264.8847883,3840
1359.647138097,3848,0.6065698862075806,0.01953125186264515,30544,29.15950584411621,0.3751899003982544,0.3509114682674408,40.91825866699219,1.4543174505233765,-0.44119399785995483,1.0,0.9599171876907349,5912064.0,1746203267.920244,3849
1361.002045948,3852,0.6065698862075806,0.0201822929084301,30576,28.631511688232422,0.41108250617980957,0.3743489682674408,40.91825866699219,1.4543174505233765,-0.4395771622657776,1.0,0.9628076553344727,5918208.0,1746203269.2750502,3853
1365.383306864,3865,0.6065698862075806,0.0201822929084301,30680,27.02864646911621,0.38106998801231384,0.3984375298023224,40.91825866699219,1.4543174505233765,-0.43659278750419617,1.0,0.9913749098777771,5938176.0,1746203273.6564012,3866
1366.734776201,3869,0.6065698862075806,0.01953125186264515,30712,27.363933563232422,0.3710443377494812,0.3385416865348816,40.91825866699219,1.4543174505233765,-0.40986695885658264,1.0,0.8737806081771851,5944320.0,1746203275.0078182,3870
1368.758343006,3875,0.6065698862075806,0.0201822929084301,30760,25.729167938232422,0.37649214267730713,0.4485677182674408,40.91825866699219,1.4543174505233765,-0.3926897943019867,1.0,1.0635830163955688,5953536.0,1746203277.031411,3876
1370.106057069,3879,0.6065698862075806,0.0201822929084301,30792,28.019533157348633,0.4418904185295105,0.4752604365348816,40.91825866699219,1.4543174505233765,-0.4141969680786133,1.0,1.1340205669403076,5959680.0,1746203278.3791187,3880
1375.167959658,3894,0.6065698862075806,0.0182291679084301,30912,27.785158157348633,0.37786728143692017,0.5221354365348816,40.91825866699219,1.4543174505233765,-0.4133509397506714,1.0,1.1782972812652588,5982720.0,1746203283.4409754,3895
1379.332620322,3906,0.6902985572814941,0.01953125186264515,31008,29.54036521911621,0.36697953939437866,0.4361979365348816,40.38880920410156,1.5818649530410767,-0.4100037217140198,1.0000001192092896,1.095253825187683,6001152.0,1746203287.60568,3907
1390.790650396,3940,0.6902985572814941,0.0221354179084301,31280,23.46809959411621,0.3551309406757355,0.4277344048023224,40.38880920410156,1.5818649530410767,-0.41794145107269287,1.0000001192092896,1.0062460899353027,6053376.0,1746203299.063712,3941
1392.814632172,3946,0.6902985572814941,0.02083333395421505,31328,26.233074188232422,0.3531894385814667,0.4746094048023224,40.38880920410156,1.5818649530410767,-0.39068108797073364,1.0000001192092896,1.063862681388855,6062592.0,1746203301.0877035,3947
1409.673084273,3996,0.6902985572814941,0.01888020895421505,31728,27.69661521911621,0.3761361837387085,0.4986979365348816,40.38880920410156,1.5818649530410767,-0.35973864793777466,1.0000001192092896,1.0988672971725464,6139392.0,1746203317.9461613,3997
1419.458184569,4025,0.6902985572814941,0.02148437686264515,31960,26.088542938232422,0.45993751287460327,0.3313802182674408,40.38880920410156,1.5818649530410767,-0.3384023904800415,1.0000001192092896,0.8821240663528442,6183936.0,1746203327.7312548,4026
1420.131938021,4027,0.6902985572814941,0.01888020895421505,31976,26.065105438232422,0.4383670389652252,0.4212239682674408,40.38880920410156,1.5818649530410767,-0.3672514259815216,1.0000001192092896,0.9878649711608887,6187008.0,1746203328.404998,4028
1422.493759211,4034,0.6902985572814941,0.017578125,32032,29.26106834411621,0.42170450091362,0.4147135615348816,40.38880920410156,1.5818649530410767,-0.3224409818649292,1.0000001192092896,0.96351158618927,6197760.0,1746203330.7668207,4035
1432.949171357,4065,0.6902985572814941,0.02083333395421505,32280,26.069011688232422,0.4402497708797455,0.2910156548023224,40.38880920410156,1.5818649530410767,-0.41650593280792236,1.0000001192092896,0.7727531790733337,6245376.0,1746203341.2222428,4066
1435.640431576,4073,0.6902985572814941,0.02148437686264515,32344,27.49739646911621,0.5047379732131958,0.3457031548023224,40.38880920410156,1.5818649530410767,-0.4036712646484375,1.0000001192092896,0.8953321576118469,6257664.0,1746203343.9134877,4074
1438.004283453,4080,0.6902985572814941,0.0201822929084301,32400,28.810548782348633,0.4428195655345917,0.3971354365348816,40.38880920410156,1.5818649530410767,-0.37788742780685425,1.0000001192092896,0.9761171340942383,6268416.0,1746203346.2773545,4081
1444.076736612,4098,0.6902985572814941,0.01953125186264515,32544,27.26692771911621,0.4312633275985718,0.4335937798023224,40.38880920410156,1.5818649530410767,-0.3943869471549988,1.0000001192092896,1.032714605331421,6296064.0,1746203352.3497853,4099
1446.103052211,4104,0.6902985572814941,0.0201822929084301,32592,27.71224021911621,0.40788304805755615,0.5078125,40.38880920410156,1.5818649530410767,-0.37523871660232544,1.0000001192092896,1.1054068803787231,6305280.0,1746203354.376111,4105
1451.15505411,4119,0.6902985572814941,0.01953125186264515,32712,27.373699188232422,0.44217541813850403,0.3932291865348816,40.38880920410156,1.5818649530410767,-0.37728312611579895,1.0000001192092896,0.9419817328453064,6328320.0,1746203359.4281104,4120
1453.177054085,4125,0.6902985572814941,0.0201822929084301,32760,28.236330032348633,0.4328339099884033,0.4856771230697632,40.38880920410156,1.5818649530410767,-0.37421515583992004,1.0000001192092896,1.096861720085144,6337536.0,1746203361.45012,4126
1454.537227052,4129,0.6902985572814941,0.0201822929084301,32792,26.363283157348633,0.4136800169944763,0.4348958432674408,40.38880920410156,1.5818649530410767,-0.3862787187099457,1.0000001192092896,0.9998956322669983,6343680.0,1746203362.8101377,4130
1463.975889572,4157,0.6902985572814941,0.01888020895421505,33016,28.885417938232422,0.38738811016082764,0.4212239682674408,40.38880920410156,1.5818649530410767,-0.3919551372528076,1.0000001192092896,0.9922506213188171,6386688.0,1746203372.2489564,4158
1470.047144016,4175,0.6902985572814941,0.01888020895421505,33160,27.515626907348633,0.437211275100708,0.3007812798023224,40.38880920410156,1.5818649530410767,-0.4168274402618408,1.0000001192092896,0.8083801865577698,6414336.0,1746203378.3202133,4176
1486.232824941,4223,0.6902985572814941,0.02083333395421505,33544,26.660158157348633,0.48911991715431213,0.2988281548023224,40.38880920410156,1.5818649530410767,-0.4078921973705292,1.0000001192092896,0.8229672908782959,6488064.0,1746203394.505872,4224
1490.021696697,4234,0.6115107536315918,0.0201822929084301,33632,26.485027313232422,0.447922945022583,0.3398437798023224,42.872901916503906,1.467521071434021,-0.40715423226356506,1.0,0.88152676820755,6504960.0,1746203398.2947638,4235
1490.699046275,4236,0.6115107536315918,0.0201822929084301,33648,26.71809959411621,0.4703059196472168,0.4492187798023224,42.872901916503906,1.467521071434021,-0.40169090032577515,1.0,1.0577048063278198,6508032.0,1746203398.9721375,4237
1491.711295447,4239,0.6115107536315918,0.0221354179084301,33672,27.642580032348633,0.47728514671325684,0.4108073115348816,42.872901916503906,1.467521071434021,-0.40749257802963257,1.0,1.0078883171081543,6512640.0,1746203399.9843552,4240
1499.799174601,4263,0.6115107536315918,0.01953125186264515,33864,27.15169334411621,0.44119876623153687,0.552734375,42.872901916503906,1.467521071434021,-0.4512453079223633,1.0,1.1822808980941772,6549504.0,1746203408.0722384,4264
1501.153526099,4267,0.6115107536315918,0.02083333395421505,33896,26.133464813232422,0.46270206570625305,0.4394531548023224,42.872901916503906,1.467521071434021,-0.4753298759460449,1.0,0.9789654016494751,6555648.0,1746203409.4265795,4268
1508.910755558,4290,0.6115107536315918,0.02148437686264515,34080,28.41536521911621,0.42140090465545654,0.4381510615348816,42.872901916503906,1.467521071434021,-0.4181555509567261,1.0,1.0847176313400269,6590976.0,1746203417.1838274,4291
1511.274403821,4297,0.6115107536315918,0.0221354179084301,34136,28.703126907348633,0.44206249713897705,0.5494791865348816,42.872901916503906,1.467521071434021,-0.43849650025367737,1.0,1.2011057138442993,6601728.0,1746203419.5474784,4298
1513.972182314,4305,0.6115107536315918,0.01953125186264515,34200,28.066408157348633,0.48393213748931885,0.3854166865348816,42.872901916503906,1.467521071434021,-0.4719366431236267,1.0,0.9440546035766602,6614016.0,1746203422.2452667,4306
1518.353093496,4318,0.6115107536315918,0.0201822929084301,34304,27.444011688232422,0.41633233428001404,0.3984375298023224,42.872901916503906,1.467521071434021,-0.4939758777618408,1.0,1.0109528303146362,6633984.0,1746203426.6261535,4319
1526.147581056,4341,0.6115107536315918,0.01888020895421505,34488,28.469402313232422,0.4031808376312256,0.3919270932674408,42.872901916503906,1.467521071434021,-0.42126935720443726,1.0,0.9587512612342834,6669312.0,1746203434.4206395,4342
1527.493993186,4345,0.6115107536315918,0.01692708395421505,34520,28.715496063232422,0.4028167426586151,0.3964844048023224,42.872901916503906,1.467521071434021,-0.44347795844078064,1.0,0.9625083208084106,6675456.0,1746203435.7670424,4346
1530.869597741,4355,0.6115107536315918,0.0201822929084301,34600,27.007814407348633,2.4219744205474854,0.4414062798023224,42.872901916503906,1.467521071434021,-0.47150111198425293,1.0,1.0459167957305908,6690816.0,1746203439.1426518,4356
1532.554439546,4360,0.6115107536315918,0.0221354179084301,34640,27.04427146911621,0.3990190923213959,0.4459635615348816,42.872901916503906,1.467521071434021,-0.47154390811920166,1.0,1.0407664775848389,6698496.0,1746203440.827494,4361
1539.967388317,4382,0.6115107536315918,0.01888020895421505,34816,26.492189407348633,0.4661175608634949,0.4375000298023224,42.872901916503906,1.467521071434021,-0.47782933712005615,1.0,0.9886839389801025,6732288.0,1746203448.2404618,4383
1548.724544894,4408,0.6115107536315918,0.01692708395421505,35024,28.29036521911621,0.3744935095310211,0.3899739682674408,42.872901916503906,1.467521071434021,-0.463946670293808,1.0,0.9284740090370178,6772224.0,1746203456.9976118,4409
1552.42899771,4419,0.6115107536315918,0.01888020895421505,35112,28.498048782348633,0.3902130126953125,0.5781250596046448,42.872901916503906,1.467521071434021,-0.4367980360984802,1.0,1.2382136583328247,6789120.0,1746203460.7020595,4420
1555.473436966,4428,0.6115107536315918,0.0182291679084301,35184,27.60677146911621,0.3755461573600769,0.4843750298023224,42.872901916503906,1.467521071434021,-0.4200094938278198,1.0,1.097489833831787,6802944.0,1746203463.7464936,4429
1559.18182638,4439,0.6115107536315918,0.01953125186264515,35272,27.15364646911621,0.3711091876029968,0.3548177182674408,42.872901916503906,1.467521071434021,-0.47574180364608765,1.0,0.9091684222221375,6819840.0,1746203467.45491,4440
1561.549817235,4446,0.6115107536315918,0.0201822929084301,35328,27.65364646911621,0.3952483534812927,0.5917969346046448,42.872901916503906,1.467521071434021,-0.4542694091796875,1.0,1.2649282217025757,6830592.0,1746203469.8228853,4447
1562.223035693,4448,0.6115107536315918,0.02083333395421505,35344,26.11458396911621,0.3653971552848816,0.4244791865348816,42.872901916503906,1.467521071434021,-0.4608582854270935,1.0,0.997451663017273,6833664.0,1746203470.4961228,4449
1564.582304449,4455,0.6115107536315918,0.0201822929084301,35400,25.846355438232422,0.3837076425552368,0.4335937798023224,42.872901916503906,1.467521071434021,-0.45147383213043213,1.0,1.0129115581512451,6844416.0,1746203472.8553836,4456
1566.268254127,4460,0.6115107536315918,0.015625,35440,28.895183563232422,0.360734760761261,0.4720052182674408,42.872901916503906,1.467521071434021,-0.44033360481262207,1.0,1.0765429735183716,6852096.0,1746203474.5413334,4461
1566.606343748,4461,0.6115107536315918,0.01888020895421505,35448,29.05208396911621,0.3448430299758911,0.4479166865348816,42.872901916503906,1.467521071434021,-0.4759555459022522,1.0,1.0395296812057495,6853632.0,1746203474.8794174,4462
1571.666470183,4476,0.6115107536315918,0.0182291679084301,35568,28.53059959411621,0.378536194562912,0.5533854365348816,42.872901916503906,1.467521071434021,-0.43204089999198914,1.0,1.1642531156539917,6876672.0,1746203479.9395337,4477
1584.489455102,4514,0.6115107536315918,0.02083333395421505,35872,26.289064407348633,6.207728385925293,0.4941406548023224,42.872901916503906,1.467521071434021,-0.4192691445350647,1.0,1.0993454456329346,6935040.0,1746203492.762535,4515
1600.094556925,4560,0.6935867071151733,0.017578125,36240,29.014324188232422,0.5927760601043701,0.3886719048023224,41.57482147216797,1.5869959592819214,-0.45545607805252075,1.0,0.9297006726264954,7005696.0,1746203508.3676233,4561
1606.84977026,4580,0.6935867071151733,0.0182291679084301,36400,29.09505271911621,1.759513020515442,0.4733073115348816,41.57482147216797,1.5869959592819214,-0.4189949929714203,1.0,1.0730730295181274,7036416.0,1746203515.1228418,4581
1607.188376337,4581,0.6935867071151733,0.01888020895421505,36408,27.72200584411621,0.40783220529556274,0.3352864682674408,41.57482147216797,1.5869959592819214,-0.44277873635292053,1.0,0.8764017820358276,7037952.0,1746203515.4614346,4582
1609.888136502,4589,0.6935867071151733,0.01953125186264515,36472,26.974611282348633,0.4319184124469757,0.2740885615348816,41.57482147216797,1.5869959592819214,-0.46496254205703735,1.0,0.8285125494003296,7050240.0,1746203518.161213,4590
1614.61689217,4603,0.6935867071151733,0.01692708395421505,36584,28.056642532348633,0.6227707862854004,0.2259114682674408,41.57482147216797,1.5869959592819214,-0.46208953857421875,1.0,0.7138247489929199,7071744.0,1746203522.8898985,4604
1615.629383916,4606,0.6935867071151733,0.01953125186264515,36608,25.971355438232422,0.45148766040802,0.2962239682674408,41.57482147216797,1.5869959592819214,-0.44647711515426636,1.0,0.8383089303970337,7076352.0,1746203523.9024467,4607
1618.32885238,4614,0.6935867071151733,0.02083333395421505,36672,25.606121063232422,0.4133951663970947,0.2981770932674408,41.57482147216797,1.5869959592819214,-0.4505463242530823,1.0,0.7851818203926086,7088640.0,1746203526.601906,4615
1626.100735996,4637,0.6935867071151733,0.02083333395421505,36856,25.35091209411621,0.431693434715271,0.4270833432674408,41.57482147216797,1.5869959592819214,-0.41486459970474243,1.0,0.9823736548423767,7123968.0,1746203534.373792,4638
1628.125788328,4643,0.6935867071151733,0.01888020895421505,36904,28.889324188232422,0.39883869886398315,0.3085937798023224,41.57482147216797,1.5869959592819214,-0.453168660402298,1.0,0.8774917721748352,7133184.0,1746203536.3988597,4644
1635.873220528,4666,0.6935867071151733,0.0221354179084301,37088,24.847658157348633,0.5587546825408936,0.3079427182674408,41.57482147216797,1.5869959592819214,-0.46603691577911377,1.0,0.8440041542053223,7168512.0,1746203544.146285,4667
1636.549176067,4668,0.6935867071151733,0.0201822929084301,37104,28.615236282348633,0.38763320446014404,0.4902344048023224,41.57482147216797,1.5869959592819214,-0.46641260385513306,1.0,1.1359187364578247,7171584.0,1746203544.8222387,4669
1636.886899317,4669,0.6935867071151733,0.0162760429084301,37112,26.53059959411621,0.44610396027565,0.3391927182674408,41.57482147216797,1.5869959592819214,-0.5000612735748291,1.0,0.8370358347892761,7173120.0,1746203545.1599483,4670
1638.239853657,4673,0.6935867071151733,0.02083333395421505,37144,26.621095657348633,0.7085859775543213,0.3619791865348816,41.57482147216797,1.5869959592819214,-0.4852331280708313,1.0,0.9129167199134827,7179264.0,1746203546.5129101,4674
1643.981663624,4690,0.6935867071151733,0.02083333395421505,37280,26.81184959411621,0.3916320204734802,0.4453125298023224,41.57482147216797,1.5869959592819214,-0.4945688843727112,1.0,1.0420091152191162,7205376.0,1746203552.254733,4691
1653.439687397,4718,0.6935867071151733,0.01953125186264515,37504,27.357423782348633,0.37605300545692444,0.4173177182674408,41.57482147216797,1.5869959592819214,-0.5144085884094238,1.0,0.9976325631141663,7248384.0,1746203561.7127502,4719
1653.777904998,4719,0.6935867071151733,0.0201822929084301,37512,27.266277313232422,0.36173009872436523,0.5846354365348816,41.57482147216797,1.5869959592819214,-0.5598053336143494,1.0,1.2574055194854736,7249920.0,1746203562.0509553,4720
1660.871130268,4740,0.6935867071151733,0.0201822929084301,37680,26.117189407348633,0.3608893156051636,0.4791666865348816,41.57482147216797,1.5869959592819214,-0.5138570070266724,1.0,1.0924360752105713,7282176.0,1746203569.1442125,4741
1671.001303553,4770,0.6935867071151733,0.01888020895421505,37920,27.276042938232422,0.4132310748100281,0.3684895932674408,41.57482147216797,1.5869959592819214,-0.49542421102523804,1.0,0.911450207233429,7328256.0,1746203579.2743604,4771
1672.724353285,4775,0.6935867071151733,0.01692708395421505,37960,27.16731834411621,0.644665002822876,0.2916666865348816,41.57482147216797,1.5869959592819214,-0.543921172618866,1.0,0.8320398926734924,7335936.0,1746203580.9974277,4776
1680.825649413,4799,0.6935867071151733,0.017578125,38152,27.881511688232422,0.6141901016235352,0.2942708432674408,41.57482147216797,1.5869959592819214,-0.5280122756958008,1.0,0.8473489284515381,7372800.0,1746203589.0987015,4800
1695.320972491,4842,0.6935867071151733,0.0182291679084301,38496,26.537761688232422,0.3613075613975525,0.4498698115348816,41.57482147216797,1.5869959592819214,-0.4668087363243103,1.0,0.9978503584861755,7438848.0,1746203603.5940464,4843
1697.690069563,4849,0.6935867071151733,0.0162760429084301,38552,29.09895896911621,0.41307932138442993,0.3398437798023224,41.57482147216797,1.5869959592819214,-0.4319279193878174,1.0,0.909062385559082,7449600.0,1746203605.9631429,4850
1704.779899688,4870,0.6935867071151733,0.015625,38720,27.996746063232422,0.4238792061805725,0.3665364682674408,41.57482147216797,1.5869959592819214,-0.495997816324234,1.0,0.9092265367507935,7481856.0,1746203613.0529642,4871
1706.544648673,4875,0.6773920655250549,0.0201822929084301,38760,26.383464813232422,0.49040788412094116,0.4563802182674408,44.37510681152344,1.5555716753005981,-0.5093057751655579,1.0,1.0326330661773682,7489536.0,1746203614.8177254,4876
1706.881451731,4876,0.6773920655250549,0.0182291679084301,38768,28.39778709411621,0.47074419260025024,0.4361979365348816,44.37510681152344,1.5555716753005981,-0.5314346551895142,1.0,1.0489829778671265,7491072.0,1746203615.154538,4877
1708.227331438,4880,0.6773920655250549,0.01953125186264515,38800,25.916017532348633,0.5397284030914307,0.4192708432674408,44.37510681152344,1.5555716753005981,-0.5417589545249939,1.0,0.9674932956695557,7497216.0,1746203616.5004396,4881
1714.967754222,4900,0.6773920655250549,0.014322916977107525,38960,28.287761688232422,0.5041425824165344,0.4147135615348816,44.37510681152344,1.5555716753005981,-0.5253423452377319,1.0,0.9217504262924194,7527936.0,1746203623.2407985,4901
1722.050131336,4921,0.6773920655250549,0.01953125186264515,39128,29.02278709411621,0.44314566254615784,0.3854166865348816,44.37510681152344,1.5555716753005981,-0.62689208984375,1.0,0.9602420330047607,7560192.0,1746203630.3231997,4922
1723.060844255,4924,0.6773920655250549,0.01953125186264515,39152,25.801433563232422,0.44504791498184204,0.3053385615348816,44.37510681152344,1.5555716753005981,-0.6317709684371948,1.0,0.7982663512229919,7564800.0,1746203631.3339067,4925
1723.397836261,4925,0.6773920655250549,0.017578125,39160,29.99739646911621,0.6301325559616089,0.3489583432674408,44.37510681152344,1.5555716753005981,-0.6043646335601807,1.0,0.8878690600395203,7566336.0,1746203631.6708841,4926
1733.83945159,4956,0.6773920655250549,0.014322916977107525,39408,29.878908157348633,0.4171808958053589,0.3776041865348816,44.37510681152344,1.5555716753005981,-0.5583058595657349,1.0,0.9259642362594604,7613952.0,1746203642.1125226,4957
1737.548535204,4967,0.6773920655250549,0.0182291679084301,39496,28.652345657348633,0.720821738243103,0.4596354365348816,44.37510681152344,1.5555716753005981,-0.5889872312545776,1.0,1.0482003688812256,7630848.0,1746203645.8215914,4968
1738.222927958,4969,0.6773920655250549,0.02278645895421505,39512,25.289714813232422,0.4238165020942688,0.4576823115348816,44.37510681152344,1.5555716753005981,-0.5612937211990356,1.0,1.0614540576934814,7633920.0,1746203646.4959965,4970
1738.897343003,4971,0.6773920655250549,0.01888020895421505,39528,28.25520896911621,0.35658371448516846,0.3203125298023224,44.37510681152344,1.5555716753005981,-0.5388408899307251,1.0,0.8768959641456604,7636992.0,1746203647.170418,4972
1740.245215315,4975,0.6773920655250549,0.02148437686264515,39560,27.289064407348633,0.41525766253471375,0.6289063096046448,44.37510681152344,1.5555716753005981,-0.5566137433052063,1.0,1.2890021800994873,7643136.0,1746203648.5182884,4976
1746.648118075,4994,0.6773920655250549,0.01692708395421505,39712,28.399089813232422,0.494744211435318,0.4179687798023224,44.37510681152344,1.5555716753005981,-0.48862969875335693,1.0,0.9969123601913452,7672320.0,1746203654.921188,4995
1747.657721008,4997,0.6773920655250549,0.017578125,39736,27.31770896911621,1.0440313816070557,0.3580729365348816,44.37510681152344,1.5555716753005981,-0.5259170532226562,1.0,0.8650754690170288,7676928.0,1746203655.9307396,4998
1750.697681705,5006,0.6773920655250549,0.0201822929084301,39808,25.96224021911621,0.4144779145717621,0.2669270932674408,44.37510681152344,1.5555716753005981,-0.515033483505249,1.0,0.7372860908508301,7690752.0,1746203658.9707563,5007
1759.125727437,5031,0.6773920655250549,0.01953125186264515,40008,27.102214813232422,0.79078608751297,0.3880208432674408,44.37510681152344,1.5555716753005981,-0.5072158575057983,1.0,0.9717841148376465,7729152.0,1746203667.3987937,5032
1759.462327793,5032,0.6773920655250549,0.01692708395421505,40016,29.085939407348633,0.4195951223373413,0.4029948115348816,44.37510681152344,1.5555716753005981,-0.5303347110748291,1.0,0.9646722674369812,7730688.0,1746203667.7354126,5033
1759.799554843,5033,0.6773920655250549,0.01953125186264515,40024,26.92317771911621,0.40559136867523193,0.3444010615348816,44.37510681152344,1.5555716753005981,-0.5328118801116943,1.0,0.9077081084251404,7732224.0,1746203668.0726302,5034
1760.813042775,5036,0.6773920655250549,0.0182291679084301,40048,28.693361282348633,0.4354884624481201,0.3561198115348816,44.37510681152344,1.5555716753005981,-0.495341956615448,1.0,0.932148814201355,7736832.0,1746203669.0861132,5037
1761.148312166,5037,0.6773920655250549,0.017578125,40056,28.662761688232422,1.1240198612213135,0.3385416865348816,44.37510681152344,1.5555716753005981,-0.47878581285476685,1.0,0.8899203538894653,7738368.0,1746203669.4213936,5038
1761.484968137,5038,0.6773920655250549,0.01888020895421505,40064,25.92708396911621,0.521267294883728,0.3834635615348816,44.37510681152344,1.5555716753005981,-0.5008906126022339,1.0,0.9432182908058167,7739904.0,1746203669.7580447,5039
1776.320120732,5082,0.6773920655250549,0.01953125186264515,40416,26.433595657348633,0.4634437561035156,0.3964844048023224,44.37510681152344,1.5555716753005981,-0.5062893033027649,1.0,0.9984843730926514,7807488.0,1746203684.5932026,5083
1778.341506306,5088,0.6773920655250549,0.01953125186264515,40464,26.39583396911621,0.5044787526130676,0.4778646230697632,44.37510681152344,1.5555716753005981,-0.49519968032836914,1.0,1.0626904964447021,7816704.0,1746203686.6145747,5089
1780.027839678,5093,0.6773920655250549,0.01953125186264515,40504,27.43099021911621,0.617993950843811,0.4179687798023224,44.37510681152344,1.5555716753005981,-0.5131513476371765,1.0,0.9731907248497009,7824384.0,1746203688.300888,5094
1787.448443295,5115,0.6773920655250549,0.01888020895421505,40680,27.130861282348633,0.42830145359039307,0.4798177480697632,44.37510681152344,1.5555716753005981,-0.4369770884513855,1.0,1.0854109525680542,7858176.0,1746203695.7215085,5116
1790.818762149,5125,0.6773920655250549,0.01888020895421505,40760,24.03255271911621,0.5613019466400146,0.3489583432674408,44.37510681152344,1.5555716753005981,-0.4921467900276184,1.0,0.8552893400192261,7873536.0,1746203699.0918157,5126
1792.169083677,5129,0.6773920655250549,0.017578125,40792,27.31966209411621,0.4227529764175415,0.3815104365348816,44.37510681152344,1.5555716753005981,-0.5053093433380127,1.0,0.9457765817642212,7879680.0,1746203700.4421399,5130
1795.881525101,5140,0.6773920655250549,0.017578125,40880,29.24153709411621,0.49344897270202637,0.4042969048023224,44.37510681152344,1.5555716753005981,-0.5285032391548157,1.0,0.9265493154525757,7896576.0,1746203704.1544402,5141
1797.233891413,5144,0.6773920655250549,0.017578125,40912,28.574220657348633,0.7175443768501282,0.4466145932674408,44.37510681152344,1.5555716753005981,-0.5221246480941772,1.0,1.0063034296035767,7902720.0,1746203705.5067527,5145
1798.587988344,5148,0.6773920655250549,0.0182291679084301,40944,28.150392532348633,0.5235614776611328,0.3072916865348816,44.37510681152344,1.5555716753005981,-0.5302965044975281,1.0,0.8411353230476379,7908864.0,1746203706.860991,5149
1800.274494194,5153,0.6773920655250549,0.01888020895421505,40984,27.96614646911621,0.4627009630203247,0.4010416865348816,44.37510681152344,1.5555716753005981,-0.5237025022506714,1.0,0.9448127746582031,7916544.0,1746203708.5475633,5154
1803.982128837,5164,0.6773920655250549,0.017578125,41072,29.083986282348633,0.45255762338638306,0.4635416865348816,44.37510681152344,1.5555716753005981,-0.5808234214782715,1.0,1.0585172176361084,7933440.0,1746203712.2552168,5165
1815.105291324,5197,0.6773920655250549,0.0201822929084301,41336,27.506511688232422,0.43764036893844604,0.3808594048023224,44.37510681152344,1.5555716753005981,-0.597413182258606,1.0,0.9684418439865112,7984128.0,1746203723.3783457,5198
1817.543225985,5204,0.6149773001670837,0.01692708395421505,41392,26.250001907348633,0.44880107045173645,0.3515625298023224,40.32223892211914,1.4624468088150024,-0.6011425852775574,1.0,0.8621562719345093,7994880.0,1746203725.8162987,5205
1817.882469005,5205,0.6149773001670837,0.0201822929084301,41400,27.477214813232422,0.551530659198761,0.3834635615348816,40.32223892211914,1.4624468088150024,-0.5793395042419434,1.0,0.9480593204498291,7996416.0,1746203726.1555188,5206
1819.270537267,5209,0.6149773001670837,0.01953125186264515,41432,26.56184959411621,0.8371660113334656,0.3645833432674408,40.32223892211914,1.4624468088150024,-0.6296048164367676,1.0,0.909720778465271,8002560.0,1746203727.543342,5210
1822.302282705,5218,0.6149773001670837,0.0201822929084301,41504,26.144533157348633,0.5388048887252808,0.2884114682674408,40.32223892211914,1.4624468088150024,-0.6325540542602539,1.0,0.7986190915107727,8016384.0,1746203730.5751004,5219
1825.670511389,5228,0.6149773001670837,0.0182291679084301,41584,26.970705032348633,0.43690186738967896,0.5442708730697632,40.32223892211914,1.4624468088150024,-0.6420270800590515,1.0,1.1950236558914185,8031744.0,1746203733.9435396,5229
1826.008618424,5229,0.6149773001670837,0.0201822929084301,41592,28.885417938232422,1.4413443803787231,0.4641927182674408,40.32223892211914,1.4624468088150024,-0.6301469802856445,1.0,1.0629404783248901,8033280.0,1746203734.281673,5230
1831.061159334,5244,0.6149773001670837,0.0221354179084301,41712,25.080730438232422,0.46758949756622314,0.4830729365348816,40.32223892211914,1.4624468088150024,-0.6568695306777954,1.0,1.0764617919921875,8056320.0,1746203739.334209,5245
1840.157115016,5271,0.6149773001670837,0.02083333395421505,41928,25.875001907348633,0.38567641377449036,0.4095052182674408,40.32223892211914,1.4624468088150024,-0.6408370733261108,1.0,0.9372841715812683,8097792.0,1746203748.4301083,5272
1845.212017819,5286,0.6149773001670837,0.0201822929084301,42048,26.386720657348633,0.4131248891353607,0.3489583432674408,40.32223892211914,1.4624468088150024,-0.6719799041748047,1.0,0.926950991153717,8120832.0,1746203753.4850252,5287
1846.897666219,5291,0.6149773001670837,0.0182291679084301,42088,26.492839813232422,0.3870299458503723,0.4264323115348816,40.32223892211914,1.4624468088150024,-0.6399579048156738,1.0,0.9849368333816528,8128512.0,1746203755.1706703,5292
1847.907886405,5294,0.6149773001670837,0.01888020895421505,42112,26.76497459411621,0.3952575922012329,0.3040364682674408,40.32223892211914,1.4624468088150024,-0.6163762807846069,1.0,0.8260514140129089,8133120.0,1746203756.1808763,5295
1856.677412845,5320,0.6149773001670837,0.02083333395421505,42320,28.692058563232422,0.3721054494380951,0.6009114980697632,40.32223892211914,1.4624468088150024,-0.6616248488426208,1.0,1.2999603748321533,8173056.0,1746203764.9504383,5321
1857.688977631,5323,0.6149773001670837,0.01953125186264515,42344,28.180339813232422,0.40256503224372864,0.4199219048023224,40.32223892211914,1.4624468088150024,-0.6500241756439209,1.0,1.021357774734497,8177664.0,1746203765.9619827,5324
1865.438339958,5346,0.6149773001670837,0.01953125186264515,42528,28.678386688232422,0.4203389286994934,0.4759114682674408,40.32223892211914,1.4624468088150024,-0.6821038722991943,1.0,1.070819616317749,8212992.0,1746203773.711291,5347
1881.605568916,5394,0.6149773001670837,0.02148437686264515,42912,25.34505271911621,0.43394404649734497,0.4016927182674408,40.32223892211914,1.4624468088150024,-0.7348093390464783,1.0,0.9435921311378479,8286720.0,1746203789.8785686,5395
1890.364531716,5420,0.6149773001670837,0.017578125,43120,28.726564407348633,0.4698171615600586,0.4570312798023224,40.32223892211914,1.4624468088150024,-0.6961614489555359,1.0,1.0161616802215576,8326656.0,1746203798.6375227,5421
1891.379263133,5423,0.6149773001670837,0.02083333395421505,43144,27.271486282348633,0.40377867221832275,0.3567708432674408,40.32223892211914,1.4624468088150024,-0.6830200552940369,1.0,0.9166967272758484,8331264.0,1746203799.652283,5424
1892.728064935,5427,0.6149773001670837,0.01953125186264515,43176,29.109376907348633,0.41756951808929443,0.4121094048023224,40.32223892211914,1.4624468088150024,-0.6804322004318237,1.0,1.020607829093933,8337408.0,1746203801.0010555,5428
1897.106045199,5440,0.6149773001670837,0.0182291679084301,43280,28.606121063232422,0.4771650433540344,0.5403646230697632,40.32223892211914,1.4624468088150024,-0.6652986407279968,1.0,1.159846305847168,8357376.0,1746203805.3789957,5441
1901.488501821,5453,0.6149773001670837,0.015625,43384,29.60091209411621,0.4784804582595825,0.3509114682674408,40.32223892211914,1.4624468088150024,-0.644843578338623,1.0,0.914811909198761,8377344.0,1746203809.7614787,5454
1904.182984037,5461,0.6149773001670837,0.017578125,43448,27.61067771911621,0.44556644558906555,0.4479166865348816,40.32223892211914,1.4624468088150024,-0.6546945571899414,1.0,1.0206959247589111,8389632.0,1746203812.4558523,5462
1913.954636806,5490,0.6149773001670837,0.01692708395421505,43680,28.854167938232422,0.5233519077301025,0.4440104365348816,40.32223892211914,1.4624468088150024,-0.6891323328018188,1.0,1.0227257013320923,8434176.0,1746203822.2276769,5491
1919.005209911,5505,0.6149773001670837,0.02083333395421505,43800,26.267580032348633,0.5530178546905518,0.3697916865348816,40.32223892211914,1.4624468088150024,-0.6559576988220215,1.0,0.9343340992927551,8457216.0,1746203827.2782564,5506
1920.350757504,5509,0.6149773001670837,0.01692708395421505,43832,29.356121063232422,0.47896048426628113,0.4641927182674408,40.32223892211914,1.4624468088150024,-0.6548687219619751,1.0,1.0659515857696533,8463360.0,1746203828.6237433,5510
1922.372156382,5515,0.6149773001670837,0.0182291679084301,43880,27.174480438232422,0.43920713663101196,0.3502604365348816,40.32223892211914,1.4624468088150024,-0.6880606412887573,1.0,0.8970375657081604,8472576.0,1746203830.645164,5516
1926.490841822,5527,0.7269139885902405,0.01888020895421505,43976,26.53255271911621,0.4848807454109192,0.4394531548023224,41.69850158691406,1.6323814392089844,-0.7130876183509827,1.0,1.022796869277954,8491008.0,1746203834.7638514,5528
1926.827287067,5528,0.7269139885902405,0.01888020895421505,43984,28.81575584411621,0.501476526260376,0.4186198115348816,41.69850158691406,1.6323814392089844,-0.6931697726249695,1.0,1.015260100364685,8492544.0,1746203835.1003253,5529
1927.83760473,5531,0.7269139885902405,0.01888020895421505,44008,25.819011688232422,0.39222148060798645,0.3645833432674408,41.69850158691406,1.6323814392089844,-0.6974133253097534,1.0,0.9059396386146545,8497152.0,1746203836.1106277,5532
1929.185683675,5535,0.7269139885902405,0.01953125186264515,44040,28.817058563232422,0.536331295967102,0.4778646230697632,41.69850158691406,1.6323814392089844,-0.6113500595092773,1.0,1.1061253547668457,8503296.0,1746203837.458729,5536
1931.879532462,5543,0.7269139885902405,0.01953125186264515,44104,26.279949188232422,0.4442814886569977,0.3899739682674408,41.69850158691406,1.6323814392089844,-0.6641052961349487,1.0,0.927111804485321,8515584.0,1746203840.1524162,5544
1935.250790267,5553,0.7269139885902405,0.01888020895421505,44184,27.87630271911621,0.4808168113231659,0.4941406548023224,41.69850158691406,1.6323814392089844,-0.6735012531280518,1.0,1.094645619392395,8530944.0,1746203843.5238173,5554
1935.924169663,5555,0.7269139885902405,0.01953125186264515,44200,28.798830032348633,0.44956833124160767,0.3932291865348816,41.69850158691406,1.6323814392089844,-0.6556041240692139,1.0,0.9814969897270203,8534016.0,1746203844.197152,5556
1939.630723172,5566,0.7269139885902405,0.0201822929084301,44288,27.238283157348633,0.421952486038208,0.3860677182674408,41.69850158691406,1.6323814392089844,-0.6820260286331177,1.0,0.9739588499069214,8550912.0,1746203847.903782,5567
1941.993779253,5573,0.7269139885902405,0.01953125186264515,44344,27.350261688232422,0.4589794874191284,0.4342448115348816,41.69850158691406,1.6323814392089844,-0.6817970275878906,1.0,0.9905195236206055,8561664.0,1746203850.266826,5574
1950.764524447,5599,0.7269139885902405,0.01953125186264515,44552,27.91731834411621,0.5075881481170654,0.3723958432674408,41.69850158691406,1.6323814392089844,-0.6865096092224121,1.0,0.9724123477935791,8601600.0,1746203859.037454,5600
1952.11377219,5603,0.7269139885902405,0.0182291679084301,44584,26.418621063232422,0.414437472820282,0.4290364682674408,41.69850158691406,1.6323814392089844,-0.6869844198226929,1.0,0.9998956322669983,8607744.0,1746203860.3868222,5604
1959.874159966,5626,0.7269139885902405,0.0201822929084301,44768,27.694011688232422,0.41847699880599976,0.4694010615348816,41.69850158691406,1.6323814392089844,-0.7151936292648315,1.0,1.122626781463623,8643072.0,1746203868.1472516,5627
1964.262382793,5639,0.7269139885902405,0.0201822929084301,44872,27.613283157348633,0.42603278160095215,0.3626302182674408,41.69850158691406,1.6323814392089844,-0.7600271701812744,1.0,0.8902975916862488,8663040.0,1746203872.535449,5640
1971.387897684,5660,0.7269139885902405,0.01888020895421505,45040,28.14192771911621,0.5355874300003052,0.4986979365348816,41.69850158691406,1.6323814392089844,-0.7092477083206177,1.0,1.121823787689209,8695296.0,1746203879.6609476,5661
1974.76220429,5670,0.7269139885902405,0.017578125,45120,26.00716209411621,0.48735031485557556,0.2760416865348816,41.69850158691406,1.6323814392089844,-0.6938990354537964,1.0,0.788855254650116,8710656.0,1746203883.035262,5671
1981.175468677,5689,0.7269139885902405,0.0182291679084301,45272,26.770183563232422,0.4863279163837433,0.3750000298023224,41.69850158691406,1.6323814392089844,-0.6928421258926392,1.0,0.8977900147438049,8739840.0,1746203889.4485176,5690
1981.512345448,5690,0.7269139885902405,0.01953125186264515,45280,27.20638084411621,0.4953781068325043,0.26171875,41.69850158691406,1.6323814392089844,-0.7252188920974731,1.0,0.7851065993309021,8741376.0,1746203889.785408,5691
1982.861350352,5694,0.7269139885902405,0.0182291679084301,45312,28.78450584411621,0.3987593650817871,0.4713541865348816,41.69850158691406,1.6323814392089844,-0.7748942971229553,1.0,1.0846526622772217,8747520.0,1746203891.134441,5695
1983.198972181,5695,0.7269139885902405,0.0201822929084301,45320,26.65559959411621,0.38325071334838867,0.4368489682674408,41.69850158691406,1.6323814392089844,-0.7471647262573242,1.0,1.0603166818618774,8749056.0,1746203891.4720387,5696
1985.223821477,5701,0.7269139885902405,0.0182291679084301,45368,27.935548782348633,0.36260247230529785,0.4036458432674408,41.69850158691406,1.6323814392089844,-0.7504445910453796,1.0,0.989567220211029,8758272.0,1746203893.4968908,5702
1985.897329726,5703,0.7269139885902405,0.02083333395421505,45384,26.558595657348633,0.622016191482544,0.3274739682674408,41.69850158691406,1.6323814392089844,-0.7342698574066162,1.0,0.8589880466461182,8761344.0,1746203894.170417,5704
1991.632426741,5720,0.7269139885902405,0.0221354179084301,45520,25.793621063232422,0.5163357257843018,0.3619791865348816,41.69850158691406,1.6323814392089844,-0.7467831969261169,1.0,0.9458006024360657,8787456.0,1746203899.9054797,5721
2007.138642015,5766,0.7269139885902405,0.01953125186264515,45888,24.551433563232422,0.4466450810432434,0.3912760615348816,41.69850158691406,1.6323814392089844,-0.7644715309143066,1.0,0.9992814064025879,8858112.0,1746203915.4117155,5767
2024.328373255,5817,0.7269139885902405,0.02083333395421505,46296,27.69661521911621,0.46820271015167236,0.3255208432674408,41.69850158691406,1.6323814392089844,-0.7496235370635986,1.0,0.8543192744255066,8936448.0,1746203932.6014419,5818
2029.719818059,5833,0.7269139885902405,0.01953125186264515,46424,25.994792938232422,0.40754392743110657,0.3932291865348816,41.69850158691406,1.6323814392089844,-0.7386373281478882,1.0,0.9253624677658081,8961024.0,1746203937.9928992,5834
2035.528525607,5850,0.7077519297599792,0.01888020895421505,46560,27.363933563232422,0.4447759985923767,0.3964844048023224,41.78527069091797,1.6066166162490845,-0.7308292388916016,0.9999999403953552,0.9192166328430176,8987136.0,1746203943.8015976,5851
2041.597454145,5868,0.7077519297599792,0.0221354179084301,46704,25.42903709411621,0.4707614779472351,0.4492187798023224,41.78527069091797,1.6066166162490845,-0.7172038555145264,0.9999999403953552,1.018654227256775,9014784.0,1746203949.8705244,5869
2041.933651709,5869,0.7077519297599792,0.01888020895421505,46712,28.166017532348633,0.39738544821739197,0.4023437798023224,41.78527069091797,1.6066166162490845,-0.7035473585128784,0.9999999403953552,0.9358017444610596,9016320.0,1746203950.206733,5870
2044.964777496,5878,0.7077519297599792,0.0162760429084301,46784,26.494792938232422,0.3984135389328003,0.3678385615348816,41.78527069091797,1.6066166162490845,-0.7238118648529053,0.9999999403953552,0.8432004451751709,9030144.0,1746203953.2378635,5879
2048.334386645,5888,0.7077519297599792,0.0201822929084301,46864,26.701824188232422,0.4032672643661499,0.3404948115348816,41.78527069091797,1.6066166162490845,-0.7499889731407166,0.9999999403953552,0.8465771079063416,9045504.0,1746203956.6074622,5889
2049.345369392,5891,0.7077519297599792,0.02083333395421505,46888,24.914714813232422,0.37473437190055847,0.4876302480697632,41.78527069091797,1.6066166162490845,-0.7173004150390625,0.9999999403953552,1.0636097192764282,9050112.0,1746203957.618455,5892
2056.441877605,5912,0.7077519297599792,0.02083333395421505,47056,26.932292938232422,0.367422878742218,0.2734375,41.78527069091797,1.6066166162490845,-0.7608293294906616,0.9999999403953552,0.8384302854537964,9082368.0,1746203964.7149663,5913
2062.506689957,5930,0.7077519297599792,0.01888020895421505,47200,26.483074188232422,0.40257012844085693,0.4954427480697632,41.78527069091797,1.6066166162490845,-0.7051202058792114,0.9999999403953552,1.0840002298355103,9110016.0,1746203970.7797537,5931
2065.876689895,5940,0.7077519297599792,0.02148437686264515,47280,26.51302146911621,0.3867676258087158,0.5494791865348816,41.78527069091797,1.6066166162490845,-0.7492783665657043,0.9999999403953552,1.1785351037979126,9125376.0,1746203974.1497462,5941
2071.275116223,5956,0.7077519297599792,0.01692708395421505,47408,26.576173782348633,0.4212222695350647,0.4283854365348816,41.78527069091797,1.6066166162490845,-0.7603405714035034,0.9999999403953552,0.9871112108230591,9149952.0,1746203979.548178,5957
2082.399738049,5989,0.7077519297599792,0.01953125186264515,47672,27.203126907348633,0.38808655738830566,0.5325521230697632,41.78527069091797,1.6066166162490845,-0.7417738437652588,0.9999999403953552,1.1482783555984497,9200640.0,1746203990.6727803,5990
2091.499395696,6016,0.7077519297599792,0.0182291679084301,47888,25.69856834411621,0.44737863540649414,0.2643229365348816,41.78527069091797,1.6066166162490845,-0.8374390602111816,0.9999999403953552,0.7610265612602234,9242112.0,1746203999.7723927,6017
2094.535331581,6025,0.7077519297599792,0.02083333395421505,47960,26.826824188232422,0.41838234663009644,0.4029948115348816,41.78527069091797,1.6066166162490845,-0.8511396646499634,0.9999999403953552,1.0095146894454956,9255936.0,1746204002.808387,6026
2097.236244671,6033,0.7077519297599792,0.02083333395421505,48024,26.869142532348633,0.45700329542160034,0.4166666865348816,41.78527069091797,1.6066166162490845,-0.890510082244873,0.9999999403953552,1.0189894437789917,9268224.0,1746204005.509319,6034
2105.673103461,6058,0.7077519297599792,0.01953125186264515,48224,26.50520896911621,0.3958829343318939,0.4160156548023224,41.78527069091797,1.6066166162490845,-0.8199164867401123,0.9999999403953552,0.9911055564880371,9306624.0,1746204013.9460888,6059
2122.555108147,6108,0.7077519297599792,0.02343750186264515,48624,26.11653709411621,0.35135820508003235,0.4811198115348816,41.78527069091797,1.6066166162490845,-0.7761162519454956,0.9999999403953552,1.1011145114898682,9383424.0,1746204030.8281043,6109
2127.60481316,6123,0.7077519297599792,0.0201822929084301,48744,28.113933563232422,0.31288909912109375,0.4850260615348816,41.78527069091797,1.6066166162490845,-0.7934883832931519,0.9999999403953552,1.1191301345825195,9406464.0,1746204035.8777938,6124
2129.962411831,6130,0.7077519297599792,0.0201822929084301,48800,26.535158157348633,0.34202122688293457,0.4615885615348816,41.78527069091797,1.6066166162490845,-0.7749079465866089,0.9999999403953552,1.0602257251739502,9417216.0,1746204038.235478,6131
2138.361983223,6155,0.7077519297599792,0.02148437686264515,49000,26.75911521911621,0.3564830422401428,0.4544270932674408,41.78527069091797,1.6066166162490845,-0.8681321740150452,0.9999999403953552,1.0553034543991089,9455616.0,1746204046.635036,6156
2142.387372559,6167,0.7077519297599792,0.02083333395421505,49096,26.07747459411621,0.34698083996772766,0.4537760615348816,41.78527069091797,1.6066166162490845,-0.8061549663543701,0.9999999403953552,1.0257126092910767,9474048.0,1746204050.660412,6168
2144.401193365,6173,0.7077519297599792,0.02278645895421505,49144,25.731121063232422,0.340883731842041,0.3463541865348816,41.78527069091797,1.6066166162490845,-0.8302668929100037,0.9999999403953552,0.9169818162918091,9483264.0,1746204052.6742551,6174
2145.485994668,6176,0.6927453279495239,0.02278645895421505,49168,26.988283157348633,0.37957555055618286,0.5957031846046448,38.46372604370117,1.5794286727905273,-0.817734956741333,0.9999999403953552,1.2407443523406982,9487872.0,1746204053.7590344,6177
2155.550039708,6206,0.6927453279495239,0.02148437686264515,49408,27.539064407348633,0.3503228724002838,0.4798177480697632,38.46372604370117,1.5794286727905273,-0.8687061071395874,0.9999999403953552,1.0792793035507202,9533952.0,1746204063.823081,6207
2156.556548232,6209,0.6927453279495239,0.02083333395421505,49432,26.05599021911621,0.34993165731430054,0.4108073115348816,38.46372604370117,1.5794286727905273,-0.869774580001831,0.9999999403953552,1.008848786354065,9538560.0,1746204064.8296053,6210
2158.914011778,6216,0.6927453279495239,0.02148437686264515,49488,25.496095657348633,0.29453369975090027,0.3378906548023224,38.46372604370117,1.5794286727905273,-0.8601919412612915,0.9999999403953552,0.8986572027206421,9549312.0,1746204067.1870198,6217
2159.922813824,6219,0.6927453279495239,0.02278645895421505,49512,26.238933563232422,0.33773893117904663,0.5696614980697632,38.46372604370117,1.5794286727905273,-0.8072242736816406,0.9999999403953552,1.2289258241653442,9553920.0,1746204068.195869,6220
2161.274016164,6223,0.6927453279495239,0.0201822929084301,49544,27.66927146911621,0.3043457269668579,0.4303385615348816,38.46372604370117,1.5794286727905273,-0.8945264220237732,0.9999999403953552,1.0111360549926758,9560064.0,1746204069.5470498,6224
2165.633649663,6236,0.6927453279495239,0.02083333395421505,49648,27.529298782348633,0.3300367593765259,0.4641927182674408,38.46372604370117,1.5794286727905273,-0.850244402885437,0.9999999403953552,1.0748907327651978,9580032.0,1746204073.906684,6237
2171.336730529,6253,0.6927453279495239,0.0201822929084301,49784,27.462892532348633,0.2988024353981018,0.3906250298023224,38.46372604370117,1.5794286727905273,-0.8437814712524414,0.9999999403953552,0.9663125872612,9606144.0,1746204079.6097684,6254
2175.362087172,6265,0.6927453279495239,0.0182291679084301,49880,28.142580032348633,0.3007124066352844,0.3476562798023224,38.46372604370117,1.5794286727905273,-0.823492705821991,0.9999999403953552,0.8978071808815002,9624576.0,1746204083.635111,6266
2177.377778156,6271,0.6927453279495239,0.02148437686264515,49928,28.621746063232422,0.3462322950363159,0.6067708730697632,38.46372604370117,1.5794286727905273,-0.7994945049285889,0.9999999403953552,1.2758303880691528,9633792.0,1746204085.6508007,6272
2177.713737158,6272,0.6927453279495239,0.02278645895421505,49936,23.709636688232422,0.30997729301452637,0.5071614980697632,38.46372604370117,1.5794286727905273,-0.83001708984375,0.9999999403953552,1.1531413793563843,9635328.0,1746204085.9867904,6273
2192.151602521,6315,0.6927453279495239,0.01953125186264515,50280,27.681642532348633,0.33659929037094116,0.4960937798023224,38.46372604370117,1.5794286727905273,-0.9027420282363892,0.9999999403953552,1.1116491556167603,9701376.0,1746204100.4246392,6316
2204.628378832,6352,0.6927453279495239,0.01953125186264515,50576,27.385417938232422,0.3358769118785858,0.4355469048023224,38.46372604370117,1.5794286727905273,-0.9137380719184875,0.9999999403953552,1.0529834032058716,9758208.0,1746204112.90136,6353
2205.639457918,6355,0.6927453279495239,0.0221354179084301,50600,26.74739646911621,0.37871885299682617,0.4218750298023224,38.46372604370117,1.5794286727905273,-0.9053933620452881,0.9999999403953552,1.0156904458999634,9762816.0,1746204113.9124656,6356
2209.006950029,6365,0.6927453279495239,0.0201822929084301,50680,27.419923782348633,0.4111343026161194,0.4746094048023224,38.46372604370117,1.5794286727905273,-0.8733748197555542,0.9999999403953552,1.0907845497131348,9778176.0,1746204117.2799652,6366
2211.712337736,6373,0.6927453279495239,0.02343750186264515,50744,25.139324188232422,0.4118231534957886,0.4010416865348816,38.46372604370117,1.5794286727905273,-0.901864767074585,0.9999999403953552,0.9636368155479431,9790464.0,1746204119.985291,6374
2220.135452777,6398,0.6927453279495239,0.0201822929084301,50944,29.013673782348633,0.4439614415168762,0.3860677182674408,38.46372604370117,1.5794286727905273,-0.8859702944755554,0.9999999403953552,0.961900532245636,9828864.0,1746204128.4083822,6399
2220.476814697,6399,0.6927453279495239,0.0201822929084301,50952,24.351564407348633,0.4149634838104248,0.4147135615348816,38.46372604370117,1.5794286727905273,-0.8924264907836914,0.9999999403953552,0.9472270011901855,9830400.0,1746204128.7498252,6400
2223.848407496,6409,0.6927453279495239,0.0182291679084301,51032,27.674480438232422,0.37360191345214844,0.5091146230697632,38.46372604370117,1.5794286727905273,-0.9340174794197083,0.9999999403953552,1.1199089288711548,9845760.0,1746204132.1214635,6410
2226.542205456,6417,0.6927453279495239,0.0221354179084301,51096,25.904949188232422,0.3678041696548462,0.3899739682674408,38.46372604370117,1.5794286727905273,-0.947689414024353,0.9999999403953552,0.96947181224823,9858048.0,1746204134.8152194,6418
2227.215252574,6419,0.6927453279495239,0.02278645895421505,51112,26.757814407348633,0.3771790862083435,0.5364583730697632,38.46372604370117,1.5794286727905273,-0.9499264359474182,0.9999999403953552,1.180250883102417,9861120.0,1746204135.4882126,6420
2231.593001938,6432,0.6927453279495239,0.02083333395421505,51216,25.007814407348633,0.3914123773574829,0.4010416865348816,38.46372604370117,1.5794286727905273,-0.9910291433334351,0.9999999403953552,0.938825786113739,9881088.0,1746204139.8660185,6433
2234.28788032,6440,0.6927453279495239,0.0182291679084301,51280,27.857423782348633,0.40015077590942383,0.3938802182674408,38.46372604370117,1.5794286727905273,-1.0000574588775635,0.9999999403953552,0.9842276573181152,9893376.0,1746204142.5607307,6441
2236.307709221,6446,0.6927453279495239,0.02083333395421505,51328,27.586589813232422,0.3594961166381836,0.5,38.46372604370117,1.5794286727905273,-0.9872058033943176,0.9999999403953552,1.1337311267852783,9902592.0,1746204144.580714,6447
2243.713853074,6468,0.6927453279495239,0.0240885429084301,51504,24.895183563232422,0.3669714033603668,0.3802083432674408,38.46372604370117,1.5794286727905273,-1.017176866531372,0.9999999403953552,0.9345026016235352,9936384.0,1746204151.986868,6469
2246.407830734,6476,0.6927453279495239,0.0201822929084301,51568,26.63802146911621,0.33670544624328613,0.4824219048023224,38.46372604370117,1.5794286727905273,-1.0478971004486084,0.9999999403953552,1.1260719299316406,9948672.0,1746204154.6808798,6477
2248.092540049,6481,0.6927453279495239,0.02278645895421505,51608,24.84505271911621,0.3293045163154602,0.4641927182674408,38.46372604370117,1.5794286727905273,-1.037028431892395,0.9999999403953552,1.0865837335586548,9956352.0,1746204156.3656006,6482
2249.445241868,6485,0.6927453279495239,0.02083333395421505,51640,25.218751907348633,0.3605363667011261,0.4947916865348816,38.46372604370117,1.5794286727905273,-1.066688060760498,0.9999999403953552,1.097155213356018,9962496.0,1746204157.7181892,6486
2255.928972706,6504,0.7432228922843933,0.01888020895421505,51792,28.342449188232422,0.37183618545532227,0.4212239682674408,40.759037017822266,1.6584497690200806,-1.0561776161193848,1.0,0.9831766486167908,9991680.0,1746204164.202001,6505
