test_returned_episode_returns,loss,test_returned_episode_lengths,returned_episode_lengths,test_returned_episode,qvals,returned_episode,env_step,returned_won_episode,grad_steps,_timestamp,update_steps,returned_episode_returns,_runtime,test_returned_won_episode,_step
0.13532555103302002,0.0,21.7208194732666,25.626955032348633,0.9999999403953552,0.0,0.02278645895421505,4608.0,0.0,0,1746452911.8334641,3,0.2294403314590454,70.116045607,0.0,2
0.13532555103302002,0.0,21.7208194732666,27.271486282348633,0.9999999403953552,0.0,0.02278645895421505,9216.0,0.0,0,1746452912.0600095,6,0.22455798089504242,70.342551071,0.0,5
0.13532555103302002,0.0,21.7208194732666,24.26692771911621,0.9999999403953552,0.0,0.02343750186264515,16896.0,0.0026041667442768812,0,1746452912.4389791,11,0.20312164723873138,70.721502274,0.0,10
0.13532555103302002,0.0,21.7208194732666,26.29036521911621,0.9999999403953552,0.0,0.02473958395421505,23040.0,0.0,0,1746452912.740998,15,0.1895672231912613,71.023575755,0.0,14
0.13532555103302002,0.0,21.7208194732666,26.631511688232422,0.9999999403953552,0.0,0.02539062686264515,30720.0,0.0,0,1746452913.1186655,20,0.18738925457000732,71.40119471,0.0,19
0.13532555103302002,0.02141936495900154,21.7208194732666,24.87239646911621,0.9999999403953552,0.05534053593873978,0.02669270895421505,56832.0,0.0,48,1746452916.7268653,37,0.20414064824581146,75.009456668,0.0,36
0.13532555103302002,0.02964165061712265,21.7208194732666,25.47591209411621,0.9999999403953552,-0.036902062594890594,0.02473958395421505,58368.0,0.0,56,1746452917.1895177,38,0.1678360551595688,75.472130763,0.0,37
0.13532555103302002,0.06336654722690582,21.7208194732666,26.318361282348633,0.9999999403953552,0.16376841068267822,0.02148437686264515,99840.0,0.0,272,1746452929.7565532,65,0.2385183870792389,88.039114808,0.0,64
0.13532555103302002,0.3998417556285858,21.7208194732666,28.294923782348633,0.9999999403953552,0.18781280517578125,0.02083333395421505,199680.0,0.0,792,1746452960.0753586,130,0.23393933475017548,118.357930663,0.0,129
0.13532555103302002,0.8970307111740112,21.7208194732666,26.66341209411621,0.9999999403953552,0.2521386444568634,0.02473958395421505,225792.0,0.0,928,1746452967.9938955,147,0.2627179026603699,126.276452856,0.0,146
0.13532555103302002,0.6079375743865967,21.7208194732666,25.006511688232422,0.9999999403953552,0.23665469884872437,0.02473958395421505,228864.0,0.0,944,1746452968.9217741,149,0.22884631156921387,127.204378877,0.0,148
0.13532555103302002,0.7038285732269287,21.7208194732666,26.010417938232422,0.9999999403953552,0.24570244550704956,0.02148437686264515,259584.0,0.0,1104,1746452978.207012,169,0.25902435183525085,136.489626551,0.0,168
0.13532555103302002,0.8177961111068726,21.7208194732666,25.375001907348633,0.9999999403953552,0.2457653284072876,0.02343750186264515,274944.0,0.0,1184,1746452982.8486056,179,0.25445321202278137,141.131132061,0.0,178
0.13532555103302002,0.8485034704208374,21.7208194732666,27.10677146911621,0.9999999403953552,0.22232504189014435,0.02148437686264515,296448.0,0.0,1296,1746452989.3433425,193,0.2611154615879059,147.625880904,0.0,192
0.13532555103302002,1.7250760793685913,21.7208194732666,26.850261688232422,0.9999999403953552,0.23270249366760254,0.02083333395421505,342528.0,0.0,1536,1746453003.2597165,223,0.2688160836696625,161.542268164,0.0,222
0.13532555103302002,1.9636695384979248,21.7208194732666,27.738933563232422,0.9999999403953552,0.21254892647266388,0.01888020895421505,354816.0,0.0,1600,1746453006.959119,231,0.2685423791408539,165.241657303,0.0,230
0.13532555103302002,1.8252172470092773,21.7208194732666,27.15559959411621,0.9999999403953552,0.23723068833351135,0.02148437686264515,356352.0,0.0,1608,1746453007.4226654,232,0.24229680001735687,165.705269762,0.0,231
0.13532555103302002,1.824312686920166,21.7208194732666,26.375652313232422,0.9999999403953552,0.23142538964748383,0.02083333395421505,362496.0,0.0,1640,1746453009.2721033,236,0.2646600604057312,167.554648084,0.0,235
0.13532555103302002,4.207493782043457,21.7208194732666,26.87825584411621,0.9999999403953552,0.24012264609336853,0.02083333395421505,394752.0,0.0,1808,1746453018.9906414,257,0.2494012862443924,177.273176993,0.0,256
0.13532555103302002,3.9072837829589844,21.7208194732666,27.397136688232422,0.9999999403953552,0.2251485139131546,0.02083333395421505,397824.0,0.0,1824,1746453019.9248142,259,0.25714147090911865,178.207480012,0.0,258
0.13532555103302002,4.2525410652160645,21.7208194732666,27.25325584411621,0.9999999403953552,0.23894836008548737,0.0201822929084301,399360.0,0.0,1832,1746453020.3869634,260,0.30593618750572205,178.669499531,0.0,259
0.13532555103302002,5.769397735595703,21.7208194732666,27.939455032348633,0.9999999403953552,0.21966826915740967,0.0201822929084301,423936.0,0.0,1960,1746453027.8002427,276,0.2286195307970047,186.08275472,0.0,275
0.13532555103302002,5.024951934814453,21.7208194732666,26.303386688232422,0.9999999403953552,0.21213136613368988,0.02343750186264515,428544.0,0.0,1984,1746453029.187171,279,0.25160613656044006,187.469731521,0.0,278
0.13532555103302002,3.2469558715820312,21.7208194732666,26.519533157348633,0.9999999403953552,0.2150271236896515,0.0240885429084301,470016.0,0.0,2200,1746453041.6897452,306,0.272304892539978,199.972453939,0.0,305
0.13532555103302002,7.484946250915527,21.7208194732666,27.215496063232422,0.9999999403953552,0.21736110746860504,0.0221354179084301,480768.0,0.0,2256,1746453044.941998,313,0.27885037660598755,203.224685688,0.0,312
0.13532555103302002,4.204728603363037,21.7208194732666,26.296876907348633,0.9999999403953552,0.18862126767635345,0.01953125186264515,496128.0,0.0,2336,1746453049.5781107,323,0.2881052792072296,207.860805963,0.0,322
0.44947507977485657,6.606102466583252,37.855003356933594,27.58919334411621,1.0,0.20069441199302673,0.01888020895421505,511488.0,0.0,2416,1746453054.3434124,333,0.2580091953277588,212.62609522,0.004084411077201366,332
0.44947507977485657,19.389986038208008,37.855003356933594,26.63020896911621,1.0,0.2174113392829895,0.0221354179084301,520704.0,0.0,2464,1746453057.1190722,339,0.33087629079818726,215.401617056,0.004084411077201366,338
0.44947507977485657,5.841254711151123,37.855003356933594,26.611330032348633,1.0,0.2095324695110321,0.02278645895421505,528384.0,0.0240885429084301,2504,1746453059.43234,344,0.30959123373031616,217.714885882,0.004084411077201366,343
0.44947507977485657,6.538125038146973,37.855003356933594,26.36263084411621,1.0,0.21214835345745087,0.02278645895421505,537600.0,0.015625,2552,1746453062.2143543,350,0.2982575595378876,220.496927846,0.004084411077201366,349
0.44947507977485657,8.227567672729492,37.855003356933594,27.54036521911621,1.0,0.23194801807403564,0.02148437686264515,540672.0,0.0,2568,1746453063.1397877,352,0.2884686291217804,221.422332754,0.004084411077201366,351
0.44947507977485657,8.350929260253906,37.855003356933594,27.72395896911621,1.0,0.2189512848854065,0.01953125186264515,546816.0,0.02083333395421505,2600,1746453064.9915679,356,0.25857067108154297,223.274099418,0.004084411077201366,355
0.44947507977485657,9.045363426208496,37.855003356933594,26.639324188232422,1.0,0.21402308344841003,0.02148437686264515,551424.0,0.0,2624,1746453066.385599,359,0.271570086479187,224.668256154,0.004084411077201366,358
0.44947507977485657,9.821564674377441,37.855003356933594,25.006511688232422,1.0,0.20420052111148834,0.02473958395421505,565248.0,0.0,2696,1746453070.5540502,368,0.26386696100234985,228.836605094,0.004084411077201366,367
0.44947507977485657,17.46744155883789,37.855003356933594,26.30794334411621,1.0,0.20695073902606964,0.0221354179084301,577536.0,0.0,2760,1746453074.262534,376,0.2753635048866272,232.545057907,0.004084411077201366,375
0.44947507977485657,18.871929168701172,37.855003356933594,27.08333396911621,1.0,0.23144356906414032,0.02278645895421505,622080.0,0.02278645895421505,2992,1746453087.679293,405,0.3016524016857147,245.961843897,0.004084411077201366,404
0.44947507977485657,23.22254180908203,37.855003356933594,27.13216209411621,1.0,0.21045146882534027,0.01953125186264515,634368.0,0.0240885429084301,3056,1746453091.5746617,413,0.3065696954727173,249.857185538,0.004084411077201366,412
0.44947507977485657,25.113615036010742,37.855003356933594,28.682292938232422,1.0,0.2172011137008667,0.0182291679084301,642048.0,0.02083333395421505,3096,1746453093.8863764,418,0.32707634568214417,252.168897393,0.004084411077201366,417
0.44947507977485657,11.945623397827148,37.855003356933594,25.093751907348633,1.0,0.2167740911245346,0.0240885429084301,700416.0,0.0,3400,1746453111.4605005,456,0.25677815079689026,269.743000801,0.004084411077201366,455
0.44947507977485657,11.714406967163086,37.855003356933594,26.60286521911621,1.0,0.21360167860984802,0.0221354179084301,724992.0,0.0,3528,1746453118.8618877,472,0.3093640208244324,277.144387517,0.004084411077201366,471
0.44947507977485657,18.76243782043457,37.855003356933594,24.836589813232422,1.0,0.23576529324054718,0.02473958395421505,766464.0,0.0,3744,1746453131.3489757,499,0.29181092977523804,289.631484796,0.004084411077201366,498
0.44947507977485657,11.546278953552246,37.855003356933594,27.246746063232422,1.0,0.2710610032081604,0.02083333395421505,832512.0,0.0,4088,1746453151.2464979,542,0.3099469840526581,309.529011684,0.004084411077201366,541
0.44947507977485657,13.040250778198242,37.855003356933594,27.37044334411621,1.0,0.2941729426383972,0.0221354179084301,883200.0,0.01302083395421505,4352,1746453166.5176153,575,0.30788835883140564,324.800089419,0.004084411077201366,574
0.44947507977485657,14.996955871582031,37.855003356933594,27.385417938232422,1.0,0.3053479790687561,0.0182291679084301,890880.0,0.0,4392,1746453168.829031,580,0.27672481536865234,327.111516776,0.004084411077201366,579
0.44947507977485657,13.269542694091797,37.855003356933594,27.479167938232422,1.0,0.28998810052871704,0.0201822929084301,892416.0,0.0,4400,1746453169.2911668,581,0.3161063492298126,327.573628248,0.004084411077201366,580
0.44947507977485657,16.06661605834961,37.855003356933594,27.64192771911621,1.0,0.29249903559684753,0.0201822929084301,898560.0,0.0,4432,1746453171.1408072,585,0.29098883271217346,329.423279897,0.004084411077201366,584
0.44947507977485657,15.328086853027344,37.855003356933594,27.902345657348633,1.0,0.311970591545105,0.01497395895421505,921600.0,0.0,4552,1746453178.0856397,600,0.2764768600463867,336.368116647,0.004084411077201366,599
0.44947507977485657,30.636795043945312,37.855003356933594,26.06966209411621,1.0,0.33008241653442383,0.02343750186264515,943104.0,0.0,4664,1746453184.562013,614,0.2957203686237335,342.844501381,0.004084411077201366,613
0.44947507977485657,39.27621078491211,37.855003356933594,27.57552146911621,1.0,0.35598063468933105,0.01953125186264515,946176.0,0.02343750186264515,4680,1746453185.4864414,616,0.33921054005622864,343.768928849,0.004084411077201366,615
0.44947507977485657,26.806724548339844,37.855003356933594,26.560548782348633,1.0,0.30469879508018494,0.01888020895421505,961536.0,0.0,4760,1746453190.1093686,626,0.2325206845998764,348.391849018,0.004084411077201366,625
0.44947507977485657,22.143293380737305,37.855003356933594,25.29231834411621,1.0,0.2910952866077423,0.02148437686264515,964608.0,0.0260416679084301,4776,1746453191.0337424,628,0.3115321695804596,349.316226962,0.004084411077201366,627
0.44947507977485657,65.36723327636719,37.855003356933594,25.561199188232422,1.0,0.3197273313999176,0.0201822929084301,989184.0,0.0,4904,1746453198.431505,644,0.24651993811130524,356.713950352,0.004084411077201366,643
0.4770036041736603,32.526878356933594,47.1639518737793,26.076173782348633,1.0,0.32887041568756104,0.02278645895421505,1012224.0,0.0,5024,1746453205.493702,659,0.2508261799812317,363.776229512,0.007670182269066572,658
0.4770036041736603,28.03472900390625,47.1639518737793,27.769533157348633,1.0,0.30435243248939514,0.0162760429084301,1024512.0,0.0,5088,1746453209.1918545,667,0.27214106917381287,367.474329723,0.007670182269066572,666
0.4770036041736603,20.873165130615234,47.1639518737793,26.557292938232422,1.0,0.30263781547546387,0.02083333395421505,1033728.0,0.0,5136,1746453211.9653907,673,0.2599327564239502,370.247844146,0.007670182269066572,672
0.4770036041736603,22.820280075073242,47.1639518737793,26.105470657348633,1.0,0.3077789545059204,0.017578125,1036800.0,0.0,5152,1746453212.8894823,675,0.21892602741718292,371.171970966,0.007670182269066572,674
0.4770036041736603,16.995243072509766,47.1639518737793,27.79036521911621,1.0,0.29457488656044006,0.01953125186264515,1101312.0,0.0,5488,1746453232.3147693,717,0.26388394832611084,390.597259673,0.007670182269066572,716
0.4770036041736603,9.087265014648438,47.1639518737793,25.615886688232422,1.0,0.2290872037410736,0.0240885429084301,1184256.0,0.0,5920,1746453257.2818105,771,0.2578246295452118,415.564274751,0.007670182269066572,770
0.4770036041736603,13.68691635131836,47.1639518737793,25.287761688232422,1.0,0.26424306631088257,0.02148437686264515,1191936.0,0.0,5960,1746453259.5922682,776,0.2651541233062744,417.874714754,0.007670182269066572,775
0.4770036041736603,13.981863021850586,47.1639518737793,27.609376907348633,1.0,0.24781806766986847,0.012369791977107525,1218048.0,0.0,6096,1746453267.4530437,793,0.24630174040794373,425.73554387,0.007670182269066572,792
0.4770036041736603,13.40485668182373,47.1639518737793,26.482423782348633,1.0,0.20997117459774017,0.0221354179084301,1234944.0,0.0,6184,1746453272.5383692,804,0.26824697852134705,430.82085065,0.007670182269066572,803
0.4770036041736603,16.17477035522461,47.1639518737793,28.020183563232422,1.0,0.21980664134025574,0.01692708395421505,1241088.0,0.0,6216,1746453274.3905456,808,0.25626370310783386,432.673073237,0.007670182269066572,807
0.4770036041736603,15.460683822631836,47.1639518737793,26.236330032348633,1.0,0.25267907977104187,0.0221354179084301,1262592.0,0.0,6328,1746453280.8625736,822,0.3107823431491852,439.145054383,0.007670182269066572,821
0.4770036041736603,20.60165786743164,47.1639518737793,25.929689407348633,1.0,0.2303946316242218,0.017578125,1271808.0,0.01888020895421505,6376,1746453283.6423662,828,0.2574816346168518,441.924833989,0.007670182269066572,827
0.4770036041736603,25.93512725830078,47.1639518737793,27.803386688232422,1.0,0.2463221698999405,0.0162760429084301,1304064.0,0.0,6544,1746453293.4068882,849,0.24157220125198364,451.689374252,0.007670182269066572,848
0.4770036041736603,15.26089859008789,47.1639518737793,26.297527313232422,1.0,0.2707531452178955,0.0201822929084301,1305600.0,0.0078125,6552,1746453293.8694375,850,0.3264504373073578,452.151928289,0.007670182269066572,849
0.4770036041736603,25.853546142578125,47.1639518737793,28.56966209411621,1.0,0.27939897775650024,0.013671875931322575,1324032.0,0.0,6648,1746453299.4255571,862,0.2953413724899292,457.708108283,0.007670182269066572,861
0.4770036041736603,16.836578369140625,47.1639518737793,25.275392532348633,1.0,0.23930449783802032,0.0221354179084301,1334784.0,0.0,6704,1746453302.6921048,869,0.2920719087123871,460.97458577,0.007670182269066572,868
0.4770036041736603,21.64783477783203,47.1639518737793,24.007814407348633,1.0,0.2878964841365814,0.013671875931322575,1337856.0,0.0345052108168602,6720,1746453303.6239433,871,0.289503812789917,461.906503571,0.007670182269066572,870
0.4770036041736603,18.926525115966797,47.1639518737793,25.742839813232422,1.0,0.24847213923931122,0.01953125186264515,1342464.0,0.0,6744,1746453305.020715,874,0.27377262711524963,463.303207757,0.007670182269066572,873
0.4770036041736603,12.338091850280762,47.1639518737793,27.057292938232422,1.0,0.24394318461418152,0.0201822929084301,1348608.0,0.0,6776,1746453306.884304,878,0.29631203413009644,465.166794098,0.007670182269066572,877
0.4770036041736603,16.785377502441406,47.1639518737793,28.377605438232422,1.0,0.23737195134162903,0.014322916977107525,1431552.0,0.0364583358168602,7208,1746453332.0012624,932,0.39943674206733704,490.283713389,0.007670182269066572,931
0.4770036041736603,28.143638610839844,47.1639518737793,27.774089813232422,1.0,0.24406376481056213,0.01497395895421505,1456128.0,0.0,7336,1746453339.405972,948,0.2607172131538391,497.688458556,0.007670182269066572,947
0.4770036041736603,20.893577575683594,47.1639518737793,27.982423782348633,1.0,0.2654191851615906,0.017578125,1469952.0,0.0748697966337204,7408,1746453343.5667925,957,0.43467313051223755,501.849278974,0.007670182269066572,956
0.4770036041736603,22.751110076904297,47.1639518737793,29.297527313232422,1.0,0.23366597294807434,0.0162760429084301,1494528.0,0.01106770895421505,7536,1746453350.9649134,973,0.3160479962825775,509.247392621,0.007670182269066572,972
0.5762883424758911,19.248706817626953,46.65530014038086,27.719402313232422,1.0,0.24969518184661865,0.01497395895421505,1534464.0,0.0442708358168602,7744,1746453363.1098585,999,0.38474616408348083,521.392342978,0.02857142873108387,998
0.5762883424758911,28.7442626953125,46.65530014038086,26.888673782348633,1.0,0.21812137961387634,0.02278645895421505,1548288.0,0.0,7816,1746453367.2708507,1008,0.3290420472621918,525.553311115,0.02857142873108387,1007
0.5762883424758911,25.528057098388672,46.65530014038086,27.63802146911621,1.0,0.21241916716098785,0.01497395895421505,1555968.0,0.0,7856,1746453369.5831885,1013,0.2892782390117645,527.865669897,0.02857142873108387,1012
0.5762883424758911,23.95909309387207,46.65530014038086,28.53059959411621,1.0,0.20347119867801666,0.015625,1565184.0,0.017578125,7904,1746453372.370424,1019,0.3510744273662567,530.65289623,0.02857142873108387,1018
0.5762883424758911,33.856658935546875,46.65530014038086,27.36458396911621,1.0,0.22842718660831451,0.017578125,1569792.0,0.01106770895421505,7928,1746453373.757164,1022,0.3394704759120941,532.039645348,0.02857142873108387,1021
0.5762883424758911,32.70782470703125,46.65530014038086,28.569011688232422,1.0,0.2179967612028122,0.01888020895421505,1572864.0,0.0032552084885537624,7944,1746453374.6817365,1024,0.36259594559669495,532.964192444,0.02857142873108387,1023
0.5762883424758911,30.626279830932617,46.65530014038086,27.158205032348633,1.0,0.18926215171813965,0.01953125186264515,1598976.0,0.0,8080,1746453382.5480375,1041,0.35538190603256226,540.830547835,0.02857142873108387,1040
0.5762883424758911,26.216777801513672,46.65530014038086,26.922527313232422,1.0,0.23172955214977264,0.015625,1625088.0,0.01497395895421505,8216,1746453390.4067204,1058,0.3382636606693268,548.689229789,0.02857142873108387,1057
0.5762883424758911,21.53760528564453,46.65530014038086,28.53450584411621,1.0,0.2758305072784424,0.015625,1666560.0,0.0,8432,1746453402.8915305,1085,0.3227808177471161,561.174005416,0.02857142873108387,1084
0.5762883424758911,24.78604507446289,46.65530014038086,28.082683563232422,1.0,0.28529179096221924,0.015625,1684992.0,0.0,8528,1746453408.440225,1097,0.35416704416275024,566.722683396,0.02857142873108387,1096
0.5762883424758911,24.721271514892578,46.65530014038086,29.02278709411621,1.0,0.2583613395690918,0.01692708395421505,1708032.0,0.0,8648,1746453415.3745973,1112,0.34885522723197937,573.657101329,0.02857142873108387,1111
0.5762883424758911,26.47612190246582,46.65530014038086,26.716798782348633,1.0,0.26528072357177734,0.017578125,1724928.0,0.02278645895421505,8736,1746453420.4587753,1123,0.37576013803482056,578.741259348,0.02857142873108387,1122
0.5762883424758911,17.576152801513672,46.65530014038086,26.689455032348633,1.0,0.2183302789926529,0.0162760429084301,1771008.0,0.0,8976,1746453434.337952,1153,0.35034671425819397,592.620420982,0.02857142873108387,1152
0.5762883424758911,13.1306791305542,46.65530014038086,26.52669334411621,1.0,0.21668753027915955,0.0201822929084301,1783296.0,0.02864583395421505,9040,1746453438.0360272,1161,0.39723607897758484,596.318512462,0.02857142873108387,1160
0.5762883424758911,12.892234802246094,46.65530014038086,26.949220657348633,1.0,0.1613953411579132,0.015625,1798656.0,0.0305989608168602,9120,1746453442.658747,1171,0.34569668769836426,600.941220719,0.02857142873108387,1170
0.5762883424758911,15.959020614624023,46.65530014038086,27.51692771911621,1.0,0.1890614628791809,0.02083333395421505,1806336.0,0.0240885429084301,9160,1746453444.9705782,1176,0.3739120066165924,603.253053737,0.02857142873108387,1175
0.5762883424758911,16.781694412231445,46.65530014038086,26.839845657348633,1.0,0.16766279935836792,0.017578125,1814016.0,0.0,9200,1746453447.2810743,1181,0.3388899564743042,605.563542216,0.02857142873108387,1180
0.5762883424758911,20.903133392333984,46.65530014038086,28.283205032348633,1.0,0.14183327555656433,0.01692708395421505,1837056.0,0.0,9320,1746453454.2203941,1196,0.3137322962284088,612.502853653,0.02857142873108387,1195
0.5762883424758911,15.540460586547852,46.65530014038086,27.402996063232422,1.0,0.15066805481910706,0.0182291679084301,1883136.0,0.0436197929084301,9560,1746453468.0960069,1226,0.3996797204017639,626.37849156,0.02857142873108387,1225
0.5762883424758911,16.088651657104492,46.65530014038086,27.86067771911621,1.0,0.13944092392921448,0.01497395895421505,1893888.0,0.0520833358168602,9616,1746453471.3422701,1233,0.43078920245170593,629.62473597,0.02857142873108387,1232
0.5762883424758911,18.40302085876465,46.65530014038086,27.613283157348633,1.0,0.14426186680793762,0.01302083395421505,1895424.0,0.0,9624,1746453471.8044057,1234,0.241055428981781,630.086853113,0.02857142873108387,1233
0.5762883424758911,7.530034065246582,46.65530014038086,27.043621063232422,1.0,0.12907272577285767,0.0162760429084301,1909248.0,0.0,9696,1746453475.9699738,1243,0.3016344904899597,634.252441339,0.02857142873108387,1242
0.5762883424758911,9.551996231079102,46.65530014038086,28.108074188232422,1.0,0.13453921675682068,0.013671875931322575,1918464.0,0.0,9744,1746453478.7394147,1249,0.28357088565826416,637.0218768,0.02857142873108387,1248
0.5762883424758911,14.122774124145508,46.65530014038086,28.73567771911621,1.0,0.14891231060028076,0.01302083395421505,1929216.0,0.0,9800,1746453481.9801307,1256,0.3089554011821747,640.262644624,0.02857142873108387,1255
0.5288749933242798,11.527339935302734,53.06081008911133,29.170574188232422,0.9999999403953552,0.1754092276096344,0.014322916977107525,2016768.0,0.0,10256,1746453508.4960623,1313,0.3541496992111206,666.778538841,0.011261261068284512,1312
0.5288749933242798,10.850744247436523,53.06081008911133,28.867839813232422,0.9999999403953552,0.1687849760055542,0.015625,2027520.0,0.0,10312,1746453511.731127,1320,0.3696709871292114,670.013600164,0.011261261068284512,1319
0.5288749933242798,12.20573902130127,53.06081008911133,26.302736282348633,0.9999999403953552,0.18346792459487915,0.01497395895421505,2041344.0,0.01888020895421505,10384,1746453515.890512,1329,0.32092660665512085,674.172983146,0.011261261068284512,1328
0.5288749933242798,8.751840591430664,53.06081008911133,27.898439407348633,0.9999999403953552,0.1413070261478424,0.01302083395421505,2047488.0,0.0436197929084301,10416,1746453517.7409155,1333,0.41379183530807495,676.023382534,0.011261261068284512,1332
0.5288749933242798,15.947264671325684,53.06081008911133,27.449871063232422,0.9999999403953552,0.18349479138851166,0.015625,2052096.0,0.0,10440,1746453519.1282318,1336,0.35294753313064575,677.410682974,0.011261261068284512,1335
0.5288749933242798,11.30451774597168,53.06081008911133,30.190105438232422,0.9999999403953552,0.17365878820419312,0.01106770895421505,2055168.0,0.0,10456,1746453520.0524821,1338,0.33808621764183044,678.334951573,0.011261261068284512,1337
0.5288749933242798,8.722068786621094,53.06081008911133,29.69661521911621,0.9999999403953552,0.12409159541130066,0.01302083395421505,2107392.0,0.0,10728,1746453535.783315,1372,0.3332017958164215,694.06578575,0.011261261068284512,1371
0.5288749933242798,9.754081726074219,53.06081008911133,28.705730438232422,0.9999999403953552,0.10948080569505692,0.01888020895421505,2118144.0,0.01888020895421505,10784,1746453539.0212579,1379,0.41090989112854004,697.303731622,0.011261261068284512,1378
0.5288749933242798,7.7676897048950195,53.06081008911133,26.350261688232422,0.9999999403953552,0.10366717725992203,0.015625,2125824.0,0.02343750186264515,10824,1746453541.3320425,1384,0.38015493750572205,699.614523153,0.011261261068284512,1383
0.5288749933242798,7.1750311851501465,53.06081008911133,28.02278709411621,0.9999999403953552,0.13061431050300598,0.0162760429084301,2171904.0,0.0,11064,1746453555.2090561,1414,0.3510136008262634,713.491559912,0.011261261068284512,1413
0.5288749933242798,8.764032363891602,53.06081008911133,27.943361282348633,0.9999999403953552,0.16329777240753174,0.0162760429084301,2174976.0,0.0,11080,1746453556.1333466,1416,0.3579656183719635,714.415803595,0.011261261068284512,1415
0.5288749933242798,5.0966796875,53.06081008911133,29.210939407348633,0.9999999403953552,0.13163314759731293,0.013671875931322575,2210304.0,0.0,11264,1746453566.7655544,1439,0.41633808612823486,725.04802841,0.011261261068284512,1438
0.5288749933242798,13.181835174560547,53.06081008911133,27.335939407348633,0.9999999403953552,0.15667061507701874,0.01953125186264515,2213376.0,0.0052083334885537624,11280,1746453567.6898854,1441,0.3998703956604004,725.972375367,0.011261261068284512,1440
0.5288749933242798,4.803168296813965,53.06081008911133,24.889324188232422,0.9999999403953552,0.12809431552886963,0.013671875931322575,2214912.0,0.02864583395421505,11288,1746453568.1519675,1442,0.31946566700935364,726.434438708,0.011261261068284512,1441
0.5288749933242798,4.422536849975586,53.06081008911133,29.81380271911621,0.9999999403953552,0.13235805928707123,0.015625,2242560.0,0.0325520858168602,11432,1746453576.480237,1460,0.4413983225822449,734.762705312,0.011261261068284512,1459
0.5288749933242798,9.038015365600586,53.06081008911133,27.70052146911621,0.9999999403953552,0.19399963319301605,0.015625,2305536.0,0.03125,11760,1746453595.434161,1501,0.38676905632019043,753.716642238,0.011261261068284512,1500
0.5288749933242798,7.257366180419922,53.06081008911133,26.05989646911621,0.9999999403953552,0.19166257977485657,0.0162760429084301,2311680.0,0.0032552084885537624,11792,1746453597.2828276,1505,0.37002435326576233,755.56529739,0.011261261068284512,1504
0.5288749933242798,8.459942817687988,53.06081008911133,27.69661521911621,0.9999999403953552,0.1895928680896759,0.013671875931322575,2325504.0,0.0,11864,1746453601.443264,1514,0.3474743366241455,759.725726209,0.011261261068284512,1513
0.5288749933242798,9.338244438171387,53.06081008911133,27.944011688232422,0.9999999403953552,0.18553891777992249,0.013671875931322575,2330112.0,0.0,11888,1746453602.8341844,1517,0.36063453555107117,761.116666405,0.011261261068284512,1516
0.5288749933242798,7.482574939727783,53.06081008911133,29.12825584411621,0.9999999403953552,0.22210337221622467,0.0162760429084301,2347008.0,0.0,11976,1746453607.9217408,1528,0.3836122751235962,766.204215741,0.011261261068284512,1527
0.5288749933242798,9.726248741149902,53.06081008911133,28.55013084411621,0.9999999403953552,0.22923102974891663,0.015625,2359296.0,0.0755208358168602,12040,1746453611.619863,1536,0.5294255614280701,769.902342848,0.011261261068284512,1535
0.5288749933242798,8.994099617004395,53.06081008911133,28.291017532348633,0.9999999403953552,0.2055026888847351,0.014322916977107525,2379264.0,0.0,12144,1746453617.6324356,1549,0.37737974524497986,775.91489969,0.011261261068284512,1548
0.5288749933242798,10.468621253967285,53.06081008911133,27.68880271911621,0.9999999403953552,0.2190840244293213,0.014322916977107525,2390016.0,0.0201822929084301,12200,1746453620.878326,1556,0.38461506366729736,779.160788559,0.011261261068284512,1555
0.5288749933242798,12.444075584411621,53.06081008911133,27.029949188232422,0.9999999403953552,0.1833871304988861,0.015625,2405376.0,0.02278645895421505,12280,1746453625.5055444,1566,0.34403979778289795,783.788006536,0.011261261068284512,1565
0.5288749933242798,9.314905166625977,53.06081008911133,29.428386688232422,0.9999999403953552,0.18047496676445007,0.015625,2423808.0,0.0455729179084301,12376,1746453631.054816,1578,0.45207521319389343,789.337323444,0.011261261068284512,1577
0.5288749933242798,10.340738296508789,53.06081008911133,27.68880271911621,0.9999999403953552,0.16924363374710083,0.01692708395421505,2465280.0,0.0162760429084301,12592,1746453643.5388052,1605,0.38336965441703796,801.821283751,0.011261261068284512,1604
0.5288749933242798,7.570853233337402,53.06081008911133,27.035158157348633,0.9999999403953552,0.17096614837646484,0.015625,2468352.0,0.0,12608,1746453644.4633112,1607,0.3990270793437958,802.745790019,0.011261261068284512,1606
0.5288749933242798,9.113635063171387,53.06081008911133,26.783205032348633,0.9999999403953552,0.13907253742218018,0.013671875931322575,2483712.0,0.0182291679084301,12688,1746453649.08675,1617,0.3177408277988434,807.369253183,0.011261261068284512,1616
0.5288749933242798,7.532373428344727,53.06081008911133,27.846355438232422,0.9999999403953552,0.14439179003238678,0.01497395895421505,2491392.0,0.0546875037252903,12728,1746453651.398633,1622,0.44708961248397827,809.681093465,0.011261261068284512,1621
0.7930449843406677,9.827718734741211,50.120811462402344,29.642580032348633,1.0,0.1380734145641327,0.013671875931322575,2497536.0,0.1230468824505806,12760,1746453653.3755465,1626,0.536102294921875,811.658032049,0.11269035190343857,1625
0.7930449843406677,9.54542350769043,50.120811462402344,29.40364646911621,1.0,0.15746179223060608,0.015625,2543616.0,0.0501302108168602,13000,1746453667.2395625,1656,0.48270270228385925,825.522064579,0.11269035190343857,1655
0.7930449843406677,8.996533393859863,50.120811462402344,26.990886688232422,1.0,0.15269207954406738,0.015625,2554368.0,0.02734375186264515,13056,1746453670.4763446,1663,0.4068179428577423,828.758832847,0.11269035190343857,1662
0.7930449843406677,8.432188987731934,50.120811462402344,28.26888084411621,1.0,0.1104029193520546,0.0162760429084301,2560512.0,0.0,13088,1746453672.325916,1667,0.3585629463195801,830.608385114,0.11269035190343857,1666
0.7930449843406677,14.250343322753906,50.120811462402344,27.519533157348633,1.0,0.16027654707431793,0.01497395895421505,2577408.0,0.0852864608168602,13176,1746453677.4129832,1678,0.47326159477233887,835.695444715,0.11269035190343857,1677
0.7930449843406677,9.766509056091309,50.120811462402344,28.18489646911621,1.0,0.1576732099056244,0.01692708395421505,2583552.0,0.02864583395421505,13208,1746453679.261704,1682,0.40435123443603516,837.54415451,0.11269035190343857,1681
0.7930449843406677,12.097208023071289,50.120811462402344,27.37630271911621,1.0,0.16227124631404877,0.0162760429084301,2609664.0,0.1067708358168602,13344,1746453687.1633353,1699,0.42116960883140564,845.445807317,0.11269035190343857,1698
0.7930449843406677,14.624004364013672,50.120811462402344,27.626955032348633,1.0,0.22367903590202332,0.014322916977107525,2644992.0,0.0,13528,1746453697.7967484,1722,0.28917422890663147,856.079238281,0.11269035190343857,1721
0.7930449843406677,20.170692443847656,50.120811462402344,27.543621063232422,1.0,0.19312426447868347,0.0182291679084301,2717184.0,0.0501302108168602,13904,1746453719.5406556,1769,0.4683242738246918,877.823248449,0.11269035190343857,1768
0.7930449843406677,20.71692657470703,50.120811462402344,28.68489646911621,1.0,0.22911113500595093,0.013671875931322575,2727936.0,0.033203125,13960,1746453722.7805908,1776,0.41536325216293335,881.063082815,0.11269035190343857,1775
0.7930449843406677,14.324618339538574,50.120811462402344,29.00911521911621,1.0,0.2230205237865448,0.01497395895421505,2763264.0,0.0559895858168602,14144,1746453733.4165132,1799,0.43830928206443787,891.698975027,0.11269035190343857,1798
0.7930449843406677,15.989551544189453,50.120811462402344,27.688152313232422,1.0,0.23216447234153748,0.01497395895421505,2800128.0,0.0,14336,1746453744.5107684,1823,0.34342730045318604,902.793238616,0.11269035190343857,1822
0.7930449843406677,20.338130950927734,50.120811462402344,27.695964813232422,1.0,0.2593851685523987,0.0201822929084301,2812416.0,0.0325520858168602,14400,1746453748.2086973,1831,0.4215015769004822,906.491176893,0.11269035190343857,1830
0.7930449843406677,12.68783187866211,50.120811462402344,28.07356834411621,1.0,0.28847992420196533,0.013671875931322575,2844672.0,0.02864583395421505,14568,1746453757.9215612,1852,0.39454135298728943,916.204036013,0.11269035190343857,1851
0.7930449843406677,15.991085052490234,50.120811462402344,27.28255271911621,1.0,0.2874552309513092,0.01497395895421505,2864640.0,0.0670572966337204,14672,1746453763.9347098,1865,0.3999166786670685,922.217166324,0.11269035190343857,1864
0.7930449843406677,15.609954833984375,50.120811462402344,25.72786521911621,1.0,0.27195724844932556,0.013671875931322575,2866176.0,0.0494791679084301,14680,1746453764.3967957,1866,0.300815612077713,922.679267234,0.11269035190343857,1865
0.7930449843406677,13.176376342773438,50.120811462402344,29.975261688232422,1.0,0.26190516352653503,0.0162760429084301,2872320.0,0.0924479216337204,14712,1746453766.2455108,1870,0.5408533811569214,924.527985449,0.11269035190343857,1869
0.7930449843406677,16.159168243408203,50.120811462402344,25.595705032348633,1.0,0.2922675311565399,0.0162760429084301,2912256.0,0.0,14920,1746453778.2751586,1896,0.35933080315589905,936.557617105,0.11269035190343857,1895
0.7930449843406677,14.137543678283691,50.120811462402344,29.078126907348633,1.0,0.2998763620853424,0.01497395895421505,2913792.0,0.015625,14928,1746453778.7371187,1897,0.42435407638549805,937.019579236,0.11269035190343857,1896
0.7930449843406677,11.116727828979492,50.120811462402344,27.66341209411621,1.0,0.2954097390174866,0.01497395895421505,2918400.0,0.0,14952,1746453780.1230986,1900,0.32353562116622925,938.405588674,0.11269035190343857,1899
0.7930449843406677,17.17139434814453,50.120811462402344,27.05989646911621,1.0,0.30187422037124634,0.01106770895421505,2933760.0,0.0455729179084301,15032,1746453784.7453926,1910,0.3667891323566437,943.027856691,0.11269035190343857,1909
0.7930449843406677,10.21359634399414,50.120811462402344,27.807292938232422,1.0,0.24094761908054352,0.0162760429084301,2972160.0,0.015625,15232,1746453796.3022547,1935,0.38276034593582153,954.584716303,0.11269035190343857,1934
0.7905769348144531,10.17202377319336,52.665584564208984,26.046876907348633,1.0,0.22790353000164032,0.01302083395421505,3001344.0,0.0,15384,1746453805.2154477,1954,0.3401016294956207,963.497940955,0.10606060922145844,1953
0.7905769348144531,8.849416732788086,52.665584564208984,28.843751907348633,1.0,0.23623250424861908,0.015625,3016704.0,0.0,15464,1746453809.8402889,1964,0.36500540375709534,968.122765452,0.10606060922145844,1963
0.7905769348144531,19.15984535217285,52.665584564208984,24.975261688232422,1.0,0.23929032683372498,0.0162760429084301,3024384.0,0.011718750931322575,15504,1746453812.1505866,1969,0.30726921558380127,970.433104229,0.10606060922145844,1968
0.7905769348144531,13.875849723815918,52.665584564208984,26.541017532348633,1.0,0.2529861032962799,0.011718750931322575,3042816.0,0.0,15600,1746453817.70032,1981,0.2917076349258423,975.982807603,0.10606060922145844,1980
0.7905769348144531,7.667214393615723,52.665584564208984,26.690105438232422,1.0,0.2383212000131607,0.009765625931322575,3047424.0,0.0709635466337204,15624,1746453819.08766,1984,0.3711804151535034,977.370273512,0.10606060922145844,1983
0.7905769348144531,9.20858383178711,52.665584564208984,27.795574188232422,1.0,0.26930540800094604,0.013671875931322575,3068928.0,0.1542968899011612,15736,1746453825.5671496,1998,0.5130346417427063,983.849620765,0.10606060922145844,1997
0.7905769348144531,7.9990739822387695,52.665584564208984,26.80794334411621,1.0,0.27734267711639404,0.011718750931322575,3081216.0,0.134765625,15800,1746453829.2652683,2006,0.4967949390411377,987.547716992,0.10606060922145844,2005
0.7905769348144531,7.193840503692627,52.665584564208984,27.615886688232422,1.0,0.2626412510871887,0.01497395895421505,3095040.0,0.0,15872,1746453833.4283853,2015,0.38744646310806274,991.710857733,0.10606060922145844,2014
0.7905769348144531,8.009965896606445,52.665584564208984,27.550783157348633,1.0,0.24689792096614838,0.012369791977107525,3098112.0,0.0260416679084301,15888,1746453834.3530185,2017,0.3431275486946106,992.635496346,0.10606060922145844,2016
0.7905769348144531,9.649703025817871,52.665584564208984,29.235027313232422,1.0,0.25541913509368896,0.01497395895421505,3101184.0,0.0846354216337204,15904,1746453835.2778735,2019,0.5107324123382568,993.560366677,0.10606060922145844,2018
0.7905769348144531,6.950530052185059,52.665584564208984,29.13802146911621,1.0,0.217197984457016,0.013671875931322575,3115008.0,0.0,15976,1746453839.4382365,2028,0.356899619102478,997.720686349,0.10606060922145844,2027
0.7905769348144531,4.7907938957214355,52.665584564208984,26.113283157348633,1.0,0.2378896176815033,0.01497395895421505,3164160.0,0.0,16232,1746453854.2362711,2060,0.3405820429325104,1012.518736548,0.10606060922145844,2059
0.7905769348144531,4.331704139709473,52.665584564208984,26.38411521911621,1.0,0.2037568986415863,0.01497395895421505,3170304.0,0.03125,16264,1746453856.0843878,2064,0.3637217581272125,1014.366851768,0.10606060922145844,2063
0.7905769348144531,4.996371269226074,52.665584564208984,28.64192771911621,1.0,0.22433046996593475,0.013671875931322575,3171840.0,0.02343750186264515,16272,1746453856.5465887,2065,0.3603658974170685,1014.829053052,0.10606060922145844,2064
0.7905769348144531,5.240297317504883,52.665584564208984,30.493492126464844,1.0,0.19584232568740845,0.01302083395421505,3173376.0,0.0449218787252903,16280,1746453857.0090609,2066,0.47098395228385925,1015.291558871,0.10606060922145844,2065
0.7905769348144531,5.069460868835449,52.665584564208984,27.60286521911621,1.0,0.21521025896072388,0.017578125,3174912.0,0.01106770895421505,16288,1746453857.472511,2067,0.38086557388305664,1015.75501765,0.10606060922145844,2066
0.7905769348144531,5.3999128341674805,52.665584564208984,27.60286521911621,1.0,0.28768330812454224,0.013671875931322575,3213312.0,0.0696614608168602,16488,1746453869.0396156,2092,0.475310742855072,1027.322116606,0.10606060922145844,2091
0.7905769348144531,5.845041275024414,52.665584564208984,28.583986282348633,1.0,0.3005751967430115,0.015625,3217920.0,0.0397135429084301,16512,1746453870.4262018,2095,0.4257079064846039,1028.708659962,0.10606060922145844,2094
0.7905769348144531,4.644969940185547,52.665584564208984,28.334636688232422,1.0,0.31963270902633667,0.012369791977107525,3219456.0,0.0279947929084301,16520,1746453870.8884635,2096,0.3717401325702667,1029.170922161,0.10606060922145844,2095
0.7905769348144531,4.904417991638184,52.665584564208984,28.467449188232422,1.0,0.26672959327697754,0.014322916977107525,3240960.0,0.0703125,16632,1746453877.3575327,2110,0.483598917722702,1035.639997718,0.10606060922145844,2109
0.7905769348144531,4.330666542053223,52.665584564208984,28.052736282348633,1.0,0.254005491733551,0.01497395895421505,3268608.0,0.0449218787252903,16776,1746453885.7254987,2128,0.45159101486206055,1044.007994371,0.10606060922145844,2127
0.7905769348144531,4.228025436401367,52.665584564208984,28.343751907348633,1.0,0.2972315549850464,0.014322916977107525,3279360.0,0.0,16832,1746453888.9609628,2135,0.4518094062805176,1047.243437811,0.10606060922145844,2134
0.7905769348144531,4.604825973510742,52.665584564208984,26.099611282348633,1.0,0.310418963432312,0.013671875931322575,3280896.0,0.12890625,16840,1746453889.4230459,2136,0.527350664138794,1047.705529307,0.10606060922145844,2135
0.7905769348144531,4.423028469085693,52.665584564208984,27.548830032348633,1.0,0.33201029896736145,0.0162760429084301,3299328.0,0.0716145858168602,16936,1746453894.9720612,2148,0.4829678535461426,1053.254534863,0.10606060922145844,2147
0.7905769348144531,3.6052627563476562,52.665584564208984,27.34505271911621,1.0,0.3241371512413025,0.015625,3310080.0,0.0201822929084301,16992,1746453898.2083287,2155,0.3790985345840454,1056.490794925,0.10606060922145844,2154
0.7905769348144531,5.365412712097168,52.665584564208984,25.488283157348633,1.0,0.3080675005912781,0.013671875931322575,3342336.0,0.0182291679084301,17160,1746453907.9216988,2176,0.3233700394630432,1066.204191034,0.10606060922145844,2175
0.7905769348144531,3.2335681915283203,52.665584564208984,26.45442771911621,1.0,0.292689710855484,0.014322916977107525,3345408.0,0.0468750037252903,17176,1746453908.8463275,2178,0.3844703137874603,1067.128790553,0.10606060922145844,2177
0.7905769348144531,4.592432022094727,52.665584564208984,28.00520896911621,1.0,0.2979230582714081,0.014322916977107525,3374592.0,0.0787760466337204,17328,1746453917.6326592,2197,0.5218599438667297,1075.915149658,0.10606060922145844,2196
0.7905769348144531,3.022913932800293,52.665584564208984,27.53059959411621,1.0,0.30730515718460083,0.01302083395421505,3406848.0,0.06640625,17496,1746453927.3586972,2218,0.48387396335601807,1085.641173713,0.10606060922145844,2217
0.7905769348144531,2.777195692062378,52.665584564208984,26.430339813232422,1.0,0.31842654943466187,0.01497395895421505,3412992.0,0.0755208358168602,17528,1746453929.2068202,2222,0.43463850021362305,1087.489294194,0.10606060922145844,2221
0.7905769348144531,3.321833610534668,52.665584564208984,27.279298782348633,1.0,0.3466251790523529,0.014322916977107525,3416064.0,0.0690104216337204,17544,1746453930.1320555,2224,0.507265031337738,1088.414555173,0.10606060922145844,2223
0.7905769348144531,3.0796058177948,52.665584564208984,26.596355438232422,1.0,0.3131955564022064,0.01497395895421505,3434496.0,0.0390625037252903,17640,1746453935.683605,2236,0.47858601808547974,1093.966084917,0.10606060922145844,2235
0.7905769348144531,2.6573972702026367,52.665584564208984,28.02474021911621,1.0,0.3632729649543762,0.01302083395421505,3462144.0,0.0364583358168602,17784,1746453944.0106614,2254,0.3992886245250702,1102.293130253,0.10606060922145844,2253
0.7905769348144531,2.586617946624756,52.665584564208984,26.889324188232422,1.0,0.3045802116394043,0.015625,3475968.0,0.1295572966337204,17856,1746453948.170601,2263,0.595758855342865,1106.45309788,0.10606060922145844,2262
0.937489926815033,2.613628625869751,55.4534912109375,29.274089813232422,1.0,0.33971941471099854,0.015625,3500544.0,0.1412760466337204,17984,1746453955.6906252,2279,0.5880618095397949,1113.973106911,0.1965116262435913,2278
0.937489926815033,2.507042169570923,55.4534912109375,26.777345657348633,1.0,0.3687795400619507,0.01497395895421505,3511296.0,0.0800781324505806,18040,1746453958.925896,2286,0.48174479603767395,1117.20837527,0.1965116262435913,2285
0.937489926815033,2.2095417976379395,55.4534912109375,27.697917938232422,1.0,0.334545761346817,0.01302083395421505,3531264.0,0.0527343787252903,18144,1746453964.937002,2299,0.3997461199760437,1123.219475518,0.1965116262435913,2298
0.937489926815033,2.27371883392334,55.4534912109375,26.981121063232422,1.0,0.3140387535095215,0.015625,3542016.0,0.0677083358168602,18200,1746453968.1828165,2306,0.4667469561100006,1126.465473237,0.1965116262435913,2305
0.937489926815033,1.6425182819366455,55.4534912109375,28.846355438232422,1.0,0.3181331157684326,0.013671875931322575,3585024.0,0.1744791716337204,18424,1746453981.1211884,2334,0.6095028519630432,1139.403674187,0.1965116262435913,2333
0.937489926815033,1.4776508808135986,55.4534912109375,28.095705032348633,1.0,0.28399014472961426,0.0162760429084301,3608064.0,0.0546875037252903,18544,1746453988.0519783,2349,0.42048946022987366,1146.33446498,0.1965116262435913,2348
0.937489926815033,1.2545770406723022,55.4534912109375,28.476564407348633,1.0,0.26029860973358154,0.015625,3620352.0,0.1985677182674408,18608,1746453991.751103,2357,0.6363731622695923,1150.033576535,0.1965116262435913,2356
0.937489926815033,1.1729227304458618,55.4534912109375,25.798830032348633,1.0,0.2829517722129822,0.015625,3644928.0,0.1608072966337204,18736,1746453999.1556826,2373,0.551296591758728,1157.438158307,0.1965116262435913,2372
0.937489926815033,0.9554822444915771,55.4534912109375,28.812501907348633,1.0,0.3341582417488098,0.014322916977107525,3660288.0,0.1158854216337204,18816,1746454003.7790735,2383,0.558379054069519,1162.061550638,0.1965116262435913,2382
0.937489926815033,0.9506067037582397,55.4534912109375,28.979167938232422,1.0,0.2843717634677887,0.014322916977107525,3667968.0,0.0338541679084301,18856,1746454006.0900555,2388,0.4509391486644745,1164.372518664,0.1965116262435913,2387
0.937489926815033,0.9105720520019531,55.4534912109375,29.802736282348633,1.0,0.2994176745414734,0.01497395895421505,3681792.0,0.0533854179084301,18928,1746454010.2517457,2397,0.48768681287765503,1168.534231948,0.1965116262435913,2396
0.937489926815033,1.1149976253509521,55.4534912109375,27.586589813232422,1.0,0.3590972423553467,0.01497395895421505,3687936.0,0.1145833358168602,18960,1746454012.10023,2401,0.5507510304450989,1170.382722328,0.1965116262435913,2400
0.937489926815033,0.9531120657920837,55.4534912109375,27.430339813232422,1.0,0.3771665692329407,0.0162760429084301,3724800.0,0.0813802108168602,19152,1746454023.20374,2425,0.4734823405742645,1181.486192683,0.1965116262435913,2424
0.937489926815033,1.1397992372512817,55.4534912109375,30.05599021911621,1.0,0.3764726221561432,0.014322916977107525,3767808.0,0.0729166716337204,19376,1746454036.1512768,2453,0.5157919526100159,1194.433733608,0.1965116262435913,2452
0.937489926815033,1.149507999420166,55.4534912109375,29.37630271911621,1.0,0.40046587586402893,0.013671875931322575,3783168.0,0.1653645932674408,19456,1746454040.7747703,2463,0.6397521495819092,1199.057249483,0.1965116262435913,2462
0.937489926815033,1.0935852527618408,55.4534912109375,28.47395896911621,1.0,0.37403589487075806,0.0182291679084301,3786240.0,0.2246093899011612,19472,1746454041.6986156,2465,0.7246065735816956,1199.981097132,0.1965116262435913,2464
0.937489926815033,1.0347094535827637,55.4534912109375,29.570964813232422,1.0,0.41328221559524536,0.01497395895421505,3792384.0,0.1783854216337204,19504,1746454043.5519938,2469,0.6558364033699036,1201.834473873,0.1965116262435913,2468
0.937489926815033,1.0563888549804688,55.4534912109375,27.21028709411621,1.0,0.453327476978302,0.01888020895421505,3800064.0,0.271484375,19544,1746454045.8630118,2474,0.7583985924720764,1204.145500439,0.1965116262435913,2473
0.937489926815033,1.0207843780517578,55.4534912109375,28.297527313232422,1.0,0.41647911071777344,0.01497395895421505,3807744.0,0.0924479216337204,19584,1746454048.177021,2479,0.5228489637374878,1206.459492537,0.1965116262435913,2478
0.937489926815033,1.2275429964065552,55.4534912109375,28.58724021911621,1.0,0.46405187249183655,0.0162760429084301,3820032.0,0.2076822966337204,19648,1746454051.8744237,2487,0.6654061079025269,1210.156899501,0.1965116262435913,2486
0.937489926815033,1.1479817628860474,55.4534912109375,29.313152313232422,1.0,0.4379664659500122,0.01497395895421505,3835392.0,0.1634114682674408,19728,1746454056.4972942,2497,0.6088255047798157,1214.779774475,0.1965116262435913,2496
0.937489926815033,1.1037921905517578,55.4534912109375,29.844402313232422,1.0,0.4494191110134125,0.015625,3841536.0,0.0917968824505806,19760,1746454058.3469434,2501,0.5363198518753052,1216.629434244,0.1965116262435913,2500
0.937489926815033,1.1178858280181885,55.4534912109375,26.709636688232422,1.0,0.5237368941307068,0.014322916977107525,3907584.0,0.1621093899011612,20104,1746454078.2328634,2544,0.5200612545013428,1236.515330043,0.1965116262435913,2543
0.937489926815033,1.4287198781967163,55.4534912109375,26.86458396911621,1.0,0.46699392795562744,0.0162760429084301,3927552.0,0.2161458432674408,20208,1746454084.289344,2557,0.6940399408340454,1242.571821776,0.1965116262435913,2556
0.937489926815033,1.1082450151443481,55.4534912109375,26.996746063232422,1.0,0.4608035087585449,0.014322916977107525,3941376.0,0.26953125,20280,1746454088.4518027,2566,0.7176707983016968,1246.734274878,0.1965116262435913,2565
0.937489926815033,1.2043237686157227,55.4534912109375,29.049480438232422,1.0,0.4354824423789978,0.015625,3962880.0,0.2337239682674408,20392,1746454094.9229267,2580,0.7175031304359436,1253.205407833,0.1965116262435913,2579
0.937489926815033,1.0734597444534302,55.4534912109375,27.050783157348633,1.0,0.45464348793029785,0.014322916977107525,3984384.0,0.0891927108168602,20504,1746454101.39682,2594,0.5143937468528748,1259.679302916,0.1965116262435913,2593
0.937489926815033,1.0659048557281494,55.4534912109375,27.555339813232422,1.0,0.45782649517059326,0.015625,3985920.0,0.2024739682674408,20512,1746454101.8591082,2595,0.6188953518867493,1260.141575163,0.1965116262435913,2594
1.160810112953186,0.8390157222747803,50.785423278808594,30.062501907348633,1.0,0.4032987058162689,0.015625,4001280.0,0.2239583432674408,20592,1746454106.6074386,2605,0.7127645611763,1264.889935227,0.3663967549800873,2604
1.160810112953186,0.9666666984558105,50.785423278808594,28.303386688232422,1.0,0.38364413380622864,0.0162760429084301,4025856.0,0.2337239682674408,20720,1746454114.0077794,2621,0.7123290300369263,1272.290254697,0.3663967549800873,2620
1.160810112953186,1.0327180624008179,50.785423278808594,27.410158157348633,1.0,0.400124192237854,0.01692708395421505,4039680.0,0.2154947966337204,20792,1746454118.1693392,2630,0.7069790959358215,1276.45180281,0.3663967549800873,2629
1.160810112953186,0.772883951663971,50.785423278808594,28.260417938232422,1.0,0.39496463537216187,0.013671875931322575,4044288.0,0.0911458358168602,20816,1746454119.5559657,2633,0.5097296237945557,1277.838443279,0.3663967549800873,2632
1.160810112953186,0.82567298412323,50.785423278808594,29.617839813232422,1.0,0.3943028151988983,0.01497395895421505,4048896.0,0.0481770858168602,20840,1746454120.9429936,2636,0.500950813293457,1279.225458167,0.3663967549800873,2635
1.160810112953186,0.8025498986244202,50.785423278808594,27.40169334411621,1.0,0.4317328929901123,0.017578125,4073472.0,0.1809895932674408,20968,1746454128.3437521,2652,0.6117256283760071,1286.626237575,0.3663967549800873,2651
1.160810112953186,0.7887571454048157,50.785423278808594,26.865886688232422,1.0,0.40446293354034424,0.015625,4075008.0,0.1484375149011612,20976,1746454128.8058684,2653,0.5692017078399658,1287.088378244,0.3663967549800873,2652
1.160810112953186,0.7927584052085876,50.785423278808594,28.992189407348633,1.0,0.4211309254169464,0.01497395895421505,4085760.0,0.2291666716337204,21032,1746454132.0415308,2660,0.6849963068962097,1290.32402039,0.3663967549800873,2659
1.160810112953186,0.9467357993125916,50.785423278808594,29.662761688232422,1.0,0.42966586351394653,0.013671875931322575,4099584.0,0.2194010466337204,21104,1746454136.202594,2669,0.6859856247901917,1294.485081111,0.3663967549800873,2668
1.160810112953186,0.7680556178092957,50.785423278808594,29.096355438232422,1.0,0.3643026351928711,0.0182291679084301,4177920.0,0.2298177182674408,21512,1746454159.7810817,2720,0.7358430624008179,1318.063539462,0.3663967549800873,2719
1.160810112953186,0.4935566186904907,50.785423278808594,28.217449188232422,1.0,0.34623247385025024,0.01497395895421505,4233216.0,0.0976562574505806,21800,1746454176.4292343,2756,0.4849478006362915,1334.71169458,0.3663967549800873,2755
1.160810112953186,0.5927623510360718,50.785423278808594,28.727214813232422,1.0,0.34217649698257446,0.01692708395421505,4248576.0,0.2434895932674408,21880,1746454181.0534997,2766,0.6798344254493713,1339.335976422,0.3663967549800873,2765
1.160810112953186,0.6405223608016968,50.785423278808594,25.822267532348633,1.0,0.350927472114563,0.01888020895421505,4250112.0,0.2213541716337204,21888,1746454181.5157049,2767,0.6666519045829773,1339.798184849,0.3663967549800873,2766
1.160810112953186,0.6359529495239258,50.785423278808594,28.672527313232422,1.0,0.36568689346313477,0.01692708395421505,4276224.0,0.2513020932674408,22024,1746454189.3736017,2784,0.7693229913711548,1347.656095553,0.3663967549800873,2783
1.160810112953186,0.609905481338501,50.785423278808594,28.11653709411621,1.0,0.40610161423683167,0.01692708395421505,4314624.0,0.1992187649011612,22224,1746454200.9333007,2809,0.6429646611213684,1359.215769902,0.3663967549800873,2808
1.160810112953186,0.7338343858718872,50.785423278808594,28.511720657348633,1.0,0.43134111166000366,0.01692708395421505,4317696.0,0.2226562649011612,22240,1746454201.8575902,2811,0.7112449407577515,1360.140063213,0.3663967549800873,2810
1.160810112953186,0.5532815456390381,50.785423278808594,29.472658157348633,1.0,0.47285276651382446,0.015625,4319232.0,0.2350260466337204,22248,1746454202.3235552,2812,0.7282639741897583,1360.606044608,0.3663967549800873,2811
1.160810112953186,0.6717242002487183,50.785423278808594,30.651042938232422,1.0,0.46782177686691284,0.015625,4340736.0,0.3196614682674408,22360,1746454208.7958412,2826,0.8509864807128906,1367.07832507,0.3663967549800873,2825
1.160810112953186,1.0303328037261963,50.785423278808594,27.947267532348633,1.0,0.5539588928222656,0.0162760429084301,4374528.0,0.1861979216337204,22536,1746454218.9747481,2848,0.6407538652420044,1377.257206727,0.3663967549800873,2847
1.160810112953186,0.6834965944290161,50.785423278808594,28.04427146911621,1.0,0.5449365973472595,0.015625,4377600.0,0.2376302182674408,22552,1746454219.89953,2850,0.6748190522193909,1378.181984313,0.3663967549800873,2849
1.160810112953186,0.8063780069351196,50.785423278808594,28.584636688232422,1.0,0.5579720139503479,0.0162760429084301,4379136.0,0.28515625,22560,1746454220.361575,2851,0.8110480904579163,1378.644041694,0.3663967549800873,2850
1.160810112953186,0.8644514083862305,50.785423278808594,28.638673782348633,1.0,0.5187549591064453,0.01692708395421505,4380672.0,0.2552083432674408,22568,1746454220.823444,2852,0.7166593670845032,1379.105908887,0.3663967549800873,2851
1.160810112953186,0.4998239576816559,50.785423278808594,30.113933563232422,1.0,0.5213229060173035,0.01692708395421505,4399104.0,0.263671875,22664,1746454226.3773184,2864,0.8190657496452332,1384.659771629,0.3663967549800873,2863
1.160810112953186,0.7653859853744507,50.785423278808594,26.20833396911621,1.0,0.5989324450492859,0.014322916977107525,4408320.0,0.1647135466337204,22712,1746454229.1497943,2870,0.5260298848152161,1387.432271132,0.3663967549800873,2869
1.160810112953186,0.582986056804657,50.785423278808594,28.13411521911621,1.0,0.5200628042221069,0.0182291679084301,4445184.0,0.1751302182674408,22904,1746454240.2449167,2894,0.689254641532898,1398.527417339,0.3663967549800873,2893
1.160810112953186,0.5340667963027954,50.785423278808594,30.15755271911621,1.0,0.561703622341156,0.01497395895421505,4452864.0,0.3626302182674408,22944,1746454242.5586245,2899,0.9301577806472778,1400.841128653,0.3663967549800873,2898
1.160810112953186,0.7200947999954224,50.785423278808594,27.904949188232422,1.0,0.5478805303573608,0.013671875931322575,4460544.0,0.1536458432674408,22984,1746454244.8688173,2904,0.6107934713363647,1403.151311401,0.3663967549800873,2903
1.160810112953186,0.6442793011665344,50.785423278808594,29.38997459411621,1.0,0.49625420570373535,0.015625,4477440.0,0.2975260615348816,23072,1746454249.9531243,2915,0.8088582754135132,1408.235620619,0.3663967549800873,2914
1.3195081949234009,0.7028605341911316,50.875,29.027345657348633,1.0,0.514877438545227,0.0162760429084301,4595712.0,0.25,23688,1746454285.718633,2992,0.764225423336029,1444.001114043,0.4825819730758667,2991
1.3195081949234009,0.4528861939907074,50.875,28.97395896911621,1.0,0.4659745693206787,0.01692708395421505,4603392.0,0.3782552182674408,23728,1746454288.0323977,2997,0.9311409592628479,1446.314854171,0.4825819730758667,2996
1.3195081949234009,0.5251034498214722,50.875,27.979167938232422,1.0,0.47590506076812744,0.017578125,4624896.0,0.2096354216337204,23840,1746454294.5044014,3011,0.7232062220573425,1452.786871368,0.4825819730758667,3010
1.3195081949234009,0.8053897619247437,50.875,27.43294334411621,1.0,0.4010070562362671,0.013671875931322575,4631040.0,0.1536458432674408,23872,1746454296.3541842,3015,0.5585390329360962,1454.636652134,0.4825819730758667,3014
1.3195081949234009,0.44550126791000366,50.875,27.66536521911621,1.0,0.3542514443397522,0.01692708395421505,4683264.0,0.1894531399011612,24144,1746454312.0760324,3049,0.6134170889854431,1470.358507347,0.4825819730758667,3048
1.3195081949234009,0.5082179307937622,50.875,27.12239646911621,1.0,0.34682852029800415,0.01497395895421505,4690944.0,0.1940104216337204,24184,1746454314.3880806,3054,0.6207860708236694,1472.670551201,0.4825819730758667,3053
1.3195081949234009,0.6816871762275696,50.875,28.057292938232422,1.0,0.22593919932842255,0.01497395895421505,4727808.0,0.2011718899011612,24376,1746454325.4949598,3078,0.6363011002540588,1483.777428487,0.4825819730758667,3077
1.3195081949234009,0.4964551329612732,50.875,29.182292938232422,1.0,0.1566605120897293,0.013671875931322575,4735488.0,0.2981770932674408,24416,1746454327.805968,3083,0.7608454823493958,1486.088452855,0.4825819730758667,3082
1.3195081949234009,0.7178640365600586,50.875,28.654298782348633,1.0,0.13603003323078156,0.01497395895421505,4761600.0,0.3470052182674408,24552,1746454335.6651838,3100,0.8206378817558289,1493.947667636,0.4825819730758667,3099
1.3195081949234009,1.471571683883667,50.875,26.835939407348633,1.0,0.19583019614219666,0.017578125,4790784.0,0.2272135466337204,24704,1746454344.453898,3119,0.7108346819877625,1502.736383069,0.4825819730758667,3118
1.3195081949234009,0.5357832908630371,50.875,28.808595657348633,1.0,0.16133619844913483,0.0162760429084301,4818432.0,0.3606770932674408,24848,1746454352.7785459,3137,0.8843377828598022,1511.06102194,0.4825819730758667,3136
1.3195081949234009,0.49200838804244995,50.875,28.959636688232422,1.0,0.16509966552257538,0.01692708395421505,4821504.0,0.2845052182674408,24864,1746454353.7031553,3139,0.7564395666122437,1511.985636001,0.4825819730758667,3138
1.3195081949234009,0.5110018253326416,50.875,29.21419334411621,1.0,0.17901408672332764,0.015625,4869120.0,0.3157552182674408,25112,1746454368.0320706,3170,0.822853684425354,1526.314533458,0.4825819730758667,3169
1.3195081949234009,0.600776195526123,50.875,30.130861282348633,1.0,0.09542615711688995,0.014322916977107525,4919808.0,0.2623698115348816,25376,1746454383.2925851,3203,0.7712798714637756,1541.575061612,0.4825819730758667,3202
1.3195081949234009,0.4798450469970703,50.875,29.20833396911621,1.0,0.09123054146766663,0.015625,4921344.0,0.2805989682674408,25384,1746454383.75486,3204,0.777646005153656,1542.037337093,0.4825819730758667,3203
1.3195081949234009,0.5328747630119324,50.875,28.476564407348633,1.0,0.10623350739479065,0.014322916977107525,4927488.0,0.2272135466337204,25416,1746454385.604027,3208,0.6137771010398865,1543.886511924,0.4825819730758667,3207
1.3195081949234009,0.6028317213058472,50.875,26.44661521911621,1.0,0.06780626624822617,0.0162760429084301,4936704.0,0.1888020932674408,25464,1746454388.3798268,3214,0.647784948348999,1546.662304532,0.4825819730758667,3213
1.3195081949234009,0.4994164705276489,50.875,27.96419334411621,1.0,0.051499225199222565,0.01497395895421505,4948992.0,0.0546875037252903,25528,1746454392.0784383,3222,0.42876607179641724,1550.360914718,0.4825819730758667,3221
1.3195081949234009,0.5267982482910156,50.875,28.125652313232422,1.0,0.0691986009478569,0.0201822929084301,4985856.0,0.138671875,25720,1746454403.1728454,3246,0.6363238096237183,1561.455330571,0.4825819730758667,3245
1.2783492803573608,1.3782572746276855,49.884578704833984,29.201824188232422,1.0,0.14981180429458618,0.014322916977107525,5021184.0,0.2194010466337204,25904,1746454413.9322205,3269,0.7633340954780579,1572.214671784,0.4636816084384918,3268
1.2783492803573608,0.827133059501648,49.884578704833984,29.674480438232422,1.0,-0.013736749067902565,0.0162760429084301,5087232.0,0.2916666865348816,26248,1746454433.818305,3312,0.7854433059692383,1592.100792219,0.4636816084384918,3311
1.2783492803573608,0.6753749847412109,49.884578704833984,28.844402313232422,1.0,0.005202167667448521,0.0182291679084301,5096448.0,0.3333333432674408,26296,1746454436.5925715,3318,0.8623755574226379,1594.875055768,0.4636816084384918,3317
1.2783492803573608,0.6606183648109436,49.884578704833984,28.886720657348633,1.0,0.030868103727698326,0.0162760429084301,5124096.0,0.3730469048023224,26440,1746454444.9122972,3336,0.8734294176101685,1603.194758042,0.4636816084384918,3335
1.2783492803573608,0.7974907159805298,49.884578704833984,28.852214813232422,1.0,0.01929473876953125,0.01692708395421505,5133312.0,0.2493489682674408,26488,1746454447.6855717,3342,0.7317871451377869,1605.968022083,0.4636816084384918,3341
1.2783492803573608,0.8944988250732422,49.884578704833984,29.75130271911621,1.0,0.052929021418094635,0.013671875931322575,5167104.0,0.2311197966337204,26664,1746454457.8660753,3364,0.6507735252380371,1616.148576009,0.4636816084384918,3363
1.2783492803573608,0.7796000242233276,49.884578704833984,28.328126907348633,1.0,0.028254680335521698,0.01302083395421505,5187072.0,0.28515625,26768,1746454463.8770187,3377,0.7239785194396973,1622.15952238,0.4636816084384918,3376
1.2783492803573608,0.6567331552505493,49.884578704833984,28.25911521911621,1.0,-0.012249410152435303,0.014322916977107525,5194752.0,0.1236979216337204,26808,1746454466.1981444,3382,0.5422600507736206,1624.480632362,0.4636816084384918,3381
1.2783492803573608,2.1715128421783447,49.884578704833984,29.73567771911621,1.0,-0.0006411068607121706,0.0162760429084301,5199360.0,0.1888020932674408,26832,1746454467.5847654,3385,0.6642091870307922,1625.867266111,0.4636816084384918,3384
1.2783492803573608,0.9290069341659546,49.884578704833984,28.787761688232422,1.0,0.04951215162873268,0.01497395895421505,5213184.0,0.3183594048023224,26904,1746454471.743328,3394,0.7919959425926208,1630.025794674,0.4636816084384918,3393
1.2783492803573608,0.4580339789390564,49.884578704833984,28.149089813232422,1.0,0.01937784254550934,0.01497395895421505,5217792.0,0.3085937798023224,26928,1746454473.1331494,3397,0.7975456118583679,1631.415627998,0.4636816084384918,3396
1.2783492803573608,0.5329838991165161,49.884578704833984,29.54036521911621,1.0,0.05730827525258064,0.014322916977107525,5239296.0,0.2552083432674408,27040,1746454479.6070786,3411,0.6826825141906738,1637.889558459,0.4636816084384918,3410
1.2783492803573608,1.0480051040649414,49.884578704833984,28.848308563232422,1.0,0.02294064871966839,0.01302083395421505,5274624.0,0.2649739682674408,27224,1746454490.2777195,3434,0.7345694899559021,1648.560201952,0.4636816084384918,3433
1.2783492803573608,0.9462624788284302,49.884578704833984,28.96419334411621,1.0,0.016494758427143097,0.01497395895421505,5303808.0,0.2591145932674408,27376,1746454499.0673738,3453,0.7465617656707764,1657.349895213,0.4636816084384918,3452
1.2783492803573608,0.7781607508659363,49.884578704833984,26.89778709411621,1.0,-0.0006071282550692558,0.017578125,5306880.0,0.1516927182674408,27392,1746454499.9913423,3455,0.5783340930938721,1658.273821946,0.4636816084384918,3454
1.2783492803573608,3.1270556449890137,49.884578704833984,30.773439407348633,1.0,0.023159407079219818,0.01497395895421505,5309952.0,0.3144531548023224,27408,1746454500.9153748,3457,0.8385232090950012,1659.197855691,0.4636816084384918,3456
1.2783492803573608,0.6841888427734375,49.884578704833984,29.79817771911621,1.0,-0.17416292428970337,0.0162760429084301,5389824.0,0.3014323115348816,27824,1746454524.9528365,3509,0.8079200983047485,1683.235313964,0.4636816084384918,3508
1.2783492803573608,1.0902988910675049,49.884578704833984,30.023439407348633,1.0,-0.20841574668884277,0.01497395895421505,5391360.0,0.2910156548023224,27832,1746454525.4149585,3510,0.8244943618774414,1683.697434151,0.4636816084384918,3509
1.2783492803573608,0.3877068758010864,49.884578704833984,29.365886688232422,1.0,-0.18359756469726562,0.01692708395421505,5429760.0,0.3059895932674408,28032,1746454536.971314,3535,0.8174178600311279,1695.25380489,0.4636816084384918,3534
1.2783492803573608,0.39730918407440186,49.884578704833984,30.13216209411621,1.0,-0.16901855170726776,0.017578125,5431296.0,0.1946614682674408,28040,1746454537.4353545,3536,0.6440948843955994,1695.717838552,0.4636816084384918,3535
1.2783492803573608,0.39005839824676514,49.884578704833984,27.439455032348633,1.0,-0.17671282589435577,0.01497395895421505,5432832.0,0.1438802182674408,28048,1746454537.8972416,3537,0.584741473197937,1696.179731861,0.4636816084384918,3536
1.3146239519119263,0.960141122341156,47.669151306152344,28.361980438232422,1.0,-0.20128487050533295,0.015625,5537280.0,0.3378906548023224,28592,1746454569.4645753,3605,0.8507184386253357,1727.747047786,0.4846225380897522,3604
1.3146239519119263,0.6959956884384155,47.669151306152344,28.71614646911621,1.0,-0.21725133061408997,0.01692708395421505,5606400.0,0.3522135615348816,28952,1746454590.2685711,3650,0.8757864832878113,1748.551068658,0.4846225380897522,3649
1.3146239519119263,0.3692428469657898,47.669151306152344,28.31575584411621,1.0,-0.2516375184059143,0.0162760429084301,5614080.0,0.3730469048023224,28992,1746454592.5756204,3655,0.9185865521430969,1750.858099692,0.4846225380897522,3654
1.3146239519119263,0.7076265811920166,47.669151306152344,27.193361282348633,1.0,-0.24943064153194427,0.015625,5620224.0,0.1979166716337204,29024,1746454594.4242697,3659,0.6454770565032959,1752.706763678,0.4846225380897522,3658
1.3146239519119263,0.3400128483772278,47.669151306152344,29.152345657348633,1.0,-0.28255581855773926,0.014322916977107525,5632512.0,0.2037760466337204,29088,1746454598.126077,3667,0.6614477038383484,1756.408571444,0.4846225380897522,3666
1.3146239519119263,0.561266303062439,47.669151306152344,29.378908157348633,1.0,-0.2713967263698578,0.017578125,5723136.0,0.2994791865348816,29560,1746454625.4088945,3726,0.8163534998893738,1783.691376477,0.4846225380897522,3725
1.3146239519119263,0.3234202265739441,47.669151306152344,28.789714813232422,1.0,-0.28586164116859436,0.0182291679084301,5727744.0,0.3268229365348816,29584,1746454626.7960763,3729,0.8572273850440979,1785.078583339,0.4846225380897522,3728
1.3146239519119263,0.3964102268218994,47.669151306152344,27.88802146911621,1.0,-0.2983916401863098,0.0162760429084301,5733888.0,0.1829427182674408,29616,1746454628.645594,3733,0.6343826651573181,1786.928119273,0.4846225380897522,3732
1.3146239519119263,0.3646911382675171,47.669151306152344,27.74739646911621,1.0,-0.30828380584716797,0.0182291679084301,5744640.0,0.3652344048023224,29672,1746454631.8806958,3740,0.9005714654922485,1790.16320125,0.4846225380897522,3739
1.3146239519119263,0.4233386218547821,47.669151306152344,28.059246063232422,1.0,-0.3290339708328247,0.01497395895421505,5749248.0,0.1888020932674408,29696,1746454633.267335,3743,0.6636010408401489,1791.549814701,0.4846225380897522,3742
1.3146239519119263,0.4692382216453552,47.669151306152344,27.54231834411621,1.0,-0.32229703664779663,0.01497395895421505,5758464.0,0.1992187649011612,29744,1746454636.0402718,3749,0.5883013606071472,1794.322751845,0.4846225380897522,3748
1.3146239519119263,0.3412321209907532,47.669151306152344,27.99934959411621,1.0,-0.3236534893512726,0.01692708395421505,5763072.0,0.2936198115348816,29768,1746454637.4265063,3752,0.7800322771072388,1795.708998592,0.4846225380897522,3751
1.3146239519119263,0.39616525173187256,47.669151306152344,29.572267532348633,1.0,-0.25996196269989014,0.01692708395421505,5787648.0,0.2376302182674408,29896,1746454644.8208933,3768,0.765595018863678,1803.103398184,0.4846225380897522,3767
1.3146239519119263,0.5187886357307434,47.669151306152344,28.44856834411621,1.0,-0.3112635016441345,0.0182291679084301,5813760.0,0.4537760615348816,30032,1746454652.682474,3785,1.0349546670913696,1810.964968505,0.4846225380897522,3784
1.3146239519119263,0.504320502281189,47.669151306152344,29.101564407348633,1.0,-0.28582990169525146,0.01497395895421505,5818368.0,0.3372395932674408,30056,1746454654.0690398,3788,0.8253360390663147,1812.351563821,0.4846225380897522,3787
1.3146239519119263,0.28589320182800293,47.669151306152344,27.621095657348633,1.0,-0.25339454412460327,0.017578125,5839872.0,0.255859375,30168,1746454660.5384536,3802,0.7512370347976685,1818.820943655,0.4846225380897522,3801
1.3146239519119263,0.3215179443359375,47.669151306152344,29.592449188232422,1.0,-0.3170434534549713,0.01692708395421505,5861376.0,0.3313802182674408,30280,1746454667.0170453,3816,0.8941535353660583,1825.299527057,0.4846225380897522,3815
1.3146239519119263,0.6117644309997559,47.669151306152344,29.199220657348633,1.0,-0.2838803827762604,0.013671875931322575,5872128.0,0.2246093899011612,30336,1746454670.2533665,3823,0.637872576713562,1828.535898461,0.4846225380897522,3822
1.3146239519119263,0.37318381667137146,47.669151306152344,28.365886688232422,1.0,-0.2542918026447296,0.0162760429084301,5890560.0,0.1855468899011612,30432,1746454675.7991545,3835,0.6087080836296082,1834.081691114,0.4846225380897522,3834
1.3146239519119263,2.2638144493103027,47.669151306152344,29.44661521911621,1.0,-0.2745177745819092,0.015625,5896704.0,0.2447916865348816,30464,1746454677.6470976,3839,0.8169242143630981,1835.929602989,0.4846225380897522,3838
1.3146239519119263,0.3865107595920563,47.669151306152344,28.569011688232422,1.0,-0.3292659521102905,0.015625,5901312.0,0.3613281548023224,30488,1746454679.0333548,3842,0.8723082542419434,1837.315836382,0.4846225380897522,3841
1.3146239519119263,0.494865357875824,47.669151306152344,29.24544334411621,1.0,-0.3473765254020691,0.01692708395421505,5908992.0,0.4856771230697632,30528,1746454681.3847425,3847,1.0325037240982056,1839.667228643,0.4846225380897522,3846
1.3146239519119263,0.7593352794647217,47.669151306152344,30.170574188232422,1.0,-0.3263552188873291,0.01302083395421505,5953536.0,0.2799479365348816,30760,1746454694.7930145,3876,0.7057373523712158,1853.075501997,0.4846225380897522,3875
1.3146239519119263,1.0528513193130493,47.669151306152344,27.465496063232422,1.0,-0.3325202465057373,0.0162760429084301,5973504.0,0.3144531548023224,30864,1746454700.7998435,3889,0.8229033350944519,1859.08232588,0.4846225380897522,3888
1.3146239519119263,0.8202813863754272,47.669151306152344,29.46224021911621,1.0,-0.32701462507247925,0.01692708395421505,5987328.0,0.3437500298023224,30936,1746454704.9599824,3898,0.9096081256866455,1863.242464575,0.4846225380897522,3897
1.3615375757217407,0.4306449294090271,48.87211608886719,28.428386688232422,1.0,-0.3484577536582947,0.01497395895421505,5990400.0,0.4127604365348816,30952,1746454706.0043085,3900,0.961479127407074,1864.286776913,0.5346153974533081,3899
1.3615375757217407,9.56098747253418,48.87211608886719,28.91145896911621,1.0,-0.4054105281829834,0.015625,6013440.0,0.2421875149011612,31072,1746454712.934977,3915,0.7253512740135193,1871.217541075,0.5346153974533081,3914
1.3615375757217407,0.508674144744873,48.87211608886719,27.99349021911621,1.0,-0.4024883508682251,0.01692708395421505,6019584.0,0.2864583432674408,31104,1746454714.7888887,3919,0.7904344797134399,1873.071396349,0.5346153974533081,3918
1.3615375757217407,0.6494127511978149,48.87211608886719,28.994792938232422,1.0,-0.41909903287887573,0.01302083395421505,6039552.0,0.1953125149011612,31208,1746454720.7969913,3932,0.6410873532295227,1879.079465725,0.5346153974533081,3931
1.3615375757217407,13.828527450561523,48.87211608886719,28.975261688232422,1.0,-0.3554343581199646,0.015625,6041088.0,0.2226562649011612,31216,1746454721.2588744,3933,0.6906892657279968,1879.541350187,0.5346153974533081,3932
1.3615375757217407,20.205078125,48.87211608886719,28.981121063232422,1.0,-0.39798086881637573,0.01497395895421505,6050304.0,0.3157552182674408,31264,1746454724.0341303,3939,0.8397243022918701,1882.316627983,0.5346153974533081,3938
1.3615375757217407,3.7407188415527344,48.87211608886719,27.65755271911621,1.0,-0.3767881393432617,0.01302083395421505,6051840.0,0.1516927182674408,31272,1746454724.4961753,3940,0.5278688669204712,1882.778639004,0.5346153974533081,3939
1.3615375757217407,0.8521357774734497,48.87211608886719,28.705080032348633,1.0,-0.40779638290405273,0.01692708395421505,6053376.0,0.1901041716337204,31280,1746454724.9584167,3941,0.6227445006370544,1883.240898285,0.5346153974533081,3940
1.3615375757217407,0.524183988571167,48.87211608886719,28.498699188232422,1.0,-0.4712408781051636,0.014322916977107525,6099456.0,0.2207031399011612,31520,1746454738.830538,3971,0.6943116784095764,1897.113028146,0.5346153974533081,3970
1.3615375757217407,1.448327660560608,48.87211608886719,28.17513084411621,1.0,-0.5316492915153503,0.015625,6148608.0,0.2669270932674408,31776,1746454753.6245682,4003,0.7082080841064453,1911.907067156,0.5346153974533081,4002
1.3615375757217407,8.186813354492188,48.87211608886719,28.60872459411621,1.0,-0.45584428310394287,0.017578125,6160896.0,0.2382812649011612,31840,1746454757.3225842,4011,0.7661290764808655,1915.605076321,0.5346153974533081,4010
1.3615375757217407,0.4513488709926605,48.87211608886719,28.287761688232422,1.0,-0.4500148892402649,0.017578125,6254592.0,0.3567708432674408,32328,1746454785.5293694,4072,0.9223541021347046,1943.812063034,0.5346153974533081,4071
1.3615375757217407,0.398761510848999,48.87211608886719,29.669923782348633,1.0,-0.4852890968322754,0.013671875931322575,6260736.0,0.1640625149011612,32360,1746454787.3782148,4076,0.5423312783241272,1945.660711203,0.5346153974533081,4075
1.3615375757217407,0.8203306794166565,48.87211608886719,28.631511688232422,1.0,-0.49224114418029785,0.014322916977107525,6319104.0,0.3274739682674408,32664,1746454804.944636,4114,0.7956231236457825,1963.227161654,0.5346153974533081,4113
1.3615375757217407,0.5847914218902588,48.87211608886719,28.58724021911621,1.0,-0.5292824506759644,0.015625,6329856.0,0.2630208432674408,32720,1746454808.1796157,4121,0.7500576376914978,1966.462132904,0.5346153974533081,4120
1.3615375757217407,0.5403728485107422,48.87211608886719,28.883464813232422,1.0,-0.4988097846508026,0.015625,6352896.0,0.2141927182674408,32840,1746454815.1110103,4136,0.723635733127594,1973.393497016,0.5346153974533081,4135
1.3615375757217407,0.8677554130554199,48.87211608886719,29.680339813232422,1.0,-0.5364064574241638,0.014322916977107525,6363648.0,0.3131510615348816,32896,1746454818.3451216,4143,0.8463760614395142,1976.627584678,0.5346153974533081,4142
1.3615375757217407,0.7596378922462463,48.87211608886719,28.195314407348633,1.0,-0.5455978512763977,0.01497395895421505,6379008.0,0.275390625,32976,1746454822.9700236,4153,0.7301602959632874,1981.252496643,0.5346153974533081,4152
1.3615375757217407,0.7929044961929321,48.87211608886719,27.382814407348633,1.0,-0.5314963459968567,0.017578125,6405120.0,0.3665364682674408,33112,1746454830.8279357,4170,0.8587483167648315,1989.110508284,0.5346153974533081,4169
1.3615375757217407,0.872252881526947,48.87211608886719,29.17708396911621,1.0,-0.5310993194580078,0.014322916977107525,6432768.0,0.2109375149011612,33256,1746454839.1520908,4188,0.7062197923660278,1997.434584125,0.5346153974533081,4187
1.3615375757217407,0.4550855755805969,48.87211608886719,29.422527313232422,1.0,-0.5847370028495789,0.017578125,6471168.0,0.2877604365348816,33456,1746454850.707588,4213,0.7983912825584412,2008.990078315,0.5346153974533081,4212
1.3615375757217407,0.5872970819473267,48.87211608886719,29.281902313232422,1.0,-0.5798311233520508,0.01497395895421505,6480384.0,0.4394531548023224,33504,1746454853.4807987,4219,0.9748105406761169,2011.763291258,0.5346153974533081,4218
1.2777920961380005,0.43381035327911377,48.45915603637695,28.022136688232422,1.0,-0.5489614009857178,0.01692708395421505,6491136.0,0.0833333358168602,33560,1746454856.8357303,4226,0.5060324668884277,2015.118227536,0.4779342710971832,4225
1.2777920961380005,0.5137423276901245,48.45915603637695,27.195964813232422,1.0,-0.5223667621612549,0.01302083395421505,6503424.0,0.1875000149011612,33624,1746454860.5335572,4234,0.6591492295265198,2018.816032395,0.4779342710971832,4233
1.2777920961380005,0.6269248723983765,48.45915603637695,29.94661521911621,1.0,-0.5509989857673645,0.01497395895421505,6524928.0,0.2148437649011612,33736,1746454867.0068398,4248,0.6824711561203003,2025.28953993,0.4779342710971832,4247
1.2777920961380005,0.5386682748794556,48.45915603637695,30.902345657348633,1.0,-0.5819776058197021,0.014322916977107525,6540288.0,0.3430989682674408,33816,1746454871.6291852,4258,0.87577885389328,2029.911733982,0.4779342710971832,4257
1.2777920961380005,0.48328834772109985,48.45915603637695,27.065105438232422,1.0,-0.5310448408126831,0.0162760429084301,6560256.0,0.275390625,33920,1746454877.6386628,4271,0.7237718105316162,2035.921167325,0.4779342710971832,4270
1.2777920961380005,0.5172455310821533,48.45915603637695,27.578777313232422,1.0,-0.5363450646400452,0.0162760429084301,6567936.0,0.2968750298023224,33960,1746454879.990163,4276,0.817737877368927,2038.27267017,0.4779342710971832,4275
1.2777920961380005,0.3914828896522522,48.45915603637695,28.570314407348633,1.0,-0.5823836922645569,0.013671875931322575,6614016.0,0.2102864682674408,34200,1746454893.8605967,4306,0.7074719071388245,2052.143086577,0.4779342710971832,4305
1.2777920961380005,0.44646599888801575,48.45915603637695,28.316408157348633,1.0,-0.6078281402587891,0.01497395895421505,6630912.0,0.2662760615348816,34288,1746454898.9450092,4317,0.7074564695358276,2057.227513722,0.4779342710971832,4316
1.2777920961380005,0.3939122259616852,48.45915603637695,29.024089813232422,1.0,-0.5987757444381714,0.0162760429084301,6641664.0,0.2552083432674408,34344,1746454902.1800106,4324,0.7420943975448608,2060.462526822,0.4779342710971832,4323
1.2777920961380005,0.40654611587524414,48.45915603637695,29.830730438232422,1.0,-0.576805055141449,0.014322916977107525,6658560.0,0.4055989682674408,34432,1746454907.2626767,4335,0.9738858938217163,2065.545165819,0.4779342710971832,4334
1.2777920961380005,0.362832248210907,48.45915603637695,27.95052146911621,1.0,-0.5521193742752075,0.01302083395421505,6660096.0,0.2604166865348816,34440,1746454907.7247365,4336,0.7143025398254395,2066.007215096,0.4779342710971832,4335
1.2777920961380005,0.3759322464466095,48.45915603637695,28.705080032348633,1.0,-0.5975977778434753,0.01497395895421505,6675456.0,0.25390625,34520,1746454912.3542264,4346,0.7117525339126587,2070.636693487,0.4779342710971832,4345
1.2777920961380005,0.45698943734169006,48.45915603637695,28.343751907348633,1.0,-0.619670033454895,0.015625,6692352.0,0.2838541865348816,34608,1746454917.4389293,4357,0.7565404772758484,2075.721473786,0.4779342710971832,4356
1.2777920961380005,0.4333193600177765,48.45915603637695,27.63216209411621,1.0,-0.5592365264892578,0.015625,6733824.0,0.3111979365348816,34824,1746454929.9206011,4384,0.7590727806091309,2088.203100303,0.4779342710971832,4383
1.2777920961380005,0.39004600048065186,48.45915603637695,28.264324188232422,1.0,-0.6095203161239624,0.015625,6789120.0,0.2584635615348816,35112,1746454946.566023,4420,0.6784449815750122,2104.848525625,0.4779342710971832,4419
1.2777920961380005,0.44343313574790955,48.45915603637695,28.06966209411621,1.0,-0.6357502341270447,0.01953125186264515,6793728.0,0.1419270932674408,35136,1746454947.9524806,4423,0.5670181512832642,2106.234975682,0.4779342710971832,4422
1.2777920961380005,0.419589638710022,48.45915603637695,28.367189407348633,1.0,-0.6346513032913208,0.0162760429084301,6806016.0,0.2688802182674408,35200,1746454951.6493802,4431,0.7138192653656006,2109.93188451,0.4779342710971832,4430
1.2777920961380005,0.3890913128852844,48.45915603637695,27.480470657348633,1.0,-0.652099609375,0.0162760429084301,6807552.0,0.3105469048023224,35208,1746454952.115635,4432,0.7904724478721619,2110.398142563,0.4779342710971832,4431
1.2777920961380005,0.36376380920410156,48.45915603637695,29.05599021911621,1.0,-0.5888924598693848,0.0162760429084301,6810624.0,0.2239583432674408,35224,1746454953.0402946,4434,0.6827994585037231,2111.322799131,0.4779342710971832,4433
1.2777920961380005,0.38559049367904663,48.45915603637695,28.514324188232422,1.0,-0.6210819482803345,0.015625,6833664.0,0.3046875298023224,35344,1746454959.9739313,4449,0.7926868200302124,2118.256429362,0.4779342710971832,4448
1.2777920961380005,0.3927042484283447,48.45915603637695,30.029949188232422,1.0,-0.6097943782806396,0.01497395895421505,6865920.0,0.2845052182674408,35512,1746454969.6917021,4470,0.7329908609390259,2127.974184402,0.4779342710971832,4469
1.2777920961380005,0.3510321378707886,48.45915603637695,28.037761688232422,1.0,-0.6301192045211792,0.014322916977107525,6881280.0,0.3515625298023224,35592,1746454974.319869,4480,0.8498972654342651,2132.602365337,0.4779342710971832,4479
1.2777920961380005,0.3382338583469391,48.45915603637695,29.798830032348633,1.0,-0.6546873450279236,0.015625,6885888.0,0.3750000298023224,35616,1746454975.706041,4483,0.8601644039154053,2133.988542097,0.4779342710971832,4482
1.2777920961380005,0.37821197509765625,48.45915603637695,27.590496063232422,1.0,-0.6519136428833008,0.015625,6893568.0,0.2565104365348816,35656,1746454978.0171828,4488,0.734529435634613,2136.29968483,0.4779342710971832,4487
1.2777920961380005,0.31237733364105225,48.45915603637695,29.842449188232422,1.0,-0.6307785511016846,0.015625,6901248.0,0.4973958730697632,35696,1746454980.3278167,4493,1.1172077655792236,2138.610321026,0.4779342710971832,4492
1.2777920961380005,0.3157411217689514,48.45915603637695,25.689455032348633,1.0,-0.617811918258667,0.015625,6902784.0,0.2799479365348816,35704,1746454980.7899446,4494,0.7155071496963501,2139.072430923,0.4779342710971832,4493
1.2777920961380005,0.3754572868347168,48.45915603637695,30.936199188232422,1.0,-0.5568525791168213,0.01302083395421505,6953472.0,0.3040364682674408,35968,1746454996.052474,4527,0.8054494857788086,2154.334979619,0.4779342710971832,4526
1.2777920961380005,0.3411198854446411,48.45915603637695,28.244142532348633,1.0,-0.558290958404541,0.01692708395421505,6956544.0,0.3873698115348816,35984,1746454996.9763272,4529,0.9209648370742798,2155.258800738,0.4779342710971832,4528
1.2777920961380005,0.3258734345436096,48.45915603637695,28.565105438232422,1.0,-0.6033838987350464,0.01497395895421505,6978048.0,0.265625,36096,1746455003.449043,4543,0.7285692095756531,2161.731565614,0.4779342710971832,4542
1.4786081314086914,0.3697340786457062,50.03294372558594,27.201824188232422,1.0,-0.5774695873260498,0.0162760429084301,7002624.0,0.2727864682674408,36224,1746455010.9648826,4559,0.6662079691886902,2169.247360351,0.6075581312179565,4558
1.4786081314086914,0.385909765958786,50.03294372558594,27.822267532348633,1.0,-0.5972892642021179,0.015625,7011840.0,0.2871094048023224,36272,1746455013.7433403,4565,0.7215061783790588,2172.025818926,0.6075581312179565,4564
1.4786081314086914,0.389051616191864,50.03294372558594,29.777996063232422,1.0,-0.6077483296394348,0.01692708395421505,7013376.0,0.3906250298023224,36280,1746455014.2055087,4566,0.9639820456504822,2172.488005788,0.6075581312179565,4565
1.4786081314086914,0.34942859411239624,50.03294372558594,29.306642532348633,1.0,-0.646460771560669,0.0162760429084301,7014912.0,0.3717448115348816,36288,1746455014.6674728,4567,0.9124296307563782,2172.949971732,0.6075581312179565,4566
1.4786081314086914,0.33037203550338745,50.03294372558594,28.476564407348633,1.0,-0.6569268107414246,0.01497395895421505,7024128.0,0.3476562798023224,36336,1746455017.4407227,4573,0.8756334185600281,2175.723198343,0.6075581312179565,4572
1.4786081314086914,0.3187119960784912,50.03294372558594,29.752605438232422,1.0,-0.6587467789649963,0.014322916977107525,7025664.0,0.3079427182674408,36344,1746455017.902621,4574,0.8379590511322021,2176.18510262,0.6075581312179565,4573
1.4786081314086914,0.3472566306591034,50.03294372558594,28.96419334411621,1.0,-0.6477430462837219,0.015625,7033344.0,0.2376302182674408,36384,1746455020.213307,4579,0.7116854786872864,2178.495781708,0.6075581312179565,4578
1.4786081314086914,0.321456640958786,50.03294372558594,29.003908157348633,1.0,-0.6522731184959412,0.015625,7047168.0,0.2200520932674408,36456,1746455024.3729582,4588,0.7385502457618713,2182.655463715,0.6075581312179565,4587
1.4786081314086914,0.3405935764312744,50.03294372558594,27.37239646911621,1.0,-0.6141890287399292,0.01692708395421505,7050240.0,0.4440104365348816,36472,1746455025.2972918,4590,0.9776065349578857,2183.579767326,0.6075581312179565,4589
1.4786081314086914,0.3428393006324768,50.03294372558594,29.279949188232422,1.0,-0.6111553311347961,0.015625,7074816.0,0.3736979365348816,36600,1746455032.6948485,4606,0.9129716753959656,2190.977357639,0.6075581312179565,4605
1.4786081314086914,0.3735790252685547,50.03294372558594,29.107423782348633,1.0,-0.626408576965332,0.01497395895421505,7087104.0,0.2584635615348816,36664,1746455036.3931906,4614,0.7618192434310913,2194.675689105,0.6075581312179565,4613
1.4786081314086914,0.39074867963790894,50.03294372558594,30.10091209411621,1.0,-0.6420377492904663,0.0162760429084301,7100928.0,0.2734375,36736,1746455040.5530055,4623,0.7586414813995361,2198.83550796,0.6075581312179565,4622
1.4786081314086914,0.31534576416015625,50.03294372558594,28.69075584411621,1.0,-0.6943241357803345,0.017578125,7150080.0,0.3795573115348816,36992,1746455055.3502614,4655,0.8867285251617432,2213.632751032,0.6075581312179565,4654
1.4786081314086914,0.33995720744132996,50.03294372558594,27.919923782348633,1.0,-0.7071748375892639,0.0162760429084301,7199232.0,0.2272135466337204,37248,1746455070.1516557,4687,0.6628727912902832,2228.434138655,0.6075581312179565,4686
1.4786081314086914,0.3715516924858093,50.03294372558594,27.675783157348633,1.0,-0.6953306794166565,0.01692708395421505,7213056.0,0.3743489682674408,37320,1746455074.3161767,4696,0.9071308970451355,2232.598703076,0.6075581312179565,4695
1.4786081314086914,0.3276389241218567,50.03294372558594,28.488933563232422,1.0,-0.8173945546150208,0.01692708395421505,7239168.0,0.263671875,37456,1746455082.2212355,4713,0.7456697225570679,2240.50372099,0.6075581312179565,4712
1.4786081314086914,0.35671329498291016,50.03294372558594,30.599611282348633,1.0,-0.7584331035614014,0.01497395895421505,7277568.0,0.1927083432674408,37656,1746455093.7613616,4738,0.6862779259681702,2252.04384302,0.6075581312179565,4737
1.4786081314086914,0.3184765875339508,50.03294372558594,28.74349021911621,1.0,-0.7737506628036499,0.01497395895421505,7302144.0,0.3261719048023224,37784,1746455101.15671,4754,0.7791599035263062,2259.439210263,0.6075581312179565,4753
1.4786081314086914,0.27672305703163147,50.03294372558594,27.83528709411621,1.0,-0.7004547715187073,0.01953125186264515,7366656.0,0.2402343899011612,38120,1746455120.5789754,4796,0.6866567730903625,2278.861457597,0.6075581312179565,4795
1.4786081314086914,0.293683797121048,50.03294372558594,30.773439407348633,1.0,-0.7118144035339355,0.015625,7377408.0,0.3606770932674408,38176,1746455123.8163073,4803,0.8787312507629395,2282.098812087,0.6075581312179565,4802
1.4786081314086914,0.2994117736816406,50.03294372558594,28.38997459411621,1.0,-0.7240402698516846,0.0162760429084301,7409664.0,0.3209635615348816,38344,1746455133.5206017,4824,0.8376079797744751,2291.803101327,0.6075581312179565,4823
1.4786081314086914,0.2991294860839844,50.03294372558594,27.591798782348633,1.0,-0.7640828490257263,0.017578125,7440384.0,0.3802083432674408,38504,1746455142.7740254,4844,0.9138486981391907,2301.056524353,0.6075581312179565,4843
1.4786081314086914,0.26938533782958984,50.03294372558594,28.219402313232422,1.0,-0.7204017639160156,0.017578125,7484928.0,0.2903645932674408,38736,1746455156.1787658,4873,0.8387880921363831,2314.461268551,0.6075581312179565,4872
1.414636492729187,0.2731960117816925,46.55485534667969,29.386720657348633,1.0,-0.7037656307220459,0.0162760429084301,7495680.0,0.1608072966337204,38792,1746455159.5330749,4880,0.5641959309577942,2317.815583524,0.5674460530281067,4879
1.414636492729187,0.28139927983283997,46.55485534667969,29.375001907348633,1.0,-0.656697154045105,0.01692708395421505,7504896.0,0.283203125,38840,1746455162.3139029,4886,0.8066430687904358,2320.596405253,0.5674460530281067,4885
1.414636492729187,0.2380756437778473,46.55485534667969,28.971355438232422,1.0,-0.6704685688018799,0.015625,7544832.0,0.2923177182674408,39048,1746455174.3312337,4912,0.7682073712348938,2332.613722359,0.5674460530281067,4911
1.414636492729187,0.26425284147262573,46.55485534667969,29.570964813232422,1.0,-0.6573010087013245,0.0162760429084301,7578624.0,0.3958333432674408,39224,1746455184.500665,4934,0.9300378561019897,2342.783210672,0.5674460530281067,4933
1.414636492729187,0.3024590015411377,46.55485534667969,28.925783157348633,1.0,-0.7120916843414307,0.01497395895421505,7666176.0,0.3255208432674408,39680,1746455210.8412297,4991,0.8419603109359741,2369.123698693,0.5674460530281067,4990
1.414636492729187,0.3413572311401367,46.55485534667969,28.136720657348633,1.0,-0.7035987377166748,0.017578125,7670784.0,0.26171875,39704,1746455212.2359824,4994,0.7318070530891418,2370.518476954,0.5674460530281067,4993
1.414636492729187,0.3022710680961609,46.55485534667969,27.52278709411621,1.0,-0.6747008562088013,0.0182291679084301,7701504.0,0.3209635615348816,39864,1746455221.4798148,5014,0.8234654068946838,2379.762301115,0.5674460530281067,5013
1.414636492729187,0.3458777368068695,46.55485534667969,26.98763084411621,1.0,-0.7282710075378418,0.017578125,7712256.0,0.2734375,39920,1746455224.7213576,5021,0.7461931109428406,2383.003840972,0.5674460530281067,5020
1.414636492729187,0.38056614995002747,46.55485534667969,28.986980438232422,1.0,-0.7230740189552307,0.01692708395421505,7758336.0,0.3307291865348816,40160,1746455238.5949264,5051,0.8636347651481628,2396.877420141,0.5674460530281067,5050
1.414636492729187,0.2840649485588074,46.55485534667969,27.833986282348633,1.0,-0.6954829096794128,0.01888020895421505,7759872.0,0.2285156399011612,40168,1746455239.0585976,5052,0.7025706171989441,2397.341086448,0.5674460530281067,5051
1.414636492729187,0.3307342529296875,46.55485534667969,28.476564407348633,1.0,-0.6519818305969238,0.015625,7761408.0,0.2630208432674408,40176,1746455239.520942,5053,0.7506738305091858,2397.803470563,0.5674460530281067,5052
1.414636492729187,0.2886826992034912,46.55485534667969,28.17122459411621,1.0,-0.6885707378387451,0.01497395895421505,7773696.0,0.2239583432674408,40240,1746455243.2195363,5061,0.6633332371711731,2401.502027053,0.5674460530281067,5060
1.414636492729187,0.2800311744213104,46.55485534667969,30.197917938232422,1.0,-0.6582314968109131,0.01497395895421505,7782912.0,0.4459635615348816,40288,1746455245.9928763,5067,0.9910579323768616,2404.275371226,0.5674460530281067,5066
1.414636492729187,0.30406445264816284,46.55485534667969,29.674480438232422,1.0,-0.665979266166687,0.0162760429084301,7793664.0,0.3398437798023224,40344,1746455249.2270215,5074,0.8574769496917725,2407.509523405,0.5674460530281067,5073
1.414636492729187,0.37294256687164307,46.55485534667969,28.80599021911621,1.0,-0.6787995100021362,0.014322916977107525,7801344.0,0.2786458432674408,40384,1746455251.5382528,5079,0.7470459342002869,2409.820758923,0.5674460530281067,5078
1.414636492729187,0.3441205322742462,46.55485534667969,27.317058563232422,1.0,-0.687859296798706,0.015625,7804416.0,0.2871094048023224,40400,1746455252.4663937,5081,0.7590422034263611,2410.74887107,0.5674460530281067,5080
1.414636492729187,0.3349621593952179,46.55485534667969,27.273439407348633,1.0,-0.6982302665710449,0.0162760429084301,7818240.0,0.2552083432674408,40472,1746455256.6252754,5090,0.7429786920547485,2414.907748818,0.5674460530281067,5089
1.414636492729187,0.3402535319328308,46.55485534667969,29.191408157348633,1.0,-0.7061507701873779,0.015625,7825920.0,0.3470052182674408,40512,1746455258.937341,5095,0.8684744834899902,2417.219823237,0.5674460530281067,5094
1.414636492729187,0.4030110239982605,46.55485534667969,28.707033157348633,1.0,-0.7073932886123657,0.017578125,7845888.0,0.4817708730697632,40616,1746455264.9537628,5108,1.0748817920684814,2423.236248371,0.5674460530281067,5107
1.414636492729187,0.35378527641296387,46.55485534667969,26.84505271911621,1.0,-0.7190340757369995,0.017578125,7855104.0,0.279296875,40664,1746455267.728343,5114,0.7726537585258484,2426.010822459,0.5674460530281067,5113
1.414636492729187,0.3738451600074768,46.55485534667969,29.593751907348633,1.0,-0.7843962907791138,0.0162760429084301,7870464.0,0.279296875,40744,1746455272.3572004,5124,0.7746335864067078,2430.639695268,0.5674460530281067,5123
1.414636492729187,0.4237822890281677,46.55485534667969,28.721355438232422,1.0,-0.7743322253227234,0.01692708395421505,7875072.0,0.2565104365348816,40768,1746455273.7440627,5127,0.7777087688446045,2432.026553952,0.5674460530281067,5126
1.414636492729187,0.3499968945980072,46.55485534667969,28.232423782348633,1.0,-0.7589008808135986,0.0162760429084301,7884288.0,0.2233072966337204,40816,1746455276.556982,5133,0.7043042778968811,2434.839467923,0.5674460530281067,5132
1.414636492729187,0.39918410778045654,46.55485534667969,29.229167938232422,1.0,-0.7798621654510498,0.017578125,7888896.0,0.3769531548023224,40840,1746455277.9433057,5136,0.9058843851089478,2436.22578291,0.5674460530281067,5135
1.414636492729187,0.3876485228538513,46.55485534667969,29.138673782348633,1.0,-0.755844235420227,0.017578125,7901184.0,0.4915364980697632,40904,1746455281.6395197,5144,1.0454659461975098,2439.922018192,0.5674460530281067,5143
1.414636492729187,0.3852173089981079,46.55485534667969,30.014324188232422,1.0,-0.7570699453353882,0.01692708395421505,7908864.0,0.3906250298023224,40944,1746455283.9500976,5149,0.9601022005081177,2442.232588183,0.5674460530281067,5148
1.414636492729187,0.3351653814315796,46.55485534667969,27.343751907348633,1.0,-0.7739976644515991,0.01497395895421505,7916544.0,0.1933593899011612,40984,1746455286.2634387,5154,0.6446910500526428,2444.545931362,0.5674460530281067,5153
1.414636492729187,0.374472439289093,46.55485534667969,29.047527313232422,1.0,-0.7803457975387573,0.01692708395421505,7936512.0,0.3281250298023224,41088,1746455292.2757585,5167,0.8663132786750793,2450.558262673,0.5674460530281067,5166
1.414636492729187,0.3419576585292816,46.55485534667969,28.317058563232422,1.0,-0.7850707769393921,0.017578125,7939584.0,0.2649739682674408,41104,1746455293.200512,5169,0.7303492426872253,2451.483004065,0.5674460530281067,5168
1.414636492729187,0.3904169797897339,46.55485534667969,28.43684959411621,1.0,-0.7340269088745117,0.0162760429084301,7967232.0,0.3320312798023224,41248,1746455301.5213861,5187,0.876817524433136,2459.803887385,0.5674460530281067,5186
1.4751380681991577,0.3270038068294525,46.05030822753906,29.236980438232422,1.0,-0.7295325398445129,0.015625,7991808.0,0.3352864682674408,41376,1746455309.031738,5203,0.8350073099136353,2467.314229974,0.6090026497840881,5202
1.4751380681991577,0.35515254735946655,46.05030822753906,28.83333396911621,1.0,-0.7837197780609131,0.01692708395421505,7997952.0,0.3255208432674408,41408,1746455310.8825746,5207,0.8305196762084961,2469.165400847,0.6090026497840881,5206
1.4751380681991577,0.36350375413894653,46.05030822753906,27.830080032348633,1.0,-0.7708314657211304,0.0182291679084301,8004096.0,0.3417969048023224,41440,1746455312.738375,5211,0.8442699909210205,2471.020855702,0.6090026497840881,5210
1.4751380681991577,0.35251471400260925,46.05030822753906,28.257814407348633,1.0,-0.847715437412262,0.017578125,8016384.0,0.2766927182674408,41504,1746455316.4372108,5219,0.8020688891410828,2474.719727364,0.6090026497840881,5218
1.4751380681991577,0.3019554018974304,46.05030822753906,28.22981834411621,1.0,-0.7782902717590332,0.01888020895421505,8040960.0,0.2988281548023224,41632,1746455323.8358254,5235,0.8343127369880676,2482.118366879,0.6090026497840881,5234
1.4751380681991577,0.31627151370048523,46.05030822753906,27.34895896911621,1.0,-0.7467882633209229,0.0182291679084301,8105472.0,0.3118489682674408,41968,1746455343.2556362,5277,0.8293763995170593,2501.538130332,0.6090026497840881,5276
1.4751380681991577,0.30911093950271606,46.05030822753906,27.076173782348633,1.0,-0.7832643985748291,0.01888020895421505,8126976.0,0.3893229365348816,42080,1746455349.7247765,5291,0.9550167322158813,2508.00728775,0.6090026497840881,5290
1.4751380681991577,0.3244665265083313,46.05030822753906,29.68880271911621,1.0,-0.8122849464416504,0.01692708395421505,8131584.0,0.2324218899011612,42104,1746455351.1114278,5294,0.7291945815086365,2509.393913154,0.6090026497840881,5293
1.4751380681991577,0.3688729405403137,46.05030822753906,27.358074188232422,1.0,-0.7789381146430969,0.0182291679084301,8142336.0,0.3704427182674408,42160,1746455354.3465056,5301,0.9000369310379028,2512.628993832,0.6090026497840881,5300
1.4751380681991577,0.34699684381484985,46.05030822753906,28.373048782348633,1.0,-0.7842464447021484,0.01888020895421505,8143872.0,0.3229166865348816,42168,1746455354.8086026,5302,0.8783392310142517,2513.091114941,0.6090026497840881,5301
1.4751380681991577,0.30533313751220703,46.05030822753906,28.05013084411621,1.0,-0.8073431849479675,0.015625,8212992.0,0.4238281548023224,42528,1746455375.6250508,5347,0.9279106855392456,2533.907548532,0.6090026497840881,5346
1.4751380681991577,0.3106788396835327,46.05030822753906,29.022136688232422,1.0,-0.771608829498291,0.017578125,8223744.0,0.4231770932674408,42584,1746455378.8599472,5354,1.0133060216903687,2537.142467935,0.6090026497840881,5353
1.4751380681991577,0.33787229657173157,46.05030822753906,28.531251907348633,1.0,-0.8235725164413452,0.017578125,8315904.0,0.3346354365348816,43064,1746455406.600923,5414,0.8666234016418457,2564.883423962,0.6090026497840881,5413
1.4751380681991577,0.33745303750038147,46.05030822753906,29.00520896911621,1.0,-0.8431748151779175,0.01888020895421505,8318976.0,0.3860677182674408,43080,1746455407.5262568,5416,0.9422590732574463,2565.808749107,0.6090026497840881,5415
1.4751380681991577,0.34199851751327515,46.05030822753906,28.582683563232422,1.0,-0.874733567237854,0.017578125,8340480.0,0.3580729365348816,43192,1746455414.0096014,5430,0.8721542358398438,2572.29210209,0.6090026497840881,5429
1.4751380681991577,0.29954636096954346,46.05030822753906,30.000001907348633,1.0,-0.9086729288101196,0.017578125,8346624.0,0.4882812798023224,43224,1746455415.8602426,5434,1.105257511138916,2574.142754704,0.6090026497840881,5433
1.4751380681991577,0.3387754559516907,46.05030822753906,28.16145896911621,1.0,-0.8931409120559692,0.01888020895421505,8361984.0,0.3365885615348816,43304,1746455420.4839482,5444,0.8840022683143616,2578.7664326,0.6090026497840881,5443
1.4751380681991577,0.3378065228462219,46.05030822753906,28.548830032348633,1.0,-0.8613151907920837,0.017578125,8377344.0,0.3684895932674408,43384,1746455425.1083224,5454,0.8948554396629333,2583.390804618,0.6090026497840881,5453
1.4751380681991577,0.36213111877441406,46.05030822753906,28.326824188232422,1.0,-0.8409438133239746,0.01888020895421505,8432640.0,0.4661458432674408,43672,1746455441.7513,5490,1.0806055068969727,2600.033760865,0.6090026497840881,5489
1.4751380681991577,0.39199548959732056,46.05030822753906,28.513673782348633,1.0,-0.8638527393341064,0.0162760429084301,8478720.0,0.4798177480697632,43912,1746455455.6228201,5520,1.0491392612457275,2613.905299807,0.6090026497840881,5519
1.4751380681991577,0.35344523191452026,46.05030822753906,29.773439407348633,1.0,-0.9094477295875549,0.015625,8484864.0,0.3216145932674408,43944,1746455457.4710047,5524,0.865415632724762,2615.753563298,0.6090026497840881,5523
1.2867190837860107,0.3650059700012207,44.86513900756836,28.464845657348633,1.0,-0.9270577430725098,0.01888020895421505,8491008.0,0.3248698115348816,43976,1746455459.439644,5528,0.8702768683433533,2617.7221363,0.4766751527786255,5527
1.2867190837860107,0.3223561644554138,44.86513900756836,28.768230438232422,1.0,-0.9604557752609253,0.01888020895421505,8527872.0,0.2454427182674408,44168,1746455470.5354114,5552,0.7823604345321655,2628.817888123,0.4766751527786255,5551
1.2867190837860107,0.33555126190185547,44.86513900756836,28.041017532348633,1.0,-0.99174565076828,0.017578125,8537088.0,0.4108073115348816,44216,1746455473.308829,5558,0.9314653277397156,2631.591333729,0.4766751527786255,5557
1.2867190837860107,0.32200413942337036,44.86513900756836,29.436199188232422,1.0,-0.9678556323051453,0.01692708395421505,8547840.0,0.4166666865348816,44272,1746455476.583391,5565,0.9984309673309326,2634.865879044,0.4766751527786255,5564
1.2867190837860107,0.3125087022781372,44.86513900756836,29.576173782348633,1.0,-1.0103247165679932,0.01692708395421505,8555520.0,0.3847656548023224,44312,1746455478.8930316,5570,0.9267840385437012,2637.175522104,0.4766751527786255,5569
1.2867190837860107,0.3812299072742462,44.86513900756836,27.488933563232422,1.0,-0.98496413230896,0.0182291679084301,8570880.0,0.2949219048023224,44392,1746455483.5184138,5580,0.807382345199585,2641.80087843,0.4766751527786255,5579
1.2867190837860107,0.3249242305755615,44.86513900756836,28.70638084411621,1.0,-0.981473445892334,0.01888020895421505,8601600.0,0.4095052182674408,44552,1746455492.7643468,5600,0.982872724533081,2651.04683705,0.4766751527786255,5599
1.2867190837860107,0.34328895807266235,44.86513900756836,28.944011688232422,1.0,-0.9834715127944946,0.01888020895421505,8623104.0,0.271484375,44664,1746455499.2389092,5614,0.7934443354606628,2657.521438167,0.4766751527786255,5613
1.2867190837860107,0.30484330654144287,44.86513900756836,27.517580032348633,1.0,-0.959740936756134,0.01953125186264515,8627712.0,0.3307291865348816,44688,1746455500.624841,5617,0.8603761196136475,2658.90734646,0.4766751527786255,5616
1.2867190837860107,0.3571762442588806,44.86513900756836,27.736980438232422,1.0,-0.9380386471748352,0.01888020895421505,8636928.0,0.3157552182674408,44736,1746455503.3968663,5623,0.8266383409500122,2661.679345579,0.4766751527786255,5622
1.2867190837860107,0.31163856387138367,44.86513900756836,27.19270896911621,1.0,-0.915906548500061,0.01888020895421505,8673792.0,0.283203125,44928,1746455514.5005102,5647,0.7882329225540161,2672.782996242,0.4766751527786255,5646
1.2867190837860107,0.3359382748603821,44.86513900756836,29.545574188232422,1.0,-0.9078538417816162,0.015625,8683008.0,0.3847656548023224,44976,1746455517.2751298,5653,0.9670491814613342,2675.557606274,0.4766751527786255,5652
1.2867190837860107,0.35421308875083923,44.86513900756836,27.718751907348633,1.0,-0.9109309911727905,0.01888020895421505,8689152.0,0.3457031548023224,45008,1746455519.122959,5657,0.900513231754303,2677.405429236,0.4766751527786255,5656
1.2867190837860107,0.2763865292072296,44.86513900756836,26.779298782348633,1.0,-0.9299378991127014,0.01888020895421505,8712192.0,0.3665364682674408,45128,1746455526.0608735,5672,0.9042707085609436,2684.343374641,0.4766751527786255,5671
1.2867190837860107,0.31431084871292114,44.86513900756836,29.15950584411621,1.0,-0.9244711399078369,0.017578125,8756736.0,0.3860677182674408,45360,1746455539.4583511,5701,0.9627639055252075,2697.740856739,0.4766751527786255,5700
1.2867190837860107,0.311837375164032,44.86513900756836,28.82356834411621,1.0,-0.9440094232559204,0.01692708395421505,8787456.0,0.3307291865348816,45520,1746455548.7045581,5721,0.8507921695709229,2706.987115651,0.4766751527786255,5720
1.2867190837860107,0.27517709136009216,44.86513900756836,27.87630271911621,1.0,-0.94394850730896,0.0221354179084301,8788992.0,0.3854166865348816,45528,1746455549.1668873,5722,0.9981383681297302,2707.44937111,0.4766751527786255,5721
1.2867190837860107,0.3567578196525574,44.86513900756836,29.742839813232422,1.0,-0.9515088796615601,0.01888020895421505,8816640.0,0.5013021230697632,45672,1746455557.4912577,5740,1.1572271585464478,2715.773745626,0.4766751527786255,5739
1.2867190837860107,0.31120845675468445,44.86513900756836,29.62239646911621,1.0,-0.9828928709030151,0.01692708395421505,8821248.0,0.4947916865348816,45696,1746455558.877534,5743,1.0897029638290405,2717.160030673,0.4766751527786255,5742
1.2867190837860107,0.35101768374443054,44.86513900756836,27.187501907348633,1.0,-0.9023891091346741,0.017578125,8847360.0,0.2734375,45832,1746455566.7483022,5760,0.77766352891922,2725.030760035,0.4766751527786255,5759
1.2867190837860107,0.3222540616989136,44.86513900756836,28.38411521911621,1.0,-0.9435238838195801,0.01692708395421505,8848896.0,0.2278645932674408,45840,1746455567.2103753,5761,0.7200316190719604,2725.492844932,0.4766751527786255,5760
1.2867190837860107,0.332775741815567,44.86513900756836,28.326173782348633,1.0,-0.9281667470932007,0.0162760429084301,8867328.0,0.4694010615348816,45936,1746455572.7600617,5773,1.0423645973205566,2731.042585623,0.4766751527786255,5772
1.2867190837860107,0.2806141972541809,44.86513900756836,28.199871063232422,1.0,-0.8737523555755615,0.02083333395421505,8879616.0,0.3326823115348816,46000,1746455576.4581711,5781,0.8955499529838562,2734.740666035,0.4766751527786255,5780
1.2867190837860107,0.30540791153907776,44.86513900756836,27.93880271911621,1.0,-0.8937958478927612,0.0182291679084301,8884224.0,0.5,46024,1746455577.8445,5784,1.072371006011963,2736.127007288,0.4766751527786255,5783
1.2867190837860107,0.3229807913303375,44.86513900756836,27.680339813232422,1.0,-0.9170176982879639,0.01953125186264515,8888832.0,0.4212239682674408,46048,1746455579.2309628,5787,1.0053715705871582,2737.513462788,0.4766751527786255,5786
1.2867190837860107,0.28015992045402527,44.86513900756836,29.478517532348633,1.0,-0.9374434947967529,0.01888020895421505,8896512.0,0.3704427182674408,46088,1746455581.5430071,5792,0.9322628974914551,2739.825515518,0.4766751527786255,5791
1.2867190837860107,0.30098438262939453,44.86513900756836,26.33333396911621,1.0,-0.9057183265686035,0.0162760429084301,8914944.0,0.3079427182674408,46184,1746455587.0909667,5804,0.78218013048172,2745.373471498,0.4766751527786255,5803
1.2867190837860107,0.33863335847854614,44.86513900756836,28.851564407348633,1.0,-0.8810089230537415,0.017578125,8922624.0,0.4134114682674408,46224,1746455589.401501,5809,0.9607861042022705,2747.684006902,0.4766751527786255,5808
1.5178338289260864,0.2895219922065735,45.611785888671875,26.832683563232422,1.0,-0.8296613693237305,0.0201822929084301,9002496.0,0.3222656548023224,46640,1746455613.5665648,5861,0.8269075751304626,2771.849056602,0.6351819634437561,5860
1.5178338289260864,0.3878004848957062,45.611785888671875,30.072267532348633,1.0,-0.894742488861084,0.0162760429084301,9036288.0,0.4147135615348816,46816,1746455623.7434344,5883,0.9757657051086426,2782.025933097,0.6351819634437561,5882
1.5178338289260864,0.36127617955207825,45.611785888671875,27.774089813232422,1.0,-0.891193151473999,0.0182291679084301,9037824.0,0.4765625298023224,46824,1746455624.2055142,5884,1.0617852210998535,2782.487999268,0.6351819634437561,5883
1.5178338289260864,0.36550548672676086,45.611785888671875,29.383464813232422,1.0,-0.8952843546867371,0.017578125,9063936.0,0.4388020932674408,46960,1746455632.063392,5901,1.0459681749343872,2790.345902722,0.6351819634437561,5900
1.5178338289260864,0.28250622749328613,45.611785888671875,28.192058563232422,1.0,-0.8908653855323792,0.01888020895421505,9117696.0,0.3606770932674408,47240,1746455648.2344942,5936,0.9052289724349976,2806.516977337,0.6351819634437561,5935
1.5178338289260864,0.28852856159210205,45.611785888671875,28.23567771911621,1.0,-0.8711870312690735,0.017578125,9119232.0,0.3372395932674408,47248,1746455648.6995225,5937,0.8625221252441406,2806.982063433,0.6351819634437561,5936
1.5178338289260864,0.3142818808555603,45.611785888671875,28.027345657348633,1.0,-0.8907772302627563,0.0182291679084301,9122304.0,0.5729166865348816,47264,1746455649.6235294,5939,1.1847354173660278,2807.90601824,0.6351819634437561,5938
1.5178338289260864,0.29137131571769714,45.611785888671875,28.304689407348633,1.0,-0.875687837600708,0.017578125,9123840.0,0.2721354365348816,47272,1746455650.0856416,5940,0.7873269319534302,2808.36813097,0.6351819634437561,5939
1.5178338289260864,0.28648972511291504,45.611785888671875,28.246095657348633,1.0,-0.9253275394439697,0.017578125,9176064.0,0.3261719048023224,47544,1746455665.8206198,5974,0.8320395350456238,2824.10309831,0.6351819634437561,5973
1.5178338289260864,0.2906198799610138,45.611785888671875,26.555339813232422,1.0,-0.9118247032165527,0.02083333395421505,9225216.0,0.4069010615348816,47800,1746455680.65589,6006,1.0261956453323364,2838.93837399,0.6351819634437561,6005
1.5178338289260864,0.34022343158721924,45.611785888671875,26.93294334411621,1.0,-0.8890824317932129,0.017578125,9255936.0,0.2701823115348816,47960,1746455689.89931,6026,0.7777519226074219,2848.181783108,0.6351819634437561,6025
1.5178338289260864,0.26221543550491333,45.611785888671875,27.418621063232422,1.0,-0.8876000642776489,0.01692708395421505,9285120.0,0.4401041865348816,48112,1746455698.6901019,6045,0.9957984089851379,2856.972606922,0.6351819634437561,6044
1.5178338289260864,0.2759765088558197,45.611785888671875,26.548830032348633,1.0,-0.9100078344345093,0.01953125186264515,9338880.0,0.3483073115348816,48392,1746455714.882066,6080,0.8363726735115051,2873.16454815,0.6351819634437561,6079
1.5178338289260864,0.24680808186531067,45.611785888671875,27.680339813232422,1.0,-0.9089367389678955,0.01888020895421505,9341952.0,0.3014323115348816,48408,1746455715.8067093,6082,0.8167299032211304,2874.089207344,0.6351819634437561,6081
1.5178338289260864,0.23959079384803772,45.611785888671875,28.175783157348633,1.0,-0.8833900094032288,0.01888020895421505,9351168.0,0.3535156548023224,48456,1746455718.5806377,6088,0.9046264290809631,2876.863126917,0.6351819634437561,6087
1.5178338289260864,0.25795212388038635,45.611785888671875,27.422527313232422,1.0,-0.9074669480323792,0.0162760429084301,9363456.0,0.3515625298023224,48520,1746455722.2817771,6096,0.8753452301025391,2880.564294033,0.6351819634437561,6095
1.5178338289260864,0.28098219633102417,45.611785888671875,28.183595657348633,1.0,-0.9109376668930054,0.01888020895421505,9403392.0,0.4231770932674408,48728,1746455734.307377,6122,0.9812948107719421,2892.589857811,0.6351819634437561,6121
1.5178338289260864,0.29789212346076965,45.611785888671875,28.824871063232422,1.0,-0.9363210201263428,0.0182291679084301,9412608.0,0.2278645932674408,48776,1746455737.0808308,6128,0.7521993517875671,2895.363325419,0.6351819634437561,6127
1.5178338289260864,0.30643904209136963,45.611785888671875,28.018230438232422,1.0,-0.946255087852478,0.01888020895421505,9447936.0,0.3430989682674408,48960,1746455747.716073,6151,0.9228070378303528,2905.99875013,0.6351819634437561,6150
1.5178338289260864,0.2793745696544647,45.611785888671875,29.117839813232422,1.0,-0.9633815288543701,0.01692708395421505,9449472.0,0.4602864682674408,48968,1746455748.1736896,6152,1.053598165512085,2906.456174825,0.6351819634437561,6151
1.5178338289260864,0.2643531858921051,45.611785888671875,27.887371063232422,1.0,-0.9553397297859192,0.0182291679084301,9463296.0,0.3359375298023224,49040,1746455752.332511,6161,0.8794640302658081,2910.615007523,0.6351819634437561,6160
1.5178338289260864,0.3174223303794861,45.611785888671875,28.158205032348633,1.0,-0.9568494558334351,0.01888020895421505,9469440.0,0.4231770932674408,49072,1746455754.1821582,6165,0.9946069121360779,2912.464662527,0.6351819634437561,6164
1.4452571868896484,0.2941889464855194,44.129459381103516,28.065105438232422,1.0,-1.0177596807479858,0.0182291679084301,9513984.0,0.3984375298023224,49304,1746455767.7081728,6194,0.9483414888381958,2925.990670949,0.5734439492225647,6193
1.4452571868896484,0.30325552821159363,44.129459381103516,27.541017532348633,1.0,-1.0093693733215332,0.01953125186264515,9532416.0,0.4179687798023224,49400,1746455773.2527964,6206,1.016382098197937,2931.535387314,0.5734439492225647,6205
1.4452571868896484,0.2679964601993561,44.129459381103516,29.927736282348633,1.0,-0.9876025915145874,0.01692708395421505,9541632.0,0.1992187649011612,49448,1746455776.02912,6212,0.6919732093811035,2934.311606922,0.5734439492225647,6211
1.4452571868896484,0.25660040974617004,44.129459381103516,29.381511688232422,1.0,-1.0060490369796753,0.0201822929084301,9556992.0,0.3561198115348816,49528,1746455780.6494749,6222,0.9421153664588928,2938.931971572,0.5734439492225647,6221
1.4452571868896484,0.30541467666625977,44.129459381103516,25.95638084411621,1.0,-1.0316798686981201,0.01888020895421505,9580032.0,0.2825520932674408,49648,1746455787.5833235,6237,0.7667350172996521,2945.86577542,0.5734439492225647,6236
1.4452571868896484,0.28472596406936646,44.129459381103516,28.71224021911621,1.0,-1.0115382671356201,0.017578125,9583104.0,0.3854166865348816,49664,1746455788.5079114,6239,0.9226283431053162,2946.790407216,0.5734439492225647,6238
1.4452571868896484,0.29863789677619934,44.129459381103516,26.694011688232422,1.0,-1.0738741159439087,0.02083333395421505,9613824.0,0.4680989682674408,49824,1746455797.755537,6259,1.0338855981826782,2956.038013292,0.5734439492225647,6258
1.4452571868896484,0.26099956035614014,44.129459381103516,27.58724021911621,1.0,-1.0174059867858887,0.01953125186264515,9653760.0,0.4420573115348816,50032,1746455809.7857685,6285,1.0148578882217407,2968.068263333,0.5734439492225647,6284
1.4452571868896484,0.26217228174209595,44.129459381103516,30.666667938232422,1.0,-0.9271484613418579,0.0182291679084301,9679872.0,0.2994791865348816,50168,1746455817.64414,6302,0.9067360162734985,2975.926606793,0.5734439492225647,6301
1.4452571868896484,0.28096336126327515,44.129459381103516,26.988283157348633,1.0,-0.9057739973068237,0.01953125186264515,9722880.0,0.3098958432674408,50392,1746455830.5896673,6330,0.8152682185173035,2988.872388471,0.5734439492225647,6329
1.4452571868896484,0.24704760313034058,44.129459381103516,27.783855438232422,1.0,-0.9518226385116577,0.0182291679084301,9725952.0,0.3893229365348816,50408,1746455831.5171676,6332,0.9258192181587219,2989.799859029,0.5734439492225647,6331
1.4452571868896484,0.2872992753982544,44.129459381103516,27.43880271911621,1.0,-0.8931836485862732,0.017578125,9796608.0,0.2115885466337204,50776,1746455852.8422337,6378,0.7250965237617493,3011.124746083,0.5734439492225647,6377
1.4452571868896484,0.2731885015964508,44.129459381103516,29.212892532348633,1.0,-0.9390891790390015,0.017578125,9838080.0,0.265625,50992,1746455865.3372867,6405,0.7855141758918762,3023.619931951,0.5734439492225647,6404
1.4452571868896484,0.2778710126876831,44.129459381103516,29.630861282348633,1.0,-0.9387201070785522,0.017578125,9885696.0,0.3899739682674408,51240,1746455879.7280543,6436,0.9753087759017944,3038.010685665,0.5734439492225647,6435
1.4452571868896484,0.29827964305877686,44.129459381103516,29.822917938232422,1.0,-0.8652812242507935,0.01692708395421505,9917952.0,0.3678385615348816,51408,1746455889.4505298,6457,0.9494757652282715,3047.733018573,0.5734439492225647,6456
1.4452571868896484,0.2794237732887268,44.129459381103516,29.703126907348633,1.0,-0.843083381652832,0.0162760429084301,9928704.0,0.2864583432674408,51464,1746455892.6898088,6464,0.8317930698394775,3050.9722942,0.5734439492225647,6463
1.4452571868896484,0.2860822081565857,44.129459381103516,30.33138084411621,1.0,-0.8537647724151611,0.0162760429084301,9931776.0,0.3828125298023224,51480,1746455893.6142688,6466,0.9556244611740112,3051.896737954,0.5734439492225647,6465
1.4452571868896484,0.3326754570007324,44.129459381103516,26.400392532348633,1.0,-0.8635856509208679,0.0201822929084301,9948672.0,0.2389323115348816,51568,1746455898.6990314,6477,0.7387460470199585,3056.981515316,0.5734439492225647,6476
1.4452571868896484,0.35319453477859497,44.129459381103516,29.80989646911621,1.0,-0.9323902726173401,0.01692708395421505,9971712.0,0.3990885615348816,51688,1746455905.6414795,6492,0.959745466709137,3063.923961535,0.5734439492225647,6491
1.4452571868896484,0.3510597348213196,44.129459381103516,30.885417938232422,1.0,-0.94533371925354,0.01692708395421505,9976320.0,0.3743489682674408,51712,1746455907.0279298,6495,0.9143580794334412,3065.31043357,0.5734439492225647,6494
