test_returned_episode_lengths,_runtime,returned_episode_returns,returned_won_episode,returned_episode,grad_steps,returned_episode_lengths,test_returned_episode_returns,test_returned_episode,_timestamp,qvals,update_steps,env_step,test_returned_won_episode,loss,_step
14.325743675231934,56.095446947,0.15255683660507202,0.0,0.0429687537252903,96,17.73046875,0.24112875759601593,1.0,1746181126.7608888,0.19215290248394012,43,66048.0,0.0,0.02737720124423504,42
14.325743675231934,79.365417688,0.1501302272081375,0.0,0.0449218787252903,504,17.09700584411621,0.24112875759601593,1.0,1746181150.030867,0.3051350712776184,94,144384.0,0.0,0.06518243253231049,93
14.325743675231934,79.821731666,0.15819130837917328,0.0,0.0468750037252903,512,16.85481834411621,0.24112875759601593,1.0,1746181150.487173,0.29824209213256836,95,145920.0,0.0,0.08269649744033813,94
14.325743675231934,89.860066995,0.1702059805393219,0.0,0.0449218787252903,688,17.024089813232422,0.24112875759601593,1.0,1746181160.5255117,0.1978457272052765,117,179712.0,0.0,0.0730847716331482,116
14.325743675231934,112.222483798,0.17027699947357178,0.0,0.0475260429084301,1080,16.796875,0.24112875759601593,1.0,1746181182.8879251,0.22962187230587006,166,254976.0,0.0,0.132414311170578,165
14.325743675231934,114.958811205,0.1781131774187088,0.0,0.0462239608168602,1128,17.33333396911621,0.24112875759601593,1.0,1746181185.6242514,0.22611917555332184,172,264192.0,0.0,0.08239473402500153,171
14.325743675231934,115.414963738,0.1944839209318161,0.0,0.0442708358168602,1136,17.04817771911621,0.24112875759601593,1.0,1746181186.080419,0.2171320915222168,173,265728.0,0.0,0.07120086997747421,172
14.325743675231934,130.015713914,0.1716856062412262,0.0,0.0429687537252903,1392,17.947917938232422,0.24112875759601593,1.0,1746181200.6811755,0.13634070754051208,205,314880.0,0.0,0.13253319263458252,204
14.325743675231934,134.578127049,0.16446498036384583,0.0,0.0429687537252903,1472,17.615234375,0.24112875759601593,1.0,1746181205.2435539,0.13924986124038696,215,330240.0,0.0,0.2687196135520935,214
14.325743675231934,136.403826517,0.1954072117805481,0.0,0.0475260429084301,1504,16.47981834411621,0.24112875759601593,1.0,1746181207.069254,0.130845844745636,219,336384.0,0.0,0.2244117110967636,218
14.325743675231934,144.620265631,0.19828365743160248,0.0,0.0423177108168602,1648,17.87434959411621,0.24112875759601593,1.0,1746181215.285689,0.1516222059726715,237,364032.0,0.0,0.18935233354568481,236
14.325743675231934,168.819014704,0.22671639919281006,0.0,0.0475260429084301,2072,16.604167938232422,0.24112875759601593,1.0,1746181239.4844718,0.1487381011247635,290,445440.0,0.0,0.15829864144325256,289
14.325743675231934,169.731215643,0.20576471090316772,0.0,0.0449218787252903,2088,17.48567771911621,0.24112875759601593,1.0,1746181240.396662,0.15340183675289154,292,448512.0,0.0,0.14316928386688232,291
14.325743675231934,178.402581534,0.24112220108509064,0.0,0.0462239608168602,2240,17.209636688232422,0.24112875759601593,1.0,1746181249.0679808,0.14354950189590454,311,477696.0,0.0,0.06343754380941391,310
14.325743675231934,180.686415249,0.2622278034687042,0.0,0.0475260429084301,2280,16.711589813232422,0.24112875759601593,1.0,1746181251.351845,0.13907486200332642,316,485376.0,0.0,0.05952586606144905,315
14.325743675231934,183.879783889,0.24530071020126343,0.0,0.0455729179084301,2336,16.56575584411621,0.24112875759601593,1.0,1746181254.5452316,0.1565834879875183,323,496128.0,0.0,0.05759727954864502,322
19.12710189819336,187.190600652,0.2744792103767395,0.0,0.0494791679084301,2392,16.33724021911621,0.564441978931427,1.0,1746181257.8560376,0.14946356415748596,330,506880.0,0.0,0.05417522042989731,329
19.12710189819336,189.472425602,0.2866714596748352,0.0,0.0507812537252903,2432,15.753907203674316,0.564441978931427,1.0,1746181260.13782,0.14735428988933563,335,514560.0,0.0,0.05604911595582962,334
19.12710189819336,189.92869384,0.25247400999069214,0.0,0.0449218787252903,2440,17.190105438232422,0.564441978931427,1.0,1746181260.5941124,0.14943969249725342,336,516096.0,0.0,0.05045579373836517,335
19.12710189819336,198.599390492,0.2729995846748352,0.0,0.0494791679084301,2592,15.668621063232422,0.564441978931427,1.0,1746181269.2648463,0.1299840360879898,355,545280.0,0.0,0.07185815274715424,354
19.12710189819336,200.424092571,0.2794863283634186,0.0,0.0475260429084301,2624,16.67708396911621,0.564441978931427,1.0,1746181271.0895193,0.131697878241539,359,551424.0,0.0,0.04174104705452919,358
19.12710189819336,204.528728419,0.3048177659511566,0.0,0.0475260429084301,2696,16.094402313232422,0.564441978931427,1.0,1746181275.1941838,0.14164087176322937,368,565248.0,0.0,0.05025119334459305,367
19.12710189819336,211.375929961,0.2708807587623596,0.0,0.0416666679084301,2816,17.52864646911621,0.564441978931427,1.0,1746181282.0413713,0.10491088032722473,383,588288.0,0.0,0.0489836111664772,382
19.12710189819336,214.114223377,0.3276989161968231,0.0,0.0514322929084301,2864,15.871746063232422,0.564441978931427,1.0,1746181284.7796695,0.10618461668491364,389,597504.0,0.0,0.04453187435865402,388
19.12710189819336,215.026363955,0.32594701647758484,0.0,0.0527343787252903,2880,14.917969703674316,0.564441978931427,1.0,1746181285.6918201,0.10886932909488678,391,600576.0,0.0,0.04714096337556839,390
19.12710189819336,218.678382961,0.3379025459289551,0.0,0.0533854179084301,2944,14.912110328674316,0.564441978931427,1.0,1746181289.3437986,0.08935260772705078,399,612864.0,0.0,0.05864086002111435,398
19.12710189819336,221.874779029,0.2582623362541199,0.0,0.0423177108168602,3000,18.34114646911621,0.564441978931427,1.0,1746181292.5402162,0.06874148547649384,406,623616.0,0.0,0.18066006898880005,405
19.12710189819336,231.067242235,0.3690815269947052,0.0,0.0611979216337204,3160,13.709635734558105,0.564441978931427,1.0,1746181301.7326798,0.03412216901779175,426,654336.0,0.0,0.047728195786476135,425
19.12710189819336,233.349146866,0.3689867854118347,0.0,0.0605468787252903,3200,13.751302719116211,0.564441978931427,1.0,1746181304.0145862,0.03883490711450577,431,662016.0,0.0,0.061359748244285583,430
19.12710189819336,257.998061793,0.4355350732803345,0.0,0.0618489608168602,3632,13.551432609558105,0.564441978931427,1.0,1746181328.6635249,0.06677399575710297,485,744960.0,0.0,0.038839664310216904,484
19.12710189819336,263.931330944,0.465956449508667,0.0,0.0618489608168602,3736,13.330079078674316,0.564441978931427,1.0,1746181334.596761,0.06152523308992386,498,764928.0,0.0,0.0410393550992012,497
19.12710189819336,264.843173568,0.45785990357398987,0.0,0.0598958358168602,3752,14.213541984558105,0.564441978931427,1.0,1746181335.5085876,0.06405484676361084,500,768000.0,0.0,0.03897946700453758,499
19.12710189819336,271.689036162,0.48881393671035767,0.0,0.0625,3872,13.445963859558105,0.564441978931427,1.0,1746181342.3545034,0.05147828161716461,515,791040.0,0.0,0.0677652508020401,514
19.12710189819336,272.14515097,0.46442946791648865,0.0,0.0566406287252903,3880,14.164713859558105,0.564441978931427,1.0,1746181342.8105836,0.056640662252902985,516,792576.0,0.0,0.06637237221002579,515
19.12710189819336,274.881583451,0.47803032398223877,0.0,0.0592447929084301,3928,14.008463859558105,0.564441978931427,1.0,1746181345.5470324,0.03694605827331543,522,801792.0,0.0,0.06913375854492188,521
19.12710189819336,280.3551662,0.4765744209289551,0.0,0.0566406287252903,4024,14.311198234558105,0.564441978931427,1.0,1746181351.0206206,-0.029767747968435287,534,820224.0,0.0,0.04728059470653534,533
19.12710189819336,287.655611918,0.5089962482452393,0.0,0.0579427108168602,4152,14.167318344116211,0.564441978931427,1.0,1746181358.321057,-0.0018505227053537965,550,844800.0,0.0,0.050177522003650665,549
19.12710189819336,296.321530055,0.49560847878456116,0.0,0.0540364608168602,4304,15.034505844116211,0.564441978931427,1.0,1746181366.9869642,-0.057677894830703735,569,873984.0,0.0,0.11717308312654495,568
19.12710189819336,296.777347802,0.5148792862892151,0.0,0.064453125,4312,12.985677719116211,0.564441978931427,1.0,1746181367.4427872,-0.057460762560367584,570,875520.0,0.0,0.10561636090278625,569
19.12710189819336,297.233525138,0.5025213360786438,0.0,0.0677083358168602,4320,12.860677719116211,0.564441978931427,1.0,1746181367.8989656,-0.053207263350486755,571,877056.0,0.0,0.11744123697280884,570
19.12710189819336,303.62068153,0.5023201107978821,0.0,0.064453125,4432,12.952474594116211,0.564441978931427,1.0,1746181374.2861485,-0.03373011201620102,585,898560.0,0.0,0.08213942497968674,584
19.12710189819336,304.988544729,0.5012547969818115,0.0,0.0631510466337204,4456,13.123698234558105,0.564441978931427,1.0,1746181375.653994,-0.03589065745472908,588,903168.0,0.0,0.08219468593597412,587
19.12710189819336,313.657210076,0.5694957971572876,0.010416666977107525,0.0618489608168602,4608,13.604166984558105,0.564441978931427,1.0,1746181384.3226416,-0.0647796243429184,607,932352.0,0.0,0.056128062307834625,606
19.12710189819336,318.678550915,0.5589725971221924,0.010416666977107525,0.0625,4696,13.371094703674316,0.564441978931427,1.0,1746181389.343989,-0.04164491966366768,618,949248.0,0.0,0.07324209809303284,617
19.12710189819336,320.046793971,0.5814868211746216,0.0,0.0618489608168602,4720,13.625651359558105,0.564441978931427,1.0,1746181390.7122462,-0.05459862947463989,621,953856.0,0.0,0.05898984894156456,620
19.12710189819336,328.260952884,0.5898911356925964,0.0,0.0585937537252903,4864,14.003907203674316,0.564441978931427,1.0,1746181398.9263842,-0.06778938323259354,639,981504.0,0.0,0.07204190641641617,638
19.12710189819336,332.82576036,0.590305507183075,0.0,0.0592447929084301,4944,13.861329078674316,0.564441978931427,1.0,1746181403.4912052,-0.08196865022182465,649,996864.0,0.0,0.08069886267185211,648
15.413430213928223,338.417181003,0.5881155729293823,0.0,0.0598958358168602,5040,13.982422828674316,0.6500900387763977,1.0,1746181409.0826287,-0.10228418558835983,661,1015296.0,0.004760711453855038,0.06554979085922241,660
15.413430213928223,338.873182692,0.5738518834114075,0.0,0.0592447929084301,5048,14.052735328674316,0.6500900387763977,1.0,1746181409.5386329,-0.11577937752008438,662,1016832.0,0.004760711453855038,0.07065990567207336,661
15.413430213928223,350.748747721,0.6299360990524292,0.010416666977107525,0.0553385429084301,5256,14.988932609558105,0.6500900387763977,1.0,1746181421.4141853,-0.12769001722335815,688,1056768.0,0.004760711453855038,0.07093347609043121,687
15.413430213928223,353.485201441,0.6020715832710266,0.0,0.0572916679084301,5304,14.156250953674316,0.6500900387763977,1.0,1746181424.1506503,-0.12691794335842133,694,1065984.0,0.004760711453855038,0.06424600630998611,693
15.413430213928223,355.309709573,0.5973367094993591,0.0,0.0553385429084301,5336,14.307943344116211,0.6500900387763977,1.0,1746181425.975154,-0.12363985925912857,698,1072128.0,0.004760711453855038,0.07203838974237442,697
15.413430213928223,356.67971663,0.6253789067268372,0.015625,0.0527343787252903,5360,14.988282203674316,0.6500900387763977,1.0,1746181427.3451707,-0.12399957329034805,701,1076736.0,0.004760711453855038,0.08448716998100281,700
15.413430213928223,364.435492126,0.5877842307090759,0.0,0.0598958358168602,5496,13.889974594116211,0.6500900387763977,1.0,1746181435.100905,-0.1548529863357544,718,1102848.0,0.004760711453855038,0.06519682705402374,717
15.413430213928223,371.280737689,0.6191288232803345,0.01106770895421505,0.0553385429084301,5616,14.977865219116211,0.6500900387763977,1.0,1746181441.9462004,-0.1783476620912552,733,1125888.0,0.004760711453855038,0.09160616993904114,732
15.413430213928223,371.736878301,0.596946120262146,0.0,0.0572916679084301,5624,14.491537094116211,0.6500900387763977,1.0,1746181442.4023,-0.17466743290424347,734,1127424.0,0.004760711453855038,0.07922625541687012,733
15.413430213928223,386.340982692,0.6387193202972412,0.02278645895421505,0.0585937537252903,5880,14.334635734558105,0.6500900387763977,1.0,1746181457.0064359,-0.17992866039276123,766,1176576.0,0.004760711453855038,0.08492900431156158,765
15.413430213928223,389.993380706,0.6149266958236694,0.0,0.0546875037252903,5944,15.190755844116211,0.6500900387763977,1.0,1746181460.6588304,-0.1902414858341217,774,1188864.0,0.004760711453855038,0.0878468006849289,773
15.413430213928223,426.535871227,0.7033618092536926,0.0794270858168602,0.0566406287252903,6584,15.063151359558105,0.6500900387763977,1.0,1746181497.2013226,-0.21904480457305908,854,1311744.0,0.004760711453855038,0.08759254217147827,853
15.413430213928223,432.471253601,0.6421166062355042,0.01953125186264515,0.0598958358168602,6688,14.035807609558105,0.6500900387763977,1.0,1746181503.13668,-0.2024996280670166,867,1331712.0,0.004760711453855038,0.0873485654592514,866
15.413430213928223,432.927314019,0.6169152855873108,0.0,0.0592447929084301,6696,14.074870109558105,0.6500900387763977,1.0,1746181503.5927544,-0.20635825395584106,868,1333248.0,0.004760711453855038,0.08865530788898468,867
15.413430213928223,435.207839059,0.6006274223327637,0.0,0.0631510466337204,6736,13.254557609558105,0.6500900387763977,1.0,1746181505.873294,-0.21859192848205566,873,1340928.0,0.004760711453855038,0.12497082352638245,872
15.413430213928223,442.054711161,0.6284210681915283,0.010416666977107525,0.0592447929084301,6856,14.139974594116211,0.6500900387763977,1.0,1746181512.720148,-0.2503412067890167,888,1363968.0,0.004760711453855038,0.09194564819335938,887
15.413430213928223,450.274728834,0.6095172166824341,0.0,0.0585937537252903,7000,14.164713859558105,0.6500900387763977,1.0,1746181520.9401731,-0.27223676443099976,906,1391616.0,0.004760711453855038,0.09015155583620071,905
15.413430213928223,451.191446621,0.6109849810600281,0.0052083334885537624,0.0579427108168602,7016,14.131510734558105,0.6500900387763977,1.0,1746181521.8568904,-0.275489866733551,908,1394688.0,0.004760711453855038,0.08374878019094467,907
15.413430213928223,452.563647977,0.6217922568321228,0.009765625931322575,0.0611979216337204,7040,13.631510734558105,0.6500900387763977,1.0,1746181523.2290118,-0.27709120512008667,911,1399296.0,0.004760711453855038,0.06156987324357033,910
15.413430213928223,463.057646078,0.6624764204025269,0.0390625037252903,0.0592447929084301,7224,13.955079078674316,0.6500900387763977,1.0,1746181533.723093,-0.3003203272819519,934,1434624.0,0.004760711453855038,0.08454941213130951,933
15.413430213928223,477.204354263,0.6372988820075989,0.010416666977107525,0.0468750037252903,7472,16.099609375,0.6500900387763977,1.0,1746181547.8697574,-0.31367170810699463,965,1482240.0,0.004760711453855038,0.08166683465242386,964
16.84787368774414,492.38254733,0.6312145590782166,0.0071614584885537624,0.0579427108168602,7736,14.450521469116211,0.774931013584137,1.0,1746181563.047988,-0.3206273913383484,998,1532928.0,0.03810049593448639,0.08074913918972015,997
16.84787368774414,494.663309638,0.6304333806037903,0.02278645895421505,0.0462239608168602,7776,16.662109375,0.774931013584137,1.0,1746181565.328759,-0.3213701844215393,1003,1540608.0,0.03810049593448639,0.08715509623289108,1002
16.84787368774414,496.490049497,0.6354641318321228,0.006510416977107525,0.0442708358168602,7808,17.15559959411621,0.774931013584137,1.0,1746181567.1554995,-0.3263801336288452,1007,1546752.0,0.03810049593448639,0.0935506820678711,1006
16.84787368774414,496.946150521,0.5840436816215515,0.011718750931322575,0.0540364608168602,7816,14.058594703674316,0.774931013584137,1.0,1746181567.6115708,-0.3257315158843994,1008,1548288.0,0.03810049593448639,0.08621729165315628,1007
16.84787368774414,505.170093704,0.6598486304283142,0.01888020895421505,0.0566406287252903,7960,14.384766578674316,0.774931013584137,1.0,1746181575.835538,-0.33698922395706177,1026,1575936.0,0.03810049593448639,0.10774848610162735,1025
16.84787368774414,522.511620412,0.6511838436126709,0.0,0.0546875037252903,8264,15.351563453674316,0.774931013584137,1.0,1746181593.1770253,-0.3773522973060608,1064,1634304.0,0.03810049593448639,0.11929814517498016,1063
16.84787368774414,524.79299714,0.6568775177001953,0.0319010429084301,0.0546875037252903,8304,14.825521469116211,0.774931013584137,1.0,1746181595.4584317,-0.37277883291244507,1069,1641984.0,0.03810049593448639,0.11960116773843765,1068
16.84787368774414,527.531207111,0.6180872321128845,0.010416666977107525,0.0553385429084301,8352,14.432943344116211,0.774931013584137,1.0,1746181598.1966288,-0.35736680030822754,1075,1651200.0,0.03810049593448639,0.1331087052822113,1074
16.84787368774414,527.987440501,0.645206093788147,0.017578125,0.0559895858168602,8360,14.489583969116211,0.774931013584137,1.0,1746181598.65288,-0.3647976815700531,1076,1652736.0,0.03810049593448639,0.10667538642883301,1075
16.84787368774414,543.954713339,0.5868135690689087,0.010416666977107525,0.0416666679084301,8640,16.62109375,0.774931013584137,1.0,1746181614.6201503,-0.4187126159667969,1111,1706496.0,0.03810049593448639,0.14098629355430603,1110
16.84787368774414,548.517151068,0.6408263444900513,0.0201822929084301,0.0501302108168602,8720,15.085938453674316,0.774931013584137,1.0,1746181619.1826012,-0.4180693030357361,1121,1721856.0,0.03810049593448639,0.1800936460494995,1120
16.84787368774414,550.349626143,0.6437737941741943,0.0279947929084301,0.0559895858168602,8752,14.501302719116211,0.774931013584137,1.0,1746181621.0150776,-0.4131893515586853,1125,1728000.0,0.03810049593448639,0.21984930336475372,1124
16.84787368774414,564.946469143,0.6949102282524109,0.0553385429084301,0.0533854179084301,9008,15.352865219116211,0.774931013584137,1.0,1746181635.6118937,-0.47381362318992615,1157,1777152.0,0.03810049593448639,0.24797874689102173,1156
16.84787368774414,568.595430926,0.6899859309196472,0.0462239608168602,0.0520833358168602,9072,15.632162094116211,0.774931013584137,1.0,1746181639.2608614,-0.5062677264213562,1165,1789440.0,0.03810049593448639,0.3120538592338562,1164
16.84787368774414,578.178287385,0.5920811295509338,0.02539062686264515,0.0481770858168602,9240,15.187500953674316,0.774931013584137,1.0,1746181648.8437357,-0.4980849325656891,1186,1821696.0,0.03810049593448639,0.29766377806663513,1185
16.84787368774414,579.547002173,0.6236270070075989,0.0,0.0546875037252903,9264,14.935547828674316,0.774931013584137,1.0,1746181650.2124496,-0.47600871324539185,1189,1826304.0,0.03810049593448639,0.3770151436328888,1188
16.84787368774414,580.462467938,0.6135180592536926,0.0,0.0546875037252903,9280,14.955079078674316,0.774931013584137,1.0,1746181651.1279044,-0.4522230327129364,1191,1829376.0,0.03810049593448639,0.364874929189682,1190
16.84787368774414,581.374698292,0.6311435103416443,0.03125,0.0501302108168602,9296,15.503255844116211,0.774931013584137,1.0,1746181652.0401413,-0.4771660268306732,1193,1832448.0,0.03810049593448639,0.37286177277565,1192
16.84787368774414,585.4796363089999,0.6727156043052673,0.0605468787252903,0.0553385429084301,9368,14.633463859558105,0.774931013584137,1.0,1746181656.1450756,-0.4881788194179535,1202,1846272.0,0.03810049593448639,0.34677624702453613,1201
16.84787368774414,585.937279121,0.6878078579902649,0.0481770858168602,0.0501302108168602,9376,15.798829078674316,0.774931013584137,1.0,1746181656.602724,-0.47499746084213257,1203,1847808.0,0.03810049593448639,0.36316633224487305,1202
16.84787368774414,590.042717062,0.6924598813056946,0.0579427108168602,0.0494791679084301,9448,16.05859375,0.774931013584137,1.0,1746181660.708167,-0.5198299884796143,1212,1861632.0,0.03810049593448639,0.3393382430076599,1211
16.84787368774414,590.9579036,0.5885180830955505,0.0221354179084301,0.0436197929084301,9464,15.844402313232422,0.774931013584137,1.0,1746181661.6233387,-0.519239604473114,1214,1864704.0,0.03810049593448639,0.4189237058162689,1213
16.84787368774414,609.210584039,0.6368372440338135,0.0201822929084301,0.0481770858168602,9784,16.33984375,0.774931013584137,1.0,1746181679.8759809,-0.41804301738739014,1254,1926144.0,0.03810049593448639,0.40598952770233154,1253
16.84787368774414,612.860505273,0.6410038471221924,0.02669270895421505,0.0488281287252903,9848,16.14974021911621,0.774931013584137,1.0,1746181683.5259473,-0.504629909992218,1262,1938432.0,0.03810049593448639,0.36586594581604004,1261
16.84787368774414,616.0751556,0.6701232194900513,0.0442708358168602,0.0501302108168602,9904,15.891277313232422,0.774931013584137,1.0,1746181686.7405906,-0.4669577181339264,1269,1949184.0,0.03810049593448639,0.420574814081192,1268
16.84787368774414,626.571754719,0.6826468706130981,0.0449218787252903,0.0481770858168602,10088,16.08984375,0.774931013584137,1.0,1746181697.237216,-0.5366215705871582,1292,1984512.0,0.03810049593448639,0.3694821000099182,1291
16.84787368774414,627.94094137,0.6687146425247192,0.0162760429084301,0.0475260429084301,10112,16.390625,0.774931013584137,1.0,1746181698.6063833,-0.5001110434532166,1295,1989120.0,0.03810049593448639,0.40904074907302856,1294
19.567787170410156,632.164603666,0.7165602445602417,0.0631510466337204,0.0501302108168602,10184,16.22981834411621,0.9599155783653259,1.0,1746181702.8300514,-0.510104238986969,1304,2002944.0,0.1549386829137802,0.38143429160118103,1303
19.567787170410156,634.901774645,0.7235323190689087,0.0722656324505806,0.0475260429084301,10232,16.61067771911621,0.9599155783653259,1.0,1746181705.5672278,-0.5024151802062988,1310,2012160.0,0.1549386829137802,0.37192434072494507,1309
19.567787170410156,649.959947438,0.6692590713500977,0.0488281287252903,0.0494791679084301,10496,16.27734375,0.9599155783653259,1.0,1746181720.6254032,-0.45368829369544983,1343,2062848.0,0.1549386829137802,0.44486141204833984,1342
19.567787170410156,660.000618868,0.7421994805335999,0.0891927108168602,0.0507812537252903,10672,15.962240219116211,0.9599155783653259,1.0,1746181730.6660738,-0.49364176392555237,1365,2096640.0,0.1549386829137802,0.4428619146347046,1364
19.567787170410156,678.259308403,0.7169508934020996,0.0651041716337204,0.0475260429084301,10992,16.389324188232422,0.9599155783653259,1.0,1746181748.9247425,-0.7283240556716919,1405,2158080.0,0.1549386829137802,0.49664291739463806,1404
19.567787170410156,680.543317343,0.7045337557792664,0.0579427108168602,0.0540364608168602,11032,15.136719703674316,0.9599155783653259,1.0,1746181751.2087636,-0.658602237701416,1410,2165760.0,0.1549386829137802,0.5622900724411011,1409
19.567787170410156,694.229053016,0.7867780327796936,0.1256510466337204,0.0494791679084301,11272,16.377605438232422,0.9599155783653259,1.0,1746181764.894502,-0.670905590057373,1440,2211840.0,0.1549386829137802,0.5731196403503418,1439
19.567787170410156,694.687788572,0.6692709922790527,0.0221354179084301,0.0488281287252903,11280,16.223308563232422,0.9599155783653259,1.0,1746181765.3531983,-0.6532516479492188,1441,2213376.0,0.1549386829137802,0.5217486619949341,1440
19.567787170410156,702.899547956,0.6694958806037903,0.0377604179084301,0.0468750037252903,11424,16.504558563232422,0.9599155783653259,1.0,1746181773.564997,-0.666018009185791,1459,2241024.0,0.1549386829137802,0.6350295543670654,1458
19.567787170410156,707.004704237,0.6731417179107666,0.0410156287252903,0.0527343787252903,11496,15.565105438232422,0.9599155783653259,1.0,1746181777.670158,-0.7143820524215698,1468,2254848.0,0.1549386829137802,0.5496419668197632,1467
19.567787170410156,711.111863742,0.6607245206832886,0.0429687537252903,0.0540364608168602,11568,15.023438453674316,0.9599155783653259,1.0,1746181781.7773538,-0.7297391891479492,1477,2268672.0,0.1549386829137802,0.5810419917106628,1476
19.567787170410156,713.394298228,0.6741833090782166,0.0325520858168602,0.0533854179084301,11608,15.386719703674316,0.9599155783653259,1.0,1746181784.0597222,-0.7355661392211914,1482,2276352.0,0.1549386829137802,0.5502432584762573,1481
19.567787170410156,731.199954738,0.7618372440338135,0.1028645858168602,0.0481770858168602,11920,16.610027313232422,0.9599155783653259,1.0,1746181801.8653986,-0.7151928544044495,1521,2336256.0,0.1549386829137802,0.5979227423667908,1520
19.567787170410156,732.568625093,0.7704901695251465,0.1061197966337204,0.0488281287252903,11944,16.201824188232422,0.9599155783653259,1.0,1746181803.2340515,-0.7059870362281799,1524,2340864.0,0.1549386829137802,0.5466073751449585,1523
19.567787170410156,741.695151522,0.7135417461395264,0.0716145858168602,0.0494791679084301,12104,16.28645896911621,0.9599155783653259,1.0,1746181812.360584,-0.6382808089256287,1544,2371584.0,0.1549386829137802,0.675978422164917,1543
19.567787170410156,745.344716716,0.7203007936477661,0.0677083358168602,0.0488281287252903,12168,15.986329078674316,0.9599155783653259,1.0,1746181816.0101666,-0.5970645546913147,1552,2383872.0,0.1549386829137802,0.7909133434295654,1551
19.567787170410156,749.456184868,0.6761602163314819,0.02278645895421505,0.0475260429084301,12240,16.42122459411621,0.9599155783653259,1.0,1746181820.121638,-0.6662118434906006,1561,2397696.0,0.1549386829137802,0.8310098648071289,1560
19.721240997314453,780.153558912,0.7212122678756714,0.0735677108168602,0.0494791679084301,12776,16.11328125,0.9736661314964294,1.0,1746181850.8189821,-0.6636415719985962,1628,2500608.0,0.16862745583057404,0.5432075262069702,1627
19.721240997314453,791.111840101,0.6881392598152161,0.0559895858168602,0.0507812537252903,12968,15.955730438232422,0.9736661314964294,1.0,1746181861.7772949,-0.7474950551986694,1652,2537472.0,0.16862745583057404,0.4559541344642639,1651
19.721240997314453,796.129623383,0.7051966786384583,0.0546875037252903,0.0488281287252903,13056,16.22591209411621,0.9736661314964294,1.0,1746181866.7950637,-0.7309051752090454,1663,2554368.0,0.16862745583057404,0.4493962228298187,1662
19.721240997314453,800.242904962,0.7740885615348816,0.1080729216337204,0.0475260429084301,13128,16.336589813232422,0.9736661314964294,1.0,1746181870.9083514,-0.6872909069061279,1672,2568192.0,0.16862745583057404,0.6061422824859619,1671
19.721240997314453,810.744930004,0.7348960041999817,0.0878906324505806,0.0520833358168602,13312,15.170573234558105,0.9736661314964294,1.0,1746181881.4103642,-0.7854612469673157,1695,2603520.0,0.16862745583057404,0.5784174203872681,1694
19.721240997314453,812.113146713,0.6892638206481934,0.0638020858168602,0.0553385429084301,13336,14.714193344116211,0.9736661314964294,1.0,1746181882.778597,-0.7964608669281006,1698,2608128.0,0.16862745583057404,0.5468743443489075,1697
19.721240997314453,818.063634537,0.7133761048316956,0.0859375074505806,0.0533854179084301,13440,15.001954078674316,0.9736661314964294,1.0,1746181888.7290683,-0.7518643140792847,1711,2628096.0,0.16862745583057404,0.5613996982574463,1710
19.721240997314453,818.519783883,0.6791786551475525,0.0546875037252903,0.0533854179084301,13448,14.776041984558105,0.9736661314964294,1.0,1746181889.1852438,-0.778943657875061,1712,2629632.0,0.16862745583057404,0.5535216927528381,1711
19.721240997314453,825.362485823,0.7451941967010498,0.0976562574505806,0.0481770858168602,13568,16.242839813232422,0.9736661314964294,1.0,1746181896.0279179,-0.806292712688446,1727,2652672.0,0.16862745583057404,0.5071042776107788,1726
19.721240997314453,826.731529513,0.7061554193496704,0.0774739608168602,0.0533854179084301,13592,15.169922828674316,0.9736661314964294,1.0,1746181897.3969326,-0.8175408244132996,1730,2657280.0,0.16862745583057404,0.599557638168335,1729
19.721240997314453,831.752220818,0.7276634573936462,0.0677083358168602,0.0475260429084301,13680,16.61458396911621,0.9736661314964294,1.0,1746181902.4176655,-0.889150083065033,1741,2674176.0,0.16862745583057404,0.6200598478317261,1740
19.721240997314453,835.857351632,0.7220290303230286,0.0625,0.0475260429084301,13752,16.61653709411621,0.9736661314964294,1.0,1746181906.522793,-0.9024840593338013,1750,2688000.0,0.16862745583057404,0.6394822597503662,1749
19.721240997314453,839.506877128,0.6973841786384583,0.0605468787252903,0.0494791679084301,13816,15.658204078674316,0.9736661314964294,1.0,1746181910.172303,-0.9391735792160034,1758,2700288.0,0.16862745583057404,0.750729501247406,1757
19.721240997314453,841.332850188,0.8025332689285278,0.1236979216337204,0.0462239608168602,13848,16.85481834411621,0.9736661314964294,1.0,1746181911.9983125,-0.977218508720398,1762,2706432.0,0.16862745583057404,0.6498141884803772,1761
19.721240997314453,842.245084266,0.7806345820426941,0.1048177108168602,0.0462239608168602,13864,16.57356834411621,0.9736661314964294,1.0,1746181912.9105253,-0.9870757460594177,1764,2709504.0,0.16862745583057404,0.6475322842597961,1763
19.721240997314453,849.548312949,0.7355470657348633,0.0768229216337204,0.0468750037252903,13992,16.35677146911621,0.9736661314964294,1.0,1746181920.2137625,-0.9702299237251282,1780,2734080.0,0.16862745583057404,0.6864155530929565,1779
19.721240997314453,851.379007085,0.7712478041648865,0.1067708358168602,0.0475260429084301,14024,16.574871063232422,0.9736661314964294,1.0,1746181922.0444016,-0.95233154296875,1784,2740224.0,0.16862745583057404,0.7451819777488708,1783
19.721240997314453,854.11563506,0.7234020829200745,0.0605468787252903,0.0481770858168602,14072,16.75,0.9736661314964294,1.0,1746181924.7811103,-0.934436023235321,1790,2749440.0,0.16862745583057404,0.7122513055801392,1789
19.721240997314453,855.027868658,0.7332861423492432,0.0748697966337204,0.0488281287252903,14088,16.48567771911621,0.9736661314964294,1.0,1746181925.693345,-0.9219645261764526,1792,2752512.0,0.16862745583057404,0.6273993253707886,1791
19.721240997314453,860.964479672,0.6845881938934326,0.0358072929084301,0.0468750037252903,14192,16.400390625,0.9736661314964294,1.0,1746181931.6299033,-0.9198262691497803,1805,2772480.0,0.16862745583057404,0.710416853427887,1804
19.721240997314453,862.333042906,0.7523083686828613,0.0800781324505806,0.0475260429084301,14216,16.611980438232422,0.9736661314964294,1.0,1746181932.998494,-0.9323297739028931,1808,2777088.0,0.16862745583057404,0.6846798658370972,1807
19.721240997314453,868.718235061,0.7253552675247192,0.0677083358168602,0.0475260429084301,14328,16.263671875,0.9736661314964294,1.0,1746181939.3836935,-0.943749189376831,1822,2798592.0,0.16862745583057404,0.7217340469360352,1821
19.721240997314453,871.915933566,0.7611270546913147,0.0983072966337204,0.0475260429084301,14384,16.57747459411621,0.9736661314964294,1.0,1746181942.5813832,-0.9226552844047546,1829,2809344.0,0.16862745583057404,0.7563927173614502,1828
19.721240997314453,874.655101548,0.7518703937530518,0.0976562574505806,0.0468750037252903,14432,16.71875,0.9736661314964294,1.0,1746181945.320551,-0.8535064458847046,1835,2818560.0,0.16862745583057404,0.7884382009506226,1834
19.721240997314453,881.956584154,0.7441762685775757,0.0898437574505806,0.0455729179084301,14560,16.76106834411621,0.9736661314964294,1.0,1746181952.6220155,-0.8900370001792908,1851,2843136.0,0.16862745583057404,0.8072562217712402,1850
19.721240997314453,890.168803804,0.7712122797966003,0.0917968824505806,0.0468750037252903,14704,16.6640625,0.9736661314964294,1.0,1746181960.8342328,-0.9486027956008911,1869,2870784.0,0.16862745583057404,0.9079577922821045,1868
19.721240997314453,891.994087345,0.7423415184020996,0.0742187574505806,0.0488281287252903,14736,16.13020896911621,0.9736661314964294,1.0,1746181962.6595397,-0.9726403951644897,1873,2876928.0,0.16862745583057404,0.8522228002548218,1872
19.721240997314453,900.663952001,0.6919745206832886,0.0475260429084301,0.0533854179084301,14888,15.238282203674316,0.9736661314964294,1.0,1746181971.3294125,-1.0684609413146973,1892,2906112.0,0.16862745583057404,0.8956366777420044,1891
19.721240997314453,915.719821923,0.6901161670684814,0.0559895858168602,0.0520833358168602,15152,15.565105438232422,0.9736661314964294,1.0,1746181986.385263,-1.078385591506958,1925,2956800.0,0.16862745583057404,0.7755910158157349,1924
19.721240997314453,923.481184567,0.7028647661209106,0.0631510466337204,0.0527343787252903,15288,15.160807609558105,0.9736661314964294,1.0,1746181994.1466177,-0.9998660087585449,1942,2982912.0,0.16862745583057404,0.7970702648162842,1941
18.196725845336914,930.901008728,0.7171047329902649,0.0611979216337204,0.0507812537252903,15416,15.841797828674316,0.9752543568611145,1.0,1746182001.5664654,-1.0266807079315186,1958,3007488.0,0.16696427762508392,0.8069295287132263,1957
18.196725845336914,933.181954896,0.6986033320426941,0.0338541679084301,0.0501302108168602,15456,15.878255844116211,0.9752543568611145,1.0,1746182003.8473802,-1.0366066694259644,1963,3015168.0,0.16696427762508392,0.8521465063095093,1962
18.196725845336914,940.023291593,0.8067828416824341,0.1334635466337204,0.0475260429084301,15576,16.424480438232422,0.9752543568611145,1.0,1746182010.688737,-1.0545573234558105,1978,3038208.0,0.16696427762508392,0.7944027781486511,1977
18.196725845336914,940.935606937,0.7647255063056946,0.0957031324505806,0.0481770858168602,15592,16.365886688232422,0.9752543568611145,1.0,1746182011.6009855,-1.060827612876892,1980,3041280.0,0.16696427762508392,0.8025646209716797,1979
18.196725845336914,943.675408582,0.748934805393219,0.1035156324505806,0.0501302108168602,15640,15.811849594116211,0.9752543568611145,1.0,1746182014.340856,-1.1080958843231201,1986,3050496.0,0.16696427762508392,0.6723049283027649,1985
18.196725845336914,948.70097169,0.6983073949813843,0.0520833358168602,0.0540364608168602,15728,15.039713859558105,0.9752543568611145,1.0,1746182019.3664093,-1.1850357055664062,1997,3067392.0,0.16696427762508392,0.770465612411499,1996
18.196725845336914,953.718681094,0.7492544054985046,0.1002604216337204,0.0520833358168602,15816,15.182943344116211,0.9752543568611145,1.0,1746182024.384082,-1.2469487190246582,2008,3084288.0,0.16696427762508392,0.7296936511993408,2007
18.196725845336914,955.999639566,0.6592448949813843,0.011718750931322575,0.0533854179084301,15856,15.169922828674316,0.9752543568611145,1.0,1746182026.6651049,-1.1885634660720825,2013,3091968.0,0.16696427762508392,0.8737980723381042,2012
18.196725845336914,956.911602744,0.7614110708236694,0.0950520858168602,0.0507812537252903,15872,15.947917938232422,0.9752543568611145,1.0,1746182027.5770338,-1.2258554697036743,2015,3095040.0,0.16696427762508392,0.6916959285736084,2014
18.196725845336914,958.735472355,0.74446040391922,0.0957031324505806,0.0540364608168602,15904,15.089193344116211,0.9752543568611145,1.0,1746182029.4009283,-1.2663145065307617,2019,3101184.0,0.16696427762508392,0.8485381603240967,2018
18.196725845336914,968.777728037,0.7605707049369812,0.0891927108168602,0.0481770858168602,16080,16.438152313232422,0.9752543568611145,1.0,1746182039.4431725,-1.2999211549758911,2041,3134976.0,0.16696427762508392,1.1856811046600342,2040
18.196725845336914,976.993400924,0.7319722175598145,0.0898437574505806,0.0527343787252903,16224,15.147787094116211,0.9752543568611145,1.0,1746182047.6588497,-1.343156337738037,2059,3162624.0,0.16696427762508392,0.7427608370780945,2058
18.196725845336914,979.731539859,0.6853812336921692,0.0494791679084301,0.0494791679084301,16272,15.917318344116211,0.9752543568611145,1.0,1746182050.3969772,-1.3812618255615234,2065,3171840.0,0.16696427762508392,0.7180212736129761,2064
18.196725845336914,981.103762627,0.7511838674545288,0.0911458358168602,0.0481770858168602,16296,16.301433563232422,0.9752543568611145,1.0,1746182051.7692213,-1.3068358898162842,2068,3176448.0,0.16696427762508392,0.6937007904052734,2067
18.196725845336914,983.38448403,0.8206796050071716,0.1295572966337204,0.0468750037252903,16336,17.005859375,0.9752543568611145,1.0,1746182054.0499415,-1.2570953369140625,2073,3184128.0,0.16696427762508392,0.6287679672241211,2072
18.196725845336914,985.208987418,0.735262930393219,0.0755208358168602,0.0468750037252903,16368,16.36328125,0.9752543568611145,1.0,1746182055.8744204,-1.3261394500732422,2077,3190272.0,0.16696427762508392,0.6534194946289062,2076
18.196725845336914,1004.828260058,0.7776280045509338,0.1048177108168602,0.0475260429084301,16712,16.560546875,0.9752543568611145,1.0,1746182075.4937162,-1.3521056175231934,2120,3256320.0,0.16696427762508392,0.6336759924888611,2119
18.196725845336914,1005.284313553,0.9084281325340271,0.2044270932674408,0.0455729179084301,16720,17.12239646911621,0.9752543568611145,1.0,1746182075.949771,-1.3550570011138916,2121,3257856.0,0.16696427762508392,0.6458233594894409,2120
18.196725845336914,1006.654201902,0.7101090550422668,0.0677083358168602,0.0540364608168602,16744,15.018229484558105,0.9752543568611145,1.0,1746182077.3196633,-1.3544317483901978,2124,3262464.0,0.16696427762508392,0.7218214273452759,2123
18.196725845336914,1018.992725019,0.6876657605171204,0.0384114608168602,0.0527343787252903,16960,15.340496063232422,0.9752543568611145,1.0,1746182089.6581855,-1.3143911361694336,2151,3303936.0,0.16696427762508392,0.7744346857070923,2150
18.196725845336914,1039.528270123,0.8062146306037903,0.1399739682674408,0.0520833358168602,17320,15.338542938232422,0.9752543568611145,1.0,1746182110.1937,-1.2224076986312866,2196,3373056.0,0.16696427762508392,0.9505108594894409,2195
18.196725845336914,1051.848263033,0.7354050278663635,0.0820312574505806,0.0494791679084301,17536,15.800782203674316,0.9752543568611145,1.0,1746182122.5137084,-1.3213627338409424,2223,3414528.0,0.16696427762508392,0.9119362831115723,2222
18.196725845336914,1052.760334444,0.6747870445251465,0.0455729179084301,0.0533854179084301,17552,14.764323234558105,0.9752543568611145,1.0,1746182123.4257636,-1.3897514343261719,2225,3417600.0,0.16696427762508392,0.9040142893791199,2224
18.196725845336914,1056.865858427,0.746768593788147,0.0898437574505806,0.0533854179084301,17624,15.215495109558105,0.9752543568611145,1.0,1746182127.5312967,-1.477844476699829,2234,3431424.0,0.16696427762508392,0.8988933563232422,2233
18.196725845336914,1075.118767931,0.7527936697006226,0.0833333358168602,0.0475260429084301,17944,16.553386688232422,0.9752543568611145,1.0,1746182145.7842362,-1.5873905420303345,2274,3492864.0,0.16696427762508392,0.8064968585968018,2273
20.292343139648438,1080.711271897,0.7006866931915283,0.0462239608168602,0.0514322929084301,18040,15.317058563232422,1.1172808408737183,1.0,1746182151.3767164,-1.556382179260254,2286,3511296.0,0.26682135462760925,0.7740187644958496,2285
20.292343139648438,1083.448519193,0.7837359309196472,0.1087239608168602,0.0462239608168602,18088,17.0390625,1.1172808408737183,1.0,1746182154.113918,-1.536731243133545,2292,3520512.0,0.26682135462760925,0.7003309726715088,2291
20.292343139648438,1106.263584251,0.9364585280418396,0.2441406399011612,0.0455729179084301,18488,17.02734375,1.1172808408737183,1.0,1746182176.9290366,-1.7822949886322021,2342,3597312.0,0.26682135462760925,0.6255663633346558,2341
20.292343139648438,1108.087705233,0.7288353443145752,0.0774739608168602,0.0481770858168602,18520,16.203125,1.1172808408737183,1.0,1746182178.753144,-1.7830768823623657,2346,3603456.0,0.26682135462760925,0.6050063371658325,2345
20.292343139648438,1113.107927048,0.8333926200866699,0.1380208432674408,0.0462239608168602,18608,16.76106834411621,1.1172808408737183,1.0,1746182183.773357,-1.706437587738037,2357,3620352.0,0.26682135462760925,0.6456314325332642,2356
20.292343139648438,1116.759311697,0.8317354917526245,0.1529947966337204,0.0462239608168602,18672,16.939453125,1.1172808408737183,1.0,1746182187.424758,-1.7683846950531006,2365,3632640.0,0.26682135462760925,0.6431793570518494,2364
20.292343139648438,1117.215453423,0.8255683183670044,0.1477864682674408,0.0468750037252903,18680,16.586589813232422,1.1172808408737183,1.0,1746182187.8809125,-1.792942762374878,2366,3634176.0,0.26682135462760925,0.6511920690536499,2365
20.292343139648438,1120.868053207,0.8002132177352905,0.1204427182674408,0.0468750037252903,18744,16.93880271911621,1.1172808408737183,1.0,1746182191.5334866,-1.8948643207550049,2374,3646464.0,0.26682135462760925,0.6967666745185852,2373
20.292343139648438,1125.428915398,0.7219935655593872,0.0820312574505806,0.0514322929084301,18824,15.762371063232422,1.1172808408737183,1.0,1746182196.0943696,-2.02982234954834,2384,3661824.0,0.26682135462760925,0.656927227973938,2383
20.292343139648438,1126.799117242,0.7314513921737671,0.0930989608168602,0.0501302108168602,18848,15.772787094116211,1.1172808408737183,1.0,1746182197.4645514,-2.0207300186157227,2387,3666432.0,0.26682135462760925,0.708146870136261,2386
20.292343139648438,1151.445972625,0.7066644430160522,0.0703125,0.0546875037252903,19280,14.796224594116211,1.1172808408737183,1.0,1746182222.1114285,-2.49849796295166,2441,3749376.0,0.26682135462760925,0.5690662860870361,2440
20.292343139648438,1161.027545809,0.7161933183670044,0.068359375,0.0481770858168602,19448,16.451824188232422,1.1172808408737183,1.0,1746182231.6929593,-2.6279892921447754,2462,3781632.0,0.26682135462760925,0.5997129678726196,2461
20.292343139648438,1171.980000002,0.6915128231048584,0.0358072929084301,0.0520833358168602,19640,15.299480438232422,1.1172808408737183,1.0,1746182242.6454499,-2.576441764831543,2486,3818496.0,0.26682135462760925,0.819011390209198,2485
20.292343139648438,1175.173184318,0.7032079696655273,0.0533854179084301,0.0533854179084301,19696,15.114583969116211,1.1172808408737183,1.0,1746182245.8386295,-2.6014771461486816,2493,3829248.0,0.26682135462760925,0.9374278783798218,2492
20.292343139648438,1177.910850752,0.6743491291999817,0.0410156287252903,0.0540364608168602,19744,14.816407203674316,1.1172808408737183,1.0,1746182248.5762944,-2.4447405338287354,2499,3838464.0,0.26682135462760925,0.9416184425354004,2498
20.292343139648438,1183.843844529,0.672135591506958,0.0305989608168602,0.0540364608168602,19848,14.966797828674316,1.1172808408737183,1.0,1746182254.5092874,-2.4894587993621826,2512,3858432.0,0.26682135462760925,1.0057730674743652,2511
20.292343139648438,1189.321292672,0.6965318322181702,0.0475260429084301,0.0520833358168602,19944,15.494141578674316,1.1172808408737183,1.0,1746182259.9867306,-2.4542016983032227,2524,3876864.0,0.26682135462760925,1.0121045112609863,2523
20.292343139648438,1194.797643102,0.6809897422790527,0.0325520858168602,0.0501302108168602,20040,15.981121063232422,1.1172808408737183,1.0,1746182265.4630883,-2.48109769821167,2536,3895296.0,0.26682135462760925,0.9864542484283447,2535
20.292343139648438,1195.260998377,0.7254972457885742,0.0761718824505806,0.0501302108168602,20048,16.07942771911621,1.1172808408737183,1.0,1746182265.9263394,-2.527099609375,2537,3896832.0,0.26682135462760925,1.0385525226593018,2536
20.292343139648438,1196.629660445,0.7558358311653137,0.0865885466337204,0.0527343787252903,20072,15.375000953674316,1.1172808408737183,1.0,1746182267.2950919,-2.603330135345459,2540,3901440.0,0.26682135462760925,1.009572148323059,2539
20.292343139648438,1197.541682773,0.7023557424545288,0.0670572966337204,0.0514322929084301,20088,15.487630844116211,1.1172808408737183,1.0,1746182268.2071285,-2.640256404876709,2542,3904512.0,0.26682135462760925,1.1194597482681274,2541
20.292343139648438,1198.453554596,0.6623343229293823,0.0488281287252903,0.0540364608168602,20104,14.508463859558105,1.1172808408737183,1.0,1746182269.1190064,-2.6893746852874756,2544,3907584.0,0.26682135462760925,1.271007776260376,2543
20.292343139648438,1205.321131844,0.6793324947357178,0.0358072929084301,0.0501302108168602,20224,15.905599594116211,1.1172808408737183,1.0,1746182275.986589,-2.496209144592285,2559,3930624.0,0.26682135462760925,0.9472808241844177,2558
20.292343139648438,1216.726828852,0.8199693560600281,0.1458333432674408,0.0475260429084301,20424,16.57421875,1.1172808408737183,1.0,1746182287.3922698,-2.4386978149414062,2584,3969024.0,0.26682135462760925,0.6750205755233765,2583
20.292343139648438,1223.568877232,0.7444011569023132,0.0722656324505806,0.0462239608168602,20544,16.94921875,1.1172808408737183,1.0,1746182294.23433,-2.428093910217285,2599,3992064.0,0.26682135462760925,0.7663595676422119,2598
20.257389068603516,1234.636813883,0.7343988418579102,0.0722656324505806,0.0514322929084301,20736,15.410808563232422,1.1069231033325195,0.9999999403953552,1746182305.3022337,-2.3301453590393066,2623,4028928.0,0.2593822479248047,1.126204252243042,2622
20.257389068603516,1246.957849002,0.7076942920684814,0.0625,0.0540364608168602,20952,15.027995109558105,1.1069231033325195,0.9999999403953552,1746182317.6233337,-2.2982571125030518,2650,4070400.0,0.2593822479248047,1.1050782203674316,2649
20.257389068603516,1249.693756313,0.8260299563407898,0.1484375149011612,0.0501302108168602,21000,15.574219703674316,1.1069231033325195,0.9999999403953552,1746182320.35921,-2.284545660018921,2656,4079616.0,0.2593822479248047,1.1007273197174072,2655
20.257389068603516,1261.56438292,0.7483783960342407,0.0891927108168602,0.0527343787252903,21208,15.303386688232422,1.1069231033325195,0.9999999403953552,1746182332.2298367,-2.2722253799438477,2682,4119552.0,0.2593822479248047,1.1209323406219482,2681
20.257389068603516,1262.021117099,0.7581322193145752,0.0917968824505806,0.0468750037252903,21216,16.561199188232422,1.1069231033325195,0.9999999403953552,1746182332.6865573,-2.2222673892974854,2683,4121088.0,0.2593822479248047,0.9935514330863953,2682
20.257389068603516,1265.670575275,0.7003079056739807,0.0475260429084301,0.0507812537252903,21280,16.10872459411621,1.1069231033325195,0.9999999403953552,1746182336.336023,-2.329960346221924,2691,4133376.0,0.2593822479248047,0.906749427318573,2690
20.257389068603516,1270.692037582,0.7524622082710266,0.0911458358168602,0.0462239608168602,21368,16.731121063232422,1.1069231033325195,0.9999999403953552,1746182341.357503,-2.3335747718811035,2702,4150272.0,0.2593822479248047,0.9519882202148438,2701
20.257389068603516,1281.646991759,0.6893821954727173,0.0501302108168602,0.0514322929084301,21560,15.522136688232422,1.1069231033325195,0.9999999403953552,1746182352.3124413,-2.3057289123535156,2726,4187136.0,0.2593822479248047,0.8980383276939392,2725
20.257389068603516,1286.66556923,0.7422230839729309,0.0794270858168602,0.0488281287252903,21648,16.13216209411621,1.1069231033325195,0.9999999403953552,1746182357.3310018,-2.2352564334869385,2737,4204032.0,0.2593822479248047,1.1158130168914795,2736
20.257389068603516,1292.141043164,0.768892228603363,0.1028645858168602,0.0475260429084301,21744,16.72005271911621,1.1069231033325195,0.9999999403953552,1746182362.8065035,-2.280651569366455,2749,4222464.0,0.2593822479248047,0.9091843962669373,2748
20.257389068603516,1294.878172454,0.7967093586921692,0.1191406324505806,0.0475260429084301,21792,16.697265625,1.1069231033325195,0.9999999403953552,1746182365.543638,-2.2905449867248535,2755,4231680.0,0.2593822479248047,0.830901026725769,2754
20.257389068603516,1298.990427585,0.7237098813056946,0.0605468787252903,0.0475260429084301,21864,16.57356834411621,1.1069231033325195,0.9999999403953552,1746182369.6559002,-2.334658622741699,2764,4245504.0,0.2593822479248047,0.7455501556396484,2763
20.257389068603516,1304.921274377,0.6957151293754578,0.0520833358168602,0.0520833358168602,21968,15.102213859558105,1.1069231033325195,0.9999999403953552,1746182375.5867224,-2.4048104286193848,2777,4265472.0,0.2593822479248047,0.6949476599693298,2776
20.257389068603516,1308.118525623,0.7449457049369812,0.0924479216337204,0.0533854179084301,22024,14.995443344116211,1.1069231033325195,0.9999999403953552,1746182378.7839894,-2.496143341064453,2784,4276224.0,0.2593822479248047,0.6013064384460449,2783
20.257389068603516,1311.315267036,0.7075403332710266,0.0449218787252903,0.0520833358168602,22080,15.442708969116211,1.1069231033325195,0.9999999403953552,1746182381.9806786,-2.53350567817688,2791,4286976.0,0.2593822479248047,0.6599851846694946,2790
20.257389068603516,1314.051839263,0.7830967307090759,0.1074218824505806,0.0520833358168602,22128,15.559246063232422,1.1069231033325195,0.9999999403953552,1746182384.7172837,-2.551527500152588,2797,4296192.0,0.2593822479248047,0.748019278049469,2796
20.257389068603516,1315.876360332,0.7173296809196472,0.0748697966337204,0.0533854179084301,22160,14.895182609558105,1.1069231033325195,0.9999999403953552,1746182386.5417907,-2.5975375175476074,2801,4302336.0,0.2593822479248047,0.802492082118988,2800
20.257389068603516,1322.719057312,0.7038944959640503,0.0553385429084301,0.0533854179084301,22280,15.135416984558105,1.1069231033325195,0.9999999403953552,1746182393.3845038,-2.7937655448913574,2816,4325376.0,0.2593822479248047,0.6622486114501953,2815
20.257389068603516,1323.63104993,0.6401989459991455,0.010416666977107525,0.0546875037252903,22296,15.023438453674316,1.1069231033325195,0.9999999403953552,1746182394.2964907,-2.700369358062744,2818,4328448.0,0.2593822479248047,0.7328020334243774,2817
20.257389068603516,1324.087179827,0.779000997543335,0.1113281324505806,0.0488281287252903,22304,16.224609375,1.1069231033325195,0.9999999403953552,1746182394.7526295,-2.724785327911377,2819,4329984.0,0.2593822479248047,0.6745463609695435,2818
20.257389068603516,1330.016596857,0.8057174682617188,0.1230468824505806,0.0475260429084301,22408,16.47200584411621,1.1069231033325195,0.9999999403953552,1746182400.68203,-2.7568917274475098,2832,4349952.0,0.2593822479248047,0.5865556597709656,2831
20.257389068603516,1332.298215239,0.769365668296814,0.0930989608168602,0.0468750037252903,22448,16.607421875,1.1069231033325195,0.9999999403953552,1746182402.9636583,-2.725071430206299,2837,4357632.0,0.2593822479248047,0.6488929986953735,2836
20.257389068603516,1335.949051104,0.7361270189285278,0.0800781324505806,0.0527343787252903,22512,15.373699188232422,1.1069231033325195,0.9999999403953552,1746182406.6144812,-2.854552984237671,2845,4369920.0,0.2593822479248047,0.6587142944335938,2844
20.257389068603516,1340.05325023,0.8256511688232422,0.1419270932674408,0.0468750037252903,22584,16.73828125,1.1069231033325195,0.9999999403953552,1746182410.718698,-2.7922041416168213,2854,4383744.0,0.2593822479248047,0.6978118419647217,2853
20.257389068603516,1355.570565006,0.8101918697357178,0.1236979216337204,0.0475260429084301,22856,16.803386688232422,1.1069231033325195,0.9999999403953552,1746182426.2360182,-2.818431854248047,2888,4435968.0,0.2593822479248047,0.6939926147460938,2887
20.257389068603516,1357.397546772,0.7783145308494568,0.1002604216337204,0.0475260429084301,22888,16.654949188232422,1.1069231033325195,0.9999999403953552,1746182428.0629857,-2.8607027530670166,2892,4442112.0,0.2593822479248047,0.7345205545425415,2891
20.257389068603516,1360.595335343,0.8328126668930054,0.1569010466337204,0.0481770858168602,22944,16.469402313232422,1.1069231033325195,0.9999999403953552,1746182431.2607605,-2.9113426208496094,2899,4452864.0,0.2593822479248047,0.7153180837631226,2898
20.257389068603516,1363.787788266,0.7539536952972412,0.0957031324505806,0.0501302108168602,23000,15.884766578674316,1.1069231033325195,0.9999999403953552,1746182434.4532363,-2.806741952896118,2906,4463616.0,0.2593822479248047,0.8755388259887695,2905
20.257389068603516,1366.525846971,0.7047704458236694,0.0546875037252903,0.0494791679084301,23048,15.819662094116211,1.1069231033325195,0.9999999403953552,1746182437.1912982,-2.853848934173584,2912,4472832.0,0.2593822479248047,0.958878755569458,2911
20.363576889038086,1375.311482331,0.6771071553230286,0.0442708358168602,0.0533854179084301,23200,14.910157203674316,1.128631353378296,1.0000001192092896,1746182445.976919,-3.2284765243530273,2931,4502016.0,0.2718479037284851,0.9435122609138489,2930
20.363576889038086,1377.593832816,0.7042969465255737,0.06640625,0.0540364608168602,23240,15.077474594116211,1.128631353378296,1.0000001192092896,1746182448.2592866,-3.2530627250671387,2936,4509696.0,0.2718479037284851,1.0539522171020508,2935
20.363576889038086,1392.191907825,0.7578126788139343,0.0846354216337204,0.0468750037252903,23496,16.70638084411621,1.128631353378296,1.0000001192092896,1746182462.8573678,-3.0278632640838623,2968,4558848.0,0.2718479037284851,0.995028555393219,2967
20.363576889038086,1393.560425877,0.8243253231048584,0.140625,0.0462239608168602,23520,17.123046875,1.128631353378296,1.0000001192092896,1746182464.2258759,-2.8866453170776367,2971,4563456.0,0.2718479037284851,1.1710387468338013,2970
20.363576889038086,1394.016798692,0.8061317801475525,0.1158854216337204,0.0468750037252903,23528,16.74739646911621,1.128631353378296,1.0000001192092896,1746182464.682259,-2.8561325073242188,2972,4564992.0,0.2718479037284851,1.2534327507019043,2971
20.363576889038086,1399.492293917,0.7696497440338135,0.0917968824505806,0.0462239608168602,23624,16.748699188232422,1.128631353378296,1.0000001192092896,1746182470.1577442,-3.161447048187256,2984,4583424.0,0.2718479037284851,0.9856224060058594,2983
20.363576889038086,1406.360379142,0.7829428315162659,0.0924479216337204,0.0455729179084301,23744,17.02083396911621,1.128631353378296,1.0000001192092896,1746182477.0258422,-2.929898738861084,2999,4606464.0,0.2718479037284851,1.055565595626831,2998
20.363576889038086,1407.272752065,0.8293443322181702,0.13671875,0.0468750037252903,23760,17.090496063232422,1.128631353378296,1.0000001192092896,1746182477.9381528,-2.9333114624023438,3001,4609536.0,0.2718479037284851,1.0592679977416992,3000
20.363576889038086,1417.311480884,0.7874645590782166,0.1158854216337204,0.0468750037252903,23936,16.578777313232422,1.128631353378296,1.0000001192092896,1746182487.9769273,-2.767296314239502,3023,4643328.0,0.2718479037284851,0.8602970242500305,3022
20.363576889038086,1421.42117772,0.7350853085517883,0.0755208358168602,0.0481770858168602,24008,16.35677146911621,1.128631353378296,1.0000001192092896,1746182492.0866256,-2.964625835418701,3032,4657152.0,0.2718479037284851,0.6129561066627502,3031
20.363576889038086,1440.13225046,0.7500119805335999,0.0917968824505806,0.0507812537252903,24336,15.511719703674316,1.128631353378296,1.0000001192092896,1746182510.7976964,-2.998453378677368,3073,4720128.0,0.2718479037284851,0.9419997930526733,3072
20.363576889038086,1440.591562906,0.6885417699813843,0.0410156287252903,0.0546875037252903,24344,15.031250953674316,1.128631353378296,1.0000001192092896,1746182511.2569933,-2.9587581157684326,3074,4721664.0,0.2718479037284851,0.915449857711792,3073
20.363576889038086,1443.329143608,0.7020479440689087,0.0566406287252903,0.0527343787252903,24392,15.028646469116211,1.128631353378296,1.0000001192092896,1746182513.9944656,-3.025949001312256,3080,4730880.0,0.2718479037284851,0.9059405326843262,3079
20.363576889038086,1456.558775723,0.8189513087272644,0.1516927182674408,0.0527343787252903,24624,15.315105438232422,1.128631353378296,1.0000001192092896,1746182527.2242112,-3.3544921875,3109,4775424.0,0.2718479037284851,0.9190105199813843,3108
20.363576889038086,1464.313949229,0.7828125953674316,0.1217447966337204,0.0501302108168602,24760,15.524740219116211,1.128631353378296,1.0000001192092896,1746182534.9793997,-3.3558831214904785,3126,4801536.0,0.2718479037284851,0.9120088815689087,3125
20.363576889038086,1469.332361941,0.7761127948760986,0.1178385466337204,0.0514322929084301,24848,15.319011688232422,1.128631353378296,1.0000001192092896,1746182539.9977746,-3.3473076820373535,3137,4818432.0,0.2718479037284851,1.0534698963165283,3136
20.363576889038086,1476.638376839,0.7482600212097168,0.0813802108168602,0.0507812537252903,24976,15.582683563232422,1.128631353378296,1.0000001192092896,1746182547.3038104,-3.246964931488037,3153,4843008.0,0.2718479037284851,0.986605703830719,3152
20.363576889038086,1480.287770548,0.7344461679458618,0.0716145858168602,0.0527343787252903,25040,15.352214813232422,1.128631353378296,1.0000001192092896,1746182550.953232,-3.2930476665496826,3161,4855296.0,0.2718479037284851,1.0661407709121704,3160
20.363576889038086,1482.571983883,0.7235205173492432,0.0690104216337204,0.0501302108168602,25080,15.917318344116211,1.128631353378296,1.0000001192092896,1746182553.2374394,-3.2057645320892334,3166,4862976.0,0.2718479037284851,0.979358971118927,3165
20.363576889038086,1488.046631519,0.7251067161560059,0.0605468787252903,0.0514322929084301,25176,15.480469703674316,1.128631353378296,1.0000001192092896,1746182558.7120779,-3.305816173553467,3178,4881408.0,0.2718479037284851,0.8820611238479614,3177
20.363576889038086,1495.801011426,0.7129971981048584,0.0690104216337204,0.0527343787252903,25312,15.347657203674316,1.128631353378296,1.0000001192092896,1746182566.4664855,-3.257826805114746,3195,4907520.0,0.2718479037284851,0.9090253114700317,3194
20.363576889038086,1503.104161303,0.7074930667877197,0.0611979216337204,0.0520833358168602,25440,15.296875953674316,1.128631353378296,1.0000001192092896,1746182573.769623,-3.3936028480529785,3211,4932096.0,0.2718479037284851,0.9706887006759644,3210
18.594255447387695,1527.409122434,0.7918325066566467,0.1243489682674408,0.0507812537252903,25864,15.746094703674316,1.0226869583129883,0.9999999403953552,1746182598.0745888,-3.248969316482544,3264,5013504.0,0.19981667399406433,0.8710933923721313,3263
18.594255447387695,1537.450059222,0.7773911952972412,0.1139322966337204,0.0507812537252903,26040,15.582032203674316,1.0226869583129883,0.9999999403953552,1746182608.1155279,-3.265655040740967,3286,5047296.0,0.19981667399406433,1.0554391145706177,3285
18.594255447387695,1546.58552945,0.7291075587272644,0.068359375,0.0507812537252903,26200,15.503255844116211,1.0226869583129883,0.9999999403953552,1746182617.2509696,-3.186192750930786,3306,5078016.0,0.19981667399406433,1.1606825590133667,3305
18.594255447387695,1554.343257544,0.7877486944198608,0.1204427182674408,0.0514322929084301,26336,15.728516578674316,1.0226869583129883,0.9999999403953552,1746182625.0087116,-3.345337390899658,3323,5104128.0,0.19981667399406433,1.2843683958053589,3322
18.594255447387695,1556.167459029,0.754095733165741,0.1048177108168602,0.0514322929084301,26368,15.325521469116211,1.0226869583129883,0.9999999403953552,1746182626.8329237,-3.384737968444824,3327,5110272.0,0.19981667399406433,1.355360984802246,3326
18.594255447387695,1560.7345709,0.6968988180160522,0.0481770858168602,0.0533854179084301,26448,15.270183563232422,1.0226869583129883,0.9999999403953552,1746182631.4000075,-3.3247601985931396,3337,5125632.0,0.19981667399406433,1.3604575395584106,3336
18.594255447387695,1569.403517491,0.7323154807090759,0.0787760466337204,0.0520833358168602,26600,15.401693344116211,1.0226869583129883,0.9999999403953552,1746182640.0689664,-3.4290177822113037,3356,5154816.0,0.19981667399406433,1.132602572441101,3355
18.594255447387695,1572.140878757,0.7396189570426941,0.0774739608168602,0.0488281287252903,26648,15.787110328674316,1.0226869583129883,0.9999999403953552,1746182642.806335,-3.296137571334839,3362,5164032.0,0.19981667399406433,1.1425244808197021,3361
18.594255447387695,1574.877500978,0.7452653050422668,0.0891927108168602,0.0481770858168602,26696,16.016277313232422,1.0226869583129883,0.9999999403953552,1746182645.5429614,-3.27536678314209,3368,5173248.0,0.19981667399406433,1.2097134590148926,3367
18.594255447387695,1578.529523924,0.7122752070426941,0.0605468787252903,0.0520833358168602,26760,15.380860328674316,1.0226869583129883,0.9999999403953552,1746182649.1949573,-3.600811719894409,3376,5185536.0,0.19981667399406433,1.2444401979446411,3375
18.594255447387695,1578.985623052,0.6942117214202881,0.0475260429084301,0.0514322929084301,26768,15.160807609558105,1.0226869583129883,0.9999999403953552,1746182649.6510813,-3.571969985961914,3377,5187072.0,0.19981667399406433,1.182417392730713,3376
18.594255447387695,1582.178906613,0.7605470418930054,0.1067708358168602,0.0520833358168602,26824,15.337240219116211,1.0226869583129883,0.9999999403953552,1746182652.8443637,-3.6511051654815674,3384,5197824.0,0.19981667399406433,1.1953643560409546,3383
18.594255447387695,1588.110667578,0.6502605676651001,0.012369791977107525,0.0507812537252903,26928,15.724610328674316,1.0226869583129883,0.9999999403953552,1746182658.7761059,-3.6749119758605957,3397,5217792.0,0.19981667399406433,1.1922342777252197,3396
18.594255447387695,1589.478829457,0.6731771230697632,0.0240885429084301,0.0527343787252903,26952,15.473958969116211,1.0226869583129883,0.9999999403953552,1746182660.1442807,-3.7596840858459473,3400,5222400.0,0.19981667399406433,1.0708339214324951,3399
18.594255447387695,1594.048488951,0.771886944770813,0.0839843824505806,0.0462239608168602,27032,17.13671875,1.0226869583129883,0.9999999403953552,1746182664.71382,-3.8653483390808105,3410,5237760.0,0.19981667399406433,0.9632211923599243,3409
18.594255447387695,1607.758687796,0.8141099810600281,0.125,0.0481770858168602,27272,16.87825584411621,1.0226869583129883,0.9999999403953552,1746182678.4241266,-3.7374587059020996,3440,5283840.0,0.19981667399406433,0.7913860082626343,3439
18.594255447387695,1609.583575577,0.7401516437530518,0.0865885466337204,0.0520833358168602,27304,15.518230438232422,1.0226869583129883,0.9999999403953552,1746182680.2487805,-3.7959482669830322,3444,5289984.0,0.19981667399406433,0.661504328250885,3443
18.594255447387695,1613.695153007,0.6799006462097168,0.0384114608168602,0.0533854179084301,27376,15.042318344116211,1.0226869583129883,0.9999999403953552,1746182684.3605936,-3.8795018196105957,3453,5303808.0,0.19981667399406433,0.68161940574646,3452
18.594255447387695,1627.384513564,0.7359020709991455,0.0852864608168602,0.0514322929084301,27616,15.279297828674316,1.0226869583129883,0.9999999403953552,1746182698.0499558,-4.338590621948242,3483,5349888.0,0.19981667399406433,0.6296857595443726,3482
18.594255447387695,1635.597291205,0.8405895829200745,0.1477864682674408,0.0462239608168602,27760,16.92903709411621,1.0226869583129883,0.9999999403953552,1746182706.2627375,-4.20320987701416,3501,5377536.0,0.19981667399406433,0.7315846085548401,3500
18.594255447387695,1645.185511726,0.8500592708587646,0.1569010466337204,0.0468750037252903,27928,16.826171875,1.0226869583129883,0.9999999403953552,1746182715.8509686,-4.234750747680664,3522,5409792.0,0.19981667399406433,0.7965916395187378,3521
18.594255447387695,1657.047137986,0.8807292580604553,0.1881510466337204,0.0462239608168602,28136,16.91536521911621,1.0226869583129883,0.9999999403953552,1746182727.7125635,-4.157485485076904,3548,5449728.0,0.19981667399406433,0.904255747795105,3547
18.594255447387695,1657.959223029,0.8256630301475525,0.1399739682674408,0.0468750037252903,28152,16.86067771911621,1.0226869583129883,0.9999999403953552,1746182728.6246636,-4.15261173248291,3550,5452800.0,0.19981667399406433,0.8564369678497314,3549
18.594255447387695,1665.720272753,0.8370147943496704,0.140625,0.0475260429084301,28288,16.90169334411621,1.0226869583129883,0.9999999403953552,1746182736.3857226,-4.321769714355469,3567,5478912.0,0.19981667399406433,1.2519900798797607,3566
18.56825065612793,1683.633088856,0.822940468788147,0.1438802182674408,0.0481770858168602,28600,16.549480438232422,1.019173502922058,1.0,1746182754.2985282,-4.840162754058838,3606,5538816.0,0.19744057953357697,0.9501661658287048,3605
18.56825065612793,1686.827068725,0.8298178911209106,0.1412760466337204,0.0468750037252903,28656,16.7734375,1.019173502922058,1.0,1746182757.4925086,-4.828078269958496,3613,5549568.0,0.19744057953357697,1.0247273445129395,3612
18.56825065612793,1690.019821086,0.7408263683319092,0.0944010466337204,0.0507812537252903,28712,15.685547828674316,1.019173502922058,1.0,1746182760.6852894,-4.813600540161133,3620,5560320.0,0.19744057953357697,0.9598637819290161,3619
18.56825065612793,1691.844619529,0.8119082450866699,0.12890625,0.0481770858168602,28744,16.67317771911621,1.019173502922058,1.0,1746182762.5100508,-4.932213306427002,3624,5566464.0,0.19744057953357697,1.1732535362243652,3623
18.56825065612793,1694.124453953,0.7414419054985046,0.068359375,0.0475260429084301,28784,16.51171875,1.019173502922058,1.0,1746182764.7898996,-4.970675468444824,3629,5574144.0,0.19744057953357697,1.1903111934661865,3628
18.56825065612793,1703.707921976,0.8839371204376221,0.1796875149011612,0.0462239608168602,28952,17.11067771911621,1.019173502922058,1.0,1746182774.3733828,-4.918513298034668,3650,5606400.0,0.19744057953357697,1.0536789894104004,3649
18.56825065612793,1706.444231709,0.8422822952270508,0.1471354216337204,0.0468750037252903,29000,17.16341209411621,1.019173502922058,1.0,1746182777.1096578,-4.857179641723633,3656,5615616.0,0.19744057953357697,1.3834917545318604,3655
18.56825065612793,1711.010196178,0.8866596817970276,0.1868489682674408,0.0455729179084301,29080,17.293621063232422,1.019173502922058,1.0,1746182781.6756241,-4.6769609451293945,3666,5630976.0,0.19744057953357697,1.1886584758758545,3665
18.56825065612793,1711.466294685,0.9027227163314819,0.1998697966337204,0.0455729179084301,29088,17.37044334411621,1.019173502922058,1.0,1746182782.1317246,-4.670670032501221,3667,5632512.0,0.19744057953357697,1.2164292335510254,3666
18.56825065612793,1718.311430024,0.8236862421035767,0.1432291716337204,0.0475260429084301,29208,16.733074188232422,1.019173502922058,1.0,1746182788.976839,-4.497958660125732,3682,5655552.0,0.19744057953357697,1.3590952157974243,3681
18.56825065612793,1733.368430238,0.8402344584465027,0.1458333432674408,0.0468750037252903,29472,16.85677146911621,1.019173502922058,1.0,1746182804.0338585,-4.360488414764404,3715,5706240.0,0.19744057953357697,1.1542720794677734,3714
18.56825065612793,1737.019988619,0.7397609949111938,0.0963541716337204,0.0494791679084301,29536,15.854167938232422,1.019173502922058,1.0,1746182807.6854188,-4.338684558868408,3723,5718528.0,0.19744057953357697,1.1734395027160645,3722
18.56825065612793,1737.476164232,0.7776634693145752,0.0911458358168602,0.0468750037252903,29544,16.998046875,1.019173502922058,1.0,1746182808.1415985,-4.28078556060791,3724,5720064.0,0.19744057953357697,1.1711056232452393,3723
18.56825065612793,1740.213893396,0.8624054193496704,0.1705729216337204,0.0468750037252903,29592,17.09114646911621,1.019173502922058,1.0,1746182810.8793416,-4.445110321044922,3730,5729280.0,0.19744057953357697,1.1192374229431152,3729
18.56825065612793,1743.407634183,0.758368968963623,0.0937500074505806,0.0475260429084301,29648,16.14388084411621,1.019173502922058,1.0,1746182814.0730703,-4.421665191650391,3737,5740032.0,0.19744057953357697,1.0246168375015259,3736
18.56825065612793,1746.149119301,0.7409328818321228,0.0839843824505806,0.0501302108168602,29696,16.108074188232422,1.019173502922058,1.0,1746182816.8145633,-4.482015609741211,3743,5749248.0,0.19744057953357697,0.9969599843025208,3742
18.56825065612793,1747.51748171,0.7538235187530518,0.0957031324505806,0.0488281287252903,29720,16.264324188232422,1.019173502922058,1.0,1746182818.1829267,-4.507396697998047,3746,5753856.0,0.19744057953357697,0.9513485431671143,3745
18.56825065612793,1754.359358334,0.8566288948059082,0.1588541716337204,0.0455729179084301,29840,17.07161521911621,1.019173502922058,1.0,1746182825.024819,-4.412093639373779,3761,5776896.0,0.19744057953357697,0.9495575428009033,3760
18.56825065612793,1754.815438427,0.8783026933670044,0.1816406399011612,0.0462239608168602,29848,17.041667938232422,1.019173502922058,1.0,1746182825.4808795,-4.469270706176758,3762,5778432.0,0.19744057953357697,0.8000049591064453,3761
18.56825065612793,1763.491462312,0.8420929312705994,0.1471354216337204,0.0455729179084301,30000,17.3359375,1.019173502922058,1.0,1746182834.1568778,-4.385783672332764,3781,5807616.0,0.19744057953357697,0.9431506395339966,3780
18.56825065612793,1770.793191565,0.7831321954727173,0.1132812574505806,0.0494791679084301,30128,15.824219703674316,1.019173502922058,1.0,1746182841.458628,-4.408906936645508,3797,5832192.0,0.19744057953357697,0.7964426279067993,3796
18.56825065612793,1779.005943624,0.8506748676300049,0.1744791716337204,0.0501302108168602,30272,15.798829078674316,1.019173502922058,1.0,1746182849.6713924,-4.615556716918945,3815,5859840.0,0.19744057953357697,0.9806206822395325,3814
18.56825065612793,1784.484454898,0.7279475331306458,0.0833333358168602,0.0507812537252903,30368,15.673829078674316,1.019173502922058,1.0,1746182855.1498969,-4.671024322509766,3827,5878272.0,0.19744057953357697,0.99481201171875,3826
18.56825065612793,1788.590922356,0.68825763463974,0.0475260429084301,0.0481770858168602,30440,15.884115219116211,1.019173502922058,1.0,1746182859.2563717,-4.652866840362549,3836,5892096.0,0.19744057953357697,0.9485899209976196,3835
18.56825065612793,1789.959186394,0.7589963674545288,0.1054687574505806,0.0481770858168602,30464,15.912761688232422,1.019173502922058,1.0,1746182860.6245987,-4.656002998352051,3839,5896704.0,0.19744057953357697,0.9661047458648682,3838
18.56825065612793,1801.854031644,0.7927557826042175,0.1230468824505806,0.0520833358168602,30672,15.602865219116211,1.019173502922058,1.0,1746182872.5194983,-4.745087623596191,3865,5936640.0,0.19744057953357697,0.9206921458244324,3864
18.56825065612793,1804.591059925,0.7723367214202881,0.0930989608168602,0.0514322929084301,30720,15.886719703674316,1.019173502922058,1.0,1746182875.2565327,-4.75009298324585,3871,5945856.0,0.19744057953357697,0.9184054136276245,3870
18.56825065612793,1807.329812943,0.7774030566215515,0.1041666716337204,0.0475260429084301,30768,16.43489646911621,1.019173502922058,1.0,1746182877.995271,-4.526758193969727,3877,5955072.0,0.19744057953357697,1.0065178871154785,3876
18.56825065612793,1814.629385694,0.7049835324287415,0.0462239608168602,0.0527343787252903,30896,15.350261688232422,1.019173502922058,1.0,1746182885.294833,-4.656344890594482,3893,5979648.0,0.19744057953357697,0.8639264106750488,3892
18.70085906982422,1842.581008711,0.6825403571128845,0.0494791679084301,0.0501302108168602,31384,15.574871063232422,1.025876760482788,1.0,1746182913.2464495,-4.912109851837158,3954,6073344.0,0.20178131759166718,0.8232591152191162,3953
18.70085906982422,1844.405500195,0.6957623958587646,0.0494791679084301,0.0494791679084301,31416,15.983074188232422,1.025876760482788,1.0,1746182915.0709589,-4.974750995635986,3958,6079488.0,0.20178131759166718,0.8647270202636719,3957
18.70085906982422,1861.289722399,0.7617070078849792,0.0983072966337204,0.0514322929084301,31712,15.550130844116211,1.025876760482788,1.0,1746182931.9551606,-5.0463457107543945,3995,6136320.0,0.20178131759166718,1.0983860492706299,3994
18.70085906982422,1864.026580129,0.7573036551475525,0.0976562574505806,0.0527343787252903,31760,15.378907203674316,1.025876760482788,1.0,1746182934.6920261,-5.145100116729736,4001,6145536.0,0.20178131759166718,0.9879997372627258,4000
18.70085906982422,1870.415341668,0.7381866574287415,0.0761718824505806,0.0488281287252903,31872,16.19856834411621,1.025876760482788,1.0,1746182941.0807855,-5.459130764007568,4015,6167040.0,0.20178131759166718,0.9503477215766907,4014
18.70085906982422,1880.459259451,0.7500119805335999,0.1015625074505806,0.0494791679084301,32048,15.636068344116211,1.025876760482788,1.0,1746182951.124702,-5.846702575683594,4037,6200832.0,0.20178131759166718,1.0997953414916992,4036
18.70085906982422,1889.581837426,0.7513969540596008,0.0963541716337204,0.0520833358168602,32208,15.211588859558105,1.025876760482788,1.0,1746182960.2473104,-6.498653411865234,4057,6231552.0,0.20178131759166718,0.9746915102005005,4056
18.70085906982422,1892.779097479,0.7438329458236694,0.0872395858168602,0.0501302108168602,32264,15.671224594116211,1.025876760482788,1.0,1746182963.4445496,-6.132020473480225,4064,6242304.0,0.20178131759166718,1.1888377666473389,4063
18.70085906982422,1896.884745967,0.743643581867218,0.0820312574505806,0.0520833358168602,32336,15.705730438232422,1.025876760482788,1.0,1746182967.5501876,-6.125176429748535,4073,6256128.0,0.20178131759166718,1.054076910018921,4072
18.70085906982422,1915.138644711,0.6880682706832886,0.0345052108168602,0.0507812537252903,32656,15.688802719116211,1.025876760482788,1.0,1746182985.8040617,-6.174704551696777,4113,6317568.0,0.20178131759166718,1.033884048461914,4112
18.70085906982422,1922.43719958,0.6820195913314819,0.0462239608168602,0.0527343787252903,32784,15.215495109558105,1.025876760482788,1.0,1746182993.102622,-6.316995620727539,4129,6342144.0,0.20178131759166718,0.96064692735672,4128
18.70085906982422,1925.17413551,0.717684805393219,0.0579427108168602,0.0507812537252903,32832,15.578777313232422,1.025876760482788,1.0,1746182995.8395712,-6.439452171325684,4135,6351360.0,0.20178131759166718,0.9294003248214722,4134
18.70085906982422,1926.999275231,0.6837714314460754,0.0345052108168602,0.0494791679084301,32864,15.543621063232422,1.025876760482788,1.0,1746182997.6647024,-6.532896995544434,4139,6357504.0,0.20178131759166718,0.9361457824707031,4138
18.70085906982422,1936.587199232,0.7401161789894104,0.0761718824505806,0.0507812537252903,33032,15.659505844116211,1.025876760482788,1.0,1746183007.2526414,-6.448382377624512,4160,6389760.0,0.20178131759166718,1.046372413635254,4159
18.70085906982422,1938.867627756,0.7312619090080261,0.0605468787252903,0.0501302108168602,33072,15.643880844116211,1.025876760482788,1.0,1746183009.5330734,-6.759505748748779,4165,6397440.0,0.20178131759166718,1.0614850521087646,4164
18.70085906982422,1947.082691155,0.6947562098503113,0.0520833358168602,0.0507812537252903,33216,15.488933563232422,1.025876760482788,1.0,1746183017.748159,-6.823432445526123,4183,6425088.0,0.20178131759166718,0.9728769063949585,4182
18.70085906982422,1948.450914879,0.7113755941390991,0.0611979216337204,0.0514322929084301,33240,15.294922828674316,1.025876760482788,1.0,1746183019.1163843,-6.922617435455322,4186,6429696.0,0.20178131759166718,0.9747735261917114,4185
18.70085906982422,1962.1443092,0.7702534198760986,0.1067708358168602,0.0514322929084301,33480,15.677735328674316,1.025876760482788,1.0,1746183032.809753,-7.322139739990234,4216,6475776.0,0.20178131759166718,0.9441419839859009,4215
18.968799591064453,1967.281462729,0.7016928195953369,0.0494791679084301,0.0494791679084301,33568,16.00716209411621,1.0365962982177734,1.0,1746183037.946921,-7.094858169555664,4227,6492672.0,0.20842434465885162,0.966118335723877,4226
18.968799591064453,1967.737480811,0.7280067801475525,0.0820312574505806,0.0507812537252903,33576,15.354167938232422,1.0365962982177734,1.0,1746183038.4029374,-7.141144752502441,4228,6494208.0,0.20842434465885162,0.9263038635253906,4227
18.968799591064453,1992.389218544,0.9956913590431213,0.267578125,0.0436197929084301,34008,17.662109375,1.0365962982177734,1.0,1746183063.0546677,-6.96872615814209,4282,6577152.0,0.20842434465885162,1.120706558227539,4281
18.968799591064453,1993.764745412,0.846650242805481,0.1555989682674408,0.0462239608168602,34032,17.181640625,1.0365962982177734,1.0,1746183064.4302084,-7.007404327392578,4285,6581760.0,0.20842434465885162,1.0894825458526611,4284
18.968799591064453,1997.414576037,0.9062383770942688,0.1881510466337204,0.0442708358168602,34096,17.817058563232422,1.0365962982177734,1.0,1746183068.0800464,-7.073321342468262,4293,6594048.0,0.20842434465885162,1.3644264936447144,4292
18.968799591064453,1997.870710698,0.8535749316215515,0.1627604216337204,0.0462239608168602,34104,17.201824188232422,1.0365962982177734,1.0,1746183068.5361624,-7.2040886878967285,4294,6595584.0,0.20842434465885162,1.2558273077011108,4293
18.968799591064453,2001.523284834,0.8504380583763123,0.1692708432674408,0.0475260429084301,34168,16.813152313232422,1.0365962982177734,1.0,1746183072.1887531,-7.242625713348389,4302,6607872.0,0.20842434465885162,1.4808286428451538,4301
18.968799591064453,2001.979469721,0.7714962959289551,0.0800781324505806,0.0462239608168602,34176,17.326171875,1.0365962982177734,1.0,1746183072.6449144,-7.326297760009766,4303,6609408.0,0.20842434465885162,1.375972032546997,4302
18.968799591064453,2009.73557226,0.8770716190338135,0.1725260466337204,0.0455729179084301,34312,17.228515625,1.0365962982177734,1.0,1746183080.4010084,-7.359398365020752,4320,6635520.0,0.20842434465885162,1.1465528011322021,4319
18.968799591064453,2012.020266716,0.85307776927948,0.1627604216337204,0.0462239608168602,34352,16.80859375,1.0365962982177734,1.0,1746183082.685719,-7.498682022094727,4325,6643200.0,0.20842434465885162,1.1613010168075562,4324
18.968799591064453,2017.037438613,0.7999646067619324,0.1067708358168602,0.0455729179084301,34440,17.275390625,1.0365962982177734,1.0,1746183087.7028174,-7.568896293640137,4336,6660096.0,0.20842434465885162,1.1346023082733154,4335
18.968799591064453,2024.795679559,0.8374528288841248,0.140625,0.0468750037252903,34576,17.14778709411621,1.0365962982177734,1.0,1746183095.461129,-7.571078777313232,4353,6686208.0,0.20842434465885162,0.9812628030776978,4352
18.968799591064453,2027.533779411,0.7223367691040039,0.0625,0.0468750037252903,34624,16.527996063232422,1.0365962982177734,1.0,1746183098.199232,-7.876931190490723,4359,6695424.0,0.20842434465885162,0.9158735275268555,4358
18.968799591064453,2028.448652406,0.8221474289894104,0.134765625,0.0475260429084301,34640,17.201824188232422,1.0365962982177734,1.0,1746183099.1141021,-7.926234722137451,4361,6698496.0,0.20842434465885162,1.1987093687057495,4360
18.968799591064453,2040.312903043,0.8233073949813843,0.1315104216337204,0.0462239608168602,34848,17.05208396911621,1.0365962982177734,1.0,1746183110.9783468,-8.126640319824219,4387,6738432.0,0.20842434465885162,0.9741934537887573,4386
18.968799591064453,2042.139668073,0.8380565047264099,0.1438802182674408,0.0462239608168602,34880,16.96614646911621,1.0365962982177734,1.0,1746183112.80513,-8.111000061035156,4391,6744576.0,0.20842434465885162,0.969115674495697,4390
18.968799591064453,2043.051773841,0.8401161432266235,0.1523437649011612,0.0462239608168602,34896,16.959636688232422,1.0365962982177734,1.0,1746183113.7172382,-8.089151382446289,4393,6747648.0,0.20842434465885162,0.8551254868507385,4392
18.968799591064453,2047.620945006,0.778799831867218,0.0937500074505806,0.0468750037252903,34976,17.08984375,1.0365962982177734,1.0,1746183118.2864027,-8.288918495178223,4403,6763008.0,0.20842434465885162,1.0668948888778687,4402
18.968799591064453,2061.770123946,0.9445905685424805,0.2428385615348816,0.0455729179084301,35224,17.045574188232422,1.0365962982177734,1.0,1746183132.4355462,-8.771617889404297,4434,6810624.0,0.20842434465885162,0.9732175469398499,4433
18.968799591064453,2065.874638344,0.8294153809547424,0.1445312649011612,0.0475260429084301,35296,16.95638084411621,1.0365962982177734,1.0,1746183136.54009,-8.942322731018066,4443,6824448.0,0.20842434465885162,1.006079912185669,4442
18.968799591064453,2066.330768211,0.8059542179107666,0.1295572966337204,0.0468750037252903,35304,17.26692771911621,1.0365962982177734,1.0,1746183136.996226,-8.969978332519531,4444,6825984.0,0.20842434465885162,1.012186884880066,4443
18.968799591064453,2068.611606033,0.8305280208587646,0.1393229216337204,0.0455729179084301,35344,17.264324188232422,1.0365962982177734,1.0,1746183139.277053,-8.975930213928223,4449,6833664.0,0.20842434465885162,0.930803656578064,4448
18.968799591064453,2074.541888307,0.9221947193145752,0.2220052182674408,0.0455729179084301,35448,17.20247459411621,1.0365962982177734,1.0,1746183145.207328,-8.791862487792969,4462,6853632.0,0.20842434465885162,0.9465764760971069,4461
18.968799591064453,2087.772921675,0.7504262924194336,0.0839843824505806,0.0520833358168602,35680,15.695313453674316,1.0365962982177734,1.0,1746183158.4383934,-8.731515884399414,4491,6898176.0,0.20842434465885162,0.8991791009902954,4490
18.968799591064453,2089.59789996,0.6987690329551697,0.0592447929084301,0.0507812537252903,35712,15.457032203674316,1.0365962982177734,1.0,1746183160.263337,-8.730551719665527,4495,6904320.0,0.20842434465885162,0.875929594039917,4494
18.968799591064453,2096.444355531,0.7987453937530518,0.1295572966337204,0.0494791679084301,35832,15.716146469116211,1.0365962982177734,1.0,1746183167.1098094,-8.824817657470703,4510,6927360.0,0.20842434465885162,0.8304687738418579,4509
18.968799591064453,2098.724840266,0.7324811816215515,0.0820312574505806,0.0507812537252903,35872,15.388672828674316,1.0365962982177734,1.0,1746183169.3902986,-8.561103820800781,4515,6935040.0,0.20842434465885162,0.9898160696029663,4514
18.968799591064453,2101.009483686,0.7505919337272644,0.0963541716337204,0.0514322929084301,35912,15.402344703674316,1.0365962982177734,1.0,1746183171.6749096,-8.634058952331543,4520,6942720.0,0.20842434465885162,0.9227088093757629,4519
18.968799591064453,2102.378138659,0.7624646425247192,0.1002604216337204,0.0501302108168602,35936,15.774089813232422,1.0365962982177734,1.0,1746183173.0435996,-8.609223365783691,4523,6947328.0,0.20842434465885162,1.0097191333770752,4522
18.968799591064453,2103.746451014,0.6960228085517883,0.0338541679084301,0.0514322929084301,35960,15.420574188232422,1.0365962982177734,1.0,1746183174.4118886,-8.475208282470703,4526,6951936.0,0.20842434465885162,0.9518600106239319,4525
18.968799591064453,2108.764368786,0.8077770471572876,0.130859375,0.0488281287252903,36048,16.094402313232422,1.0365962982177734,1.0,1746183179.4297874,-8.493425369262695,4537,6968832.0,0.20842434465885162,1.0310771465301514,4536
19.303667068481445,2117.553498499,0.702000617980957,0.0462239608168602,0.0507812537252903,36200,15.875652313232422,1.040753960609436,0.9999999403953552,1746183188.2189405,-8.531440734863281,4556,6998016.0,0.20829345285892487,1.1303009986877441,4555
19.303667068481445,2121.206022608,0.7348722815513611,0.0651041716337204,0.0501302108168602,36264,15.824219703674316,1.040753960609436,0.9999999403953552,1746183191.871479,-8.858891487121582,4564,7010304.0,0.20829345285892487,1.2812100648880005,4563
19.303667068481445,2123.030367956,0.7265152335166931,0.0748697966337204,0.0501302108168602,36296,15.729167938232422,1.040753960609436,0.9999999403953552,1746183193.6958146,-8.918127059936523,4568,7016448.0,0.20829345285892487,1.2183916568756104,4567
19.303667068481445,2129.417093685,0.7280778288841248,0.0729166716337204,0.0501302108168602,36408,15.632162094116211,1.040753960609436,0.9999999403953552,1746183200.0825093,-9.321577072143555,4582,7037952.0,0.20829345285892487,0.9772144556045532,4581
19.303667068481445,2130.331901983,0.7526516318321228,0.0930989608168602,0.0514322929084301,36424,15.489583969116211,1.040753960609436,0.9999999403953552,1746183200.9973667,-9.213602066040039,4584,7041024.0,0.20829345285892487,0.963150680065155,4583
19.303667068481445,2130.789355018,0.7490057945251465,0.0944010466337204,0.0514322929084301,36432,15.513672828674316,1.040753960609436,0.9999999403953552,1746183201.4547966,-9.249303817749023,4585,7042560.0,0.20829345285892487,0.9015614986419678,4584
19.303667068481445,2138.542796877,0.746354341506958,0.0800781324505806,0.0507812537252903,36568,15.895183563232422,1.040753960609436,0.9999999403953552,1746183209.2082436,-9.111294746398926,4602,7068672.0,0.20829345285892487,1.1541314125061035,4601
19.303667068481445,2145.393376892,0.7660157680511475,0.1054687574505806,0.0507812537252903,36688,15.699871063232422,1.040753960609436,0.9999999403953552,1746183216.0588374,-9.291232109069824,4617,7091712.0,0.20829345285892487,1.0368283987045288,4616
19.303667068481445,2147.219806737,0.7968751192092896,0.1315104216337204,0.0514322929084301,36720,15.703125953674316,1.040753960609436,0.9999999403953552,1746183217.8852954,-9.411561965942383,4621,7097856.0,0.20829345285892487,0.9876203536987305,4620
19.303667068481445,2153.155874264,0.7371213436126709,0.0729166716337204,0.0520833358168602,36824,15.658855438232422,1.040753960609436,0.9999999403953552,1746183223.8213332,-8.961556434631348,4634,7117824.0,0.20829345285892487,0.9749020338058472,4633
19.303667068481445,2162.740272407,0.7578718066215515,0.1080729216337204,0.0514322929084301,36992,15.464193344116211,1.040753960609436,0.9999999403953552,1746183233.405712,-9.445490837097168,4655,7150080.0,0.20829345285892487,1.07785165309906,4654
19.303667068481445,2165.476912976,0.7008997797966003,0.0455729179084301,0.0533854179084301,37040,15.241537094116211,1.040753960609436,0.9999999403953552,1746183236.1423638,-9.439224243164062,4661,7159296.0,0.20829345285892487,1.0578502416610718,4660
19.303667068481445,2167.757565576,0.7934897541999817,0.125,0.0514322929084301,37080,15.582032203674316,1.040753960609436,0.9999999403953552,1746183238.4230237,-9.454520225524902,4666,7166976.0,0.20829345285892487,0.9252533912658691,4665
19.303667068481445,2171.410120501,0.8076468706130981,0.1412760466337204,0.0494791679084301,37144,15.514324188232422,1.040753960609436,0.9999999403953552,1746183242.075571,-9.63205337524414,4674,7179264.0,0.20829345285892487,0.9866032004356384,4673
19.303667068481445,2183.73433403,0.7631511688232422,0.0872395858168602,0.0494791679084301,37360,15.735677719116211,1.040753960609436,0.9999999403953552,1746183254.3997798,-9.957529067993164,4701,7220736.0,0.20829345285892487,0.876233696937561,4700
19.303667068481445,2189.227974986,0.7375947833061218,0.0787760466337204,0.0494791679084301,37456,15.750652313232422,1.040753960609436,0.9999999403953552,1746183259.8934374,-9.978522300720215,4713,7239168.0,0.20829345285892487,0.8979886770248413,4712
19.303667068481445,2192.432865195,0.7333571314811707,0.0833333358168602,0.0501302108168602,37512,15.540365219116211,1.040753960609436,0.9999999403953552,1746183263.098181,-9.887486457824707,4720,7249920.0,0.20829345285892487,0.9915992021560669,4719
19.303667068481445,2203.842515578,0.6909565925598145,0.0553385429084301,0.0514322929084301,37712,15.264324188232422,1.040753960609436,0.9999999403953552,1746183274.507984,-11.0796537399292,4745,7288320.0,0.20829345285892487,0.9377670288085938,4744
19.303667068481445,2208.861221684,0.7053267955780029,0.0611979216337204,0.0520833358168602,37800,15.332683563232422,1.040753960609436,0.9999999403953552,1746183279.5266511,-11.049448013305664,4756,7305216.0,0.20829345285892487,1.0744770765304565,4755
19.303667068481445,2209.317211946,0.751302182674408,0.0911458358168602,0.0514322929084301,37808,15.420574188232422,1.040753960609436,0.9999999403953552,1746183279.9826305,-11.076155662536621,4757,7306752.0,0.20829345285892487,0.9678343534469604,4756
19.303667068481445,2214.794469954,0.661943793296814,0.033203125,0.0520833358168602,37904,15.126302719116211,1.040753960609436,0.9999999403953552,1746183285.4599128,-11.098516464233398,4769,7325184.0,0.20829345285892487,0.8948037624359131,4768
19.303667068481445,2229.396237006,0.7320196032524109,0.0703125,0.0520833358168602,38160,15.315755844116211,1.040753960609436,0.9999999403953552,1746183300.0616372,-11.892633438110352,4801,7374336.0,0.20829345285892487,0.7710760831832886,4800
19.303667068481445,2233.501792566,0.722727358341217,0.0690104216337204,0.0520833358168602,38232,15.369792938232422,1.040753960609436,0.9999999403953552,1746183304.1672473,-12.023515701293945,4810,7388160.0,0.20829345285892487,0.8918449878692627,4809
19.303667068481445,2258.141057741,0.7993016839027405,0.1334635466337204,0.0455729179084301,38664,17.445964813232422,1.040753960609436,0.9999999403953552,1746183328.8064995,-12.604032516479492,4864,7471104.0,0.20829345285892487,0.8869943022727966,4863
19.303667068481445,2259.509953688,0.7249645590782166,0.0891927108168602,0.0501302108168602,38688,15.837240219116211,1.040753960609436,0.9999999403953552,1746183330.175392,-12.575874328613281,4867,7475712.0,0.20829345285892487,0.9927505850791931,4866
20.845104217529297,2266.92743819,0.7325995564460754,0.1015625074505806,0.0449218787252903,38816,17.283855438232422,1.1565275192260742,1.0,1746183337.592896,-12.911701202392578,4883,7500288.0,0.2978505790233612,0.7009109258651733,4882
20.845104217529297,2269.207985902,0.7493373155593872,0.1015625074505806,0.0455729179084301,38856,17.48828125,1.1565275192260742,1.0,1746183339.873431,-12.744424819946289,4888,7507968.0,0.2978505790233612,0.7372703552246094,4887
20.845104217529297,2271.489066798,0.793312132358551,0.130859375,0.0442708358168602,38896,17.65755271911621,1.1565275192260742,1.0,1746183342.1545122,-12.78862190246582,4893,7515648.0,0.2978505790233612,0.6773815155029297,4892
20.845104217529297,2276.507682542,0.7831203937530518,0.1126302108168602,0.0455729179084301,38984,17.427734375,1.1565275192260742,1.0,1746183347.1731362,-12.890871047973633,4904,7532544.0,0.2978505790233612,0.8457489013671875,4903
20.845104217529297,2280.158186155,0.826278567314148,0.1380208432674408,0.0455729179084301,39048,17.182292938232422,1.1565275192260742,1.0,1746183350.823621,-12.711099624633789,4912,7544832.0,0.2978505790233612,0.7229181528091431,4911
20.845104217529297,2281.071783057,0.8845645189285278,0.1803385466337204,0.0455729179084301,39064,17.416015625,1.1565275192260742,1.0,1746183351.7372267,-12.675511360168457,4914,7547904.0,0.2978505790233612,0.692038357257843,4913
20.845104217529297,2281.983879034,0.7712358832359314,0.0937500074505806,0.0462239608168602,39080,17.26953125,1.1565275192260742,1.0,1746183352.6493306,-12.449138641357422,4916,7550976.0,0.2978505790233612,0.8383502960205078,4915
20.845104217529297,2282.43986997,0.8838779926300049,0.1842447966337204,0.0462239608168602,39088,17.32161521911621,1.1565275192260742,1.0,1746183353.105334,-12.251834869384766,4917,7552512.0,0.2978505790233612,0.6970067620277405,4916
20.845104217529297,2285.176688023,0.7825284600257874,0.1295572966337204,0.0494791679084301,39136,15.412761688232422,1.1565275192260742,1.0,1746183355.8421283,-12.418100357055664,4923,7561728.0,0.2978505790233612,0.6236839294433594,4922
20.845104217529297,2295.672658317,0.7786933183670044,0.0813802108168602,0.0449218787252903,39320,17.48372459411621,1.1565275192260742,1.0,1746183366.3377576,-12.236212730407715,4946,7597056.0,0.2978505790233612,0.7238708138465881,4945
20.845104217529297,2297.956173481,0.8448864221572876,0.1575520932674408,0.0449218787252903,39360,17.65169334411621,1.1565275192260742,1.0,1746183368.6215966,-12.475264549255371,4951,7604736.0,0.2978505790233612,0.6741034984588623,4950
20.845104217529297,2322.147402369,0.7354996800422668,0.0878906324505806,0.0514322929084301,39784,15.656250953674316,1.1565275192260742,1.0,1746183392.8128421,-13.789007186889648,5004,7686144.0,0.2978505790233612,1.0137017965316772,5003
20.845104217529297,2357.291106231,0.7602865695953369,0.0963541716337204,0.0501302108168602,40400,15.775391578674316,1.1565275192260742,1.0,1746183427.9565449,-16.213180541992188,5081,7804416.0,0.2978505790233612,0.9763221144676208,5080
20.845104217529297,2361.852586414,0.7672586441040039,0.1243489682674408,0.0494791679084301,40480,15.544271469116211,1.1565275192260742,1.0,1746183432.5180237,-16.099519729614258,5091,7819776.0,0.2978505790233612,1.0027613639831543,5090
20.845104217529297,2370.519642679,0.736884593963623,0.0787760466337204,0.0514322929084301,40632,15.452474594116211,1.1565275192260742,1.0,1746183441.185086,-16.06194305419922,5110,7848960.0,0.2978505790233612,0.9889166355133057,5109
20.845104217529297,2373.268427607,0.6893940567970276,0.0501302108168602,0.0533854179084301,40680,15.149088859558105,1.1565275192260742,1.0,1746183443.9337063,-15.978200912475586,5116,7858176.0,0.2978505790233612,1.0191845893859863,5115
20.845104217529297,2380.596305886,0.719211757183075,0.0800781324505806,0.0514322929084301,40808,15.538412094116211,1.1565275192260742,1.0,1746183451.2615688,-15.861639976501465,5132,7882752.0,0.2978505790233612,1.0006109476089478,5131
20.845104217529297,2386.561547107,0.7972539663314819,0.1236979216337204,0.0488281287252903,40912,16.117839813232422,1.1565275192260742,1.0,1746183457.2266147,-15.203110694885254,5145,7902720.0,0.2978505790233612,0.9289020299911499,5144
20.845104217529297,2389.303491929,0.7513732314109802,0.0800781324505806,0.0507812537252903,40960,15.896485328674316,1.1565275192260742,1.0,1746183459.968792,-15.877216339111328,5151,7911936.0,0.2978505790233612,1.145412802696228,5150
20.845104217529297,2393.880131472,0.7382813692092896,0.0774739608168602,0.0501302108168602,41040,15.506511688232422,1.1565275192260742,1.0,1746183464.5454094,-16.229358673095703,5161,7927296.0,0.2978505790233612,1.0128976106643677,5160
20.845104217529297,2398.913483536,0.7762784957885742,0.1139322966337204,0.0527343787252903,41128,15.197266578674316,1.1565275192260742,1.0,1746183469.5787098,-16.422876358032227,5172,7944192.0,0.2978505790233612,1.0718457698822021,5171
20.845104217529297,2405.781052439,0.7692591547966003,0.1035156324505806,0.0507812537252903,41248,15.664063453674316,1.1565275192260742,1.0,1746183476.446268,-17.028202056884766,5187,7967232.0,0.2978505790233612,0.9839634895324707,5186
20.845104217529297,2410.811217213,0.7600142955780029,0.1139322966337204,0.0507812537252903,41336,15.436199188232422,1.1565275192260742,1.0,1746183481.4764595,-16.876340866088867,5198,7984128.0,0.2978505790233612,0.8704220056533813,5197
18.719606399536133,2415.960775346,0.7380801439285278,0.0742187574505806,0.0501302108168602,41424,15.548829078674316,1.0329667329788208,1.0,1746183486.626053,-17.080047607421875,5209,8001024.0,0.20590950548648834,0.9288718700408936,5208
18.719606399536133,2417.788494362,0.687961757183075,0.0345052108168602,0.0514322929084301,41456,15.402996063232422,1.0329667329788208,1.0,1746183488.4537265,-16.932912826538086,5213,8007168.0,0.20590950548648834,0.8620017170906067,5212
18.719606399536133,2420.072706435,0.764287531375885,0.0976562574505806,0.0514322929084301,41496,15.697266578674316,1.0329667329788208,1.0,1746183490.7380204,-16.879276275634766,5218,8014848.0,0.20590950548648834,0.8959797620773315,5217
18.719606399536133,2423.275208529,0.7550190091133118,0.0957031324505806,0.0520833358168602,41552,15.475261688232422,1.0329667329788208,1.0,1746183493.940469,-16.823881149291992,5225,8025600.0,0.20590950548648834,1.0544743537902832,5224
18.719606399536133,2439.712198427,0.7289419174194336,0.0768229216337204,0.0501302108168602,41840,15.826172828674316,1.0329667329788208,1.0,1746183510.3776362,-17.35600471496582,5261,8080896.0,0.20590950548648834,1.0694289207458496,5260
18.719606399536133,2451.582779801,0.7380801439285278,0.0852864608168602,0.0514322929084301,42048,15.530599594116211,1.0329667329788208,1.0,1746183522.248244,-17.888147354125977,5287,8120832.0,0.20590950548648834,0.8930895328521729,5286
18.719606399536133,2471.202473982,0.7234731316566467,0.0742187574505806,0.0527343787252903,42392,15.182291984558105,1.0329667329788208,1.0,1746183541.8678968,-18.358936309814453,5330,8186880.0,0.20590950548648834,0.8696259260177612,5329
18.719606399536133,2474.854421279,0.7199219465255737,0.0670572966337204,0.0514322929084301,42456,15.647787094116211,1.0329667329788208,1.0,1746183545.5198605,-18.112274169921875,5338,8199168.0,0.20590950548648834,0.8527487516403198,5337
18.719606399536133,2479.874247647,0.7467804551124573,0.0794270858168602,0.0520833358168602,42544,15.631511688232422,1.0329667329788208,1.0,1746183550.5396802,-18.054933547973633,5349,8216064.0,0.20590950548648834,0.9987702369689941,5348
18.719606399536133,2504.517790724,0.7247870564460754,0.0677083358168602,0.0520833358168602,42976,15.480469703674316,1.0329667329788208,1.0,1746183575.1832511,-17.469768524169922,5403,8299008.0,0.20590950548648834,0.8195158839225769,5402
18.719606399536133,2508.62546253,0.7138495445251465,0.0598958358168602,0.0520833358168602,43048,15.808594703674316,1.0329667329788208,1.0,1746183579.2909043,-17.72897720336914,5412,8312832.0,0.20590950548648834,0.8547402620315552,5411
18.719606399536133,2511.82235934,0.7474551200866699,0.0930989608168602,0.0507812537252903,43104,15.637371063232422,1.0329667329788208,1.0,1746183582.487793,-17.613792419433594,5419,8323584.0,0.20590950548648834,0.8223884105682373,5418
18.719606399536133,2516.840046587,0.7881748080253601,0.1210937574505806,0.0488281287252903,43192,16.05989646911621,1.0329667329788208,1.0,1746183587.5054653,-17.504161834716797,5430,8340480.0,0.20590950548648834,0.7965058088302612,5429
18.719606399536133,2517.752011772,0.7247160077095032,0.0657552108168602,0.0501302108168602,43208,15.813802719116211,1.0329667329788208,1.0,1746183588.4174647,-17.521753311157227,5432,8343552.0,0.20590950548648834,0.7099472284317017,5431
18.719606399536133,2522.313904487,0.8474788069725037,0.1699218899011612,0.0494791679084301,43288,16.07552146911621,1.0329667329788208,1.0,1746183592.9793591,-17.90166473388672,5442,8358912.0,0.20590950548648834,0.9199681282043457,5441
18.719606399536133,2525.510188991,0.8052558302879333,0.1328125,0.0488281287252903,43344,15.934896469116211,1.0329667329788208,1.0,1746183596.1756175,-17.546308517456055,5449,8369664.0,0.20590950548648834,0.798671543598175,5448
18.719606399536133,2527.790523533,0.8246450424194336,0.1354166716337204,0.0468750037252903,43384,17.05989646911621,1.0329667329788208,1.0,1746183598.4559631,-17.649328231811523,5454,8377344.0,0.20590950548648834,0.7905042171478271,5453
18.719606399536133,2538.740659844,0.6702179312705994,0.03125,0.0514322929084301,43576,15.479818344116211,1.0329667329788208,1.0,1746183609.406089,-19.007471084594727,5478,8414208.0,0.20590950548648834,0.8400495648384094,5477
18.719606399536133,2549.237211458,0.7367070317268372,0.0696614608168602,0.0501302108168602,43760,15.980469703674316,1.0329667329788208,1.0,1746183619.9025939,-19.477680206298828,5501,8449536.0,0.20590950548648834,0.9299367666244507,5500
18.719606399536133,2550.149455441,0.691181480884552,0.0527343787252903,0.0501302108168602,43776,15.395833969116211,1.0329667329788208,1.0,1746183620.8149178,-19.498994827270508,5503,8452608.0,0.20590950548648834,0.7843068242073059,5502
18.719606399536133,2554.261996046,0.7211412191390991,0.0872395858168602,0.0514322929084301,43848,15.520833969116211,1.0329667329788208,1.0,1746183624.9274611,-19.118637084960938,5512,8466432.0,0.20590950548648834,0.7924963235855103,5511
20.74813461303711,2563.505477291,0.861884593963623,0.1705729216337204,0.0462239608168602,44008,17.147136688232422,1.209787368774414,1.0,1746183634.1709166,-18.97418785095215,5532,8497152.0,0.33898305892944336,0.9983400106430054,5531
20.74813461303711,2572.63030186,0.8762311935424805,0.1868489682674408,0.0449218787252903,44168,17.26888084411621,1.209787368774414,1.0,1746183643.2957468,-18.16910743713379,5552,8527872.0,0.33898305892944336,1.1557917594909668,5551
20.74813461303711,2575.370598958,0.8272373676300049,0.1399739682674408,0.0462239608168602,44216,17.43880271911621,1.209787368774414,1.0,1746183646.0360239,-18.31208038330078,5558,8537088.0,0.33898305892944336,1.1098953485488892,5557
20.74813461303711,2575.826683389,0.8759943842887878,0.1842447966337204,0.0455729179084301,44224,17.203125,1.209787368774414,1.0,1746183646.4921162,-18.386985778808594,5559,8538624.0,0.33898305892944336,1.0312693119049072,5558
20.74813461303711,2583.608487949,0.7715436816215515,0.1145833358168602,0.0488281287252903,44360,15.662110328674316,1.209787368774414,1.0,1746183654.273928,-18.404205322265625,5576,8564736.0,0.33898305892944336,0.8872085213661194,5575
20.74813461303711,2584.977625313,0.7249172329902649,0.0735677108168602,0.0527343787252903,44384,15.366537094116211,1.209787368774414,1.0,1746183655.643039,-18.500835418701172,5579,8569344.0,0.33898305892944336,0.8526135683059692,5578
20.74813461303711,2585.433731054,0.722916841506958,0.0716145858168602,0.0520833358168602,44392,15.530599594116211,1.209787368774414,1.0,1746183656.0991628,-18.516128540039062,5580,8570880.0,0.33898305892944336,0.8709722757339478,5579
20.74813461303711,2597.299669995,0.7073982954025269,0.0651041716337204,0.0507812537252903,44600,15.585287094116211,1.209787368774414,1.0,1746183667.9650633,-18.910358428955078,5606,8610816.0,0.33898305892944336,0.8947219848632812,5605
20.74813461303711,2604.60351904,0.7821142077445984,0.1139322966337204,0.0507812537252903,44728,15.658204078674316,1.209787368774414,1.0,1746183675.2689447,-19.146045684814453,5622,8635392.0,0.33898305892944336,0.6759167313575745,5621
20.74813461303711,2611.447374399,0.7353693842887878,0.0768229216337204,0.0475260429084301,44848,16.173828125,1.209787368774414,1.0,1746183682.1127996,-19.638402938842773,5637,8658432.0,0.33898305892944336,0.8516520261764526,5636
20.74813461303711,2614.640551024,0.8140034079551697,0.1458333432674408,0.0494791679084301,44904,15.828777313232422,1.209787368774414,1.0,1746183685.3059976,-19.45354461669922,5644,8669184.0,0.33898305892944336,0.9074599146842957,5643
20.74813461303711,2618.746036907,0.789891242980957,0.12890625,0.0494791679084301,44976,15.990886688232422,1.209787368774414,1.0,1746183689.4114928,-19.293590545654297,5653,8683008.0,0.33898305892944336,0.788101077079773,5652
20.74813461303711,2620.570984124,0.7255446314811707,0.0677083358168602,0.0514322929084301,45008,15.595704078674316,1.209787368774414,1.0,1746183691.2364292,-19.064043045043945,5657,8689152.0,0.33898305892944336,0.9335602521896362,5656
20.74813461303711,2625.134097082,0.7700284719467163,0.1041666716337204,0.0501302108168602,45088,15.694662094116211,1.209787368774414,1.0,1746183695.7995267,-19.099943161010742,5667,8704512.0,0.33898305892944336,1.019106149673462,5666
20.74813461303711,2625.590236737,0.8136838674545288,0.1445312649011612,0.0507812537252903,45096,15.512371063232422,1.209787368774414,1.0,1746183696.255668,-19.27511978149414,5668,8706048.0,0.33898305892944336,0.9835602045059204,5667
20.74813461303711,2640.649550227,0.7774267196655273,0.0924479216337204,0.0501302108168602,45360,16.34505271911621,1.209787368774414,1.0,1746183711.3150039,-20.204978942871094,5701,8756736.0,0.33898305892944336,1.0932097434997559,5700
20.74813461303711,2642.474284711,0.7595171928405762,0.0904947966337204,0.0514322929084301,45392,15.638672828674316,1.209787368774414,1.0,1746183713.1397324,-20.09869384765625,5705,8762880.0,0.33898305892944336,1.149734616279602,5704
20.74813461303711,2652.524229007,0.8039419054985046,0.134765625,0.0507812537252903,45568,15.677083969116211,1.209787368774414,1.0,1746183723.1896842,-19.911088943481445,5727,8796672.0,0.33898305892944336,0.9913142919540405,5726
20.74813461303711,2655.717581103,0.7272492051124573,0.0768229216337204,0.0514322929084301,45624,15.539063453674316,1.209787368774414,1.0,1746183726.3830326,-19.671062469482422,5734,8807424.0,0.33898305892944336,0.9516847133636475,5733
20.74813461303711,2656.173857517,0.7185606956481934,0.0631510466337204,0.0520833358168602,45632,15.434896469116211,1.209787368774414,1.0,1746183726.8393123,-19.646289825439453,5735,8808960.0,0.33898305892944336,0.8617076873779297,5734
20.74813461303711,2671.691417642,0.7904238700866699,0.1295572966337204,0.0501302108168602,45904,15.906250953674316,1.209787368774414,1.0,1746183742.3568587,-18.917097091674805,5769,8861184.0,0.33898305892944336,0.9571498036384583,5768
20.74813461303711,2673.972065184,0.7281961441040039,0.0631510466337204,0.0514322929084301,45944,15.643230438232422,1.209787368774414,1.0,1746183744.637519,-19.226049423217773,5774,8868864.0,0.33898305892944336,1.0268267393112183,5773
20.74813461303711,2683.553406832,0.7331914305686951,0.0716145858168602,0.0507812537252903,46112,15.671875953674316,1.209787368774414,1.0,1746183754.2188597,-19.15884017944336,5795,8901120.0,0.33898305892944336,0.9298521876335144,5794
20.74813461303711,2685.835279689,0.8215200304985046,0.1451822966337204,0.0501302108168602,46152,15.945964813232422,1.209787368774414,1.0,1746183756.500713,-19.442108154296875,5800,8908800.0,0.33898305892944336,0.9513784050941467,5799
20.74813461303711,2706.376819104,0.7654593586921692,0.0885416716337204,0.0527343787252903,46512,15.483724594116211,1.209787368774414,1.0,1746183777.0422683,-20.781986236572266,5845,8977920.0,0.33898305892944336,1.0066500902175903,5844
18.569812774658203,2710.143793155,0.8452297449111938,0.1757812649011612,0.0507812537252903,46576,15.351563453674316,1.0314029455184937,0.9999999403953552,1746183780.8092408,-20.379056930541992,5853,8990208.0,0.20439963042736053,1.108277678489685,5852
18.569812774658203,2715.164292088,0.7969580292701721,0.125,0.0494791679084301,46664,15.709636688232422,1.0314029455184937,0.9999999403953552,1746183785.829727,-19.739238739013672,5864,9007104.0,0.20439963042736053,1.2025378942489624,5863
18.569812774658203,2716.080474776,0.6874882578849792,0.0358072929084301,0.0514322929084301,46680,15.611980438232422,1.0314029455184937,0.9999999403953552,1746183786.745884,-19.58816909790039,5866,9010176.0,0.20439963042736053,1.4938923120498657,5865
18.569812774658203,2722.469679948,0.7797349691390991,0.1158854216337204,0.0514322929084301,46792,15.349610328674316,1.0314029455184937,0.9999999403953552,1746183793.1351035,-20.334869384765625,5880,9031680.0,0.20439963042736053,1.1283657550811768,5879
18.569812774658203,2729.768066654,0.6764915585517883,0.0279947929084301,0.0527343787252903,46920,15.338542938232422,1.0314029455184937,0.9999999403953552,1746183800.433519,-20.770275115966797,5896,9056256.0,0.20439963042736053,1.0350395441055298,5895
18.569812774658203,2730.224909074,0.724313497543335,0.0598958358168602,0.0507812537252903,46928,15.708333969116211,1.0314029455184937,0.9999999403953552,1746183800.8903651,-20.924114227294922,5897,9057792.0,0.20439963042736053,0.9819983243942261,5896
18.569812774658203,2731.597195196,0.6988400220870972,0.0462239608168602,0.0533854179084301,46952,15.207682609558105,1.0314029455184937,0.9999999403953552,1746183802.2626498,-20.91694450378418,5900,9062400.0,0.20439963042736053,0.8856396675109863,5899
18.569812774658203,2744.826334492,0.8151398301124573,0.138671875,0.0514322929084301,47184,15.614583969116211,1.0314029455184937,0.9999999403953552,1746183815.4917738,-20.726396560668945,5929,9106944.0,0.20439963042736053,0.9537577629089355,5928
18.569812774658203,2748.020324672,0.7891573309898376,0.1171875074505806,0.0494791679084301,47240,15.682943344116211,1.0314029455184937,0.9999999403953552,1746183818.6857922,-20.83499526977539,5936,9117696.0,0.20439963042736053,1.1411415338516235,5935
18.569812774658203,2754.864128245,0.7652581334114075,0.1067708358168602,0.0507812537252903,47360,15.692058563232422,1.0314029455184937,0.9999999403953552,1746183825.52955,-21.64498519897461,5951,9140736.0,0.20439963042736053,0.9216419458389282,5950
18.569812774658203,2758.513803298,0.7628315091133118,0.1054687574505806,0.0501302108168602,47424,15.427083969116211,1.0314029455184937,0.9999999403953552,1746183829.1792269,-21.652202606201172,5959,9153024.0,0.20439963042736053,0.9221060276031494,5958
18.569812774658203,2760.338356417,0.7227747440338135,0.0690104216337204,0.0494791679084301,47456,15.647136688232422,1.0314029455184937,0.9999999403953552,1746183831.0037863,-21.454917907714844,5963,9159168.0,0.20439963042736053,1.1166713237762451,5962
18.569812774658203,2761.250989209,0.7576113939285278,0.1002604216337204,0.0507812537252903,47472,15.592449188232422,1.0314029455184937,0.9999999403953552,1746183831.9164195,-21.383956909179688,5965,9162240.0,0.20439963042736053,1.0181198120117188,5964
18.569812774658203,2767.638331273,0.7432647943496704,0.0846354216337204,0.0494791679084301,47584,15.932292938232422,1.0314029455184937,0.9999999403953552,1746183838.3037808,-21.480770111083984,5979,9183744.0,0.20439963042736053,0.9655439853668213,5978
18.569812774658203,2773.112854852,0.7236862778663635,0.0826822966337204,0.0494791679084301,47680,15.720052719116211,1.0314029455184937,0.9999999403953552,1746183843.778293,-21.676849365234375,5991,9202176.0,0.20439963042736053,0.8378506898880005,5990
18.569812774658203,2782.713753524,0.7818419337272644,0.1158854216337204,0.0507812537252903,47848,15.750652313232422,1.0314029455184937,0.9999999403953552,1746183853.3792112,-22.18826675415039,6012,9234432.0,0.20439963042736053,0.7392095327377319,6011
18.569812774658203,2785.450762943,0.7728457450866699,0.1093750074505806,0.0501302108168602,47896,15.929037094116211,1.0314029455184937,0.9999999403953552,1746183856.11621,-21.880847930908203,6018,9243648.0,0.20439963042736053,0.8233002424240112,6017
18.569812774658203,2786.36287945,0.7453718185424805,0.0891927108168602,0.0488281287252903,47912,16.172527313232422,1.0314029455184937,0.9999999403953552,1746183857.028328,-21.97553253173828,6020,9246720.0,0.20439963042736053,0.7349230647087097,6019
18.569812774658203,2796.859408608,0.7063093185424805,0.06640625,0.0507812537252903,48096,15.503255844116211,1.0314029455184937,0.9999999403953552,1746183867.5248153,-22.08892822265625,6043,9282048.0,0.20439963042736053,0.9476620554924011,6042
18.569812774658203,2812.833360793,0.6881393194198608,0.0631510466337204,0.0514322929084301,48376,15.296875953674316,1.0314029455184937,0.9999999403953552,1746183883.4988043,-22.25082778930664,6078,9335808.0,0.20439963042736053,0.8538645505905151,6077
18.569812774658203,2817.854823957,0.8293561935424805,0.1660156399011612,0.0449218787252903,48464,17.096355438232422,1.0314029455184937,0.9999999403953552,1746183888.5202754,-22.306764602661133,6089,9352704.0,0.20439963042736053,0.7747388482093811,6088
18.569812774658203,2820.59548942,0.7918798327445984,0.1087239608168602,0.0449218787252903,48512,17.427734375,1.0314029455184937,0.9999999403953552,1746183891.26094,-22.46250343322754,6095,9361920.0,0.20439963042736053,0.7520606517791748,6094
18.569812774658203,2821.965068127,0.7566644549369812,0.0917968824505806,0.0462239608168602,48536,17.17708396911621,1.0314029455184937,0.9999999403953552,1746183892.6305025,-22.54684066772461,6098,9366528.0,0.20439963042736053,0.7553451657295227,6097
18.569812774658203,2845.23833662,0.8207031488418579,0.1608072966337204,0.0507812537252903,48944,15.649089813232422,1.0314029455184937,0.9999999403953552,1746183915.903793,-23.329265594482422,6149,9444864.0,0.20439963042736053,0.8274562358856201,6148
18.569812774658203,2846.150553052,0.7421165704727173,0.0930989608168602,0.0501302108168602,48960,15.994792938232422,1.0314029455184937,0.9999999403953552,1746183916.8159952,-23.257822036743164,6151,9447936.0,0.20439963042736053,0.803873598575592,6150
18.569812774658203,2851.169184108,0.7949575185775757,0.1282552182674408,0.0488281287252903,49048,16.377605438232422,1.0314029455184937,0.9999999403953552,1746183921.8345573,-24.053495407104492,6162,9464832.0,0.20439963042736053,0.8921051621437073,6161
18.569812774658203,2853.449709127,0.6834990978240967,0.0553385429084301,0.0507812537252903,49088,15.483724594116211,1.0314029455184937,0.9999999403953552,1746183924.1151688,-24.37127113342285,6167,9472512.0,0.20439963042736053,0.8990331292152405,6166
18.84143829345703,2859.954519722,0.7427676320075989,0.0917968824505806,0.0514322929084301,49200,15.619792938232422,1.016441822052002,1.0000001192092896,1746183930.6199563,-24.915687561035156,6181,9494016.0,0.19572624564170837,0.7930699586868286,6180
18.84143829345703,2866.805651421,0.7253789305686951,0.068359375,0.0527343787252903,49320,15.371094703674316,1.016441822052002,1.0000001192092896,1746183937.4710846,-24.92586326599121,6196,9517056.0,0.19572624564170837,0.851769208908081,6195
18.84143829345703,2870.914564955,0.6506274938583374,0.033203125,0.0585937537252903,49392,14.061198234558105,1.016441822052002,1.0000001192092896,1746183941.5800009,-24.915599822998047,6205,9530880.0,0.19572624564170837,0.9719840288162231,6204
18.84143829345703,2875.476427648,0.7851445078849792,0.1113281324505806,0.0514322929084301,49472,15.600912094116211,1.016441822052002,1.0000001192092896,1746183946.1418347,-24.721982955932617,6215,9546240.0,0.19572624564170837,0.8629555702209473,6214
18.84143829345703,2881.867098189,0.7250356674194336,0.0839843824505806,0.0514322929084301,49584,15.322266578674316,1.016441822052002,1.0000001192092896,1746183952.5325308,-25.420795440673828,6229,9567744.0,0.19572624564170837,1.0346049070358276,6228
18.84143829345703,2887.343752578,0.6915247440338135,0.0481770858168602,0.0507812537252903,49680,15.727214813232422,1.016441822052002,1.0000001192092896,1746183958.0092,-24.724502563476562,6241,9586176.0,0.19572624564170837,0.8968955278396606,6240
18.84143829345703,2895.103590939,0.8147610425949097,0.1380208432674408,0.0514322929084301,49816,15.819662094116211,1.016441822052002,1.0000001192092896,1746183965.7690475,-24.931377410888672,6258,9612288.0,0.19572624564170837,1.019286036491394,6257
18.84143829345703,2896.928952667,0.8176374435424805,0.1393229216337204,0.0481770858168602,49848,16.07356834411621,1.016441822052002,1.0000001192092896,1746183967.5944152,-25.013742446899414,6262,9618432.0,0.19572624564170837,1.140525221824646,6261
18.84143829345703,2898.296819931,0.7865294814109802,0.1113281324505806,0.0501302108168602,49872,15.768880844116211,1.016441822052002,1.0000001192092896,1746183968.9622862,-25.07386016845703,6265,9623040.0,0.19572624564170837,1.0833485126495361,6264
18.84143829345703,2905.138919007,0.7418206930160522,0.0924479216337204,0.0507812537252903,49992,15.254558563232422,1.016441822052002,1.0000001192092896,1746183975.8043835,-25.409278869628906,6280,9646080.0,0.19572624564170837,1.1556856632232666,6279
18.84143829345703,2908.788845057,0.7131156921386719,0.0768229216337204,0.0520833358168602,50056,15.228516578674316,1.016441822052002,1.0000001192092896,1746183979.4542766,-25.0560302734375,6288,9658368.0,0.19572624564170837,1.2413700819015503,6287
18.84143829345703,2916.548124813,0.7601327300071716,0.0957031324505806,0.0507812537252903,50192,15.735677719116211,1.016441822052002,1.0000001192092896,1746183987.2135558,-25.093902587890625,6305,9684480.0,0.19572624564170837,0.9653040170669556,6304
18.84143829345703,2918.828644282,0.7314040064811707,0.0677083358168602,0.0514322929084301,50232,15.755208969116211,1.016441822052002,1.0000001192092896,1746183989.494094,-24.723726272583008,6310,9692160.0,0.19572624564170837,1.1024575233459473,6309
18.84143829345703,2919.284881411,0.7484731674194336,0.0794270858168602,0.0501302108168602,50240,15.973958969116211,1.016441822052002,1.0000001192092896,1746183989.9503434,-24.798030853271484,6311,9693696.0,0.19572624564170837,1.0549808740615845,6310
18.84143829345703,2920.65647883,0.8308832049369812,0.1555989682674408,0.0494791679084301,50264,15.863933563232422,1.016441822052002,1.0000001192092896,1746183991.3219104,-24.70075035095215,6314,9698304.0,0.19572624564170837,1.2485109567642212,6313
18.84143829345703,2922.480748335,0.7540839314460754,0.0891927108168602,0.0494791679084301,50296,16.119140625,1.016441822052002,1.0000001192092896,1746183993.1461852,-24.54092025756836,6318,9704448.0,0.19572624564170837,1.1746242046356201,6317
18.84143829345703,2924.762295776,0.7435725927352905,0.0878906324505806,0.0507812537252903,50336,15.460938453674316,1.016441822052002,1.0000001192092896,1746183995.427742,-24.804162979125977,6323,9712128.0,0.19572624564170837,1.2623388767242432,6322
18.84143829345703,2932.066832434,0.764559805393219,0.1002604216337204,0.0501302108168602,50464,15.658855438232422,1.016441822052002,1.0000001192092896,1746184002.7322977,-24.56996726989746,6339,9736704.0,0.19572624564170837,1.1123707294464111,6338
18.84143829345703,2940.738114457,0.7151042819023132,0.0429687537252903,0.0494791679084301,50616,15.685547828674316,1.016441822052002,1.0000001192092896,1746184011.403548,-25.313844680786133,6358,9765888.0,0.19572624564170837,0.7795240879058838,6357
18.84143829345703,2948.037804621,0.6922467947006226,0.0540364608168602,0.0514322929084301,50744,15.379558563232422,1.016441822052002,1.0000001192092896,1746184018.703205,-26.217254638671875,6374,9790464.0,0.19572624564170837,1.0683069229125977,6373
18.84143829345703,2950.775078496,0.7540010213851929,0.0970052108168602,0.0507812537252903,50792,15.928386688232422,1.016441822052002,1.0000001192092896,1746184021.4405456,-26.156845092773438,6380,9799680.0,0.19572624564170837,0.9999754428863525,6379
18.84143829345703,2952.143206573,0.7590792775154114,0.0833333358168602,0.0501302108168602,50816,16.035808563232422,1.016441822052002,1.0000001192092896,1746184022.808669,-26.377914428710938,6383,9804288.0,0.19572624564170837,1.508547067642212,6382
18.84143829345703,2953.055099702,0.7390625476837158,0.0885416716337204,0.0520833358168602,50832,15.455079078674316,1.016441822052002,1.0000001192092896,1746184023.720569,-26.538185119628906,6385,9807360.0,0.19572624564170837,1.3289289474487305,6384
18.84143829345703,2955.337408684,0.7355233430862427,0.0963541716337204,0.0514322929084301,50872,15.354818344116211,1.016441822052002,1.0000001192092896,1746184026.0028303,-26.260557174682617,6390,9815040.0,0.19572624564170837,1.0105955600738525,6389
18.84143829345703,2959.904344315,0.7479759454727173,0.0911458358168602,0.0501302108168602,50952,15.716146469116211,1.016441822052002,1.0000001192092896,1746184030.5697722,-26.296262741088867,6400,9830400.0,0.19572624564170837,1.1547057628631592,6399
18.84143829345703,2960.360471526,0.7120859026908875,0.0468750037252903,0.0494791679084301,50960,16.00325584411621,1.016441822052002,1.0000001192092896,1746184031.025912,-26.50281524658203,6401,9831936.0,0.19572624564170837,1.0708911418914795,6400
18.84143829345703,2963.097597884,0.7811790704727173,0.1080729216337204,0.0494791679084301,51008,16.119792938232422,1.016441822052002,1.0000001192092896,1746184033.7630475,-26.584373474121094,6407,9841152.0,0.19572624564170837,1.006308913230896,6406
18.84143829345703,2965.378288599,0.7358902096748352,0.0898437574505806,0.0501302108168602,51048,15.669922828674316,1.016441822052002,1.0000001192092896,1746184036.0437374,-26.613576889038086,6412,9848832.0,0.19572624564170837,1.0090553760528564,6411
18.84143829345703,2976.806695138,0.6931819915771484,0.0527343787252903,0.0501302108168602,51248,15.404297828674316,1.016441822052002,1.0000001192092896,1746184047.4721334,-25.395641326904297,6437,9887232.0,0.19572624564170837,1.1171375513076782,6436
18.84143829345703,2982.741757559,0.7509589195251465,0.0891927108168602,0.0514322929084301,51352,15.528646469116211,1.016441822052002,1.0000001192092896,1746184053.4072077,-25.365596771240234,6450,9907200.0,0.19572624564170837,1.2875537872314453,6449
18.84143829345703,2984.111165259,0.7605707049369812,0.1054687574505806,0.0514322929084301,51376,15.442058563232422,1.016441822052002,1.0000001192092896,1746184054.7765973,-25.64723014831543,6453,9911808.0,0.19572624564170837,1.43861722946167,6452
18.84143829345703,2985.937076559,0.7621686458587646,0.0983072966337204,0.0501302108168602,51408,15.777996063232422,1.016441822052002,1.0000001192092896,1746184056.602519,-25.872344970703125,6457,9917952.0,0.19572624564170837,1.2939541339874268,6456
18.84143829345703,2999.169011941,0.7085109949111938,0.0774739608168602,0.0527343787252903,51640,14.974610328674316,1.016441822052002,1.0000001192092896,1746184069.8344648,-25.716060638427734,6486,9962496.0,0.19572624564170837,1.0566933155059814,6485
18.84143829345703,3003.280093939,0.7239229679107666,0.0592447929084301,0.0494791679084301,51712,15.625000953674316,1.016441822052002,1.0000001192092896,1746184073.9455032,-25.990915298461914,6495,9976320.0,0.19572624564170837,1.0437653064727783,6494
