returned_episode,test_returned_episode_returns,_timestamp,loss,test_returned_won_episode,test_returned_episode_lengths,grad_steps,returned_episode_lengths,_step,_runtime,env_step,update_steps,returned_won_episode,returned_episode_returns,qvals,test_returned_episode
0.02148437686264515,0.08350357413291931,1746197450.4869785,0.0,0.00030459946719929576,18.43375015258789,0,23.964845657348633,2,69.117750526,4608.0,3,0.0,0.1534394919872284,0.0,1.0
0.02343750186264515,0.08350357413291931,1746197450.8827097,0.0,0.00030459946719929576,18.43375015258789,0,24.968751907348633,8,69.513442206,13824.0,9,0.0,0.17309348285198212,0.0,1.0
0.02473958395421505,0.08350357413291931,1746197451.2126665,0.0,0.00030459946719929576,18.43375015258789,0,24.925783157348633,13,69.843371985,21504.0,14,0.0,0.13812774419784546,0.0,1.0
0.0260416679084301,0.08350357413291931,1746197454.6941361,0.05844958871603012,0.00030459946719929576,18.43375015258789,56,25.141277313232422,37,73.324912617,58368.0,38,0.0,0.2002580761909485,-0.14830590784549713,1.0
0.02473958395421505,0.08350357413291931,1746197461.4365916,0.06455540657043457,0.00030459946719929576,18.43375015258789,216,23.74153709411621,57,80.067345022,89088.0,58,0.0,0.20312777161598206,0.23975442349910736,1.0
0.0221354179084301,0.08350357413291931,1746197465.815016,0.08789294958114624,0.00030459946719929576,18.43375015258789,320,25.710939407348633,70,84.445782938,109056.0,71,0.0,0.266343891620636,0.2710334062576294,1.0
0.0240885429084301,0.08350357413291931,1746197467.8343875,0.12318696826696396,0.00030459946719929576,18.43375015258789,368,24.708986282348633,76,86.465113818,118272.0,77,0.0,0.23247727751731873,0.2672785520553589,1.0
0.0221354179084301,0.08350357413291931,1746197469.512758,0.23498988151550293,0.00030459946719929576,18.43375015258789,408,23.986330032348633,81,88.143516146,125952.0,82,0.0,0.20836803317070007,0.3128221333026886,1.0
0.02343750186264515,0.08350357413291931,1746197470.8598793,0.15165171027183533,0.00030459946719929576,18.43375015258789,440,24.78255271911621,85,89.490623716,132096.0,86,0.0,0.23099443316459656,0.27555352449417114,1.0
0.02539062686264515,0.08350357413291931,1746197473.5554068,0.2711092531681061,0.00030459946719929576,18.43375015258789,504,22.356121063232422,93,92.186163338,144384.0,94,0.0,0.24815914034843445,0.23168456554412842,1.0
0.02083333395421505,0.08350357413291931,1746197474.2298298,0.1704951822757721,0.00030459946719929576,18.43375015258789,520,26.269533157348633,95,92.860576968,147456.0,96,0.01888020895421505,0.25080278515815735,0.2264987826347351,1.0
0.02669270895421505,0.08350357413291931,1746197475.915235,0.18428891897201538,0.00030459946719929576,18.43375015258789,560,22.71809959411621,100,94.545970266,155136.0,101,0.0,0.22933901846408844,0.2506561279296875,1.0
0.02539062686264515,0.08350357413291931,1746197483.6660836,0.31260186433792114,0.00030459946719929576,18.43375015258789,744,24.646486282348633,123,102.296819808,190464.0,124,0.0,0.26935210824012756,0.23449459671974182,1.0
0.02148437686264515,0.08350357413291931,1746197486.0247874,0.32672834396362305,0.00030459946719929576,18.43375015258789,800,24.684246063232422,130,104.655522357,201216.0,131,0.0,0.2377537190914154,0.21685494482517242,1.0
0.02278645895421505,0.08350357413291931,1746197490.4136357,0.25979378819465637,0.00030459946719929576,18.43375015258789,904,24.479167938232422,143,109.044417369,221184.0,144,0.0,0.23017005622386932,0.22770515084266663,1.0
0.02278645895421505,0.08350357413291931,1746197495.1335034,0.3448367118835449,0.00030459946719929576,18.43375015258789,1016,26.74349021911621,157,113.764239455,242688.0,158,0.0,0.2399609535932541,0.22560173273086548,1.0
0.02473958395421505,0.08350357413291931,1746197497.8278036,0.36010459065437317,0.00030459946719929576,18.43375015258789,1080,25.881511688232422,165,116.458548363,254976.0,166,0.0,0.2975524663925171,0.25517913699150085,1.0
0.02343750186264515,0.08350357413291931,1746197507.926477,0.5559161305427551,0.00030459946719929576,18.43375015258789,1320,25.87434959411621,195,126.557233179,301056.0,196,0.0,0.29862016439437866,0.26432421803474426,1.0
0.0240885429084301,0.08350357413291931,1746197522.419289,0.5995916724205017,0.00030459946719929576,18.43375015258789,1664,26.14778709411621,238,141.050026525,367104.0,239,0.0,0.26518452167510986,0.2240908443927765,1.0
0.0201822929084301,0.08350357413291931,1746197525.1082687,0.6442888975143433,0.00030459946719929576,18.43375015258789,1728,25.40755271911621,246,143.739003953,379392.0,247,0.0,0.28461143374443054,0.2267763316631317,1.0
0.0201822929084301,0.08350357413291931,1746197529.833343,0.5220955610275269,0.00030459946719929576,18.43375015258789,1840,26.70638084411621,260,148.464090042,400896.0,261,0.0279947929084301,0.3416638672351837,0.2058413326740265,1.0
0.02148437686264515,0.08350357413291931,1746197534.553298,0.43594232201576233,0.00030459946719929576,18.43375015258789,1952,25.744142532348633,274,153.184039408,422400.0,275,0.0240885429084301,0.30355843901634216,0.21644319593906403,1.0
0.0201822929084301,0.08350357413291931,1746197543.6482637,0.39017170667648315,0.00030459946719929576,18.43375015258789,2168,26.27083396911621,301,162.27901116,463872.0,302,0.0,0.30648213624954224,0.2554071247577667,1.0
0.0201822929084301,0.08350357413291931,1746197544.3207498,0.3754919171333313,0.00030459946719929576,18.43375015258789,2184,25.95442771911621,303,162.95152334,466944.0,304,0.0,0.30336278676986694,0.25455278158187866,1.0
0.0182291679084301,0.08350357413291931,1746197546.004936,0.3517955541610718,0.00030459946719929576,18.43375015258789,2224,27.615886688232422,308,164.635679308,474624.0,309,0.0,0.2819535732269287,0.252149760723114,1.0
0.02278645895421505,0.08350357413291931,1746197546.3417168,0.5599163770675659,0.00030459946719929576,18.43375015258789,2232,25.505861282348633,309,164.972466227,476160.0,310,0.0,0.3293769359588623,0.2759050726890564,1.0
0.0240885429084301,0.08350357413291931,1746197548.3651175,0.46507495641708374,0.00030459946719929576,18.43375015258789,2280,26.613283157348633,315,166.99588958,485376.0,316,0.0,0.2950628399848938,0.2722608149051666,1.0
0.01888020895421505,0.08350357413291931,1746197550.3862948,0.7431831359863281,0.00030459946719929576,18.43375015258789,2328,26.783855438232422,321,169.017054687,494592.0,322,0.01692708395421505,0.2959058880805969,0.275925874710083,1.0
0.02148437686264515,0.5605794191360474,1746197556.533391,0.6286420822143555,0.026025235652923584,41.02996826171875,2472,26.251955032348633,339,175.164132911,522240.0,340,0.0462239608168602,0.35417890548706055,0.25812169909477234,1.0
0.02148437686264515,0.5605794191360474,1746197562.9389288,0.6098182201385498,0.026025235652923584,41.02996826171875,2624,26.292970657348633,358,181.569688543,551424.0,359,0.0,0.29706016182899475,0.2377069890499115,1.0
0.01953125186264515,0.5605794191360474,1746197577.0879636,0.3612217307090759,0.026025235652923584,41.02996826171875,2960,25.97200584411621,400,195.718763797,615936.0,401,0.0,0.2683713734149933,0.18467456102371216,1.0
0.02148437686264515,0.5605794191360474,1746197580.7942693,0.27392736077308655,0.026025235652923584,41.02996826171875,3048,26.05599021911621,411,199.42502075,632832.0,412,0.0,0.33199477195739746,0.18014675378799438,1.0
0.01888020895421505,0.5605794191360474,1746197581.8882933,0.25974923372268677,0.026025235652923584,41.02996826171875,3072,25.692058563232422,414,200.519062805,637440.0,415,0.0,0.28828665614128113,0.1899908483028412,1.0
0.0221354179084301,0.5605794191360474,1746197589.2893002,0.46336162090301514,0.026025235652923584,41.02996826171875,3248,25.934246063232422,436,207.920036276,671232.0,437,0.00911458395421505,0.33251553773880005,0.20637574791908264,1.0
0.0221354179084301,0.5605794191360474,1746197593.6758058,0.2655559778213501,0.026025235652923584,41.02996826171875,3352,26.63216209411621,449,212.306576022,691200.0,450,0.01302083395421505,0.39523908495903015,0.2260301113128662,1.0
0.02278645895421505,0.5605794191360474,1746197595.024837,0.23669588565826416,0.026025235652923584,41.02996826171875,3384,25.97981834411621,453,213.655588689,697344.0,454,0.0,0.3397214412689209,0.2196018546819687,1.0
0.0201822929084301,0.5605794191360474,1746197606.1412568,0.48157620429992676,0.026025235652923584,41.02996826171875,3648,26.20052146911621,486,224.771975535,748032.0,487,0.015625,0.4107532203197479,0.24837926030158997,1.0
0.0221354179084301,0.5605794191360474,1746197615.2389245,0.2992018163204193,0.026025235652923584,41.02996826171875,3864,25.900392532348633,513,233.869657656,789504.0,514,0.0201822929084301,0.402778297662735,0.21578261256217957,1.0
0.0182291679084301,0.5605794191360474,1746197638.8293161,0.17838811874389648,0.026025235652923584,41.02996826171875,4424,30.104167938232422,583,257.46006297,897024.0,584,0.0260416679084301,0.3890943229198456,0.15893732011318207,1.0
0.02083333395421505,0.5605794191360474,1746197639.5040805,0.186257004737854,0.026025235652923584,41.02996826171875,4440,27.363933563232422,585,258.134841611,900096.0,586,0.004557291977107525,0.39996156096458435,0.16097785532474518,1.0
0.0201822929084301,0.5605794191360474,1746197640.5137875,0.19699367880821228,0.026025235652923584,41.02996826171875,4464,27.68684959411621,588,259.144540311,904704.0,589,0.0,0.4044514000415802,0.1662994623184204,1.0
0.014322916977107525,0.5605794191360474,1746197641.8616247,0.16747260093688965,0.026025235652923584,41.02996826171875,4496,27.535808563232422,592,260.492382942,910848.0,593,0.00390625,0.3008492887020111,0.15842905640602112,1.0
0.01953125186264515,0.5605794191360474,1746197644.8946357,0.2158212959766388,0.026025235652923584,41.02996826171875,4568,26.113283157348633,601,263.52538454,924672.0,602,0.0305989608168602,0.42305150628089905,0.18366791307926178,1.0
0.02083333395421505,0.5605794191360474,1746197646.917446,0.2420474886894226,0.026025235652923584,41.02996826171875,4616,26.02278709411621,607,265.548182425,933888.0,608,0.0416666679084301,0.4709523618221283,0.16716919839382172,1.0
0.0182291679084301,0.5605794191360474,1746197648.9385881,0.2574813663959503,0.026025235652923584,41.02996826171875,4664,27.902345657348633,613,267.56933402,943104.0,614,0.1067708358168602,0.4707137644290924,0.14009875059127808,1.0
0.01888020895421505,0.5605794191360474,1746197649.9497035,0.15899184346199036,0.026025235652923584,41.02996826171875,4688,25.670574188232422,616,268.580463152,947712.0,617,0.0416666679084301,0.46095573902130127,0.1754504144191742,1.0
0.02083333395421505,0.5962822437286377,1746197663.5125005,0.29820871353149414,0.056844547390937805,53.45707702636719,5008,25.50130271911621,656,282.143288761,1009152.0,657,0.0755208358168602,0.49042966961860657,0.14681518077850342,1.0
0.0182291679084301,0.5962822437286377,1746197664.1857038,0.25203996896743774,0.056844547390937805,53.45707702636719,5024,28.68880271911621,658,282.816430248,1012224.0,659,0.0013020833721384406,0.3099204897880554,0.14729921519756317,1.0
0.02083333395421505,0.5962822437286377,1746197664.8612041,0.3044159412384033,0.056844547390937805,53.45707702636719,5040,26.787761688232422,660,283.491926263,1015296.0,661,0.1399739682674408,0.5850063562393188,0.144087016582489,1.0
0.0182291679084301,0.5962822437286377,1746197675.3069575,0.6922184824943542,0.056844547390937805,53.45707702636719,5288,27.44075584411621,691,293.93770925,1062912.0,692,0.1087239608168602,0.5726434588432312,0.18026411533355713,1.0
0.0182291679084301,0.5962822437286377,1746197695.8588068,0.35276633501052856,0.056844547390937805,53.45707702636719,5776,28.287761688232422,752,314.489553322,1156608.0,753,0.2011718899011612,0.6488125324249268,0.2077021300792694,1.0
0.01953125186264515,0.5962822437286377,1746197696.5319328,0.5061208009719849,0.056844547390937805,53.45707702636719,5792,26.760417938232422,754,315.162682726,1159680.0,755,0.0703125,0.49431681632995605,0.19897371530532837,1.0
0.0201822929084301,0.5962822437286377,1746197698.5540025,0.49089616537094116,0.056844547390937805,53.45707702636719,5840,26.62239646911621,760,317.184756513,1168896.0,761,0.1992187649011612,0.6770801544189453,0.22543498873710632,1.0
0.01888020895421505,0.5962822437286377,1746197708.3300748,0.47334468364715576,0.056844547390937805,53.45707702636719,6072,26.613283157348633,789,326.960824927,1213440.0,790,0.2076822966337204,0.683018147945404,0.25434771180152893,1.0
0.014322916977107525,0.5962822437286377,1746197711.3607104,0.5286884307861328,0.056844547390937805,53.45707702636719,6144,28.039064407348633,798,329.991463472,1227264.0,799,0.1399739682674408,0.5878452658653259,0.29003745317459106,1.0
0.015625,0.5962822437286377,1746197712.712039,0.5013414621353149,0.056844547390937805,53.45707702636719,6176,27.18099021911621,802,331.342837201,1233408.0,803,0.1080729216337204,0.5207104086875916,0.2572999894618988,1.0
0.014322916977107525,0.5962822437286377,1746197714.7341266,0.46876293420791626,0.056844547390937805,53.45707702636719,6224,25.531251907348633,808,333.364865342,1242624.0,809,0.1087239608168602,0.4730795919895172,0.2887924611568451,1.0
0.017578125,0.5962822437286377,1746197715.071173,0.5410022139549255,0.056844547390937805,53.45707702636719,6232,28.95442771911621,809,333.70190355,1244160.0,810,0.0911458358168602,0.47949862480163574,0.30883193016052246,1.0
0.01888020895421505,0.5962822437286377,1746197717.763613,0.45495426654815674,0.056844547390937805,53.45707702636719,6296,26.42903709411621,817,336.394369923,1256448.0,818,0.0768229216337204,0.4467299282550812,0.27018898725509644,1.0
0.01692708395421505,0.5962822437286377,1746197719.110452,0.4710521996021271,0.056844547390937805,53.45707702636719,6328,27.853517532348633,821,337.741203544,1262592.0,822,0.1549479216337204,0.5705124735832214,0.31433218717575073,1.0
0.012369791977107525,0.5962822437286377,1746197723.4928718,0.46674925088882446,0.056844547390937805,53.45707702636719,6432,25.38606834411621,834,342.123643546,1282560.0,835,0.0781250074505806,0.4123869240283966,0.2785440683364868,1.0
0.017578125,0.5962822437286377,1746197725.852246,0.8118912577629089,0.056844547390937805,53.45707702636719,6488,27.438152313232422,841,344.482989984,1293312.0,842,0.1217447966337204,0.5448827743530273,0.308276504278183,1.0
0.01497395895421505,0.5962822437286377,1746197726.86359,0.9342911243438721,0.056844547390937805,53.45707702636719,6512,26.760417938232422,844,345.49435384,1297920.0,845,0.1197916716337204,0.5007012486457825,0.29150399565696716,1.0
0.0162760429084301,0.5962822437286377,1746197733.3072932,0.6032411456108093,0.056844547390937805,53.45707702636719,6664,25.008464813232422,863,351.938021171,1327104.0,864,0.02929687686264515,0.381120502948761,0.2519283592700958,1.0
0.0182291679084301,0.5962822437286377,1746197736.3384259,0.5487370491027832,0.056844547390937805,53.45707702636719,6736,28.11067771911621,872,354.969171402,1340928.0,873,0.1048177108168602,0.5325426459312439,0.24425867199897766,1.0
0.01302083395421505,0.5962822437286377,1746197749.4787562,1.0593657493591309,0.056844547390937805,53.45707702636719,7048,28.045574188232422,911,368.109517475,1400832.0,912,0.0579427108168602,0.41049081087112427,0.31131547689437866,1.0
0.017578125,0.5962822437286377,1746197753.1852102,0.6807933449745178,0.056844547390937805,53.45707702636719,7136,25.432292938232422,922,371.815923611,1417728.0,923,0.068359375,0.5073592662811279,0.2508724331855774,1.0
0.01692708395421505,0.5962822437286377,1746197753.520897,0.697618842124939,0.056844547390937805,53.45707702636719,7144,28.195964813232422,923,372.151666875,1419264.0,924,0.1230468824505806,0.5780425071716309,0.2666420638561249,1.0
0.017578125,0.5962822437286377,1746197755.206188,0.6253339052200317,0.056844547390937805,53.45707702636719,7184,26.84895896911621,928,373.836918,1426944.0,929,0.1718750149011612,0.6568800210952759,0.25383251905441284,1.0
0.017578125,0.5962822437286377,1746197758.9216561,0.7792878150939941,0.056844547390937805,53.45707702636719,7272,27.441408157348633,939,377.552405855,1443840.0,940,0.0833333358168602,0.4594363272190094,0.2800171971321106,1.0
0.01888020895421505,0.5962822437286377,1746197761.280943,1.0218701362609863,0.056844547390937805,53.45707702636719,7328,24.947267532348633,946,379.911686432,1454592.0,947,0.0403645858168602,0.3741801083087921,0.27934813499450684,1.0
0.017578125,0.5962822437286377,1746197762.9711566,0.7348966002464294,0.056844547390937805,53.45707702636719,7368,27.156251907348633,951,381.6019039,1462272.0,952,0.2180989682674408,0.6979325413703918,0.251020610332489,1.0
0.0201822929084301,0.5962822437286377,1746197763.982734,0.7881013751029968,0.056844547390937805,53.45707702636719,7392,27.470705032348633,954,382.613479752,1466880.0,955,0.1464843899011612,0.6010948419570923,0.24398766458034515,1.0
0.01692708395421505,0.5962822437286377,1746197765.329659,0.8014209270477295,0.056844547390937805,53.45707702636719,7424,27.942058563232422,958,383.960423779,1473024.0,959,0.1946614682674408,0.6956512331962585,0.2481357753276825,1.0
0.013671875931322575,1.0271685123443604,1746197771.1375158,0.8449862003326416,0.28375735878944397,47.562625885009766,7560,25.01692771911621,975,389.76826469,1499136.0,976,0.130859375,0.4805486798286438,0.2419702708721161,1.0
0.015625,1.0271685123443604,1746197773.5030153,0.8171371817588806,0.28375735878944397,47.562625885009766,7616,25.29817771911621,982,392.133783693,1509888.0,983,0.1074218824505806,0.4695341885089874,0.2537379562854767,1.0
0.01888020895421505,1.0271685123443604,1746197773.8396847,1.0039279460906982,0.28375735878944397,47.562625885009766,7624,27.01497459411621,983,392.4704497,1511424.0,984,0.1516927182674408,0.5821248888969421,0.2566158175468445,1.0
0.02148437686264515,1.0271685123443604,1746197775.188818,0.9317119717597961,0.28375735878944397,47.562625885009766,7656,27.826824188232422,987,393.819578696,1517568.0,988,0.255859375,0.7920383810997009,0.25596922636032104,1.0
0.0162760429084301,1.0271685123443604,1746197778.559564,1.106708288192749,0.28375735878944397,47.562625885009766,7736,29.101564407348633,997,397.190312432,1532928.0,998,0.2050781399011612,0.6763947606086731,0.23382671177387238,1.0
0.01953125186264515,1.0271685123443604,1746197779.2328305,1.163156509399414,0.28375735878944397,47.562625885009766,7752,25.139324188232422,999,397.863597898,1536000.0,1000,0.1315104216337204,0.6098154783248901,0.24810734391212463,1.0
0.01692708395421505,1.0271685123443604,1746197788.6653907,0.713054895401001,0.28375735878944397,47.562625885009766,7976,27.127605438232422,1027,407.296127506,1579008.0,1028,0.0377604179084301,0.4514159560203552,0.23630604147911072,1.0
0.017578125,1.0271685123443604,1746197791.7032347,0.7835733890533447,0.28375735878944397,47.562625885009766,8048,26.73372459411621,1036,410.333976581,1592832.0,1037,0.2044270932674408,0.6311127543449402,0.22075267136096954,1.0
0.015625,1.0271685123443604,1746197802.1680334,0.8078216314315796,0.28375735878944397,47.562625885009766,8296,27.044923782348633,1067,420.798785739,1640448.0,1068,0.1399739682674408,0.5842645168304443,0.2156812846660614,1.0
0.01497395895421505,1.0271685123443604,1746197803.1805077,0.919060468673706,0.28375735878944397,47.562625885009766,8320,28.730470657348633,1070,421.811245551,1645056.0,1071,0.2584635615348816,0.7326070666313171,0.25815922021865845,1.0
0.01888020895421505,1.0271685123443604,1746197803.854842,1.2063254117965698,0.28375735878944397,47.562625885009766,8336,28.967449188232422,1072,422.485589277,1648128.0,1073,0.1601562649011612,0.6342425346374512,0.22696727514266968,1.0
0.017578125,1.0271685123443604,1746197805.8802876,1.285266637802124,0.28375735878944397,47.562625885009766,8384,26.444011688232422,1078,424.51103769,1657344.0,1079,0.1113281324505806,0.5321946144104004,0.2542034089565277,1.0
0.0162760429084301,1.0271685123443604,1746197812.9576,0.879928469657898,0.28375735878944397,47.562625885009766,8552,29.07552146911621,1099,431.588342395,1689600.0,1100,0.1640625149011612,0.6717305779457092,0.21126532554626465,1.0
0.01888020895421505,1.0271685123443604,1746197818.346756,1.2021297216415405,0.28375735878944397,47.562625885009766,8680,26.887371063232422,1115,436.977555488,1714176.0,1116,0.064453125,0.4714033007621765,0.26282569766044617,1.0
0.01497395895421505,1.0271685123443604,1746197820.0321403,1.1480870246887207,0.28375735878944397,47.562625885009766,8720,26.74349021911621,1120,438.662945094,1721856.0,1121,0.1653645932674408,0.5727978348731995,0.258637398481369,1.0
0.01692708395421505,1.0271685123443604,1746197821.380577,1.0120230913162231,0.28375735878944397,47.562625885009766,8752,28.68294334411621,1124,440.011337488,1728000.0,1125,0.1868489682674408,0.6227482557296753,0.2868213653564453,1.0
0.015625,1.0271685123443604,1746197824.0819757,0.7788063287734985,0.28375735878944397,47.562625885009766,8816,26.500001907348633,1132,442.712737355,1740288.0,1133,0.2161458432674408,0.65851229429245,0.28245458006858826,1.0
0.017578125,1.0271685123443604,1746197824.7544868,0.7193179130554199,0.28375735878944397,47.562625885009766,8832,29.310548782348633,1134,443.385232407,1743360.0,1135,0.3072916865348816,0.8634711503982544,0.26417189836502075,1.0
0.017578125,1.0271685123443604,1746197831.1581023,0.754991888999939,0.28375735878944397,47.562625885009766,8984,25.578126907348633,1153,449.788869964,1772544.0,1154,0.1575520932674408,0.6274925470352173,0.28025156259536743,1.0
0.017578125,1.0271685123443604,1746197833.8568797,0.6880996227264404,0.28375735878944397,47.562625885009766,9048,27.111980438232422,1161,452.487625204,1784832.0,1162,0.1516927182674408,0.6303274035453796,0.27404022216796875,1.0
0.0201822929084301,1.0271685123443604,1746197837.8950026,0.6697334051132202,0.28375735878944397,47.562625885009766,9144,27.376955032348633,1173,456.525762013,1803264.0,1174,0.3196614682674408,0.858467161655426,0.2820025682449341,1.0
0.01953125186264515,1.0271685123443604,1746197845.9827392,0.8639864325523376,0.28375735878944397,47.562625885009766,9336,27.00716209411621,1197,464.613474102,1840128.0,1198,0.2825520932674408,0.8004351854324341,0.2571132779121399,1.0
0.01953125186264515,1.0271685123443604,1746197847.3300695,0.5289024114608765,0.28375735878944397,47.562625885009766,9368,27.800783157348633,1201,465.960816962,1846272.0,1202,0.2740885615348816,0.7811108231544495,0.22943603992462158,1.0
0.0182291679084301,1.0271685123443604,1746197848.0050187,0.6025906801223755,0.28375735878944397,47.562625885009766,9384,26.11653709411621,1203,466.635750151,1849344.0,1204,0.2395833432674408,0.7203205227851868,0.2524554133415222,1.0
0.0182291679084301,1.0271685123443604,1746197851.3771572,0.5356967449188232,0.28375735878944397,47.562625885009766,9464,28.11067771911621,1213,470.007904913,1864704.0,1214,0.3235677182674408,0.9088807702064514,0.2594297528266907,1.0
0.02278645895421505,1.0271685123443604,1746197854.0753055,0.6312624216079712,0.28375735878944397,47.562625885009766,9528,25.169923782348633,1221,472.706040222,1876992.0,1222,0.283203125,0.7855154871940613,0.2760921120643616,1.0
0.0182291679084301,1.0271685123443604,1746197854.4134667,0.6181056499481201,0.28375735878944397,47.562625885009766,9536,27.430339813232422,1222,473.044223786,1878528.0,1223,0.2571614682674408,0.7638434767723083,0.24925661087036133,1.0
0.017578125,1.0271685123443604,1746197871.2745085,0.817036509513855,0.28375735878944397,47.562625885009766,9936,28.69661521911621,1272,489.905274778,1955328.0,1273,0.2272135466337204,0.7921804785728455,0.2970101237297058,1.0
0.01692708395421505,1.0271685123443604,1746197873.6382797,0.7406601905822754,0.28375735878944397,47.562625885009766,9992,27.647136688232422,1279,492.269021421,1966080.0,1280,0.2942708432674408,0.8688827753067017,0.28047680854797363,1.0
0.01692708395421505,1.0271685123443604,1746197874.3127434,0.8244031667709351,0.28375735878944397,47.562625885009766,10008,28.17122459411621,1281,492.943500376,1969152.0,1282,0.2936198115348816,0.8875115513801575,0.2860735058784485,1.0
0.0182291679084301,1.0271685123443604,1746197877.390474,0.8120936751365662,0.28375735878944397,47.562625885009766,10080,26.168621063232422,1290,496.021268671,1982976.0,1291,0.1783854216337204,0.6343169808387756,0.2824392020702362,1.0
0.015625,1.0271685123443604,1746197878.402943,0.728073239326477,0.28375735878944397,47.562625885009766,10104,26.74544334411621,1293,497.03368671,1987584.0,1294,0.1927083432674408,0.6891483068466187,0.24981164932250977,1.0
0.01953125186264515,1.0271685123443604,1746197879.0787137,0.7352110147476196,0.28375735878944397,47.562625885009766,10120,27.858074188232422,1295,497.709478285,1990656.0,1296,0.2408854365348816,0.7885521054267883,0.2530127763748169,1.0
0.01953125186264515,1.0271685123443604,1746197879.414387,0.690596342086792,0.28375735878944397,47.562625885009766,10128,27.29427146911621,1296,498.045122945,1992192.0,1297,0.2239583432674408,0.7282198071479797,0.2573511600494385,1.0
0.0182291679084301,1.293526291847229,1746197898.7052023,0.627923846244812,0.46775582432746887,44.16337203979492,10584,26.25911521911621,1353,517.335943719,2079744.0,1354,0.3170573115348816,0.8225717544555664,0.20585253834724426,1.0
0.0182291679084301,1.293526291847229,1746197902.4177508,0.6681170463562012,0.46775582432746887,44.16337203979492,10672,27.67708396911621,1364,521.048520595,2096640.0,1365,0.1204427182674408,0.5301114916801453,0.19260349869728088,1.0
0.01497395895421505,1.293526291847229,1746197902.754832,0.6163463592529297,0.46775582432746887,44.16337203979492,10680,27.504558563232422,1365,521.385664918,2098176.0,1366,0.2955729365348816,0.7751213908195496,0.21180227398872375,1.0
0.02083333395421505,1.293526291847229,1746197907.817598,0.6104841232299805,0.46775582432746887,44.16337203979492,10800,24.582033157348633,1380,526.448365828,2121216.0,1381,0.1634114682674408,0.5847247242927551,0.21600887179374695,1.0
0.0182291679084301,1.293526291847229,1746197909.1672122,0.6425820589065552,0.46775582432746887,44.16337203979492,10832,26.354167938232422,1384,527.797929703,2127360.0,1385,0.1914062649011612,0.6523758769035339,0.2141125500202179,1.0
0.0201822929084301,1.293526291847229,1746197913.2094805,0.47197073698043823,0.46775582432746887,44.16337203979492,10928,27.128908157348633,1396,531.84022717,2145792.0,1397,0.2897135615348816,0.8196946978569031,0.254231333732605,1.0
0.0162760429084301,1.293526291847229,1746197917.5917706,0.5445175170898438,0.46775582432746887,44.16337203979492,11032,27.63020896911621,1409,536.222524341,2165760.0,1410,0.2454427182674408,0.7586963772773743,0.24681901931762695,1.0
0.017578125,1.293526291847229,1746197922.6504464,0.8118284940719604,0.46775582432746887,44.16337203979492,11152,27.896486282348633,1424,541.281217889,2188800.0,1425,0.3789062798023224,0.9677808880805969,0.2489854097366333,1.0
0.015625,1.293526291847229,1746197927.364598,0.7310129404067993,0.46775582432746887,44.16337203979492,11264,27.890626907348633,1438,545.995362805,2210304.0,1439,0.2402343899011612,0.7107815146446228,0.260879784822464,1.0
0.01953125186264515,1.293526291847229,1746197927.7004836,0.7189152240753174,0.46775582432746887,44.16337203979492,11272,27.063152313232422,1439,546.331232279,2211840.0,1440,0.2513020932674408,0.7679380178451538,0.26330995559692383,1.0
0.0162760429084301,1.293526291847229,1746197929.3862917,0.7323416471481323,0.46775582432746887,44.16337203979492,11312,28.894533157348633,1444,548.017033693,2219520.0,1445,0.2688802182674408,0.7805350422859192,0.2540222108364105,1.0
0.0182291679084301,1.293526291847229,1746197930.3969934,0.7489089369773865,0.46775582432746887,44.16337203979492,11336,28.420574188232422,1447,549.027732224,2224128.0,1448,0.3587239682674408,0.9400953054428101,0.24336713552474976,1.0
0.01888020895421505,1.293526291847229,1746197939.1573217,0.6954390406608582,0.46775582432746887,44.16337203979492,11544,28.58333396911621,1473,557.788046768,2264064.0,1474,0.2949219048023224,0.8180861473083496,0.26737532019615173,1.0
0.01953125186264515,1.293526291847229,1746197946.9099789,0.6903488636016846,0.46775582432746887,44.16337203979492,11728,26.103517532348633,1496,565.5407204,2299392.0,1497,0.2083333432674408,0.6766505241394043,0.24256330728530884,1.0
0.0182291679084301,1.293526291847229,1746197948.2585168,0.6739397048950195,0.46775582432746887,44.16337203979492,11760,27.69661521911621,1500,566.88924956,2305536.0,1501,0.3860677182674408,0.9620208740234375,0.2514891028404236,1.0
0.017578125,1.293526291847229,1746197950.9534745,0.6892719268798828,0.46775582432746887,44.16337203979492,11824,26.885417938232422,1508,569.584221617,2317824.0,1509,0.2421875149011612,0.7366564869880676,0.22547408938407898,1.0
0.0182291679084301,1.293526291847229,1746197957.3703215,0.5111743211746216,0.46775582432746887,44.16337203979492,11976,28.24934959411621,1527,576.001048622,2347008.0,1528,0.3430989682674408,0.9359094500541687,0.23512202501296997,1.0
0.0182291679084301,1.293526291847229,1746197958.0440795,0.510751485824585,0.46775582432746887,44.16337203979492,11992,27.133464813232422,1529,576.674805583,2350080.0,1530,0.3639323115348816,0.9212191700935364,0.21629634499549866,1.0
0.02148437686264515,1.293526291847229,1746197965.1182082,0.5235678553581238,0.46775582432746887,44.16337203979492,12160,27.166667938232422,1550,583.748929579,2382336.0,1551,0.3411458432674408,0.9186333417892456,0.22702045738697052,1.0
0.0182291679084301,1.293526291847229,1746197971.8672855,0.7446918487548828,0.46775582432746887,44.16337203979492,12320,25.078777313232422,1570,590.498042547,2413056.0,1571,0.3470052182674408,0.8947508335113525,0.24971331655979156,1.0
0.01692708395421505,1.293526291847229,1746197972.2051475,0.6819125413894653,0.46775582432746887,44.16337203979492,12328,27.01106834411621,1571,590.835886912,2414592.0,1572,0.2916666865348816,0.7724520564079285,0.2214840054512024,1.0
0.0201822929084301,1.293526291847229,1746197978.619008,0.49574488401412964,0.46775582432746887,44.16337203979492,12480,28.822917938232422,1590,597.249765476,2443776.0,1591,0.3964844048023224,1.004441261291504,0.20857295393943787,1.0
0.0182291679084301,1.293526291847229,1746197984.6957285,0.590316653251648,0.46775582432746887,44.16337203979492,12624,27.28255271911621,1608,603.326487534,2471424.0,1609,0.1588541716337204,0.5903796553611755,0.28408870100975037,1.0
0.0162760429084301,1.293526291847229,1746197986.0463543,0.6034751534461975,0.46775582432746887,44.16337203979492,12656,26.816408157348633,1612,604.677083349,2477568.0,1613,0.2089843899011612,0.696574866771698,0.2793452739715576,1.0
0.0201822929084301,1.3092135190963745,1746198007.715261,0.616390585899353,0.4898989796638489,43.5328254699707,13168,27.68684959411621,1676,626.345990377,2575872.0,1677,0.3587239682674408,0.9045373797416687,0.3531496524810791,0.9999999403953552
0.017578125,1.3092135190963745,1746198012.0979202,0.8075011968612671,0.4898989796638489,43.5328254699707,13272,28.264324188232422,1689,630.728673074,2595840.0,1690,0.2024739682674408,0.6910960078239441,0.32689711451530457,0.9999999403953552
0.0201822929084301,1.3092135190963745,1746198016.8087895,0.6007453799247742,0.4898989796638489,43.5328254699707,13384,27.31184959411621,1703,635.439549026,2617344.0,1704,0.3040364682674408,0.8536494374275208,0.29081499576568604,0.9999999403953552
0.01888020895421505,1.3092135190963745,1746198026.6200445,0.6363740563392639,0.4898989796638489,43.5328254699707,13616,27.564455032348633,1732,645.250800025,2661888.0,1733,0.1608072966337204,0.6512504816055298,0.25669461488723755,0.9999999403953552
0.0201822929084301,1.3092135190963745,1746198029.9903147,0.5179140567779541,0.4898989796638489,43.5328254699707,13696,26.328126907348633,1742,648.621044411,2677248.0,1743,0.3619791865348816,0.9129420518875122,0.22516565024852753,0.9999999403953552
0.01953125186264515,1.3092135190963745,1746198032.3502595,0.5634779930114746,0.4898989796638489,43.5328254699707,13752,26.209636688232422,1749,650.980998334,2688000.0,1750,0.2421875149011612,0.7441523671150208,0.21403250098228455,0.9999999403953552
0.01888020895421505,1.3092135190963745,1746198037.4083128,0.4426749348640442,0.4898989796638489,43.5328254699707,13872,28.748048782348633,1764,656.039045698,2711040.0,1765,0.3216145932674408,0.8243850469589233,0.21928170323371887,0.9999999403953552
0.01888020895421505,1.3092135190963745,1746198039.430005,0.4747875928878784,0.4898989796638489,43.5328254699707,13920,28.094402313232422,1770,658.060742882,2720256.0,1771,0.2167968899011612,0.7130874991416931,0.2193264365196228,0.9999999403953552
0.01692708395421505,1.3092135190963745,1746198044.1393197,0.6537731289863586,0.4898989796638489,43.5328254699707,14032,28.031251907348633,1784,662.770045802,2741760.0,1785,0.2643229365348816,0.8064542412757874,0.21049357950687408,0.9999999403953552
0.0182291679084301,1.3092135190963745,1746198044.8106785,0.6712167263031006,0.4898989796638489,43.5328254699707,14048,28.753908157348633,1786,663.441412465,2744832.0,1787,0.3261719048023224,0.875035285949707,0.23967842757701874,0.9999999403953552
0.01692708395421505,1.3092135190963745,1746198046.1591396,0.6721900701522827,0.4898989796638489,43.5328254699707,14080,27.103517532348633,1790,664.789867122,2750976.0,1791,0.2070312649011612,0.6598160266876221,0.23605474829673767,0.9999999403953552
0.01953125186264515,1.3092135190963745,1746198047.8426049,0.5334912538528442,0.4898989796638489,43.5328254699707,14120,28.303386688232422,1795,666.473361469,2758656.0,1796,0.3105469048023224,0.8290485143661499,0.24541860818862915,0.9999999403953552
0.017578125,1.3092135190963745,1746198051.5530105,0.5398246645927429,0.4898989796638489,43.5328254699707,14208,26.779298782348633,1806,670.183731906,2775552.0,1807,0.2109375149011612,0.6521227955818176,0.22265709936618805,0.9999999403953552
0.0182291679084301,1.3092135190963745,1746198054.933898,0.5855827927589417,0.4898989796638489,43.5328254699707,14288,27.259767532348633,1816,673.564636222,2790912.0,1817,0.2395833432674408,0.7067162394523621,0.25653794407844543,0.9999999403953552
0.01953125186264515,1.3092135190963745,1746198055.6094732,0.5859809517860413,0.4898989796638489,43.5328254699707,14304,25.72786521911621,1818,674.240242256,2793984.0,1819,0.2089843899011612,0.6893242597579956,0.2605549097061157,0.9999999403953552
0.01953125186264515,1.3092135190963745,1746198058.9853394,0.5973881483078003,0.4898989796638489,43.5328254699707,14384,27.289064407348633,1828,677.61614384,2809344.0,1829,0.2486979365348816,0.7863972187042236,0.24933862686157227,0.9999999403953552
0.01692708395421505,1.3092135190963745,1746198060.3372402,0.5431438684463501,0.4898989796638489,43.5328254699707,14416,27.929689407348633,1832,678.967963555,2815488.0,1833,0.2363281399011612,0.7417970299720764,0.22814328968524933,0.9999999403953552
0.01888020895421505,1.3092135190963745,1746198070.7801058,0.5048158168792725,0.4898989796638489,43.5328254699707,14664,27.467449188232422,1863,689.410845401,2863104.0,1864,0.2962239682674408,0.8309001326560974,0.22324280440807343,0.9999999403953552
0.015625,1.3092135190963745,1746198075.4964216,0.5895746946334839,0.4898989796638489,43.5328254699707,14776,26.220705032348633,1877,694.127171179,2884608.0,1878,0.3444010615348816,0.8602339625358582,0.21211111545562744,0.9999999403953552
0.01888020895421505,1.3092135190963745,1746198079.5429337,0.5778164863586426,0.4898989796638489,43.5328254699707,14872,29.435548782348633,1889,698.173685413,2903040.0,1890,0.2259114682674408,0.7301180958747864,0.2232021540403366,0.9999999403953552
0.017578125,1.3092135190963745,1746198086.9564269,0.6186378002166748,0.4898989796638489,43.5328254699707,15048,28.777345657348633,1911,705.587157172,2936832.0,1912,0.2988281548023224,0.7973873615264893,0.2503049969673157,0.9999999403953552
0.01692708395421505,1.3092135190963745,1746198099.0928164,0.644281804561615,0.4898989796638489,43.5328254699707,15336,29.082683563232422,1947,717.723557665,2992128.0,1948,0.3053385615348816,0.8634600639343262,0.2501046061515808,0.9999999403953552
0.01692708395421505,1.3535749912261963,1746198101.8678284,0.6791365146636963,0.5155332088470459,44.1511344909668,15400,28.55013084411621,1955,720.498569063,3004416.0,1956,0.267578125,0.7765583395957947,0.2845613360404968,1.0
0.01953125186264515,1.3535749912261963,1746198104.239424,0.7177658677101135,0.5155332088470459,44.1511344909668,15456,27.30208396911621,1962,722.870157779,3015168.0,1963,0.25,0.734529972076416,0.289786159992218,1.0
0.01888020895421505,1.3535749912261963,1746198106.9373326,0.7743287086486816,0.5155332088470459,44.1511344909668,15520,28.170574188232422,1970,725.568274273,3027456.0,1971,0.2949219048023224,0.8616496324539185,0.29717427492141724,1.0
0.01953125186264515,1.3535749912261963,1746198111.651804,0.6494179964065552,0.5155332088470459,44.1511344909668,15632,27.57942771911621,1984,730.282549077,3048960.0,1985,0.3359375298023224,0.9044840931892395,0.30470073223114014,1.0
0.01888020895421505,1.3535749912261963,1746198115.0245364,0.6840533018112183,0.5155332088470459,44.1511344909668,15712,27.13997459411621,1994,733.655300449,3064320.0,1995,0.1777343899011612,0.6866403818130493,0.29420506954193115,1.0
0.01953125186264515,1.3535749912261963,1746198116.3699794,0.6091318130493164,0.5155332088470459,44.1511344909668,15744,28.449220657348633,1998,735.000732094,3070464.0,1999,0.2395833432674408,0.7716853022575378,0.30832427740097046,1.0
0.01888020895421505,1.3535749912261963,1746198117.3835945,0.6203558444976807,0.5155332088470459,44.1511344909668,15768,28.475261688232422,2001,736.014351948,3075072.0,2002,0.3795573115348816,0.940510094165802,0.3217281699180603,1.0
0.0182291679084301,1.3535749912261963,1746198119.405233,0.6192266941070557,0.5155332088470459,44.1511344909668,15816,27.78841209411621,2007,738.035961777,3084288.0,2008,0.267578125,0.7420860528945923,0.3393738269805908,1.0
0.01692708395421505,1.3535749912261963,1746198120.7527125,0.6086828708648682,0.5155332088470459,44.1511344909668,15848,26.61263084411621,2011,739.383463974,3090432.0,2012,0.2571614682674408,0.7224805355072021,0.3141104578971863,1.0
0.01692708395421505,1.3535749912261963,1746198122.1018844,0.7008777856826782,0.5155332088470459,44.1511344909668,15880,29.39192771911621,2015,740.732610798,3096576.0,2016,0.3834635615348816,0.945115864276886,0.29576143622398376,1.0
0.0162760429084301,1.3535749912261963,1746198124.4569073,0.6772403717041016,0.5155332088470459,44.1511344909668,15936,29.14583396911621,2022,743.087642602,3107328.0,2023,0.1940104216337204,0.662018358707428,0.26976266503334045,1.0
0.01692708395421505,1.3535749912261963,1746198127.8194513,0.6251554489135742,0.5155332088470459,44.1511344909668,16016,28.332683563232422,2032,746.450188132,3122688.0,2033,0.1022135466337204,0.5712713003158569,0.2823621928691864,1.0
0.01497395895421505,1.3535749912261963,1746198131.189846,0.7870409488677979,0.5155332088470459,44.1511344909668,16096,30.503908157348633,2042,749.820599319,3138048.0,2043,0.3678385615348816,0.9137960076332092,0.29438352584838867,1.0
0.017578125,1.3535749912261963,1746198141.2977595,0.4702797830104828,0.5155332088470459,44.1511344909668,16336,30.097658157348633,2072,759.928524939,3184128.0,2073,0.3242187798023224,0.8280578851699829,0.25983840227127075,1.0
0.01953125186264515,1.3535749912261963,1746198142.308259,0.5467326641082764,0.5155332088470459,44.1511344909668,16360,26.044923782348633,2075,760.939003265,3188736.0,2076,0.27734375,0.7648676037788391,0.24312998354434967,1.0
0.02278645895421505,1.3535749912261963,1746198142.6460593,0.49824059009552,0.5155332088470459,44.1511344909668,16368,26.59700584411621,2076,761.27681673,3190272.0,2077,0.3346354365348816,0.9111624956130981,0.25371935963630676,1.0
0.01888020895421505,1.3535749912261963,1746198151.0677314,0.48608720302581787,0.5155332088470459,44.1511344909668,16568,28.643230438232422,2101,769.698486039,3228672.0,2102,0.3320312798023224,0.8886657953262329,0.25369730591773987,1.0
0.01888020895421505,1.3535749912261963,1746198156.134497,0.5345999002456665,0.5155332088470459,44.1511344909668,16688,28.492189407348633,2116,774.765222704,3251712.0,2117,0.2962239682674408,0.8484818935394287,0.25899288058280945,1.0
0.0182291679084301,1.3535749912261963,1746198172.365243,0.5071710348129272,0.5155332088470459,44.1511344909668,17072,26.54622459411621,2164,790.995981107,3325440.0,2165,0.3027344048023224,0.8582236170768738,0.2480510026216507,1.0
0.01692708395421505,1.3535749912261963,1746198174.7267306,0.5110446810722351,0.5155332088470459,44.1511344909668,17128,28.313152313232422,2171,793.357502412,3336192.0,2172,0.3645833432674408,0.9108737111091614,0.2660726010799408,1.0
0.013671875931322575,1.3535749912261963,1746198175.7380903,0.524011492729187,0.5155332088470459,44.1511344909668,17152,27.783855438232422,2174,794.368847286,3340800.0,2175,0.3157552182674408,0.8753455877304077,0.2660503387451172,1.0
0.0182291679084301,1.3535749912261963,1746198178.4356554,0.48488378524780273,0.5155332088470459,44.1511344909668,17216,27.455730438232422,2182,797.066410067,3353088.0,2183,0.2493489682674408,0.751876175403595,0.2830737233161926,1.0
0.0182291679084301,1.3535749912261963,1746198179.1113384,0.470104455947876,0.5155332088470459,44.1511344909668,17232,27.097658157348633,2184,797.742085277,3356160.0,2185,0.2467448115348816,0.7108290195465088,0.2685093283653259,1.0
0.01692708395421505,1.3535749912261963,1746198188.8824654,0.5931106805801392,0.5155332088470459,44.1511344909668,17464,28.375001907348633,2213,807.513201239,3400704.0,2214,0.1881510466337204,0.6471877098083496,0.28518861532211304,1.0
0.0162760429084301,1.3535749912261963,1746198192.9305875,0.5855225920677185,0.5155332088470459,44.1511344909668,17560,28.013673782348633,2225,811.561345807,3419136.0,2226,0.3645833432674408,0.9178492426872253,0.2984449565410614,1.0
0.017578125,1.3535749912261963,1746198193.9403794,0.5829169750213623,0.5155332088470459,44.1511344909668,17584,28.994142532348633,2228,812.571118791,3423744.0,2229,0.4127604365348816,0.9691659808158875,0.3077467978000641,1.0
0.0201822929084301,1.3535749912261963,1746198194.2770994,0.5940374732017517,0.5155332088470459,44.1511344909668,17592,27.138673782348633,2229,812.90783903,3425280.0,2230,0.1555989682674408,0.6764548420906067,0.2915413975715637,1.0
0.017578125,1.3535749912261963,1746198206.0678453,0.6694544553756714,0.5155332088470459,44.1511344909668,17872,28.502605438232422,2264,824.698610125,3479040.0,2265,0.3046875298023224,0.8189125657081604,0.35039710998535156,1.0
0.01692708395421505,1.3535749912261963,1746198206.740972,0.6730773448944092,0.5155332088470459,44.1511344909668,17888,29.865236282348633,2266,825.371722773,3482112.0,2267,0.1679687649011612,0.642078161239624,0.3550887703895569,1.0
0.0182291679084301,1.3535749912261963,1746198207.077963,0.6614064574241638,0.5155332088470459,44.1511344909668,17896,25.168621063232422,2267,825.708705227,3483648.0,2268,0.1627604216337204,0.6345331072807312,0.32148975133895874,1.0
0.015625,1.3050436973571777,1746198212.216585,0.5777106285095215,0.49395349621772766,47.826045989990234,18016,30.40950584411621,2282,830.847331052,3506688.0,2283,0.2858073115348816,0.7754853367805481,0.35144758224487305,1.0
0.01497395895421505,1.3050436973571777,1746198216.5956833,0.5949726104736328,0.49395349621772766,47.826045989990234,18120,28.772136688232422,2295,835.226424665,3526656.0,2296,0.3580729365348816,0.8710923790931702,0.35861432552337646,1.0
0.017578125,1.3050436973571777,1746198220.6372972,0.5696206092834473,0.49395349621772766,47.826045989990234,18216,29.65364646911621,2307,839.268038825,3545088.0,2308,0.4147135615348816,0.9478408098220825,0.31594234704971313,1.0
0.015625,1.3050436973571777,1746198230.4165914,0.5032007694244385,0.49395349621772766,47.826045989990234,18448,28.86067771911621,2336,849.047334181,3589632.0,2337,0.2408854365348816,0.6629427671432495,0.33643990755081177,1.0
0.02083333395421505,1.3050436973571777,1746198231.425869,0.569198489189148,0.49395349621772766,47.826045989990234,18472,27.12825584411621,2339,850.056605457,3594240.0,2340,0.2669270932674408,0.7628998160362244,0.3315918445587158,1.0
0.017578125,1.3050436973571777,1746198234.1195168,0.5064731240272522,0.49395349621772766,47.826045989990234,18536,28.046876907348633,2347,852.750247881,3606528.0,2348,0.2864583432674408,0.815988302230835,0.330344557762146,1.0
0.01888020895421505,1.3050436973571777,1746198240.8675032,0.39369142055511475,0.49395349621772766,47.826045989990234,18696,27.62630271911621,2367,859.498234938,3637248.0,2368,0.2408854365348816,0.7111852169036865,0.32515546679496765,1.0
0.017578125,1.3050436973571777,1746198245.9307964,0.4123249650001526,0.49395349621772766,47.826045989990234,18816,26.445314407348633,2382,864.56152989,3660288.0,2383,0.3235677182674408,0.8621106147766113,0.28337183594703674,1.0
0.01953125186264515,1.3050436973571777,1746198246.6058135,0.4164603054523468,0.49395349621772766,47.826045989990234,18832,28.05208396911621,2384,865.236570721,3663360.0,2385,0.2662760615348816,0.7521452903747559,0.2952215075492859,1.0
0.0182291679084301,1.3050436973571777,1746198254.698724,0.47534871101379395,0.49395349621772766,47.826045989990234,19024,27.703126907348633,2408,873.3294999,3700224.0,2409,0.2382812649011612,0.7389296889305115,0.3005838394165039,1.0
0.01888020895421505,1.3050436973571777,1746198265.8270302,0.4970970153808594,0.49395349621772766,47.826045989990234,19288,27.79817771911621,2441,884.457773434,3750912.0,2442,0.3665364682674408,0.9256753325462341,0.31737661361694336,1.0
0.015625,1.3050436973571777,1746198266.840406,0.47799625992774963,0.49395349621772766,47.826045989990234,19312,29.24349021911621,2444,885.471161881,3755520.0,2445,0.3769531548023224,0.9054409265518188,0.30647754669189453,1.0
0.017578125,1.3050436973571777,1746198268.8665535,0.5684993267059326,0.49395349621772766,47.826045989990234,19360,27.633464813232422,2450,887.497321069,3764736.0,2451,0.26953125,0.7966959476470947,0.33307331800460815,1.0
0.01953125186264515,1.3050436973571777,1746198270.553538,0.5170605182647705,0.49395349621772766,47.826045989990234,19400,26.861330032348633,2455,889.184291419,3772416.0,2456,0.265625,0.73260897397995,0.314550518989563,1.0
0.013671875931322575,1.3050436973571777,1746198271.567158,0.49820730090141296,0.49395349621772766,47.826045989990234,19424,28.061199188232422,2458,890.197916313,3777024.0,2459,0.1835937649011612,0.601104199886322,0.32036662101745605,1.0
0.014322916977107525,1.3050436973571777,1746198273.2543483,0.5648916959762573,0.49395349621772766,47.826045989990234,19464,30.428386688232422,2463,891.885089446,3784704.0,2464,0.2115885466337204,0.6995766162872314,0.3165743350982666,1.0
0.0162760429084301,1.3050436973571777,1746198278.9735916,0.574416995048523,0.49395349621772766,47.826045989990234,19600,28.521486282348633,2480,897.604540328,3810816.0,2481,0.2884114682674408,0.8076466917991638,0.3086884617805481,1.0
0.01497395895421505,1.3050436973571777,1746198283.0186894,0.5403048992156982,0.49395349621772766,47.826045989990234,19696,26.515626907348633,2492,901.649456958,3829248.0,2493,0.2604166865348816,0.698349118232727,0.29743266105651855,1.0
0.01888020895421505,1.3050436973571777,1746198288.4110303,0.526263952255249,0.49395349621772766,47.826045989990234,19824,27.439455032348633,2508,907.041759503,3853824.0,2509,0.3743489682674408,0.8940616846084595,0.2266356348991394,1.0
0.0182291679084301,1.3050436973571777,1746198290.7674046,0.49152156710624695,0.49395349621772766,47.826045989990234,19880,28.569011688232422,2515,909.398160262,3864576.0,2516,0.3795573115348816,0.8924196362495422,0.21093317866325378,1.0
0.0162760429084301,1.3050436973571777,1746198291.7771385,0.4978683292865753,0.49395349621772766,47.826045989990234,19904,27.42122459411621,2518,910.4078709,3869184.0,2519,0.2799479365348816,0.7086661458015442,0.20504280924797058,1.0
0.017578125,1.3050436973571777,1746198304.5928829,0.3899432420730591,0.49395349621772766,47.826045989990234,20208,27.478517532348633,2556,923.22363861,3927552.0,2557,0.2936198115348816,0.7958958745002747,0.2218184620141983,1.0
0.01692708395421505,1.3050436973571777,1746198305.2652411,0.39785921573638916,0.49395349621772766,47.826045989990234,20224,28.837892532348633,2558,923.895968097,3930624.0,2559,0.2278645932674408,0.6878654956817627,0.20415034890174866,1.0
0.01888020895421505,1.3050436973571777,1746198306.2764301,0.40528813004493713,0.49395349621772766,47.826045989990234,20248,28.453126907348633,2561,924.907227682,3935232.0,2562,0.3951823115348816,0.9396832585334778,0.22109141945838928,1.0
0.0162760429084301,1.3050436973571777,1746198308.9699187,0.4330762028694153,0.49395349621772766,47.826045989990234,20312,26.912111282348633,2569,927.600659962,3947520.0,2570,0.2096354216337204,0.6432710289955139,0.20900797843933105,1.0
0.01692708395421505,1.3050436973571777,1746198315.380643,0.43693602085113525,0.49395349621772766,47.826045989990234,20464,27.652996063232422,2588,934.011404472,3976704.0,2589,0.3417969048023224,0.8470455408096313,0.18286457657814026,1.0
0.0182291679084301,1.3050436973571777,1746198317.7791479,0.3603505492210388,0.49395349621772766,47.826045989990234,20520,27.496095657348633,2595,936.409901098,3987456.0,2596,0.3665364682674408,0.8820033073425293,0.20874761044979095,1.0
0.01497395895421505,1.4517755508422852,1746198320.8960547,0.4040954113006592,0.5862923264503479,43.73823547363281,20592,30.332683563232422,2604,939.526795542,4001280.0,2605,0.2643229365348816,0.789216935634613,0.2015061229467392,1.0
0.0201822929084301,1.4517755508422852,1746198321.9150286,0.412602961063385,0.5862923264503479,43.73823547363281,20616,25.94270896911621,2607,940.545786224,4005888.0,2608,0.3639323115348816,0.9115710258483887,0.18485420942306519,1.0
0.01888020895421505,1.4517755508422852,1746198329.6758788,0.36496928334236145,0.5862923264503479,43.73823547363281,20800,26.343751907348633,2630,948.306653441,4041216.0,2631,0.3170573115348816,0.8319810032844543,0.17612624168395996,1.0
0.017578125,1.4517755508422852,1746198331.6999002,0.37981298565864563,0.5862923264503479,43.73823547363281,20848,27.91145896911621,2636,950.33066481,4050432.0,2637,0.2864583432674408,0.767545759677887,0.18672700226306915,1.0
0.017578125,1.4517755508422852,1746198333.7247355,0.44071024656295776,0.5862923264503479,43.73823547363281,20896,28.83919334411621,2642,952.355493774,4059648.0,2643,0.2486979365348816,0.7449980974197388,0.1843128800392151,1.0
0.01692708395421505,1.4517755508422852,1746198347.8766375,0.38988515734672546,0.5862923264503479,43.73823547363281,21232,29.083986282348633,2684,966.507388938,4124160.0,2685,0.3105469048023224,0.847209095954895,0.1479654610157013,1.0
0.01888020895421505,1.4517755508422852,1746198350.9082322,0.44178831577301025,0.5862923264503479,43.73823547363281,21304,26.822267532348633,2693,969.539002622,4137984.0,2694,0.267578125,0.7867749333381653,0.11104185879230499,1.0
0.0182291679084301,1.4517755508422852,1746198353.610647,0.4173787236213684,0.5862923264503479,43.73823547363281,21368,27.072267532348633,2701,972.241393628,4150272.0,2702,0.2571614682674408,0.7414679527282715,0.13395452499389648,1.0
0.0182291679084301,1.4517755508422852,1746198355.6327646,0.42353355884552,0.5862923264503479,43.73823547363281,21416,29.26888084411621,2707,974.263507051,4159488.0,2708,0.3606770932674408,0.9325782060623169,0.16448868811130524,1.0
0.017578125,1.4517755508422852,1746198361.7031574,0.42944806814193726,0.5862923264503479,43.73823547363281,21560,27.03450584411621,2725,980.333944472,4187136.0,2726,0.3248698115348816,0.8423101305961609,0.15221571922302246,1.0
0.01888020895421505,1.4517755508422852,1746198363.3837564,0.4167548418045044,0.5862923264503479,43.73823547363281,21600,29.050783157348633,2730,982.014546179,4194816.0,2731,0.3541666865348816,0.9243788719177246,0.1653064489364624,1.0
0.017578125,1.4517755508422852,1746198380.9119017,0.33876141905784607,0.5862923264503479,43.73823547363281,22016,29.277996063232422,2782,999.542669555,4274688.0,2783,0.3717448115348816,0.9280949831008911,0.14959804713726044,1.0
0.0162760429084301,1.4517755508422852,1746198387.9954472,0.35027095675468445,0.5862923264503479,43.73823547363281,22184,27.052736282348633,2803,1006.626193372,4306944.0,2804,0.3157552182674408,0.8192061185836792,0.13487431406974792,1.0
0.017578125,1.4517755508422852,1746198394.057347,0.3607313334941864,0.5862923264503479,43.73823547363281,22328,28.828777313232422,2821,1012.688090414,4334592.0,2822,0.3125000298023224,0.816321849822998,0.14263923466205597,1.0
0.0182291679084301,1.4517755508422852,1746198402.1551445,0.3518385887145996,0.5862923264503479,43.73823547363281,22520,28.994142532348633,2845,1020.785893352,4371456.0,2846,0.3444010615348816,0.9283061027526855,0.13161323964595795,1.0
0.02148437686264515,1.4517755508422852,1746198405.8671167,0.4187607765197754,0.5862923264503479,43.73823547363281,22608,26.638673782348633,2856,1024.497871155,4388352.0,2857,0.3652344048023224,0.9241142868995667,0.14743459224700928,1.0
0.01692708395421505,1.4517755508422852,1746198407.5553935,0.4040987491607666,0.5862923264503479,43.73823547363281,22648,30.377605438232422,2861,1026.186122304,4396032.0,2862,0.3795573115348816,0.9173415303230286,0.13522058725357056,1.0
0.0221354179084301,1.4517755508422852,1746198412.9559972,0.448789119720459,0.5862923264503479,43.73823547363281,22776,27.85481834411621,2877,1031.586748346,4420608.0,2878,0.3561198115348816,0.9150537252426147,0.10671569406986237,1.0
0.01953125186264515,1.4517755508422852,1746198414.3046446,0.4338959753513336,0.5862923264503479,43.73823547363281,22808,27.979167938232422,2881,1032.935409837,4426752.0,2882,0.3580729365348816,0.9132622480392456,0.1303463578224182,1.0
0.01888020895421505,1.4517755508422852,1746198415.6551611,0.42447400093078613,0.5862923264503479,43.73823547363281,22840,27.728517532348633,2885,1034.28590396,4432896.0,2886,0.3437500298023224,0.8732442259788513,0.112494096159935,1.0
0.0182291679084301,1.4517755508422852,1746198419.0357263,0.46584370732307434,0.5862923264503479,43.73823547363281,22920,29.125001907348633,2895,1037.666479945,4448256.0,2896,0.25,0.7597846388816833,0.10580691695213318,1.0
0.02083333395421505,1.4517755508422852,1746198420.0472262,0.43914246559143066,0.5862923264503479,43.73823547363281,22944,27.66536521911621,2898,1038.677971109,4452864.0,2899,0.4264323115348816,1.014970064163208,0.12190008163452148,1.0
0.017578125,1.4517755508422852,1746198421.73288,0.42820483446121216,0.5862923264503479,43.73823547363281,22984,27.147136688232422,2903,1040.363648926,4460544.0,2904,0.2734375,0.7514474391937256,0.07125046104192734,1.0
0.0162760429084301,1.4517755508422852,1746198422.4059346,0.4314447045326233,0.5862923264503479,43.73823547363281,23000,28.904949188232422,2905,1041.036707999,4463616.0,2906,0.2760416865348816,0.7285480499267578,0.06587303429841995,1.0
0.017578125,1.4517755508422852,1746198425.0981379,0.473602294921875,0.5862923264503479,43.73823547363281,23064,27.324871063232422,2913,1043.728885969,4475904.0,2914,0.2304687649011612,0.6550933718681335,0.021312538534402847,1.0
0.01888020895421505,1.3376907110214233,1746198430.223958,0.5704618096351624,0.5192472338676453,44.978614807128906,23184,26.861980438232422,2928,1048.854711698,4498944.0,2929,0.3059895932674408,0.8319333791732788,0.09501796960830688,1.0
0.0182291679084301,1.3376907110214233,1746198438.9844806,0.41225466132164,0.5192472338676453,44.978614807128906,23392,27.902996063232422,2954,1057.615240054,4538880.0,2955,0.2415364682674408,0.7321737408638,0.05341390147805214,1.0
0.017578125,1.3376907110214233,1746198459.206539,0.4542459547519684,0.5192472338676453,44.978614807128906,23872,28.41731834411621,3014,1077.837290663,4631040.0,3015,0.1744791716337204,0.6258049607276917,0.07272421568632126,1.0
0.015625,1.3376907110214233,1746198471.030974,0.48650601506233215,0.5192472338676453,44.978614807128906,24152,29.24934959411621,3049,1089.661730381,4684800.0,3050,0.283203125,0.7834773063659668,0.053530119359493256,1.0
0.01497395895421505,1.3376907110214233,1746198482.4851656,0.4807767868041992,0.5192472338676453,44.978614807128906,24424,27.54817771911621,3083,1101.115921753,4737024.0,3084,0.2311197966337204,0.6255908012390137,0.027599666267633438,1.0
0.0162760429084301,1.3376907110214233,1746198490.9049907,0.5917607545852661,0.5192472338676453,44.978614807128906,24624,28.87434959411621,3108,1109.535720807,4775424.0,3109,0.2584635615348816,0.7164833545684814,0.06171988695859909,1.0
0.0162760429084301,1.3376907110214233,1746198494.952819,0.5531250238418579,0.5192472338676453,44.978614807128906,24720,28.03059959411621,3120,1113.583576826,4793856.0,3121,0.3300781548023224,0.8265392780303955,0.020661603659391403,1.0
0.01888020895421505,1.3376907110214233,1746198496.6340132,0.6010622978210449,0.5192472338676453,44.978614807128906,24760,27.287111282348633,3125,1115.264757957,4801536.0,3126,0.2272135466337204,0.7364048361778259,0.03154107555747032,1.0
0.015625,1.3376907110214233,1746198499.3401737,0.5180439949035645,0.5192472338676453,44.978614807128906,24824,27.928386688232422,3133,1117.970925069,4813824.0,3134,0.2317708432674408,0.6855690479278564,0.03218979388475418,1.0
0.01692708395421505,1.3376907110214233,1746198515.1718767,0.46824049949645996,0.5192472338676453,44.978614807128906,25200,28.613283157348633,3180,1133.802624341,4886016.0,3181,0.4205729365348816,0.9560016989707947,0.009354082867503166,1.0
0.01497395895421505,1.3376907110214233,1746198517.529775,0.46694135665893555,0.5192472338676453,44.978614807128906,25256,29.199220657348633,3187,1136.16052437,4896768.0,3188,0.3346354365348816,0.8388041853904724,0.017442120239138603,1.0
0.01888020895421505,1.3376907110214233,1746198517.8672543,0.4633978009223938,0.5192472338676453,44.978614807128906,25264,27.28645896911621,3188,1136.497990185,4898304.0,3189,0.2949219048023224,0.8031885027885437,0.03592464700341225,1.0
0.0182291679084301,1.3376907110214233,1746198521.9111392,0.4614619016647339,0.5192472338676453,44.978614807128906,25360,28.09895896911621,3200,1140.541895206,4916736.0,3201,0.3294270932674408,0.8490528464317322,0.00926613062620163,1.0
0.01692708395421505,1.3376907110214233,1746198524.9451506,0.48301413655281067,0.5192472338676453,44.978614807128906,25432,26.537111282348633,3209,1143.575896904,4930560.0,3210,0.3294270932674408,0.7782137393951416,0.009605484083294868,1.0
0.011718750931322575,1.3376907110214233,1746198525.9566023,0.5213925242424011,0.5192472338676453,44.978614807128906,25456,29.20442771911621,3212,1144.587375503,4935168.0,3213,0.25390625,0.6891223788261414,0.012049060314893723,1.0
0.0162760429084301,1.3376907110214233,1746198532.3655646,0.5509462356567383,0.5192472338676453,44.978614807128906,25608,30.078126907348633,3231,1150.99629838,4964352.0,3232,0.2740885615348816,0.7914866805076599,0.035352952778339386,1.0
0.014322916977107525,1.354384183883667,1746198543.9039388,0.6209779977798462,0.5152963995933533,48.9091796875,25880,30.658205032348633,3265,1162.534675798,5016576.0,3266,0.251953125,0.7650904059410095,0.01622479408979416,1.0
0.01888020895421505,1.354384183883667,1746198551.6459367,0.5299063324928284,0.5152963995933533,48.9091796875,26064,26.50325584411621,3288,1170.276675008,5051904.0,3289,0.3059895932674408,0.8437005877494812,-0.007046684622764587,1.0
0.01692708395421505,1.354384183883667,1746198554.6786337,0.5332871079444885,0.5152963995933533,48.9091796875,26136,27.11653709411621,3297,1173.309368284,5065728.0,3298,0.2786458432674408,0.7410078048706055,0.0024278033524751663,1.0
0.0182291679084301,1.354384183883667,1746198566.131142,0.6540207862854004,0.5152963995933533,48.9091796875,26408,28.271486282348633,3331,1184.761895205,5117952.0,3332,0.4205729365348816,0.9684627056121826,0.017498301342129707,1.0
0.01888020895421505,1.354384183883667,1746198572.5353444,0.5073626041412354,0.5152963995933533,48.9091796875,26560,27.703777313232422,3350,1191.166088405,5147136.0,3351,0.26171875,0.7235082387924194,0.008260635659098625,1.0
0.01692708395421505,1.354384183883667,1746198574.2214634,0.5729696750640869,0.5152963995933533,48.9091796875,26600,27.310548782348633,3355,1192.852209228,5154816.0,3356,0.2115885466337204,0.6294817328453064,-0.002031894400715828,1.0
0.017578125,1.354384183883667,1746198575.9032972,0.5806747674942017,0.5152963995933533,48.9091796875,26640,28.818361282348633,3360,1194.534036178,5162496.0,3361,0.2968750298023224,0.8243347406387329,0.003988510463386774,1.0
0.01888020895421505,1.354384183883667,1746198581.62938,0.5033122301101685,0.5152963995933533,48.9091796875,26776,28.07552146911621,3377,1200.260113482,5188608.0,3378,0.3209635615348816,0.863082766532898,0.023212656378746033,1.0
0.015625,1.354384183883667,1746198591.397059,0.5260455012321472,0.5152963995933533,48.9091796875,27008,29.38216209411621,3406,1210.027803836,5233152.0,3407,0.4147135615348816,0.958118736743927,0.033295419067144394,1.0
0.017578125,1.354384183883667,1746198595.0990603,0.5064401626586914,0.5152963995933533,48.9091796875,27096,29.836589813232422,3417,1213.729807441,5250048.0,3418,0.3424479365348816,0.8736213445663452,0.03148700296878815,1.0
0.0182291679084301,1.354384183883667,1746198605.8979924,0.497153103351593,0.5152963995933533,48.9091796875,27352,26.652345657348633,3449,1224.528723626,5299200.0,3450,0.3515625298023224,0.8634986281394958,-0.012722237035632133,1.0
0.01692708395421505,1.354384183883667,1746198607.5814714,0.4854952096939087,0.5152963995933533,48.9091796875,27392,28.433595657348633,3454,1226.212215281,5306880.0,3455,0.2779948115348816,0.7884219288825989,0.0183827243745327,1.0
0.017578125,1.354384183883667,1746198612.673182,0.48937100172042847,0.5152963995933533,48.9091796875,27512,27.621746063232422,3469,1231.30392682,5329920.0,3470,0.3352864682674408,0.8746466636657715,-0.005945614073425531,1.0
0.0182291679084301,1.354384183883667,1746198615.3694987,0.49890434741973877,0.5152963995933533,48.9091796875,27576,27.391277313232422,3477,1234.00025483,5342208.0,3478,0.3196614682674408,0.8565747141838074,0.027144819498062134,1.0
0.0201822929084301,1.354384183883667,1746198623.7928004,0.507949948310852,0.5152963995933533,48.9091796875,27776,28.949220657348633,3502,1242.423542141,5380608.0,3503,0.3587239682674408,0.896880030632019,-0.0027458476833999157,1.0
0.01888020895421505,1.354384183883667,1746198625.479569,0.4774395823478699,0.5152963995933533,48.9091796875,27816,27.175783157348633,3507,1244.110316048,5388288.0,3508,0.4381510615348816,0.993004560470581,-0.026567945256829262,1.0
0.017578125,1.354384183883667,1746198627.8394394,0.46059709787368774,0.5152963995933533,48.9091796875,27872,28.875001907348633,3514,1246.470174134,5399040.0,3515,0.2688802182674408,0.7761308550834656,-0.018302710726857185,1.0
0.01953125186264515,1.354384183883667,1746198632.5589092,0.4177629351615906,0.5152963995933533,48.9091796875,27984,27.146486282348633,3528,1251.189672145,5420544.0,3529,0.4270833432674408,0.9836487174034119,-0.0048029012978076935,1.0
0.0182291679084301,1.354384183883667,1746198634.242571,0.4584296941757202,0.5152963995933533,48.9091796875,28024,28.71028709411621,3533,1252.873314996,5428224.0,3534,0.3151041865348816,0.837730348110199,0.006032572127878666,1.0
0.015625,1.354384183883667,1746198634.5800726,0.45560067892074585,0.5152963995933533,48.9091796875,28032,29.037111282348633,3534,1253.210823452,5429760.0,3535,0.3834635615348816,0.9597423672676086,-0.007408229634165764,1.0
0.017578125,1.354384183883667,1746198638.2848592,0.45849859714508057,0.5152963995933533,48.9091796875,28120,28.908855438232422,3545,1256.915604595,5446656.0,3546,0.279296875,0.744573175907135,0.0015997258014976978,1.0
0.0182291679084301,1.354384183883667,1746198639.2931466,0.42361980676651,0.5152963995933533,48.9091796875,28144,29.03645896911621,3548,1257.923892897,5451264.0,3549,0.5279948115348816,1.1510262489318848,-0.005575268995016813,1.0
0.01953125186264515,1.354384183883667,1746198646.0431097,0.46600961685180664,0.5152963995933533,48.9091796875,28304,27.431642532348633,3568,1264.673869518,5481984.0,3569,0.3945312798023224,1.0016071796417236,-0.023928331211209297,1.0
0.0182291679084301,1.354384183883667,1746198647.0632744,0.4444788098335266,0.5152963995933533,48.9091796875,28328,28.17708396911621,3571,1265.69415674,5486592.0,3572,0.3476562798023224,0.8391889333724976,-0.0013557784259319305,1.0
0.017578125,1.4145886898040771,1746198651.5211334,0.5000824332237244,0.576785683631897,46.33928680419922,28432,29.08919334411621,3584,1270.151890017,5506560.0,3585,0.3691406548023224,0.8923376202583313,0.0021963147446513176,1.0
0.0162760429084301,1.4145886898040771,1746198651.857963,0.4842901825904846,0.576785683631897,46.33928680419922,28440,28.29427146911621,3585,1270.48870632,5508096.0,3586,0.4459635615348816,0.9910744428634644,0.010801561176776886,1.0
0.01692708395421505,1.4145886898040771,1746198655.2253256,0.4627705514431,0.576785683631897,46.33928680419922,28520,29.150392532348633,3595,1273.856053232,5523456.0,3596,0.3085937798023224,0.7953816056251526,0.019016753882169724,1.0
0.015625,1.4145886898040771,1746198661.2944148,0.40211737155914307,0.576785683631897,46.33928680419922,28664,29.819011688232422,3613,1279.92514741,5551104.0,3614,0.2838541865348816,0.8064503073692322,0.010644952766597271,1.0
0.017578125,1.4145886898040771,1746198666.3492837,0.42412954568862915,0.576785683631897,46.33928680419922,28784,26.227214813232422,3628,1284.980022075,5574144.0,3629,0.2662760615348816,0.7045810222625732,-0.026087796315550804,1.0
0.01692708395421505,1.4145886898040771,1746198685.5626607,0.4401843249797821,0.576785683631897,46.33928680419922,29240,29.54817771911621,3685,1304.193450795,5661696.0,3686,0.4290364682674408,0.9901142716407776,-0.02552858553826809,1.0
0.017578125,1.4145886898040771,1746198691.6277437,0.4080665111541748,0.576785683631897,46.33928680419922,29384,29.619792938232422,3703,1310.258491304,5689344.0,3704,0.2584635615348816,0.8015981316566467,-0.04423940181732178,1.0
0.015625,1.4145886898040771,1746198693.308849,0.4347788095474243,0.576785683631897,46.33928680419922,29424,29.40169334411621,3708,1311.939596242,5697024.0,3709,0.3072916865348816,0.7929412126541138,-0.05040545389056206,1.0
0.017578125,1.4145886898040771,1746198704.4279256,0.38732412457466125,0.576785683631897,46.33928680419922,29688,28.396486282348633,3741,1323.058667472,5747712.0,3742,0.3554687798023224,0.9087158441543579,-0.07412386685609818,1.0
0.01888020895421505,1.4145886898040771,1746198711.4989195,0.42562174797058105,0.576785683631897,46.33928680419922,29856,29.002605438232422,3762,1330.129662546,5779968.0,3763,0.4401041865348816,1.030848741531372,-0.07308869063854218,1.0
0.017578125,1.4145886898040771,1746198731.0429258,0.5185848474502563,0.576785683631897,46.33928680419922,30320,27.856121063232422,3820,1349.673666356,5869056.0,3821,0.3587239682674408,0.9119409322738647,-0.08250313997268677,1.0
0.01888020895421505,1.4145886898040771,1746198731.716764,0.5979098081588745,0.576785683631897,46.33928680419922,30336,27.319011688232422,3822,1350.347546889,5872128.0,3823,0.3164062798023224,0.8306677937507629,-0.09403946995735168,1.0
0.0162760429084301,1.4145886898040771,1746198735.425414,0.538069486618042,0.576785683631897,46.33928680419922,30424,28.585939407348633,3833,1354.05616455,5889024.0,3834,0.3079427182674408,0.8358250856399536,-0.0780598372220993,1.0
0.013671875931322575,1.4145886898040771,1746198741.8256521,0.5487926602363586,0.576785683631897,46.33928680419922,30576,29.91536521911621,3852,1360.456407281,5918208.0,3853,0.3873698115348816,0.848242461681366,-0.07671340554952621,1.0
0.01497395895421505,1.4145886898040771,1746198744.1880033,0.6396048069000244,0.576785683631897,46.33928680419922,30632,30.222658157348633,3859,1362.818742329,5928960.0,3860,0.279296875,0.7538034319877625,-0.057083215564489365,1.0
0.015625,1.4145886898040771,1746198744.5240679,0.6160412430763245,0.576785683631897,46.33928680419922,30640,30.213542938232422,3860,1363.154817261,5930496.0,3861,0.3808594048023224,0.9473420977592468,-0.04946359992027283,1.0
0.017578125,1.4145886898040771,1746198746.885112,0.5495078563690186,0.576785683631897,46.33928680419922,30696,28.44661521911621,3867,1365.515847694,5941248.0,3868,0.4108073115348816,0.9639925956726074,-0.059931159019470215,1.0
0.015625,1.4145886898040771,1746198747.5594592,0.5495829582214355,0.576785683631897,46.33928680419922,30712,30.393230438232422,3869,1366.19020088,5944320.0,3870,0.2903645932674408,0.7943639755249023,-0.06546445190906525,1.0
0.015625,1.4145886898040771,1746198750.5907516,0.5181199908256531,0.576785683631897,46.33928680419922,30784,26.010417938232422,3878,1369.221488961,5958144.0,3879,0.2304687649011612,0.6420065760612488,-0.02735312655568123,1.0
0.0182291679084301,1.4145886898040771,1746198751.9421275,0.4626117944717407,0.576785683631897,46.33928680419922,30816,28.02474021911621,3882,1370.572953655,5964288.0,3883,0.2988281548023224,0.7963411211967468,-0.06195232644677162,1.0
0.0182291679084301,1.4145886898040771,1746198753.2919002,0.4772210717201233,0.576785683631897,46.33928680419922,30848,29.121095657348633,3886,1371.922634108,5970432.0,3887,0.4316406548023224,1.0073902606964111,-0.06634437292814255,1.0
0.0201822929084301,1.4145886898040771,1746198756.659742,0.49559396505355835,0.576785683631897,46.33928680419922,30928,25.58919334411621,3896,1375.290485875,5985792.0,3897,0.3600260615348816,0.9069862961769104,-0.04776398092508316,1.0
0.01888020895421505,1.4145886898040771,1746198756.9967322,0.4766051173210144,0.576785683631897,46.33928680419922,30936,27.64778709411621,3897,1375.627469002,5987328.0,3898,0.4127604365348816,1.0103528499603271,-0.053413406014442444,1.0
0.017578125,1.5024187564849854,1746198758.8051655,0.48674482107162476,0.6415563225746155,43.841060638427734,30976,29.40755271911621,3902,1377.436164096,5995008.0,3903,0.4231770932674408,0.9856481552124023,-0.07983818650245667,1.0
0.01692708395421505,1.5024187564849854,1746198760.494047,0.4789629578590393,0.6415563225746155,43.841060638427734,31016,28.810548782348633,3907,1379.12499426,6002688.0,3908,0.3398437798023224,0.8456141948699951,-0.06775185465812683,1.0
0.01953125186264515,1.5024187564849854,1746198761.168868,0.47862398624420166,0.6415563225746155,43.841060638427734,31032,28.61263084411621,3909,1379.799797407,6005760.0,3910,0.3847656548023224,0.9161080121994019,-0.08074753731489182,1.0
0.01692708395421505,1.5024187564849854,1746198764.8820279,0.4676179885864258,0.6415563225746155,43.841060638427734,31120,28.314455032348633,3920,1383.512951809,6022656.0,3921,0.3014323115348816,0.7690638899803162,-0.0597180612385273,1.0
0.02083333395421505,1.5024187564849854,1746198766.9064615,0.4672265946865082,0.6415563225746155,43.841060638427734,31168,26.884767532348633,3926,1385.537392207,6031872.0,3927,0.3411458432674408,0.8986755013465881,-0.06106638163328171,1.0
0.0221354179084301,1.5024187564849854,1746198767.2440925,0.46253859996795654,0.6415563225746155,43.841060638427734,31176,27.170574188232422,3927,1385.87491272,6033408.0,3928,0.3138020932674408,0.8695811629295349,-0.07838653028011322,1.0
0.01692708395421505,1.5024187564849854,1746198784.7982812,0.42448681592941284,0.6415563225746155,43.841060638427734,31592,28.402996063232422,3979,1403.429345439,6113280.0,3980,0.3515625298023224,0.860065758228302,-0.03198198229074478,1.0
0.01692708395421505,1.5024187564849854,1746198787.1642134,0.41990533471107483,0.6415563225746155,43.841060638427734,31648,27.460939407348633,3986,1405.795142149,6124032.0,3987,0.3841145932674408,0.9391776323318481,-0.03084314987063408,1.0
0.01953125186264515,1.5024187564849854,1746198793.9197865,0.47915175557136536,0.6415563225746155,43.841060638427734,31808,26.441408157348633,4006,1412.550782723,6154752.0,4007,0.3899739682674408,0.9417349696159363,-0.013475346378982067,1.0
0.0162760429084301,1.5024187564849854,1746198795.2688303,0.4802320599555969,0.6415563225746155,43.841060638427734,31840,27.58333396911621,4010,1413.899761116,6160896.0,4011,0.4088541865348816,0.9170527458190918,-0.04534553736448288,1.0
0.0201822929084301,1.5024187564849854,1746198800.003953,0.45886361598968506,0.6415563225746155,43.841060638427734,31952,27.049480438232422,4024,1418.634943336,6182400.0,4025,0.2480468899011612,0.7867831587791443,-0.044647134840488434,1.0
0.01888020895421505,1.5024187564849854,1746198801.6933331,0.4936995506286621,0.6415563225746155,43.841060638427734,31992,27.147136688232422,4029,1420.324201197,6190080.0,4030,0.4173177182674408,1.0207078456878662,-0.037078388035297394,1.0
0.017578125,1.5024187564849854,1746198802.3672295,0.36437588930130005,0.6415563225746155,43.841060638427734,32008,28.99349021911621,4031,1420.998133932,6193152.0,4032,0.2578125,0.7851696610450745,-0.025647424161434174,1.0
0.0221354179084301,1.5024187564849854,1746198808.4413304,0.5309228897094727,0.6415563225746155,43.841060638427734,32152,27.29036521911621,4049,1427.072256459,6220800.0,4050,0.3541666865348816,0.8722732067108154,-0.026994118466973305,1.0
0.0201822929084301,1.5024187564849854,1746198808.7802234,0.48476141691207886,0.6415563225746155,43.841060638427734,32160,26.399089813232422,4050,1427.411375804,6222336.0,4051,0.3971354365348816,0.9209631085395813,-0.04486706107854843,1.0
0.01888020895421505,1.5024187564849854,1746198811.8261807,0.3917314112186432,0.6415563225746155,43.841060638427734,32232,28.91341209411621,4059,1430.457098473,6236160.0,4060,0.55859375,1.1966077089309692,-0.008648219518363476,1.0
0.017578125,1.5024187564849854,1746198821.611232,0.45629122853279114,0.6415563225746155,43.841060638427734,32464,28.58333396911621,4088,1440.241958494,6280704.0,4089,0.3320312798023224,0.9180442094802856,-0.05065697431564331,1.0
0.015625,1.5024187564849854,1746198830.0295403,0.40979522466659546,0.6415563225746155,43.841060638427734,32664,28.918621063232422,4113,1448.660272049,6319104.0,4114,0.2565104365348816,0.7489208579063416,-0.07891301810741425,1.0
0.01692708395421505,1.5024187564849854,1746198830.3674529,0.4251250624656677,0.6415563225746155,43.841060638427734,32672,27.527345657348633,4114,1448.998370135,6320640.0,4115,0.4720052182674408,1.0353317260742188,-0.0779149979352951,1.0
0.01692708395421505,1.5024187564849854,1746198832.389837,0.8010026216506958,0.6415563225746155,43.841060638427734,32720,29.127605438232422,4120,1451.020608743,6329856.0,4121,0.1972656399011612,0.6920363903045654,-0.08989065885543823,1.0
0.017578125,1.5024187564849854,1746198834.4135115,0.4659935235977173,0.6415563225746155,43.841060638427734,32768,28.82552146911621,4126,1453.044274737,6339072.0,4127,0.3489583432674408,0.8526867628097534,-0.08828659355640411,1.0
0.0201822929084301,1.5024187564849854,1746198840.1463468,0.4535458981990814,0.6415563225746155,43.841060638427734,32904,26.277345657348633,4143,1458.777117918,6365184.0,4144,0.4505208432674408,0.9964518547058105,-0.10822632908821106,1.0
0.0162760429084301,1.5024187564849854,1746198841.49575,0.443593293428421,0.6415563225746155,43.841060638427734,32936,26.551433563232422,4147,1460.126506727,6371328.0,4148,0.3072916865348816,0.8253360986709595,-0.11394009739160538,1.0
0.0201822929084301,1.5024187564849854,1746198849.2502258,0.4921015202999115,0.6415563225746155,43.841060638427734,33120,28.22786521911621,4170,1467.880973874,6406656.0,4171,0.3971354365348816,0.9568397402763367,-0.10122130811214447,1.0
0.017578125,1.5024187564849854,1746198851.2737737,0.4384559988975525,0.6415563225746155,43.841060638427734,33168,29.319011688232422,4176,1469.904536002,6415872.0,4177,0.4661458432674408,1.0601919889450073,-0.1406814306974411,1.0
0.015625,1.5024187564849854,1746198857.0042741,0.5257720947265625,0.6415563225746155,43.841060638427734,33304,30.444011688232422,4193,1475.635215675,6441984.0,4194,0.3496094048023224,0.904261589050293,-0.08163562417030334,1.0
0.01692708395421505,1.5024187564849854,1746198864.0826268,0.7818956971168518,0.6415563225746155,43.841060638427734,33472,29.05403709411621,4214,1482.71336496,6474240.0,4215,0.3339844048023224,0.8071328997612,-0.11745414137840271,1.0
0.01888020895421505,1.4720494747161865,1746198868.8852086,0.47934603691101074,0.6181172132492065,45.2841911315918,33584,27.57356834411621,4228,1487.515945373,6495744.0,4229,0.4218750298023224,1.027754783630371,-0.1175096407532692,1.0
0.01953125186264515,1.4720494747161865,1746198872.5970783,0.5062810182571411,0.6181172132492065,45.2841911315918,33672,27.131511688232422,4239,1491.227831898,6512640.0,4240,0.4147135615348816,0.9513948559761047,-0.09073062241077423,1.0
0.01692708395421505,1.4720494747161865,1746198873.2706196,0.39762723445892334,0.6181172132492065,45.2841911315918,33688,29.465496063232422,4241,1491.901380959,6515712.0,4242,0.4062500298023224,0.9449357986450195,-0.10138358175754547,1.0
0.0221354179084301,1.4720494747161865,1746198880.3459482,0.41869160532951355,0.6181172132492065,45.2841911315918,33856,25.357423782348633,4262,1498.97668585,6547968.0,4263,0.4016927182674408,0.9823775291442871,-0.11385715007781982,1.0
0.0182291679084301,1.4720494747161865,1746198884.0520895,0.3915576934814453,0.6181172132492065,45.2841911315918,33944,28.988933563232422,4273,1502.682844643,6564864.0,4274,0.4804687798023224,1.0984117984771729,-0.1229947954416275,1.0
0.02083333395421505,1.4720494747161865,1746198885.7382164,0.3901160657405853,0.6181172132492065,45.2841911315918,33984,27.22200584411621,4278,1504.368960427,6572544.0,4279,0.3333333432674408,0.8576098084449768,-0.09440299868583679,1.0
0.0182291679084301,1.4720494747161865,1746198886.0749655,0.39532795548439026,0.6181172132492065,45.2841911315918,33992,27.05403709411621,4279,1504.705717238,6574080.0,4280,0.3795573115348816,0.9041551947593689,-0.10867136716842651,1.0
0.017578125,1.4720494747161865,1746198892.8139079,0.4193819761276245,0.6181172132492065,45.2841911315918,34152,27.48372459411621,4299,1511.444650706,6604800.0,4300,0.3710937798023224,0.9198859333992004,-0.10194014012813568,1.0
0.01888020895421505,1.4720494747161865,1746198896.8666925,0.37594151496887207,0.6181172132492065,45.2841911315918,34248,27.93684959411621,4311,1515.497439115,6623232.0,4312,0.4283854365348816,0.9945420026779175,-0.06912151724100113,1.0
0.01692708395421505,1.4720494747161865,1746198899.560524,0.4196866750717163,0.6181172132492065,45.2841911315918,34312,28.640626907348633,4319,1518.191278561,6635520.0,4320,0.3912760615348816,0.9680631756782532,-0.08985646069049835,1.0
0.01953125186264515,1.4720494747161865,1746198901.9220262,0.44954875111579895,0.6181172132492065,45.2841911315918,34368,26.658855438232422,4326,1520.552770297,6646272.0,4327,0.3268229365348816,0.8484795689582825,-0.09103813767433167,1.0
0.017578125,1.4720494747161865,1746198903.270742,0.4400588870048523,0.6181172132492065,45.2841911315918,34400,27.76888084411621,4330,1521.901495983,6652416.0,4331,0.4446614682674408,1.0188795328140259,-0.08330845832824707,1.0
0.014322916977107525,1.4720494747161865,1746198906.3477092,0.531592607498169,0.6181172132492065,45.2841911315918,34472,29.992189407348633,4339,1524.978469736,6666240.0,4340,0.4446614682674408,1.0025142431259155,-0.10156388580799103,1.0
0.0182291679084301,1.4720494747161865,1746198907.3590515,0.4343548119068146,0.6181172132492065,45.2841911315918,34496,28.412761688232422,4342,1525.989819485,6670848.0,4343,0.3951823115348816,0.9805907607078552,-0.06300385296344757,1.0
0.01953125186264515,1.4720494747161865,1746198918.4868553,0.5354086756706238,0.6181172132492065,45.2841911315918,34760,27.490886688232422,4375,1537.11762802,6721536.0,4376,0.4264323115348816,1.0008604526519775,-0.05458693206310272,1.0
0.0201822929084301,1.4720494747161865,1746198920.173699,0.446159690618515,0.6181172132492065,45.2841911315918,34800,26.711589813232422,4380,1538.804470876,6729216.0,4381,0.4505208432674408,1.027093529701233,-0.07138571888208389,1.0
0.01692708395421505,1.4720494747161865,1746198920.510422,0.4991942346096039,0.6181172132492065,45.2841911315918,34808,25.063152313232422,4381,1539.141172985,6730752.0,4382,0.3196614682674408,0.7639487981796265,-0.05368325859308243,1.0
0.017578125,1.4720494747161865,1746198929.6194131,0.49958619475364685,0.6181172132492065,45.2841911315918,35024,29.011720657348633,4408,1548.250147866,6772224.0,4409,0.3990885615348816,0.9371315240859985,-0.06724008172750473,1.0
0.0201822929084301,1.4720494747161865,1746198931.9792874,0.48190176486968994,0.6181172132492065,45.2841911315918,35080,27.566408157348633,4415,1550.610028419,6782976.0,4416,0.3645833432674408,0.9199665784835815,-0.058695148676633835,1.0
0.0182291679084301,1.4720494747161865,1746198940.0773938,0.4488891363143921,0.6181172132492065,45.2841911315918,35272,28.240236282348633,4439,1558.708106767,6819840.0,4440,0.3815104365348816,0.9238821864128113,-0.11966446787118912,1.0
0.01692708395421505,1.4720494747161865,1746198949.1837032,0.4229980409145355,0.6181172132492065,45.2841911315918,35488,28.39778709411621,4466,1567.814442321,6861312.0,4467,0.3899739682674408,0.9340415000915527,-0.10645170509815216,1.0
0.01953125186264515,1.4720494747161865,1746198956.6088428,0.43794238567352295,0.6181172132492065,45.2841911315918,35664,26.96809959411621,4488,1575.239613528,6895104.0,4489,0.4036458432674408,0.9700632691383362,-0.09225918352603912,1.0
0.017578125,1.4720494747161865,1746198958.6347787,0.3846072554588318,0.6181172132492065,45.2841911315918,35712,26.346355438232422,4494,1577.265560171,6904320.0,4495,0.2578125,0.7058677673339844,-0.08337587118148804,1.0
0.01953125186264515,1.4720494747161865,1746198964.375879,0.40906456112861633,0.6181172132492065,45.2841911315918,35848,28.10677146911621,4511,1583.006643648,6930432.0,4512,0.4446614682674408,1.0299173593521118,-0.1291780024766922,1.0
0.02083333395421505,1.4720494747161865,1746198970.7796702,0.3803677558898926,0.6181172132492065,45.2841911315918,36000,26.22591209411621,4530,1589.410411982,6959616.0,4531,0.3476562798023224,0.8985322713851929,-0.13379032909870148,1.0
0.02148437686264515,1.4720494747161865,1746198973.1425438,0.3713986277580261,0.6181172132492065,45.2841911315918,36056,25.25325584411621,4537,1591.773266765,6970368.0,4538,0.3307291865348816,0.9128537774085999,-0.08916513621807098,1.0
0.02148437686264515,1.4720494747161865,1746198974.1562634,0.38261669874191284,0.6181172132492065,45.2841911315918,36080,26.219402313232422,4540,1592.786993094,6974976.0,4541,0.4322916865348816,1.0226796865463257,-0.06991402059793472,1.0
0.01888020895421505,1.4751209020614624,1746198977.2684839,0.40508607029914856,0.6204620599746704,43.23019790649414,36152,25.593751907348633,4549,1595.899230188,6988800.0,4550,0.4251302182674408,0.9844541549682617,-0.07333574444055557,1.0
0.0221354179084301,1.4751209020614624,1746198977.9447672,0.3681853413581848,0.6204620599746704,43.23019790649414,36168,26.981121063232422,4551,1596.575498229,6991872.0,4552,0.3281250298023224,0.8673034906387329,-0.08541014790534973,1.0
0.01953125186264515,1.4751209020614624,1746198978.9564672,0.3364097774028778,0.6204620599746704,43.23019790649414,36192,26.51497459411621,4554,1597.58720911,6996480.0,4555,0.4570312798023224,1.0438203811645508,-0.05611938238143921,1.0
0.02148437686264515,1.4751209020614624,1746198980.6423895,0.38008689880371094,0.6204620599746704,43.23019790649414,36232,25.723308563232422,4559,1599.273129924,7004160.0,4560,0.3574219048023224,0.9342616200447083,-0.05819821357727051,1.0
0.017578125,1.4751209020614624,1746198986.717782,0.3997102975845337,0.6204620599746704,43.23019790649414,36376,29.85677146911621,4577,1605.348525936,7031808.0,4578,0.4283854365348816,0.9934471845626831,-0.06392782926559448,1.0
0.0182291679084301,1.4751209020614624,1746198987.0550826,0.37382936477661133,0.6204620599746704,43.23019790649414,36384,27.703126907348633,4578,1605.685836806,7033344.0,4579,0.2285156399011612,0.7027068734169006,-0.03599626570940018,1.0
0.0182291679084301,1.4751209020614624,1746198989.7548351,0.4203944802284241,0.6204620599746704,43.23019790649414,36448,26.42317771911621,4586,1608.385570002,7045632.0,4587,0.3834635615348816,0.8934412002563477,-0.08067907392978668,1.0
0.0201822929084301,1.4751209020614624,1746198996.168742,0.40734991431236267,0.6204620599746704,43.23019790649414,36600,28.277996063232422,4605,1614.799479576,7074816.0,4606,0.4479166865348816,1.040277123451233,-0.09043611586093903,1.0
0.0182291679084301,1.4751209020614624,1746198997.8540285,0.3655022084712982,0.6204620599746704,43.23019790649414,36640,28.008464813232422,4610,1616.484773946,7082496.0,4611,0.3776041865348816,0.8842431902885437,-0.09017243981361389,1.0
0.0201822929084301,1.4751209020614624,1746199001.5669708,0.35987579822540283,0.6204620599746704,43.23019790649414,36728,26.69270896911621,4621,1620.197715913,7099392.0,4622,0.2910156548023224,0.7989820241928101,-0.08383961021900177,1.0
0.01888020895421505,1.4751209020614624,1746199006.6310463,0.4029211103916168,0.6204620599746704,43.23019790649414,36848,28.45833396911621,4636,1625.261798164,7122432.0,4637,0.4316406548023224,1.017667531967163,-0.08189219236373901,1.0
0.01888020895421505,1.4751209020614624,1746199007.9813232,0.4035111367702484,0.6204620599746704,43.23019790649414,36880,26.95247459411621,4640,1626.61206054,7128576.0,4641,0.2565104365348816,0.7724555134773254,-0.07891994714736938,1.0
0.01888020895421505,1.4751209020614624,1746199009.3310192,0.4257184863090515,0.6204620599746704,43.23019790649414,36912,28.191408157348633,4644,1627.961765893,7134720.0,4645,0.5358073115348816,1.1701632738113403,-0.04302915930747986,1.0
0.01888020895421505,1.4751209020614624,1746199010.6791804,0.44875845313072205,0.6204620599746704,43.23019790649414,36944,24.285808563232422,4648,1629.30994357,7140864.0,4649,0.3502604365348816,0.8494558334350586,-0.05023667588829994,1.0
0.01497395895421505,1.4751209020614624,1746199019.106082,0.4861510396003723,0.6204620599746704,43.23019790649414,37144,29.546876907348633,4673,1637.736836946,7179264.0,4674,0.3404948115348816,0.8486331105232239,-0.07062725722789764,1.0
0.0162760429084301,1.4751209020614624,1746199024.497516,0.4728466272354126,0.6204620599746704,43.23019790649414,37272,29.660158157348633,4689,1643.128251624,7203840.0,4690,0.3626302182674408,0.9043889045715332,-0.04889005795121193,1.0
0.0182291679084301,1.4751209020614624,1746199025.1698859,0.4436260461807251,0.6204620599746704,43.23019790649414,37288,26.20638084411621,4691,1643.800634434,7206912.0,4692,0.2252604216337204,0.7260909676551819,-0.03220415860414505,1.0
0.017578125,1.4751209020614624,1746199029.8851564,0.47128868103027344,0.6204620599746704,43.23019790649414,37400,27.646486282348633,4705,1648.515903252,7228416.0,4706,0.4348958432674408,0.9951547384262085,-0.054397694766521454,1.0
0.015625,1.4751209020614624,1746199031.5713909,0.496301531791687,0.6204620599746704,43.23019790649414,37440,29.018230438232422,4710,1650.202155672,7236096.0,4711,0.2441406399011612,0.6869950890541077,-0.04889388382434845,1.0
0.02083333395421505,1.4751209020614624,1746199053.8622088,0.48607975244522095,0.6204620599746704,43.23019790649414,37968,25.584636688232422,4776,1672.492931554,7337472.0,4777,0.3932291865348816,0.9573597311973572,-0.120686374604702,1.0
0.01888020895421505,1.4751209020614624,1746199063.6373587,0.5228884816169739,0.6204620599746704,43.23019790649414,38200,25.994142532348633,4805,1682.268106253,7382016.0,4806,0.263671875,0.7203027606010437,-0.10356626659631729,1.0
0.01497395895421505,1.4751209020614624,1746199063.9739213,0.5345548987388611,0.6204620599746704,43.23019790649414,38208,26.74544334411621,4806,1682.6046701,7383552.0,4807,0.3190104365348816,0.800916314125061,-0.10392820090055466,1.0
0.02278645895421505,1.4751209020614624,1746199066.671482,0.5478464961051941,0.6204620599746704,43.23019790649414,38272,26.232423782348633,4814,1685.302235319,7395840.0,4815,0.4720052182674408,1.0858372449874878,-0.10301148891448975,1.0
0.0182291679084301,1.4751209020614624,1746199067.6845715,0.5134576559066772,0.6204620599746704,43.23019790649414,38296,25.40950584411621,4817,1686.315306997,7400448.0,4818,0.3098958432674408,0.7941466569900513,-0.05852692574262619,1.0
0.0182291679084301,1.4751209020614624,1746199075.431989,0.4887086749076843,0.6204620599746704,43.23019790649414,38480,27.750652313232422,4840,1694.062730161,7435776.0,4841,0.2994791865348816,0.817646861076355,-0.10601601004600525,1.0
0.017578125,1.4751209020614624,1746199078.1277056,0.48736292123794556,0.6204620599746704,43.23019790649414,38544,28.921876907348633,4848,1696.75846951,7448064.0,4849,0.3541666865348816,0.9246580004692078,-0.08499382436275482,1.0
0.01888020895421505,1.555647373199463,1746199098.1059377,0.4812431037425995,0.6746807098388672,40.50864028930664,39016,27.219402313232422,4907,1716.736692665,7538688.0,4908,0.3626302182674408,0.9092721939086914,-0.08750587701797485,1.0
0.01953125186264515,1.555647373199463,1746199100.1273232,0.4594375491142273,0.6746807098388672,40.50864028930664,39064,27.62434959411621,4913,1718.758040311,7547904.0,4914,0.3763020932674408,0.9026304483413696,-0.12346820533275604,1.0
0.0162760429084301,1.555647373199463,1746199100.4658065,0.4631107449531555,0.6746807098388672,40.50864028930664,39072,28.23372459411621,4914,1719.096549343,7549440.0,4915,0.3352864682674408,0.8242518901824951,-0.11265884339809418,1.0
0.01953125186264515,1.555647373199463,1746199103.1650386,0.41739213466644287,0.6746807098388672,40.50864028930664,39136,26.26302146911621,4922,1721.795777423,7561728.0,4923,0.4231770932674408,1.0123484134674072,-0.11554330587387085,1.0
0.01953125186264515,1.555647373199463,1746199103.8411782,0.413404643535614,0.6746807098388672,40.50864028930664,39152,28.106121063232422,4924,1722.471975108,7564800.0,4925,0.4388020932674408,1.0211676359176636,-0.10489928722381592,1.0
0.0221354179084301,1.555647373199463,1746199111.93286,0.4197571277618408,0.6746807098388672,40.50864028930664,39344,25.60481834411621,4948,1730.56362114,7601664.0,4949,0.4238281548023224,0.9872874021530151,-0.09753425419330597,1.0
0.0182291679084301,1.555647373199463,1746199113.9526415,0.42830681800842285,0.6746807098388672,40.50864028930664,39392,28.938152313232422,4954,1732.583406544,7610880.0,4955,0.3860677182674408,0.9508687257766724,-0.08468455076217651,1.0
0.01888020895421505,1.555647373199463,1746199115.6358318,0.4124467968940735,0.6746807098388672,40.50864028930664,39432,26.85286521911621,4959,1734.266588336,7618560.0,4960,0.3860677182674408,0.9658626914024353,-0.09708261489868164,1.0
0.01953125186264515,1.555647373199463,1746199117.3230693,0.39498502016067505,0.6746807098388672,40.50864028930664,39472,26.873699188232422,4964,1735.953815241,7626240.0,4965,0.4680989682674408,1.0730196237564087,-0.07898321747779846,1.0
0.02083333395421505,1.555647373199463,1746199119.3462791,0.4082973003387451,0.6746807098388672,40.50864028930664,39520,26.553386688232422,4970,1737.977016118,7635456.0,4971,0.4654948115348816,1.097139596939087,-0.11703033745288849,1.0
0.01888020895421505,1.555647373199463,1746199121.7043319,0.4201585054397583,0.6746807098388672,40.50864028930664,39576,27.134767532348633,4977,1740.335067475,7646208.0,4978,0.4869791865348816,1.070473074913025,-0.10846487432718277,1.0
0.017578125,1.555647373199463,1746199122.384067,0.43040430545806885,0.6746807098388672,40.50864028930664,39592,27.87239646911621,4979,1741.014860944,7649280.0,4980,0.3964844048023224,0.9777364134788513,-0.09448914229869843,1.0
0.02083333395421505,1.555647373199463,1746199124.4078925,0.40172383189201355,0.6746807098388672,40.50864028930664,39640,26.58724021911621,4985,1743.038692252,7658496.0,4986,0.4921875298023224,1.0769953727722168,-0.11575062572956085,1.0
0.0182291679084301,1.555647373199463,1746199136.8807333,0.47993147373199463,0.6746807098388672,40.50864028930664,39936,26.697267532348633,5022,1755.511479359,7715328.0,5023,0.2747395932674408,0.7677727937698364,-0.12532523274421692,1.0
0.0201822929084301,1.555647373199463,1746199140.925505,0.48127925395965576,0.6746807098388672,40.50864028930664,40032,27.265626907348633,5034,1759.556234422,7733760.0,5035,0.4160156548023224,0.9699434041976929,-0.10654538124799728,1.0
0.01692708395421505,1.555647373199463,1746199149.0099463,0.48766276240348816,0.6746807098388672,40.50864028930664,40224,28.732423782348633,5058,1767.640685881,7770624.0,5059,0.4069010615348816,0.9362181425094604,-0.0957079604268074,1.0
0.01692708395421505,1.555647373199463,1746199151.7081246,0.5118188858032227,0.6746807098388672,40.50864028930664,40288,28.31966209411621,5066,1770.338859118,7782912.0,5067,0.4075520932674408,0.965833842754364,-0.09942886978387833,1.0
0.01888020895421505,1.555647373199463,1746199152.3864703,0.4979322552680969,0.6746807098388672,40.50864028930664,40304,28.85872459411621,5068,1771.017241611,7785984.0,5069,0.3893229365348816,0.9475055932998657,-0.12106016278266907,1.0
0.01692708395421505,1.555647373199463,1746199154.4093509,0.5247324109077454,0.6746807098388672,40.50864028930664,40352,26.857423782348633,5074,1773.04007803,7795200.0,5075,0.3138020932674408,0.8148362636566162,-0.0951792299747467,1.0
0.01692708395421505,1.555647373199463,1746199155.7577114,0.49253392219543457,0.6746807098388672,40.50864028930664,40384,28.453777313232422,5078,1774.388464967,7801344.0,5079,0.2858073115348816,0.8052324652671814,-0.07885347306728363,1.0
0.0182291679084301,1.555647373199463,1746199158.1166282,0.493709534406662,0.6746807098388672,40.50864028930664,40440,29.773439407348633,5085,1776.747377411,7812096.0,5086,0.3795573115348816,0.9555513262748718,-0.08387260138988495,1.0
0.017578125,1.555647373199463,1746199166.5509913,0.46319442987442017,0.6746807098388672,40.50864028930664,40640,26.272136688232422,5110,1785.181728593,7850496.0,5111,0.3027344048023224,0.7999765276908875,-0.10907645523548126,1.0
0.014322916977107525,1.555647373199463,1746199168.57117,0.433942049741745,0.6746807098388672,40.50864028930664,40688,26.87825584411621,5116,1787.20193044,7859712.0,5117,0.2233072966337204,0.627402663230896,-0.14001381397247314,1.0
0.01497395895421505,1.555647373199463,1746199176.3230827,0.49595341086387634,0.6746807098388672,40.50864028930664,40872,29.449871063232422,5139,1794.953844824,7895040.0,5140,0.4414062798023224,0.9802721738815308,-0.05470257252454758,1.0
0.02083333395421505,1.555647373199463,1746199176.6601424,0.426241397857666,0.6746807098388672,40.50864028930664,40880,28.301433563232422,5140,1795.290896954,7896576.0,5141,0.2779948115348816,0.8178809285163879,-0.07372872531414032,1.0
0.0201822929084301,1.555647373199463,1746199177.3335094,0.4016936123371124,0.6746807098388672,40.50864028930664,40896,26.548830032348633,5142,1795.964261759,7899648.0,5143,0.2799479365348816,0.8002729415893555,-0.08968532085418701,1.0
0.017578125,1.555647373199463,1746199184.7515304,0.39551377296447754,0.6746807098388672,40.50864028930664,41072,26.53841209411621,5164,1803.382273853,7933440.0,5165,0.2265625149011612,0.7205187082290649,-0.10064955055713654,1.0
0.0221354179084301,1.555647373199463,1746199185.0883312,0.3982597291469574,0.6746807098388672,40.50864028930664,41080,23.68489646911621,5165,1803.719058128,7934976.0,5166,0.3697916865348816,0.9099581837654114,-0.0972360223531723,1.0
0.0182291679084301,1.6062697172164917,1746199206.4701805,0.39387714862823486,0.7043880224227905,41.123172760009766,41584,28.330730438232422,5228,1825.100953019,8031744.0,5229,0.4680989682674408,1.021245002746582,-0.05070099979639053,1.0
0.01953125186264515,1.6062697172164917,1746199225.6997592,0.3940543532371521,0.7043880224227905,41.123172760009766,42040,26.771486282348633,5285,1844.330520056,8119296.0,5286,0.2936198115348816,0.7836042046546936,-0.025369569659233093,1.0
0.0201822929084301,1.6062697172164917,1746199232.7784204,0.426851361989975,0.7043880224227905,41.123172760009766,42208,26.51888084411621,5306,1851.409168542,8151552.0,5307,0.3834635615348816,0.9143973588943481,-0.02615320309996605,1.0
0.02083333395421505,1.6062697172164917,1746199233.4514222,0.42442676424980164,0.7043880224227905,41.123172760009766,42224,25.353517532348633,5308,1852.082155633,8154624.0,5309,0.3216145932674408,0.8551446795463562,-0.021645724773406982,1.0
0.015625,1.6062697172164917,1746199233.7890673,0.4304215908050537,0.7043880224227905,41.123172760009766,42232,27.96224021911621,5309,1852.41981974,8156160.0,5310,0.255859375,0.770160973072052,-0.036251410841941833,1.0
0.01692708395421505,1.6062697172164917,1746199236.4863555,0.4190658926963806,0.7043880224227905,41.123172760009766,42296,26.10091209411621,5317,1855.117085171,8168448.0,5318,0.2552083432674408,0.7353629469871521,-0.005018424242734909,1.0
0.01953125186264515,1.6062697172164917,1746199237.5000556,0.3965302109718323,0.7043880224227905,41.123172760009766,42320,25.391277313232422,5320,1856.130795549,8173056.0,5321,0.4303385615348816,0.9527892470359802,-0.015299707651138306,1.0
0.017578125,1.6062697172164917,1746199238.5131676,0.4072090685367584,0.7043880224227905,41.123172760009766,42344,28.464845657348633,5323,1857.143912546,8177664.0,5324,0.4947916865348816,1.0671364068984985,-0.043807417154312134,1.0
0.015625,1.6062697172164917,1746199239.5246055,0.3819054067134857,0.7043880224227905,41.123172760009766,42368,26.875652313232422,5326,1858.155340291,8182272.0,5327,0.3977864682674408,0.875638484954834,-0.0180957168340683,1.0
0.017578125,1.6062697172164917,1746199240.8757498,0.39992043375968933,0.7043880224227905,41.123172760009766,42400,29.297527313232422,5330,1859.506496174,8188416.0,5331,0.4459635615348816,1.0410757064819336,-0.050203271210193634,1.0
0.017578125,1.6062697172164917,1746199243.9200947,0.3889620006084442,0.7043880224227905,41.123172760009766,42472,28.027345657348633,5339,1862.550844948,8202240.0,5340,0.4902344048023224,1.0972936153411865,-0.040434785187244415,1.0
0.0162760429084301,1.6062697172164917,1746199246.6197731,0.3819635808467865,0.7043880224227905,41.123172760009766,42536,25.48763084411621,5347,1865.250586186,8214528.0,5348,0.2929687798023224,0.8089302778244019,-0.012500040233135223,1.0
0.014322916977107525,1.6062697172164917,1746199247.633151,0.41703033447265625,0.7043880224227905,41.123172760009766,42560,29.48958396911621,5350,1866.263897941,8219136.0,5351,0.2246093899011612,0.694352924823761,-0.04861206188797951,1.0
0.01888020895421505,1.6062697172164917,1746199251.3317873,0.3732250928878784,0.7043880224227905,41.123172760009766,42648,29.436199188232422,5361,1869.962526851,8236032.0,5362,0.2910156548023224,0.8591691851615906,-0.01830543391406536,1.0
0.01497395895421505,1.6062697172164917,1746199277.6176898,0.4556499123573303,0.7043880224227905,41.123172760009766,43272,27.496095657348633,5439,1896.248434947,8355840.0,5440,0.4192708432674408,0.9540734887123108,-0.05855212360620499,1.0
0.01888020895421505,1.6062697172164917,1746199284.0201614,3.1725592613220215,0.7043880224227905,41.123172760009766,43424,24.64778709411621,5458,1902.650897788,8385024.0,5459,0.3255208432674408,0.834504246711731,-0.0590677484869957,1.0
0.02083333395421505,1.6062697172164917,1746199287.7290254,0.3439379930496216,0.7043880224227905,41.123172760009766,43512,27.006511688232422,5469,1906.359770674,8401920.0,5470,0.3372395932674408,0.8533740043640137,-0.03955448418855667,1.0
0.02083333395421505,1.6062697172164917,1746199292.4525814,0.3437424898147583,0.7043880224227905,41.123172760009766,43624,26.13411521911621,5483,1911.083331805,8423424.0,5484,0.4934896230697632,1.0976999998092651,-0.057881806045770645,1.0
0.0201822929084301,1.6062697172164917,1746199292.7904603,0.34380456805229187,0.7043880224227905,41.123172760009766,43632,28.62434959411621,5484,1911.421191501,8424960.0,5485,0.5651041865348816,1.2668267488479614,-0.07543987035751343,1.0
0.01953125186264515,1.6062697172164917,1746199293.8033884,0.3488105237483978,0.7043880224227905,41.123172760009766,43656,25.930339813232422,5487,1912.434115855,8429568.0,5488,0.2903645932674408,0.7930108904838562,-0.029907463118433952,1.0
0.0240885429084301,1.6062697172164917,1746199294.4763563,0.3664662837982178,0.7043880224227905,41.123172760009766,43672,25.194011688232422,5489,1913.107098157,8432640.0,5490,0.4759114682674408,1.093243956565857,-0.057681094855070114,1.0
0.0201822929084301,1.6062697172164917,1746199297.8455334,0.34135496616363525,0.7043880224227905,41.123172760009766,43752,26.978517532348633,5499,1916.476284624,8448000.0,5500,0.4505208432674408,1.0595483779907227,-0.05167396739125252,1.0
0.02148437686264515,1.6062697172164917,1746199303.5776682,0.37081238627433777,0.7043880224227905,41.123172760009766,43888,27.069011688232422,5516,1922.208417715,8474112.0,5517,0.5123698115348816,1.1337705850601196,-0.09931974858045578,1.0
0.01888020895421505,1.533678650856018,1746199306.3530602,0.3444449305534363,0.6599552631378174,40.03877639770508,43952,27.30794334411621,5524,1924.983818513,8486400.0,5525,0.4518229365348816,1.061759352684021,-0.06119891256093979,1.0
0.0201822929084301,1.533678650856018,1746199308.377891,0.3418988585472107,0.6599552631378174,40.03877639770508,44000,28.92513084411621,5530,1927.008685684,8495616.0,5531,0.4264323115348816,1.005623459815979,-0.04660271108150482,1.0
0.01888020895421505,1.533678650856018,1746199318.8267658,0.3217834234237671,0.6599552631378174,40.03877639770508,44248,27.40950584411621,5561,1937.457521338,8543232.0,5562,0.4882812798023224,1.088930368423462,-0.08487043529748917,1.0
0.01953125186264515,1.533678650856018,1746199319.4988244,0.47840452194213867,0.6599552631378174,40.03877639770508,44264,27.094402313232422,5563,1938.129590805,8546304.0,5564,0.3828125298023224,0.9592136740684509,-0.025184720754623413,1.0
0.01888020895421505,1.533678650856018,1746199322.8698137,0.32089170813560486,0.6599552631378174,40.03877639770508,44344,27.68099021911621,5573,1941.50058096,8561664.0,5574,0.4381510615348816,1.0257940292358398,-0.0006826277822256088,1.0
0.017578125,1.533678650856018,1746199332.6490793,0.3162827789783478,0.6599552631378174,40.03877639770508,44576,26.45833396911621,5602,1951.279830789,8606208.0,5603,0.4498698115348816,1.0070538520812988,-0.028102196753025055,1.0
0.01953125186264515,1.533678650856018,1746199338.3773572,0.32114243507385254,0.6599552631378174,40.03877639770508,44712,27.68880271911621,5619,1957.008080072,8632320.0,5620,0.4309895932674408,0.9906078577041626,-0.023494035005569458,1.0
0.02278645895421505,1.533678650856018,1746199340.7465796,0.338715136051178,0.6599552631378174,40.03877639770508,44768,25.033205032348633,5626,1959.377327871,8643072.0,5627,0.4368489682674408,1.018244981765747,-0.08592024445533752,1.0
0.0182291679084301,1.533678650856018,1746199348.5349169,0.30472761392593384,0.6599552631378174,40.03877639770508,44952,25.805339813232422,5649,1967.165649091,8678400.0,5650,0.3912760615348816,0.9356187582015991,-0.0865393802523613,1.0
0.02148437686264515,1.533678650856018,1746199350.5587494,0.340890496969223,0.6599552631378174,40.03877639770508,45000,25.804689407348633,5655,1969.189480436,8687616.0,5656,0.4192708432674408,1.004576563835144,-0.10439003258943558,1.0
0.0201822929084301,1.533678650856018,1746199352.5862827,0.37035930156707764,0.6599552631378174,40.03877639770508,45048,26.361330032348633,5661,1971.217055624,8696832.0,5662,0.4069010615348816,0.9679042100906372,-0.11406503617763519,1.0
0.01953125186264515,1.533678650856018,1746199353.5959105,0.3743875026702881,0.6599552631378174,40.03877639770508,45072,28.350261688232422,5664,1972.226685562,8701440.0,5665,0.279296875,0.8162990808486938,-0.11556306481361389,1.0
0.0182291679084301,1.533678650856018,1746199358.6480458,0.3605140447616577,0.6599552631378174,40.03877639770508,45192,28.79622459411621,5679,1977.278811729,8724480.0,5680,0.3899739682674408,0.9789900183677673,-0.07842251658439636,1.0
0.01692708395421505,1.533678650856018,1746199371.7879126,0.3427583575248718,0.6599552631378174,40.03877639770508,45504,28.305339813232422,5718,1990.418667533,8784384.0,5719,0.4225260615348816,1.0374971628189087,-0.08884073793888092,1.0
0.02083333395421505,1.533678650856018,1746199372.7970786,0.3489672541618347,0.6599552631378174,40.03877639770508,45528,27.115886688232422,5721,1991.427843855,8788992.0,5722,0.3235677182674408,0.8870720267295837,-0.08209228515625,1.0
0.01888020895421505,1.533678650856018,1746199377.8510334,0.35916146636009216,0.6599552631378174,40.03877639770508,45648,28.049480438232422,5736,1996.481793707,8812032.0,5737,0.3971354365348816,0.9359862208366394,-0.10638973116874695,1.0
0.01692708395421505,1.533678650856018,1746199386.2802298,0.5214141607284546,0.6599552631378174,40.03877639770508,45848,27.66145896911621,5761,2004.91098669,8850432.0,5762,0.2766927182674408,0.7249321937561035,-0.15190716087818146,1.0
0.0221354179084301,1.533678650856018,1746199386.9543064,0.4746662676334381,0.6599552631378174,40.03877639770508,45864,26.44856834411621,5763,2005.585041839,8853504.0,5764,0.2936198115348816,0.8607047200202942,-0.15038453042507172,1.0
0.01953125186264515,1.533678650856018,1746199394.367279,0.3862765431404114,0.6599552631378174,40.03877639770508,46040,27.069011688232422,5785,2012.998004212,8887296.0,5786,0.3203125298023224,0.9093057513237,-0.15488557517528534,1.0
0.01692708395421505,1.533678650856018,1746199406.153512,0.3830166459083557,0.6599552631378174,40.03877639770508,46320,28.930339813232422,5820,2024.784274623,8941056.0,5821,0.3658854365348816,0.8822100162506104,-0.11134806275367737,1.0
0.0182291679084301,1.533678650856018,1746199408.175253,0.4018731713294983,0.6599552631378174,40.03877639770508,46368,27.89974021911621,5826,2026.805996893,8950272.0,5827,0.3645833432674408,0.8828228712081909,-0.11910620331764221,1.0
0.01888020895421505,1.6018201112747192,1746199420.3886166,0.31807130575180054,0.7050359845161438,42.66826629638672,46656,26.342449188232422,5862,2039.019391226,9005568.0,5863,0.4934896230697632,1.0986994504928589,-0.10224444419145584,1.0
0.02278645895421505,1.6018201112747192,1746199421.4014482,0.37482574582099915,0.7050359845161438,42.66826629638672,46680,26.86458396911621,5865,2040.03219777,9010176.0,5866,0.3854166865348816,0.9905747175216675,-0.11542564630508423,1.0
0.01953125186264515,1.6018201112747192,1746199427.4673593,0.3755858540534973,0.7050359845161438,42.66826629638672,46824,26.22786521911621,5883,2046.098104596,9037824.0,5884,0.3639323115348816,0.9202112555503845,-0.08647403120994568,1.0
0.02083333395421505,1.6018201112747192,1746199430.1672895,0.3196641802787781,0.7050359845161438,42.66826629638672,46888,27.947917938232422,5891,2048.798012631,9050112.0,5892,0.4596354365348816,1.053232192993164,-0.06203242391347885,1.0
0.0221354179084301,1.6018201112747192,1746199430.5046558,0.34034138917922974,0.7050359845161438,42.66826629638672,46896,24.820314407348633,5892,2049.135399927,9051648.0,5893,0.4212239682674408,1.0104137659072876,-0.09863127022981644,1.0
0.0182291679084301,1.6018201112747192,1746199431.1795123,0.3804118037223816,0.7050359845161438,42.66826629638672,46912,29.16927146911621,5894,2049.810251263,9054720.0,5895,0.5748698115348816,1.2175052165985107,-0.07118213176727295,1.0
0.02083333395421505,1.6018201112747192,1746199436.2385013,0.3244667947292328,0.7050359845161438,42.66826629638672,47032,27.50325584411621,5909,2054.869240473,9077760.0,5910,0.5774739980697632,1.2489676475524902,-0.12099522352218628,1.0
0.01888020895421505,1.6018201112747192,1746199437.5879931,0.35329580307006836,0.7050359845161438,42.66826629638672,47064,27.22591209411621,5913,2056.21874905,9083904.0,5914,0.3736979365348816,0.9091125726699829,-0.07820568978786469,1.0
0.0221354179084301,1.6018201112747192,1746199443.6676083,0.9492680430412292,0.7050359845161438,42.66826629638672,47208,25.826173782348633,5931,2062.29838732,9111552.0,5932,0.5110677480697632,1.1335910558700562,-0.09219975769519806,1.0
0.0162760429084301,1.6018201112747192,1746199448.0461369,0.325184166431427,0.7050359845161438,42.66826629638672,47312,29.919923782348633,5944,2066.676869677,9131520.0,5945,0.4524739682674408,1.0277979373931885,-0.09750592708587646,1.0
0.01888020895421505,1.6018201112747192,1746199450.7460203,0.8949929475784302,0.7050359845161438,42.66826629638672,47376,26.673830032348633,5952,2069.376774275,9143808.0,5953,0.4472656548023224,1.04398512840271,-0.08099644631147385,1.0
0.0201822929084301,1.6018201112747192,1746199453.1057885,0.3189409077167511,0.7050359845161438,42.66826629638672,47432,27.436199188232422,5959,2071.7365441,9154560.0,5960,0.4309895932674408,0.9944256544113159,-0.13297906517982483,1.0
0.01953125186264515,1.6018201112747192,1746199455.4659653,0.3616563081741333,0.7050359845161438,42.66826629638672,47488,25.71028709411621,5966,2074.096732722,9165312.0,5967,0.3509114682674408,0.8769970536231995,-0.09411968290805817,1.0
0.0182291679084301,1.6018201112747192,1746199458.838358,0.3413197100162506,0.7050359845161438,42.66826629638672,47568,25.05599021911621,5976,2077.469105539,9180672.0,5977,0.3958333432674408,0.9350792765617371,-0.06675802171230316,1.0
0.0201822929084301,1.6018201112747192,1746199459.174568,0.486453652381897,0.7050359845161438,42.66826629638672,47576,27.949871063232422,5977,2077.805292478,9182208.0,5978,0.4388020932674408,1.0397801399230957,-0.1009562611579895,1.0
0.01953125186264515,1.6018201112747192,1746199466.9232645,0.4046313166618347,0.7050359845161438,42.66826629638672,47760,27.914714813232422,6000,2085.554003154,9217536.0,6001,0.4628906548023224,1.0923281908035278,-0.14398524165153503,1.0
0.01888020895421505,1.6018201112747192,1746199468.273546,0.3006250262260437,0.7050359845161438,42.66826629638672,47792,28.58138084411621,6004,2086.904290257,9223680.0,6005,0.3971354365348816,0.9715940356254578,-0.14805305004119873,1.0
0.01953125186264515,1.6018201112747192,1746199468.945454,0.3760536313056946,0.7050359845161438,42.66826629638672,47808,27.390626907348633,6006,2087.576276783,9226752.0,6007,0.4016927182674408,0.9885570406913757,-0.14167702198028564,1.0
0.02148437686264515,1.6018201112747192,1746199492.880803,0.3698788285255432,0.7050359845161438,42.66826629638672,48376,24.76302146911621,6077,2111.511541796,9335808.0,6078,0.3847656548023224,0.9073225855827332,-0.1021074503660202,1.0
0.0201822929084301,1.6018201112747192,1746199498.6478865,0.3796800374984741,0.7050359845161438,42.66826629638672,48512,27.046876907348633,6094,2117.278623386,9361920.0,6095,0.4824219048023224,1.050517201423645,-0.1299169510602951,1.0
0.01888020895421505,1.6018201112747192,1746199502.3588464,0.35460400581359863,0.7050359845161438,42.66826629638672,48600,27.96419334411621,6105,2120.989614545,9378816.0,6106,0.4583333432674408,1.0597903728485107,-0.06171788275241852,1.0
0.0201822929084301,1.6018201112747192,1746199507.412623,2.0384154319763184,0.7050359845161438,42.66826629638672,48720,27.751955032348633,6120,2126.043383018,9401856.0,6121,0.5201823115348816,1.1595038175582886,-0.1355189085006714,1.0
0.015625,1.6018201112747192,1746199509.7739093,0.5836713910102844,0.7050359845161438,42.66826629638672,48776,29.670574188232422,6127,2128.404664786,9412608.0,6128,0.4003906548023224,0.989838182926178,-0.08869919180870056,1.0
0.0201822929084301,1.6018201112747192,1746199515.847894,0.37254729866981506,0.7050359845161438,42.66826629638672,48920,27.67513084411621,6145,2134.478664707,9440256.0,6146,0.4453125298023224,1.047300100326538,-0.11124663054943085,1.0
0.02083333395421505,1.6018201112747192,1746199519.556416,2.425910472869873,0.7050359845161438,42.66826629638672,49008,25.970705032348633,6156,2138.187172784,9457152.0,6157,0.5286458730697632,1.1742627620697021,-0.11096720397472382,1.0
0.0182291679084301,1.6018201112747192,1746199522.9319067,0.3982522487640381,0.7050359845161438,42.66826629638672,49088,28.42513084411621,6166,2141.56265735,9472512.0,6167,0.3769531548023224,0.9662261009216309,-0.12708623707294464,1.0
0.0182291679084301,1.5394142866134644,1746199537.5097346,0.4074760973453522,0.6604181528091431,38.523433685302734,49432,29.503908157348633,6209,2156.140472643,9538560.0,6210,0.3118489682674408,0.8728396892547607,-0.1303333044052124,1.0
0.01888020895421505,1.5394142866134644,1746199538.5290203,0.33619582653045654,0.6604181528091431,38.523433685302734,49456,27.16536521911621,6212,2157.159784243,9543168.0,6213,0.4023437798023224,0.9609472155570984,-0.13958311080932617,1.0
0.0240885429084301,1.5394142866134644,1746199547.9648197,1.467118740081787,0.6604181528091431,38.523433685302734,49680,24.479167938232422,6240,2166.595556101,9586176.0,6241,0.4466145932674408,1.0393632650375366,-0.20792697370052338,1.0
0.01953125186264515,1.5394142866134644,1746199549.3172746,0.35875239968299866,0.6604181528091431,38.523433685302734,49712,27.591798782348633,6244,2167.948021328,9592320.0,6245,0.4342448115348816,0.9887897968292236,-0.1717667281627655,1.0
0.02083333395421505,1.5394142866134644,1746199551.6739326,0.41622042655944824,0.6604181528091431,38.523433685302734,49768,25.48177146911621,6251,2170.304686935,9603072.0,6252,0.4973958730697632,1.108654260635376,-0.12705442309379578,1.0
0.0182291679084301,1.5394142866134644,1746199555.3776472,0.34824973344802856,0.6604181528091431,38.523433685302734,49856,28.471355438232422,6262,2174.008419026,9619968.0,6263,0.548828125,1.1855807304382324,-0.10773850977420807,1.0
0.02148437686264515,1.5394142866134644,1746199557.0631077,0.34527191519737244,0.6604181528091431,38.523433685302734,49896,25.379558563232422,6267,2175.693835782,9627648.0,6268,0.4485677182674408,1.0130486488342285,-0.12936943769454956,1.0
0.01692708395421505,1.5394142866134644,1746199563.4635365,0.38359522819519043,0.6604181528091431,38.523433685302734,50048,26.93880271911621,6286,2182.094285946,9656832.0,6287,0.4264323115348816,0.968055784702301,-0.12627002596855164,1.0
0.01888020895421505,1.5394142866134644,1746199565.821718,0.3444281816482544,0.6604181528091431,38.523433685302734,50104,25.842449188232422,6293,2184.452475181,9667584.0,6294,0.3483073115348816,0.9034454822540283,-0.16649913787841797,1.0
0.01953125186264515,1.5394142866134644,1746199572.2282262,0.3185015320777893,0.6604181528091431,38.523433685302734,50256,24.865886688232422,6312,2190.858969123,9696768.0,6313,0.3990885615348816,0.9073955416679382,-0.18447589874267578,1.0
0.02083333395421505,1.5394142866134644,1746199578.9670386,0.4190275967121124,0.6604181528091431,38.523433685302734,50416,26.932292938232422,6332,2197.597799278,9727488.0,6333,0.4179687798023224,0.974058985710144,-0.13627949357032776,1.0
0.01692708395421505,1.5394142866134644,1746199579.641789,0.45202958583831787,0.6604181528091431,38.523433685302734,50432,29.113933563232422,6334,2198.27254274,9730560.0,6335,0.4707031548023224,1.0765873193740845,-0.1414509117603302,1.0
0.0201822929084301,1.5394142866134644,1746199582.6736374,0.3958919644355774,0.6604181528091431,38.523433685302734,50504,27.064455032348633,6343,2201.304426235,9744384.0,6344,0.4791666865348816,1.0873936414718628,-0.1647963672876358,1.0
0.01888020895421505,1.5394142866134644,1746199591.7745843,0.342256635427475,0.6604181528091431,38.523433685302734,50720,28.388673782348633,6370,2210.40532305,9785856.0,6371,0.5983073115348816,1.2799736261367798,-0.14534780383110046,1.0
0.02148437686264515,1.5394142866134644,1746199594.1304157,0.31665393710136414,0.6604181528091431,38.523433685302734,50776,26.15950584411621,6377,2212.761158878,9796608.0,6378,0.4798177480697632,1.0631362199783325,-0.16593730449676514,1.0
0.0201822929084301,1.5394142866134644,1746199595.47662,0.29894864559173584,0.6604181528091431,38.523433685302734,50808,26.26106834411621,6381,2214.107358381,9802752.0,6382,0.3684895932674408,0.9113157391548157,-0.17557893693447113,1.0
0.0182291679084301,1.5394142866134644,1746199598.5065062,0.318661630153656,0.6604181528091431,38.523433685302734,50880,26.46614646911621,6390,2217.13731212,9816576.0,6391,0.4101562798023224,0.9412739872932434,-0.24609002470970154,1.0
0.0221354179084301,1.5394142866134644,1746199603.9031215,0.3270273804664612,0.6604181528091431,38.523433685302734,51008,26.458986282348633,6406,2222.533945754,9841152.0,6407,0.4980469048023224,1.104462742805481,-0.19291743636131287,1.0
0.0201822929084301,1.5394142866134644,1746199605.5881376,0.36778080463409424,0.6604181528091431,38.523433685302734,51048,27.533855438232422,6411,2224.218888325,9848832.0,6412,0.4570312798023224,1.105176568031311,-0.17909502983093262,1.0
0.0201822929084301,1.5394142866134644,1746199615.7000134,0.36776214838027954,0.6604181528091431,38.523433685302734,51288,27.201173782348633,6441,2234.330771686,9894912.0,6442,0.4960937798023224,1.1189464330673218,-0.2094767540693283,1.0
0.0182291679084301,1.5394142866134644,1746199625.47907,0.34232842922210693,0.6604181528091431,38.523433685302734,51520,27.562501907348633,6470,2244.109827776,9939456.0,6471,0.4856771230697632,1.1008632183074951,-0.2010030895471573,1.0
0.02083333395421505,1.5394142866134644,1746199630.871519,0.31365442276000977,0.6604181528091431,38.523433685302734,51648,26.81966209411621,6486,2249.502254156,9964032.0,6487,0.5221354365348816,1.1755083799362183,-0.15786537528038025,1.0
0.0162760429084301,1.5394142866134644,1746199631.207927,0.3374164402484894,0.6604181528091431,38.523433685302734,51656,27.12825584411621,6487,2249.838666424,9965568.0,6488,0.3125000298023224,0.8415521383285522,-0.22680194675922394,1.0
