returned_episode,env_step,returned_won_episode,test_returned_won_episode,test_returned_episode_lengths,qvals,_step,grad_steps,returned_episode_lengths,test_returned_episode_returns,test_returned_episode,_runtime,update_steps,returned_episode_returns,loss,_timestamp
0.015625,27648.0,0.0,0.0,40.99847412109375,0.0,17,0,31.276042938232422,0.08202826976776123,1.0,47.044113696,18,0.11070477962493896,0.0,1746164058.6116793
0.014322916977107525,53760.0,0.0,0.0,40.99847412109375,0.1650044322013855,34,32,29.858074188232422,0.08202826976776123,1.0,49.498204309,35,0.08912213891744614,0.0036786547861993313,1746164061.0657294
0.014322916977107525,56832.0,0.0,0.0,40.99847412109375,0.2631761133670807,36,48,30.75,0.08202826976776123,1.0,50.300889281,37,0.11836021393537521,0.0032996779773384333,1746164061.8684185
0.015625,66048.0,0.0,0.0,40.99847412109375,0.31484562158584595,42,96,31.139324188232422,0.08202826976776123,1.0,52.71106905,43,0.12074621766805649,0.0051518892869353294,1746164064.2785246
0.013671875,104448.0,0.0,0.0,40.99847412109375,0.6013349890708923,67,296,31.7578125,0.08202826976776123,1.0,62.753801182,68,0.128235325217247,0.0054079145193099976,1746164074.3213587
0.013671875,105984.0,0.0,0.0,40.99847412109375,0.6105320453643799,68,304,30.96614646911621,0.08202826976776123,1.0,63.155497801,69,0.14640763401985168,0.005378330126404762,1746164074.7230299
0.012369791977107525,198144.0,0.0,0.0,40.99847412109375,0.6968517303466797,128,784,31.23958396911621,0.08202826976776123,1.0,87.263574638,129,0.16757246851921082,0.021318838000297546,1746164098.8311071
0.014322916977107525,202752.0,0.0,0.0,40.99847412109375,0.7517602443695068,131,808,31.404949188232422,0.08202826976776123,1.0,88.468541645,132,0.1729954481124878,0.05909308046102524,1746164100.0360527
0.01302083395421505,253440.0,0.0,0.0,40.99847412109375,0.3954439163208008,164,1072,31.140625,0.08202826976776123,1.0,101.727381496,165,0.19107244908809662,0.05285625159740448,1746164113.294923
0.012369791977107525,274944.0,0.0,0.0,40.99847412109375,0.4497334361076355,178,1184,31.947917938232422,0.08202826976776123,1.0,107.349682834,179,0.1869337260723114,0.1435539722442627,1746164118.9172251
0.014322916977107525,288768.0,0.0,0.0,40.99847412109375,0.47477442026138306,187,1256,31.994792938232422,0.08202826976776123,1.0,110.963826298,188,0.19150438904762268,0.35430485010147095,1746164122.531384
0.012369791977107525,290304.0,0.0,0.0,40.99847412109375,0.46330931782722473,188,1264,30.11067771911621,0.08202826976776123,1.0,111.365617483,189,0.16751572489738464,0.34009450674057007,1746164122.9331956
0.013671875,333312.0,0.0,0.0,40.99847412109375,0.4829005002975464,216,1488,31.46875,0.08202826976776123,1.0,122.619704314,217,0.21657192707061768,0.16703970730304718,1746164134.1872265
0.014322916977107525,337920.0,0.0,0.0,40.99847412109375,0.4837168753147125,219,1512,31.971355438232422,0.08202826976776123,1.0,123.824348239,220,0.20108374953269958,0.16029509902000427,1746164135.3918705
0.014322916977107525,339456.0,0.0,0.0,40.99847412109375,0.4733276963233948,220,1520,32.161460876464844,0.08202826976776123,1.0,124.226471841,221,0.21974879503250122,0.1726313829421997,1746164135.7940104
0.014322916977107525,377856.0,0.0,0.0,40.99847412109375,0.5282471179962158,245,1720,31.30989646911621,0.08202826976776123,1.0,134.269673048,246,0.21578827500343323,0.48499634861946106,1746164145.8372076
0.014322916977107525,379392.0,0.0,0.0,40.99847412109375,0.5350408554077148,246,1728,31.86458396911621,0.08202826976776123,1.0,134.671506863,247,0.20027652382850647,0.48678016662597656,1746164146.239056
0.014322916977107525,423936.0,0.0,0.0,40.99847412109375,0.6104003190994263,275,1960,32.071617126464844,0.08202826976776123,1.0,146.32360552,276,0.24404439330101013,0.5101070404052734,1746164157.8911567
0.015625,462336.0,0.0,0.0,40.99847412109375,0.628448486328125,300,2160,32.055992126464844,0.08202826976776123,1.0,156.365139918,301,0.23830287158489227,0.5531833171844482,1746164167.9326804
0.01171875,514560.0,0.0,0.009104704484343529,67.38542938232422,0.6904795169830322,334,2432,32.2421875,0.7136748433113098,1.0,170.121244372,335,0.2712307572364807,0.5802892446517944,1746164181.6887884
0.01497395895421505,528384.0,0.0,0.009104704484343529,67.38542938232422,0.680275559425354,343,2504,32.12760543823242,0.7136748433113098,1.0,173.736038576,344,0.2420186698436737,0.5596941709518433,1746164185.303559
0.01497395895421505,554496.0,0.0,0.009104704484343529,67.38542938232422,0.6978881359100342,360,2640,31.61328125,0.7136748433113098,1.0,180.563768341,361,0.2385776937007904,0.5291864275932312,1746164192.131311
0.014322916977107525,585216.0,0.0,0.009104704484343529,67.38542938232422,0.678027868270874,380,2800,32.0234375,0.7136748433113098,1.0,188.609875752,381,0.20612750947475433,0.46624991297721863,1746164200.1774096
0.01497395895421505,600576.0,0.0,0.009104704484343529,67.38542938232422,0.6775983572006226,390,2880,31.428386688232422,0.7136748433113098,1.0,192.627067866,391,0.192350834608078,0.43721890449523926,1746164204.1946251
0.015625,629760.0,0.0,0.009104704484343529,67.38542938232422,0.6408542990684509,409,3032,29.7578125,0.7136748433113098,1.0,200.258373497,410,0.15436629951000214,0.3703901767730713,1746164211.8259077
0.015625,635904.0,0.0,0.009104704484343529,67.38542938232422,0.6212912201881409,413,3064,31.893230438232422,0.7136748433113098,1.0,201.896804261,414,0.1890258491039276,0.3389354348182678,1746164213.464341
0.013671875,637440.0,0.0,0.009104704484343529,67.38542938232422,0.6088321208953857,414,3072,31.701824188232422,0.7136748433113098,1.0,202.298451524,415,0.17020824551582336,0.3540797829627991,1746164213.865982
0.01302083395421505,685056.0,0.0,0.009104704484343529,67.38542938232422,0.5554264783859253,445,3320,31.225261688232422,0.7136748433113098,1.0,214.756083395,446,0.1624583750963211,0.18436692655086517,1746164226.3236282
0.01302083395421505,686592.0,0.0,0.009104704484343529,67.38542938232422,0.567825198173523,446,3328,31.350261688232422,0.7136748433113098,1.0,215.157512245,447,0.16260968148708344,0.2019708752632141,1746164226.7250495
0.01171875,715776.0,0.0,0.009104704484343529,67.38542938232422,0.5093536376953125,465,3480,32.13151168823242,0.7136748433113098,1.0,222.788399215,466,0.1567809283733368,0.1660761833190918,1746164234.3559542
0.010416666977107525,721920.0,0.0,0.009104704484343529,67.38542938232422,0.4963488280773163,469,3512,32.071617126464844,0.7136748433113098,1.0,224.394518317,470,0.14429691433906555,0.15969538688659668,1746164235.9620576
0.014322916977107525,752640.0,0.0,0.009104704484343529,67.38542938232422,0.5595921277999878,489,3672,31.96484375,0.7136748433113098,1.0,232.432017938,490,0.12472157925367355,0.18706032633781433,1746164243.9994998
0.013671875,803328.0,0.0,0.009104704484343529,67.38542938232422,0.5456460118293762,522,3936,32.30859375,0.7136748433113098,1.0,245.685583032,523,0.12650400400161743,0.11106641590595245,1746164257.2531154
0.014322916977107525,809472.0,0.0,0.009104704484343529,67.38542938232422,0.5376392006874084,526,3968,31.12239646911621,0.7136748433113098,1.0,247.292423359,527,0.10417260974645615,0.10172173380851746,1746164258.8599803
0.01302083395421505,818688.0,0.0,0.009104704484343529,67.38542938232422,0.521848738193512,532,4016,32.067710876464844,0.7136748433113098,1.0,249.702413994,533,0.12530583143234253,0.16133663058280945,1746164261.2699795
0.013671875,849408.0,0.0,0.009104704484343529,67.38542938232422,0.4738319516181946,552,4176,31.01171875,0.7136748433113098,1.0,257.739559078,553,0.1050582155585289,0.16735422611236572,1746164269.3071208
0.015625,892416.0,0.0,0.009104704484343529,67.38542938232422,0.3506535291671753,580,4400,31.69661521911621,0.7136748433113098,1.0,268.987838345,581,0.07243811339139938,0.30475884675979614,1746164280.5553515
0.014322916977107525,895488.0,0.0,0.009104704484343529,67.38542938232422,0.316326379776001,582,4416,32.274742126464844,0.7136748433113098,1.0,269.79093946,583,0.10634107887744904,0.1775733232498169,1746164281.3584769
0.015625,920064.0,0.0,0.009104704484343529,67.38542938232422,0.3644992411136627,598,4544,31.979167938232422,0.7136748433113098,1.0,276.226503594,599,0.08182233572006226,0.306892067193985,1746164287.7940614
0.015625,943104.0,0.0,0.009104704484343529,67.38542938232422,0.27262187004089355,613,4664,30.662761688232422,0.7136748433113098,1.0,282.256397397,614,0.12554961442947388,0.21125081181526184,1746164293.8239355
0.015625,950784.0,0.0,0.009104704484343529,67.38542938232422,0.2642318904399872,618,4704,32.27213668823242,0.7136748433113098,1.0,284.263523432,619,0.10267122834920883,0.19827885925769806,1746164295.8310792
0.01497395895421505,963072.0,0.0,0.009104704484343529,67.38542938232422,0.3344050347805023,626,4768,31.529949188232422,0.7136748433113098,1.0,287.477395447,627,0.04819817468523979,0.26132485270500183,1746164299.044945
0.014322916977107525,964608.0,0.0,0.009104704484343529,67.38542938232422,0.32550203800201416,627,4776,32.028648376464844,0.7136748433113098,1.0,287.879067644,628,0.12221231311559677,0.2943571209907532,1746164299.4466143
0.015625,979968.0,0.0,0.009104704484343529,67.38542938232422,0.3141772150993347,637,4856,31.8984375,0.7136748433113098,1.0,291.899580107,638,0.08482390642166138,0.15898039937019348,1746164303.4671106
0.015625,1022976.0,0.0,0.0,57.39236831665039,0.3485764265060425,665,5080,31.02864646911621,0.06731988489627838,1.0,303.252929956,666,0.07761885225772858,0.159734308719635,1746164314.8204749
0.015625,1038336.0,0.0,0.0,57.39236831665039,0.29708132147789,675,5160,32.26171875,0.06731988489627838,1.0,307.270122673,676,0.0971183180809021,0.17990002036094666,1746164318.8376408
0.013671875,1059840.0,0.0,0.0,57.39236831665039,0.21699468791484833,689,5272,32.032554626464844,0.06731988489627838,1.0,312.897661142,690,0.15095451474189758,0.1393338143825531,1746164324.465217
0.015625,1081344.0,0.0,0.0,57.39236831665039,0.1208440512418747,703,5384,31.94921875,0.06731988489627838,1.0,318.523966009,704,0.1269390881061554,0.14682349562644958,1746164330.0915074
0.014322916977107525,1096704.0,0.0,0.0,57.39236831665039,0.1841023564338684,713,5464,31.588542938232422,0.06731988489627838,1.0,322.540108911,714,0.10164058208465576,0.11956435441970825,1746164334.1076543
0.014322916977107525,1158144.0,0.0,0.0,57.39236831665039,0.3064817786216736,753,5784,32.265625,0.06731988489627838,1.0,338.610341825,754,0.15416322648525238,0.22762168943881989,1746164350.17788
0.012369791977107525,1162752.0,0.0,0.0,57.39236831665039,0.3269828259944916,756,5808,31.07421875,0.06731988489627838,1.0,339.815089608,757,0.1428171694278717,0.16118170320987701,1746164351.3826208
0.012369791977107525,1167360.0,0.0,0.0,57.39236831665039,0.29330626130104065,759,5832,31.015625,0.06731988489627838,1.0,341.019855054,760,0.22973541915416718,0.14586174488067627,1746164352.5874002
0.014322916977107525,1201152.0,0.0,0.0,57.39236831665039,0.20673254132270813,781,6008,31.9921875,0.06731988489627838,1.0,349.856522467,782,0.217340350151062,0.1568792462348938,1746164361.4240835
0.01302083395421505,1225728.0,0.0,0.0,57.39236831665039,0.1802949607372284,797,6136,31.81380271911621,0.06731988489627838,1.0,356.283620867,798,0.20712141692638397,0.12362724542617798,1746164367.851159
0.01497395895421505,1227264.0,0.0,0.0,57.39236831665039,0.18334850668907166,798,6144,31.881511688232422,0.06731988489627838,1.0,356.687714489,799,0.20677702128887177,0.14320755004882812,1746164368.2552333
0.01302083395421505,1241088.0,0.0,0.0,57.39236831665039,0.19256094098091125,807,6216,31.330730438232422,0.06731988489627838,1.0,360.302268198,808,0.1735984981060028,0.11502769589424133,1746164371.869835
0.01171875,1322496.0,0.0,0.0,57.39236831665039,0.14750619232654572,860,6640,32.067710876464844,0.06731988489627838,1.0,381.621589607,861,0.2357296198606491,0.10931533575057983,1746164393.1891594
0.01302083395421505,1390080.0,0.0,0.0,57.39236831665039,0.09412290155887604,904,6992,32.4453125,0.06731988489627838,1.0,399.296552815,905,0.2520722448825836,0.10629944503307343,1746164410.8641033
0.01302083395421505,1393152.0,0.0,0.0,57.39236831665039,0.13541173934936523,906,7008,32.38151168823242,0.06731988489627838,1.0,400.099606973,907,0.28494226932525635,0.1096225306391716,1746164411.6671576
0.014322916977107525,1405440.0,0.0,0.0,57.39236831665039,0.09399928152561188,914,7072,32.33984375,0.06731988489627838,1.0,403.317514819,915,0.259652316570282,0.07947267591953278,1746164414.8850582
0.013671875,1419264.0,0.0,0.0,57.39236831665039,0.1370404064655304,923,7144,31.59505271911621,0.06731988489627838,1.0,406.933181379,924,0.24091045558452606,0.07813861966133118,1746164418.5007095
0.01497395895421505,1446912.0,0.0,0.0,57.39236831665039,0.06637740135192871,941,7288,32.34244918823242,0.06731988489627838,1.0,414.162023455,942,0.2742707431316376,0.06271573901176453,1746164425.7295432
0.013671875,1456128.0,0.0,0.0,57.39236831665039,0.09524574875831604,947,7336,32.313804626464844,0.06731988489627838,1.0,416.571797405,948,0.27764588594436646,0.06134698539972305,1746164428.139369
0.014322916977107525,1492992.0,0.0,0.0,57.39236831665039,0.08469865471124649,971,7528,32.30859375,0.06731988489627838,1.0,426.220727241,972,0.2832043766975403,0.0568920262157917,1746164437.7882752
0.01497395895421505,1494528.0,0.0,0.0,57.39236831665039,0.061084162443876266,972,7536,32.048179626464844,0.06731988489627838,1.0,426.622302126,973,0.26348739862442017,0.05561855807900429,1746164438.189844
0.01497395895421505,1516032.0,0.0,0.0,60.05642318725586,0.06929633021354675,986,7648,32.17057418823242,0.5522829294204712,1.0,432.34692509,987,0.24432647228240967,0.060016267001628876,1746164443.9144793
0.015625,1522176.0,0.0,0.0,60.05642318725586,0.07236233353614807,990,7680,32.09375,0.5522829294204712,1.0,433.953541689,991,0.23877911269664764,0.05341769754886627,1746164445.521064
0.014322916977107525,1529856.0,0.0,0.0,60.05642318725586,0.0875953808426857,995,7720,32.14453125,0.5522829294204712,1.0,435.961822853,996,0.27180156111717224,0.050594672560691833,1746164447.5293458
0.0162760429084301,1537536.0,0.0,0.0,60.05642318725586,0.06318025290966034,1000,7760,30.4375,0.5522829294204712,1.0,437.9696561,1001,0.2113303393125534,0.05064842849969864,1746164449.5371804
0.012369791977107525,1568256.0,0.0,0.0,60.05642318725586,0.06078614294528961,1020,7920,32.203125,0.5522829294204712,1.0,446.002696875,1021,0.29659420251846313,0.050546735525131226,1746164457.5702782
0.013671875,1577472.0,0.0,0.0,60.05642318725586,0.046270765364170074,1026,7968,32.265625,0.5522829294204712,1.0,448.415528856,1027,0.2845271825790405,0.0495370551943779,1746164459.9830685
0.01302083395421505,1586688.0,0.0,0.0,60.05642318725586,0.052671171724796295,1032,8016,32.235679626464844,0.5522829294204712,1.0,450.826188252,1033,0.31566256284713745,0.05221050977706909,1746164462.3937192
0.015625,1592832.0,0.0,0.0,60.05642318725586,0.057566359639167786,1036,8048,32.11328125,0.5522829294204712,1.0,452.433533948,1037,0.3110039234161377,0.048697859048843384,1746164464.0010653
0.010416666977107525,1617408.0,0.0,0.0,60.05642318725586,0.08861903846263885,1052,8176,32.26432418823242,0.5522829294204712,1.0,458.858651026,1053,0.3266264796257019,0.04903574287891388,1746164470.4262033
0.013671875,1623552.0,0.03125,0.0,60.05642318725586,0.07521945238113403,1056,8208,31.96614646911621,0.5522829294204712,1.0,460.466082654,1057,0.3539830446243286,0.048151109367609024,1746164472.0335896
0.01106770895421505,1632768.0,0.0,0.0,60.05642318725586,0.06340408325195312,1062,8256,32.071617126464844,0.5522829294204712,1.0,462.875737913,1063,0.30340564250946045,0.045683685690164566,1746164474.4432821
0.010416666977107525,1666560.0,0.0,0.0,60.05642318725586,0.042446643114089966,1084,8432,31.86458396911621,0.5522829294204712,1.0,471.714302123,1085,0.3087317645549774,0.039837807416915894,1746164483.2818384
0.00911458395421505,1703424.0,0.0,0.0,60.05642318725586,0.01608354039490223,1108,8624,32.00260543823242,0.5522829294204712,1.0,481.353903582,1109,0.3117420971393585,0.030918970704078674,1746164492.9214377
0.010416666977107525,1711104.0,0.0,0.0,60.05642318725586,-0.012592703104019165,1113,8664,32.17057418823242,0.5522829294204712,1.0,483.362131716,1114,0.3091503381729126,0.04093129187822342,1746164494.9296744
0.00911458395421505,1717248.0,0.0,0.0,60.05642318725586,0.002292234217748046,1117,8696,32.118492126464844,0.5522829294204712,1.0,484.9682534,1118,0.31136253476142883,0.029567547142505646,1746164496.5357852
0.01171875,1732608.0,0.0,0.0,60.05642318725586,-0.03451194614171982,1127,8776,32.10546875,0.5522829294204712,1.0,488.984871175,1128,0.30902576446533203,0.03341813385486603,1746164500.5524082
0.01106770895421505,1747968.0,0.0,0.0,60.05642318725586,-0.02758905664086342,1137,8856,31.98046875,0.5522829294204712,1.0,493.00745597,1138,0.32006537914276123,0.0245397686958313,1746164504.575003
0.00911458395421505,1767936.0,0.0,0.0,60.05642318725586,-0.04808121919631958,1150,8960,31.38020896911621,0.5522829294204712,1.0,498.229599055,1151,0.294757604598999,0.023672880604863167,1746164509.797161
0.008463541977107525,1786368.0,0.0,0.0,60.05642318725586,-0.040694624185562134,1162,9056,31.740886688232422,0.5522829294204712,1.0,503.052460529,1163,0.3016819655895233,0.02300773561000824,1746164514.6200016
0.0078125,1794048.0,0.0,0.0,60.05642318725586,-0.03691277652978897,1167,9096,31.729167938232422,0.5522829294204712,1.0,505.061215242,1168,0.3066667318344116,0.022198539227247238,1746164516.62879
0.0078125,1812480.0,0.0,0.0,60.05642318725586,-0.05700172111392021,1179,9192,30.08984375,0.5522829294204712,1.0,509.879515279,1180,0.26999810338020325,0.022743728011846542,1746164521.4470465
0.012369791977107525,1864704.0,0.0,0.0,60.05642318725586,-0.06679528206586838,1213,9464,32.188804626464844,0.5522829294204712,1.0,523.549403528,1214,0.3349250257015228,0.01928226463496685,1746164535.1169357
0.0078125,1872384.0,0.0,0.0,60.05642318725586,-0.07276103645563126,1218,9504,32.11198043823242,0.5522829294204712,1.0,525.556429385,1219,0.31510409712791443,0.018140997737646103,1746164537.1239672
0.009765625,1906176.0,0.0,0.0,60.05642318725586,-0.08586038649082184,1240,9680,32.21744918823242,0.5522829294204712,1.0,534.39211361,1241,0.33529624342918396,0.017908426001667976,1746164545.9596598
0.01106770895421505,1907712.0,0.0,0.0,60.05642318725586,-0.09427107870578766,1241,9688,32.19010543823242,0.5522829294204712,1.0,534.793973583,1242,0.3155710697174072,0.017220083624124527,1746164546.3615062
0.00911458395421505,1910784.0,0.0,0.0,60.05642318725586,-0.08243163675069809,1243,9704,32.26953125,0.5522829294204712,1.0,535.597052637,1244,0.3300425112247467,0.016777507960796356,1746164547.1646035
0.008463541977107525,1923072.0,0.0,0.0,60.05642318725586,-0.08682313561439514,1251,9768,31.95052146911621,0.5522829294204712,1.0,538.812028322,1252,0.33523935079574585,0.016969352960586548,1746164550.3795855
0.01106770895421505,1941504.0,0.02473958395421505,0.0,60.05642318725586,-0.09563600271940231,1263,9864,30.90755271911621,0.5522829294204712,1.0,543.634490963,1264,0.35310643911361694,0.014846136793494225,1746164555.2020051
0.00911458395421505,1967616.0,0.0,0.0,60.05642318725586,-0.09065786004066467,1280,10000,31.8671875,0.5522829294204712,1.0,550.4830054,1281,0.34402966499328613,0.013909516856074333,1746164562.0505717
0.009765625,1986048.0,0.0,0.0,60.05642318725586,-0.09483962506055832,1292,10096,32.11198043823242,0.5522829294204712,1.0,555.306710439,1293,0.34030744433403015,0.021784968674182892,1746164566.8742747
0.008463541977107525,1990656.0,0.0,0.0,60.05642318725586,-0.08086936175823212,1295,10120,31.272136688232422,0.5522829294204712,1.0,556.512731157,1296,0.33161041140556335,0.013907275162637234,1746164568.0802767
0.008463541977107525,2006016.0,0.0260416679084301,0.016014235094189644,70.79181671142578,-0.07649689167737961,1305,10200,30.951824188232422,0.7621266841888428,1.0,560.635079742,1306,0.36864274740219116,0.01280396431684494,1746164572.2026243
0.009765625,2010624.0,0.029296875,0.016014235094189644,70.79181671142578,-0.09123106300830841,1308,10224,31.2265625,0.7621266841888428,1.0,561.839823949,1309,0.38040420413017273,0.012539049610495567,1746164573.4073753
0.0078125,2013696.0,0.0,0.016014235094189644,70.79181671142578,-0.09416574239730835,1310,10240,30.889324188232422,0.7621266841888428,1.0,562.642650528,1311,0.33343228697776794,0.014881763607263565,1746164574.210203
0.010416666977107525,2016768.0,0.0234375,0.016014235094189644,70.79181671142578,-0.09170525521039963,1312,10256,31.00130271911621,0.7621266841888428,1.0,563.445585442,1313,0.3656460642814636,0.012528745457530022,1746164575.013134
0.008463541977107525,2024448.0,0.0,0.016014235094189644,70.79181671142578,-0.09304864704608917,1317,10296,31.234375,0.7621266841888428,1.0,565.460139259,1318,0.3345825672149658,0.013881301507353783,1746164577.0276892
0.008463541977107525,2038272.0,0.0,0.016014235094189644,70.79181671142578,-0.10525979101657867,1326,10368,30.565105438232422,0.7621266841888428,1.0,569.073353265,1327,0.3152371942996979,0.017176378518342972,1746164580.6408887
0.008463541977107525,2044416.0,0.025390625,0.016014235094189644,70.79181671142578,-0.08040358871221542,1330,10400,29.80989646911621,0.7621266841888428,1.0,570.684097932,1331,0.35870426893234253,0.011493494734168053,1746164582.2516081
0.00911458395421505,2062848.0,0.0384114608168602,0.016014235094189644,70.79181671142578,-0.10023230314254761,1342,10496,31.440105438232422,0.7621266841888428,1.0,575.503826048,1343,0.3808983266353607,0.023082749918103218,1746164587.071378
0.01106770895421505,2082816.0,0.0,0.016014235094189644,70.79181671142578,-0.10118227452039719,1355,10600,32.11198043823242,0.7621266841888428,1.0,580.730375856,1356,0.3566969335079193,0.01254346501082182,1746164592.2979283
0.01171875,2084352.0,0.0,0.016014235094189644,70.79181671142578,-0.12111511826515198,1356,10608,32.09375,0.7621266841888428,1.0,581.131992685,1357,0.351378858089447,0.011991173028945923,1746164592.6995504
0.00911458395421505,2136576.0,0.0403645858168602,0.016014235094189644,70.79181671142578,-0.13996325433254242,1390,10880,30.299480438232422,0.7621266841888428,1.0,594.793275838,1391,0.36784088611602783,0.016925353556871414,1746164606.3608136
0.008463541977107525,2158080.0,0.0,0.016014235094189644,70.79181671142578,-0.16785070300102234,1404,10992,31.21614646911621,0.7621266841888428,1.0,600.414450868,1405,0.3464674949645996,0.0171507578343153,1746164611.981977
0.0078125,2164224.0,0.0260416679084301,0.016014235094189644,70.79181671142578,-0.15398675203323364,1408,11024,30.26302146911621,0.7621266841888428,1.0,602.028498684,1409,0.35261791944503784,0.0167466402053833,1746164613.5960283
0.008463541977107525,2184192.0,0.0475260429084301,0.016014235094189644,70.79181671142578,-0.19777131080627441,1421,11128,30.19661521911621,0.7621266841888428,1.0,607.249238206,1422,0.3941669166088104,0.0257155429571867,1746164618.8167608
0.0078125,2198016.0,0.0,0.016014235094189644,70.79181671142578,-0.20501551032066345,1430,11200,30.94140625,0.7621266841888428,1.0,610.863440669,1431,0.33920061588287354,0.03269167244434357,1746164622.4310129
0.008463541977107525,2199552.0,0.0,0.016014235094189644,70.79181671142578,-0.20464269816875458,1431,11208,30.615886688232422,0.7621266841888428,1.0,611.265124615,1432,0.3412674367427826,0.018748868256807327,1746164622.8326774
0.008463541977107525,2333184.0,0.1373697966337204,0.016014235094189644,70.79181671142578,-0.32356396317481995,1518,11904,29.822917938232422,0.7621266841888428,1.0,646.340787378,1519,0.46958956122398376,0.0386187769472599,1746164657.908352
0.008463541977107525,2348544.0,0.0553385429084301,0.016014235094189644,70.79181671142578,-0.35310715436935425,1528,11984,29.951824188232422,0.7621266841888428,1.0,650.46783381,1529,0.38596200942993164,0.020995119586586952,1746164662.0353186
0.008463541977107525,2354688.0,0.1315104216337204,0.016014235094189644,70.79181671142578,-0.3470197916030884,1532,12016,30.81380271911621,0.7621266841888428,1.0,652.100961447,1533,0.48961585760116577,0.03933587297797203,1746164663.668488
0.0078125,2362368.0,0.0930989608168602,0.016014235094189644,70.79181671142578,-0.3675570785999298,1537,12056,29.6015625,0.7621266841888428,1.0,654.156529239,1538,0.4179043471813202,0.02871757559478283,1746164665.7240868
0.0078125,2363904.0,0.0872395858168602,0.016014235094189644,70.79181671142578,-0.3451026976108551,1538,12064,29.97786521911621,0.7621266841888428,1.0,654.558079712,1539,0.40811461210250854,0.037618495523929596,1746164666.1256316
0.0078125,2377728.0,0.0279947929084301,0.016014235094189644,70.79181671142578,-0.36793816089630127,1547,12136,30.451824188232422,0.7621266841888428,1.0,658.172796469,1548,0.37188130617141724,0.024694226682186127,1746164669.740342
0.008463541977107525,2380800.0,0.0963541716337204,0.016014235094189644,70.79181671142578,-0.3621695637702942,1549,12152,28.8046875,0.7621266841888428,1.0,658.975532606,1550,0.4106714725494385,0.02140825055539608,1746164670.5430558
0.0078125,2394624.0,0.119140625,0.016014235094189644,70.79181671142578,-0.3536255955696106,1558,12224,28.64583396911621,0.7621266841888428,1.0,662.597950612,1559,0.4399230480194092,0.024600690230727196,1746164674.1655
0.0078125,2425344.0,0.0618489608168602,0.016014235094189644,70.79181671142578,-0.3443778157234192,1578,12384,30.109375,0.7621266841888428,1.0,670.63549717,1579,0.3825080990791321,0.03581246733665466,1746164682.2030647
0.008463541977107525,2476032.0,0.1412760466337204,0.016014235094189644,70.79181671142578,-0.4028617739677429,1611,12648,30.811199188232422,0.7621266841888428,1.0,683.893541018,1612,0.5027049779891968,0.035300567746162415,1746164695.4610963
0.008463541977107525,2508288.0,0.02669270895421505,0.27001863718032837,81.95530700683594,-0.32018741965293884,1632,12816,28.95052146911621,1.1540229320526123,1.0,692.42913207,1633,0.3315359354019165,0.038213469088077545,1746164703.9966567
0.00911458395421505,2522112.0,0.03125,0.27001863718032837,81.95530700683594,-0.3283020257949829,1641,12888,29.046875,1.1540229320526123,1.0,696.045529609,1642,0.3435261845588684,0.03713899105787277,1746164707.6130702
0.00911458395421505,2557440.0,0.123046875,0.27001863718032837,81.95530700683594,-0.35292962193489075,1664,13072,30.13671875,1.1540229320526123,1.0,705.282538321,1665,0.465906023979187,0.04255025088787079,1746164716.8500886
0.00911458395421505,2562048.0,0.0,0.27001863718032837,81.95530700683594,-0.3678150773048401,1667,13096,28.717449188232422,1.1540229320526123,1.0,706.487996557,1668,0.3131353259086609,0.03738336265087128,1746164718.055527
0.0078125,2568192.0,0.01888020895421505,0.27001863718032837,81.95530700683594,-0.33339861035346985,1671,13128,29.13802146911621,1.1540229320526123,1.0,708.094027939,1672,0.31885942816734314,0.046321965754032135,1746164719.6615407
0.0078125,2577408.0,0.0755208358168602,0.27001863718032837,81.95530700683594,-0.35653436183929443,1677,13176,32.122398376464844,1.1540229320526123,1.0,710.505231933,1678,0.4470388889312744,0.050485797226428986,1746164722.0726347
0.008463541977107525,2600448.0,0.234375,0.27001863718032837,81.95530700683594,-0.2899269461631775,1692,13296,29.95703125,1.1540229320526123,1.0,716.530895925,1693,0.6000146269798279,0.059689559042453766,1746164728.0984185
0.0078125,2612736.0,0.1106770858168602,0.27001863718032837,81.95530700683594,-0.2943630516529083,1700,13360,28.98177146911621,1.1540229320526123,1.0,719.745178675,1701,0.42214006185531616,0.06182879954576492,1746164731.312703
0.00911458395421505,2614272.0,0.1484375,0.27001863718032837,81.95530700683594,-0.2972260117530823,1701,13368,31.006511688232422,1.1540229320526123,1.0,720.146449771,1702,0.5273513793945312,0.0549781434237957,1746164731.7139828
0.008463541977107525,2621952.0,0.103515625,0.27001863718032837,81.95530700683594,-0.2955527901649475,1706,13408,30.252605438232422,1.1540229320526123,1.0,722.154305555,1707,0.4647386074066162,0.05870256572961807,1746164733.721845
0.008463541977107525,2663424.0,0.1015625,0.27001863718032837,81.95530700683594,-0.2652362287044525,1733,13624,31.140625,1.1540229320526123,1.0,733.020403123,1734,0.45541077852249146,0.06726861745119095,1746164744.5879529
0.008463541977107525,2666496.0,0.0709635466337204,0.27001863718032837,81.95530700683594,-0.27587223052978516,1735,13640,27.686199188232422,1.1540229320526123,1.0,733.823278394,1736,0.374267041683197,0.0658825933933258,1746164745.390829
0.0078125,2686464.0,0.02734375,0.27001863718032837,81.95530700683594,-0.27225571870803833,1748,13744,29.13671875,1.1540229320526123,1.0,739.046056004,1749,0.33019328117370605,0.07143720984458923,1746164750.6136136
0.0078125,2738688.0,0.0514322929084301,0.27001863718032837,81.95530700683594,-0.3088145852088928,1782,14016,29.15625,1.1540229320526123,1.0,752.705000288,1783,0.37787479162216187,0.06818412244319916,1746164764.2725267
0.009765625,2797056.0,0.0,0.27001863718032837,81.95530700683594,-0.2696665823459625,1820,14320,30.54427146911621,1.1540229320526123,1.0,767.967328247,1821,0.3403671681880951,0.11100073158740997,1746164779.5348694
0.0078125,2804736.0,0.07421875,0.27001863718032837,81.95530700683594,-0.2980191111564636,1825,14360,30.0546875,1.1540229320526123,1.0,769.975465557,1826,0.39963871240615845,0.09713789075613022,1746164781.5430048
0.008463541977107525,2810880.0,0.0338541679084301,0.27001863718032837,81.95530700683594,-0.25254303216934204,1829,14392,29.27734375,1.1540229320526123,1.0,771.58333347,1830,0.3536165952682495,0.09491690993309021,1746164783.1508405
0.0078125,2860032.0,0.0325520858168602,0.27001863718032837,81.95530700683594,-0.18870435655117035,1861,14648,28.50911521911621,1.1540229320526123,1.0,784.436478206,1862,0.33389341831207275,0.11238034069538116,1746164796.00401
0.0078125,2876928.0,0.1276041716337204,0.27001863718032837,81.95530700683594,-0.2678460478782654,1872,14736,29.015625,1.1540229320526123,1.0,788.855793337,1873,0.4446502923965454,0.0993664562702179,1746164800.4233565
0.0078125,2878464.0,0.0768229216337204,0.27001863718032837,81.95530700683594,-0.26283663511276245,1873,14744,26.588542938232422,1.1540229320526123,1.0,789.258322342,1874,0.3508836627006531,0.10659147799015045,1746164800.825857
0.0078125,2892288.0,0.0598958358168602,0.27001863718032837,81.95530700683594,-0.2828940451145172,1882,14816,27.5859375,1.1540229320526123,1.0,792.872389824,1883,0.34606021642684937,0.12392142415046692,1746164804.4399245
0.0078125,2898432.0,0.1380208432674408,0.27001863718032837,81.95530700683594,-0.3084748089313507,1886,14848,28.93359375,1.1540229320526123,1.0,794.478494787,1887,0.45814570784568787,0.11186502128839493,1746164806.04601
0.0078125,2927616.0,0.1165364608168602,0.27001863718032837,81.95530700683594,-0.2745741903781891,1905,15000,27.33724021911621,1.1540229320526123,1.0,802.11202411,1906,0.4077417254447937,0.12066715210676193,1746164813.679539
0.0078125,2942976.0,0.1126302108168602,0.27001863718032837,81.95530700683594,-0.27544859051704407,1915,15080,27.64583396911621,1.1540229320526123,1.0,806.126834153,1916,0.4197434186935425,0.12927040457725525,1746164817.6943793
0.0078125,2956800.0,0.04296875,0.27001863718032837,81.95530700683594,-0.24000239372253418,1924,15152,27.209636688232422,1.1540229320526123,1.0,809.743757443,1925,0.3322053551673889,0.16356953978538513,1746164821.3112838
0.0078125,2967552.0,0.068359375,0.27001863718032837,81.95530700683594,-0.17235559225082397,1931,15208,29.397136688232422,1.1540229320526123,1.0,812.554488511,1932,0.3856033682823181,0.1641106903553009,1746164824.122026
0.008463541977107525,2985984.0,0.1569010466337204,0.27001863718032837,81.95530700683594,-0.2782555818557739,1943,15304,27.654949188232422,1.1540229320526123,1.0,817.372141164,1944,0.45144566893577576,0.15377843379974365,1746164828.9396987
0.0078125,2999808.0,0.1145833358168602,0.45348837971687317,87.44380187988281,-0.278626024723053,1952,15376,30.22005271911621,1.3915467262268066,1.0,821.091579831,1953,0.45625990629196167,0.13900616765022278,1746164832.6591096
0.0078125,3001344.0,0.0891927108168602,0.45348837971687317,87.44380187988281,-0.29877257347106934,1953,15384,28.70052146911621,1.3915467262268066,1.0,821.492962005,1954,0.40074044466018677,0.133745476603508,1746164833.0604894
0.0078125,3035136.0,0.142578125,0.45348837971687317,87.44380187988281,-0.3450717329978943,1975,15560,28.27734375,1.3915467262268066,1.0,830.33190179,1976,0.4604716897010803,0.16024872660636902,1746164841.899457
0.008463541977107525,3056640.0,0.0546875,0.45348837971687317,87.44380187988281,-0.32209911942481995,1989,15672,28.21224021911621,1.3915467262268066,1.0,835.958367619,1990,0.35112595558166504,0.16810712218284607,1746164847.5259082
0.0078125,3104256.0,0.162109375,0.45348837971687317,87.44380187988281,-0.2962220311164856,2020,15920,26.19270896911621,1.3915467262268066,1.0,848.410511101,2021,0.4479004740715027,0.18487632274627686,1746164859.9780521
0.0078125,3116544.0,0.130859375,0.45348837971687317,87.44380187988281,-0.33999747037887573,2028,15984,28.47265625,1.3915467262268066,1.0,851.627013936,2029,0.44721537828445435,0.15494155883789062,1746164863.1945398
0.0078125,3131904.0,0.0279947929084301,0.45348837971687317,87.44380187988281,-0.4172964096069336,2038,16064,28.201824188232422,1.3915467262268066,1.0,855.649663742,2039,0.31175196170806885,0.183133065700531,1746164867.217079
0.0078125,3151872.0,0.1223958358168602,0.45348837971687317,87.44380187988281,-0.4844137132167816,2051,16168,29.014324188232422,1.3915467262268066,1.0,860.871455378,2052,0.44264817237854004,0.17898839712142944,1746164872.4390206
0.0078125,3171840.0,0.1165364608168602,0.45348837971687317,87.44380187988281,-0.46251922845840454,2064,16272,28.736980438232422,1.3915467262268066,1.0,866.093260118,2065,0.4297003149986267,0.15213094651699066,1746164877.660808
0.0078125,3187200.0,0.0944010466337204,0.45348837971687317,87.44380187988281,-0.4047679305076599,2074,16352,27.82161521911621,1.3915467262268066,1.0,870.109015099,2075,0.3996647000312805,0.1602427065372467,1746164881.676548
0.0078125,3188736.0,0.2063802182674408,0.45348837971687317,87.44380187988281,-0.4002150893211365,2075,16360,28.17317771911621,1.3915467262268066,1.0,870.510504276,2076,0.5416250228881836,0.15272563695907593,1746164882.0780327
0.0078125,3213312.0,0.111328125,0.45348837971687317,87.44380187988281,-0.42274394631385803,2091,16488,27.015625,1.3915467262268066,1.0,876.938931939,2092,0.3944874703884125,0.16857142746448517,1746164888.5064697
0.0078125,3234816.0,0.1236979216337204,0.45348837971687317,87.44380187988281,-0.4572030305862427,2105,16600,29.31770896911621,1.3915467262268066,1.0,882.560610021,2106,0.4501165747642517,0.17106492817401886,1746164894.1281521
0.0078125,3257856.0,0.1302083432674408,0.45348837971687317,87.44380187988281,-0.47576138377189636,2120,16720,28.984375,1.3915467262268066,1.0,888.586626001,2121,0.4594210386276245,0.1639646738767624,1746164900.1541536
0.0078125,3299328.0,0.27734375,0.45348837971687317,87.44380187988281,-0.4849339723587036,2147,16936,28.18099021911621,1.3915467262268066,1.0,899.455269232,2148,0.6164734363555908,0.16878950595855713,1746164911.0228143
0.0078125,3377664.0,0.0559895858168602,0.45348837971687317,87.44380187988281,-0.5661150217056274,2198,17344,28.30859375,1.3915467262268066,1.0,919.945377617,2199,0.34916239976882935,0.20749656856060028,1746164931.512913
0.0078125,3383808.0,0.1875,0.45348837971687317,87.44380187988281,-0.5925637483596802,2202,17376,28.799480438232422,1.3915467262268066,1.0,921.551572735,2203,0.525123119354248,0.16620612144470215,1746164933.1190867
0.0078125,3393024.0,0.2141927182674408,0.45348837971687317,87.44380187988281,-0.5575867891311646,2208,17424,29.31770896911621,1.3915467262268066,1.0,923.961292284,2209,0.5649473667144775,0.19033735990524292,1746164935.5288515
0.0078125,3400704.0,0.1438802182674408,0.45348837971687317,87.44380187988281,-0.4878864586353302,2213,17464,29.244792938232422,1.3915467262268066,1.0,925.969446053,2214,0.4756784439086914,0.16716960072517395,1746164937.5369856
0.008463541977107525,3409920.0,0.1764322966337204,0.45348837971687317,87.44380187988281,-0.48476895689964294,2219,17512,27.63020896911621,1.3915467262268066,1.0,928.379374206,2220,0.49127793312072754,0.17266693711280823,1746164939.946928
0.008463541977107525,3411456.0,0.1881510466337204,0.45348837971687317,87.44380187988281,-0.5116559863090515,2220,17520,28.48958396911621,1.3915467262268066,1.0,928.781229281,2221,0.5362205505371094,0.16445592045783997,1746164940.3487787
0.008463541977107525,3445248.0,0.1881510466337204,0.45348837971687317,87.44380187988281,-0.604978084564209,2242,17696,28.21875,1.3915467262268066,1.0,937.617443851,2243,0.5085002183914185,0.2239793986082077,1746164949.184961
0.0078125,3448320.0,0.2024739682674408,0.45348837971687317,87.44380187988281,-0.6715095639228821,2244,17712,29.02083396911621,1.3915467262268066,1.0,938.420402161,2245,0.5301158428192139,0.20070895552635193,1746164949.9879405
0.0078125,3459072.0,0.2786458432674408,0.45348837971687317,87.44380187988281,-0.6326268911361694,2251,17768,28.201824188232422,1.3915467262268066,1.0,941.234500153,2252,0.6190358996391296,0.1554412543773651,1746164952.8020391
0.0078125,3494400.0,0.2213541716337204,0.4931773841381073,86.12281036376953,-0.5873825550079346,2274,17952,26.541667938232422,1.4378408193588257,1.0,950.572686354,2275,0.5220266580581665,0.19913485646247864,1746164962.140234
0.0078125,3517440.0,0.10546875,0.4931773841381073,86.12281036376953,-0.5937497019767761,2289,18072,26.01302146911621,1.4378408193588257,1.0,956.597265011,2290,0.3751959204673767,0.23899392783641815,1746164968.1648064
0.0078125,3529728.0,0.1165364608168602,0.4931773841381073,86.12281036376953,-0.6414130926132202,2297,18136,29.998699188232422,1.4378408193588257,1.0,959.811123497,2298,0.4515021741390228,0.2307644486427307,1746164971.3786771
0.008463541977107525,3534336.0,0.1276041716337204,0.4931773841381073,86.12281036376953,-0.6067549586296082,2300,18160,28.03645896911621,1.4378408193588257,1.0,961.017782133,2301,0.44338497519493103,0.27126526832580566,1746164972.58536
0.0078125,3552768.0,0.2063802182674408,0.4931773841381073,86.12281036376953,-0.6834747791290283,2312,18256,29.725261688232422,1.4378408193588257,1.0,965.837577147,2313,0.5687140822410583,0.1867760419845581,1746164977.4051242
0.0078125,3563520.0,0.0618489608168602,0.4931773841381073,86.12281036376953,-0.573310136795044,2319,18312,28.27083396911621,1.4378408193588257,1.0,968.647940144,2320,0.36089131236076355,0.2243536114692688,1746164980.2155082
0.008463541977107525,3571200.0,0.1341145932674408,0.4931773841381073,86.12281036376953,-0.5492070913314819,2324,18352,27.307292938232422,1.4378408193588257,1.0,970.65637167,2325,0.434760183095932,0.20884068310260773,1746164982.2239091
0.0078125,3585024.0,0.1510416716337204,0.4931773841381073,86.12281036376953,-0.4683361053466797,2333,18424,27.998699188232422,1.4378408193588257,1.0,974.270522414,2334,0.46338900923728943,0.21759256720542908,1746164985.8380468
0.0078125,3600384.0,0.2239583432674408,0.4931773841381073,86.12281036376953,-0.5479661822319031,2343,18504,28.61849021911621,1.4378408193588257,1.0,978.286662101,2344,0.5657862424850464,0.21593818068504333,1746164989.8542008
0.0078125,3611136.0,0.2180989682674408,0.4931773841381073,86.12281036376953,-0.4974958002567291,2350,18560,28.828125,1.4378408193588257,1.0,981.098082054,2351,0.5539581775665283,0.2232721447944641,1746164992.6656349
0.0078125,3637248.0,0.21484375,0.4931773841381073,86.12281036376953,-0.5494398474693298,2367,18696,28.12630271911621,1.4378408193588257,1.0,987.928556992,2368,0.5343770980834961,0.2115243673324585,1746164999.4960954
0.0078125,3661824.0,0.1106770858168602,0.4931773841381073,86.12281036376953,-0.51800537109375,2383,18824,27.13020896911621,1.4378408193588257,1.0,994.357022207,2384,0.39476680755615234,0.21466797590255737,1746165005.924527
0.008463541977107525,3694080.0,0.130859375,0.4931773841381073,86.12281036376953,-0.5773933529853821,2404,18992,27.819011688232422,1.4378408193588257,1.0,1002.796500793,2405,0.4366684556007385,0.24593746662139893,1746165014.364036
0.0078125,3753984.0,0.0501302108168602,0.4931773841381073,86.12281036376953,-0.6737712025642395,2443,19304,27.1328125,1.4378408193588257,1.0,1018.463760719,2444,0.3153982162475586,0.25095829367637634,1746165030.0313046
0.0078125,3775488.0,0.1764322966337204,0.4931773841381073,86.12281036376953,-0.7296556234359741,2457,19416,26.377605438232422,1.4378408193588257,1.0,1024.086817215,2458,0.4652288556098938,0.2450748234987259,1746165035.65437
0.0078125,3778560.0,0.3053385615348816,0.4931773841381073,86.12281036376953,-0.6971195936203003,2459,19432,28.96614646911621,1.4378408193588257,1.0,1024.890799538,2460,0.6549708843231201,0.24477456510066986,1746165036.4583223
0.0078125,3792384.0,0.212890625,0.4931773841381073,86.12281036376953,-0.7092733383178711,2468,19504,28.58333396911621,1.4378408193588257,1.0,1028.50478872,2469,0.5398783683776855,0.28748583793640137,1746165040.072324
0.0078125,3806208.0,0.2115885466337204,0.4931773841381073,86.12281036376953,-0.7937107682228088,2477,19576,26.88411521911621,1.4378408193588257,1.0,1032.120009028,2478,0.5219351053237915,0.2556002140045166,1746165043.6875582
0.0078125,3844608.0,0.169921875,0.4931773841381073,86.12281036376953,-0.7503592371940613,2502,19776,26.967449188232422,1.4378408193588257,1.0,1042.159797928,2503,0.4662415385246277,0.24261444807052612,1746165053.7273605
0.0078125,3846144.0,0.16796875,0.4931773841381073,86.12281036376953,-0.7842282056808472,2503,19784,25.475261688232422,1.4378408193588257,1.0,1042.561748408,2504,0.4344971179962158,0.26379138231277466,1746165054.129298
0.0078125,3887616.0,0.2526041865348816,0.4931773841381073,86.12281036376953,-0.7540627717971802,2530,20000,28.10677146911621,1.4378408193588257,1.0,1053.413380682,2531,0.5851619243621826,0.24937686324119568,1746165064.9809442
0.0078125,3893760.0,0.1985677182674408,0.4931773841381073,86.12281036376953,-0.7544115781784058,2534,20032,26.416667938232422,1.4378408193588257,1.0,1055.022107318,2535,0.4796367585659027,0.22184838354587555,1746165066.5895412
0.0078125,3921408.0,0.2610677182674408,0.4931773841381073,86.12281036376953,-0.7804132699966431,2552,20176,27.88411521911621,1.4378408193588257,1.0,1062.255398458,2553,0.5815765857696533,0.23836731910705566,1746165073.8229456
0.0078125,3933696.0,0.279296875,0.4931773841381073,86.12281036376953,-0.6717926859855652,2560,20240,27.97005271911621,1.4378408193588257,1.0,1065.468877472,2561,0.6269817352294922,0.2608168423175812,1746165077.0364017
0.0078125,3938304.0,0.26171875,0.4931773841381073,86.12281036376953,-0.6021639108657837,2563,20264,28.34765625,1.4378408193588257,1.0,1066.674773274,2564,0.5979543924331665,0.2747727036476135,1746165078.2423034
0.0078125,3959808.0,0.2447916716337204,0.4931773841381073,86.12281036376953,-0.5765858292579651,2577,20376,27.197917938232422,1.4378408193588257,1.0,1072.321567356,2578,0.5513296127319336,0.2449302077293396,1746165083.889117
0.0078125,3970560.0,0.2858073115348816,0.4931773841381073,86.12281036376953,-0.5685969591140747,2584,20432,29.16015625,1.4378408193588257,1.0,1075.131950393,2585,0.6393616199493408,0.23994417488574982,1746165086.69949
0.0078125,3973632.0,0.2109375,0.4931773841381073,86.12281036376953,-0.5400215983390808,2586,20448,26.217449188232422,1.4378408193588257,1.0,1075.935078396,2587,0.5092611312866211,0.23500478267669678,1746165087.5026038
0.0078125,4012032.0,0.08203125,0.7126213312149048,86.01553344726562,-0.6649287939071655,2611,20648,26.82942771911621,1.690915822982788,0.9999999403953552,1086.07843741,2612,0.35023045539855957,0.24385502934455872,1746165097.6459765
0.0078125,4021248.0,0.146484375,0.7126213312149048,86.01553344726562,-0.679763913154602,2617,20696,26.57552146911621,1.690915822982788,0.9999999403953552,1088.490197837,2618,0.4290609359741211,0.24874727427959442,1746165100.0577307
0.0078125,4028928.0,0.359375,0.7126213312149048,86.01553344726562,-0.6703384518623352,2622,20736,30.014324188232422,1.690915822982788,0.9999999403953552,1090.498053446,2623,0.7529296875,0.20429494976997375,1746165102.0655773
0.0078125,4030464.0,0.283203125,0.7126213312149048,86.01553344726562,-0.5995202660560608,2623,20744,28.11849021911621,1.690915822982788,0.9999999403953552,1090.903198266,2624,0.6261892318725586,0.20761695504188538,1746165102.470742
0.0078125,4047360.0,0.1627604216337204,0.7126213312149048,86.01553344726562,-0.6212970018386841,2634,20832,26.717449188232422,1.690915822982788,0.9999999403953552,1095.320242734,2635,0.4574575424194336,0.20019811391830444,1746165106.8877888
0.0078125,4073472.0,0.2766927182674408,0.7126213312149048,86.01553344726562,-0.5866782665252686,2651,20968,29.080730438232422,1.690915822982788,0.9999999403953552,1102.147234152,2652,0.619423508644104,0.20326751470565796,1746165113.7147853
0.0078125,4081152.0,0.3020833432674408,0.7126213312149048,86.01553344726562,-0.6316503286361694,2656,21008,28.990886688232422,1.690915822982788,0.9999999403953552,1104.154672673,2657,0.6616547107696533,0.23642781376838684,1746165115.7222145
0.0078125,4090368.0,0.1458333432674408,0.7126213312149048,86.01553344726562,-0.5477315187454224,2662,21056,27.13411521911621,1.690915822982788,0.9999999403953552,1106.566177867,2663,0.4381093978881836,0.20599573850631714,1746165118.1336973
0.0078125,4093440.0,0.2154947966337204,0.7126213312149048,86.01553344726562,-0.5603319406509399,2664,21072,28.350261688232422,1.690915822982788,0.9999999403953552,1107.368928036,2665,0.5344656705856323,0.19644689559936523,1746165118.936393
0.0078125,4102656.0,0.2643229365348816,0.7126213312149048,86.01553344726562,-0.559062123298645,2670,21120,27.86458396911621,1.690915822982788,0.9999999403953552,1109.77880775,2671,0.5885722637176514,0.19482721388339996,1746165121.34632
0.0078125,4113408.0,0.2708333432674408,0.7126213312149048,86.01553344726562,-0.5233752727508545,2677,21176,28.04427146911621,1.690915822982788,0.9999999403953552,1112.59138417,2678,0.6095337271690369,0.23809638619422913,1746165124.158895
0.0078125,4127232.0,0.2604166865348816,0.7126213312149048,86.01553344726562,-0.5973418951034546,2686,21248,28.854167938232422,1.690915822982788,0.9999999403953552,1116.205993965,2687,0.6086965799331665,0.23470020294189453,1746165127.7735503
0.0078125,4131840.0,0.2877604365348816,0.7126213312149048,86.01553344726562,-0.5447829961776733,2689,21272,29.795574188232422,1.690915822982788,0.9999999403953552,1117.410921518,2690,0.643330991268158,0.24371102452278137,1746165128.978438
0.0078125,4144128.0,0.2194010466337204,0.7126213312149048,86.01553344726562,-0.5447455644607544,2697,21336,26.80989646911621,1.690915822982788,0.9999999403953552,1120.623304314,2698,0.5150432586669922,0.24311605095863342,1746165132.1908429
0.0078125,4177920.0,0.2486979216337204,0.7126213312149048,86.01553344726562,-0.5472526550292969,2719,21512,27.81640625,1.690915822982788,0.9999999403953552,1129.462121691,2720,0.5766953229904175,0.24950961768627167,1746165141.0296464
0.0078125,4180992.0,0.1901041716337204,0.7126213312149048,86.01553344726562,-0.5815114378929138,2721,21528,26.27734375,1.690915822982788,0.9999999403953552,1130.265211472,2722,0.4728587865829468,0.18953198194503784,1746165141.8327286
0.0078125,4197888.0,0.263671875,0.7126213312149048,86.01553344726562,-0.6610614061355591,2732,21616,27.640625,1.690915822982788,0.9999999403953552,1134.683947294,2733,0.597725510597229,0.24696266651153564,1746165146.2514663
0.008463541977107525,4205568.0,0.2037760466337204,0.7126213312149048,86.01553344726562,-0.6324655413627625,2737,21656,27.846355438232422,1.690915822982788,0.9999999403953552,1136.691468492,2738,0.5139486789703369,0.23216602206230164,1746165148.2590084
0.0078125,4250112.0,0.2467447966337204,0.7126213312149048,86.01553344726562,-0.7287046313285828,2766,21888,27.7578125,1.690915822982788,0.9999999403953552,1148.34551456,2767,0.574296236038208,0.2068568617105484,1746165159.9130526
0.0078125,4256256.0,0.1471354216337204,0.7126213312149048,86.01553344726562,-0.7024913430213928,2770,21920,26.83984375,1.690915822982788,0.9999999403953552,1149.951631272,2771,0.44427651166915894,0.2368682622909546,1746165161.5191615
0.008463541977107525,4293120.0,0.2135416716337204,0.7126213312149048,86.01553344726562,-0.6823339462280273,2794,22112,27.85677146911621,1.690915822982788,0.9999999403953552,1159.596647564,2795,0.5522787570953369,0.20812523365020752,1746165171.1641488
0.0078125,4334592.0,0.2174479216337204,0.7126213312149048,86.01553344726562,-0.5540375709533691,2821,22328,28.01171875,1.690915822982788,0.9999999403953552,1170.443650795,2822,0.5383994579315186,0.2192382961511612,1746165182.0111766
0.0078125,4374528.0,0.2395833432674408,0.7126213312149048,86.01553344726562,-0.46132808923721313,2847,22536,28.52864646911621,1.690915822982788,0.9999999403953552,1180.896378377,2848,0.5694296360015869,0.2054235339164734,1746165192.4639263
0.0078125,4376064.0,0.2486979216337204,0.7126213312149048,86.01553344726562,-0.48325634002685547,2848,22544,27.72395896911621,1.690915822982788,0.9999999403953552,1181.298228394,2849,0.5730418562889099,0.21207836270332336,1746165192.865786
0.0078125,4400640.0,0.177734375,0.7126213312149048,86.01553344726562,-0.43579941987991333,2864,22672,27.88802146911621,1.690915822982788,0.9999999403953552,1187.724673299,2865,0.49069929122924805,0.2024277150630951,1746165199.2922304
0.0078125,4411392.0,0.2220052182674408,0.7126213312149048,86.01553344726562,-0.44652390480041504,2871,22728,28.135417938232422,1.690915822982788,0.9999999403953552,1190.536123091,2872,0.5443040132522583,0.1853107511997223,1746165202.1036615
0.0078125,4420608.0,0.3548177182674408,0.7126213312149048,86.01553344726562,-0.4014196991920471,2877,22776,30.311199188232422,1.690915822982788,0.9999999403953552,1192.946112433,2878,0.7557892799377441,0.22368620336055756,1746165204.5136442
0.0078125,4435968.0,0.2727864682674408,0.7126213312149048,86.01553344726562,-0.41981443762779236,2887,22856,29.822917938232422,1.690915822982788,0.9999999403953552,1196.962279481,2888,0.6380809545516968,0.2249947041273117,1746165208.5298374
0.0078125,4440576.0,0.2330729216337204,0.7126213312149048,86.01553344726562,-0.36797818541526794,2890,22880,27.658855438232422,1.690915822982788,0.9999999403953552,1198.16679655,2891,0.5417176485061646,0.25510960817337036,1746165209.734356
0.0078125,4475904.0,0.2506510615348816,0.7126213312149048,86.01553344726562,-0.40354275703430176,2913,23064,27.03255271911621,1.690915822982788,0.9999999403953552,1207.408638143,2914,0.5705124735832214,0.2138461470603943,1746165218.9761412
0.0078125,4488192.0,0.1451822966337204,0.7126213312149048,86.01553344726562,-0.41989731788635254,2921,23128,27.139324188232422,1.690915822982788,0.9999999403953552,1210.621740659,2922,0.4392993450164795,0.17368173599243164,1746165222.1892824
0.0078125,4491264.0,0.205078125,0.7126213312149048,86.01553344726562,-0.43363597989082336,2923,23144,27.5234375,1.690915822982788,0.9999999403953552,1211.425141506,2924,0.5254546403884888,0.19557327032089233,1746165222.9926548
0.0078125,4502016.0,0.1783854216337204,0.7446393966674805,84.94737243652344,-0.43430066108703613,2930,23200,26.873699188232422,1.722835898399353,1.0,1214.337195322,2931,0.4809357523918152,0.21365317702293396,1746165225.9047387
0.0078125,4534272.0,0.2643229365348816,0.7446393966674805,84.94737243652344,-0.428167462348938,2951,23368,27.291667938232422,1.722835898399353,1.0,1222.775114853,2952,0.5807842016220093,0.18951597809791565,1746165234.3426564
0.0078125,4549632.0,0.19140625,0.7446393966674805,84.94737243652344,-0.4218515157699585,2961,23448,27.11067771911621,1.722835898399353,1.0,1226.794145771,2962,0.4961075782775879,0.15744942426681519,1746165238.3616807
0.0078125,4558848.0,0.20703125,0.7446393966674805,84.94737243652344,-0.46560394763946533,2967,23496,27.7109375,1.722835898399353,1.0,1229.203319672,2968,0.5329046249389648,0.1694292426109314,1746165240.77083
0.0078125,4580352.0,0.2545573115348816,0.7446393966674805,84.94737243652344,-0.47954052686691284,2981,23608,27.881511688232422,1.722835898399353,1.0,1234.831824325,2982,0.5683004260063171,0.1811838448047638,1746165246.3993206
0.0078125,4583424.0,0.18359375,0.7446393966674805,84.94737243652344,-0.4613596498966217,2983,23624,27.5078125,1.722835898399353,1.0,1235.635735106,2984,0.4902120530605316,0.1962634027004242,1746165247.2032747
0.0078125,4588032.0,0.2877604365348816,0.7446393966674805,84.94737243652344,-0.4479544758796692,2986,23648,28.3984375,1.722835898399353,1.0,1236.840349929,2987,0.647347092628479,0.18606135249137878,1746165248.407889
0.0078125,4595712.0,0.2350260466337204,0.7446393966674805,84.94737243652344,-0.43136051297187805,2991,23688,28.16796875,1.722835898399353,1.0,1238.848512297,2992,0.56853187084198,0.20335425436496735,1746165250.4160361
0.0078125,4606464.0,0.1536458432674408,0.7446393966674805,84.94737243652344,-0.433923602104187,2998,23744,27.815105438232422,1.722835898399353,1.0,1241.663068958,2999,0.4563136696815491,0.19202552735805511,1746165253.2306275
0.0078125,4651008.0,0.25,0.7446393966674805,84.94737243652344,-0.3813502788543701,3027,23976,28.627605438232422,1.722835898399353,1.0,1253.331946093,3028,0.5827169418334961,0.1868157982826233,1746165264.899497
0.0078125,4666368.0,0.2825520932674408,0.7446393966674805,84.94737243652344,-0.40477365255355835,3037,24056,28.421875,1.722835898399353,1.0,1257.342036343,3038,0.6243429183959961,0.15613298118114471,1746165268.909547
0.0078125,4677120.0,0.19921875,0.7446393966674805,84.94737243652344,-0.4730192720890045,3044,24112,27.15364646911621,1.722835898399353,1.0,1260.155037616,3045,0.5108251571655273,0.20980285108089447,1746165271.7224965
0.0078125,4704768.0,0.197265625,0.7446393966674805,84.94737243652344,-0.46579113602638245,3062,24256,27.260417938232422,1.722835898399353,1.0,1267.390367463,3063,0.5092179775238037,0.22521564364433289,1746165278.957899
0.0078125,4713984.0,0.177734375,0.7446393966674805,84.94737243652344,-0.455058217048645,3068,24304,26.0546875,1.722835898399353,1.0,1269.800441942,3069,0.44764718413352966,0.18780769407749176,1746165281.367984
0.0078125,4746240.0,0.1595052182674408,0.7446393966674805,84.94737243652344,-0.34202706813812256,3089,24472,27.50130271911621,1.722835898399353,1.0,1278.227000566,3090,0.4648178517818451,0.14529423415660858,1746165289.7945356
0.0078125,4760064.0,0.1705729216337204,0.7446393966674805,84.94737243652344,-0.41253942251205444,3098,24544,27.21484375,1.722835898399353,1.0,1281.836328203,3099,0.4673069417476654,0.21063673496246338,1746165293.4038544
0.0078125,4792320.0,0.205078125,0.7446393966674805,84.94737243652344,-0.4611785411834717,3119,24712,29.065105438232422,1.722835898399353,1.0,1290.265596505,3120,0.5320308208465576,0.22121667861938477,1746165301.8331394
0.0078125,4813824.0,0.2662760615348816,0.7446393966674805,84.94737243652344,-0.43992355465888977,3133,24824,29.174480438232422,1.722835898399353,1.0,1295.842963431,3134,0.6269865036010742,0.1784140020608902,1746165307.4103234
0.0078125,4821504.0,0.197265625,0.7446393966674805,84.94737243652344,-0.47640734910964966,3138,24864,27.05859375,1.722835898399353,1.0,1297.840783044,3139,0.5073380470275879,0.17279241979122162,1746165309.4081595
0.0078125,4824576.0,0.2115885466337204,0.7446393966674805,84.94737243652344,-0.46847549080848694,3140,24880,27.002605438232422,1.722835898399353,1.0,1298.637985823,3141,0.5159872770309448,0.18301230669021606,1746165310.2054229
0.0078125,4833792.0,0.2161458432674408,0.7446393966674805,84.94737243652344,-0.4319290816783905,3146,24928,27.287761688232422,1.722835898399353,1.0,1301.033608742,3147,0.5221788287162781,0.17747433483600616,1746165312.6009998
0.0078125,4850688.0,0.115234375,0.7446393966674805,84.94737243652344,-0.3930523693561554,3157,25016,27.182292938232422,1.722835898399353,1.0,1305.415154933,3158,0.4068948030471802,0.19400955736637115,1746165316.9825168
0.0078125,4852224.0,0.0885416716337204,0.7446393966674805,84.94737243652344,-0.38304758071899414,3158,25024,26.108074188232422,1.722835898399353,1.0,1305.813254049,3159,0.3597888946533203,0.23810893297195435,1746165317.380727
0.0078125,4858368.0,0.1399739682674408,0.7446393966674805,84.94737243652344,-0.37898993492126465,3162,25056,28.05078125,1.722835898399353,1.0,1307.407212151,3163,0.44551679491996765,0.18090392649173737,1746165318.9745593
0.0078125,4886016.0,0.2467447966337204,0.7446393966674805,84.94737243652344,-0.3786071836948395,3180,25200,28.440105438232422,1.722835898399353,1.0,1314.624723275,3181,0.5811204314231873,0.15252569317817688,1746165326.1920292
0.0078125,4889088.0,0.287109375,0.7446393966674805,84.94737243652344,-0.43863674998283386,3182,25216,27.91015625,1.722835898399353,1.0,1315.426845015,3183,0.6278847455978394,0.18095052242279053,1746165326.9942222
0.0078125,4919808.0,0.2565104365348816,0.7446393966674805,84.94737243652344,-0.4175950288772583,3202,25376,28.66015625,1.722835898399353,1.0,1323.42838934,3203,0.5950562953948975,0.15970641374588013,1746165334.9959326
0.0078125,4924416.0,0.3203125,0.7446393966674805,84.94737243652344,-0.4080769717693329,3205,25400,28.97005271911621,1.722835898399353,1.0,1324.624550688,3206,0.6843069791793823,0.17870169878005981,1746165336.1920874
0.0078125,4925952.0,0.208984375,0.7446393966674805,84.94737243652344,-0.38178902864456177,3206,25408,26.62630271911621,1.722835898399353,1.0,1325.025840521,3207,0.49978384375572205,0.1883428692817688,1746165336.5933785
0.0078125,4953600.0,0.287109375,0.7446393966674805,84.94737243652344,-0.38961154222488403,3224,25552,28.671875,1.722835898399353,1.0,1332.26738816,3225,0.6336050033569336,0.14278604090213776,1746165343.834915
0.0078125,4984320.0,0.166015625,0.7446393966674805,84.94737243652344,-0.37439027428627014,3244,25712,25.283855438232422,1.722835898399353,1.0,1340.283799769,3245,0.4392690658569336,0.13111473619937897,1746165351.851162
0.0078125,5019648.0,0.1731770932674408,0.7137330770492554,83.86847686767578,-0.3868672549724579,3267,25896,25.940105438232422,1.690254807472229,1.0,1349.618211652,3268,0.45556747913360596,0.21653488278388977,1746165361.185791
0.0078125,5045760.0,0.2838541865348816,0.7137330770492554,83.86847686767578,-0.4591171443462372,3284,26032,28.84114646911621,1.690254807472229,1.0,1356.434178623,3285,0.6376582980155945,0.1519566774368286,1746165368.001744
0.0078125,5047296.0,0.203125,0.7137330770492554,83.86847686767578,-0.4621492028236389,3285,26040,28.647136688232422,1.690254807472229,1.0,1356.836680205,3286,0.5272271037101746,0.1431199014186859,1746165368.4042442
0.0078125,5091840.0,0.24609375,0.7137330770492554,83.86847686767578,-0.4961806833744049,3314,26272,28.756511688232422,1.690254807472229,1.0,1368.432165802,3315,0.5982137322425842,0.19332195818424225,1746165379.9995174
0.0078125,5101056.0,0.2473958432674408,0.7137330770492554,83.86847686767578,-0.4596022963523865,3320,26320,28.002605438232422,1.690254807472229,1.0,1370.829361974,3321,0.5829635262489319,0.16998706758022308,1746165382.396907
0.0078125,5104128.0,0.23828125,0.7137330770492554,83.86847686767578,-0.4732877016067505,3322,26336,27.6640625,1.690254807472229,1.0,1371.630025941,3323,0.5435339212417603,0.1563195288181305,1746165383.1975684
0.0078125,5107200.0,0.15234375,0.7137330770492554,83.86847686767578,-0.4496411085128784,3324,26352,26.490886688232422,1.690254807472229,1.0,1372.430032536,3325,0.44613754749298096,0.16847293078899384,1746165383.997563
0.0078125,5110272.0,0.203125,0.7137330770492554,83.86847686767578,-0.45891571044921875,3326,26368,26.97265625,1.690254807472229,1.0,1373.228809088,3327,0.5075325965881348,0.13892513513565063,1746165384.796368
0.0078125,5122560.0,0.2180989682674408,0.7137330770492554,83.86847686767578,-0.4820280969142914,3334,26432,27.744792938232422,1.690254807472229,1.0,1376.429226547,3335,0.5364560484886169,0.15217912197113037,1746165387.996771
0.0078125,5131776.0,0.212890625,0.7137330770492554,83.86847686767578,-0.42068547010421753,3340,26480,27.85677146911621,1.690254807472229,1.0,1378.829100998,3341,0.5458081960678101,0.14905548095703125,1746165390.396631
0.0078125,5148672.0,0.2467447966337204,0.7137330770492554,83.86847686767578,-0.4421422481536865,3351,26568,28.654949188232422,1.690254807472229,1.0,1383.230427665,3352,0.5830734968185425,0.1352875679731369,1746165394.7979844
0.0078125,5164032.0,0.2063802182674408,0.7137330770492554,83.86847686767578,-0.4219205677509308,3361,26648,26.82552146911621,1.690254807472229,1.0,1387.2394647,3362,0.5149237513542175,0.15680454671382904,1746165398.806849
0.0078125,5165568.0,0.2682291865348816,0.7137330770492554,83.86847686767578,-0.45532408356666565,3362,26656,28.68099021911621,1.690254807472229,1.0,1387.639123081,3363,0.6053904891014099,0.1680242419242859,1746165399.2066557
0.0078125,5180928.0,0.2421875,0.7137330770492554,83.86847686767578,-0.42788249254226685,3372,26736,27.537761688232422,1.690254807472229,1.0,1391.652583224,3373,0.5644073486328125,0.14558342099189758,1746165403.220124
0.0078125,5208576.0,0.2278645932674408,0.7137330770492554,83.86847686767578,-0.458723783493042,3390,26880,28.795574188232422,1.690254807472229,1.0,1398.857875378,3391,0.5652201771736145,0.14837346971035004,1746165410.4252582
0.0078125,5210112.0,0.263671875,0.7137330770492554,83.86847686767578,-0.41310107707977295,3391,26888,28.35677146911621,1.690254807472229,1.0,1399.259116381,3392,0.593209445476532,0.14001739025115967,1746165410.826688
0.0078125,5233152.0,0.2180989682674408,0.7137330770492554,83.86847686767578,-0.5037771463394165,3406,27008,28.15625,1.690254807472229,1.0,1405.269839068,3407,0.5423762798309326,0.14169283211231232,1746165416.837379
0.0078125,5266944.0,0.2923177182674408,0.7137330770492554,83.86847686767578,-0.46104860305786133,3428,27184,30.010417938232422,1.690254807472229,1.0,1414.064350712,3429,0.6529816389083862,0.14643479883670807,1746165425.6318772
0.0078125,5280768.0,0.3046875,0.7137330770492554,83.86847686767578,-0.45272719860076904,3437,27256,29.283855438232422,1.690254807472229,1.0,1417.661326748,3438,0.6722016334533691,0.14273059368133545,1746165429.2288516
0.0078125,5289984.0,0.181640625,0.7137330770492554,83.86847686767578,-0.4254324436187744,3443,27304,25.82421875,1.690254807472229,1.0,1420.080243135,3444,0.47030648589134216,0.1727105677127838,1746165431.6477706
0.0078125,5299200.0,0.2493489682674408,0.7137330770492554,83.86847686767578,-0.48597192764282227,3449,27352,27.725261688232422,1.690254807472229,1.0,1422.491270058,3450,0.5795105695724487,0.14457955956459045,1746165434.058844
0.0078125,5302272.0,0.2018229216337204,0.7137330770492554,83.86847686767578,-0.499373197555542,3451,27368,27.45703125,1.690254807472229,1.0,1423.291820284,3452,0.5104601383209229,0.16837362945079803,1746165434.859241
0.0078125,5303808.0,0.23828125,0.7137330770492554,83.86847686767578,-0.5164533853530884,3452,27376,29.170574188232422,1.690254807472229,1.0,1423.691768926,3453,0.5844758749008179,0.1624561846256256,1746165435.2593048
0.0078125,5328384.0,0.3229166865348816,0.7137330770492554,83.86847686767578,-0.5403985977172852,3468,27504,29.92317771911621,1.690254807472229,1.0,1430.102534603,3469,0.6993296146392822,0.16345486044883728,1746165441.6700861
0.0078125,5332992.0,0.2408854216337204,0.7137330770492554,83.86847686767578,-0.501978874206543,3471,27528,27.27734375,1.690254807472229,1.0,1431.30948596,3472,0.5551310777664185,0.12072549760341644,1746165442.8770514
0.0078125,5340672.0,0.3040364682674408,0.7137330770492554,83.86847686767578,-0.4774037301540375,3476,27568,28.703125,1.690254807472229,1.0,1433.312072901,3477,0.6498352885246277,0.1353541612625122,1746165444.879626
0.0078125,5351424.0,0.1354166716337204,0.7137330770492554,83.86847686767578,-0.5032929182052612,3483,27624,26.408855438232422,1.690254807472229,1.0,1436.108118051,3484,0.4298299252986908,0.10428597778081894,1746165447.6756651
0.0078125,5372928.0,0.2747395932674408,0.7137330770492554,83.86847686767578,-0.5171689987182617,3497,27736,27.68359375,1.690254807472229,1.0,1441.707942171,3498,0.6005961894989014,0.12283247709274292,1746165453.2754989
0.0078125,5415936.0,0.2630208432674408,0.7137330770492554,83.86847686767578,-0.5059505701065063,3525,27960,28.029949188232422,1.690254807472229,1.0,1452.90873338,3526,0.5899150371551514,0.117886483669281,1746165464.4762864
0.008463541977107525,5417472.0,0.2473958432674408,0.7137330770492554,83.86847686767578,-0.5174956321716309,3526,27968,28.014324188232422,1.690254807472229,1.0,1453.307284111,3527,0.5817694664001465,0.14069190621376038,1746165464.8748126
0.0078125,5420544.0,0.1282552182674408,0.7137330770492554,83.86847686767578,-0.4893328547477722,3528,27984,27.592449188232422,1.690254807472229,1.0,1454.106859356,3529,0.43040937185287476,0.14925488829612732,1746165465.674382
0.0078125,5432832.0,0.26953125,0.7137330770492554,83.86847686767578,-0.40687650442123413,3536,28048,27.62630271911621,1.690254807472229,1.0,1457.304611379,3537,0.5934896469116211,0.1304316520690918,1746165468.872166
0.0078125,5437440.0,0.3151041865348816,0.7137330770492554,83.86847686767578,-0.4407895803451538,3539,28072,29.9609375,1.690254807472229,1.0,1458.505950295,3540,0.7133448123931885,0.12110081315040588,1746165470.0735266
0.0078125,5458944.0,0.283203125,0.7137330770492554,83.86847686767578,-0.43740159273147583,3553,28184,29.08333396911621,1.690254807472229,1.0,1464.112185115,3554,0.6428433060646057,0.15440692007541656,1746165475.6797352
0.0078125,5471232.0,0.2265625,0.7137330770492554,83.86847686767578,-0.45032575726509094,3561,28248,27.92317771911621,1.690254807472229,1.0,1467.319987594,3562,0.560312807559967,0.12035315483808517,1746165478.8875303
0.0078125,5475840.0,0.337890625,0.7137330770492554,83.86847686767578,-0.4217698276042938,3564,28272,28.91927146911621,1.690254807472229,1.0,1468.520740793,3565,0.6935831904411316,0.12571820616722107,1746165480.0883021
0.0078125,5495808.0,0.1829427182674408,0.7751938104629517,81.4534912109375,-0.4682094156742096,3577,28376,26.29296875,1.7595312595367432,1.0,1473.830783162,3578,0.4772182106971741,0.14906629920005798,1746165485.3983278
0.0078125,5537280.0,0.17578125,0.7751938104629517,81.4534912109375,-0.4123433232307434,3604,28592,27.97265625,1.7595312595367432,1.0,1484.642398309,3605,0.49511587619781494,0.15761129558086395,1746165496.2099404
0.0078125,5554176.0,0.1979166716337204,0.7751938104629517,81.4534912109375,-0.41772013902664185,3615,28680,26.00390625,1.7595312595367432,1.0,1489.040393027,3616,0.5005941390991211,0.11675602197647095,1746165500.6079285
0.0078125,5643264.0,0.220703125,0.7751938104629517,81.4534912109375,-0.4545777440071106,3673,29144,27.63802146911621,1.7595312595367432,1.0,1512.265436552,3674,0.5582581758499146,0.13593533635139465,1746165523.8329697
0.0078125,5704704.0,0.1907552182674408,0.7751938104629517,81.4534912109375,-0.50129634141922,3713,29464,27.9375,1.7595312595367432,1.0,1528.264782339,3714,0.5103592872619629,0.11741089820861816,1746165539.8323362
0.0078125,5732352.0,0.1744791716337204,0.7751938104629517,81.4534912109375,-0.48098015785217285,3731,29608,29.00911521911621,1.7595312595367432,1.0,1535.481042229,3732,0.5196292400360107,0.12201745063066483,1746165547.0484774
0.0078125,5822976.0,0.2083333432674408,0.7751938104629517,81.4534912109375,-0.5477873086929321,3790,30080,28.66015625,1.7595312595367432,1.0,1559.176833197,3791,0.5484945178031921,0.17145751416683197,1746165570.7443295
0.008463541977107525,5844480.0,0.330078125,0.7751938104629517,81.4534912109375,-0.46345406770706177,3804,30192,29.822917938232422,1.7595312595367432,1.0,1564.814031816,3805,0.7264562845230103,0.14232155680656433,1746165576.3813388
0.0078125,5849088.0,0.33984375,0.7751938104629517,81.4534912109375,-0.4668557941913605,3807,30216,29.05989646911621,1.7595312595367432,1.0,1566.020476766,3808,0.7147665023803711,0.13919749855995178,1746165577.5879316
0.0078125,5858304.0,0.3294270932674408,0.7751938104629517,81.4534912109375,-0.4379710555076599,3813,30264,30.00130271911621,1.7595312595367432,1.0,1568.431335897,3814,0.705196738243103,0.19648395478725433,1746165579.9988825
0.0078125,5870592.0,0.2779948115348816,0.7751938104629517,81.4534912109375,-0.448011577129364,3821,30328,28.34505271911621,1.7595312595367432,1.0,1571.640435758,3822,0.6128530502319336,0.14103063941001892,1746165583.207969
0.0078125,5899776.0,0.224609375,0.7751938104629517,81.4534912109375,-0.4511488080024719,3840,30480,28.61067771911621,1.7595312595367432,1.0,1579.26713473,3841,0.5583623647689819,0.1615913212299347,1746165590.8346782
0.0078125,5941248.0,0.2779948115348816,0.7751938104629517,81.4534912109375,-0.42757707834243774,3867,30696,29.080730438232422,1.7595312595367432,1.0,1590.093843395,3868,0.643923282623291,0.13650920987129211,1746165601.6612577
0.0078125,5945856.0,0.2415364682674408,0.7751938104629517,81.4534912109375,-0.4690397083759308,3870,30720,28.04036521911621,1.7595312595367432,1.0,1591.304074781,3871,0.5822337865829468,0.18129096925258636,1746165602.8715181
0.0078125,5975040.0,0.2610677182674408,0.7751938104629517,81.4534912109375,-0.40534117817878723,3889,30872,27.127605438232422,1.7595312595367432,1.0,1598.942243816,3890,0.5725220441818237,0.13427457213401794,1746165610.5096974
0.0078125,5993472.0,0.1477864682674408,0.8254269361495972,80.69828796386719,-0.4493088722229004,3901,30968,27.58724021911621,1.8111218214035034,1.0,1603.852438321,3902,0.44887667894363403,0.11342178285121918,1746165615.419886
0.0078125,5995008.0,0.2200520932674408,0.8254269361495972,80.69828796386719,-0.38187700510025024,3902,30976,26.545574188232422,1.8111218214035034,1.0,1604.25473812,3903,0.5153850317001343,0.12316162139177322,1746165615.8221319
0.0078125,6114816.0,0.375,0.8254269361495972,80.69828796386719,-0.4177131652832031,3980,31600,30.6953125,1.8111218214035034,1.0,1635.499229231,3981,0.7759613990783691,0.18880555033683777,1746165647.066605
0.0078125,6116352.0,0.353515625,0.8254269361495972,80.69828796386719,-0.46760591864585876,3981,31608,29.8359375,1.8111218214035034,1.0,1635.899033374,3982,0.7334393262863159,0.13960373401641846,1746165647.4665346
0.0078125,6122496.0,0.3170573115348816,0.8254269361495972,80.69828796386719,-0.4402186870574951,3985,31640,29.576824188232422,1.8111218214035034,1.0,1637.500678133,3986,0.6845154762268066,0.15183976292610168,1746165649.0681093
0.0078125,6147072.0,0.2552083432674408,0.8254269361495972,80.69828796386719,-0.39643335342407227,4001,31768,27.44140625,1.8111218214035034,1.0,1643.918754077,4002,0.5797340869903564,0.13981175422668457,1746165655.4861767
0.0078125,6150144.0,0.2734375,0.8254269361495972,80.69828796386719,-0.42103111743927,4003,31784,29.74609375,1.8111218214035034,1.0,1644.721304721,4004,0.6663353443145752,0.15334853529930115,1746165656.2887297
0.008463541977107525,6159360.0,0.234375,0.8254269361495972,80.69828796386719,-0.3996509909629822,4009,31832,28.850261688232422,1.8111218214035034,1.0,1647.127195336,4010,0.5683856010437012,0.15976642072200775,1746165658.6945953
0.0078125,6173184.0,0.2903645932674408,0.8254269361495972,80.69828796386719,-0.3272913694381714,4018,31904,28.71875,1.8111218214035034,1.0,1650.73942651,4019,0.6446341276168823,0.15991684794425964,1746165662.3069093
0.0078125,6253056.0,0.361328125,0.8254269361495972,80.69828796386719,-0.4443523585796356,4070,32320,29.772136688232422,1.8111218214035034,1.0,1671.607207695,4071,0.7406576871871948,0.17261451482772827,1746165683.1746037
0.0078125,6279168.0,0.2180989682674408,0.8254269361495972,80.69828796386719,-0.42596888542175293,4087,32456,27.865886688232422,1.8111218214035034,1.0,1678.419899978,4088,0.5316915512084961,0.13158343732357025,1746165689.9873412
0.0078125,6288384.0,0.2994791865348816,0.8254269361495972,80.69828796386719,-0.4251602292060852,4093,32504,28.27864646911621,1.8111218214035034,1.0,1680.826713876,4094,0.6510112285614014,0.15918126702308655,1746165692.3940556
0.0078125,6296064.0,0.2662760615348816,0.8254269361495972,80.69828796386719,-0.45062321424484253,4098,32544,26.514324188232422,1.8111218214035034,1.0,1682.829482962,4099,0.5662903785705566,0.1758555769920349,1746165694.3969915
0.0078125,6365184.0,0.3001302182674408,0.8254269361495972,80.69828796386719,-0.2880614101886749,4143,32904,27.994792938232422,1.8111218214035034,1.0,1700.847265345,4144,0.6344829797744751,0.17727527022361755,1746165712.4147983
0.0078125,6382080.0,0.3125,0.8254269361495972,80.69828796386719,-0.34703588485717773,4154,32992,28.64583396911621,1.8111218214035034,1.0,1705.251148551,4155,0.6793238520622253,0.20398280024528503,1746165716.818688
0.0078125,6402048.0,0.259765625,0.8254269361495972,80.69828796386719,-0.3805612325668335,4167,33096,28.9375,1.8111218214035034,1.0,1710.451712057,4168,0.6068360209465027,0.17884808778762817,1746165722.0192666
0.0078125,6403584.0,0.2845052182674408,0.8254269361495972,80.69828796386719,-0.38539591431617737,4168,33104,28.690105438232422,1.8111218214035034,1.0,1710.860942746,4169,0.6386210918426514,0.15822046995162964,1746165722.4284902
0.0078125,6405120.0,0.2376302182674408,0.8254269361495972,80.69828796386719,-0.37256646156311035,4169,33112,26.647136688232422,1.8111218214035034,1.0,1711.260422765,4170,0.5301021337509155,0.17885801196098328,1746165722.8279724
0.0078125,6414336.0,0.2825520932674408,0.8254269361495972,80.69828796386719,-0.4138162136077881,4175,33160,30.510417938232422,1.8111218214035034,1.0,1713.659776285,4176,0.6643702387809753,0.1578722596168518,1746165725.227356
0.0078125,6426624.0,0.2037760466337204,0.8254269361495972,80.69828796386719,-0.3468284606933594,4183,33224,27.045574188232422,1.8111218214035034,1.0,1716.861091944,4184,0.5058518648147583,0.14528068900108337,1746165728.428633
0.0078125,6449664.0,0.25,0.8254269361495972,80.69828796386719,-0.26791638135910034,4198,33344,28.631511688232422,1.8111218214035034,1.0,1722.866756226,4199,0.5906964540481567,0.14529913663864136,1746165734.4343293
0.0078125,6497280.0,0.2903645932674408,0.8461538553237915,80.63461303710938,-0.33588695526123047,4229,33592,28.2578125,1.834312081336975,1.0,1735.378456271,4230,0.6363551616668701,0.144776850938797,1746165746.9460232
0.0078125,6526464.0,0.3313802182674408,0.8461538553237915,80.63461303710938,-0.38100114464759827,4248,33744,29.0390625,1.834312081336975,1.0,1742.986985431,4249,0.6983358263969421,0.14023102819919586,1746165754.5544634
0.0078125,6531072.0,0.3346354365348816,0.8461538553237915,80.63461303710938,-0.3770736753940582,4251,33768,29.61067771911621,1.834312081336975,1.0,1744.18836576,4252,0.7109375,0.12850110232830048,1746165755.7559013
0.0078125,6547968.0,0.291015625,0.8461538553237915,80.63461303710938,-0.3196730613708496,4262,33856,29.768230438232422,1.834312081336975,1.0,1748.595266255,4263,0.6675558090209961,0.14684154093265533,1746165760.1628177
0.0078125,6566400.0,0.2486979216337204,0.8461538553237915,80.63461303710938,-0.3427625000476837,4274,33952,29.296875,1.834312081336975,1.0,1753.405496626,4275,0.6014201641082764,0.15941737592220306,1746165764.97304
0.0078125,6586368.0,0.2506510615348816,0.8461538553237915,80.63461303710938,-0.33088570833206177,4287,34056,28.64453125,1.834312081336975,1.0,1758.610488572,4288,0.5891302227973938,0.1549948900938034,1746165770.1780367
0.0078125,6617088.0,0.1809895932674408,0.8461538553237915,80.63461303710938,-0.42332467436790466,4307,34216,26.25,1.834312081336975,1.0,1766.644360399,4308,0.4730985164642334,0.2006276249885559,1746165778.211926
0.008463541977107525,6666240.0,0.3880208432674408,0.8461538553237915,80.63461303710938,-0.36038607358932495,4339,34472,30.73958396911621,1.834312081336975,1.0,1779.4781842,4340,0.8042526245117188,0.17544111609458923,1746165791.0457473
0.0078125,6681600.0,0.1959635466337204,0.8461538553237915,80.63461303710938,-0.3197019696235657,4349,34552,27.334636688232422,1.834312081336975,1.0,1783.487412898,4350,0.500389814376831,0.16913248598575592,1746165795.0549579
0.0078125,6692352.0,0.2981770932674408,0.8461538553237915,80.63461303710938,-0.3659154772758484,4356,34608,29.6328125,1.834312081336975,1.0,1786.289416761,4357,0.6598445177078247,0.1857193410396576,1746165797.8568082
0.0078125,6735360.0,0.3072916865348816,0.8461538553237915,80.63461303710938,-0.3195784389972687,4384,34832,29.666667938232422,1.834312081336975,1.0,1797.507760174,4385,0.6788625717163086,0.1440248191356659,1746165809.0753007
0.0078125,6739968.0,0.255859375,0.8461538553237915,80.63461303710938,-0.25838279724121094,4387,34856,27.41927146911621,1.834312081336975,1.0,1798.706354116,4388,0.5665391087532043,0.13931161165237427,1746165810.2738798
0.0078125,6763008.0,0.2154947966337204,0.8461538553237915,80.63461303710938,-0.3245179057121277,4402,34976,27.64974021911621,1.834312081336975,1.0,1804.704581253,4403,0.5378113389015198,0.14641836285591125,1746165816.2721124
0.0078125,6789120.0,0.3151041865348816,0.8461538553237915,80.63461303710938,-0.27320921421051025,4419,35112,29.787761688232422,1.834312081336975,1.0,1811.504330587,4420,0.6828192472457886,0.1412626951932907,1746165823.0718594
0.0078125,6825984.0,0.2981770932674408,0.8461538553237915,80.63461303710938,-0.32283473014831543,4443,35304,28.70442771911621,1.834312081336975,1.0,1821.11065384,4444,0.6434289813041687,0.13922728598117828,1746165832.6782215
0.0078125,6850560.0,0.2506510615348816,0.8461538553237915,80.63461303710938,-0.38786420226097107,4459,35432,26.627605438232422,1.834312081336975,1.0,1827.518009108,4460,0.55376797914505,0.23648396134376526,1746165839.0855472
0.0078125,6865920.0,0.2884114682674408,0.8461538553237915,80.63461303710938,-0.36757785081863403,4469,35512,29.11458396911621,1.834312081336975,1.0,1831.529189622,4470,0.6413495540618896,0.11527930200099945,1746165843.0967395
0.0078125,6887424.0,0.2955729365348816,0.8461538553237915,80.63461303710938,-0.3846772015094757,4483,35624,28.921875,1.834312081336975,1.0,1837.131586517,4484,0.6383535265922546,0.1442825198173523,1746165848.6991248
0.0078125,6953472.0,0.23046875,0.8461538553237915,80.63461303710938,-0.3303218483924866,4526,35968,26.510417938232422,1.834312081336975,1.0,1854.354735918,4527,0.5202006697654724,0.16591550409793854,1746165865.9222815
0.0078125,6962688.0,0.2565104365348816,0.8461538553237915,80.63461303710938,-0.347324401140213,4532,36016,28.666667938232422,1.834312081336975,1.0,1856.755146311,4533,0.6024434566497803,0.13493815064430237,1746165868.3226852
0.0078125,6974976.0,0.34375,0.8461538553237915,80.63461303710938,-0.35080021619796753,4540,36080,29.65625,1.834312081336975,1.0,1859.953443312,4541,0.7269405126571655,0.12129613757133484,1746165871.520993
0.0078125,6981120.0,0.263671875,0.8461538553237915,80.63461303710938,-0.36478090286254883,4544,36112,29.85677146911621,1.834312081336975,1.0,1861.561865702,4545,0.6427111029624939,0.13320022821426392,1746165873.1294188
0.0078125,6996480.0,0.25390625,0.8480300307273865,78.41275787353516,-0.3435555398464203,4554,36192,27.97786521911621,1.8346799612045288,1.0,1865.661879298,4555,0.5879613757133484,0.15925338864326477,1746165877.2294335
0.0078125,7028736.0,0.228515625,0.8480300307273865,78.41275787353516,-0.3721252679824829,4575,36360,27.2578125,1.8346799612045288,1.0,1874.062649231,4576,0.55466628074646,0.16813227534294128,1746165885.6302133
0.0078125,7050240.0,0.3411458432674408,0.8480300307273865,78.41275787353516,-0.3159264624118805,4589,36472,30.127605438232422,1.8346799612045288,1.0,1879.66937152,4590,0.7277171015739441,0.17913441359996796,1746165891.2369313
0.0078125,7059456.0,0.234375,0.8480300307273865,78.41275787353516,-0.36546987295150757,4595,36520,28.37239646911621,1.8346799612045288,1.0,1882.072365633,4596,0.579079270362854,0.16503360867500305,1746165893.6399395
0.0078125,7068672.0,0.2630208432674408,0.8480300307273865,78.41275787353516,-0.35652899742126465,4601,36568,28.578125,1.8346799612045288,1.0,1884.473640376,4602,0.6102005243301392,0.13167691230773926,1746165896.0411708
0.0078125,7076352.0,0.2610677182674408,0.8480300307273865,78.41275787353516,-0.3760796785354614,4606,36608,27.541667938232422,1.8346799612045288,1.0,1886.472907021,4607,0.5903484225273132,0.15542681515216827,1746165898.0404418
0.00911458395421505,7091712.0,0.2877604365348816,0.8480300307273865,78.41275787353516,-0.34615635871887207,4616,36688,27.72005271911621,1.8346799612045288,1.0,1890.470865224,4617,0.62981116771698,0.17641255259513855,1746165902.0383976
0.0078125,7108608.0,0.2571614682674408,0.8480300307273865,78.41275787353516,-0.348468154668808,4627,36776,27.71224021911621,1.8346799612045288,1.0,1894.879030077,4628,0.5923228859901428,0.16205742955207825,1746165906.4465818
0.008463541977107525,7123968.0,0.3307291865348816,0.8480300307273865,78.41275787353516,-0.2996046543121338,4637,36856,30.02083396911621,1.8346799612045288,1.0,1898.882180361,4638,0.7210103869438171,0.14287391304969788,1746165910.449732
0.0078125,7156224.0,0.3580729365348816,0.8480300307273865,78.41275787353516,-0.3624752163887024,4658,37024,29.390625,1.8346799612045288,1.0,1907.305260137,4659,0.7509908676147461,0.14543664455413818,1746165918.8728008
0.0078125,7159296.0,0.19921875,0.8480300307273865,78.41275787353516,-0.32699063420295715,4660,37040,27.01302146911621,1.8346799612045288,1.0,1908.107806174,4661,0.5027023553848267,0.13479554653167725,1746165919.6753561
0.0078125,7162368.0,0.2994791865348816,0.8480300307273865,78.41275787353516,-0.3811870813369751,4662,37056,28.88802146911621,1.8346799612045288,1.0,1908.907601582,4663,0.6578624248504639,0.14901119470596313,1746165920.4751215
0.0078125,7163904.0,0.2415364682674408,0.8480300307273865,78.41275787353516,-0.33718469738960266,4663,37064,27.459636688232422,1.8346799612045288,1.0,1909.308245176,4664,0.5613556504249573,0.13503995537757874,1746165920.8757937
0.0078125,7173120.0,0.2779948115348816,0.8480300307273865,78.41275787353516,-0.39699310064315796,4669,37112,29.119792938232422,1.8346799612045288,1.0,1911.712624237,4670,0.6458513140678406,0.12976887822151184,1746165923.280184
0.0078125,7190016.0,0.3014323115348816,0.8480300307273865,78.41275787353516,-0.3333800733089447,4680,37200,28.484375,1.8346799612045288,1.0,1916.115971455,4681,0.6513062715530396,0.14748376607894897,1746165927.6835337
0.0078125,7234560.0,0.2506510615348816,0.8480300307273865,78.41275787353516,-0.32855555415153503,4709,37432,29.764324188232422,1.8346799612045288,1.0,1927.736469903,4710,0.6197850108146667,0.1553042083978653,1746165939.3040214
0.0078125,7274496.0,0.3079427182674408,0.8480300307273865,78.41275787353516,-0.2683742940425873,4735,37640,28.31380271911621,1.8346799612045288,1.0,1938.148107336,4736,0.6406301259994507,0.14904987812042236,1746165949.715623
0.0078125,7283712.0,0.18359375,0.8480300307273865,78.41275787353516,-0.24427394568920135,4741,37688,27.47265625,1.8346799612045288,1.0,1940.573706804,4742,0.4922425150871277,0.12808901071548462,1746165952.1412463
0.0078125,7299072.0,0.2311197966337204,0.8480300307273865,78.41275787353516,-0.2724911570549011,4751,37768,28.13671875,1.8346799612045288,1.0,1944.575262158,4752,0.5523690581321716,0.14856499433517456,1746165956.1428316
0.0078125,7300608.0,0.3899739682674408,0.8480300307273865,78.41275787353516,-0.2850600779056549,4752,37776,30.31640625,1.8346799612045288,1.0,1944.975476398,4753,0.7799479365348816,0.15102311968803406,1746165956.5430372
0.0078125,7314432.0,0.212890625,0.8480300307273865,78.41275787353516,-0.26001837849617004,4761,37848,26.53255271911621,1.8346799612045288,1.0,1948.57279406,4762,0.5171626806259155,0.12364320456981659,1746165960.1403596
0.0078125,7322112.0,0.298828125,0.8480300307273865,78.41275787353516,-0.23496095836162567,4766,37888,29.3671875,1.8346799612045288,1.0,1950.57528004,4767,0.6583771705627441,0.13624663650989532,1746165962.1428037
0.0078125,7362048.0,0.2721354365348816,0.8480300307273865,78.41275787353516,-0.2813691198825836,4792,38096,30.87890625,1.8346799612045288,1.0,1960.983774208,4793,0.6691886782646179,0.16494816541671753,1746165972.5513191
0.0078125,7385088.0,0.3001302182674408,0.8480300307273865,78.41275787353516,-0.26388341188430786,4807,38216,29.40755271911621,1.8346799612045288,1.0,1966.985713431,4808,0.6724335551261902,0.12824133038520813,1746165978.553276
0.0078125,7398912.0,0.275390625,0.8480300307273865,78.41275787353516,-0.26567986607551575,4816,38288,29.9609375,1.8346799612045288,1.0,1970.5990059,4817,0.6479836106300354,0.11156658828258514,1746165982.1665533
0.0078125,7425024.0,0.3040364682674408,0.8480300307273865,78.41275787353516,-0.3182879090309143,4833,38424,30.1015625,1.8346799612045288,1.0,1977.405163495,4834,0.6820241808891296,0.09903818368911743,1746165988.9727292
0.0078125,7449600.0,0.23046875,0.8480300307273865,78.41275787353516,-0.3505425751209259,4849,38552,28.213542938232422,1.8346799612045288,1.0,1983.825311678,4850,0.5802054405212402,0.13580435514450073,1746165995.3928342
0.0078125,7460352.0,0.3053385615348816,0.8480300307273865,78.41275787353516,-0.340681254863739,4856,38608,28.264324188232422,1.8346799612045288,1.0,1986.633660217,4857,0.6525326371192932,0.10157346725463867,1746165998.2011845
0.0078125,7483392.0,0.2747395932674408,0.8480300307273865,78.41275787353516,-0.3587037920951843,4871,38728,28.875,1.8346799612045288,1.0,1992.647593008,4872,0.615113377571106,0.12407535314559937,1746166004.2151146
0.008463541977107525,7520256.0,0.3020833432674408,0.8822429776191711,78.4242935180664,-0.27506935596466064,4895,38920,28.765625,1.8742531538009644,0.9999999403953552,2002.366063855,4896,0.6608775854110718,0.10842357575893402,1746166013.9336126
0.008463541977107525,7527936.0,0.365234375,0.8822429776191711,78.4242935180664,-0.3168964982032776,4900,38960,29.99349021911621,1.8742531538009644,0.9999999403953552,2004.367838126,4901,0.7514750361442566,0.13593128323554993,1746166015.9353452
0.0078125,7601664.0,0.2233072966337204,0.8822429776191711,78.4242935180664,-0.340695858001709,4948,39344,27.447917938232422,1.8742531538009644,0.9999999403953552,2023.5803154,4949,0.573132336139679,0.12565678358078003,1746166035.1478646
0.0078125,7609344.0,0.28125,0.8822429776191711,78.4242935180664,-0.3656734526157379,4953,39384,29.0859375,1.8742531538009644,0.9999999403953552,2025.580569549,4954,0.6448709964752197,0.10686735063791275,1746166037.148089
0.0078125,7638528.0,0.2447916716337204,0.8822429776191711,78.4242935180664,-0.3313029706478119,4972,39536,28.826824188232422,1.8742531538009644,0.9999999403953552,2033.186000566,4973,0.5749481320381165,0.10845580697059631,1746166044.7535572
0.008463541977107525,7658496.0,0.3053385615348816,0.8822429776191711,78.4242935180664,-0.3077120780944824,4985,39640,29.5078125,1.8742531538009644,0.9999999403953552,2038.391102051,4986,0.674079418182373,0.1403081715106964,1746166049.958632
0.0078125,7661568.0,0.2708333432674408,0.8822429776191711,78.4242935180664,-0.32675597071647644,4987,39656,28.92317771911621,1.8742531538009644,0.9999999403953552,2039.192801862,4988,0.6201705932617188,0.16087166965007782,1746166050.760359
0.0078125,7692288.0,0.3444010615348816,0.8822429776191711,78.4242935180664,-0.37568676471710205,5007,39816,29.080730438232422,1.8742531538009644,0.9999999403953552,2047.21509085,5008,0.7240926623344421,0.13189592957496643,1746166058.7826278
0.0078125,7693824.0,0.2845052182674408,0.8822429776191711,78.4242935180664,-0.3223625421524048,5008,39824,28.33984375,1.8742531538009644,0.9999999403953552,2047.615840141,5009,0.6252716779708862,0.13429507613182068,1746166059.1833901
0.0078125,7712256.0,0.2942708432674408,0.8822429776191711,78.4242935180664,-0.30917805433273315,5020,39920,28.82161521911621,1.8742531538009644,0.9999999403953552,2052.42345725,5021,0.6534318923950195,0.1091611236333847,1746166063.9909992
0.0078125,7747584.0,0.1979166716337204,0.8822429776191711,78.4242935180664,-0.3685121536254883,5043,40104,27.319011688232422,1.8742531538009644,0.9999999403953552,2061.629426179,5044,0.519252598285675,0.10898976027965546,1746166073.1969671
0.008463541977107525,7752192.0,0.3118489682674408,0.8822429776191711,78.4242935180664,-0.3255269527435303,5046,40128,29.953125,1.8742531538009644,0.9999999403953552,2062.831547181,5047,0.6945496797561646,0.10548952966928482,1746166074.3990757
0.0078125,7755264.0,0.28515625,0.8822429776191711,78.4242935180664,-0.3633483648300171,5048,40144,27.61328125,1.8742531538009644,0.9999999403953552,2063.631645827,5049,0.6063294410705566,0.10507838428020477,1746166075.1991823
0.0078125,7764480.0,0.3352864682674408,0.8822429776191711,78.4242935180664,-0.3107907176017761,5054,40192,30.18489646911621,1.8742531538009644,0.9999999403953552,2066.039780435,5055,0.7150024771690369,0.10682474076747894,1746166077.6073349
0.0078125,7775232.0,0.314453125,0.8822429776191711,78.4242935180664,-0.3903106451034546,5061,40248,28.16536521911621,1.8742531538009644,0.9999999403953552,2068.841197927,5062,0.6815847754478455,0.12468785047531128,1746166080.4087548
0.0078125,7805952.0,0.4361979365348816,0.8822429776191711,78.4242935180664,-0.34441354870796204,5081,40408,30.75130271911621,1.8742531538009644,0.9999999403953552,2076.858999687,5082,0.8723958730697632,0.10515543818473816,1746166088.4265492
0.008463541977107525,7825920.0,0.298828125,0.8822429776191711,78.4242935180664,-0.30613893270492554,5094,40512,28.94661521911621,1.8742531538009644,0.9999999403953552,2082.068158813,5095,0.6794708967208862,0.11316992342472076,1746166093.6356804
0.0078125,7855104.0,0.1236979216337204,0.8822429776191711,78.4242935180664,-0.3356836438179016,5113,40664,27.74609375,1.8742531538009644,0.9999999403953552,2089.668577105,5114,0.42779964208602905,0.1019774079322815,1746166101.2361073
0.0078125,7875072.0,0.1998697966337204,0.8822429776191711,78.4242935180664,-0.3099783658981323,5126,40768,26.584636688232422,1.8742531538009644,0.9999999403953552,2094.879195082,5127,0.4972313642501831,0.1608215570449829,1746166106.4467177
0.0078125,7899648.0,0.2408854216337204,0.8822429776191711,78.4242935180664,-0.39109909534454346,5142,40896,28.483074188232422,1.8742531538009644,0.9999999403953552,2101.292941052,5143,0.5886361002922058,0.10624514520168304,1746166112.860464
0.0078125,7916544.0,0.20703125,0.8822429776191711,78.4242935180664,-0.4474162757396698,5153,40984,26.88020896911621,1.8742531538009644,0.9999999403953552,2105.700157283,5154,0.5107917785644531,0.10676275938749313,1746166117.267722
0.0078125,7942656.0,0.173828125,0.8822429776191711,78.4242935180664,-0.4109140634536743,5170,41120,26.55599021911621,1.8742531538009644,0.9999999403953552,2112.507172217,5171,0.46326321363449097,0.1916973888874054,1746166124.074726
0.00911458395421505,8002560.0,0.35546875,0.8709090948104858,75.68363952636719,-0.44032853841781616,5209,41432,28.30989646911621,1.861640453338623,1.0,2128.248364632,5210,0.7285283803939819,0.16453388333320618,1746166139.815828
0.0078125,8031744.0,0.3079427182674408,0.8709090948104858,75.68363952636719,-0.39584261178970337,5228,41584,28.84375,1.861640453338623,1.0,2135.858293294,5229,0.6686362028121948,0.1192435622215271,1746166147.4258392
0.0078125,8065536.0,0.3489583432674408,0.8709090948104858,75.68363952636719,-0.3383009433746338,5250,41760,29.9921875,1.861640453338623,1.0,2144.665667682,5251,0.7470433115959167,0.09940096735954285,1746166156.2332249
0.0078125,8074752.0,0.2623698115348816,0.8709090948104858,75.68363952636719,-0.35114020109176636,5256,41808,28.76953125,1.861640453338623,1.0,2147.066123966,5257,0.6104673147201538,0.1304437518119812,1746166158.6336768
0.0078125,8110080.0,0.2701823115348816,0.8709090948104858,75.68363952636719,-0.3516157865524292,5279,41992,27.51302146911621,1.861640453338623,1.0,2156.273042239,5280,0.6112305521965027,0.10497008264064789,1746166167.8405812
0.0078125,8116224.0,0.2578125,0.8709090948104858,75.68363952636719,-0.3619388937950134,5283,42024,29.455730438232422,1.861640453338623,1.0,2157.87466357,5284,0.6243390440940857,0.12576106190681458,1746166169.4422262
0.008463541977107525,8130048.0,0.263671875,0.8709090948104858,75.68363952636719,-0.3710903227329254,5292,42096,27.79817771911621,1.861640453338623,1.0,2161.492026549,5293,0.6067534685134888,0.10946038365364075,1746166173.0593963
0.008463541977107525,8133120.0,0.3828125,0.8709090948104858,75.68363952636719,-0.34519511461257935,5294,42112,29.53515625,1.861640453338623,1.0,2162.292443661,5295,0.7656251788139343,0.12028365582227707,1746166173.859971
0.0078125,8154624.0,0.341796875,0.8709090948104858,75.68363952636719,-0.37588855624198914,5308,42224,29.04296875,1.861640453338623,1.0,2167.897859198,5309,0.7009257674217224,0.16940627992153168,1746166179.4651787
0.0078125,8169984.0,0.3313802182674408,0.8709090948104858,75.68363952636719,-0.368328332901001,5318,42304,28.471355438232422,1.861640453338623,1.0,2171.897883289,5319,0.6982076168060303,0.1576801836490631,1746166183.4654315
0.0078125,8220672.0,0.28515625,0.8709090948104858,75.68363952636719,-0.46688684821128845,5351,42568,28.66145896911621,1.861640453338623,1.0,2185.115736335,5352,0.6387350559234619,0.11474066227674484,1746166196.6832936
0.008463541977107525,8262144.0,0.2610677182674408,0.8709090948104858,75.68363952636719,-0.4401357173919678,5378,42784,29.529949188232422,1.861640453338623,1.0,2195.925408564,5379,0.6365619897842407,0.14011889696121216,1746166207.492964
0.0078125,8275968.0,0.3587239682674408,0.8709090948104858,75.68363952636719,-0.41669347882270813,5387,42856,30.29036521911621,1.861640453338623,1.0,2199.527736326,5388,0.7457861304283142,0.12699034810066223,1746166211.0953164
0.0078125,8280576.0,0.294921875,0.8709090948104858,75.68363952636719,-0.37640589475631714,5390,42880,29.171875,1.861640453338623,1.0,2200.739021555,5391,0.6510356664657593,0.13101336359977722,1746166212.306559
0.0078125,8286720.0,0.3326823115348816,0.8709090948104858,75.68363952636719,-0.3751126825809479,5394,42912,28.07161521911621,1.861640453338623,1.0,2202.342970703,5395,0.6823263168334961,0.14200563728809357,1746166213.9105327
0.0078125,8295936.0,0.26953125,0.8709090948104858,75.68363952636719,-0.37998443841934204,5400,42960,26.859375,1.861640453338623,1.0,2204.746481236,5401,0.5744812488555908,0.13757365942001343,1746166216.3140469
0.0078125,8303616.0,0.328125,0.8709090948104858,75.68363952636719,-0.4240586757659912,5405,43000,28.647136688232422,1.861640453338623,1.0,2206.748330318,5406,0.6906148791313171,0.13244323432445526,1746166218.3158693
0.008463541977107525,8305152.0,0.2994791865348816,0.8709090948104858,75.68363952636719,-0.38472527265548706,5406,43008,28.234375,1.861640453338623,1.0,2207.148356128,5407,0.6514384150505066,0.13359962403774261,1746166218.7159064
0.0078125,8329728.0,0.2760416865348816,0.8709090948104858,75.68363952636719,-0.47284188866615295,5422,43136,29.29036521911621,1.861640453338623,1.0,2213.549972267,5423,0.6368297338485718,0.13666695356369019,1746166225.1175098
0.0078125,8338944.0,0.3671875,0.8709090948104858,75.68363952636719,-0.4318028390407562,5428,43184,30.31380271911621,1.861640453338623,1.0,2215.948880092,5429,0.7562288045883179,0.12493380904197693,1746166227.516462
0.0078125,8414208.0,0.2669270932674408,0.8709090948104858,75.68363952636719,-0.3049832582473755,5477,43576,27.119792938232422,1.861640453338623,1.0,2235.57972561,5478,0.5848674178123474,0.11220842599868774,1746166247.1472847
0.0078125,8434176.0,0.3177083432674408,0.8709090948104858,75.68363952636719,-0.3034442067146301,5490,43680,28.578125,1.861640453338623,1.0,2240.781891355,5491,0.6884446144104004,0.11222933232784271,1746166252.3494272
0.0078125,8457216.0,0.2747395932674408,0.8709090948104858,75.68363952636719,-0.4005424976348877,5505,43800,28.00520896911621,1.861640453338623,1.0,2246.785342128,5506,0.6239131689071655,0.16648554801940918,1746166258.3528807
0.0078125,8464896.0,0.4088541865348816,0.8709090948104858,75.68363952636719,-0.3558098077774048,5510,43840,31.404949188232422,1.861640453338623,1.0,2248.783662348,5511,0.8449658155441284,0.16516894102096558,1746166260.3512225
0.0078125,8469504.0,0.19140625,0.8709090948104858,75.68363952636719,-0.2969285547733307,5513,43864,27.670574188232422,1.861640453338623,1.0,2249.982622648,5514,0.5104884505271912,0.10824323445558548,1746166261.5501678
0.008463541977107525,8523264.0,0.3587239682674408,0.8792792558670044,75.20539855957031,-0.3155999183654785,5548,44144,29.23046875,1.869913935661316,0.9999999403953552,2264.113842128,5549,0.7342529296875,0.11649171262979507,1746166275.681413
0.0078125,8535552.0,0.3268229365348816,0.8792792558670044,75.20539855957031,-0.2981233596801758,5556,44208,29.8359375,1.869913935661316,0.9999999403953552,2267.318566213,5557,0.7233847379684448,0.10621412098407745,1746166278.8861296
0.0078125,8590848.0,0.359375,0.8792792558670044,75.20539855957031,-0.3289521038532257,5592,44496,29.24609375,1.869913935661316,0.9999999403953552,2281.741372923,5593,0.7529155611991882,0.11286919564008713,1746166293.3089123
0.008463541977107525,8612352.0,0.421875,0.8792792558670044,75.20539855957031,-0.30187222361564636,5606,44608,31.0625,1.869913935661316,0.9999999403953552,2287.361330121,5607,0.862548828125,0.1158682107925415,1746166298.9288747
0.0078125,8640000.0,0.3893229365348816,0.8792792558670044,75.20539855957031,-0.3669419586658478,5624,44752,30.60286521911621,1.869913935661316,0.9999999403953552,2294.566531107,5625,0.8069142699241638,0.12563741207122803,1746166306.134077
0.0078125,8661504.0,0.3502604365348816,0.8792792558670044,75.20539855957031,-0.3292868137359619,5638,44864,30.90234375,1.869913935661316,0.9999999403953552,2300.174015731,5639,0.7526062726974487,0.11061577498912811,1746166311.7415583
0.0078125,8678400.0,0.3209635615348816,0.8792792558670044,75.20539855957031,-0.37102818489074707,5649,44952,29.57161521911621,1.869913935661316,0.9999999403953552,2304.581523208,5650,0.6885144710540771,0.12879091501235962,1746166316.1490984
0.0078125,8718336.0,0.3385416865348816,0.8792792558670044,75.20539855957031,-0.3901430368423462,5675,45160,29.26302146911621,1.869913935661316,0.9999999403953552,2314.982943854,5676,0.7212028503417969,0.13538455963134766,1746166326.550499
0.0078125,8722944.0,0.3079427182674408,0.8792792558670044,75.20539855957031,-0.3875707685947418,5678,45184,28.69140625,1.869913935661316,0.9999999403953552,2316.179214477,5679,0.6710795760154724,0.1331886202096939,1746166327.7467499
0.0078125,8739840.0,0.2532552182674408,0.8792792558670044,75.20539855957031,-0.3385395407676697,5689,45272,27.47395896911621,1.869913935661316,0.9999999403953552,2320.573546938,5690,0.5789103507995605,0.09065450727939606,1746166332.1410956
0.0078125,8793600.0,0.3561198115348816,0.8792792558670044,75.20539855957031,-0.2630113363265991,5724,45552,29.87109375,1.869913935661316,0.9999999403953552,2334.587151187,5725,0.752967357635498,0.1000797376036644,1746166346.1547108
0.0078125,8825856.0,0.3645833432674408,0.8792792558670044,75.20539855957031,-0.34183335304260254,5745,45720,30.162761688232422,1.869913935661316,0.9999999403953552,2343.000908394,5746,0.760023295879364,0.12574368715286255,1746166354.5684717
0.008463541977107525,8835072.0,0.40625,0.8792792558670044,75.20539855957031,-0.29813262820243835,5751,45768,30.682292938232422,1.869913935661316,0.9999999403953552,2345.397885202,5752,0.8125,0.1044561117887497,1746166356.9654548
0.00911458395421505,8845824.0,0.283203125,0.8792792558670044,75.20539855957031,-0.3165598511695862,5758,45824,28.015625,1.869913935661316,0.9999999403953552,2348.199828324,5759,0.6448079943656921,0.11099817603826523,1746166359.7673295
0.0078125,8870400.0,0.322265625,0.8792792558670044,75.20539855957031,-0.3477365970611572,5774,45952,28.22786521911621,1.869913935661316,0.9999999403953552,2354.613536067,5775,0.6801826357841492,0.10927073657512665,1746166366.1810825
0.0078125,8902656.0,0.3671875,0.8792792558670044,75.20539855957031,-0.22184042632579803,5795,46120,29.65364646911621,1.869913935661316,0.9999999403953552,2363.018347608,5796,0.7511800527572632,0.1260567009449005,1746166374.5858984
0.0078125,8913408.0,0.2526041865348816,0.8792792558670044,75.20539855957031,-0.23412907123565674,5802,46176,28.901042938232422,1.869913935661316,0.9999999403953552,2365.818825042,5803,0.6155803203582764,0.10218435525894165,1746166377.3863988
0.009765625,8934912.0,0.38671875,0.8792792558670044,75.20539855957031,-0.21223664283752441,5816,46288,29.334636688232422,1.869913935661316,0.9999999403953552,2371.427560396,5817,0.8078023791313171,0.10207070410251617,1746166382.995095
0.008463541977107525,8984064.0,0.3430989682674408,0.8792792558670044,75.20539855957031,-0.21940907835960388,5848,46544,29.34895896911621,1.869913935661316,0.9999999403953552,2384.244196862,5849,0.7219585180282593,0.11097480356693268,1746166395.8117301
0.008463541977107525,9004032.0,0.3502604365348816,0.9218472838401794,73.61101531982422,-0.16441351175308228,5861,46648,31.00520896911621,1.9158426523208618,1.0,2389.549742978,5862,0.7559859156608582,0.09682059288024902,1746166401.1173086
0.0078125,9017856.0,0.4049479365348816,0.9218472838401794,73.61101531982422,-0.17455613613128662,5870,46720,30.549480438232422,1.9158426523208618,1.0,2393.14962048,5871,0.8271139860153198,0.10290265083312988,1746166404.717149
0.00911458395421505,9070080.0,0.3255208432674408,0.9218472838401794,73.61101531982422,-0.13429048657417297,5904,46992,29.4609375,1.9158426523208618,1.0,2406.784524173,5905,0.7132599353790283,0.09618589282035828,1746166418.3520863
0.009765625,9177600.0,0.3958333432674408,0.9218472838401794,73.61101531982422,-0.15358364582061768,5974,47552,31.66536521911621,1.9158426523208618,1.0,2434.830690302,5975,0.8412069082260132,0.09117783606052399,1746166446.3982513
0.010416666977107525,9191424.0,0.404296875,0.9218472838401794,73.61101531982422,-0.1379902958869934,5983,47624,30.72005271911621,1.9158426523208618,1.0,2438.436965326,5984,0.8341064453125,0.10207086056470871,1746166450.0044887
0.0078125,9228288.0,0.35546875,0.9218472838401794,73.61101531982422,-0.12453942000865936,6007,47816,30.48177146911621,1.9158426523208618,1.0,2448.025423206,6008,0.7625179290771484,0.08195764571428299,1746166459.592971
0.008463541977107525,9234432.0,0.3912760615348816,0.9218472838401794,73.61101531982422,-0.09575166553258896,6011,47848,30.75,1.9158426523208618,1.0,2449.624662357,6012,0.8113536238670349,0.0797836035490036,1746166461.1922183
0.0078125,9292800.0,0.4029948115348816,0.9218472838401794,73.61101531982422,-0.12452265620231628,6049,48152,30.6171875,1.9158426523208618,1.0,2464.859543725,6050,0.82379150390625,0.07800942659378052,1746166476.4270551
0.00911458395421505,9329664.0,0.4010416865348816,0.9218472838401794,73.61101531982422,-0.13356690108776093,6073,48344,30.07161521911621,1.9158426523208618,1.0,2474.465620228,6074,0.8192586898803711,0.07948942482471466,1746166486.0331802
0.00911458395421505,9354240.0,0.3671875,0.9218472838401794,73.61101531982422,-0.08361557126045227,6089,48472,31.049480438232422,1.9158426523208618,1.0,2480.873612214,6090,0.8080987930297852,0.06879010796546936,1746166492.4411628
0.00911458395421505,9358848.0,0.3873698115348816,0.9218472838401794,73.61101531982422,-0.09236688911914825,6092,48496,30.26953125,1.9158426523208618,1.0,2482.072957806,6093,0.7964138984680176,0.05896817147731781,1746166493.6405013
0.0078125,9372672.0,0.3932291865348816,0.9218472838401794,73.61101531982422,-0.14140933752059937,6101,48568,31.49609375,1.9158426523208618,1.0,2485.677034687,6102,0.8345043659210205,0.08834683895111084,1746166497.2445686
0.009765625,9380352.0,0.4036458432674408,0.9218472838401794,73.61101531982422,-0.14346127212047577,6106,48608,30.264324188232422,1.9158426523208618,1.0,2487.675392071,6107,0.8254353404045105,0.08256299793720245,1746166499.2429473
0.0078125,9392640.0,0.4186198115348816,0.9218472838401794,73.61101531982422,-0.096800297498703,6114,48672,31.307292938232422,1.9158426523208618,1.0,2490.876354797,6115,0.8767415881156921,0.08625999093055725,1746166502.4433682
0.008463541977107525,9397248.0,0.3203125,0.9218472838401794,73.61101531982422,-0.15935923159122467,6117,48696,28.78255271911621,1.9158426523208618,1.0,2492.076355169,6118,0.699526309967041,0.09605270624160767,1746166503.6438928
0.008463541977107525,9400320.0,0.3802083432674408,0.9218472838401794,73.61101531982422,-0.14368467032909393,6119,48712,30.0625,1.9158426523208618,1.0,2492.874697698,6120,0.7957215309143066,0.09438815712928772,1746166504.4422016
0.0078125,9421824.0,0.40234375,0.9218472838401794,73.61101531982422,-0.15549275279045105,6133,48824,30.490886688232422,1.9158426523208618,1.0,2498.479704441,6134,0.822731614112854,0.0714138001203537,1746166510.0472836
0.008463541977107525,9447936.0,0.3717448115348816,0.9218472838401794,73.61101531982422,-0.1374647170305252,6150,48960,29.8984375,1.9158426523208618,1.0,2505.29225046,6151,0.7798625826835632,0.06528299301862717,1746166516.8598008
0.008463541977107525,9451008.0,0.4192708432674408,0.9218472838401794,73.61101531982422,-0.11443114280700684,6152,48976,30.87239646911621,1.9158426523208618,1.0,2506.094744904,6153,0.8567566871643066,0.06418427079916,1746166517.6623065
0.00911458395421505,9457152.0,0.4186198115348816,0.9218472838401794,73.61101531982422,-0.13708814978599548,6156,49008,31.16796875,1.9158426523208618,1.0,2507.695349948,6157,0.8578646183013916,0.0973701924085617,1746166519.2629013
0.00911458395421505,9464832.0,0.3938802182674408,0.9218472838401794,73.61101531982422,-0.16319555044174194,6161,49048,30.86458396911621,1.9158426523208618,1.0,2509.699938779,6162,0.8293101191520691,0.07271084934473038,1746166521.267458
0.009765625,9487872.0,0.45703125,0.9697884917259216,67.67220306396484,-0.19862601161003113,6176,49168,31.38671875,1.9680434465408325,1.0,2515.813579774,6177,0.9337728023529053,0.07282806187868118,1746166527.3811219
0.00911458395421505,9489408.0,0.40625,0.9697884917259216,67.67220306396484,-0.19112350046634674,6177,49176,30.60286521911621,1.9680434465408325,1.0,2516.214208532,6178,0.8345130681991577,0.07785284519195557,1746166527.78174
0.0078125,9495552.0,0.4127604365348816,0.9697884917259216,67.67220306396484,-0.1158483475446701,6181,49208,30.783855438232422,1.9680434465408325,1.0,2517.815451913,6182,0.8255209922790527,0.05894119292497635,1746166529.3829935
0.00911458395421505,9504768.0,0.4225260615348816,0.9697884917259216,67.67220306396484,-0.10556060075759888,6187,49256,30.85286521911621,1.9680434465408325,1.0,2520.218339029,6188,0.8450521230697632,0.07202544808387756,1746166531.7858806
0.00911458395421505,9538560.0,0.4680989682674408,0.9697884917259216,67.67220306396484,-0.13969291746616364,6209,49432,31.721355438232422,1.9680434465408325,1.0,2529.024599113,6210,0.9361979365348816,0.06528722494840622,1746166540.5921555
0.00911458395421505,9543168.0,0.4576823115348816,0.9697884917259216,67.67220306396484,-0.10979357361793518,6212,49456,30.721355438232422,1.9680434465408325,1.0,2530.228737272,6213,0.9153646230697632,0.07751695066690445,1746166541.79631
0.00911458395421505,9590784.0,0.3821614682674408,0.9697884917259216,67.67220306396484,-0.19425861537456512,6243,49704,30.225261688232422,1.9680434465408325,1.0,2542.646604758,6244,0.8000935912132263,0.06642723083496094,1746166554.214167
0.0078125,9607680.0,0.3899739682674408,0.9697884917259216,67.67220306396484,-0.1473836451768875,6254,49792,29.45052146911621,1.9680434465408325,1.0,2547.047215263,6255,0.796639084815979,0.06547746062278748,1746166558.6147556
0.0078125,9652224.0,0.41015625,0.9697884917259216,67.67220306396484,-0.1442127525806427,6283,50024,30.459636688232422,1.9680434465408325,1.0,2558.657913147,6284,0.8383139371871948,0.06627011299133301,1746166570.2254395
0.0078125,9676800.0,0.3932291865348816,0.9697884917259216,67.67220306396484,-0.058362916111946106,6299,50152,30.100261688232422,1.9680434465408325,1.0,2565.058999428,6300,0.8040751814842224,0.0765257477760315,1746166576.6265311
0.008463541977107525,9681408.0,0.48828125,0.9697884917259216,67.67220306396484,-0.0748797357082367,6302,50176,32.2265625,1.9680434465408325,1.0,2566.258680721,6303,0.9765625,0.06584163755178452,1746166577.8262277
0.009765625,9686016.0,0.5078125,0.9697884917259216,67.67220306396484,-0.09940880537033081,6305,50200,32.415367126464844,1.9680434465408325,1.0,2567.460360149,6306,1.015625,0.077349953353405,1746166579.0279038
0.00911458395421505,9704448.0,0.4322916865348816,0.9697884917259216,67.67220306396484,-0.07144860923290253,6317,50296,31.9140625,1.9680434465408325,1.0,2572.260528065,6318,0.8936504125595093,0.0877426415681839,1746166583.8280666
0.008463541977107525,9725952.0,0.4615885615348816,0.9697884917259216,67.67220306396484,-0.06462189555168152,6331,50408,32.298179626464844,1.9680434465408325,1.0,2577.861969247,6332,0.9548718333244324,0.047980546951293945,1746166589.42947
0.00911458395421505,9830400.0,0.408203125,0.9697884917259216,67.67220306396484,-0.12365004420280457,6399,50952,31.55078125,1.9680434465408325,1.0,2605.098463906,6400,0.845186173915863,0.06795820593833923,1746166616.6660135
0.008463541977107525,9850368.0,0.4127604365348816,0.9697884917259216,67.67220306396484,-0.07829000055789948,6412,51056,31.662761688232422,1.9680434465408325,1.0,2610.307911504,6413,0.8507425785064697,0.054522909224033356,1746166621.875438
0.008463541977107525,9856512.0,0.470703125,0.9697884917259216,67.67220306396484,-0.10246412456035614,6416,51088,31.506511688232422,1.9680434465408325,1.0,2611.911875978,6417,0.94140625,0.058516740798950195,1746166623.4794009
0.01171875,9861120.0,0.4596354365348816,0.9697884917259216,67.67220306396484,-0.1075664758682251,6419,51112,30.983074188232422,1.9680434465408325,1.0,2613.114319087,6420,0.9198175668716431,0.0811433345079422,1746166624.6818938
0.010416666977107525,9876480.0,0.3763020932674408,0.9697884917259216,67.67220306396484,-0.03542392700910568,6429,51192,30.436199188232422,1.9680434465408325,1.0,2617.125925105,6430,0.8150727152824402,0.06339021027088165,1746166628.6934738
0.01106770895421505,9878016.0,0.3919270932674408,0.9697884917259216,67.67220306396484,-0.04877711832523346,6430,51200,29.416667938232422,1.9680434465408325,1.0,2617.527972482,6431,0.8185038566589355,0.06984415650367737,1746166629.0953948
0.008463541977107525,9901056.0,0.365234375,0.9697884917259216,67.67220306396484,-0.05420708283782005,6445,51320,30.53125,1.9680434465408325,1.0,2623.535520941,6446,0.7821411490440369,0.08055393397808075,1746166635.1030579
0.00911458395421505,9910272.0,0.419921875,0.9697884917259216,67.67220306396484,-0.05698618292808533,6451,51368,31.21614646911621,1.9680434465408325,1.0,2625.93654337,6452,0.8689117431640625,0.04225076735019684,1746166637.5040755
0.010416666977107525,9942528.0,0.4973958432674408,0.9697884917259216,67.67220306396484,-0.01664043217897415,6472,51536,32.01953125,1.9680434465408325,1.0,2634.362316383,6473,0.9947916865348816,0.05248868465423584,1746166645.9298506
0.009765625,9971712.0,0.3704427182674408,0.9697884917259216,67.67220306396484,-0.035781219601631165,6491,51688,29.858074188232422,1.9680434465408325,1.0,2641.967036096,6492,0.776702880859375,0.04617466777563095,1746166653.5346005
0.009765625,9990144.0,0.4212239682674408,0.984375,65.34233093261719,-0.0583433136343956,6503,51784,31.4140625,1.9834307432174683,1.0,2646.8740741,6504,0.8657481074333191,0.04881773144006729,1746166658.441607
0.008463541977107525,9999360.0,0.3671875,0.984375,65.34233093261719,-0.10338428616523743,6509,51832,29.40234375,1.9834307432174683,1.0,2649.269750866,6510,0.7523764371871948,0.09791141003370285,1746166660.8373103
