returned_episode_lengths,returned_won_episode,update_steps,test_returned_episode_lengths,_step,test_returned_episode_returns,loss,returned_episode,_runtime,grad_steps,env_step,returned_episode_returns,test_returned_won_episode,qvals,test_returned_episode,_timestamp
24.04036521911621,0.0,1,20.239919662475586,0,0.03125451132655144,0.0,0.02734375186264515,68.262654948,0,1536,0.20820307731628418,0.0,0.0,1.0,1747624186.5029101
26.835939407348633,0.0,10,20.239919662475586,9,0.03125451132655144,0.0,0.02473958395421505,68.81442683,0,15360,0.2077646255493164,0.0,0.0,1.0,1747624187.0550542
25.595705032348633,0.0,13,20.239919662475586,12,0.03125451132655144,0.0,0.0240885429084301,68.997883879,0,19968,0.22161023318767548,0.0,0.0,1.0,1747624187.238476
25.42513084411621,0.0,28,20.239919662475586,27,0.03125451132655144,0.0,0.02539062686264515,69.919464916,0,43008,0.2164696455001831,0.0,0.0,1.0,1747624188.1600964
25.613283157348633,0.0,38,20.239919662475586,37,0.03125451132655144,0.031709760427474976,0.02473958395421505,72.442195012,56,58368,0.23241078853607178,0.0,0.29315853118896484,1.0,1747624190.6827161
24.16927146911621,0.0,39,20.239919662475586,38,0.03125451132655144,0.025487249717116356,0.02669270895421505,72.775016884,64,59904,0.2388293296098709,0.0,0.1497846245765686,1.0,1747624191.0155618
24.492189407348633,0.0,40,20.239919662475586,39,0.03125451132655144,0.022249434143304825,0.0260416679084301,73.11878587,72,61440,0.21984806656837463,0.0,0.08455676585435867,1.0,1747624191.3592253
23.685548782348633,0.0,46,20.239919662475586,45,0.03125451132655144,0.04069901257753372,0.02539062686264515,75.122171537,120,70656,0.23949174582958221,0.0,0.4069279432296753,1.0,1747624193.3624954
25.46028709411621,0.0,55,20.239919662475586,54,0.03125451132655144,0.06267385184764862,0.02343750186264515,78.123965334,192,84480,0.2655818462371826,0.0,0.5103092193603516,1.0,1747624196.364478
24.604167938232422,0.0,75,20.239919662475586,74,0.03125451132655144,0.10851959884166718,0.02539062686264515,84.806003362,352,115200,0.2528668940067291,0.0,0.6266269683837891,1.0,1747624203.0464766
23.213542938232422,0.0,98,20.239919662475586,97,0.03125451132655144,0.20596159994602203,0.02343750186264515,92.505734435,536,150528,0.2447926551103592,0.0,0.6124085187911987,1.0,1747624210.7462323
25.65950584411621,0.0,122,20.239919662475586,121,0.03125451132655144,0.24533745646476746,0.0240885429084301,100.522598068,728,187392,0.26939818263053894,0.0,0.6464605927467346,1.0,1747624218.7631693
25.103517532348633,0.0,134,20.239919662475586,133,0.03125451132655144,0.4265448749065399,0.02278645895421505,104.531077062,824,205824,0.2924794554710388,0.0,0.6695175170898438,1.0,1747624222.771497
25.309246063232422,0.0,149,20.239919662475586,148,0.03125451132655144,0.36581456661224365,0.0221354179084301,109.563384133,944,228864,0.2875261902809143,0.0,0.6865569353103638,1.0,1747624227.803828
25.185548782348633,0.0,157,20.239919662475586,156,0.03125451132655144,0.3523435592651367,0.02083333395421505,112.249605516,1008,241152,0.2963525056838989,0.0,0.6985760927200317,1.0,1747624230.4900596
26.640626907348633,0.0,180,20.239919662475586,179,0.03125451132655144,0.31039321422576904,0.02278645895421505,119.985356258,1192,276480,0.3330937325954437,0.0,0.7019366025924683,1.0,1747624238.2258446
25.611980438232422,0.0,190,20.239919662475586,189,0.03125451132655144,0.3017452359199524,0.0240885429084301,123.345260968,1272,291840,0.34041479229927063,0.0,0.7075636386871338,1.0,1747624241.5857131
26.49544334411621,0.0,200,20.239919662475586,199,0.03125451132655144,0.2934170663356781,0.02343750186264515,126.714214213,1352,307200,0.3436073362827301,0.0,0.713140070438385,1.0,1747624244.9546852
26.291667938232422,0.0,217,20.239919662475586,216,0.03125451132655144,0.27992117404937744,0.02278645895421505,132.434359949,1488,333312,0.2993503212928772,0.0,0.6896828413009644,1.0,1747624250.6748297
23.533855438232422,0.0,223,20.239919662475586,222,0.03125451132655144,0.2792166471481323,0.02473958395421505,134.458156492,1536,342528,0.3414313793182373,0.0,0.6669678092002869,1.0,1747624252.6986365
23.707683563232422,0.0,237,20.239919662475586,236,0.03125451132655144,0.2503008246421814,0.02343750186264515,139.154982885,1648,364032,0.3281637132167816,0.0,0.6679914593696594,1.0,1747624257.3955119
25.844402313232422,0.0,262,20.239919662475586,261,0.03125451132655144,0.22795498371124268,0.02343750186264515,147.556299216,1848,402432,0.34950631856918335,0.0,0.6044576168060303,1.0,1747624265.7968035
25.683595657348633,0.0,264,20.239919662475586,263,0.03125451132655144,0.22928014397621155,0.02343750186264515,148.227185129,1864,405504,0.2873222529888153,0.0,0.6009404063224792,1.0,1747624266.4676805
24.54427146911621,0.0,267,20.239919662475586,266,0.03125451132655144,0.23365077376365662,0.02473958395421505,149.233314224,1888,410112,0.3430488705635071,0.0,0.5837709903717041,1.0,1747624267.4736407
24.17317771911621,0.0,290,20.239919662475586,289,0.03125451132655144,0.14390110969543457,0.0221354179084301,156.950743588,2072,445440,0.29191818833351135,0.0,0.47942256927490234,1.0,1747624275.1911068
25.75130271911621,0.0,295,20.239919662475586,294,0.03125451132655144,0.13078585267066956,0.02343750186264515,158.629293223,2112,453120,0.34212827682495117,0.0,0.4862201511859894,1.0,1747624276.8697052
25.783855438232422,0.0,303,20.239919662475586,302,0.03125451132655144,0.1337428092956543,0.0240885429084301,161.319980709,2176,465408,0.3596433699131012,0.0,0.5074104070663452,1.0,1747624279.560474
24.88802146911621,0.0,317,20.239919662475586,316,0.03125451132655144,0.13199467957019806,0.02148437686264515,166.025946146,2288,486912,0.280026912689209,0.0,0.4907955527305603,1.0,1747624284.2662942
26.279298782348633,0.0,334,35.509803771972656,333,0.41740739345550537,0.1300959289073944,0.02539062686264515,171.797732597,2424,513024,0.36617904901504517,0.0033806627616286278,0.5175610780715942,1.0,1747624290.0382407
25.71614646911621,0.0,372,35.509803771972656,371,0.41740739345550537,0.12571638822555542,0.02539062686264515,184.567461654,2728,571392,0.3841992914676666,0.0033806627616286278,0.493144690990448,1.0,1747624302.8079286
25.391277313232422,0.0,373,35.509803771972656,372,0.41740739345550537,0.137397900223732,0.02278645895421505,184.904990451,2736,572928,0.3957411050796509,0.0033806627616286278,0.501162052154541,1.0,1747624303.1454775
23.458986282348633,0.0,406,35.509803771972656,405,0.41740739345550537,0.13190749287605286,0.02669270895421505,195.996884872,3000,623616,0.4140699803829193,0.0033806627616286278,0.46956542134284973,1.0,1747624314.2370734
23.83528709411621,0.0,408,35.509803771972656,407,0.41740739345550537,0.1648719757795334,0.02669270895421505,196.668565525,3016,626688,0.43675464391708374,0.0033806627616286278,0.48855161666870117,1.0,1747624314.9090497
23.183595657348633,0.0,412,35.509803771972656,411,0.41740739345550537,0.12510988116264343,0.02539062686264515,198.01093926,3048,632832,0.4015728235244751,0.0033806627616286278,0.5402604937553406,1.0,1747624316.2512317
25.895183563232422,0.0,414,35.509803771972656,413,0.41740739345550537,0.12688276171684265,0.0240885429084301,198.849031115,3064,635904,0.4279245138168335,0.0033806627616286278,0.5478091239929199,1.0,1747624317.0895157
26.970705032348633,0.0,422,35.509803771972656,421,0.41740739345550537,0.1779613494873047,0.01953125186264515,201.537891004,3128,648192,0.40044641494750977,0.0033806627616286278,0.4545535445213318,1.0,1747624319.778361
23.938152313232422,0.0,438,35.509803771972656,437,0.41740739345550537,0.17118802666664124,0.0260416679084301,206.937038394,3256,672768,0.4640320837497711,0.0033806627616286278,0.4123712480068207,1.0,1747624325.1773655
25.51302146911621,0.0,466,35.509803771972656,465,0.41740739345550537,0.11639651656150818,0.02734375186264515,216.350626296,3480,715776,0.44035497307777405,0.0033806627616286278,0.41794222593307495,1.0,1747624334.5910885
24.35872459411621,0.0,484,35.509803771972656,483,0.41740739345550537,0.07109678536653519,0.02473958395421505,222.399531038,3624,743424,0.43757137656211853,0.0033806627616286278,0.35525423288345337,1.0,1747624340.6400046
25.841798782348633,0.005859375465661287,510,35.509803771972656,509,0.41740739345550537,0.07286859303712845,0.02148437686264515,231.170392329,3832,783360,0.4223511219024658,0.0033806627616286278,0.3201459050178528,1.0,1747624349.410731
25.608074188232422,0.0,515,35.509803771972656,514,0.41740739345550537,0.10264681279659271,0.0240885429084301,232.8595489,3872,791040,0.2887180745601654,0.0033806627616286278,0.25106391310691833,1.0,1747624351.099867
25.901042938232422,0.0,532,35.509803771972656,531,0.41740739345550537,0.10019457340240479,0.02343750186264515,238.568422644,4008,817152,0.4428151547908783,0.0033806627616286278,0.35814765095710754,1.0,1747624356.8088722
27.212892532348633,0.0,569,35.509803771972656,568,0.41740739345550537,0.09119948744773865,0.02148437686264515,251.02879513,4304,873984,0.4463374614715576,0.0033806627616286278,0.2357032597064972,1.0,1747624369.2691443
26.147136688232422,0.0722656324505806,571,35.509803771972656,570,0.41740739345550537,0.09754431247711182,0.02278645895421505,251.703509039,4320,877056,0.5923410058021545,0.0033806627616286278,0.2386806309223175,1.0,1747624369.9439907
25.733074188232422,0.0,581,35.509803771972656,580,0.41740739345550537,0.12481877952814102,0.02148437686264515,255.070008093,4400,892416,0.4589157998561859,0.0033806627616286278,0.26541703939437866,1.0,1747624373.3104765
25.904949188232422,0.0,588,35.509803771972656,587,0.41740739345550537,0.10374470800161362,0.02278645895421505,257.435635137,4456,903168,0.37092313170433044,0.0033806627616286278,0.2823343873023987,1.0,1747624375.6760259
26.11458396911621,0.0638020858168602,590,35.509803771972656,589,0.41740739345550537,0.12629693746566772,0.0201822929084301,258.110787899,4472,906240,0.5501787662506104,0.0033806627616286278,0.2989327311515808,1.0,1747624376.3512607
27.11849021911621,0.0078125,601,35.509803771972656,600,0.41740739345550537,0.1305304765701294,0.01953125186264515,261.807923428,4560,923136,0.4897180199623108,0.0033806627616286278,0.24130991101264954,1.0,1747624380.0482569
22.940105438232422,0.0078125,616,35.509803771972656,615,0.41740739345550537,0.15322458744049072,0.02539062686264515,266.850453345,4680,946176,0.42997992038726807,0.0033806627616286278,0.1974930614233017,1.0,1747624385.0909233
26.60286521911621,0.0,622,35.509803771972656,621,0.41740739345550537,0.1726740002632141,0.02278645895421505,268.880059488,4728,955392,0.4140057861804962,0.0033806627616286278,0.16749225556850433,1.0,1747624387.1204443
27.001955032348633,0.0397135429084301,637,35.509803771972656,636,0.41740739345550537,0.11054783314466476,0.02148437686264515,273.923500924,4848,978432,0.5490272641181946,0.0033806627616286278,0.18722155690193176,1.0,1747624392.1639721
27.20833396911621,0.0625,640,35.509803771972656,639,0.41740739345550537,0.13936907052993774,0.02148437686264515,274.934599916,4872,983040,0.5434374809265137,0.0033806627616286278,0.18431657552719116,1.0,1747624393.1750748
27.62630271911621,0.0162760429084301,647,35.509803771972656,646,0.41740739345550537,0.16120845079421997,0.02148437686264515,277.284375453,4928,993792,0.4433757960796356,0.0033806627616286278,0.16853712499141693,1.0,1747624395.524838
25.070964813232422,0.0475260429084301,666,39.836402893066406,665,0.6286640167236328,0.13019804656505585,0.02343750186264515,283.758634553,5080,1022976,0.5638191103935242,0.020633751526474953,0.12859705090522766,1.0,1747624401.999071
24.895183563232422,0.1445312649011612,710,39.836402893066406,709,0.6286640167236328,0.16263870894908905,0.02473958395421505,298.595098578,5432,1090560,0.7059390544891357,0.020633751526474953,-0.00838780403137207,1.0,1747624416.8355925
27.261720657348633,0.251953125,729,39.836402893066406,728,0.6286640167236328,0.1357833296060562,0.02083333395421505,305.023718748,5584,1119744,0.7836319208145142,0.020633751526474953,0.05062082037329674,1.0,1747624423.264232
26.168621063232422,0.0540364608168602,745,39.836402893066406,744,0.6286640167236328,0.24430976808071136,0.0201822929084301,310.416960775,5712,1144320,0.47549930214881897,0.020633751526474953,0.045575350522994995,1.0,1747624428.6571329
28.373048782348633,0.1770833432674408,747,39.836402893066406,746,0.6286640167236328,0.2303430587053299,0.01888020895421505,311.090651198,5728,1147392,0.7806293964385986,0.020633751526474953,0.005890982691198587,1.0,1747624429.3311124
26.574220657348633,0.1959635466337204,766,39.836402893066406,765,0.6286640167236328,0.19056472182273865,0.02083333395421505,317.501493568,5880,1176576,0.769598662853241,0.020633751526474953,-0.004474289249628782,1.0,1747624435.7418838
28.131511688232422,0.02669270895421505,780,39.836402893066406,779,0.6286640167236328,0.19052928686141968,0.0182291679084301,322.240689039,5992,1198080,0.4152003824710846,0.020633751526474953,-0.022713473066687584,1.0,1747624440.4809468
26.18684959411621,0.3027344048023224,796,39.836402893066406,795,0.6286640167236328,0.204405277967453,0.0221354179084301,327.621906833,6120,1222656,0.8772748112678528,0.020633751526474953,-0.0012874482199549675,1.0,1747624445.8623838
27.732423782348633,0.0885416716337204,800,39.836402893066406,799,0.6286640167236328,0.2590513825416565,0.02148437686264515,328.974067681,6152,1228800,0.5765280723571777,0.020633751526474953,-0.002117794007062912,1.0,1747624447.2144947
26.326173782348633,0.1920572966337204,812,39.836402893066406,811,0.6286640167236328,0.30207008123397827,0.02148437686264515,333.039643201,6248,1247232,0.6728599071502686,0.020633751526474953,0.015600779093801975,1.0,1747624451.2799413
27.236980438232422,0.1217447966337204,818,39.836402893066406,817,0.6286640167236328,0.28653082251548767,0.01953125186264515,335.049606235,6296,1256448,0.6122307181358337,0.020633751526474953,-0.0628286749124527,1.0,1747624453.2897444
26.65169334411621,0.2246093899011612,831,39.836402893066406,830,0.6286640167236328,0.29855531454086304,0.01953125186264515,339.445275123,6400,1276416,0.769076943397522,0.020633751526474953,-0.0322863943874836,1.0,1747624457.6856558
27.853517532348633,0.2565104365348816,835,39.836402893066406,834,0.6286640167236328,0.29164737462997437,0.0182291679084301,340.796642934,6432,1282560,0.814545750617981,0.020633751526474953,-0.026195690035820007,1.0,1747624459.037166
27.127605438232422,0.2740885615348816,839,39.836402893066406,838,0.6286640167236328,0.285091757774353,0.02083333395421505,342.152773464,6464,1288704,0.8676949143409729,0.020633751526474953,-0.01476279180496931,1.0,1747624460.3931983
28.13020896911621,0.271484375,852,39.836402893066406,851,0.6286640167236328,0.3405885100364685,0.017578125,346.587936404,6568,1308672,0.840930163860321,0.020633751526474953,0.013554112985730171,1.0,1747624464.8283617
28.39192771911621,0.4010416865348816,880,39.836402893066406,879,0.6286640167236328,0.32114794850349426,0.0201822929084301,356.03211707,6792,1351680,1.0564972162246704,0.020633751526474953,0.02486491948366165,1.0,1747624474.272627
26.566408157348633,0.4524739682674408,881,39.836402893066406,880,0.6286640167236328,0.31596502661705017,0.0221354179084301,356.36914544,6800,1353216,1.080676555633545,0.020633751526474953,0.021077526733279228,1.0,1747624474.6095583
26.00520896911621,0.3730469048023224,883,39.836402893066406,882,0.6286640167236328,0.29111313819885254,0.02148437686264515,357.037450466,6816,1356288,0.9888487458229065,0.020633751526474953,0.00517675094306469,1.0,1747624475.277952
28.289714813232422,0.3815104365348816,910,39.836402893066406,909,0.6286640167236328,0.4025404453277588,0.0201822929084301,366.131546845,7032,1397760,1.0216630697250366,0.020633751526474953,0.03936199098825455,1.0,1747624484.3720307
29.001955032348633,0.3763020932674408,929,39.836402893066406,928,0.6286640167236328,0.47503888607025146,0.01953125186264515,372.540498041,7184,1426944,0.9916855096817017,0.020633751526474953,0.07970397919416428,1.0,1747624490.7809412
28.519533157348633,0.4772135615348816,980,39.237892150878906,979,1.6986057758331299,0.4723798334598541,0.0201822929084301,389.788563808,7592,1505280,1.1177574396133423,0.7414529919624329,-0.036391112953424454,1.0,1747624508.0290153
28.648439407348633,0.4179687798023224,1005,39.237892150878906,1004,1.6986057758331299,0.4929889440536499,0.01888020895421505,398.179354913,7792,1543680,1.0355031490325928,0.7414529919624329,0.02473650872707367,1.0,1747624516.4197023
27.199220657348633,0.4654948115348816,1010,39.237892150878906,1009,1.6986057758331299,0.5999069809913635,0.01953125186264515,399.863511636,7832,1551360,1.0659958124160767,0.7414529919624329,0.025253044441342354,1.0,1747624518.1038985
29.06770896911621,0.4316406548023224,1025,39.237892150878906,1024,1.6986057758331299,0.5456898212432861,0.01692708395421505,404.912844533,7952,1574400,0.995887041091919,0.7414529919624329,0.052394017577171326,1.0,1747624523.1532936
28.533205032348633,0.4016927182674408,1049,39.237892150878906,1048,1.6986057758331299,0.6203877925872803,0.0182291679084301,413.007606051,8144,1611264,1.0196033716201782,0.7414529919624329,0.027687177062034607,1.0,1747624531.2480986
28.317058563232422,0.5625,1056,39.237892150878906,1055,1.6986057758331299,0.5898348093032837,0.01888020895421505,415.376043481,8200,1622016,1.255398154258728,0.7414529919624329,0.03725139796733856,1.0,1747624533.6163578
25.755861282348633,0.4739583432674408,1077,39.237892150878906,1076,1.6986057758331299,0.704653799533844,0.02148437686264515,422.459546294,8368,1654272,1.115084171295166,0.7414529919624329,0.0924362912774086,1.0,1747624540.6999424
27.270183563232422,0.4993489980697632,1080,39.237892150878906,1079,1.6986057758331299,0.7184342741966248,0.02148437686264515,423.480411589,8392,1658880,1.1669100522994995,0.7414529919624329,0.11064288020133972,1.0,1747624541.7207284
26.488283157348633,0.4667969048023224,1085,39.237892150878906,1084,1.6986057758331299,0.7443245649337769,0.01953125186264515,425.171694963,8432,1666560,1.0859589576721191,0.7414529919624329,0.10479599237442017,1.0,1747624543.4120333
28.773439407348633,0.4889323115348816,1087,39.237892150878906,1086,1.6986057758331299,0.7298547029495239,0.017578125,425.844024835,8448,1669632,1.1178373098373413,0.7414529919624329,0.07976129651069641,1.0,1747624544.0844283
26.113283157348633,0.3951823115348816,1104,39.237892150878906,1103,1.6986057758331299,1.1333891153335571,0.02083333395421505,431.571795385,8584,1695744,0.9948234558105469,0.7414529919624329,0.07276953756809235,1.0,1747624549.8121321
28.43880271911621,0.3763020932674408,1128,39.237892150878906,1127,1.6986057758331299,0.7991912961006165,0.0182291679084301,439.638884534,8776,1732608,0.9527177810668945,0.7414529919624329,0.07321816682815552,1.0,1747624557.8791325
28.335939407348633,0.3378906548023224,1146,39.237892150878906,1145,1.6986057758331299,0.7273266315460205,0.0182291679084301,445.696928078,8920,1760256,0.9161152243614197,0.7414529919624329,0.06318774819374084,1.0,1747624563.93744
27.980470657348633,0.3723958432674408,1158,39.237892150878906,1157,1.6986057758331299,0.7718736529350281,0.0182291679084301,449.728770537,9016,1778688,0.9382743239402771,0.7414529919624329,0.06421113759279251,1.0,1747624567.9692683
27.17317771911621,0.4843750298023224,1190,39.237892150878906,1189,1.6986057758331299,0.7318605184555054,0.0182291679084301,460.557742955,9272,1827840,1.081658124923706,0.7414529919624329,0.057495273649692535,1.0,1747624578.7982857
27.20052146911621,0.6601563096046448,1193,39.237892150878906,1192,1.6986057758331299,0.6483024954795837,0.02148437686264515,461.576621646,9296,1832448,1.374168038368225,0.7414529919624329,0.038405753672122955,1.0,1747624579.8170078
27.873699188232422,0.4583333432674408,1200,39.237892150878906,1199,1.6986057758331299,0.6800095438957214,0.01953125186264515,463.935299479,9352,1843200,1.0948344469070435,0.7414529919624329,0.037039436399936676,1.0,1747624582.1756055
26.561199188232422,0.4082031548023224,1214,39.237892150878906,1213,1.6986057758331299,0.679226815700531,0.01888020895421505,468.644068137,9464,1864704,0.9876967072486877,0.7414529919624329,0.05685238167643547,1.0,1747624586.8845453
26.449220657348633,0.4524739682674408,1216,39.237892150878906,1215,1.6986057758331299,0.6603106260299683,0.01953125186264515,469.31823326,9480,1867776,1.0666334629058838,0.7414529919624329,0.0569540411233902,1.0,1747624587.5585907
28.340496063232422,0.4557291865348816,1220,39.237892150878906,1219,1.6986057758331299,0.6499428749084473,0.0182291679084301,470.656205317,9512,1873920,1.0542408227920532,0.7414529919624329,0.05287899076938629,1.0,1747624588.8966644
27.56770896911621,0.4186198115348816,1237,39.237892150878906,1236,1.6986057758331299,0.6665711402893066,0.0182291679084301,476.38145434,9648,1900032,1.0022096633911133,0.7414529919624329,0.05186036229133606,1.0,1747624594.6219165
28.22786521911621,0.4479166865348816,1251,39.237892150878906,1250,1.6986057758331299,0.636077880859375,0.017578125,481.115853749,9760,1921536,1.0731021165847778,0.7414529919624329,0.04618149995803833,1.0,1747624599.35607
28.753908157348633,0.4863281548023224,1264,39.237892150878906,1263,1.6986057758331299,0.6815682649612427,0.017578125,485.474323758,9864,1941504,1.128848671913147,0.7414529919624329,0.028190359473228455,1.0,1747624603.7148035
29.154949188232422,0.4427083432674408,1299,39.237892150878906,1298,1.6986057758331299,0.6844257116317749,0.017578125,497.289848022,10144,1995264,1.0823321342468262,0.7414529919624329,0.06395874172449112,1.0,1747624615.5302584
28.57552146911621,0.5130208730697632,1300,42.00314712524414,1299,1.7517237663269043,0.6611998677253723,0.017578125,497.700975321,10152,1996800,1.1505420207977295,0.7875688076019287,0.06059161201119423,1.0,1747624615.9414146
29.302736282348633,0.5065104365348816,1321,42.00314712524414,1320,1.7517237663269043,0.6212157011032104,0.0182291679084301,504.78634864,10320,2029056,1.1687859296798706,0.7875688076019287,0.06212460622191429,1.0,1747624623.0267143
29.250652313232422,0.4140625298023224,1329,42.00314712524414,1328,1.7517237663269043,0.5755776166915894,0.01692708395421505,507.480504988,10384,2041344,1.0342483520507812,0.7875688076019287,0.08852416276931763,1.0,1747624625.7209918
27.546876907348633,0.4973958730697632,1336,42.00314712524414,1335,1.7517237663269043,0.5793944597244263,0.0221354179084301,509.856492823,10440,2052096,1.1235034465789795,0.7875688076019287,0.09278573095798492,1.0,1747624628.0970073
26.939455032348633,0.4492187798023224,1361,42.00314712524414,1360,1.7517237663269043,0.5847293734550476,0.02148437686264515,518.283804456,10640,2090496,1.0972094535827637,0.7875688076019287,0.1339004635810852,1.0,1747624636.524196
27.440105438232422,0.4908854365348816,1395,42.00314712524414,1394,1.7517237663269043,0.4708433747291565,0.0201822929084301,529.733861203,10912,2142720,1.1344578266143799,0.7875688076019287,0.12342450022697449,1.0,1747624647.9742727
28.027345657348633,0.3847656548023224,1400,42.00314712524414,1399,1.7517237663269043,0.4486590623855591,0.0201822929084301,531.419500585,10952,2150400,1.0334763526916504,0.7875688076019287,0.11441828310489655,1.0,1747624649.6598663
28.307292938232422,0.568359375,1424,42.00314712524414,1423,1.7517237663269043,0.5298335552215576,0.02083333395421505,539.516733687,11144,2187264,1.213293194770813,0.7875688076019287,0.15134000778198242,1.0,1747624657.7571166
28.324220657348633,0.4967448115348816,1425,42.00314712524414,1424,1.7517237663269043,0.5169810056686401,0.0182291679084301,539.853063868,11152,2188800,1.1246601343154907,0.7875688076019287,0.15755020081996918,1.0,1747624658.0935035
27.869142532348633,0.6536458730697632,1446,42.00314712524414,1445,1.7517237663269043,0.4110339283943176,0.02083333395421505,546.942299839,11320,2221056,1.3759195804595947,0.7875688076019287,0.09043760597705841,1.0,1747624665.1826422
27.17122459411621,0.6217448115348816,1455,42.00314712524414,1454,1.7517237663269043,0.470919668674469,0.02083333395421505,549.981950789,11392,2234880,1.2859586477279663,0.7875688076019287,0.13761071860790253,1.0,1747624668.2224352
26.052736282348633,0.6360677480697632,1458,42.00314712524414,1457,1.7517237663269043,0.45744895935058594,0.0221354179084301,551.001406341,11416,2239488,1.316990852355957,0.7875688076019287,0.11092476546764374,1.0,1747624669.2417634
27.433595657348633,0.4628906548023224,1471,42.00314712524414,1470,1.7517237663269043,0.4430924654006958,0.0162760429084301,555.373507355,11520,2259456,1.0195165872573853,0.7875688076019287,0.1506735384464264,1.0,1747624673.6139143
28.371746063232422,0.5696614980697632,1489,42.00314712524414,1488,1.7517237663269043,0.45715904235839844,0.0201822929084301,561.431503431,11664,2287104,1.2436448335647583,0.7875688076019287,0.16897077858448029,1.0,1747624679.671981
26.70052146911621,0.6699219346046448,1504,42.00314712524414,1503,1.7517237663269043,0.39866286516189575,0.02148437686264515,566.481142352,11784,2310144,1.3765732049942017,0.7875688076019287,0.13743674755096436,1.0,1747624684.721465
26.943361282348633,0.5768229365348816,1528,42.00314712524414,1527,1.7517237663269043,0.3550582230091095,0.0221354179084301,574.568728448,11976,2347008,1.2531626224517822,0.7875688076019287,0.2055746167898178,1.0,1747624692.8090107
29.37044334411621,0.6178385615348816,1532,42.00314712524414,1531,1.7517237663269043,0.3715076148509979,0.0182291679084301,575.903618627,12008,2353152,1.2790075540542603,0.7875688076019287,0.18875497579574585,1.0,1747624694.1440594
26.93684959411621,0.5618489980697632,1535,42.00314712524414,1534,1.7517237663269043,0.3475356101989746,0.0201822929084301,576.911237137,12032,2357760,1.2265559434890747,0.7875688076019287,0.2287069857120514,1.0,1747624695.1516447
27.787111282348633,0.6595052480697632,1540,42.00314712524414,1539,1.7517237663269043,0.39621686935424805,0.01953125186264515,578.592629167,12072,2365440,1.3304617404937744,0.7875688076019287,0.2729276418685913,1.0,1747624696.8330004
29.08138084411621,0.6432291865348816,1542,42.00314712524414,1541,1.7517237663269043,0.29460644721984863,0.017578125,579.266939162,12088,2368512,1.333046317100525,0.7875688076019287,0.27914154529571533,1.0,1747624697.507424
27.295574188232422,0.6582031846046448,1548,42.00314712524414,1547,1.7517237663269043,0.360867440700531,0.02148437686264515,581.303948541,12136,2377728,1.3691586256027222,0.7875688076019287,0.3005911707878113,1.0,1747624699.5442884
26.242839813232422,0.6360677480697632,1554,42.00314712524414,1553,1.7517237663269043,0.4023011028766632,0.0221354179084301,583.31007397,12184,2386944,1.3278918266296387,0.7875688076019287,0.29720064997673035,1.0,1747624701.5504236
26.217449188232422,0.5475260615348816,1564,42.00314712524414,1563,1.7517237663269043,0.3605257570743561,0.0221354179084301,586.676028774,12264,2402304,1.1815272569656372,0.7875688076019287,0.30658334493637085,1.0,1747624704.916261
28.498699188232422,0.5520833730697632,1582,42.00314712524414,1581,1.7517237663269043,0.29926514625549316,0.01888020895421505,592.748805851,12408,2429952,1.2169461250305176,0.7875688076019287,0.2583478093147278,1.0,1747624710.9892483
26.38216209411621,0.6074219346046448,1588,42.00314712524414,1587,1.7517237663269043,0.3650929927825928,0.02343750186264515,594.77793694,12456,2439168,1.2838133573532104,0.7875688076019287,0.3750417232513428,1.0,1747624713.0183187
25.109376907348633,0.5520833730697632,1591,42.00314712524414,1590,1.7517237663269043,0.3458157777786255,0.02278645895421505,595.778259733,12480,2443776,1.1869995594024658,0.7875688076019287,0.3846789598464966,1.0,1747624714.0186992
25.30989646911621,0.6419271230697632,1592,42.00314712524414,1591,1.7517237663269043,0.33005452156066895,0.02343750186264515,596.112240149,12488,2445312,1.3433581590652466,0.7875688076019287,0.3417748212814331,1.0,1747624714.3526418
27.93294334411621,0.6959635615348816,1618,42.00314712524414,1617,1.7517237663269043,0.32037875056266785,0.02083333395421505,604.845934939,12696,2485248,1.437874436378479,0.7875688076019287,0.44555413722991943,1.0,1747624723.0863984
26.166017532348633,0.6992188096046448,1625,38.07006072998047,1624,1.8702658414840698,0.3327596187591553,0.02278645895421505,607.280259772,12752,2496000,1.4514918327331543,0.8853502869606018,0.4701899290084839,0.9999999403953552,1747624725.520566
27.516277313232422,0.5514323115348816,1628,38.07006072998047,1627,1.8702658414840698,0.3290063738822937,0.01888020895421505,608.287529359,12776,2500608,1.2160594463348389,0.8853502869606018,0.47050005197525024,0.9999999403953552,1747624726.5279698
25.54817771911621,0.5553385615348816,1645,38.07006072998047,1644,1.8702658414840698,0.32795119285583496,0.02278645895421505,614.023071288,12912,2526720,1.1925901174545288,0.8853502869606018,0.44201749563217163,0.9999999403953552,1747624732.263464
27.502605438232422,0.5839844346046448,1657,38.07006072998047,1656,1.8702658414840698,0.34498944878578186,0.02148437686264515,618.063206413,13008,2545152,1.2876158952713013,0.8853502869606018,0.487781822681427,0.9999999403953552,1747624736.3036728
28.906902313232422,0.6145833730697632,1659,38.07006072998047,1658,1.8702658414840698,0.3102022707462311,0.02083333395421505,618.74341678,13024,2548224,1.331894040107727,0.8853502869606018,0.49453750252723694,0.9999999403953552,1747624736.9838827
28.235027313232422,0.6920573115348816,1672,38.07006072998047,1671,1.8702658414840698,0.2766178250312805,0.02148437686264515,623.121367801,13128,2568192,1.4417731761932373,0.8853502869606018,0.5697604417800903,0.9999999403953552,1747624741.3617177
27.576824188232422,0.5996094346046448,1676,38.07006072998047,1675,1.8702658414840698,0.267610102891922,0.0201822929084301,624.462144436,13160,2574336,1.2652729749679565,0.8853502869606018,0.508328914642334,0.9999999403953552,1747624742.702642
27.994142532348633,0.5722656846046448,1694,38.07006072998047,1693,1.8702658414840698,0.42063841223716736,0.01953125186264515,630.533416501,13304,2601984,1.2635507583618164,0.8853502869606018,0.5081889629364014,0.9999999403953552,1747624748.7739325
28.188152313232422,0.6093750596046448,1697,38.07006072998047,1696,1.8702658414840698,0.46260279417037964,0.0201822929084301,631.544849373,13328,2606592,1.2930208444595337,0.8853502869606018,0.517572820186615,0.9999999403953552,1747624749.785316
27.009767532348633,0.6178385615348816,1708,38.07006072998047,1707,1.8702658414840698,0.4307501018047333,0.0221354179084301,635.263588476,13416,2623488,1.3510189056396484,0.8853502869606018,0.5820807218551636,0.9999999403953552,1747624753.503966
27.317058563232422,0.6529948115348816,1709,38.07006072998047,1708,1.8702658414840698,0.42758721113204956,0.02343750186264515,635.598960891,13424,2625024,1.3832042217254639,0.8853502869606018,0.5617653131484985,0.9999999403953552,1747624753.839399
28.293621063232422,0.6451823115348816,1734,38.07006072998047,1733,1.8702658414840698,0.3645373582839966,0.01888020895421505,644.065599793,13624,2663424,1.3676427602767944,0.8853502869606018,0.6642911434173584,0.9999999403953552,1747624762.3060505
26.76692771911621,0.6217448115348816,1739,38.07006072998047,1738,1.8702658414840698,0.37647244334220886,0.0221354179084301,645.768471361,13664,2671104,1.3080357313156128,0.8853502869606018,0.6737929582595825,0.9999999403953552,1747624764.008848
26.66536521911621,0.6510416865348816,1746,38.07006072998047,1745,1.8702658414840698,0.21799322962760925,0.02278645895421505,648.120423345,13720,2681856,1.3464694023132324,0.8853502869606018,0.5948998928070068,0.9999999403953552,1747624766.3606555
24.873048782348633,0.4348958432674408,1753,38.07006072998047,1752,1.8702658414840698,0.29090291261672974,0.02148437686264515,650.481923971,13776,2692608,1.0602993965148926,0.8853502869606018,0.5706344842910767,0.9999999403953552,1747624768.7223918
27.998699188232422,0.5286458730697632,1776,38.07006072998047,1775,1.8702658414840698,0.3178313076496124,0.0182291679084301,658.22743221,13960,2727936,1.1253080368041992,0.8853502869606018,0.5403101444244385,0.9999999403953552,1747624776.467813
28.453126907348633,0.6106771230697632,1801,38.07006072998047,1800,1.8702658414840698,0.3046848177909851,0.02083333395421505,666.593175576,14160,2766336,1.329824686050415,0.8853502869606018,0.47860443592071533,0.9999999403953552,1747624784.8337405
26.358074188232422,0.6406250596046448,1823,38.07006072998047,1822,1.8702658414840698,0.28471580147743225,0.0221354179084301,673.950050318,14336,2800128,1.3386081457138062,0.8853502869606018,0.3801151514053345,0.9999999403953552,1747624792.190543
27.173830032348633,0.5859375596046448,1831,38.07006072998047,1830,1.8702658414840698,0.3011243939399719,0.02148437686264515,676.635403732,14400,2812416,1.2698538303375244,0.8853502869606018,0.42897742986679077,0.9999999403953552,1747624794.8758729
26.210939407348633,0.5703125,1872,38.07006072998047,1871,1.8702658414840698,0.28428253531455994,0.0221354179084301,690.337684687,14728,2875392,1.2431501150131226,0.8853502869606018,0.37345999479293823,0.9999999403953552,1747624808.577949
27.298830032348633,0.6113281846046448,1906,38.07006072998047,1905,1.8702658414840698,0.3265993297100067,0.02148437686264515,701.65921694,15000,2927616,1.3340388536453247,0.8853502869606018,0.3769362270832062,0.9999999403953552,1747624819.8996994
29.226564407348633,0.4785156548023224,1938,38.07006072998047,1937,1.8702658414840698,0.3418954014778137,0.01953125186264515,712.316484823,15256,2976768,1.1606347560882568,0.8853502869606018,0.4126206338405609,0.9999999403953552,1747624830.5570102
27.15755271911621,0.55078125,1972,39.770530700683594,1971,1.8905924558639526,0.22498518228530884,0.02083333395421505,723.70994748,15528,3028992,1.214404582977295,0.903225839138031,0.522833526134491,1.0,1747624841.9505126
28.367839813232422,0.6015625596046448,1976,39.770530700683594,1975,1.8905924558639526,0.20820891857147217,0.0182291679084301,725.039864475,15560,3035136,1.2770116329193115,0.903225839138031,0.5361549258232117,1.0,1747624843.2803726
27.469402313232422,0.5937500596046448,1984,39.770530700683594,1983,1.8905924558639526,0.30710750818252563,0.02083333395421505,727.704787808,15624,3047424,1.2675511837005615,0.903225839138031,0.5142293572425842,1.0,1747624845.9452949
27.25325584411621,0.6276041865348816,2009,39.770530700683594,2008,1.8905924558639526,0.3246036767959595,0.01953125186264515,736.012475513,15824,3085824,1.313581109046936,0.903225839138031,0.515992283821106,1.0,1747624854.2530038
27.236980438232422,0.5703125,2020,39.770530700683594,2019,1.8905924558639526,0.30430763959884644,0.02148437686264515,739.657435596,15912,3102720,1.2149137258529663,0.903225839138031,0.5573010444641113,1.0,1747624857.8979883
25.959636688232422,0.6432291865348816,2032,39.770530700683594,2031,1.8905924558639526,0.21895113587379456,0.02278645895421505,743.623528019,16008,3121152,1.341991901397705,0.903225839138031,0.5462802648544312,1.0,1747624861.8641343
27.98958396911621,0.6328125596046448,2050,39.770530700683594,2049,1.8905924558639526,0.24589627981185913,0.02083333395421505,749.615654955,16152,3148800,1.3336197137832642,0.903225839138031,0.5088629722595215,1.0,1747624867.8562496
26.712892532348633,0.6197916865348816,2067,39.770530700683594,2066,1.8905924558639526,0.20704230666160583,0.02083333395421505,755.264192712,16288,3174912,1.2943874597549438,0.903225839138031,0.5834689140319824,1.0,1747624873.504591
27.600261688232422,0.5579427480697632,2082,39.770530700683594,2081,1.8905924558639526,0.428122878074646,0.02148437686264515,760.256988965,16408,3197952,1.2643967866897583,0.903225839138031,0.5930674076080322,1.0,1747624878.497505
26.882814407348633,0.6549479365348816,2104,39.770530700683594,2103,1.8905924558639526,0.21928870677947998,0.02083333395421505,767.57993057,16584,3231744,1.3550313711166382,0.903225839138031,0.6400455236434937,1.0,1747624885.8205264
27.433595657348633,0.5970052480697632,2107,39.770530700683594,2106,1.8905924558639526,0.2623699903488159,0.0221354179084301,768.577407899,16608,3236352,1.3029333353042603,0.903225839138031,0.6161861419677734,1.0,1747624886.8179998
28.13997459411621,0.5462239980697632,2126,39.770530700683594,2125,1.8905924558639526,0.2482846975326538,0.01953125186264515,774.904697377,16760,3265536,1.1787012815475464,0.903225839138031,0.6594999432563782,1.0,1747624893.145258
26.771486282348633,0.6061198115348816,2133,39.770530700683594,2132,1.8905924558639526,0.3383159041404724,0.01953125186264515,777.220099569,16816,3276288,1.2625257968902588,0.903225839138031,0.6737672686576843,1.0,1747624895.4606671
27.13997459411621,0.4837239980697632,2135,39.770530700683594,2134,1.8905924558639526,0.3125048577785492,0.02083333395421505,777.885125167,16832,3279360,1.1408004760742188,0.903225839138031,0.7147098183631897,1.0,1747624896.125703
27.095705032348633,0.6191406846046448,2136,39.770530700683594,2135,1.8905924558639526,0.2779306173324585,0.0201822929084301,778.217775149,16840,3280896,1.3061949014663696,0.903225839138031,0.7338342070579529,1.0,1747624896.4583347
27.393230438232422,0.5768229365348816,2158,39.770530700683594,2157,1.8905924558639526,0.29532909393310547,0.02148437686264515,785.593739269,17016,3314688,1.2559001445770264,0.903225839138031,0.7981985807418823,1.0,1747624903.8343282
27.30794334411621,0.6041666865348816,2171,39.770530700683594,2170,1.8905924558639526,0.2635648846626282,0.0221354179084301,789.915548547,17120,3334656,1.3011701107025146,0.903225839138031,0.8614872097969055,1.0,1747624908.156158
27.22591209411621,0.6907552480697632,2179,39.770530700683594,2178,1.8905924558639526,0.2908448576927185,0.0221354179084301,792.582230306,17184,3346944,1.399304986000061,0.903225839138031,0.8077573180198669,1.0,1747624910.822789
28.59700584411621,0.6230469346046448,2190,39.770530700683594,2189,1.8905924558639526,0.3480371832847595,0.0201822929084301,796.247834854,17272,3363840,1.3393011093139648,0.903225839138031,0.7169944047927856,1.0,1747624914.4884403
27.138673782348633,0.5820313096046448,2194,39.770530700683594,2193,1.8905924558639526,0.29564714431762695,0.02343750186264515,797.579101319,17304,3369984,1.2596137523651123,0.903225839138031,0.7242957353591919,1.0,1747624915.8196995
25.533205032348633,0.6406250596046448,2196,39.770530700683594,2195,1.8905924558639526,0.3022034764289856,0.02278645895421505,798.244530233,17320,3373056,1.3679629564285278,0.903225839138031,0.6930269002914429,1.0,1747624916.485098
26.711589813232422,0.6139323115348816,2217,39.770530700683594,2216,1.8905924558639526,0.26871493458747864,0.0240885429084301,805.245737322,17488,3405312,1.311035394668579,0.903225839138031,0.7141587734222412,1.0,1747624923.4863107
25.41927146911621,0.6523438096046448,2221,39.770530700683594,2220,1.8905924558639526,0.30932676792144775,0.0221354179084301,806.576586964,17520,3411456,1.375100016593933,0.903225839138031,0.653913140296936,1.0,1747624924.8171616
28.029298782348633,0.52734375,2235,39.770530700683594,2234,1.8905924558639526,0.2229587733745575,0.01953125186264515,811.23999218,17632,3432960,1.1577264070510864,0.903225839138031,0.6678742170333862,1.0,1747624929.4805763
26.43684959411621,0.4915364980697632,2272,39.770530700683594,2271,1.8905924558639526,0.23149673640727997,0.0201822929084301,823.561605697,17928,3489792,1.1116397380828857,0.903225839138031,0.5691248774528503,1.0,1747624941.8021803
28.71224021911621,0.548828125,2273,39.770530700683594,2272,1.8905924558639526,0.23728437721729279,0.01888020895421505,823.894679222,17936,3491328,1.1771364212036133,0.903225839138031,0.5840812921524048,1.0,1747624942.1352262
26.024089813232422,0.5787760615348816,2331,37.11564636230469,2330,1.9361286163330078,0.2564316987991333,0.01888020895421505,843.262420955,18400,3580416,1.2039251327514648,0.942176878452301,0.5855175256729126,1.0,1747624961.5029547
28.063152313232422,0.7180989980697632,2340,37.11564636230469,2339,1.9361286163330078,0.24378128349781036,0.02083333395421505,846.257723588,18472,3594240,1.44286048412323,0.942176878452301,0.5568353533744812,1.0,1747624964.4982915
27.541667938232422,0.6744791865348816,2345,37.11564636230469,2344,1.9361286163330078,0.25655123591423035,0.02083333395421505,847.92215607,18512,3601920,1.4144349098205566,0.942176878452301,0.5281088948249817,1.0,1747624966.1627452
25.098308563232422,0.6992188096046448,2365,37.11564636230469,2364,1.9361286163330078,0.22534047067165375,0.02278645895421505,854.574071508,18672,3632640,1.4206594228744507,0.942176878452301,0.5031790137290955,1.0,1747624972.8145595
26.48372459411621,0.6751302480697632,2367,37.11564636230469,2366,1.9361286163330078,0.21127274632453918,0.0201822929084301,855.239706368,18688,3635712,1.3776828050613403,0.942176878452301,0.535332202911377,1.0,1747624973.4802809
26.139324188232422,0.6510416865348816,2370,37.11564636230469,2369,1.9361286163330078,0.21573922038078308,0.0221354179084301,856.251920924,18712,3640320,1.343063473701477,0.942176878452301,0.4691768288612366,1.0,1747624974.492527
27.046876907348633,0.5494791865348816,2374,37.11564636230469,2373,1.9361286163330078,0.23842278122901917,0.017578125,857.583744392,18744,3646464,1.1938008069992065,0.942176878452301,0.48735693097114563,1.0,1747624975.8243027
26.044923782348633,0.6770833730697632,2377,37.11564636230469,2376,1.9361286163330078,0.22443711757659912,0.02343750186264515,858.584663381,18768,3651072,1.4034816026687622,0.942176878452301,0.4579068422317505,1.0,1747624976.8252451
27.67122459411621,0.5911458730697632,2391,37.11564636230469,2390,1.9361286163330078,0.23066940903663635,0.01953125186264515,863.253085151,18880,3672576,1.2951467037200928,0.942176878452301,0.5285550951957703,1.0,1747624981.4934778
26.929689407348633,0.7044271230697632,2397,37.11564636230469,2396,1.9361286163330078,0.2564237117767334,0.0221354179084301,865.252231003,18928,3681792,1.4304965734481812,0.942176878452301,0.59440016746521,1.0,1747624983.4927833
25.91536521911621,0.6451823115348816,2423,37.11564636230469,2422,1.9361286163330078,0.21630841493606567,0.0221354179084301,873.912220942,19136,3721728,1.3130292892456055,0.942176878452301,0.5218112468719482,1.0,1747624992.1527617
24.980470657348633,0.6536458730697632,2428,37.11564636230469,2427,1.9361286163330078,0.23204410076141357,0.02343750186264515,875.577402829,19176,3729408,1.3351413011550903,0.942176878452301,0.543407678604126,1.0,1747624993.8179934
27.744792938232422,0.5833333730697632,2443,37.11564636230469,2442,1.9361286163330078,0.22762957215309143,0.02083333395421505,880.570428055,19296,3752448,1.248389720916748,0.942176878452301,0.5696334838867188,1.0,1747624998.8110147
24.884767532348633,0.6692708730697632,2457,37.11564636230469,2456,1.9361286163330078,0.2036168873310089,0.0221354179084301,885.214623026,19408,3773952,1.3385417461395264,0.942176878452301,0.6071217656135559,1.0,1747625003.4552205
25.701173782348633,0.7363281846046448,2466,37.11564636230469,2465,1.9361286163330078,0.21836961805820465,0.0240885429084301,888.204004428,19480,3787776,1.4726563692092896,0.942176878452301,0.5341459512710571,1.0,1747625006.4445853
26.436199188232422,0.6692708730697632,2494,37.11564636230469,2493,1.9361286163330078,0.19053426384925842,0.0221354179084301,897.5280736,19704,3830784,1.3643923997879028,0.942176878452301,0.5065169930458069,1.0,1747625015.7686658
25.53059959411621,0.6516927480697632,2536,37.11564636230469,2535,1.9361286163330078,0.24180632829666138,0.02278645895421505,911.493570014,20040,3895296,1.3507882356643677,0.942176878452301,0.4781227707862854,1.0,1747625029.7341568
27.54231834411621,0.5885416865348816,2537,37.11564636230469,2536,1.9361286163330078,0.28795695304870605,0.01888020895421505,911.826533373,20048,3896832,1.2531073093414307,0.942176878452301,0.4804069995880127,1.0,1747625030.067141
26.445964813232422,0.5937500596046448,2549,37.11564636230469,2548,1.9361286163330078,0.2394726425409317,0.0221354179084301,915.825293995,20144,3915264,1.2698167562484741,0.942176878452301,0.426749050617218,1.0,1747625034.065872
28.26692771911621,0.6731771230697632,2558,37.11564636230469,2557,1.9361286163330078,0.2554734945297241,0.01888020895421505,918.816411852,20216,3929088,1.3668595552444458,0.942176878452301,0.43547725677490234,1.0,1747625037.0570068
26.262371063232422,0.7122396230697632,2567,37.11564636230469,2566,1.9361286163330078,0.1948893964290619,0.02278645895421505,921.811643542,20288,3942912,1.4479637145996094,0.942176878452301,0.362703800201416,1.0,1747625040.0522294
27.36653709411621,0.6328125596046448,2580,37.11564636230469,2579,1.9361286163330078,0.21631427109241486,0.0221354179084301,926.143397199,20392,3962880,1.3270697593688965,0.942176878452301,0.3525819778442383,1.0,1747625044.3840077
26.71419334411621,0.6796875596046448,2583,37.11564636230469,2582,1.9361286163330078,0.21313431859016418,0.0240885429084301,927.141753694,20416,3967488,1.399472713470459,0.942176878452301,0.3493306338787079,1.0,1747625045.3823645
26.515626907348633,0.6601563096046448,2587,37.11564636230469,2586,1.9361286163330078,0.23795102536678314,0.02278645895421505,928.473329578,20448,3973632,1.390013575553894,0.942176878452301,0.30310022830963135,1.0,1747625046.7139347
24.906902313232422,0.6445313096046448,2621,37.81432342529297,2620,1.9249629974365234,0.2077350616455078,0.02278645895421505,939.910770659,20720,4025856,1.3256597518920898,0.9325451850891113,0.25526106357574463,1.0,1747625058.1513228
27.53645896911621,0.6477864980697632,2632,37.81432342529297,2631,1.9249629974365234,0.167713463306427,0.01888020895421505,943.580104964,20808,4042752,1.3322514295578003,0.9325451850891113,0.2320382297039032,1.0,1747625061.8206646
25.635417938232422,0.5006510615348816,2634,37.81432342529297,2633,1.9249629974365234,0.23929348587989807,0.02148437686264515,944.246891302,20824,4045824,1.0982145071029663,0.9325451850891113,0.25567129254341125,1.0,1747625062.4874437
25.49153709411621,0.6582031846046448,2639,37.81432342529297,2638,1.9249629974365234,0.19356301426887512,0.02278645895421505,945.915653392,20864,4053504,1.3859864473342896,0.9325451850891113,0.24189141392707825,1.0,1747625064.1562042
25.707683563232422,0.7285156846046448,2666,37.81432342529297,2665,1.9249629974365234,0.20464426279067993,0.02278645895421505,954.904504698,21080,4094976,1.4803805351257324,0.9325451850891113,0.18679556250572205,1.0,1747625073.1450875
26.692058563232422,0.5618489980697632,2679,37.81432342529297,2678,1.9249629974365234,0.22132086753845215,0.0221354179084301,959.235271905,21184,4114944,1.2153780460357666,0.9325451850891113,0.17130663990974426,1.0,1747625077.4758365
25.976564407348633,0.5859375596046448,2683,37.81432342529297,2682,1.9249629974365234,0.1800113022327423,0.02343750186264515,960.559798574,21216,4121088,1.283223271369934,0.9325451850891113,0.1579475998878479,1.0,1747625078.8004231
26.297527313232422,0.5703125,2691,37.81432342529297,2690,1.9249629974365234,0.21358852088451385,0.0221354179084301,963.224175428,21280,4133376,1.2521837949752808,0.9325451850891113,0.1812533289194107,1.0,1747625081.4647539
25.817058563232422,0.6634114980697632,2742,37.81432342529297,2741,1.9249629974365234,0.14133258163928986,0.02278645895421505,980.195768652,21688,4211712,1.3590319156646729,0.9325451850891113,0.20689086616039276,1.0,1747625098.4363651
25.583986282348633,0.6236979365348816,2745,37.81432342529297,2744,1.9249629974365234,0.1541900932788849,0.0240885429084301,981.192492506,21712,4216320,1.3116055727005005,0.9325451850891113,0.20498427748680115,1.0,1747625099.4327042
26.69270896911621,0.7213541865348816,2764,37.81432342529297,2763,1.9249629974365234,0.2970399260520935,0.02278645895421505,987.521373229,21864,4245504,1.4583194255828857,0.9325451850891113,0.10497990250587463,1.0,1747625105.7619889
25.144533157348633,0.6445313096046448,2766,37.81432342529297,2765,1.9249629974365234,0.28993967175483704,0.0240885429084301,988.18811273,21880,4248576,1.343565583229065,0.9325451850891113,0.1325947642326355,1.0,1747625106.4286637
26.283205032348633,0.6699219346046448,2775,37.81432342529297,2774,1.9249629974365234,0.2723284959793091,0.0201822929084301,991.187081837,21952,4262400,1.3466848134994507,0.9325451850891113,0.13885793089866638,1.0,1747625109.4276502
27.25911521911621,0.5761719346046448,2777,37.81432342529297,2776,1.9249629974365234,0.2590233087539673,0.02083333395421505,991.855195654,21968,4265472,1.265383243560791,0.9325451850891113,0.12684758007526398,1.0,1747625110.0957682
26.386720657348633,0.7356771230697632,2794,37.81432342529297,2793,1.9249629974365234,0.15858906507492065,0.02343750186264515,997.512182654,22104,4291584,1.4842562675476074,0.9325451850891113,0.133314847946167,1.0,1747625115.7527585
26.822267532348633,0.6178385615348816,2799,37.81432342529297,2798,1.9249629974365234,0.17480747401714325,0.0201822929084301,999.182003358,22144,4299264,1.2898815870285034,0.9325451850891113,0.133565753698349,1.0,1747625117.422571
26.929689407348633,0.5944010615348816,2839,37.81432342529297,2838,1.9249629974365234,0.1713712513446808,0.01953125186264515,1012.516218868,22464,4360704,1.2480918169021606,0.9325451850891113,0.2002924084663391,1.0,1747625130.7567935
25.03255271911621,0.6009114980697632,2854,37.81432342529297,2853,1.9249629974365234,0.14952519536018372,0.02083333395421505,1017.510482696,22584,4383744,1.2676692008972168,0.9325451850891113,0.14533540606498718,1.0,1747625135.7510526
25.939455032348633,0.5970052480697632,2878,37.81432342529297,2877,1.9249629974365234,0.25846636295318604,0.02148437686264515,1025.509741849,22776,4420608,1.2439051866531372,0.9325451850891113,0.1631748378276825,1.0,1747625143.7503033
26.50520896911621,0.6614583730697632,2898,37.81432342529297,2897,1.9249629974365234,0.15588364005088806,0.02083333395421505,1032.162053499,22936,4451328,1.349147915840149,0.9325451850891113,0.1442929208278656,1.0,1747625150.4026313
26.56770896911621,0.6933594346046448,2900,37.81432342529297,2899,1.9249629974365234,0.16293591260910034,0.02343750186264515,1032.827238416,22952,4454400,1.4109245538711548,0.9325451850891113,0.16759708523750305,1.0,1747625151.0678387
26.406251907348633,0.6835938096046448,2901,37.81432342529297,2900,1.9249629974365234,0.1772553026676178,0.02278645895421505,1033.159729429,22960,4455936,1.3976505994796753,0.9325451850891113,0.1418285071849823,1.0,1747625151.4002779
26.00911521911621,0.6627604365348816,2904,37.81432342529297,2903,1.9249629974365234,0.16787688434123993,0.02083333395421505,1034.158461137,22984,4460544,1.3436328172683716,0.9325451850891113,0.15488871932029724,1.0,1747625152.39899
26.330730438232422,0.6529948115348816,2906,37.81432342529297,2905,1.9249629974365234,0.18238422274589539,0.02083333395421505,1034.824547985,23000,4463616,1.3216896057128906,0.9325451850891113,0.14468348026275635,1.0,1747625153.0651042
27.60286521911621,0.6835938096046448,2910,37.81432342529297,2909,1.9249629974365234,0.1800977885723114,0.02083333395421505,1036.157934072,23032,4469760,1.389610767364502,0.9325451850891113,0.13821440935134888,1.0,1747625154.3983128
27.342449188232422,0.6236979365348816,2921,37.81432342529297,2920,1.9249629974365234,0.13606388866901398,0.02343750186264515,1039.822211907,23120,4486656,1.3252513408660889,0.9325451850891113,0.16541129350662231,1.0,1747625158.0628116
26.127605438232422,0.6588541865348816,2927,36.16885757446289,2926,1.9541176557540894,0.14310449361801147,0.02083333395421505,1041.887822635,23168,4495872,1.3177083730697632,0.9592641592025757,0.11454110592603683,1.0,1747625160.1283772
27.178386688232422,0.6796875596046448,2935,36.16885757446289,2934,1.9541176557540894,0.2263079285621643,0.02148437686264515,1044.554794264,23232,4508160,1.4113022089004517,0.9592641592025757,0.08468128740787506,1.0,1747625162.7953742
25.69856834411621,0.6295573115348816,2944,36.16885757446289,2943,1.9541176557540894,0.18586915731430054,0.0221354179084301,1047.553737051,23304,4521984,1.3084763288497925,0.9592641592025757,0.11877915263175964,1.0,1747625165.7943137
27.459636688232422,0.6471354365348816,2971,36.16885757446289,2970,1.9541176557540894,0.17663231492042542,0.0221354179084301,1056.549804747,23520,4563456,1.3816825151443481,0.9592641592025757,0.06801433116197586,1.0,1747625174.7904313
28.878908157348633,0.6809896230697632,2974,36.16885757446289,2973,1.9541176557540894,0.1851465404033661,0.02148437686264515,1057.550616255,23544,4568064,1.3845281600952148,0.9592641592025757,0.07357847690582275,1.0,1747625175.7911978
25.631511688232422,0.6660156846046448,2977,36.16885757446289,2976,1.9541176557540894,0.19384804368019104,0.02343750186264515,1058.549814428,23568,4572672,1.3655991554260254,0.9592641592025757,0.06122090667486191,1.0,1747625176.7903929
26.587892532348633,0.6796875596046448,2989,36.16885757446289,2988,1.9541176557540894,0.17129451036453247,0.02148437686264515,1062.555784196,23664,4591104,1.3804125785827637,0.9592641592025757,0.12249524146318436,1.0,1747625180.7963514
28.500652313232422,0.6647135615348816,2994,36.16885757446289,2993,1.9541176557540894,0.24207308888435364,0.02083333395421505,1064.221482331,23704,4598784,1.3555556535720825,0.9592641592025757,0.09290950745344162,1.0,1747625182.4620728
27.471355438232422,0.5963541865348816,3004,36.16885757446289,3003,1.9541176557540894,0.18053275346755981,0.0201822929084301,1067.548309725,23784,4614144,1.2507731914520264,0.9592641592025757,0.08322405070066452,1.0,1747625185.7888947
27.307292938232422,0.5937500596046448,3043,36.16885757446289,3042,1.9541176557540894,0.1799316704273224,0.017578125,1080.577691463,24096,4674048,1.2266901731491089,0.9592641592025757,0.10390932112932205,1.0,1747625198.8183374
27.008464813232422,0.6113281846046448,3044,36.16885757446289,3043,1.9541176557540894,0.1896839439868927,0.0240885429084301,1080.911415828,24104,4675584,1.3266782760620117,0.9592641592025757,0.09435254335403442,1.0,1747625199.1519933
28.01692771911621,0.5944010615348816,3054,36.16885757446289,3053,1.9541176557540894,0.1535920649766922,0.01888020895421505,1084.235412225,24184,4690944,1.2472753524780273,0.9592641592025757,0.05700771510601044,1.0,1747625202.4759605
27.105470657348633,0.5904948115348816,3079,36.16885757446289,3078,1.9541176557540894,0.2251383662223816,0.01888020895421505,1092.560358345,24384,4729344,1.215439796447754,0.9592641592025757,0.09753735363483429,1.0,1747625210.8009825
25.842449188232422,0.6595052480697632,3085,36.16885757446289,3084,1.9541176557540894,0.17120996117591858,0.0221354179084301,1094.551757223,24432,4738560,1.3533084392547607,0.9592641592025757,0.06438836455345154,1.0,1747625212.792318
26.392580032348633,0.6022135615348816,3137,36.16885757446289,3136,1.9541176557540894,0.2045978605747223,0.0201822929084301,1111.879587187,24848,4818432,1.2746539115905762,0.9592641592025757,0.17130810022354126,1.0,1747625230.1201453
28.60872459411621,0.6458333730697632,3151,36.16885757446289,3150,1.9541176557540894,0.17504991590976715,0.02083333395421505,1116.532014262,24960,4839936,1.3359746932983398,0.9592641592025757,0.15293651819229126,1.0,1747625234.772623
26.330730438232422,0.7343750596046448,3159,36.16885757446289,3158,1.9541176557540894,0.13943862915039062,0.02278645895421505,1119.19421193,25024,4852224,1.4687501192092896,0.9592641592025757,0.1304008662700653,1.0,1747625237.4347844
25.933595657348633,0.6347656846046448,3194,36.16885757446289,3193,1.9541176557540894,0.13928848505020142,0.02343750186264515,1130.842064143,25304,4905984,1.30276358127594,0.9592641592025757,0.12755633890628815,1.0,1747625249.082647
26.070314407348633,0.6184896230697632,3221,36.16885757446289,3220,1.9541176557540894,0.13583366572856903,0.02278645895421505,1139.841387252,25520,4947456,1.2800626754760742,0.9592641592025757,0.19809484481811523,1.0,1747625258.0819764
26.48177146911621,0.5364583730697632,3223,36.16885757446289,3222,1.9541176557540894,0.15907564759254456,0.01953125186264515,1140.511913813,25536,4950528,1.1690140962600708,0.9592641592025757,0.17454838752746582,1.0,1747625258.7525535
28.486980438232422,0.5924479365348816,3224,36.16885757446289,3223,1.9541176557540894,0.14363956451416016,0.01888020895421505,1140.845936367,25544,4952064,1.2459228038787842,0.9592641592025757,0.19417980313301086,1.0,1747625259.0865715
27.17708396911621,0.6406250596046448,3226,36.16885757446289,3225,1.9541176557540894,0.13998737931251526,0.02148437686264515,1141.511317311,25560,4955136,1.320233702659607,0.9592641592025757,0.18731148540973663,1.0,1747625259.7519217
25.983074188232422,0.6634114980697632,3252,36.53609085083008,3251,1.947492241859436,0.10500945895910263,0.02278645895421505,1150.237256709,25768,4995072,1.3808960914611816,0.9527559280395508,0.16958065330982208,1.0,1747625268.4777482
24.859376907348633,0.5970052480697632,3269,36.53609085083008,3268,1.947492241859436,0.1479395180940628,0.02343750186264515,1155.900126738,25904,5021184,1.2788599729537964,0.9527559280395508,0.10535752028226852,1.0,1747625274.1406572
26.072267532348633,0.6764323115348816,3284,36.53609085083008,3283,1.947492241859436,0.16741031408309937,0.02343750186264515,1160.903638194,26024,5044224,1.367422342300415,0.9527559280395508,0.06168065965175629,1.0,1747625279.1442053
27.731121063232422,0.6347656846046448,3286,36.53609085083008,3285,1.947492241859436,0.14541596174240112,0.0201822929084301,1161.569556455,26040,5047296,1.320264220237732,0.9527559280395508,0.07818995416164398,1.0,1747625279.8101683
27.19075584411621,0.6126302480697632,3302,36.53609085083008,3301,1.947492241859436,0.1463402956724167,0.01953125186264515,1166.894785856,26168,5071872,1.2584856748580933,0.9527559280395508,0.04713404178619385,1.0,1747625285.135383
27.48958396911621,0.6321614980697632,3308,36.53609085083008,3307,1.947492241859436,0.18203401565551758,0.01888020895421505,1168.893306165,26216,5081088,1.3063435554504395,0.9527559280395508,0.045747920870780945,1.0,1747625287.1338913
26.035158157348633,0.6100260615348816,3310,36.53609085083008,3309,1.947492241859436,0.1480819284915924,0.02278645895421505,1169.554622248,26232,5084160,1.291884422302246,0.9527559280395508,0.07955792546272278,1.0,1747625287.7952225
26.08724021911621,0.6223958730697632,3333,36.53609085083008,3332,1.947492241859436,0.1170179694890976,0.02148437686264515,1177.220485522,26416,5119488,1.2940573692321777,0.9527559280395508,0.10155195742845535,1.0,1747625295.461027
25.556642532348633,0.6601563096046448,3337,36.53609085083008,3336,1.947492241859436,0.12022856622934341,0.0240885429084301,1178.552691877,26448,5125632,1.3636815547943115,0.9527559280395508,0.0884661078453064,1.0,1747625296.7932658
27.255861282348633,0.6328125596046448,3339,36.53609085083008,3338,1.947492241859436,0.12167666852474213,0.0201822929084301,1179.219173375,26464,5128704,1.286141276359558,0.9527559280395508,0.09864965081214905,1.0,1747625297.45975
27.012371063232422,0.7259114980697632,3356,36.53609085083008,3355,1.947492241859436,0.13210037350654602,0.0201822929084301,1184.883816528,26600,5154816,1.4518229961395264,0.9527559280395508,0.11236818134784698,1.0,1747625303.124399
27.05599021911621,0.6699219346046448,3363,36.53609085083008,3362,1.947492241859436,0.13655325770378113,0.02278645895421505,1187.211277684,26656,5165568,1.4051450490951538,0.9527559280395508,0.09926716983318329,1.0,1747625305.4518428
25.84505271911621,0.6608073115348816,3369,36.53609085083008,3368,1.947492241859436,0.14354044198989868,0.02148437686264515,1189.210641995,26704,5174784,1.3535990715026855,0.9527559280395508,0.12354927510023117,1.0,1747625307.4512198
25.074871063232422,0.6751302480697632,3371,36.53609085083008,3370,1.947492241859436,0.13812318444252014,0.02343750186264515,1189.879099186,26720,5177856,1.379614233970642,0.9527559280395508,0.09835860133171082,1.0,1747625308.119667
26.211589813232422,0.5748698115348816,3378,36.53609085083008,3377,1.947492241859436,0.14854289591312408,0.0201822929084301,1192.21529635,26776,5188608,1.2548834085464478,0.9527559280395508,0.14933966100215912,1.0,1747625310.4558554
27.75911521911621,0.6555989980697632,3388,36.53609085083008,3387,1.947492241859436,0.1199033334851265,0.02083333395421505,1195.551272707,26856,5203968,1.3344863653182983,0.9527559280395508,0.11478807032108307,1.0,1747625313.7918406
26.176433563232422,0.5742188096046448,3399,36.53609085083008,3398,1.947492241859436,0.1295119822025299,0.02148437686264515,1199.215915666,26944,5220864,1.229366660118103,0.9527559280395508,0.14173351228237152,1.0,1747625317.456497
27.33919334411621,0.6471354365348816,3415,36.53609085083008,3414,1.947492241859436,0.14696508646011353,0.02083333395421505,1204.545155386,27072,5245440,1.3295444250106812,0.9527559280395508,0.13357526063919067,1.0,1747625322.7857783
26.90364646911621,0.6080729365348816,3436,36.53609085083008,3435,1.947492241859436,0.14221462607383728,0.02148437686264515,1211.557971508,27240,5277696,1.310726284980774,0.9527559280395508,0.13132807612419128,1.0,1747625329.7983577
26.850261688232422,0.6608073115348816,3440,36.53609085083008,3439,1.947492241859436,0.13326987624168396,0.02148437686264515,1212.891201153,27272,5283840,1.3752869367599487,0.9527559280395508,0.12096349895000458,1.0,1747625331.1317725
25.63802146911621,0.7532552480697632,3453,36.53609085083008,3452,1.947492241859436,0.15748462080955505,0.02473958395421505,1217.232102309,27376,5303808,1.5070563554763794,0.9527559280395508,0.11141039431095123,1.0,1747625335.4726965
27.830080032348633,0.6477864980697632,3473,36.53609085083008,3472,1.947492241859436,0.11695508658885956,0.017578125,1223.940219662,27536,5334528,1.3150447607040405,0.9527559280395508,0.1101638600230217,1.0,1747625342.1808207
26.67513084411621,0.6015625596046448,3491,36.53609085083008,3490,1.947492241859436,0.1577649712562561,0.02148437686264515,1229.942637053,27680,5362176,1.2561990022659302,0.9527559280395508,0.10051146149635315,1.0,1747625348.1829796
28.25520896911621,0.6595052480697632,3492,36.53609085083008,3491,1.947492241859436,0.13784250617027283,0.01888020895421505,1230.275794766,27688,5363712,1.3661189079284668,0.9527559280395508,0.10001519322395325,1.0,1747625348.5163898
26.611980438232422,0.6341146230697632,3500,36.53609085083008,3499,1.947492241859436,0.12434658408164978,0.02083333395421505,1232.947535285,27752,5376000,1.317256212234497,0.9527559280395508,0.13416370749473572,1.0,1747625351.1881032
26.37434959411621,0.6113281846046448,3505,36.53609085083008,3504,1.947492241859436,0.12393800914287567,0.02278645895421505,1234.616979012,27792,5383680,1.320474624633789,0.9527559280395508,0.13879016041755676,1.0,1747625352.8575747
24.527345657348633,0.6601563096046448,3511,36.53609085083008,3510,1.947492241859436,0.11668665707111359,0.02539062686264515,1236.609091678,27840,5392896,1.3921680450439453,0.9527559280395508,0.13476815819740295,1.0,1747625354.8496656
25.42708396911621,0.6490885615348816,3523,36.53609085083008,3522,1.947492241859436,0.11275026202201843,0.02343750186264515,1240.610036145,27936,5411328,1.3515825271606445,0.9527559280395508,0.12461771070957184,1.0,1747625358.8506415
25.619142532348633,0.7454427480697632,3529,36.53609085083008,3528,1.947492241859436,0.11262299120426178,0.0240885429084301,1242.601847165,27984,5420544,1.5023845434188843,0.9527559280395508,0.1012021154165268,1.0,1747625360.8424048
24.600261688232422,0.6861979365348816,3559,36.53609085083008,3558,1.947492241859436,0.11833083629608154,0.02473958395421505,1252.58194097,28224,5466624,1.416124701499939,0.9527559280395508,0.07446584850549698,1.0,1747625370.8225124
27.137371063232422,0.5963541865348816,3570,36.53609085083008,3569,1.947492241859436,0.142811119556427,0.01888020895421505,1256.244102758,28312,5483520,1.2842642068862915,0.9527559280395508,0.10066445916891098,1.0,1747625374.484724
25.613933563232422,0.7161458730697632,3580,36.754337310791016,3579,1.9195103645324707,0.12534761428833008,0.02343750186264515,1259.649144937,28392,5498880,1.444275975227356,0.9285714030265808,0.05015572905540466,1.0,1747625377.8897514
27.812501907348633,0.6477864980697632,3583,36.754337310791016,3582,1.9195103645324707,0.16956119239330292,0.0201822929084301,1260.648969304,28416,5503488,1.360221028327942,0.9285714030265808,0.08177153766155243,1.0,1747625378.8896165
25.36263084411621,0.6770833730697632,3604,36.754337310791016,3603,1.9195103645324707,0.14573492109775543,0.0240885429084301,1267.633530465,28584,5535744,1.3998569250106812,0.9285714030265808,0.02871073968708515,1.0,1747625385.8741066
25.595705032348633,0.6308594346046448,3607,36.754337310791016,3606,1.9195103645324707,0.1506718099117279,0.02278645895421505,1268.632620436,28608,5540352,1.2980599403381348,0.9285714030265808,0.02931172586977482,1.0,1747625386.8732038
27.94270896911621,0.6888021230697632,3616,36.754337310791016,3615,1.9195103645324707,0.15310046076774597,0.01953125186264515,1271.633765011,28680,5554176,1.3776042461395264,0.9285714030265808,-0.039449505507946014,1.0,1747625389.8743546
28.611980438232422,0.6276041865348816,3623,36.754337310791016,3622,1.9195103645324707,0.1864994466304779,0.01953125186264515,1273.963637898,28736,5564928,1.295870065689087,0.9285714030265808,-0.051246143877506256,1.0,1747625392.204197
28.06184959411621,0.5963541865348816,3628,36.754337310791016,3627,1.9195103645324707,0.17055480182170868,0.01953125186264515,1275.634762316,28776,5572608,1.232489824295044,0.9285714030265808,-0.00802847184240818,1.0,1747625393.8753717
28.468751907348633,0.6946614980697632,3631,36.754337310791016,3630,1.9195103645324707,0.16752168536186218,0.02083333395421505,1276.635750365,28800,5577216,1.4141380786895752,0.9285714030265808,-0.020883336663246155,1.0,1747625394.8763406
25.367189407348633,0.6100260615348816,3638,36.754337310791016,3637,1.9195103645324707,0.14285966753959656,0.02278645895421505,1278.969243981,28856,5587968,1.270902156829834,0.9285714030265808,-0.04578018933534622,1.0,1747625397.2098124
27.117189407348633,0.6451823115348816,3661,36.754337310791016,3660,1.9195103645324707,0.146743506193161,0.02083333395421505,1286.636501528,29040,5623296,1.328065276145935,0.9285714030265808,-0.04309871792793274,1.0,1747625404.8771107
27.672527313232422,0.5970052480697632,3662,36.754337310791016,3661,1.9195103645324707,0.12942780554294586,0.01888020895421505,1286.969321317,29048,5624832,1.2182881832122803,0.9285714030265808,-0.047408029437065125,1.0,1747625405.209946
26.385417938232422,0.6419271230697632,3680,36.754337310791016,3679,1.9195103645324707,0.16606482863426208,0.0221354179084301,1292.962326502,29192,5652480,1.3528493642807007,0.9285714030265808,-0.062314633280038834,1.0,1747625411.2028654
28.48177146911621,0.6119791865348816,3689,36.754337310791016,3688,1.9195103645324707,0.11196081340312958,0.01888020895421505,1295.956060455,29264,5666304,1.2858805656433105,0.9285714030265808,-0.05319775268435478,1.0,1747625414.1966324
23.810548782348633,0.6920573115348816,3703,36.754337310791016,3702,1.9195103645324707,0.11400338262319565,0.0279947929084301,1300.622777269,29376,5687808,1.4282183647155762,0.9285714030265808,-0.03115411475300789,1.0,1747625418.8633792
25.529298782348633,0.7421875596046448,3729,36.754337310791016,3728,1.9195103645324707,0.11590705811977386,0.02473958395421505,1309.286191307,29584,5727744,1.5231654644012451,0.9285714030265808,0.004252381157130003,1.0,1747625427.5267735
24.703777313232422,0.6412760615348816,3745,36.754337310791016,3744,1.9195103645324707,0.15298467874526978,0.02343750186264515,1314.626754485,29712,5752320,1.337937593460083,0.9285714030265808,-0.04878849536180496,1.0,1747625432.867297
25.658855438232422,0.6673177480697632,3752,36.754337310791016,3751,1.9195103645324707,0.1242714449763298,0.0240885429084301,1316.957981762,29768,5763072,1.3646596670150757,0.9285714030265808,-0.0238661989569664,1.0,1747625435.1985865
27.102214813232422,0.7050781846046448,3765,36.754337310791016,3764,1.9195103645324707,0.1326374113559723,0.02278645895421505,1321.288546177,29872,5783040,1.4233983755111694,0.9285714030265808,-0.01958470791578293,1.0,1747625439.5291572
25.78841209411621,0.6868489980697632,3773,36.754337310791016,3772,1.9195103645324707,0.1034892350435257,0.0201822929084301,1323.946096693,29936,5795328,1.389798879623413,0.9285714030265808,-0.025727856904268265,1.0,1747625442.1866848
25.567058563232422,0.6757813096046448,3782,36.754337310791016,3781,1.9195103645324707,0.13197043538093567,0.0221354179084301,1326.951717378,30008,5809152,1.3761719465255737,0.9285714030265808,-0.021751224994659424,1.0,1747625445.1922958
25.771486282348633,0.5976563096046448,3792,36.754337310791016,3791,1.9195103645324707,0.1217689961194992,0.02278645895421505,1330.276440557,30088,5824512,1.2728768587112427,0.9285714030265808,-0.01593618467450142,1.0,1747625448.5170302
27.878908157348633,0.5722656846046448,3798,36.754337310791016,3797,1.9195103645324707,0.1319599449634552,0.01953125186264515,1332.276639572,30136,5833728,1.2242320775985718,0.9285714030265808,-0.037258803844451904,1.0,1747625450.517237
25.39974021911621,0.6022135615348816,3803,36.754337310791016,3802,1.9195103645324707,0.11798489093780518,0.02148437686264515,1333.94011023,30176,5841408,1.2438688278198242,0.9285714030265808,0.006014754995703697,1.0,1747625452.1806827
26.250001907348633,0.6256510615348816,3814,36.754337310791016,3813,1.9195103645324707,0.142181396484375,0.0221354179084301,1337.605690456,30264,5858304,1.316054344177246,0.9285714030265808,-0.026753481477499008,1.0,1747625455.8462949
26.74739646911621,0.5963541865348816,3822,36.754337310791016,3821,1.9195103645324707,0.13172751665115356,0.0201822929084301,1340.273437578,30328,5870592,1.2432061433792114,0.9285714030265808,-0.04047662019729614,1.0,1747625458.5140538
25.89388084411621,0.6217448115348816,3827,36.754337310791016,3826,1.9195103645324707,0.11693765968084335,0.01953125186264515,1341.93813178,30368,5878272,1.290602207183838,0.9285714030265808,-0.029895436018705368,1.0,1747625460.1787071
26.402345657348633,0.5885416865348816,3834,36.754337310791016,3833,1.9195103645324707,0.11995379626750946,0.0201822929084301,1344.267188256,30424,5889024,1.2600512504577637,0.9285714030265808,-0.06372316181659698,1.0,1747625462.5077643
26.88997459411621,0.6295573115348816,3854,36.754337310791016,3853,1.9195103645324707,0.11033383011817932,0.0221354179084301,1350.926386004,30584,5919744,1.3182607889175415,0.9285714030265808,-0.061394114047288895,1.0,1747625469.1669862
25.296876907348633,0.6555989980697632,3855,36.754337310791016,3854,1.9195103645324707,0.11613357067108154,0.02148437686264515,1351.259357107,30592,5921280,1.3583500385284424,0.9285714030265808,-0.07433980703353882,1.0,1747625469.4999647
25.556642532348633,0.6940104365348816,3862,36.754337310791016,3861,1.9195103645324707,0.11382193863391876,0.02343750186264515,1353.585267435,30648,5932032,1.3989757299423218,0.9285714030265808,-0.05941510945558548,1.0,1747625471.8258653
25.961589813232422,0.7044271230697632,3865,36.754337310791016,3864,1.9195103645324707,0.12918971478939056,0.02343750186264515,1354.583864711,30672,5936640,1.4273568391799927,0.9285714030265808,-0.032553281635046005,1.0,1747625472.8243754
24.99153709411621,0.5813802480697632,3892,36.754337310791016,3891,1.9195103645324707,0.16036486625671387,0.02148437686264515,1363.58237303,30888,5978112,1.2549721002578735,0.9285714030265808,-0.15096011757850647,1.0,1747625481.8229694
26.676433563232422,0.6705729365348816,3915,36.49769973754883,3914,1.9354279041290283,0.16227440536022186,0.02083333395421505,1371.359687345,31072,6013440,1.3814072608947754,0.9428008198738098,-0.1310747265815735,1.0,1747625489.600233
25.506511688232422,0.6243489980697632,3985,36.49769973754883,3984,1.9354279041290283,0.11385130137205124,0.02148437686264515,1394.662796213,31632,6120960,1.2840192317962646,0.9428008198738098,-0.10745921730995178,1.0,1747625512.9033382
27.309246063232422,0.6028646230697632,3988,36.49769973754883,3987,1.9354279041290283,0.11000807583332062,0.01953125186264515,1395.664150668,31656,6125568,1.2907658815383911,0.9428008198738098,-0.07593706250190735,1.0,1747625513.90473
26.330080032348633,0.6087239980697632,4035,36.49769973754883,4034,1.9354279041290283,0.13131169974803925,0.0221354179084301,1411.31347964,32032,6197760,1.2789280414581299,0.9428008198738098,-0.08436787128448486,1.0,1747625529.5540798
28.197917938232422,0.6699219346046448,4046,36.49769973754883,4045,1.9354279041290283,0.12332329154014587,0.02148437686264515,1414.973761702,32120,6214656,1.3867442607879639,0.9428008198738098,-0.05583145096898079,1.0,1747625533.2141414
27.63606834411621,0.6523438096046448,4055,36.49769973754883,4054,1.9354279041290283,0.11104877293109894,0.0201822929084301,1417.976822419,32192,6228480,1.331093430519104,0.9428008198738098,-0.0521114245057106,1.0,1747625536.217388
26.45052146911621,0.6145833730697632,4068,36.49769973754883,4067,1.9354279041290283,0.11598528921604156,0.0201822929084301,1422.304677605,32296,6248448,1.2716299295425415,0.9428008198738098,-0.0672461986541748,1.0,1747625540.545249
27.43880271911621,0.6197916865348816,4072,36.49769973754883,4071,1.9354279041290283,0.13069352507591248,0.02148437686264515,1423.63794009,32328,6254592,1.3216583728790283,0.9428008198738098,-0.0655159130692482,1.0,1747625541.8785188
24.531902313232422,0.6210938096046448,4082,36.49769973754883,4081,1.9354279041290283,0.1087319552898407,0.02278645895421505,1426.975293928,32408,6269952,1.3220958709716797,0.9428008198738098,-0.10452321171760559,1.0,1747625545.2158492
26.110027313232422,0.7343750596046448,4088,36.49769973754883,4087,1.9354279041290283,0.11031417548656464,0.02343750186264515,1428.969023495,32456,6279168,1.485474705696106,0.9428008198738098,-0.09380115568637848,1.0,1747625547.2096217
25.55794334411621,0.6386719346046448,4101,36.49769973754883,4100,1.9354279041290283,0.14540329575538635,0.0221354179084301,1433.300189137,32560,6299136,1.3477773666381836,0.9428008198738098,-0.10088817030191422,1.0,1747625551.5408075
26.47395896911621,0.5937500596046448,4106,36.49769973754883,4105,1.9354279041290283,0.11494750529527664,0.02278645895421505,1434.967051123,32600,6306816,1.285120964050293,0.9428008198738098,-0.09976302087306976,1.0,1747625553.2076552
27.13802146911621,0.5598958730697632,4112,36.49769973754883,4111,1.9354279041290283,0.10722488164901733,0.01953125186264515,1436.965843,32648,6316032,1.2219388484954834,0.9428008198738098,-0.13617441058158875,1.0,1747625555.206412
25.40364646911621,0.6334635615348816,4123,36.49769973754883,4122,1.9354279041290283,0.10222998261451721,0.02278645895421505,1440.636534799,32736,6332928,1.3412376642227173,0.9428008198738098,-0.12260419130325317,1.0,1747625558.8771548
27.990886688232422,0.5800781846046448,4129,36.49769973754883,4128,1.9354279041290283,0.13321812450885773,0.0201822929084301,1442.637950676,32784,6342144,1.2691847085952759,0.9428008198738098,-0.11509375274181366,1.0,1747625560.8785577
24.46809959411621,0.6666666865348816,4146,36.49769973754883,4145,1.9354279041290283,0.13656213879585266,0.02278645895421505,1448.296116944,32920,6368256,1.3676306009292603,0.9428008198738098,-0.13838458061218262,1.0,1747625566.5365615
26.840496063232422,0.6477864980697632,4152,36.49769973754883,4151,1.9354279041290283,0.105524443089962,0.02083333395421505,1450.296526344,32968,6377472,1.3111735582351685,0.9428008198738098,-0.13842101395130157,1.0,1747625568.5370762
24.455080032348633,0.6660156846046448,4169,36.49769973754883,4168,1.9354279041290283,0.12980513274669647,0.02278645895421505,1455.956054786,33104,6403584,1.3700670003890991,0.9428008198738098,-0.19148340821266174,1.0,1747625574.196636
25.556642532348633,0.6881510615348816,4184,36.49769973754883,4183,1.9354279041290283,0.11282020807266235,0.02148437686264515,1460.953997239,33224,6426624,1.3779021501541138,0.9428008198738098,-0.09939578920602798,1.0,1747625579.19456
24.777345657348633,0.7265625596046448,4196,36.49769973754883,4195,1.9354279041290283,0.1320069581270218,0.02539062686264515,1464.952474729,33320,6445056,1.4531251192092896,0.9428008198738098,-0.09554103016853333,1.0,1747625583.193077
24.597658157348633,0.6790364980697632,4203,36.49769973754883,4202,1.9354279041290283,0.10161363333463669,0.02343750186264515,1467.286319241,33376,6455808,1.395662784576416,0.9428008198738098,-0.10071645677089691,1.0,1747625585.5269322
25.968751907348633,0.6445313096046448,4205,36.49769973754883,4204,1.9354279041290283,0.1233873963356018,0.02278645895421505,1467.95278582,33392,6458880,1.3300549983978271,0.9428008198738098,-0.11298732459545135,1.0,1747625586.193297
25.207033157348633,0.6979166865348816,4221,36.49769973754883,4220,1.9354279041290283,0.14700081944465637,0.02148437686264515,1473.273989222,33520,6483456,1.4240479469299316,0.9428008198738098,-0.13427749276161194,1.0,1747625591.514592
27.183595657348633,0.7324219346046448,4223,36.49769973754883,4222,1.9354279041290283,0.11663341522216797,0.0221354179084301,1473.941094258,33536,6486528,1.4835729598999023,0.9428008198738098,-0.1074846014380455,1.0,1747625592.1816742
26.400392532348633,0.5240885615348816,4255,33.85957336425781,4254,1.9496262073516846,0.10291814059019089,0.01953125186264515,1484.676621751,33792,6535680,1.115532636642456,0.9556230902671814,-0.08959420025348663,1.0,1747625602.9172163
29.041017532348633,0.6458333730697632,4266,33.85957336425781,4265,1.9496262073516846,0.13653779029846191,0.02148437686264515,1488.340089466,33880,6552576,1.3519607782363892,0.9556230902671814,-0.12683498859405518,1.0,1747625606.5806518
25.03450584411621,0.5852864980697632,4267,33.85957336425781,4266,1.9496262073516846,0.16360948979854584,0.02148437686264515,1488.673659982,33888,6554112,1.2238645553588867,0.9556230902671814,-0.13877546787261963,1.0,1747625606.9142292
27.110027313232422,0.6302083730697632,4298,33.85957336425781,4297,1.9496262073516846,0.10707884281873703,0.02083333395421505,1498.992721499,34136,6601728,1.3013907670974731,0.9556230902671814,-0.09708932042121887,1.0,1747625617.2332811
25.755861282348633,0.7174479365348816,4315,33.85957336425781,4314,1.9496262073516846,0.13824644684791565,0.0221354179084301,1504.66051735,34272,6627840,1.4425771236419678,0.9556230902671814,-0.12175966054201126,1.0,1747625622.9011326
26.66536521911621,0.6569010615348816,4350,33.85957336425781,4349,1.9496262073516846,0.13486450910568237,0.02148437686264515,1516.356033588,34552,6681600,1.3492989540100098,0.9556230902671814,-0.1461034119129181,1.0,1747625634.5965984
25.960939407348633,0.7278646230697632,4381,33.85957336425781,4380,1.9496262073516846,0.11802676320075989,0.02278645895421505,1526.676780624,34800,6729216,1.4754270315170288,0.9556230902671814,-0.17907491326332092,1.0,1747625644.9173431
26.59895896911621,0.7135416865348816,4389,33.85957336425781,4388,1.9496262073516846,0.13154518604278564,0.02539062686264515,1529.341074843,34864,6741504,1.466713547706604,0.9556230902671814,-0.20621247589588165,1.0,1747625647.581634
26.39583396911621,0.7128906846046448,4399,33.85957336425781,4398,1.9496262073516846,0.1608283668756485,0.02343750186264515,1532.676596425,34944,6756864,1.4257813692092896,0.9556230902671814,-0.16870155930519104,1.0,1747625650.9171774
25.730470657348633,0.6458333730697632,4406,33.85957336425781,4405,1.9496262073516846,0.12504276633262634,0.02343750186264515,1535.00664985,35000,6767616,1.3607959747314453,0.9556230902671814,-0.17193269729614258,1.0,1747625653.2472076
27.113933563232422,0.6321614980697632,4417,33.85957336425781,4416,1.9496262073516846,0.14048898220062256,0.0201822929084301,1538.669947216,35088,6784512,1.3167030811309814,0.9556230902671814,-0.22400005161762238,1.0,1747625656.9105628
25.71809959411621,0.6835938096046448,4427,33.85957336425781,4426,1.9496262073516846,0.13272038102149963,0.0221354179084301,1542.001091583,35168,6799872,1.3826661109924316,0.9556230902671814,-0.21513110399246216,1.0,1747625660.241667
26.96224021911621,0.7128906846046448,4429,33.85957336425781,4428,1.9496262073516846,0.14525754749774933,0.02343750186264515,1542.667886046,35184,6802944,1.4490313529968262,0.9556230902671814,-0.23453077673912048,1.0,1747625660.9084754
27.162111282348633,0.6223958730697632,4433,33.85957336425781,4432,1.9496262073516846,0.1256788820028305,0.0221354179084301,1544.000740697,35216,6809088,1.3120765686035156,0.9556230902671814,-0.22318607568740845,1.0,1747625662.2413256
27.90755271911621,0.5807291865348816,4466,33.85957336425781,4465,1.9496262073516846,0.11621319502592087,0.01888020895421505,1555.008759307,35480,6859776,1.2263362407684326,0.9556230902671814,-0.1854078620672226,1.0,1747625673.249331
24.824871063232422,0.6796875596046448,4481,33.85957336425781,4480,1.9496262073516846,0.11943244934082031,0.02539062686264515,1560.003504185,35600,6882816,1.4199914932250977,0.9556230902671814,-0.18194550275802612,1.0,1747625678.2440565
26.149089813232422,0.7220052480697632,4493,33.85957336425781,4492,1.9496262073516846,0.13878951966762543,0.02343750186264515,1564.005211581,35696,6901248,1.4440104961395264,0.9556230902671814,-0.18601588904857635,1.0,1747625682.2457929
26.211589813232422,0.6992188096046448,4504,33.85957336425781,4503,1.9496262073516846,0.13691920042037964,0.02278645895421505,1567.67490616,35784,6918144,1.4097188711166382,0.9556230902671814,-0.179953932762146,1.0,1747625685.9155126
26.586589813232422,0.7291666865348816,4508,33.85957336425781,4507,1.9496262073516846,0.14342154562473297,0.02278645895421505,1569.001648872,35816,6924288,1.4664809703826904,0.9556230902671814,-0.18682628870010376,1.0,1747625687.2422025
24.826824188232422,0.6777344346046448,4509,33.85957336425781,4508,1.9496262073516846,0.13667598366737366,0.02539062686264515,1569.335682908,35824,6925824,1.3695659637451172,0.9556230902671814,-0.18751747906208038,1.0,1747625687.5762575
25.564455032348633,0.6985677480697632,4525,33.85957336425781,4524,1.9496262073516846,0.10012784600257874,0.02473958395421505,1574.667353373,35952,6950400,1.427970051765442,0.9556230902671814,-0.17150747776031494,1.0,1747625692.907939
28.283855438232422,0.6529948115348816,4537,33.85957336425781,4536,1.9496262073516846,0.14349164068698883,0.0201822929084301,1578.660977193,36048,6968832,1.3432682752609253,0.9556230902671814,-0.17688393592834473,1.0,1747625696.901583
27.33138084411621,0.6542969346046448,4545,33.85957336425781,4544,1.9496262073516846,0.11658734083175659,0.02148437686264515,1581.32415583,36112,6981120,1.3633466958999634,0.9556230902671814,-0.18693864345550537,1.0,1747625699.5647478
25.669923782348633,0.6627604365348816,4554,36.673606872558594,4553,1.95244562625885,0.13056287169456482,0.0221354179084301,1584.396436838,36184,6994944,1.352535367012024,0.9570181965827942,-0.21209821105003357,1.0,1747625702.6370673
26.64778709411621,0.56640625,4565,36.673606872558594,4564,1.95244562625885,0.10315823554992676,0.02083333395421505,1588.05500064,36272,7011840,1.209948182106018,0.9570181965827942,-0.1907062828540802,1.0,1747625706.2955847
26.604167938232422,0.7304688096046448,4582,36.673606872558594,4581,1.95244562625885,0.14878496527671814,0.02539062686264515,1593.725798619,36408,7037952,1.4953993558883667,0.9570181965827942,-0.12919467687606812,1.0,1747625711.9664161
26.613933563232422,0.5820313096046448,4584,36.673606872558594,4583,1.95244562625885,0.1396779716014862,0.0201822929084301,1594.391938175,36424,7041024,1.2184441089630127,0.9570181965827942,-0.12894302606582642,1.0,1747625712.6325061
26.326173782348633,0.6308594346046448,4598,36.673606872558594,4597,1.95244562625885,0.13265711069107056,0.02148437686264515,1599.056726893,36536,7062528,1.3020548820495605,0.9570181965827942,-0.1805208921432495,1.0,1747625717.297334
25.861330032348633,0.6074219346046448,4600,36.673606872558594,4599,1.95244562625885,0.1325240135192871,0.02148437686264515,1599.723010409,36552,7065600,1.271628499031067,0.9570181965827942,-0.17661163210868835,1.0,1747625717.9636445
25.257814407348633,0.6464844346046448,4605,36.673606872558594,4604,1.95244562625885,0.12373368442058563,0.02083333395421505,1601.387719008,36592,7073280,1.3207805156707764,0.9570181965827942,-0.169241800904274,1.0,1747625719.6281712
24.639324188232422,0.6718750596046448,4624,36.673606872558594,4623,1.95244562625885,0.14563952386379242,0.02148437686264515,1607.709729128,36744,7102464,1.3815104961395264,0.9570181965827942,-0.14009413123130798,1.0,1747625725.950316
25.858074188232422,0.6321614980697632,4641,36.673606872558594,4640,1.95244562625885,0.1228930726647377,0.0221354179084301,1613.371901066,36880,7128576,1.3104617595672607,0.9570181965827942,-0.14049425721168518,1.0,1747625731.6125205
29.40559959411621,0.6523438096046448,4647,36.673606872558594,4646,1.95244562625885,0.13531410694122314,0.01888020895421505,1615.372379806,36928,7137792,1.3425390720367432,0.9570181965827942,-0.15079428255558014,1.0,1747625733.6129522
26.266277313232422,0.6523438096046448,4694,36.673606872558594,4693,1.95244562625885,0.1122322678565979,0.0221354179084301,1631.008219007,37304,7209984,1.3207048177719116,0.9570181965827942,-0.1029406487941742,1.0,1747625749.2487943
26.460939407348633,0.6269531846046448,4696,36.673606872558594,4695,1.95244562625885,0.11311925947666168,0.02148437686264515,1631.68699866,37320,7213056,1.2945042848587036,0.9570181965827942,-0.12281687557697296,1.0,1747625749.9274306
25.65169334411621,0.6608073115348816,4710,36.673606872558594,4709,1.95244562625885,0.1132790818810463,0.0221354179084301,1636.351122662,37432,7234560,1.3732918500900269,0.9570181965827942,-0.14339801669120789,1.0,1747625754.5916915
25.52474021911621,0.6464844346046448,4731,36.673606872558594,4730,1.95244562625885,0.09255483746528625,0.0240885429084301,1643.335406751,37600,7266816,1.308289647102356,0.9570181965827942,-0.10850290209054947,1.0,1747625761.5759816
25.062501907348633,0.6647135615348816,4741,36.673606872558594,4740,1.95244562625885,0.11500366032123566,0.02148437686264515,1646.665176169,37680,7282176,1.3294271230697632,0.9570181965827942,-0.15302154421806335,1.0,1747625764.905764
26.250652313232422,0.6848958730697632,4761,36.673606872558594,4760,1.95244562625885,0.12830057740211487,0.0201822929084301,1653.315868782,37840,7312896,1.3918311595916748,0.9570181965827942,-0.16523532569408417,1.0,1747625771.5564647
26.666017532348633,0.6438802480697632,4810,36.673606872558594,4809,1.95244562625885,0.10946173965930939,0.02278645895421505,1669.75141645,38232,7388160,1.325405478477478,0.9570181965827942,-0.18232738971710205,1.0,1747625787.992016
25.246746063232422,0.7161458730697632,4813,36.673606872558594,4812,1.95244562625885,0.08292609453201294,0.0240885429084301,1670.753610108,38256,7392768,1.4512810707092285,0.9570181965827942,-0.1687195897102356,1.0,1747625788.9941459
24.375001907348633,0.6412760615348816,4820,36.673606872558594,4819,1.95244562625885,0.1024085283279419,0.02734375186264515,1673.093420516,38312,7403520,1.3660908937454224,0.9570181965827942,-0.15904566645622253,1.0,1747625791.3339956
25.55989646911621,0.6354166865348816,4847,36.673606872558594,4846,1.95244562625885,0.1064140722155571,0.02473958395421505,1682.11366824,38528,7444992,1.3413928747177124,0.9570181965827942,-0.1819271743297577,1.0,1747625800.3542218
25.68684959411621,0.6627604365348816,4875,36.79273223876953,4874,1.9484307765960693,0.11907000839710236,0.02343750186264515,1691.549991559,38752,7488000,1.3644740581512451,0.954239547252655,-0.23766165971755981,1.0,1747625809.790492
25.901042938232422,0.6764323115348816,4890,36.79273223876953,4889,1.9484307765960693,0.11686405539512634,0.02473958395421505,1696.563904503,38872,7511040,1.3655765056610107,0.954239547252655,-0.267429381608963,1.0,1747625814.8044941
25.23567771911621,0.6250000596046448,4894,36.79273223876953,4893,1.9484307765960693,0.11376427114009857,0.02343750186264515,1697.896049874,38904,7517184,1.3342481851577759,0.954239547252655,-0.24500328302383423,1.0,1747625816.1366017
26.375652313232422,0.6822916865348816,4934,36.79273223876953,4933,1.9484307765960693,0.12264382839202881,0.0221354179084301,1711.267916957,39224,7578624,1.3983978033065796,0.954239547252655,-0.27288001775741577,1.0,1747625829.5084052
25.598308563232422,0.6783854365348816,4949,36.79273223876953,4948,1.9484307765960693,0.09996846318244934,0.02473958395421505,1716.350775929,39344,7601664,1.3736028671264648,0.954239547252655,-0.2752501964569092,1.0,1747625834.5913029
26.05013084411621,0.7291666865348816,4953,36.79273223876953,4952,1.9484307765960693,0.1069336086511612,0.02473958395421505,1717.687284019,39376,7607808,1.4825000762939453,0.954239547252655,-0.2561759948730469,1.0,1747625835.9278255
23.973308563232422,0.6666666865348816,4956,36.79273223876953,4955,1.9484307765960693,0.0926266610622406,0.02343750186264515,1718.690303345,39400,7612416,1.35651695728302,0.954239547252655,-0.26754486560821533,1.0,1747625836.9308422
26.318361282348633,0.7220052480697632,4966,36.79273223876953,4965,1.9484307765960693,0.07718632370233536,0.02278645895421505,1722.035516147,39480,7627776,1.4638395309448242,0.954239547252655,-0.24479389190673828,1.0,1747625840.2760575
24.72786521911621,0.6555989980697632,4970,36.79273223876953,4969,1.9484307765960693,0.09597402811050415,0.02343750186264515,1723.363093263,39512,7633920,1.384260892868042,0.954239547252655,-0.23652596771717072,1.0,1747625841.6036687
27.09505271911621,0.6197916865348816,4975,36.79273223876953,4974,1.9484307765960693,0.09166919440031052,0.02083333395421505,1725.033367878,39552,7641600,1.3152832984924316,0.954239547252655,-0.23750433325767517,1.0,1747625843.2737398
24.49153709411621,0.7141927480697632,4976,36.79273223876953,4975,1.9484307765960693,0.09989064931869507,0.02669270895421505,1725.366890444,39560,7643136,1.4536947011947632,0.954239547252655,-0.24172088503837585,1.0,1747625843.607448
25.269533157348633,0.7233073115348816,4979,36.79273223876953,4978,1.9484307765960693,0.11015523225069046,0.02539062686264515,1726.370304822,39584,7647744,1.4786454439163208,0.954239547252655,-0.27359724044799805,1.0,1747625844.6108544
24.012371063232422,0.6790364980697632,5055,36.79273223876953,5054,1.9484307765960693,0.09066561609506607,0.0240885429084301,1751.784816627,40192,7764480,1.3717411756515503,0.954239547252655,-0.2561253309249878,1.0,1747625870.0253334
24.244142532348633,0.7161458730697632,5069,36.79273223876953,5068,1.9484307765960693,0.08779381215572357,0.0240885429084301,1756.465811908,40304,7785984,1.450333833694458,0.954239547252655,-0.27055853605270386,1.0,1747625874.7063038
24.94661521911621,0.7220052480697632,5106,36.79273223876953,5105,1.9484307765960693,0.09084051847457886,0.0260416679084301,1768.795765607,40600,7842816,1.482090711593628,0.954239547252655,-0.25237083435058594,1.0,1747625887.0363429
25.629558563232422,0.6308594346046448,5130,36.79273223876953,5129,1.9484307765960693,0.11334189772605896,0.0221354179084301,1776.787892936,40792,7879680,1.2964242696762085,0.954239547252655,-0.33219194412231445,1.0,1747625895.0284493
26.638673782348633,0.6757813096046448,5132,36.79273223876953,5131,1.9484307765960693,0.08482301235198975,0.02343750186264515,1777.452919185,40808,7882752,1.374695897102356,0.954239547252655,-0.3194279074668884,1.0,1747625895.6934302
25.529949188232422,0.7122396230697632,5152,36.79273223876953,5151,1.9484307765960693,0.09193587303161621,0.0240885429084301,1784.116143031,40968,7913472,1.4414104223251343,0.954239547252655,-0.2934781312942505,1.0,1747625902.35672
24.83138084411621,0.6855469346046448,5157,36.79273223876953,5156,1.9484307765960693,0.10471226274967194,0.02539062686264515,1785.793932674,41008,7921152,1.3974040746688843,0.954239547252655,-0.29354676604270935,1.0,1747625904.034363
26.250001907348633,0.6516927480697632,5242,36.25310516357422,5241,1.95529043674469,0.1018374115228653,0.02148437686264515,1814.19401769,41688,8051712,1.33932626247406,0.960758626461029,-0.42295318841934204,1.0,1747625932.4345849
24.76888084411621,0.6940104365348816,5244,36.25310516357422,5243,1.95529043674469,0.12662777304649353,0.02343750186264515,1814.860442561,41704,8054784,1.402734398841858,0.960758626461029,-0.4071577787399292,1.0,1747625933.1010265
25.40364646911621,0.6445313096046448,5252,36.25310516357422,5251,1.95529043674469,0.10531161725521088,0.02278645895421505,1817.529931328,41768,8067072,1.3423892259597778,0.960758626461029,-0.44483762979507446,1.0,1747625935.7705226
25.68489646911621,0.7558594346046448,5255,36.25310516357422,5254,1.95529043674469,0.11756385862827301,0.02539062686264515,1818.531281746,41792,8071680,1.5303630828857422,0.960758626461029,-0.429821252822876,1.0,1747625936.7718472
27.85091209411621,0.6725260615348816,5256,36.25310516357422,5255,1.95529043674469,0.09846081584692001,0.02148437686264515,1818.864049017,41800,8073216,1.3729146718978882,0.960758626461029,-0.4101187586784363,1.0,1747625937.1046317
27.57161521911621,0.5911458730697632,5265,36.25310516357422,5264,1.95529043674469,0.1202799454331398,0.02148437686264515,1821.861050934,41872,8087040,1.2648382186889648,0.960758626461029,-0.389557421207428,1.0,1747625940.101655
26.13997459411621,0.7239583730697632,5271,36.25310516357422,5270,1.95529043674469,0.12715712189674377,0.0221354179084301,1823.858782434,41920,8096256,1.4479167461395264,0.960758626461029,-0.36813095211982727,1.0,1747625942.0993376
25.776042938232422,0.6816406846046448,5272,36.25310516357422,5271,1.95529043674469,0.1087806224822998,0.02148437686264515,1824.191196693,41928,8097792,1.3632813692092896,0.960758626461029,-0.3793257474899292,1.0,1747625942.431796
26.96028709411621,0.6738281846046448,5289,36.25310516357422,5288,1.95529043674469,0.14183323085308075,0.02278645895421505,1829.856765699,42064,8123904,1.4300522804260254,0.960758626461029,-0.3771263062953949,1.0,1747625948.0973306
25.419923782348633,0.6230469346046448,5309,36.25310516357422,5308,1.95529043674469,0.09793049097061157,0.02278645895421505,1836.508035531,42224,8154624,1.316298246383667,0.960758626461029,-0.36786243319511414,1.0,1747625954.748727
24.67903709411621,0.6764323115348816,5317,36.25310516357422,5316,1.95529043674469,0.12331989407539368,0.02539062686264515,1839.17023777,42288,8166912,1.390214204788208,0.960758626461029,-0.36255693435668945,1.0,1747625957.410877
25.633464813232422,0.6888021230697632,5356,36.25310516357422,5355,1.95529043674469,0.08394471555948257,0.02278645895421505,1852.143753842,42600,8226816,1.3872267007827759,0.960758626461029,-0.30523309111595154,1.0,1747625970.3844335
26.552736282348633,0.7005208730697632,5371,36.25310516357422,5370,1.95529043674469,0.09391023218631744,0.02343750186264515,1857.127852807,42720,8249856,1.4091198444366455,0.960758626461029,-0.30560556054115295,1.0,1747625975.3685117
24.400392532348633,0.7024739980697632,5376,36.25310516357422,5375,1.95529043674469,0.1107204481959343,0.0260416679084301,1858.790152902,42760,8257536,1.4284422397613525,0.960758626461029,-0.29282838106155396,1.0,1747625977.030825
26.584636688232422,0.6920573115348816,5409,36.25310516357422,5408,1.95529043674469,0.09449199587106705,0.02343750186264515,1869.773855537,43024,8308224,1.4288984537124634,0.960758626461029,-0.2764982581138611,1.0,1747625988.0145116
26.88997459411621,0.7356771230697632,5422,36.25310516357422,5421,1.95529043674469,0.07541067898273468,0.02148437686264515,1874.104548578,43128,8328192,1.4713542461395264,0.960758626461029,-0.2671985626220703,1.0,1747625992.3451958
26.144533157348633,0.7272135615348816,5428,36.25310516357422,5427,1.95529043674469,0.09950420260429382,0.02148437686264515,1876.098869085,43176,8337408,1.4667351245880127,0.960758626461029,-0.29494231939315796,1.0,1747625994.3395405
25.973308563232422,0.7161458730697632,5451,36.25310516357422,5450,1.95529043674469,0.11341135948896408,0.02278645895421505,1883.744425863,43360,8372736,1.4322917461395264,0.960758626461029,-0.3277616500854492,1.0,1747626001.98504
26.539714813232422,0.7122396230697632,5453,36.25310516357422,5452,1.95529043674469,0.11579787731170654,0.02278645895421505,1884.410050264,43376,8375808,1.4516940116882324,0.960758626461029,-0.31029248237609863,1.0,1747626002.650754
24.66145896911621,0.6106771230697632,5467,36.25310516357422,5466,1.95529043674469,0.1192372739315033,0.02343750186264515,1889.070913878,43488,8397312,1.279227375984192,0.960758626461029,-0.34531015157699585,1.0,1747626007.3116126
26.03255271911621,0.7330729365348816,5526,33.24882125854492,5525,1.9795339107513428,0.08420160412788391,0.02473958395421505,1908.762299881,43960,8487936,1.4661458730697632,0.9817216992378235,-0.30972567200660706,1.0,1747626027.0029705
25.467449188232422,0.7513021230697632,5541,33.24882125854492,5540,1.9795339107513428,0.09109128266572952,0.0260416679084301,1913.752162822,44080,8510976,1.5026042461395264,0.9817216992378235,-0.29658299684524536,1.0,1747626031.9928222
26.802736282348633,0.6764323115348816,5551,33.24882125854492,5550,1.9795339107513428,0.09461468458175659,0.02148437686264515,1917.079667078,44160,8526336,1.3664201498031616,0.9817216992378235,-0.29209625720977783,1.0,1747626035.3202834
24.945964813232422,0.7161458730697632,5581,33.24882125854492,5580,1.9795339107513428,0.10141584277153015,0.0260416679084301,1927.056119994,44400,8572416,1.4615708589553833,0.9817216992378235,-0.33916741609573364,1.0,1747626045.2967525
24.511720657348633,0.7180989980697632,5587,33.24882125854492,5586,1.9795339107513428,0.08474205434322357,0.0260416679084301,1929.050549275,44448,8581632,1.4565105438232422,0.9817216992378235,-0.3087887465953827,1.0,1747626047.2912362
26.837892532348633,0.6861979365348816,5597,33.24882125854492,5596,1.9795339107513428,0.12054689973592758,0.0240885429084301,1932.373752106,44528,8596992,1.4009582996368408,0.9817216992378235,-0.33709415793418884,1.0,1747626050.6144404
25.488933563232422,0.7063802480697632,5599,33.24882125854492,5598,1.9795339107513428,0.09813526272773743,0.02343750186264515,1933.039066586,44544,8600064,1.4393736124038696,0.9817216992378235,-0.3531910181045532,1.0,1747626051.2797527
25.285158157348633,0.6946614980697632,5602,33.24882125854492,5601,1.9795339107513428,0.0745159238576889,0.02278645895421505,1934.036654,44568,8604672,1.409648060798645,0.9817216992378235,-0.3245137631893158,1.0,1747626052.2773092
28.58724021911621,0.6171875596046448,5606,33.24882125854492,5605,1.9795339107513428,0.11022312194108963,0.01953125186264515,1935.366362935,44600,8610816,1.2952380180358887,0.9817216992378235,-0.3287321925163269,1.0,1747626053.607036
24.729167938232422,0.6894531846046448,5621,33.24882125854492,5620,1.9795339107513428,0.0872306227684021,0.02669270895421505,1940.359802882,44720,8633856,1.4251377582550049,0.9817216992378235,-0.28718358278274536,1.0,1747626058.6005058
27.816408157348633,0.7044271230697632,5623,33.24882125854492,5622,1.9795339107513428,0.09087301045656204,0.0201822929084301,1941.024117938,44736,8636928,1.4088542461395264,0.9817216992378235,-0.27948471903800964,1.0,1747626059.2647705
25.481121063232422,0.6627604365348816,5624,33.24882125854492,5623,1.9795339107513428,0.1078977882862091,0.02278645895421505,1941.356421449,44744,8638464,1.3669933080673218,0.9817216992378235,-0.2901209890842438,1.0,1747626059.597109
25.93099021911621,0.7037760615348816,5638,33.24882125854492,5637,1.9795339107513428,0.12956072390079498,0.0240885429084301,1946.004381102,44856,8659968,1.4397319555282593,0.9817216992378235,-0.2519912123680115,1.0,1747626064.245082
25.912761688232422,0.6985677480697632,5640,33.24882125854492,5639,1.9795339107513428,0.10935219377279282,0.02343750186264515,1946.667174685,44872,8663040,1.4088542461395264,0.9817216992378235,-0.2540972828865051,1.0,1747626064.9078736
26.05989646911621,0.6855469346046448,5641,33.24882125854492,5640,1.9795339107513428,0.10990725457668304,0.0221354179084301,1946.999265448,44880,8664576,1.3936643600463867,0.9817216992378235,-0.25650453567504883,1.0,1747626065.2399886
25.852214813232422,0.7135416865348816,5647,33.24882125854492,5646,1.9795339107513428,0.12001563608646393,0.02343750186264515,1949.034158408,44928,8673792,1.4270833730697632,0.9817216992378235,-0.26237964630126953,1.0,1747626067.2366288
25.75130271911621,0.6367188096046448,5654,33.24882125854492,5653,1.9795339107513428,0.11323793232440948,0.02083333395421505,1951.360786805,44984,8684544,1.2734376192092896,0.9817216992378235,-0.32613176107406616,1.0,1747626069.6014533
25.299480438232422,0.7024739980697632,5660,33.24882125854492,5659,1.9795339107513428,0.10853581130504608,0.02473958395421505,1953.355062147,45032,8693760,1.4450383186340332,0.9817216992378235,-0.3242873549461365,1.0,1747626071.595731
25.945314407348633,0.6686198115348816,5685,33.24882125854492,5684,1.9795339107513428,0.10702237486839294,0.02278645895421505,1961.668973915,45232,8732160,1.3473178148269653,0.9817216992378235,-0.3140909671783447,1.0,1747626079.9094956
26.162111282348633,0.6236979365348816,5687,33.24882125854492,5686,1.9795339107513428,0.12680065631866455,0.02148437686264515,1962.336825882,45248,8735232,1.3160076141357422,0.9817216992378235,-0.3565604090690613,1.0,1747626080.577367
25.35481834411621,0.6217448115348816,5694,33.24882125854492,5693,1.9795339107513428,0.11237487941980362,0.0240885429084301,1964.66101711,45304,8745984,1.3079826831817627,0.9817216992378235,-0.33141112327575684,1.0,1747626082.9015455
24.463542938232422,0.6901041865348816,5698,33.24882125854492,5697,1.9795339107513428,0.11311350762844086,0.02473958395421505,1966.000307487,45336,8752128,1.3888342380523682,0.9817216992378235,-0.3136468529701233,1.0,1747626084.240762
26.464845657348633,0.6614583730697632,5741,33.24882125854492,5740,1.9795339107513428,0.1282162368297577,0.0221354179084301,1980.303592706,45680,8818176,1.3463250398635864,0.9817216992378235,-0.3140324354171753,1.0,1747626098.5442622
25.894533157348633,0.6302083730697632,5748,33.24882125854492,5747,1.9795339107513428,0.1035420149564743,0.02473958395421505,1982.634775111,45736,8828928,1.3226321935653687,0.9817216992378235,-0.26808229088783264,1.0,1747626100.87547
25.988933563232422,0.6464844346046448,5762,33.24882125854492,5761,1.9795339107513428,0.1506890058517456,0.0221354179084301,1987.299333441,45848,8850432,1.3103857040405273,0.9817216992378235,-0.2759317457675934,1.0,1747626105.5398643
25.07747459411621,0.6614583730697632,5780,33.24882125854492,5779,1.9795339107513428,0.11715574562549591,0.0240885429084301,1993.291023936,45992,8878080,1.3639323711395264,0.9817216992378235,-0.2641880512237549,1.0,1747626111.5315294
25.212892532348633,0.7519531846046448,5805,33.24882125854492,5804,1.9795339107513428,0.11717560887336731,0.02669270895421505,2001.607394895,46192,8916480,1.5039063692092896,0.9817216992378235,-0.2995997667312622,1.0,1747626119.8479521
25.525392532348633,0.6894531846046448,5811,33.24882125854492,5810,1.9795339107513428,0.09436178207397461,0.0240885429084301,2003.607558325,46240,8925696,1.4089884757995605,0.9817216992378235,-0.3011960983276367,1.0,1747626121.8480878
25.209636688232422,0.7122396230697632,5841,33.24882125854492,5840,1.9795339107513428,0.08256884664297104,0.0240885429084301,2013.60565073,46480,8971776,1.44420325756073,0.9817216992378235,-0.2748416066169739,1.0,1747626131.846167
24.84114646911621,0.6223958730697632,5854,35.308815002441406,5853,1.9458574056625366,0.09362463653087616,0.02278645895421505,2018.00713049,46584,8991744,1.3197996616363525,0.9518072605133057,-0.26190710067749023,1.0,1747626136.2476234
25.709636688232422,0.7109375596046448,5870,35.308815002441406,5869,1.9458574056625366,0.09759378433227539,0.02473958395421505,2023.337268127,46712,9016320,1.4218751192092896,0.9518072605133057,-0.2782525420188904,1.0,1747626141.577815
25.336589813232422,0.7239583730697632,5881,35.308815002441406,5880,1.9458574056625366,0.1074053943157196,0.02539062686264515,2026.996722812,46800,9033216,1.4843066930770874,0.9518072605133057,-0.3130495548248291,1.0,1747626145.2371943
25.80794334411621,0.6647135615348816,5886,35.308815002441406,5885,1.9458574056625366,0.08070695400238037,0.0240885429084301,2028.662157394,46840,9040896,1.3468084335327148,0.9518072605133057,-0.2961350679397583,1.0,1747626146.9025905
24.998048782348633,0.6425781846046448,5892,35.308815002441406,5891,1.9458574056625366,0.0802394449710846,0.0260416679084301,2030.661021329,46888,9050112,1.362130045890808,0.9518072605133057,-0.3109292984008789,1.0,1747626148.9015164
25.502605438232422,0.6790364980697632,5901,35.308815002441406,5900,1.9458574056625366,0.07580725848674774,0.02539062686264515,2033.659428274,46960,9063936,1.3891102075576782,0.9518072605133057,-0.3281184434890747,1.0,1747626151.8998773
25.914064407348633,0.7382813096046448,5925,35.308815002441406,5924,1.9458574056625366,0.09122669696807861,0.02539062686264515,2041.649849563,47152,9100800,1.4931594133377075,0.9518072605133057,-0.3124832510948181,1.0,1747626159.890389
25.158205032348633,0.7740885615348816,5947,35.308815002441406,5946,1.9458574056625366,0.1180286556482315,0.02473958395421505,2048.955009517,47328,9134592,1.5481771230697632,0.9518072605133057,-0.31680965423583984,1.0,1747626167.1955569
25.443361282348633,0.6835938096046448,5958,35.308815002441406,5957,1.9458574056625366,0.07859574258327484,0.0240885429084301,2052.610319873,47416,9151488,1.3856321573257446,0.9518072605133057,-0.3104546368122101,1.0,1747626170.8509839
25.099611282348633,0.7213541865348816,5960,35.308815002441406,5959,1.9458574056625366,0.09875375777482986,0.02473958395421505,2053.27639054,47432,9154560,1.4462970495224,0.9518072605133057,-0.33989980816841125,1.0,1747626171.5170329
26.871746063232422,0.7317708730697632,5985,35.308815002441406,5984,1.9458574056625366,0.0726420134305954,0.0240885429084301,2061.589335696,47632,9192960,1.466463327407837,0.9518072605133057,-0.3020741045475006,1.0,1747626179.8300295
25.36458396911621,0.7057291865348816,5992,35.308815002441406,5991,1.9458574056625366,0.08253620564937592,0.02473958395421505,2063.91757327,47688,9203712,1.4515480995178223,0.9518072605133057,-0.31776654720306396,1.0,1747626182.1582503
26.361980438232422,0.6640625596046448,6021,35.308815002441406,6020,1.9458574056625366,0.10543665289878845,0.0221354179084301,2073.559157876,47920,9248256,1.3598228693008423,0.9518072605133057,-0.27354180812835693,1.0,1747626191.799769
24.881511688232422,0.7063802480697632,6026,35.308815002441406,6025,1.9458574056625366,0.08854633569717407,0.02343750186264515,2075.215870656,47960,9255936,1.4344075918197632,0.9518072605133057,-0.2954624891281128,1.0,1747626193.45656
26.127605438232422,0.7128906846046448,6044,35.308815002441406,6043,1.9458574056625366,0.07841920107603073,0.0240885429084301,2081.209482122,48104,9283584,1.455291748046875,0.9518072605133057,-0.2789958715438843,1.0,1747626199.4501498
24.75911521911621,0.6842448115348816,6048,35.308815002441406,6047,1.9458574056625366,0.09398703277111053,0.02539062686264515,2082.539359953,48136,9289728,1.3834896087646484,0.9518072605133057,-0.2762760818004608,1.0,1747626200.7800438
27.35481834411621,0.6927083730697632,6051,35.308815002441406,6050,1.9458574056625366,0.09674829244613647,0.02278645895421505,2083.537725176,48160,9294336,1.421663522720337,0.9518072605133057,-0.2606083154678345,1.0,1747626201.778404
26.857423782348633,0.6803385615348816,6076,35.308815002441406,6075,1.9458574056625366,0.10565130412578583,0.02083333395421505,2091.852091346,48360,9332736,1.3782085180282593,0.9518072605133057,-0.23834244906902313,1.0,1747626210.092782
26.03645896911621,0.6373698115348816,6081,35.308815002441406,6080,1.9458574056625366,0.11547694355249405,0.02083333395421505,2093.526068233,48400,9340416,1.3237253427505493,0.9518072605133057,-0.25344154238700867,1.0,1747626211.7667403
25.70442771911621,0.6399739980697632,6084,35.308815002441406,6083,1.9458574056625366,0.09008421003818512,0.0221354179084301,2094.562585512,48424,9345024,1.33632493019104,0.9518072605133057,-0.2803746461868286,1.0,1747626212.8031178
27.645183563232422,0.6197916865348816,6086,35.308815002441406,6085,1.9458574056625366,0.09259571135044098,0.02148437686264515,2095.227624896,48440,9348096,1.3034824132919312,0.9518072605133057,-0.2940751314163208,1.0,1747626213.4682677
26.869142532348633,0.6497396230697632,6090,35.308815002441406,6089,1.9458574056625366,0.08903031051158905,0.0221354179084301,2096.558723215,48472,9354240,1.3422750234603882,0.9518072605133057,-0.28241944313049316,1.0,1747626214.799415
26.17317771911621,0.6354166865348816,6091,35.308815002441406,6090,1.9458574056625366,0.10240808129310608,0.02278645895421505,2096.892648347,48480,9355776,1.314376950263977,0.9518072605133057,-0.29567378759384155,1.0,1747626215.1333003
27.598308563232422,0.7083333730697632,6113,35.308815002441406,6112,1.9458574056625366,0.07481440156698227,0.02148437686264515,2104.21030555,48656,9389568,1.43666672706604,0.9518072605133057,-0.21333631873130798,1.0,1747626222.4509232
25.882814407348633,0.7662760615348816,6158,35.308815002441406,6157,1.9458574056625366,0.08299322426319122,0.02343750186264515,2119.169029534,49016,9458688,1.5359505414962769,0.9518072605133057,-0.22552406787872314,1.0,1747626237.409709
25.07161521911621,0.6569010615348816,6191,35.36647415161133,6190,1.9722880125045776,0.09254156053066254,0.0221354179084301,2130.213176037,49280,9509376,1.3455663919448853,0.9751434326171875,-0.2429833710193634,1.0,1747626248.4537997
24.699220657348633,0.7109375596046448,6192,35.36647415161133,6191,1.9722880125045776,0.06437772512435913,0.02473958395421505,2130.547307746,49288,9510912,1.4510267972946167,0.9751434326171875,-0.24199284613132477,1.0,1747626248.7880027
26.162111282348633,0.6523438096046448,6197,35.36647415161133,6196,1.9722880125045776,0.08461514115333557,0.02278645895421505,2132.211890141,49328,9518592,1.3257627487182617,0.9751434326171875,-0.23373834788799286,1.0,1747626250.4525228
25.753908157348633,0.7376302480697632,6198,35.36647415161133,6197,1.9722880125045776,0.07180283963680267,0.02539062686264515,2132.544559128,49336,9520128,1.4752604961395264,0.9751434326171875,-0.2368338704109192,1.0,1747626250.7852252
24.691408157348633,0.7259114980697632,6224,35.36647415161133,6223,1.9722880125045776,0.06529641896486282,0.02343750186264515,2141.186062013,49544,9560064,1.4605728387832642,0.9751434326171875,-0.28580421209335327,1.0,1747626259.4267457
24.783205032348633,0.6718750596046448,6230,35.36647415161133,6229,1.9722880125045776,0.07588909566402435,0.02539062686264515,2143.184309272,49592,9569280,1.3875603675842285,0.9751434326171875,-0.2623329758644104,1.0,1747626261.4249372
25.89388084411621,0.6451823115348816,6240,35.36647415161133,6239,1.9722880125045776,0.08588923513889313,0.02343750186264515,2146.51422056,49672,9584640,1.3435742855072021,0.9751434326171875,-0.2635405659675598,1.0,1747626264.754882
22.82161521911621,0.6497396230697632,6243,35.36647415161133,6242,1.9722880125045776,0.07144083082675934,0.02669270895421505,2147.512792259,49696,9589248,1.3671952486038208,0.9751434326171875,-0.2783184051513672,1.0,1747626265.7534509
24.375652313232422,0.7102864980697632,6262,35.36647415161133,6261,1.9722880125045776,0.08869270980358124,0.02539062686264515,2153.840867286,49848,9618432,1.4544528722763062,0.9751434326171875,-0.32150253653526306,1.0,1747626272.0814583
24.05599021911621,0.6699219346046448,6284,35.36647415161133,6283,1.9722880125045776,0.0867781788110733,0.0279947929084301,2161.170874754,50024,9652224,1.3981178998947144,0.9751434326171875,-0.4087488055229187,1.0,1747626279.411515
24.89778709411621,0.7408854365348816,6285,35.36647415161133,6284,1.9722880125045776,0.09993433952331543,0.0260416679084301,2161.503852068,50032,9653760,1.486718773841858,0.9751434326171875,-0.3849669098854065,1.0,1747626279.744536
24.164064407348633,0.7265625596046448,6302,35.36647415161133,6301,1.9722880125045776,0.06287940591573715,0.0260416679084301,2167.168102459,50168,9679872,1.4660385847091675,0.9751434326171875,-0.3596547842025757,1.0,1747626285.4088163
24.656902313232422,0.5572916865348816,6323,35.36647415161133,6322,1.9722880125045776,0.07669360190629959,0.02343750186264515,2174.150531838,50336,9712128,1.1958562135696411,0.9751434326171875,-0.32213079929351807,1.0,1747626292.3912058
23.93099021911621,0.6875000596046448,6337,35.36647415161133,6336,1.9722880125045776,0.07891730964183807,0.02539062686264515,2178.810751074,50448,9733632,1.432510495185852,0.9751434326171875,-0.3146251440048218,1.0,1747626297.0513957
24.876955032348633,0.7447916865348816,6344,35.36647415161133,6343,1.9722880125045776,0.07226976007223129,0.0260416679084301,2181.146692901,50504,9744384,1.5066828727722168,0.9751434326171875,-0.3090060353279114,1.0,1747626299.3873246
25.69856834411621,0.6777344346046448,6345,35.36647415161133,6344,1.9722880125045776,0.07684589922428131,0.02539062686264515,2181.479472535,50512,9745920,1.3969677686691284,0.9751434326171875,-0.3084210753440857,1.0,1747626299.7201462
25.16927146911621,0.7226563096046448,6346,35.36647415161133,6345,1.9722880125045776,0.0909842848777771,0.02539062686264515,2181.812387994,50520,9747456,1.4623407125473022,0.9751434326171875,-0.3334365487098694,1.0,1747626300.0529642
23.81966209411621,0.6796875596046448,6365,35.36647415161133,6364,1.9722880125045776,0.08533244580030441,0.02734375186264515,2188.122717032,50672,9776640,1.4134020805358887,0.9751434326171875,-0.3222848176956177,1.0,1747626306.363383
24.710939407348633,0.7239583730697632,6375,35.36647415161133,6374,1.9722880125045776,0.0714520737528801,0.0240885429084301,2191.445872504,50752,9792000,1.4479167461395264,0.9751434326171875,-0.3205581605434418,1.0,1747626309.6865525
24.533205032348633,0.7395833730697632,6387,35.36647415161133,6386,1.9722880125045776,0.07658424973487854,0.0260416679084301,2195.442194989,50848,9810432,1.49665105342865,0.9751434326171875,-0.29270440340042114,1.0,1747626313.6828353
26.69856834411621,0.5963541865348816,6405,35.36647415161133,6404,1.9722880125045776,0.07201787084341049,0.0240885429084301,2201.420634831,50992,9838080,1.3098664283752441,0.9751434326171875,-0.2701473534107208,1.0,1747626319.661175
26.012371063232422,0.6178385615348816,6414,35.36647415161133,6413,1.9722880125045776,0.06420159339904785,0.02278645895421505,2204.402291233,51064,9851904,1.3097079992294312,0.9751434326171875,-0.272238165140152,1.0,1747626322.642983
24.92122459411621,0.7128906846046448,6419,35.36647415161133,6418,1.9722880125045776,0.06983616948127747,0.0240885429084301,2206.07725532,51104,9859584,1.4471418857574463,0.9751434326171875,-0.2772671580314636,1.0,1747626324.3178954
23.97200584411621,0.6627604365348816,6420,35.36647415161133,6419,1.9722880125045776,0.06552828848361969,0.02539062686264515,2206.410217517,51112,9861120,1.3721143007278442,0.9751434326171875,-0.27680253982543945,1.0,1747626324.650882
25.065105438232422,0.6523438096046448,6426,35.36647415161133,6425,1.9722880125045776,0.07741899788379669,0.0221354179084301,2208.407230651,51160,9870336,1.3377715349197388,0.9751434326171875,-0.303071528673172,1.0,1747626326.647878
25.631511688232422,0.7031250596046448,6438,35.36647415161133,6437,1.9722880125045776,0.0998886376619339,0.02343750186264515,2212.377839869,51256,9888768,1.423337697982788,0.9751434326171875,-0.3120086193084717,1.0,1747626330.6185575
25.957033157348633,0.7350260615348816,6442,35.36647415161133,6441,1.9722880125045776,0.09599709510803223,0.02473958395421505,2213.707400125,51288,9894912,1.4908649921417236,0.9751434326171875,-0.29420650005340576,1.0,1747626331.9480608
23.574220657348633,0.7350260615348816,6447,35.36647415161133,6446,1.9722880125045776,0.11181318759918213,0.02864583395421505,2215.36392342,51328,9902592,1.510056972503662,0.9751434326171875,-0.282107949256897,1.0,1747626333.6045804
25.275392532348633,0.6868489980697632,6451,35.36647415161133,6450,1.9722880125045776,0.09349096566438675,0.0240885429084301,2216.695196848,51360,9908736,1.4019323587417603,0.9751434326171875,-0.29321974515914917,1.0,1747626334.9358735
25.095705032348633,0.7343750596046448,6480,35.36647415161133,6479,1.9722880125045776,0.0978824570775032,0.0221354179084301,2226.34740441,51592,9953280,1.4687501192092896,0.9751434326171875,-0.3290400505065918,1.0,1747626344.5880423
25.729167938232422,0.6458333730697632,6483,35.36647415161133,6482,1.9722880125045776,0.06952497363090515,0.0240885429084301,2227.345662922,51616,9957888,1.34811532497406,0.9751434326171875,-0.3200209140777588,1.0,1747626345.5862794
25.05013084411621,0.7552083730697632,6497,35.36647415161133,6496,1.9722880125045776,0.08645853400230408,0.02539062686264515,2231.990512934,51728,9979392,1.5174576044082642,0.9751434326171875,-0.33169835805892944,1.0,1747626350.2312036
