returned_won_episode,returned_episode_lengths,update_steps,test_returned_episode_returns,_step,loss,returned_episode,qvals,test_returned_episode_lengths,_runtime,grad_steps,test_returned_won_episode,returned_episode_returns,env_step,test_returned_episode,_timestamp
0.0,28.47135353088379,19,1.837548552430235e-05,18,0.0,0.01888020895421505,0.0,9.589580535888672,46.274672945,0,0.0,0.16113367676734924,29184,1.0,1746473593.2172108
0.0,27.46028709411621,21,1.837548552430235e-05,20,0.0,0.02018229104578495,0.0,9.589580535888672,46.384927975,0,0.0,0.1414765566587448,32256,1.0,1746473593.3274527
0.0,26.44270896911621,36,1.837548552430235e-05,35,0.009127043187618256,0.02083333395421505,-0.05653322860598564,9.589580535888672,48.407980032,40,0.0,0.127980038523674,55296,1.0,1746473595.350467
0.0,27.54427146911621,73,1.837548552430235e-05,72,0.011294413357973099,0.02018229104578495,1.0017646551132202,9.589580535888672,59.283203476,336,0.0,0.16427169740200043,112128,1.0,1746473606.225721
0.0,27.92513084411621,83,1.837548552430235e-05,82,0.010924444533884525,0.01888020895421505,0.9984163045883179,9.589580535888672,62.229787087,416,0.0,0.15414929389953613,127488,1.0,1746473609.1723058
0.0,27.75911521911621,112,1.837548552430235e-05,111,0.021890364587306976,0.01822916604578495,1.032543420791626,9.589580535888672,70.763442524,648,0.0,0.16649998724460602,172032,1.0,1746473617.705944
0.0,28.63150978088379,145,1.837548552430235e-05,144,0.018246781080961227,0.01953125,1.0080504417419434,9.589580535888672,80.47122767,912,0.0,0.2104826271533966,222720,1.0,1746473627.4137254
0.0,30.15364646911621,208,1.837548552430235e-05,207,0.032610706984996796,0.014973958022892475,0.8424352407455444,9.589580535888672,99.005595521,1416,0.0,0.1862768977880478,319488,1.0,1746473645.9480727
0.0,30.8828125,267,1.837548552430235e-05,266,0.0853574126958847,0.015625,0.5892013311386108,9.589580535888672,116.353637516,1888,0.0,0.2014886885881424,410112,1.0,1746473663.296121
0.0,26.62239646911621,272,1.837548552430235e-05,271,0.21347768604755402,0.021484375,0.5525194406509399,9.589580535888672,117.826178932,1928,0.0,0.13844530284404755,417792,1.0,1746473664.7686858
0.0,28.65755271911621,279,1.837548552430235e-05,278,0.06045781448483467,0.015625,0.49335935711860657,9.589580535888672,119.884767913,1984,0.0,0.19740450382232666,428544,1.0,1746473666.8272834
0.0,28.19466209411621,296,1.837548552430235e-05,295,0.09999190270900726,0.02018229104578495,0.39314377307891846,9.589580535888672,124.882885142,2120,0.0,0.17887412011623383,454656,1.0,1746473671.825405
0.0,30.59830665588379,351,0.08540263026952744,350,0.14995378255844116,0.01627604104578495,0.3396848440170288,44.12992477416992,141.122189294,2560,0.0,0.156279519200325,539136,1.0,1746473688.0646865
0.0,22.88932228088379,376,0.08540263026952744,375,0.3213058114051819,0.02994791604578495,0.26551803946495056,44.12992477416992,148.471072426,2760,0.0,0.08275087922811508,577536,1.0,1746473695.413597
0.0,30.80338478088379,379,0.08540263026952744,378,0.19240981340408325,0.015625,0.250101774930954,44.12992477416992,149.352294237,2784,0.0,0.13477344810962677,582144,1.0,1746473696.2948074
0.0,30.9375,382,0.08540263026952744,381,0.16793644428253174,0.015625,0.17926207184791565,44.12992477416992,150.233597311,2808,0.0,0.14320310950279236,586752,1.0,1746473697.1761117
0.0,27.85546875,391,0.08540263026952744,390,0.1174183338880539,0.02018229104578495,0.1807968020439148,44.12992477416992,152.887903736,2880,0.0,0.11802690476179123,600576,1.0,1746473699.8304036
0.0,31.68099021911621,398,0.08540263026952744,397,0.14424443244934082,0.014973958022892475,0.16662944853305817,44.12992477416992,154.944646569,2936,0.0,0.151542529463768,611328,1.0,1746473701.8871434
0.0,30.27994728088379,405,0.08540263026952744,404,0.18170326948165894,0.014322916977107525,0.17584854364395142,44.12992477416992,157.003590611,2992,0.0,0.15824563801288605,622080,1.0,1746473703.946091
0.0,29.20052146911621,426,0.08540263026952744,425,0.15057317912578583,0.01627604104578495,0.18069617450237274,44.12992477416992,163.252554992,3160,0.0,0.13540537655353546,654336,1.0,1746473710.1950576
0.0,31.30729103088379,432,0.08540263026952744,431,0.13367807865142822,0.015625,0.20019644498825073,44.12992477416992,165.016096056,3208,0.0,0.16917620599269867,663552,1.0,1746473711.9586039
0.0,30.94791603088379,445,0.08540263026952744,444,0.1641601026058197,0.014973958022892475,0.09322163462638855,44.12992477416992,168.837979406,3312,0.0,0.15410415828227997,683520,1.0,1746473715.7804923
0.0,31.05599021911621,447,0.08540263026952744,446,0.13781961798667908,0.015625,0.09300176054239273,44.12992477416992,169.42557215,3328,0.0,0.16933853924274445,686592,1.0,1746473716.3680909
0.0,29.10221290588379,450,0.08540263026952744,449,0.16194340586662292,0.017578125,0.11140575259923935,44.12992477416992,170.313541448,3352,0.0,0.15590626001358032,691200,1.0,1746473717.2560117
0.0,31.78580665588379,457,0.08540263026952744,456,0.10444661229848862,0.015625,0.08549287915229797,44.12992477416992,172.370344956,3408,0.0,0.16930468380451202,701952,1.0,1746473719.312835
0.0,30.85546875,470,0.08540263026952744,469,0.17828893661499023,0.013671875,0.06049320846796036,44.12992477416992,176.191695298,3512,0.0,0.176820307970047,721920,1.0,1746473723.134209
0.0,29.44921875,480,0.08540263026952744,479,0.19423547387123108,0.01627604104578495,0.06012117117643356,44.12992477416992,179.129452861,3592,0.0,0.12791234254837036,737280,1.0,1746473726.0719464
0.0,30.40625,484,0.08540263026952744,483,0.12599119544029236,0.013671875,0.012668549083173275,44.12992477416992,180.309039414,3624,0.0,0.15686890482902527,743424,1.0,1746473727.2515328
0.0,29.48958396911621,493,0.08540263026952744,492,0.19004400074481964,0.017578125,-0.07822848856449127,44.12992477416992,182.955767332,3696,0.0,0.16792793571949005,757248,1.0,1746473729.8982666
0.0,32.34114456176758,502,0.08540263026952744,501,0.15389308333396912,0.01171875,-0.03670641779899597,44.12992477416992,185.601509256,3768,0.0,0.1635720282793045,771072,1.0,1746473732.5439928
0.0,31.24088478088379,539,0.08540263026952744,538,0.09407611936330795,0.013671875,0.0057013691402971745,44.12992477416992,196.481976483,4064,0.0,0.1378767192363739,827904,1.0,1746473743.4244852
0.0,30.55599021911621,547,0.08540263026952744,546,0.11221010982990265,0.013671875,0.04218821972608566,44.12992477416992,198.833793793,4128,0.0,0.1084357500076294,840192,1.0,1746473745.7763329
0.0,31.640625,551,0.08540263026952744,550,0.08822931349277496,0.013671875,0.0431753545999527,44.12992477416992,200.008788962,4160,0.0,0.1470460146665573,846336,1.0,1746473746.9513023
0.0,30.5390625,586,0.08540263026952744,585,0.06762884557247162,0.012369791977107525,0.040421999990940094,44.12992477416992,210.295558942,4440,0.0,0.16347135603427887,900096,1.0,1746473757.2380295
0.0,30.0546875,604,0.08540263026952744,603,0.08274726569652557,0.01171875,0.014287976548075676,44.12992477416992,215.591146383,4584,0.0,0.1739886850118637,927744,1.0,1746473762.5335386
0.0,32.15234375,610,0.08540263026952744,609,0.06657059490680695,0.013020833022892475,0.07568483799695969,44.12992477416992,217.354248669,4632,0.0,0.15382203459739685,936960,1.0,1746473764.29676
0.0,30.21224021911621,612,0.08540263026952744,611,0.07025546580553055,0.011067708022892475,0.0886591225862503,44.12992477416992,217.942058894,4648,0.0,0.13168488442897797,940032,1.0,1746473764.8845742
0.0,30.50260353088379,613,0.08540263026952744,612,0.0780760645866394,0.011067708022892475,0.0741143599152565,44.12992477416992,218.235884732,4656,0.0,0.12127777189016342,941568,1.0,1746473765.1784186
0.0,29.60416603088379,637,0.08540263026952744,636,0.07545654475688934,0.013671875,0.08165298402309418,44.12992477416992,225.286311949,4848,0.0,0.1004565879702568,978432,1.0,1746473772.2288263
0.0,26.0,657,0.3056221604347229,656,0.084442138671875,0.0234375,0.10921503603458405,57.18490219116211,231.233698998,5008,0.0,0.18365798890590668,1009152,1.0,1746473778.1762216
0.0,30.92447853088379,667,0.3056221604347229,666,0.06239468976855278,0.013671875,0.1095215231180191,57.18490219116211,234.171551871,5088,0.0,0.15260416269302368,1024512,1.0,1746473781.114052
0.0,29.60286521911621,688,0.3056221604347229,687,0.10417124629020691,0.015625,0.05824807658791542,57.18490219116211,240.344582714,5256,0.0,0.20684374868869781,1056768,1.0,1746473787.287102
0.0,31.4609375,695,0.3056221604347229,694,0.1642260104417801,0.01171875,0.13422811031341553,57.18490219116211,242.403197214,5312,0.0,0.13014669716358185,1067520,1.0,1746473789.345726
0.0,32.13932418823242,699,0.3056221604347229,698,0.06954897940158844,0.012369791977107525,0.21409809589385986,57.18490219116211,243.578707436,5344,0.0,0.2081579715013504,1073664,1.0,1746473790.5211482
0.0,31.93619728088379,705,0.3056221604347229,704,0.0786747932434082,0.014322916977107525,0.26681220531463623,57.18490219116211,245.344013836,5392,0.0,0.23159199953079224,1082880,1.0,1746473792.286492
0.0,31.71875,713,0.3056221604347229,712,0.08468223363161087,0.014973958022892475,0.30211228132247925,57.18490219116211,247.694443735,5456,0.0,0.21910327672958374,1095168,1.0,1746473794.636956
0.0,31.30599021911621,720,0.3056221604347229,719,0.0608074888586998,0.015625,0.30582186579704285,57.18490219116211,249.750974156,5512,0.0,0.2374965101480484,1105920,1.0,1746473796.6935132
0.0,32.04817581176758,727,0.3056221604347229,726,0.07114046066999435,0.013020833022892475,0.2749602198600769,57.18490219116211,251.811620615,5568,0.0,0.20213192701339722,1116672,1.0,1746473798.754125
0.0,31.953125,730,0.3056221604347229,729,0.08632044494152069,0.012369791977107525,0.27448469400405884,57.18490219116211,252.692579529,5592,0.0,0.2011840045452118,1121280,1.0,1746473799.63508
0.0,31.84635353088379,738,0.3056221604347229,737,0.07317233085632324,0.015625,0.20865312218666077,57.18490219116211,255.043575848,5656,0.0,0.22414928674697876,1133568,1.0,1746473801.9860878
0.0,31.62630271911621,747,0.3056221604347229,746,0.11166773736476898,0.015625,0.16955223679542542,57.18490219116211,257.68878754,5728,0.0,0.18107376992702484,1147392,1.0,1746473804.6313126
0.0,31.85286521911621,787,0.3056221604347229,786,0.10624197125434875,0.015625,0.18379294872283936,57.18490219116211,269.443949807,6048,0.0,0.24161283671855927,1208832,1.0,1746473816.3864677
0.0,31.63541603088379,799,0.3056221604347229,798,0.05927720293402672,0.015625,0.18711228668689728,57.18490219116211,272.970109122,6144,0.0,0.24886369705200195,1227264,1.0,1746473819.9126117
0.0,31.71224021911621,820,0.3056221604347229,819,0.05787243694067001,0.01171875,0.1758555769920349,57.18490219116211,279.140589939,6312,0.0,0.2107057124376297,1259520,1.0,1746473826.0831103
0.0,31.28515625,830,0.3056221604347229,829,0.10596935451030731,0.013671875,0.1304122507572174,57.18490219116211,282.083695375,6392,0.0,0.2384374737739563,1274880,1.0,1746473829.0261767
0.0,32.10416793823242,849,0.3056221604347229,848,0.04987454414367676,0.013671875,0.08955276012420654,57.18490219116211,287.666240709,6544,0.0,0.2351553738117218,1304064,1.0,1746473834.6087482
0.0,30.98958396911621,885,0.3056221604347229,884,0.0333816260099411,0.013020833022892475,-0.030229205265641212,57.18490219116211,298.296147767,6832,0.0,0.2362256646156311,1359360,1.0,1746473845.2386665
0.0,29.66275978088379,905,0.3056221604347229,904,0.023259712383151054,0.009765625,-0.030085472390055656,57.18490219116211,304.174137407,6992,0.0,0.21000345051288605,1390080,1.0,1746473851.1166682
0.0,30.03775978088379,923,0.3056221604347229,922,0.024171870201826096,0.010416666977107525,-0.0047944169491529465,57.18490219116211,309.461037216,7136,0.0,0.24065881967544556,1417728,1.0,1746473856.4035566
0.0,30.046875,929,0.3056221604347229,928,0.0218806229531765,0.010416666977107525,-0.0096884211525321,57.18490219116211,311.227003983,7184,0.0,0.23992793262004852,1426944,1.0,1746473858.169521
0.0,27.13150978088379,961,0.3056221604347229,960,0.018479816615581512,0.008463541977107525,-0.051102206110954285,57.18490219116211,320.637475293,7440,0.0,0.1933758407831192,1476096,1.0,1746473867.5799968
0.0,29.328125,967,0.3056221604347229,966,0.0201711468398571,0.008463541977107525,-0.053649552166461945,57.18490219116211,322.398728134,7488,0.0,0.22542445361614227,1485312,1.0,1746473869.341274
0.0,28.81380271911621,971,0.3056221604347229,970,0.018825285136699677,0.009114583022892475,-0.052906669676303864,57.18490219116211,323.572927871,7520,0.0,0.22054511308670044,1491456,1.0,1746473870.5154653
0.0,29.77994728088379,972,0.3056221604347229,971,0.017744779586791992,0.009114583022892475,-0.04154805466532707,57.18490219116211,323.866902169,7528,0.0,0.25527340173721313,1492992,1.0,1746473870.8094096
0.0,29.36458396911621,977,0.5606260895729065,976,0.01828438974916935,0.01171875,-0.052524928003549576,65.97030639648438,325.399045778,7568,0.0,0.2570529282093048,1500672,0.9999999403953552,1746473872.3415399
0.0,28.61979103088379,997,0.5606260895729065,996,0.016497356817126274,0.01171875,-0.03171194717288017,65.97030639648438,331.278564667,7728,0.0,0.24826733767986298,1531392,0.9999999403953552,1746473878.2210734
0.0,30.21354103088379,1013,0.5606260895729065,1012,0.017243821173906326,0.010416666977107525,-0.0373859740793705,65.97030639648438,335.98075018,7856,0.0,0.24586279690265656,1555968,0.9999999403953552,1746473882.92326
0.0,29.61458396911621,1036,0.5606260895729065,1035,0.013883285224437714,0.008463541977107525,-0.024555733427405357,65.97030639648438,342.736518802,8040,0.0,0.2413880079984665,1591296,0.9999999403953552,1746473889.6790285
0.0,30.46484375,1038,0.5606260895729065,1037,0.014647267758846283,0.011067708022892475,-0.01747983694076538,65.97030639648438,343.324144926,8056,0.0,0.2708932161331177,1594368,0.9999999403953552,1746473890.2666337
0.0,28.42838478088379,1042,0.5606260895729065,1041,0.014367171563208103,0.011067708022892475,-0.022856075316667557,65.97030639648438,344.499438832,8088,0.0,0.23682290315628052,1600512,0.9999999403953552,1746473891.441948
0.0,30.29557228088379,1052,0.5606260895729065,1051,0.017219960689544678,0.013671875,-0.018179185688495636,65.97030639648438,347.438280754,8168,0.0,0.27208763360977173,1615872,0.9999999403953552,1746473894.380797
0.0,29.56770896911621,1057,0.5606260895729065,1056,0.056485310196876526,0.008463541977107525,0.005204394459724426,65.97030639648438,348.906774853,8208,0.0,0.2577968239784241,1623552,0.9999999403953552,1746473895.8493001
0.0,28.49609375,1059,0.5606260895729065,1058,0.026913436129689217,0.013671875,0.035697679966688156,65.97030639648438,349.494084329,8224,0.0,0.2583584785461426,1626624,0.9999999403953552,1746473896.4365976
0.0,30.16927146911621,1078,0.5606260895729065,1077,0.011697813868522644,0.010416666977107525,0.026528915390372276,65.97030639648438,355.080174023,8376,0.0,0.2872013449668884,1655808,0.9999999403953552,1746473902.0226805
0.0,29.73958396911621,1080,0.5606260895729065,1079,0.012964289635419846,0.009114583022892475,0.02423434518277645,65.97030639648438,355.667447951,8392,0.0,0.26261889934539795,1658880,0.9999999403953552,1746473902.609973
0.0,31.1796875,1128,0.5606260895729065,1127,0.015372802503407001,0.010416666977107525,-0.07051469385623932,65.97030639648438,369.783433249,8776,0.0,0.2589452564716339,1732608,0.9999999403953552,1746473916.7259498
0.0,30.30989646911621,1150,0.5606260895729065,1149,0.012185005471110344,0.009765625,-0.047259487211704254,65.97030639648438,376.251646141,8952,0.0,0.2962473928928375,1766400,0.9999999403953552,1746473923.194122
0.0,28.81900978088379,1156,0.5606260895729065,1155,0.011021455749869347,0.009114583022892475,-0.04902064800262451,65.97030639648438,378.014768182,9000,0.0,0.24782371520996094,1775616,0.9999999403953552,1746473924.9572692
0.0,32.0234375,1169,0.5606260895729065,1168,0.01139046810567379,0.009114583022892475,-0.04524172842502594,65.97030639648438,381.837719303,9104,0.0,0.32394179701805115,1795584,0.9999999403953552,1746473928.7802248
0.0,30.94270896911621,1210,0.5606260895729065,1209,0.011072937399148941,0.010416666977107525,-0.06352148950099945,65.97030639648438,393.884602181,9432,0.0,0.3057768642902374,1858560,0.9999999403953552,1746473940.8271232
0.0,30.25650978088379,1212,0.5606260895729065,1211,0.014733864925801754,0.008463541977107525,-0.06339029222726822,65.97030639648438,394.471999593,9448,0.0,0.29118919372558594,1861632,0.9999999403953552,1746473941.4145238
0.0,31.90755271911621,1220,0.5606260895729065,1219,0.01221543364226818,0.0078125,-0.09340880811214447,65.97030639648438,396.822417273,9512,0.0,0.3070841431617737,1873920,0.9999999403953552,1746473943.7649276
0.0,29.8046875,1231,0.5606260895729065,1230,0.024844473227858543,0.009114583022892475,-0.11033888161182404,65.97030639648438,400.052460282,9600,0.0,0.27866750955581665,1890816,0.9999999403953552,1746473946.994975
0.0,31.49349021911621,1241,0.5606260895729065,1240,0.01083069946616888,0.009114583022892475,-0.1308949738740921,65.97030639648438,402.99714344,9680,0.0,0.2979956269264221,1906176,0.9999999403953552,1746473949.9396508
0.0,30.61979103088379,1244,0.5606260895729065,1243,0.01674794964492321,0.009114583022892475,-0.15363940596580505,65.97030639648438,403.877920424,9704,0.0,0.3036709725856781,1910784,0.9999999403953552,1746473950.820449
0.02604166604578495,29.30078125,1253,0.5606260895729065,1252,0.013880210928618908,0.0078125,-0.12515190243721008,65.97030639648438,406.52253941,9776,0.0,0.3130068778991699,1924608,0.9999999403953552,1746473953.4650393
0.02278645895421505,30.27994728088379,1266,0.5606260895729065,1265,0.012665549293160439,0.0078125,-0.1375350058078766,65.97030639648438,410.345569971,9880,0.0,0.32863709330558777,1944576,0.9999999403953552,1746473957.2880645
0.0,29.3359375,1281,0.5606260895729065,1280,0.01041446253657341,0.0078125,-0.11993996053934097,65.97030639648438,414.752170904,10000,0.0,0.2783888578414917,1967616,0.9999999403953552,1746473961.694697
0.0,31.06510353088379,1288,0.5606260895729065,1287,0.014746434055268764,0.0078125,-0.1266673505306244,65.97030639648438,416.808501635,10056,0.0,0.31611454486846924,1978368,0.9999999403953552,1746473963.7510126
0.0,29.31119728088379,1298,0.5606260895729065,1297,0.020643722265958786,0.0078125,-0.11891554296016693,65.97030639648438,419.766593445,10136,0.0,0.2792316973209381,1993728,0.9999999403953552,1746473966.709122
0.0,30.96614646911621,1314,0.7381668090820312,1313,0.01806255616247654,0.009114583022892475,-0.09091871976852417,73.47810363769531,424.531685512,10264,0.024518389254808426,0.2963593304157257,2018304,1.0,1746473971.47419
0.021484375,29.82291603088379,1349,0.7381668090820312,1348,0.03806775063276291,0.0078125,-0.1987086981534958,73.47810363769531,434.81777588,10544,0.024518389254808426,0.30575862526893616,2072064,1.0,1746473981.7603014
0.0787760391831398,25.49088478088379,1360,0.7381668090820312,1359,0.03034089505672455,0.008463541977107525,-0.19447308778762817,73.47810363769531,438.051093936,10632,0.024518389254808426,0.320353239774704,2088960,1.0,1746473984.9935787
0.078125,26.55859375,1370,0.7381668090820312,1369,0.02125944383442402,0.0078125,-0.1979815512895584,73.47810363769531,440.994534556,10712,0.024518389254808426,0.33592700958251953,2104320,1.0,1746473987.937041
0.02278645895421505,30.42057228088379,1377,0.7381668090820312,1376,0.016869593411684036,0.0078125,-0.1810203194618225,73.47810363769531,443.051001705,10768,0.024518389254808426,0.3337751030921936,2115072,1.0,1746473989.9935098
0.01822916604578495,25.90885353088379,1379,0.7381668090820312,1378,0.03412744402885437,0.008463541977107525,-0.17630508542060852,73.47810363769531,443.638647455,10784,0.024518389254808426,0.2622716724872589,2118144,1.0,1746473990.5811627
0.076171875,28.23958396911621,1381,0.7381668090820312,1380,0.02188004180788994,0.008463541977107525,-0.17126384377479553,73.47810363769531,444.226259102,10800,0.024518389254808426,0.3648228645324707,2121216,1.0,1746473991.1687758
0.0234375,28.85807228088379,1389,0.7381668090820312,1388,0.03358963131904602,0.0078125,-0.20785638689994812,73.47810363769531,446.575218267,10864,0.024518389254808426,0.3191457688808441,2133504,1.0,1746473993.5177326
0.0,28.45052146911621,1395,0.7381668090820312,1394,0.06015699356794357,0.0078125,-0.25367477536201477,73.47810363769531,448.337707613,10912,0.024518389254808426,0.2700337767601013,2142720,1.0,1746473995.280231
0.0,31.28775978088379,1398,0.7381668090820312,1397,0.03579220548272133,0.010416666977107525,-0.26764899492263794,73.47810363769531,449.219044404,10936,0.024518389254808426,0.2958957552909851,2147328,1.0,1746473996.161554
0.0,31.02864646911621,1402,0.7381668090820312,1401,0.03576899692416191,0.008463541977107525,-0.33905738592147827,73.47810363769531,450.397759804,10968,0.024518389254808426,0.28589317202568054,2153472,1.0,1746473997.3402631
0.0729166641831398,29.32421875,1406,0.7381668090820312,1405,0.023855675011873245,0.0078125,-0.36448854207992554,73.47810363769531,451.574586737,11000,0.024518389254808426,0.35295653343200684,2159616,1.0,1746473998.5170815
0.0,31.0703125,1424,0.7381668090820312,1423,0.09234175831079483,0.011067708022892475,-0.2791076898574829,73.47810363769531,456.866145442,11144,0.024518389254808426,0.2671101987361908,2187264,1.0,1746474003.808615
0.02278645895421505,29.47786521911621,1433,0.7381668090820312,1432,0.04778600111603737,0.0078125,-0.3008447289466858,73.47810363769531,459.510227173,11216,0.024518389254808426,0.3100997507572174,2201088,1.0,1746474006.4527302
0.048828125,27.02864646911621,1443,0.7381668090820312,1442,0.03170693665742874,0.0078125,-0.3140771687030792,73.47810363769531,462.448080617,11296,0.024518389254808426,0.3145259916782379,2216448,1.0,1746474009.3905919
0.0514322929084301,29.9453125,1456,0.7381668090820312,1455,0.03639574348926544,0.0078125,-0.3060820400714874,73.47810363769531,466.267935029,11400,0.024518389254808426,0.34999820590019226,2236416,1.0,1746474013.2104523
0.0,29.6484375,1481,0.7381668090820312,1480,0.0259779691696167,0.0078125,-0.2689974904060364,73.47810363769531,473.614418209,11600,0.024518389254808426,0.2900702655315399,2274816,1.0,1746474020.556917
0.0501302070915699,28.5625,1489,0.7381668090820312,1488,0.03426193445920944,0.0078125,-0.27112650871276855,73.47810363769531,475.967942448,11664,0.024518389254808426,0.33467790484428406,2287104,1.0,1746474022.9104257
0.02799479104578495,28.1796875,1516,0.7381668090820312,1515,0.05085095763206482,0.0078125,-0.19261667132377625,73.47810363769531,483.904583024,11880,0.024518389254808426,0.31091922521591187,2328576,1.0,1746474030.8470113
0.02213541604578495,30.61197853088379,1521,0.7381668090820312,1520,0.03992314636707306,0.0078125,-0.17794722318649292,73.47810363769531,485.373452894,11920,0.024518389254808426,0.3316258192062378,2336256,1.0,1746474032.3159742
0.1015625,25.29557228088379,1531,0.7381668090820312,1530,0.04798151180148125,0.0078125,-0.1817687302827835,73.47810363769531,488.310471281,12000,0.024518389254808426,0.34071868658065796,2351616,1.0,1746474035.2529833
0.01822916604578495,26.82942771911621,1535,0.7381668090820312,1534,0.04587617889046669,0.0078125,-0.18330419063568115,73.47810363769531,489.485976636,12032,0.024518389254808426,0.27198082208633423,2357760,1.0,1746474036.4284906
0.03515625,30.03775978088379,1552,0.7381668090820312,1551,0.09483697265386581,0.008463541977107525,-0.2353375256061554,73.47810363769531,494.485846503,12168,0.024518389254808426,0.32871437072753906,2383872,1.0,1746474041.4283612
0.0983072891831398,26.953125,1567,0.7381668090820312,1566,0.037988968193531036,0.0078125,-0.2534717917442322,73.47810363769531,498.893636333,12288,0.024518389254808426,0.3516787588596344,2406912,1.0,1746474045.8361568
0.0,30.46744728088379,1569,0.7381668090820312,1568,0.043228015303611755,0.0078125,-0.234457865357399,73.47810363769531,499.481110359,12304,0.024518389254808426,0.29201993346214294,2409984,1.0,1746474046.423624
0.0,29.28775978088379,1575,0.7381668090820312,1574,0.05648753419518471,0.0078125,-0.2646036148071289,73.47810363769531,501.247495385,12352,0.024518389254808426,0.2701292932033539,2419200,1.0,1746474048.1899927
0.0234375,26.93489646911621,1577,0.7381668090820312,1576,0.04202999174594879,0.008463541977107525,-0.26396608352661133,73.47810363769531,501.835396377,12368,0.024518389254808426,0.26263973116874695,2422272,1.0,1746474048.7779086
0.0670572891831398,24.63541603088379,1612,0.7381668090820312,1611,0.07879410684108734,0.0078125,-0.3425905108451843,73.47810363769531,512.121070279,12648,0.024518389254808426,0.29978641867637634,2476032,1.0,1746474059.0635645
0.046875,27.20182228088379,1623,0.7381668090820312,1622,0.06630679965019226,0.0078125,-0.35522541403770447,73.47810363769531,515.352933376,12736,0.024518389254808426,0.30321264266967773,2492928,1.0,1746474062.2954502
0.046875,25.83463478088379,1624,0.7381668090820312,1623,0.07873289287090302,0.0078125,-0.378322571516037,73.47810363769531,515.646410583,12744,0.024518389254808426,0.2728419899940491,2494464,1.0,1746474062.5889308
0.0716145858168602,27.1796875,1638,1.4433279037475586,1637,0.0611274316906929,0.0078125,-0.3942134380340576,92.857421875,519.821516037,12856,0.51171875,0.3397030830383301,2515968,1.0,1746474066.7640076
0.0735677108168602,27.66666603088379,1641,1.4433279037475586,1640,0.05512479692697525,0.0078125,-0.3922855257987976,92.857421875,520.705401083,12880,0.51171875,0.34011104702949524,2520576,1.0,1746474067.6478245
0.09765625,27.48046875,1643,1.4433279037475586,1642,0.06289589405059814,0.0078125,-0.3833179473876953,92.857421875,521.292959449,12896,0.51171875,0.3692447245121002,2523648,1.0,1746474068.2354648
0.0475260429084301,28.29296875,1652,1.4433279037475586,1651,0.06317730993032455,0.0078125,-0.35736849904060364,92.857421875,523.937351807,12968,0.51171875,0.3260980248451233,2537472,1.0,1746474070.8798313
0.02278645895421505,27.92708396911621,1662,1.4433279037475586,1661,0.06540977954864502,0.008463541977107525,-0.3402979373931885,92.857421875,526.877928746,13048,0.51171875,0.2858463227748871,2552832,1.0,1746474073.8204331
0.0872395858168602,28.16796875,1707,1.4433279037475586,1706,0.11340375989675522,0.0078125,-0.35129040479660034,92.857421875,540.102883318,13408,0.51171875,0.3684912919998169,2621952,1.0,1746474087.0453968
0.02604166604578495,26.54166603088379,1710,1.4433279037475586,1709,0.09747055172920227,0.0078125,-0.3719325065612793,92.857421875,540.989065875,13432,0.51171875,0.27594614028930664,2626560,1.0,1746474087.931551
0.068359375,28.45963478088379,1711,1.4433279037475586,1710,0.11106032133102417,0.0078125,-0.3860279321670532,92.857421875,541.282757006,13440,0.51171875,0.35564666986465454,2628096,1.0,1746474088.2252684
0.1901041716337204,27.62890625,1729,1.4433279037475586,1728,0.09298725426197052,0.0078125,-0.29605063796043396,92.857421875,546.570497168,13584,0.51171875,0.4794331192970276,2655744,1.0,1746474093.5130067
0.083984375,28.38541603088379,1745,1.4433279037475586,1744,0.10800622403621674,0.0078125,-0.2743251323699951,92.857421875,551.294044978,13712,0.51171875,0.37165966629981995,2680320,1.0,1746474098.2365575
0.0690104141831398,25.30859375,1766,1.4433279037475586,1765,0.10412053763866425,0.0078125,-0.300866961479187,92.857421875,557.469991119,13880,0.51171875,0.30517271161079407,2712576,1.0,1746474104.412508
0.1080729141831398,26.06770896911621,1781,1.4433279037475586,1780,0.14876754581928253,0.0078125,-0.21890376508235931,92.857421875,561.87993079,14000,0.51171875,0.3678115904331207,2735616,1.0,1746474108.8224506
0.1126302108168602,24.83203125,1804,1.4433279037475586,1803,0.17933222651481628,0.0078125,-0.2905723750591278,92.857421875,568.639445108,14184,0.51171875,0.3505754768848419,2770944,1.0,1746474115.5819328
0.02734375,27.3671875,1829,1.4433279037475586,1828,0.16981342434883118,0.0078125,-0.32357096672058105,92.857421875,575.988052451,14384,0.51171875,0.29451385140419006,2809344,1.0,1746474122.9305642
0.0,26.65625,1836,1.4433279037475586,1835,0.14098095893859863,0.009765625,-0.37901541590690613,92.857421875,578.044382131,14440,0.51171875,0.20704859495162964,2820096,1.0,1746474124.9869087
0.02473958395421505,29.56380271911621,1842,1.4433279037475586,1841,0.12714168429374695,0.008463541977107525,-0.3699311912059784,92.857421875,579.807849875,14488,0.51171875,0.2881622910499573,2829312,1.0,1746474126.750374
0.1419270783662796,26.6953125,1854,1.4433279037475586,1853,0.13191363215446472,0.0078125,-0.44196218252182007,92.857421875,583.339742298,14584,0.51171875,0.41148433089256287,2847744,1.0,1746474130.2822235
0.0384114570915699,23.76822853088379,1856,1.4433279037475586,1855,0.1662653088569641,0.0078125,-0.447801798582077,92.857421875,583.927236052,14600,0.51171875,0.2521110773086548,2850816,1.0,1746474130.8697536
0.12109375,25.44661521911621,1857,1.4433279037475586,1856,0.15978237986564636,0.0078125,-0.427965372800827,92.857421875,584.221024106,14608,0.51171875,0.37030550837516785,2852352,1.0,1746474131.1635332
0.0872395858168602,27.34505271911621,1860,1.4433279037475586,1859,0.1429954320192337,0.0078125,-0.40412068367004395,92.857421875,585.102870872,14632,0.51171875,0.3664756417274475,2856960,1.0,1746474132.0453887
0.0,30.82421875,1882,1.4433279037475586,1881,0.14500325918197632,0.009114583022892475,-0.36870482563972473,92.857421875,591.570525455,14808,0.51171875,0.30075690150260925,2890752,1.0,1746474138.5130358
0.0963541641831398,26.9609375,1884,1.4433279037475586,1883,0.14115089178085327,0.0078125,-0.3810500502586365,92.857421875,592.157951136,14824,0.51171875,0.372879296541214,2893824,1.0,1746474139.1004694
0.0983072891831398,26.44661521911621,1891,1.4433279037475586,1890,0.1548137664794922,0.0078125,-0.32096612453460693,92.857421875,594.21282609,14880,0.51171875,0.3608393669128418,2904576,1.0,1746474141.155362
0.0729166641831398,25.703125,1910,1.4433279037475586,1909,0.15814581513404846,0.0078125,-0.37457144260406494,92.857421875,599.793218501,15032,0.51171875,0.3288193941116333,2933760,1.0,1746474146.735719
0.0970052108168602,25.62239646911621,1915,1.4433279037475586,1914,0.2250688076019287,0.0078125,-0.3805740475654602,92.857421875,601.266126575,15072,0.51171875,0.34366488456726074,2941440,1.0,1746474148.2086267
0.099609375,25.92838478088379,1919,1.4433279037475586,1918,0.2095898538827896,0.0078125,-0.40026500821113586,92.857421875,602.448563629,15104,0.51171875,0.3517855703830719,2947584,1.0,1746474149.3909578
0.1041666641831398,27.3359375,1941,1.4433279037475586,1940,0.1632538139820099,0.0078125,-0.4172390401363373,92.857421875,608.912645306,15280,0.51171875,0.37531766295433044,2981376,1.0,1746474155.8551686
0.123046875,25.99739646911621,1942,1.4433279037475586,1941,0.1657656729221344,0.0078125,-0.4441894292831421,92.857421875,609.206336611,15288,0.51171875,0.38251993060112,2982912,1.0,1746474156.1488588
0.1295572966337204,26.02864646911621,1951,1.5594137907028198,1950,0.16794271767139435,0.0078125,-0.39560335874557495,93.193359375,611.911767654,15360,0.59765625,0.39404159784317017,2996736,1.0,1746474158.854291
0.0768229141831398,25.14192771911621,1956,1.5594137907028198,1955,0.16291430592536926,0.0078125,-0.3934246301651001,93.193359375,613.380788796,15400,0.59765625,0.3233020305633545,3004416,1.0,1746474160.323312
0.091796875,27.45442771911621,1980,1.5594137907028198,1979,0.19346529245376587,0.0078125,-0.5015110373497009,93.193359375,620.440292652,15592,0.59765625,0.3475537896156311,3041280,1.0,1746474167.382811
0.0,24.54166603088379,1981,1.5594137907028198,1980,0.23169660568237305,0.0078125,-0.49830079078674316,93.193359375,620.735140221,15600,0.59765625,0.2184930145740509,3042816,1.0,1746474167.6776347
0.13671875,26.62630271911621,1989,1.5594137907028198,1988,0.15208327770233154,0.0078125,-0.4975888133049011,93.193359375,623.084794164,15664,0.59765625,0.4089730679988861,3055104,1.0,1746474170.0272937
0.0930989608168602,26.03775978088379,2009,1.5594137907028198,2008,0.2110191285610199,0.0078125,-0.47310590744018555,93.193359375,628.959395648,15824,0.59765625,0.3385120928287506,3085824,1.0,1746474175.9019003
0.1282552033662796,25.51953125,2051,1.5594137907028198,2050,0.18370583653450012,0.0078125,-0.410304993391037,93.193359375,641.309498955,16160,0.59765625,0.3791917860507965,3150336,1.0,1746474188.2520251
0.126953125,24.98958396911621,2059,1.5594137907028198,2058,0.1882159411907196,0.0078125,-0.4106060862541199,93.193359375,643.660745126,16224,0.59765625,0.37909719347953796,3162624,1.0,1746474190.603268
0.19921875,26.98828125,2074,1.5594137907028198,2073,0.1642443686723709,0.0078125,-0.37442195415496826,93.193359375,648.067768414,16344,0.59765625,0.48084890842437744,3185664,1.0,1746474195.01027
0.1106770858168602,24.203125,2093,1.5594137907028198,2092,0.19070622324943542,0.0078125,-0.4065546989440918,93.193359375,653.65647345,16496,0.59765625,0.35337841510772705,3214848,1.0,1746474200.5989916
0.1263020783662796,27.92317771911621,2108,1.5594137907028198,2107,0.19601550698280334,0.0078125,-0.4247555136680603,93.193359375,658.063184499,16616,0.59765625,0.39738190174102783,3237888,1.0,1746474205.0056994
0.1171875,25.70572853088379,2118,1.5594137907028198,2117,0.21331897377967834,0.0078125,-0.43060925602912903,93.193359375,661.001847835,16696,0.59765625,0.3677169382572174,3253248,1.0,1746474207.944361
0.1490885466337204,24.53125,2138,1.5594137907028198,2137,0.18946251273155212,0.0078125,-0.48772385716438293,93.193359375,666.878713667,16856,0.59765625,0.4000416100025177,3283968,1.0,1746474213.821221
0.0657552108168602,25.91796875,2139,1.5594137907028198,2138,0.1932106614112854,0.0078125,-0.49384254217147827,93.193359375,667.172555466,16864,0.59765625,0.3190164566040039,3285504,1.0,1746474214.1150563
0.099609375,25.63150978088379,2173,1.5594137907028198,2172,0.24364620447158813,0.0078125,-0.3899122178554535,93.193359375,677.187048362,17136,0.59765625,0.3477838337421417,3337728,1.0,1746474224.1295724
0.0911458358168602,25.25,2179,1.5594137907028198,2178,0.24206624925136566,0.0078125,-0.39137396216392517,93.193359375,678.952341944,17184,0.59765625,0.32826125621795654,3346944,1.0,1746474225.8948221
0.2200520783662796,25.921875,2181,1.5594137907028198,2180,0.24508970975875854,0.0078125,-0.36134177446365356,93.193359375,679.539917028,17200,0.59765625,0.4931110739707947,3350016,1.0,1746474226.4824448
0.1497395783662796,26.94010353088379,2190,1.5594137907028198,2189,0.18503868579864502,0.0078125,-0.41887167096138,93.193359375,682.183690345,17272,0.59765625,0.4180285930633545,3363840,1.0,1746474229.1262162
0.1412760466337204,25.65104103088379,2200,1.5594137907028198,2199,0.2201557159423828,0.0078125,-0.4718979299068451,93.193359375,685.12176557,17352,0.59765625,0.39758414030075073,3379200,1.0,1746474232.064295
0.1119791641831398,24.07942771911621,2223,1.5594137907028198,2222,0.24704039096832275,0.0078125,-0.6612536907196045,93.193359375,691.88113067,17536,0.59765625,0.3444461226463318,3414528,1.0,1746474238.8236296
0.146484375,24.58072853088379,2237,1.5594137907028198,2236,0.2241467535495758,0.0078125,-0.6294066309928894,93.193359375,695.995798587,17648,0.59765625,0.3941597044467926,3436032,1.0,1746474242.9383056
0.1966145783662796,25.52213478088379,2279,1.7904736995697021,2278,0.20401158928871155,0.0078125,-0.4816517233848572,90.921875,708.401074128,17984,0.81640625,0.4590364098548889,3500544,1.0,1746474255.3435318
0.2662760317325592,26.80338478088379,2308,1.7904736995697021,2307,0.23848730325698853,0.0078125,-0.5745962262153625,90.921875,716.926881881,18216,0.81640625,0.5515520572662354,3545088,1.0,1746474263.8694036
0.2057291716337204,26.03645896911621,2320,1.7904736995697021,2319,0.2599615454673767,0.0078125,-0.5313445329666138,90.921875,720.456730281,18312,0.81640625,0.48057112097740173,3563520,1.0,1746474267.399227
0.1608072966337204,24.44400978088379,2356,1.7904736995697021,2355,0.2008783519268036,0.0078125,-0.5230481028556824,90.921875,731.033552114,18600,0.81640625,0.41068220138549805,3618816,1.0,1746474277.976071
0.1438802033662796,23.40364646911621,2372,1.7904736995697021,2371,0.17967620491981506,0.0078125,-0.5153950452804565,90.921875,735.73464386,18728,0.81640625,0.3735598623752594,3643392,1.0,1746474282.6771634
0.2083333283662796,26.80859375,2385,1.7904736995697021,2384,0.21137851476669312,0.008463541977107525,-0.5017748475074768,90.921875,739.553999129,18832,0.81640625,0.4790225028991699,3663360,1.0,1746474286.4965048
0.1315104216337204,26.75650978088379,2386,1.7904736995697021,2385,0.22610408067703247,0.0078125,-0.5241854190826416,90.921875,739.847490016,18840,0.81640625,0.41269785165786743,3664896,1.0,1746474286.7900038
0.1901041716337204,25.90494728088379,2394,1.7904736995697021,2393,0.19238969683647156,0.0078125,-0.49646592140197754,90.921875,742.201233735,18904,0.81640625,0.45790359377861023,3677184,1.0,1746474289.1437392
0.212890625,25.26432228088379,2401,1.7904736995697021,2400,0.2136293649673462,0.0078125,-0.4973802864551544,90.921875,744.257808991,18960,0.81640625,0.4806891679763794,3687936,1.0,1746474291.2003474
0.24609375,26.63541603088379,2403,1.7904736995697021,2402,0.2049880027770996,0.0078125,-0.4894677400588989,90.921875,744.845002343,18976,0.81640625,0.5333541035652161,3691008,1.0,1746474291.7875185
0.1497395783662796,25.49869728088379,2417,1.7904736995697021,2416,0.16802901029586792,0.0078125,-0.4140225648880005,90.921875,748.962490058,19088,0.81640625,0.40369176864624023,3712512,1.0,1746474295.9049914
0.1829427033662796,26.96224021911621,2424,1.7904736995697021,2423,0.18785250186920166,0.0078125,-0.4399864375591278,90.921875,751.026895978,19144,0.81640625,0.4586857259273529,3723264,1.0,1746474297.9694147
0.05078125,24.84505271911621,2431,1.7904736995697021,2430,0.17238400876522064,0.0078125,-0.41231685876846313,90.921875,753.082449954,19200,0.81640625,0.29679247736930847,3734016,1.0,1746474300.024968
0.2708333432674408,27.86849021911621,2451,1.7904736995697021,2450,0.19427058100700378,0.0078125,-0.3634915351867676,90.921875,758.957521245,19360,0.81640625,0.58167964220047,3764736,1.0,1746474305.90003
0.2545572817325592,26.8125,2457,1.7904736995697021,2456,0.21475064754486084,0.0078125,-0.43855541944503784,90.921875,760.725062505,19408,0.81640625,0.5462916493415833,3773952,1.0,1746474307.6675453
0.2037760466337204,25.44661521911621,2462,1.7904736995697021,2461,0.19448129832744598,0.0078125,-0.42961230874061584,90.921875,762.194758802,19448,0.81640625,0.47645828127861023,3781632,1.0,1746474309.1372561
0.1783854216337204,26.49609375,2470,1.7904736995697021,2469,0.19399063289165497,0.0078125,-0.4459066092967987,90.921875,764.544537631,19512,0.81640625,0.44207027554512024,3793920,1.0,1746474311.4870489
0.2122395783662796,25.87760353088379,2505,1.7904736995697021,2504,0.19028624892234802,0.0078125,-0.5399262309074402,90.921875,774.837623266,19792,0.81640625,0.4825068712234497,3847680,1.0,1746474321.7801235
0.1901041716337204,27.57552146911621,2508,1.7904736995697021,2507,0.19896745681762695,0.0078125,-0.5398207902908325,90.921875,775.718481403,19816,0.81640625,0.4590868055820465,3852288,1.0,1746474322.6609828
0.1354166716337204,24.23307228088379,2509,1.7904736995697021,2508,0.1696583330631256,0.0078125,-0.5274943709373474,90.921875,776.012297374,19824,0.81640625,0.38155463337898254,3853824,1.0,1746474322.954796
0.1686197966337204,25.40234375,2520,1.7904736995697021,2519,0.1869312822818756,0.0078125,-0.520883321762085,90.921875,779.244918669,19912,0.81640625,0.43121522665023804,3870720,1.0,1746474326.187427
0.232421875,26.87630271911621,2540,1.7904736995697021,2539,0.20159578323364258,0.0078125,-0.5998148918151855,90.921875,785.124298089,20072,0.81640625,0.5282360911369324,3901440,1.0,1746474332.066815
0.1595052033662796,26.2734375,2566,1.7904736995697021,2565,0.16338443756103516,0.0078125,-0.7046031951904297,90.921875,792.762253492,20280,0.81640625,0.42378902435302734,3941376,1.0,1746474339.704764
0.2428385466337204,25.97916603088379,2570,1.7904736995697021,2569,0.15945151448249817,0.0078125,-0.7614446878433228,90.921875,793.936780241,20312,0.81640625,0.5219270586967468,3947520,1.0,1746474340.8793035
0.1803385466337204,26.328125,2588,1.7904736995697021,2587,0.1771221160888672,0.0078125,-0.8569622039794922,90.921875,799.23148597,20456,0.81640625,0.45397478342056274,3975168,1.0,1746474346.1739922
0.130859375,27.796875,2591,1.7904736995697021,2590,0.17264792323112488,0.008463541977107525,-0.8362029790878296,90.921875,800.112443876,20480,0.81640625,0.40077510476112366,3979776,1.0,1746474347.0549614
0.193359375,25.54296875,2596,1.7904736995697021,2595,0.22448842227458954,0.0078125,-0.8604680299758911,90.921875,801.588032996,20520,0.81640625,0.45632022619247437,3987456,1.0,1746474348.5305316
0.1197916641831398,25.2109375,2600,1.739999771118164,2599,0.21308830380439758,0.0078125,-0.8864456415176392,90.904296875,802.826041648,20552,0.767578125,0.3673272132873535,3993600,1.0,1746474349.7685447
0.138671875,26.25911521911621,2605,1.739999771118164,2604,0.19507324695587158,0.0078125,-0.9219794273376465,90.904296875,804.294695345,20592,0.767578125,0.3950624465942383,4001280,1.0,1746474351.2372165
0.1477864533662796,24.828125,2619,1.739999771118164,2618,0.21179354190826416,0.0078125,-0.9230552315711975,90.904296875,808.427607541,20704,0.767578125,0.40124645829200745,4022784,1.0,1746474355.3701196
0.1204427108168602,24.79296875,2632,1.739999771118164,2631,0.18811847269535065,0.0078125,-0.7436484098434448,90.904296875,812.252118401,20808,0.767578125,0.36365097761154175,4042752,1.0,1746474359.1945145
0.2194010466337204,25.5,2638,1.739999771118164,2637,0.18291756510734558,0.0078125,-0.7485902309417725,90.904296875,814.016406875,20856,0.767578125,0.49139922857284546,4051968,1.0,1746474360.9588885
0.255859375,27.1796875,2661,1.739999771118164,2660,0.1811574399471283,0.0078125,-0.6779824495315552,90.904296875,820.779270013,21040,0.767578125,0.5525450110435486,4087296,1.0,1746474367.7217815
0.2096354216337204,27.63802146911621,2697,1.739999771118164,2696,0.18321126699447632,0.0078125,-0.8181606531143188,90.904296875,831.355389288,21328,0.767578125,0.499244749546051,4142592,1.0,1746474378.297892
0.0690104141831398,24.37109375,2706,1.739999771118164,2705,0.18605899810791016,0.0078125,-0.7846881151199341,90.904296875,833.998999837,21400,0.767578125,0.2965025305747986,4156416,1.0,1746474380.9415147
0.1731770783662796,25.31900978088379,2716,1.739999771118164,2715,0.2381378412246704,0.0078125,-0.8881908655166626,90.904296875,836.938467193,21480,0.767578125,0.432174414396286,4171776,1.0,1746474383.8809776
0.1380208283662796,25.32161521911621,2775,1.739999771118164,2774,0.18962571024894714,0.0078125,-0.7448534965515137,90.904296875,854.298271769,21952,0.767578125,0.38914579153060913,4262400,1.0,1746474401.240567
0.1861979216337204,26.26953125,2783,1.739999771118164,2782,0.23557613790035248,0.0078125,-0.8071070909500122,90.904296875,856.662349193,22016,0.767578125,0.45247480273246765,4274688,1.0,1746474403.6046143
0.2037760466337204,26.41536521911621,2797,1.739999771118164,2796,0.17695236206054688,0.0078125,-0.9047337174415588,90.904296875,860.794727753,22128,0.767578125,0.47824472188949585,4296192,1.0,1746474407.7370107
0.1959635466337204,25.17057228088379,2819,1.739999771118164,2818,0.16392432153224945,0.0078125,-0.7516688108444214,90.904296875,867.276199158,22304,0.767578125,0.45465967059135437,4329984,1.0,1746474414.2185442
0.2819010317325592,26.08203125,2822,1.739999771118164,2821,0.156703382730484,0.0078125,-0.7243924140930176,90.904296875,868.158381537,22328,0.767578125,0.5638020038604736,4334592,1.0,1746474415.1007826
0.1842447966337204,24.74088478088379,2835,1.739999771118164,2834,0.12480068951845169,0.0078125,-0.7501121759414673,90.904296875,871.992924793,22432,0.767578125,0.43403640389442444,4354560,1.0,1746474418.9352088
0.107421875,23.41666603088379,2842,1.739999771118164,2841,0.12912213802337646,0.0078125,-0.6828404068946838,90.904296875,874.051476534,22488,0.767578125,0.3316614031791687,4365312,1.0,1746474420.9939384
0.16015625,24.28255271911621,2881,1.739999771118164,2880,0.1448056399822235,0.0078125,-0.6186043620109558,90.904296875,885.551891277,22800,0.767578125,0.4023767113685608,4425216,1.0,1746474432.4942298
0.2701822817325592,26.57421875,2885,1.739999771118164,2884,0.13407033681869507,0.0078125,-0.5263475179672241,90.904296875,886.732245848,22832,0.767578125,0.555622398853302,4431360,1.0,1746474433.6745455
0.1725260466337204,26.70182228088379,2887,1.739999771118164,2886,0.17958512902259827,0.0078125,-0.5423910617828369,90.904296875,887.321598179,22848,0.767578125,0.4401935040950775,4434432,1.0,1746474434.2638988
0.2506510317325592,26.58984375,2888,1.739999771118164,2887,0.15036338567733765,0.0078125,-0.4946417808532715,90.904296875,887.616136995,22856,0.767578125,0.5388029217720032,4435968,1.0,1746474434.5584881
0.228515625,26.62630271911621,2889,1.739999771118164,2888,0.14373888075351715,0.0078125,-0.5000293850898743,90.904296875,887.910266348,22864,0.767578125,0.5117195844650269,4437504,1.0,1746474434.8526418
0.1979166716337204,25.92057228088379,2894,1.739999771118164,2893,0.12429539859294891,0.0078125,-0.49027031660079956,90.904296875,889.386596409,22904,0.767578125,0.456487774848938,4445184,1.0,1746474436.3288524
0.283203125,27.00260353088379,2913,1.739999771118164,2912,0.13331717252731323,0.0078125,-0.5634887218475342,90.904296875,894.983547236,23056,0.767578125,0.58351731300354,4474368,1.0,1746474441.9258406
0.2096354216337204,26.46354103088379,2921,1.739999771118164,2920,0.16123434901237488,0.0078125,-0.4458693265914917,90.904296875,897.342031574,23120,0.767578125,0.4951423108577728,4486656,1.0,1746474444.2843146
0.2740885317325592,26.62239646911621,2948,1.9357627630233765,2947,0.1442660093307495,0.0078125,-0.48901957273483276,89.880859375,905.36336183,23336,0.939453125,0.5649721622467041,4528128,1.0,1746474452.3056438
0.2630208432674408,26.06510353088379,2965,1.9357627630233765,2964,0.12671014666557312,0.0078125,-0.5491834282875061,89.880859375,910.382631085,23472,0.939453125,0.5415728688240051,4554240,1.0,1746474457.3249242
0.18359375,25.13671875,3001,1.9357627630233765,3000,0.13708890974521637,0.0078125,-0.6611043810844421,89.880859375,920.99473463,23760,0.939453125,0.43941834568977356,4609536,1.0,1746474467.937087
0.1438802033662796,25.0625,3032,1.9357627630233765,3031,0.1212112307548523,0.0078125,-0.6795393824577332,89.880859375,930.132329655,24008,0.939453125,0.3953523635864258,4657152,1.0,1746474477.074826
0.1953125,26.10416603088379,3033,1.9357627630233765,3032,0.1069011241197586,0.0078125,-0.704214334487915,89.880859375,930.430036116,24016,0.939453125,0.46827077865600586,4658688,1.0,1746474477.372537
0.2083333283662796,25.07682228088379,3036,1.9357627630233765,3035,0.1255573332309723,0.0078125,-0.7113577127456665,89.880859375,931.312932114,24040,0.939453125,0.46554768085479736,4663296,1.0,1746474478.2554374
0.26171875,26.76041603088379,3047,1.9357627630233765,3046,0.1329660415649414,0.0078125,-0.6630958318710327,89.880859375,934.564087917,24128,0.939453125,0.5476544499397278,4680192,1.0,1746474481.506604
0.2473958283662796,26.54036521911621,3053,1.9357627630233765,3052,0.13785022497177124,0.0078125,-0.6372597217559814,89.880859375,936.326614213,24176,0.939453125,0.5306692123413086,4689408,1.0,1746474483.2691252
0.2194010466337204,26.37239646911621,3058,1.9357627630233765,3057,0.11038656532764435,0.0078125,-0.5906789302825928,89.880859375,937.795321763,24216,0.939453125,0.4946171045303345,4697088,1.0,1746474484.7378361
0.1966145783662796,25.54557228088379,3101,1.9357627630233765,3100,0.10636204481124878,0.0078125,-0.40980708599090576,89.880859375,950.436496743,24560,0.939453125,0.46716055274009705,4763136,1.0,1746474497.3790276
0.2662760317325592,26.20182228088379,3117,1.9357627630233765,3116,0.13773790001869202,0.0078125,-0.3619508147239685,89.880859375,955.136441977,24688,0.939453125,0.5474513173103333,4787712,1.0,1746474502.0789342
0.2454427033662796,26.04166603088379,3122,1.9357627630233765,3121,0.12093885987997055,0.0078125,-0.4174695611000061,89.880859375,956.605751644,24728,0.939453125,0.5214374661445618,4795392,1.0,1746474503.5482671
0.298828125,26.96224021911621,3127,1.9357627630233765,3126,0.12743273377418518,0.0078125,-0.4328988194465637,89.880859375,958.074212258,24768,0.939453125,0.5976561307907104,4803072,1.0,1746474505.0166893
0.1966145783662796,26.13020896911621,3130,1.9357627630233765,3129,0.12778672575950623,0.0078125,-0.3890203833580017,89.880859375,958.956124146,24792,0.939453125,0.4591257870197296,4807680,1.0,1746474505.8985975
0.2096354216337204,25.97005271911621,3137,1.9357627630233765,3136,0.11105462908744812,0.0078125,-0.4758254289627075,89.880859375,961.018199824,24848,0.939453125,0.48394787311553955,4818432,1.0,1746474507.9607062
0.1653645783662796,25.47916603088379,3139,1.9357627630233765,3138,0.10110078752040863,0.0078125,-0.4978506565093994,89.880859375,961.605886649,24864,0.939453125,0.4216102063655853,4821504,1.0,1746474508.5484025
0.23828125,25.59375,3140,1.9357627630233765,3139,0.10900555551052094,0.0078125,-0.4678111672401428,89.880859375,961.89958618,24872,0.939453125,0.5090346932411194,4823040,1.0,1746474508.8421028
0.2220052033662796,26.17708396911621,3150,1.9357627630233765,3149,0.09919971972703934,0.0078125,-0.453258216381073,89.880859375,964.839096138,24952,0.939453125,0.49677249789237976,4838400,1.0,1746474511.7816105
0.271484375,26.93229103088379,3155,1.9357627630233765,3154,0.15495142340660095,0.0078125,-0.4801747798919678,89.880859375,966.308101821,24992,0.939453125,0.5640137791633606,4846080,1.0,1746474513.2506208
0.2493489533662796,25.76822853088379,3171,1.9357627630233765,3170,0.0878770500421524,0.0078125,-0.5847113132476807,89.880859375,971.007037767,25120,0.939453125,0.5149825811386108,4870656,1.0,1746474517.9495416
0.28125,27.54166603088379,3181,1.9357627630233765,3180,0.09374867379665375,0.0078125,-0.5486150979995728,89.880859375,973.945368507,25200,0.939453125,0.5862343311309814,4886016,1.0,1746474520.8878765
0.220703125,25.57552146911621,3183,1.9357627630233765,3182,0.10396222770214081,0.0078125,-0.5495656728744507,89.880859375,974.532685884,25216,0.939453125,0.49288538098335266,4889088,1.0,1746474521.4751883
0.2473958283662796,26.1484375,3187,1.9357627630233765,3186,0.10771159827709198,0.0078125,-0.49147337675094604,89.880859375,975.707583775,25248,0.939453125,0.5307395458221436,4895232,1.0,1746474522.650075
0.185546875,25.44400978088379,3205,1.9357627630233765,3204,0.13196933269500732,0.0078125,-0.4014253616333008,89.880859375,980.998666162,25392,0.939453125,0.4293454587459564,4922880,1.0,1746474527.9411836
0.2877604067325592,27.30338478088379,3220,1.9357627630233765,3219,0.12596487998962402,0.0078125,-0.39975571632385254,89.880859375,985.408236275,25512,0.939453125,0.5926318764686584,4945920,1.0,1746474532.3507497
0.2578125,26.84375,3236,1.9357627630233765,3235,0.12321688234806061,0.0078125,-0.42450201511383057,89.880859375,990.115554107,25640,0.939453125,0.5527299046516418,4970496,1.0,1746474537.05808
0.1940104216337204,25.72265625,3259,1.9557470083236694,3258,0.130687415599823,0.0078125,-0.5435857772827148,89.03515625,996.937588569,25824,0.958984375,0.450499951839447,5005824,1.0,1746474543.8801117
0.1686197966337204,25.80338478088379,3265,1.9557470083236694,3264,0.13093705475330353,0.0078125,-0.5039939880371094,89.03515625,998.700095207,25872,0.958984375,0.43200603127479553,5015040,1.0,1746474545.6425207
0.2311197966337204,27.02083396911621,3267,1.9557470083236694,3266,0.10610449314117432,0.0078125,-0.4864562153816223,89.03515625,999.287426561,25888,0.958984375,0.5172846913337708,5018112,1.0,1746474546.2299435
0.2473958283662796,26.54166603088379,3283,1.9557470083236694,3282,0.0978388860821724,0.0078125,-0.4351133406162262,89.03515625,1003.996450346,26016,0.958984375,0.5300937294960022,5042688,1.0,1746474550.9389377
0.1998697966337204,25.87890625,3299,1.9557470083236694,3298,0.10352061688899994,0.0078125,-0.3150240182876587,89.03515625,1008.69878342,26144,0.958984375,0.4730815291404724,5067264,1.0,1746474555.6413088
0.27734375,26.85807228088379,3313,1.9557470083236694,3312,0.09436330944299698,0.0078125,-0.4398863911628723,89.03515625,1012.813838011,26256,0.958984375,0.5686145424842834,5088768,1.0,1746474559.7563567
0.208984375,26.25,3337,1.9557470083236694,3336,0.0840751901268959,0.0078125,-0.33814120292663574,89.03515625,1019.865516607,26448,0.958984375,0.4836527407169342,5125632,1.0,1746474566.8080282
0.255859375,25.57421875,3346,1.9557470083236694,3345,0.1037892997264862,0.0078125,-0.4104327857494354,89.03515625,1022.516814671,26520,0.958984375,0.5281978845596313,5139456,1.0,1746474569.4593475
0.2819010317325592,27.51822853088379,3360,1.9557470083236694,3359,0.09330156445503235,0.0078125,-0.40585535764694214,89.03515625,1026.630302021,26632,0.958984375,0.5849114060401917,5160960,1.0,1746474573.57278
0.2890625,27.85416603088379,3368,1.9557470083236694,3367,0.08263815939426422,0.0078125,-0.30881357192993164,89.03515625,1028.979974741,26696,0.958984375,0.5937933325767517,5173248,1.0,1746474575.9224446
0.2428385466337204,26.16796875,3410,1.9557470083236694,3409,0.13673798739910126,0.0078125,-0.3736025094985962,89.03515625,1041.322263331,27032,0.958984375,0.519644021987915,5237760,1.0,1746474588.264787
0.2805989682674408,27.28645896911621,3415,1.9557470083236694,3414,0.0946701392531395,0.0078125,-0.3960394859313965,89.03515625,1042.790866654,27072,0.958984375,0.5815841555595398,5245440,1.0,1746474589.733397
0.2727864682674408,27.12369728088379,3427,1.9557470083236694,3426,0.12506340444087982,0.0078125,-0.4074929356575012,89.03515625,1046.316182824,27168,0.958984375,0.5674582719802856,5263872,1.0,1746474593.2586977
0.1712239533662796,25.41666603088379,3432,1.9557470083236694,3431,0.11158941686153412,0.0078125,-0.4640015959739685,89.03515625,1047.785125027,27208,0.958984375,0.4357326030731201,5271552,1.0,1746474594.7276351
0.169921875,27.21744728088379,3443,1.9557470083236694,3442,0.11769822239875793,0.0078125,-0.48369407653808594,89.03515625,1051.022650429,27296,0.958984375,0.45598432421684265,5288448,1.0,1746474597.9651408
0.203125,26.87109375,3444,1.9557470083236694,3443,0.1253696084022522,0.0078125,-0.5927709937095642,89.03515625,1051.316507608,27304,0.958984375,0.48923519253730774,5289984,1.0,1746474598.259009
0.25,25.66536521911621,3446,1.9557470083236694,3445,0.11047658324241638,0.0078125,-0.5319647789001465,89.03515625,1051.904003572,27320,0.958984375,0.519560694694519,5293056,1.0,1746474598.8464937
0.2141927033662796,25.96744728088379,3483,1.9557470083236694,3482,0.09314760565757751,0.0078125,-0.6504575610160828,89.03515625,1062.782669319,27616,0.958984375,0.4842117726802826,5349888,1.0,1746474609.7251854
0.2513020932674408,26.32552146911621,3498,1.9557470083236694,3497,0.11964951455593109,0.0078125,-0.5705915093421936,89.03515625,1067.210179525,27736,0.958984375,0.5377743244171143,5372928,1.0,1746474614.1526942
0.244140625,26.14583396911621,3501,1.9557470083236694,3500,0.13552896678447723,0.0078125,-0.5469467043876648,89.03515625,1068.092944586,27760,0.958984375,0.5235555768013,5377536,1.0,1746474615.035469
0.220703125,26.57682228088379,3509,1.9557470083236694,3508,0.13303996622562408,0.0078125,-0.6064282655715942,89.03515625,1070.442352405,27824,0.958984375,0.5009539723396301,5389824,1.0,1746474617.384869
0.25390625,27.75520896911621,3511,1.9557470083236694,3510,0.10963703691959381,0.0078125,-0.5773217082023621,89.03515625,1071.029305304,27840,0.958984375,0.5580520033836365,5392896,1.0,1746474617.9718096
0.2610677182674408,26.25,3539,1.9557470083236694,3538,0.08582398295402527,0.0078125,-0.5659120678901672,89.03515625,1079.258303707,28064,0.958984375,0.5414791107177734,5435904,1.0,1746474626.200824
0.2819010317325592,27.08072853088379,3541,1.9557470083236694,3540,0.09766838699579239,0.0078125,-0.5391076803207397,89.03515625,1079.846241426,28080,0.958984375,0.5812290906906128,5438976,1.0,1746474626.788733
0.25390625,25.60546875,3547,1.9557470083236694,3546,0.11549888551235199,0.0078125,-0.5293798446655273,89.03515625,1081.613487979,28128,0.958984375,0.5265164375305176,5448192,1.0,1746474628.5560002
0.2747395932674408,27.38541603088379,3558,1.9557470083236694,3557,0.09849601238965988,0.0078125,-0.37948518991470337,89.03515625,1084.845367264,28216,0.958984375,0.5727456212043762,5465088,1.0,1746474631.7878723
0.2278645783662796,26.55599021911621,3560,1.9557470083236694,3559,0.11335142701864243,0.0078125,-0.4097071588039398,89.03515625,1085.432828373,28232,0.958984375,0.5155017375946045,5468160,1.0,1746474632.3753624
0.255859375,26.67447853088379,3565,1.9557470083236694,3564,0.08826731145381927,0.0078125,-0.3826442360877991,89.03515625,1086.906797363,28272,0.958984375,0.5421145558357239,5475840,1.0,1746474633.8493166
0.2936197817325592,26.77994728088379,3574,1.9557470083236694,3573,0.09506595134735107,0.0078125,-0.410562127828598,89.03515625,1089.549927677,28344,0.958984375,0.5872395038604736,5489664,1.0,1746474636.4924505
0.2513020932674408,26.43229103088379,3585,1.9626821279525757,3584,0.07821571081876755,0.0078125,-0.43181049823760986,91.666015625,1092.851414247,28432,0.966796875,0.5374817252159119,5506560,1.0,1746474639.7938437
0.3033854067325592,27.30208396911621,3621,1.9626821279525757,3620,0.09350910037755966,0.0078125,-0.3321231007575989,91.666015625,1103.434519798,28720,0.966796875,0.6067707538604736,5561856,1.0,1746474650.3770335
0.2864583432674408,26.375,3631,1.9626821279525757,3630,0.0799989253282547,0.0078125,-0.34836190938949585,91.666015625,1106.372432401,28800,0.966796875,0.572916567325592,5577216,1.0,1746474653.3149264
0.302734375,27.22005271911621,3661,1.9626821279525757,3660,0.08027626574039459,0.0078125,-0.40317797660827637,91.666015625,1115.194832057,29040,0.966796875,0.6054686307907104,5623296,1.0,1746474662.1373656
0.3170572817325592,27.94661521911621,3672,1.9626821279525757,3671,0.06431819498538971,0.0078125,-0.3937717378139496,91.666015625,1118.425824598,29128,0.966796875,0.6341145038604736,5640192,1.0,1746474665.3683534
0.20703125,27.07291603088379,3683,1.9626821279525757,3682,0.06364225596189499,0.0078125,-0.3590008020401001,91.666015625,1121.660915461,29216,0.966796875,0.49682894349098206,5657088,1.0,1746474668.6034336
0.1438802033662796,25.48177146911621,3691,1.9626821279525757,3690,0.06959152221679688,0.0078125,-0.2850677967071533,91.666015625,1124.011691396,29280,0.966796875,0.39252081513404846,5669376,1.0,1746474670.9542124
0.2643229067325592,27.06510353088379,3741,1.9626821279525757,3740,0.07877442240715027,0.0078125,-0.19169464707374573,91.666015625,1138.704528692,29680,0.966796875,0.5620225071907043,5746176,1.0,1746474685.6470363
0.1770833283662796,26.57421875,3774,1.9626821279525757,3773,0.06540799140930176,0.0078125,-0.15609554946422577,91.666015625,1148.406953441,29944,0.966796875,0.45546954870224,5796864,1.0,1746474695.3494563
0.1998697966337204,26.7890625,3777,1.9626821279525757,3776,0.06007295101881027,0.0078125,-0.1844470053911209,91.666015625,1149.288783945,29968,0.966796875,0.47107982635498047,5801472,1.0,1746474696.231291
0.2122395783662796,26.88020896911621,3788,1.9626821279525757,3787,0.05697333812713623,0.0078125,-0.1499565839767456,91.666015625,1152.524158424,30056,0.966796875,0.49868741631507874,5818368,1.0,1746474699.4666755
0.24609375,26.42578125,3797,1.9626821279525757,3796,0.07346801459789276,0.0078125,-0.22154372930526733,91.666015625,1155.168261553,30128,0.966796875,0.5305250883102417,5832192,1.0,1746474702.1107814
0.2057291716337204,26.96484375,3820,1.9626821279525757,3819,0.07143326103687286,0.0078125,-0.19564247131347656,91.666015625,1161.933655144,30312,0.966796875,0.482233464717865,5867520,1.0,1746474708.8761747
0.2649739682674408,28.12630271911621,3821,1.9626821279525757,3820,0.07643145322799683,0.0078125,-0.19394567608833313,91.666015625,1162.227588823,30320,0.966796875,0.573338508605957,5869056,1.0,1746474709.1701021
0.2643229067325592,26.09635353088379,3853,1.9626821279525757,3852,0.07823161780834198,0.0078125,-0.19785472750663757,91.666015625,1171.632702242,30576,0.966796875,0.5467047691345215,5918208,1.0,1746474718.5752141
0.255859375,27.04036521911621,3855,1.9626821279525757,3854,0.06222325190901756,0.0078125,-0.1865963637828827,91.666015625,1172.220416531,30592,0.966796875,0.5464556813240051,5921280,1.0,1746474719.1629202
0.2825520932674408,27.10677146911621,3860,1.9626821279525757,3859,0.07785025238990784,0.0078125,-0.21828655898571014,91.666015625,1173.689446673,30632,0.966796875,0.5815833210945129,5928960,1.0,1746474720.6319559
0.2825520932674408,27.23958396911621,3868,1.9626821279525757,3867,0.050411686301231384,0.0078125,-0.2643289566040039,91.666015625,1176.038911301,30696,0.966796875,0.5822994112968445,5941248,1.0,1746474722.9814227
0.2897135317325592,27.41927146911621,3879,1.9626821279525757,3878,0.07581491768360138,0.0078125,-0.27653148770332336,91.666015625,1179.271233073,30784,0.966796875,0.5974860787391663,5958144,1.0,1746474726.2137384
0.2845052182674408,27.30599021911621,3893,1.9626821279525757,3892,0.07688578963279724,0.0078125,-0.322632372379303,91.666015625,1183.384314245,30896,0.966796875,0.5864842534065247,5979648,1.0,1746474730.326818
0.3125,27.70182228088379,3916,1.9618433713912964,3915,0.089028000831604,0.0078125,-0.29914918541908264,87.564453125,1190.203990999,31080,0.966796875,0.6249998807907104,6014976,1.0,1746474737.146486
0.2727864682674408,27.84114646911621,3926,1.9618433713912964,3925,0.06366851925849915,0.0078125,-0.3354090452194214,87.564453125,1193.164020006,31160,0.966796875,0.5832785964012146,6030336,1.0,1746474740.106546
0.248046875,26.92578125,3945,1.9618433713912964,3944,0.06315538287162781,0.0078125,-0.30674442648887634,87.564453125,1198.746467896,31312,0.966796875,0.5347152352333069,6059520,1.0,1746474745.6889694
0.2936197817325592,28.2265625,3948,1.9618433713912964,3947,0.05766826868057251,0.0078125,-0.2817298173904419,87.564453125,1199.627524618,31336,0.966796875,0.6093923449516296,6064128,1.0,1746474746.5700138
0.2708333432674408,27.97395896911621,3952,1.9618433713912964,3951,0.05178156495094299,0.0078125,-0.293216347694397,87.564453125,1200.804152403,31368,0.966796875,0.581996500492096,6070272,1.0,1746474747.746624
0.2838541567325592,27.13541603088379,3974,1.9618433713912964,3973,0.06414090096950531,0.0078125,-0.2265380173921585,87.564453125,1207.267746514,31544,0.966796875,0.584965169429779,6104064,1.0,1746474754.2102728
0.267578125,27.83072853088379,3988,1.9618433713912964,3987,0.06716528534889221,0.0078125,-0.20439349114894867,87.564453125,1211.381684204,31656,0.966796875,0.5765286087989807,6125568,1.0,1746474758.3242056
0.2330729216337204,25.62890625,4015,1.9618433713912964,4014,0.05976198613643646,0.0078125,-0.15568402409553528,87.564453125,1219.317474968,31872,0.966796875,0.49802249670028687,6167040,1.0,1746474766.2599592
0.3138020932674408,27.78255271911621,4016,1.9618433713912964,4015,0.06603671610355377,0.0078125,-0.2102910280227661,87.564453125,1219.611371678,31880,0.966796875,0.627604067325592,6168576,1.0,1746474766.5538795
0.2610677182674408,26.88932228088379,4032,1.9618433713912964,4031,0.06411336362361908,0.0078125,-0.13099032640457153,87.564453125,1224.314444142,32008,0.966796875,0.5555060505867004,6193152,1.0,1746474771.2569568
0.2408854216337204,27.46614646911621,4038,1.9618433713912964,4037,0.06609182804822922,0.0078125,-0.13190090656280518,87.564453125,1226.077521717,32056,0.966796875,0.5439165830612183,6202368,1.0,1746474773.0200417
0.2688802182674408,26.77474021911621,4041,1.9618433713912964,4040,0.05740358680486679,0.0078125,-0.15771350264549255,87.564453125,1226.958918823,32080,0.966796875,0.5564305186271667,6206976,1.0,1746474773.9014318
0.2610677182674408,26.953125,4051,1.9618433713912964,4050,0.07936584949493408,0.0078125,-0.13688726723194122,87.564453125,1229.895129321,32160,0.966796875,0.5592082142829895,6222336,1.0,1746474776.8376102
0.2532552182674408,27.28515625,4055,1.9618433713912964,4054,0.053804539144039154,0.0078125,-0.19200795888900757,87.564453125,1231.076736934,32192,0.966796875,0.5433436632156372,6228480,1.0,1746474778.0190928
0.2747395932674408,27.39322853088379,4062,1.9618433713912964,4061,0.04798240214586258,0.0078125,-0.1995590180158615,87.564453125,1233.133572447,32248,0.966796875,0.5717777013778687,6239232,1.0,1746474780.0760713
0.3151041567325592,27.90755271911621,4074,1.9618433713912964,4073,0.056299544870853424,0.0078125,-0.20774252712726593,87.564453125,1236.6607232,32344,0.966796875,0.6302082538604736,6257664,1.0,1746474783.6032486
0.2493489533662796,26.96614646911621,4131,1.9618433713912964,4130,0.059121981263160706,0.0078125,-0.3324049711227417,87.564453125,1253.41081475,32800,0.966796875,0.5371500849723816,6345216,1.0,1746474800.3533328
0.291015625,28.0546875,4143,1.9618433713912964,4142,0.04292687028646469,0.0078125,-0.29959893226623535,87.564453125,1256.937255481,32896,0.966796875,0.6000780463218689,6363648,1.0,1746474803.879751
0.314453125,27.80338478088379,4173,1.9618433713912964,4172,0.04912242293357849,0.0078125,-0.2692629098892212,87.564453125,1265.754446827,33136,0.966796875,0.6289061307907104,6409728,1.0,1746474812.6969469
0.2890625,27.42447853088379,4192,1.9618433713912964,4191,0.06111140549182892,0.0078125,-0.18765971064567566,87.564453125,1271.341282035,33288,0.966796875,0.5968289375305176,6438912,1.0,1746474818.2838004
0.28515625,27.44010353088379,4193,1.9618433713912964,4192,0.06734920293092728,0.0078125,-0.2046579271554947,87.564453125,1271.63540347,33296,0.966796875,0.5851457715034485,6440448,1.0,1746474818.5778317
0.2903645932674408,27.50520896911621,4194,1.9618433713912964,4193,0.05750688165426254,0.0078125,-0.17323844134807587,87.564453125,1271.928992007,33304,0.966796875,0.5972083210945129,6441984,1.0,1746474818.8715022
0.2337239533662796,26.29036521911621,4200,1.9618433713912964,4199,0.0691496729850769,0.0078125,-0.18734852969646454,87.564453125,1273.693182926,33352,0.966796875,0.5165694355964661,6451200,1.0,1746474820.6356928
0.2858072817325592,27.20703125,4207,1.9618433713912964,4206,0.049766018986701965,0.0078125,-0.18754185736179352,87.564453125,1275.750884836,33408,0.966796875,0.5861734747886658,6461952,1.0,1746474822.693416
0.2434895783662796,25.9140625,4228,1.9619243144989014,4227,0.05164956673979759,0.0078125,-0.21585285663604736,88.111328125,1281.993291753,33576,0.96484375,0.5210042595863342,6494208,1.0,1746474828.9358015
0.2096354216337204,26.70963478088379,4235,1.9619243144989014,4234,0.0548044852912426,0.0078125,-0.253886878490448,88.111328125,1284.049194394,33632,0.96484375,0.49354687333106995,6504960,1.0,1746474830.991717
0.2688802182674408,26.25911521911621,4259,1.9619243144989014,4258,0.04655858129262924,0.0078125,-0.16498637199401855,88.111328125,1291.109374004,33824,0.96484375,0.5558193922042847,6541824,1.0,1746474838.0518944
0.2578125,26.76171875,4268,1.9619243144989014,4267,0.03846745565533638,0.0078125,-0.155756413936615,88.111328125,1293.753351145,33896,0.96484375,0.5479739308357239,6555648,1.0,1746474840.6958673
0.244140625,26.99739646911621,4292,1.9619243144989014,4291,0.041275039315223694,0.0078125,-0.016799047589302063,88.111328125,1300.804475548,34088,0.96484375,0.5397430062294006,6592512,1.0,1746474847.7469873
0.3040364682674408,27.18489646911621,4296,1.9619243144989014,4295,0.046823471784591675,0.0078125,-0.009564275853335857,88.111328125,1301.979493792,34120,0.96484375,0.608072817325592,6598656,1.0,1746474848.9220114
0.28125,27.63411521911621,4297,1.9619243144989014,4296,0.047539323568344116,0.0078125,-0.027499694377183914,88.111328125,1302.273369853,34128,0.96484375,0.5882499814033508,6600192,1.0,1746474849.2158651
0.232421875,27.45182228088379,4337,1.9619243144989014,4336,0.06972771883010864,0.0078125,-0.26334625482559204,88.111328125,1314.027922201,34448,0.96484375,0.5235850811004639,6661632,1.0,1746474860.9704049
0.2552083432674408,27.06380271911621,4357,1.9619243144989014,4356,0.05948375537991524,0.0078125,-0.37036389112472534,88.111328125,1319.903505441,34608,0.96484375,0.5495346784591675,6692352,1.0,1746474866.8460116
0.212890625,27.56770896911621,4389,1.9619243144989014,4388,0.04793462157249451,0.0078125,-0.23093940317630768,88.111328125,1329.337973728,34864,0.96484375,0.5070120692253113,6741504,1.0,1746474876.2804904
0.259765625,27.40364646911621,4397,1.9619243144989014,4396,0.06504777073860168,0.0078125,-0.25604134798049927,88.111328125,1331.692618042,34928,0.96484375,0.5588715076446533,6753792,1.0,1746474878.6351275
0.267578125,27.15364646911621,4421,1.9619243144989014,4420,0.05413765460252762,0.0078125,-0.2506633400917053,88.111328125,1338.746126479,35120,0.96484375,0.5685763359069824,6790656,1.0,1746474885.6886408
0.2161458283662796,26.22786521911621,4424,1.9619243144989014,4423,0.0607699491083622,0.0078125,-0.2641078233718872,88.111328125,1339.626921116,35144,0.96484375,0.4950624704360962,6795264,1.0,1746474886.569437
0.2669270932674408,27.86458396911621,4438,1.9619243144989014,4437,0.05464126914739609,0.0078125,-0.18922457098960876,88.111328125,1343.742950187,35256,0.96484375,0.5733575820922852,6816768,1.0,1746474890.685458
0.2526041567325592,26.47005271911621,4461,1.9619243144989014,4460,0.05042687803506851,0.0078125,-0.22539988160133362,88.111328125,1350.501350506,35440,0.96484375,0.5402039289474487,6852096,1.0,1746474897.4438615
0.255859375,25.89192771911621,4468,1.9619243144989014,4467,0.05114855617284775,0.0078125,-0.19975696504116058,88.111328125,1352.558581466,35496,0.96484375,0.5301648378372192,6862848,1.0,1746474899.501093
0.283203125,26.14453125,4470,1.9619243144989014,4469,0.04907849803566933,0.0078125,-0.18898022174835205,88.111328125,1353.145862988,35512,0.96484375,0.5664061307907104,6865920,1.0,1746474900.088396
0.2486979216337204,26.29557228088379,4481,1.9619243144989014,4480,0.05751809477806091,0.0078125,-0.22029808163642883,88.111328125,1356.378542636,35600,0.96484375,0.5307742357254028,6882816,1.0,1746474903.321055
0.2740885317325592,27.02734375,4485,1.9619243144989014,4484,0.05650336667895317,0.0078125,-0.1486940085887909,88.111328125,1357.553483965,35632,0.96484375,0.5676406025886536,6888960,1.0,1746474904.4959943
0.2884114682674408,27.28775978088379,4502,1.9619243144989014,4501,0.05321234464645386,0.0078125,-0.1844409704208374,88.111328125,1362.554276502,35768,0.96484375,0.5948818325996399,6915072,1.0,1746474909.496783
0.3196614682674408,28.05338478088379,4510,1.9619243144989014,4509,0.04450702294707298,0.0078125,-0.16508354246616364,88.111328125,1364.9047742,35832,0.96484375,0.639322817325592,6927360,1.0,1746474911.847287
0.2916666567325592,27.5546875,4523,1.9619243144989014,4522,0.0632515475153923,0.0078125,-0.20734478533267975,88.111328125,1368.725588092,35936,0.96484375,0.6013923287391663,6947328,1.0,1746474915.6681051
0.3098958432674408,27.58854103088379,4536,1.9619243144989014,4535,0.07936283200979233,0.0078125,-0.18917395174503326,88.111328125,1372.547478738,36040,0.96484375,0.619791567325592,6967296,1.0,1746474919.4899936
0.294921875,26.76432228088379,4544,1.9619243144989014,4543,0.06669933348894119,0.0078125,-0.21683549880981445,88.111328125,1374.897704045,36104,0.96484375,0.5898436307907104,6979584,1.0,1746474921.840245
0.2805989682674408,27.11849021911621,4551,1.9574840068817139,4550,0.060359060764312744,0.0078125,-0.1746484637260437,88.029296875,1377.023007974,36160,0.9609375,0.577155351638794,6990336,1.0,1746474923.9655218
0.271484375,27.92838478088379,4562,1.9574840068817139,4561,0.0470174215734005,0.0078125,-0.11562977731227875,88.029296875,1380.255312218,36248,0.9609375,0.5844504237174988,7007232,1.0,1746474927.197834
0.28515625,27.38541603088379,4565,1.9574840068817139,4564,0.0782201811671257,0.0078125,-0.1805822253227234,88.029296875,1381.138312936,36272,0.9609375,0.5902786254882812,7011840,1.0,1746474928.080816
0.220703125,26.95052146911621,4571,1.9574840068817139,4570,0.0757511705160141,0.0078125,-0.1335763931274414,88.029296875,1382.900556983,36320,0.9609375,0.5057656168937683,7021056,1.0,1746474929.8430884
0.302734375,27.22265625,4587,1.9574840068817139,4586,0.059337861835956573,0.0078125,-0.12145232409238815,88.029296875,1387.600560273,36448,0.9609375,0.6054686307907104,7045632,1.0,1746474934.5430646
0.2897135317325592,27.41927146911621,4590,1.9574840068817139,4589,0.04992295801639557,0.0078125,-0.11053523421287537,88.029296875,1388.481936703,36472,0.9609375,0.5971700549125671,7050240,1.0,1746474935.4244297
0.3138020932674408,27.82552146911621,4593,1.9574840068817139,4592,0.05591922625899315,0.0078125,-0.13242152333259583,88.029296875,1389.363515695,36496,0.9609375,0.627604067325592,7054848,1.0,1746474936.306017
0.296875,26.94270896911621,4599,1.9574840068817139,4598,0.05985093489289284,0.0078125,-0.09808793663978577,88.029296875,1391.126926177,36544,0.9609375,0.5937498807907104,7064064,1.0,1746474938.0694358
0.3111979067325592,27.60025978088379,4613,1.9574840068817139,4612,0.057945266366004944,0.0078125,-0.14220088720321655,88.029296875,1395.239141823,36656,0.9609375,0.6223957538604736,7085568,1.0,1746474942.1816363
0.3059895932674408,27.35546875,4623,1.9574840068817139,4622,0.05705117806792259,0.0078125,-0.0884757786989212,88.029296875,1398.177860267,36736,0.9609375,0.611979067325592,7100928,1.0,1746474945.120386
0.2825520932674408,27.08463478088379,4642,1.9574840068817139,4641,0.05097302794456482,0.0078125,-0.17145434021949768,88.029296875,1403.763303082,36888,0.9609375,0.5826770663261414,7130112,1.0,1746474950.7058086
0.2962239682674408,26.89322853088379,4653,1.9574840068817139,4652,0.047709252685308456,0.0078125,-0.09761328995227814,88.029296875,1406.994024876,36976,0.9609375,0.592447817325592,7147008,1.0,1746474953.936499
0.2858072817325592,27.22395896911621,4656,1.9574840068817139,4655,0.12500810623168945,0.0078125,-0.13622719049453735,88.029296875,1407.875524609,37000,0.9609375,0.5885554552078247,7151616,1.0,1746474954.8180523
0.2350260466337204,26.77474021911621,4661,1.9574840068817139,4660,0.0909903421998024,0.0078125,-0.05129609256982803,88.029296875,1409.344951629,37040,0.9609375,0.5303627848625183,7159296,1.0,1746474956.2874668
0.3053385317325592,27.34505271911621,4670,1.9574840068817139,4669,0.06894318759441376,0.0078125,-0.05774430185556412,88.029296875,1411.993295639,37112,0.9609375,0.6106770038604736,7173120,1.0,1746474958.935799
0.3170572817325592,27.92578125,4697,1.9574840068817139,4696,0.06533518433570862,0.0078125,-0.0712883472442627,88.029296875,1419.928730761,37328,0.9609375,0.6341145038604736,7214592,1.0,1746474966.8712456
0.30078125,27.06900978088379,4699,1.9574840068817139,4698,0.05856778472661972,0.0078125,-0.04317663237452507,88.029296875,1420.519463489,37344,0.9609375,0.6015623807907104,7217664,1.0,1746474967.4619699
0.2877604067325592,26.46614646911621,4700,1.9574840068817139,4699,0.0645957887172699,0.0078125,-0.05916344374418259,88.029296875,1420.813443033,37352,0.9609375,0.5755207538604736,7219200,1.0,1746474967.7559483
0.2473958283662796,26.91927146911621,4724,1.9574840068817139,4723,0.05825728550553322,0.0078125,-0.04434484988451004,88.029296875,1427.87456568,37544,0.9609375,0.533524215221405,7256064,1.0,1746474974.8170898
0.2662760317325592,26.40625,4739,1.9574840068817139,4738,0.08140747994184494,0.0078125,-0.07633651793003082,88.029296875,1432.305349288,37664,0.9609375,0.5532629489898682,7279104,1.0,1746474979.2478628
0.3157552182674408,27.93099021911621,4763,1.9574840068817139,4762,0.05989851430058479,0.0078125,-0.14287351071834564,88.029296875,1439.430938847,37856,0.9609375,0.631510317325592,7315968,1.0,1746474986.373288
0.2994791567325592,27.03515625,4764,1.9574840068817139,4763,0.06772841513156891,0.0078125,-0.08461512625217438,88.029296875,1439.72773926,37864,0.9609375,0.5989582538604736,7317504,1.0,1746474986.6702015
0.251953125,26.51302146911621,4765,1.9574840068817139,4764,0.06821980327367783,0.0078125,-0.0865352600812912,88.029296875,1440.025052351,37872,0.9609375,0.5381214618682861,7319040,1.0,1746474986.9672887
0.2799479067325592,27.13541603088379,4776,1.9574840068817139,4775,0.07044625282287598,0.0078125,-0.13292214274406433,88.029296875,1443.289488694,37960,0.9609375,0.5802343487739563,7335936,1.0,1746474990.2319176
0.2955729067325592,27.70182228088379,4777,1.9574840068817139,4776,0.07932374626398087,0.0078125,-0.1631164848804474,88.029296875,1443.585952651,37968,0.9609375,0.6082568764686584,7337472,1.0,1746474990.5284655
0.28125,27.03255271911621,4814,1.9574840068817139,4813,0.06045334041118622,0.0078125,-0.2591266632080078,88.029296875,1454.564457042,38264,0.9609375,0.5802429914474487,7394304,1.0,1746475001.506973
0.3098958432674408,27.60546875,4815,1.9574840068817139,4814,0.048732295632362366,0.0078125,-0.2206873595714569,88.029296875,1454.860490856,38272,0.9609375,0.619791567325592,7395840,1.0,1746475001.8030052
0.3203125,28.1640625,4816,1.9574840068817139,4815,0.04700959473848343,0.0078125,-0.21920962631702423,88.029296875,1455.157481318,38280,0.9609375,0.6406248807907104,7397376,1.0,1746475002.0998158
0.291015625,27.48958396911621,4819,1.9574840068817139,4818,0.06980004906654358,0.0078125,-0.21159349381923676,88.029296875,1456.046375569,38304,0.9609375,0.6000902652740479,7401984,1.0,1746475002.9888918
0.3118489682674408,27.68880271911621,4827,1.9574840068817139,4826,0.05137112736701965,0.0078125,-0.24865558743476868,88.029296875,1458.413309831,38368,0.9609375,0.623697817325592,7414272,1.0,1746475005.3558254
0.3072916567325592,27.51171875,4841,1.9574840068817139,4840,0.06011716276407242,0.0078125,-0.25149643421173096,88.029296875,1462.563113393,38480,0.9609375,0.6145832538604736,7435776,1.0,1746475009.505616
0.2486979216337204,26.7578125,4885,1.9824190139770508,4884,0.04934186488389969,0.0078125,-0.21710191667079926,89.197265625,1475.586104704,38832,0.984375,0.5308766961097717,7503360,1.0,1746475022.5286205
0.2786458432674408,27.42838478088379,4898,1.9824190139770508,4897,0.04744536429643631,0.0078125,-0.21607249975204468,89.197265625,1479.405220949,38936,0.984375,0.582076370716095,7523328,1.0,1746475026.34759
0.298828125,26.94921875,4903,1.9824190139770508,4902,0.040638621896505356,0.0078125,-0.23826777935028076,89.197265625,1480.878107935,38976,0.984375,0.5976561307907104,7531008,1.0,1746475027.8206174
0.1907552033662796,25.43880271911621,4910,1.9824190139770508,4909,0.04960712790489197,0.0078125,-0.24131514132022858,89.197265625,1482.933735581,39032,0.984375,0.4530181884765625,7541760,1.0,1746475029.8762596
0.2578125,27.36849021911621,4940,1.9824190139770508,4939,0.05498138815164566,0.0078125,-0.2156870812177658,89.197265625,1491.753799847,39272,0.984375,0.5566466450691223,7587840,1.0,1746475038.696315
0.2571614682674408,27.38671875,4949,1.9824190139770508,4948,0.05438076704740524,0.0078125,-0.1569797396659851,89.197265625,1494.397312742,39344,0.984375,0.5573576092720032,7601664,1.0,1746475041.3398175
0.2493489533662796,27.16927146911621,4957,1.9824190139770508,4956,0.05831854045391083,0.0078125,-0.15271809697151184,89.197265625,1496.747774005,39408,0.984375,0.5349504947662354,7613952,1.0,1746475043.6902995
0.3118489682674408,27.75130271911621,4959,1.9824190139770508,4958,0.05567209795117378,0.0078125,-0.10665491223335266,89.197265625,1497.335530931,39424,0.984375,0.623697817325592,7617024,1.0,1746475044.2780485
0.2955729067325592,26.84635353088379,4963,1.9824190139770508,4962,0.05923959240317345,0.0078125,-0.1490788757801056,89.197265625,1498.510663993,39456,0.984375,0.5911457538604736,7623168,1.0,1746475045.4531705
0.263671875,27.02734375,4969,1.9824190139770508,4968,0.059805601835250854,0.0078125,-0.1509951949119568,89.197265625,1500.272850232,39504,0.984375,0.5632760524749756,7632384,1.0,1746475047.2153728
0.3059895932674408,27.37760353088379,5009,1.9824190139770508,5008,0.045396991074085236,0.0078125,-0.1171325147151947,89.197265625,1512.027103185,39824,0.984375,0.611979067325592,7693824,1.0,1746475058.9696145
0.2643229067325592,26.66796875,5018,1.9824190139770508,5017,0.04607417806982994,0.0078125,-0.10460634529590607,89.197265625,1514.671891258,39896,0.984375,0.547346293926239,7707648,1.0,1746475061.614421
0.3020833432674408,27.2578125,5047,1.9824190139770508,5046,0.06991890072822571,0.0078125,-0.1219395101070404,89.197265625,1523.201902428,40128,0.984375,0.604166567325592,7752192,1.0,1746475070.1444068
0.234375,27.59635353088379,5063,1.9824190139770508,5062,0.056820664554834366,0.0078125,-0.07776569575071335,89.197265625,1527.903912088,40256,0.984375,0.536604106426239,7776768,1.0,1746475074.8463671
0.3040364682674408,27.31900978088379,5084,1.9824190139770508,5083,0.0631103366613388,0.0078125,-0.0742061585187912,89.197265625,1534.07489957,40424,0.984375,0.608072817325592,7809024,1.0,1746475081.0173852
0.2526041567325592,27.234375,5085,1.9824190139770508,5084,0.04686892405152321,0.0078125,-0.0709112286567688,89.197265625,1534.368721856,40432,0.984375,0.5406344532966614,7810560,1.0,1746475081.3112283
0.259765625,25.82421875,5088,1.9824190139770508,5087,0.04450110346078873,0.0078125,-0.08914099633693695,89.197265625,1535.249788671,40456,0.984375,0.537104070186615,7815168,1.0,1746475082.192315
0.2643229067325592,26.13150978088379,5090,1.9824190139770508,5089,0.057357266545295715,0.0078125,-0.09197397530078888,89.197265625,1535.837179195,40472,0.984375,0.5467048287391663,7818240,1.0,1746475082.7796688
0.2571614682674408,27.54947853088379,5095,1.9824190139770508,5094,0.07567141950130463,0.0078125,-0.11579500138759613,89.197265625,1537.306469637,40512,0.984375,0.5547707676887512,7825920,1.0,1746475084.248971
0.27734375,26.84375,5116,1.9824190139770508,5115,0.045125603675842285,0.0078125,-0.06487571448087692,89.197265625,1543.479815704,40680,0.984375,0.5703645348548889,7858176,1.0,1746475090.4223201
0.265625,26.17578125,5124,1.9824190139770508,5123,0.04678863286972046,0.0078125,-0.032472044229507446,89.197265625,1545.830497454,40744,0.984375,0.547704815864563,7870464,1.0,1746475092.7730021
0.2083333283662796,25.57421875,5139,1.9824190139770508,5138,0.04642513021826744,0.0078125,-0.07130053639411926,89.197265625,1550.236551677,40864,0.984375,0.4723567068576813,7893504,1.0,1746475097.17906
0.2682291567325592,26.8203125,5162,1.9824190139770508,5161,0.042105186730623245,0.0078125,-0.07500352710485458,89.197265625,1556.996382646,41048,0.984375,0.560659646987915,7928832,1.0,1746475103.938899
0.2845052182674408,26.27994728088379,5166,1.9824190139770508,5165,0.0392264649271965,0.0078125,-0.07128586620092392,89.197265625,1558.172388986,41080,0.984375,0.569010317325592,7934976,1.0,1746475105.1148977
0.2877604067325592,26.45182228088379,5168,1.9824190139770508,5167,0.04261621832847595,0.0078125,-0.07007554173469543,89.197265625,1558.759864559,41096,0.984375,0.5755207538604736,7938048,1.0,1746475105.7023797
0.248046875,25.16927146911621,5183,1.9824190139770508,5182,0.04559711366891861,0.0078125,-0.07438242435455322,89.197265625,1563.171520309,41216,0.984375,0.5139825940132141,7961088,1.0,1746475110.1140356
0.2819010317325592,26.09635353088379,5188,1.9824190139770508,5187,0.06087449565529823,0.0078125,-0.1102583110332489,89.197265625,1564.640204398,41256,0.984375,0.5638020038604736,7968768,1.0,1746475111.5826643
0.267578125,25.25260353088379,5191,1.9824190139770508,5190,0.08991071581840515,0.0078125,-0.1566641628742218,89.197265625,1565.520943686,41280,0.984375,0.5351561307907104,7973376,1.0,1746475112.463462
0.2408854216337204,26.27083396911621,5221,1.9793356657028198,5220,0.06101127713918686,0.0078125,-0.15230822563171387,89.09765625,1574.399227995,41520,0.98046875,0.5231909155845642,8019456,1.0,1746475121.3417318
0.2825520932674408,26.15104103088379,5247,1.9793356657028198,5246,0.033497631549835205,0.0078125,-0.16312506794929504,89.09765625,1582.058556552,41728,0.98046875,0.565104067325592,8059392,1.0,1746475129.0010788
0.244140625,26.609375,5255,1.9793356657028198,5254,0.046152323484420776,0.0078125,-0.17139001190662384,89.09765625,1584.410670512,41792,0.98046875,0.5291023850440979,8071680,1.0,1746475131.3531663
0.2102864533662796,26.68359375,5269,1.9793356657028198,5268,0.04983874037861824,0.0078125,-0.15773983299732208,89.09765625,1588.524605186,41904,0.98046875,0.4869435131549835,8093184,1.0,1746475135.4671133
0.310546875,27.66015625,5276,1.9793356657028198,5275,0.04263146594166756,0.0078125,-0.12955959141254425,89.09765625,1590.584562632,41960,0.98046875,0.6210936307907104,8103936,1.0,1746475137.527068
0.26953125,26.3671875,5277,1.9793356657028198,5276,0.04355017468333244,0.0078125,-0.14109550416469574,89.09765625,1590.878414519,41968,0.98046875,0.556805431842804,8105472,1.0,1746475137.8209097
0.2467447966337204,26.77083396911621,5303,1.9793356657028198,5302,0.04760384559631348,0.0078125,-0.14546886086463928,89.09765625,1598.519165789,42176,0.98046875,0.53436279296875,8145408,1.0,1746475145.46166
0.298828125,27.06640625,5304,1.9793356657028198,5303,0.056358981877565384,0.0078125,-0.16861169040203094,89.09765625,1598.812756633,42184,0.98046875,0.5976561307907104,8146944,1.0,1746475145.7552722
0.2825520932674408,26.19140625,5306,1.9793356657028198,5305,0.036398231983184814,0.0078125,-0.1548163890838623,89.09765625,1599.399975861,42200,0.98046875,0.565104067325592,8150016,1.0,1746475146.3424883
0.30078125,27.16666603088379,5330,1.9793356657028198,5329,0.044647008180618286,0.0078125,-0.07310771197080612,89.09765625,1606.450610499,42392,0.98046875,0.6015623807907104,8186880,1.0,1746475153.3931272
0.26171875,27.07161521911621,5339,1.9793356657028198,5338,0.048817284405231476,0.0078125,-0.09494691342115402,89.09765625,1609.095712074,42464,0.98046875,0.5614131093025208,8200704,1.0,1746475156.0382311
0.2727864682674408,25.58724021911621,5341,1.9793356657028198,5340,0.0461885891854763,0.0078125,-0.09795771539211273,89.09765625,1609.683338752,42480,0.98046875,0.545572817325592,8203776,1.0,1746475156.6258528
0.259765625,25.80859375,5346,1.9793356657028198,5345,0.041114822030067444,0.0078125,-0.0761822909116745,89.09765625,1611.152208962,42520,0.98046875,0.5350381135940552,8211456,1.0,1746475158.0947287
0.275390625,26.68359375,5408,1.9793356657028198,5407,0.04679194837808609,0.0078125,-0.07087744027376175,89.09765625,1629.370009557,43016,0.98046875,0.567406177520752,8306688,1.0,1746475176.3125374
0.265625,28.14713478088379,5411,1.9793356657028198,5410,0.05518883466720581,0.0078125,-0.08129533380270004,89.09765625,1630.250983594,43040,0.98046875,0.5787855386734009,8311296,1.0,1746475177.1935055
0.306640625,27.48177146911621,5417,1.9793356657028198,5416,0.050178736448287964,0.0078125,0.005059767514467239,89.09765625,1632.018456514,43088,0.98046875,0.6132811307907104,8320512,1.0,1746475178.9609137
0.3118489682674408,27.69270896911621,5423,1.9793356657028198,5422,0.04469507187604904,0.0078125,0.009566821157932281,89.09765625,1633.782125108,43136,0.98046875,0.623697817325592,8329728,1.0,1746475180.7246237
0.3040364682674408,27.25650978088379,5434,1.9793356657028198,5433,0.052909743040800095,0.0078125,-0.029067082330584526,89.09765625,1637.014764515,43224,0.98046875,0.608072817325592,8346624,1.0,1746475183.9572823
0.2838541567325592,27.11458396911621,5444,1.9793356657028198,5443,0.03469531610608101,0.0078125,-0.002327903173863888,89.09765625,1639.952765565,43304,0.98046875,0.5854513645172119,8361984,1.0,1746475186.8952734
0.2428385466337204,25.91145896911621,5454,1.9793356657028198,5453,0.0429685041308403,0.0078125,-0.019640758633613586,89.09765625,1642.891554854,43384,0.98046875,0.5149651765823364,8377344,1.0,1746475189.834054
0.291015625,26.59114646911621,5457,1.9793356657028198,5456,0.03336411714553833,0.0078125,-0.008364258334040642,89.09765625,1643.773265652,43408,0.98046875,0.5820311307907104,8381952,1.0,1746475190.7157423
0.2786458432674408,26.89192771911621,5461,1.9793356657028198,5460,0.0325452946126461,0.0078125,-0.006851229816675186,89.09765625,1644.948650326,43440,0.98046875,0.5753506422042847,8388096,1.0,1746475191.8911633
0.2623697817325592,26.39322853088379,5470,1.9793356657028198,5469,0.03191981464624405,0.0078125,-0.01565227285027504,89.09765625,1647.591350236,43512,0.98046875,0.5467082858085632,8401920,1.0,1746475194.5338762
0.2591145932674408,26.80599021911621,5475,1.9793356657028198,5474,0.03301437944173813,0.0078125,-0.08463329076766968,89.09765625,1649.060736755,43552,0.98046875,0.5536831021308899,8409600,1.0,1746475196.0032423
0.2923177182674408,26.6328125,5488,1.9793356657028198,5487,0.03563800826668739,0.0078125,0.01022535003721714,89.09765625,1652.884127112,43656,0.98046875,0.584635317325592,8429568,1.0,1746475199.826636
0.3040364682674408,27.22916603088379,5490,1.9793356657028198,5489,0.03752041980624199,0.0078125,-0.025330180302262306,89.09765625,1653.471352101,43672,0.98046875,0.608072817325592,8432640,1.0,1746475200.4138503
0.2838541567325592,26.19010353088379,5494,1.9793356657028198,5493,0.025764379650354385,0.0078125,0.01375921256840229,89.09765625,1654.646798231,43704,0.98046875,0.5677082538604736,8438784,1.0,1746475201.5893278
0.322265625,28.24088478088379,5523,1.9793356657028198,5522,0.019363991916179657,0.0078125,-0.03751613199710846,89.09765625,1663.171487251,43936,0.98046875,0.6445311307907104,8483328,1.0,1746475210.1140094
0.248046875,28.10546875,5553,1.9727809429168701,5552,0.04002636671066284,0.0078125,-0.019213084131479263,88.00390625,1672.051926821,44176,0.974609375,0.5611067414283752,8529408,1.0,1746475218.9944386
0.2220052033662796,26.36979103088379,5578,1.9727809429168701,5577,0.050986360758543015,0.0078125,0.023902229964733124,88.00390625,1679.398282206,44376,0.974609375,0.5047820210456848,8567808,1.0,1746475226.3407483
0.298828125,26.99739646911621,5604,1.9727809429168701,5603,0.04065093770623207,0.0078125,-0.016289956867694855,88.00390625,1687.038786975,44584,0.974609375,0.5976561307907104,8607744,1.0,1746475233.98131
0.2838541567325592,27.17057228088379,5607,1.9727809429168701,5606,0.0263277068734169,0.0078125,0.008264094591140747,88.00390625,1687.919834139,44608,0.974609375,0.5846492052078247,8612352,1.0,1746475234.8623407
0.2708333432674408,28.13150978088379,5618,1.9727809429168701,5617,0.029091382399201393,0.0078125,0.04201270639896393,88.00390625,1691.151748958,44696,0.974609375,0.5871761441230774,8629248,1.0,1746475238.0942585
0.2591145932674408,26.67057228088379,5635,1.9727809429168701,5634,0.03132513165473938,0.0078125,0.028274020180106163,88.00390625,1696.147105341,44832,0.974609375,0.552111029624939,8655360,1.0,1746475243.0896213
0.2877604067325592,26.421875,5648,1.9727809429168701,5647,0.042785972356796265,0.0078125,-0.0057160621508955956,88.00390625,1699.96652691,44936,0.974609375,0.5755207538604736,8675328,1.0,1746475246.909023
0.2415364533662796,27.89453125,5650,1.9727809429168701,5649,0.04069719836115837,0.0078125,-0.015285089612007141,88.00390625,1700.553907173,44952,0.974609375,0.554095447063446,8678400,1.0,1746475247.4964352
0.2584635317325592,25.74739646911621,5714,1.9727809429168701,5713,0.05301020294427872,0.0078125,-0.1254924237728119,88.00390625,1719.384498491,45464,0.974609375,0.5349860191345215,8776704,1.0,1746475266.3270226
0.2649739682674408,26.13411521911621,5722,1.9727809429168701,5721,0.034970659762620926,0.0078125,-0.12801840901374817,88.00390625,1721.737476852,45528,0.974609375,0.5470589399337769,8788992,1.0,1746475268.6799824
0.30078125,27.09765625,5736,1.9727809429168701,5735,0.04106825962662697,0.0078125,-0.10021531581878662,88.00390625,1725.851353594,45640,0.974609375,0.6015623807907104,8810496,1.0,1746475272.7938766
0.2975260317325592,26.99088478088379,5749,1.9727809429168701,5748,0.03313618153333664,0.0078125,-0.06344331800937653,88.00390625,1729.674490332,45744,0.974609375,0.5950520038604736,8830464,1.0,1746475276.6169887
0.30078125,27.05338478088379,5752,1.9727809429168701,5751,0.0421302355825901,0.0078125,-0.08223418891429901,88.00390625,1730.555747473,45768,0.974609375,0.6015623807907104,8835072,1.0,1746475277.4982476
0.2747395932674408,27.50650978088379,5763,1.9727809429168701,5762,0.02681558206677437,0.0078125,-0.0695684552192688,88.00390625,1733.788469366,45856,0.974609375,0.5849652290344238,8851968,1.0,1746475280.7309656
0.2975260317325592,27.82552146911621,5765,1.9727809429168701,5764,0.03971659764647484,0.0078125,-0.09529738128185272,88.00390625,1734.375772974,45872,0.974609375,0.6124790906906128,8855040,1.0,1746475281.3182864
0.3072916567325592,27.41927146911621,5772,1.9727809429168701,5771,0.04568830877542496,0.0078125,-0.04915372654795647,88.00390625,1736.431215604,45928,0.974609375,0.6145832538604736,8865792,1.0,1746475283.3737195
0.2955729067325592,26.84244728088379,5793,1.9727809429168701,5792,0.031541094183921814,0.0078125,-0.013052809983491898,88.00390625,1742.601989593,46096,0.974609375,0.5911457538604736,8898048,1.0,1746475289.5445192
0.244140625,26.34635353088379,5794,1.9727809429168701,5793,0.035477884113788605,0.0078125,-0.0002935496158897877,88.00390625,1742.895708934,46104,0.974609375,0.525803804397583,8899584,1.0,1746475289.8382418
0.2877604067325592,26.45833396911621,5814,1.9727809429168701,5813,0.03405645862221718,0.0078125,-0.003654495347291231,88.00390625,1748.773968108,46264,0.974609375,0.5755207538604736,8930304,1.0,1746475295.7164803
0.201171875,26.08203125,5818,1.9727809429168701,5817,0.028027428314089775,0.0078125,-0.006009649485349655,88.00390625,1749.949559041,46296,0.974609375,0.4728540778160095,8936448,1.0,1746475296.89207
0.3177083432674408,27.92708396911621,5832,1.9727809429168701,5831,0.03726815804839134,0.0078125,-0.04292348772287369,88.00390625,1754.062233401,46408,0.974609375,0.635416567325592,8957952,1.0,1746475301.0047371
0.3053385317325592,27.40234375,5835,1.9727809429168701,5834,0.029295919463038445,0.0078125,-0.025866258889436722,88.00390625,1754.943329087,46432,0.974609375,0.6106770038604736,8962560,1.0,1746475301.8858411
0.31640625,27.828125,5848,1.9727809429168701,5847,0.04022134095430374,0.0078125,-0.035499896854162216,88.00390625,1758.763491577,46536,0.974609375,0.6328123807907104,8982528,1.0,1746475305.705986
0.2376302033662796,26.02734375,5883,1.9550831317901611,5882,0.026125136762857437,0.0078125,0.0158171858638525,88.0,1769.111268525,46816,0.9609375,0.5153072476387024,9036288,1.0,1746475316.053783
0.28515625,27.19921875,5884,1.9550831317901611,5883,0.036701373755931854,0.0078125,-0.0009794391226023436,88.0,1769.40493708,46824,0.9609375,0.5890164375305176,9037824,1.0,1746475316.3474593
0.2936197817325592,26.66796875,5906,1.9550831317901611,5905,0.0313822366297245,0.0078125,0.07661241292953491,88.0,1775.870632552,47000,0.9609375,0.5872395038604736,9071616,1.0,1746475322.8131206
0.2923177182674408,26.63020896911621,5912,1.9550831317901611,5911,0.0391584150493145,0.0078125,0.06792289763689041,88.0,1777.633089626,47048,0.9609375,0.584635317325592,9080832,1.0,1746475324.575574
0.2805989682674408,26.97786521911621,5916,1.9550831317901611,5915,0.04663066193461418,0.0078125,0.06973560154438019,88.0,1778.808469161,47080,0.9609375,0.5747916102409363,9086976,1.0,1746475325.7509835
0.2936197817325592,27.62109375,5921,1.9550831317901611,5920,0.03755256533622742,0.0078125,0.052407920360565186,88.0,1780.280797878,47120,0.9609375,0.6046665906906128,9094656,1.0,1746475327.2233167
0.24609375,26.14453125,5945,1.9550831317901611,5944,0.033806078135967255,0.0078125,0.06531520187854767,88.0,1787.332190512,47312,0.9609375,0.5299374461174011,9131520,1.0,1746475334.2747078
0.2994791567325592,27.09375,5972,1.9550831317901611,5971,0.027771927416324615,0.0078125,-0.02716619335114956,88.0,1795.26391505,47528,0.9609375,0.5989582538604736,9172992,1.0,1746475342.2064474
0.2975260317325592,26.98828125,5981,1.9550831317901611,5980,0.04323826730251312,0.0078125,-0.016673235222697258,88.0,1797.911460234,47600,0.9609375,0.5950520038604736,9186816,1.0,1746475344.8539648
0.2825520932674408,26.15755271911621,6003,1.9550831317901611,6002,0.04167164862155914,0.0078125,-0.05608787760138512,88.0,1804.375992698,47776,0.9609375,0.565104067325592,9220608,1.0,1746475351.3185139
0.2447916716337204,26.6015625,6035,1.9550831317901611,6034,0.04002624750137329,0.0078125,-0.09412030130624771,88.0,1813.788155865,48032,0.9609375,0.5325546264648438,9269760,1.0,1746475360.730674
0.2532552182674408,26.87239646911621,6053,1.9550831317901611,6052,0.043738074600696564,0.0078125,-0.1473619043827057,88.0,1819.078205769,48176,0.9609375,0.548736035823822,9297408,1.0,1746475366.0207076
0.2727864682674408,26.81380271911621,6066,1.9550831317901611,6065,0.05346193164587021,0.0078125,-0.14711344242095947,88.0,1822.897078592,48280,0.9609375,0.5669617056846619,9317376,1.0,1746475369.8395817
0.208984375,25.29036521911621,6074,1.9550831317901611,6073,0.05443828925490379,0.0078125,-0.21841423213481903,88.0,1825.247403601,48344,0.9609375,0.47201210260391235,9329664,1.0,1746475372.1899095
0.263671875,27.90625,6088,1.9550831317901611,6087,0.05780753493309021,0.0078125,-0.19178113341331482,88.0,1829.360361767,48456,0.9609375,0.5704687237739563,9351168,1.0,1746475376.3028796
0.294921875,26.78255271911621,6100,1.9550831317901611,6099,0.04323336109519005,0.0078125,-0.1286763995885849,88.0,1832.887281766,48552,0.9609375,0.5898436307907104,9369600,1.0,1746475379.8297887
0.310546875,27.59635353088379,6124,1.9550831317901611,6123,0.05152423307299614,0.0078125,-0.10910481959581375,88.0,1839.956688873,48744,0.9609375,0.6210936307907104,9406464,1.0,1746475386.899206
0.2962239682674408,28.4609375,6136,1.9550831317901611,6135,0.051471345126628876,0.0078125,-0.12547089159488678,88.0,1843.481452398,48840,0.9609375,0.6184791326522827,9424896,1.0,1746475390.423973
0.2526041567325592,27.22395896911621,6157,1.9550831317901611,6156,0.044549714773893356,0.0078125,-0.07143378257751465,88.0,1849.651452084,49008,0.9609375,0.5524652004241943,9457152,1.0,1746475396.5939744
0.3098958432674408,27.55599021911621,6191,1.9733017683029175,6190,0.04467575252056122,0.0078125,-0.08038823306560516,87.810546875,1859.702150885,49280,0.9765625,0.619791567325592,9509376,1.0,1746475406.6446512
0.220703125,27.08203125,6206,1.9733017683029175,6205,0.04636436700820923,0.0078125,-0.08795525133609772,87.810546875,1864.117313442,49400,0.9765625,0.5137222409248352,9532416,1.0,1746475411.059844
0.2864583432674408,26.36067771911621,6220,1.9733017683029175,6219,0.06573604047298431,0.0078125,-0.1777181625366211,87.810546875,1868.231857935,49512,0.9765625,0.572916567325592,9553920,1.0,1746475415.1743782
0.224609375,26.89974021911621,6237,1.9733017683029175,6236,0.03483337536454201,0.0078125,-0.08376791328191757,87.810546875,1873.233776385,49648,0.9765625,0.5061006546020508,9580032,1.0,1746475420.1762836
0.2213541716337204,26.06510353088379,6240,1.9733017683029175,6239,0.05276024341583252,0.0078125,-0.08809375762939453,87.810546875,1874.115227192,49672,0.9765625,0.4997820258140564,9584640,1.0,1746475421.0577486
0.2473958283662796,26.08724021911621,6262,1.9733017683029175,6261,0.05338818579912186,0.0078125,-0.08797821402549744,87.810546875,1880.57876095,49848,0.9765625,0.5293298363685608,9618432,1.0,1746475427.5212862
0.2779947817325592,26.83463478088379,6274,1.9733017683029175,6273,0.05461599677801132,0.0078125,-0.0956907570362091,87.810546875,1884.103112622,49944,0.9765625,0.5737326145172119,9636864,1.0,1746475431.0456135
0.251953125,25.34244728088379,6276,1.9733017683029175,6275,0.055906396359205246,0.0078125,-0.12052889168262482,87.810546875,1884.691541013,49960,0.9765625,0.5207012891769409,9639936,1.0,1746475431.6340523
0.306640625,27.39583396911621,6294,1.9733017683029175,6293,0.03711286559700966,0.0078125,-0.11867476999759674,87.810546875,1889.978761898,50104,0.9765625,0.6132811307907104,9667584,1.0,1746475436.9212823
0.2838541567325592,27.07552146911621,6301,1.9733017683029175,6300,0.05208597332239151,0.0078125,-0.14652815461158752,87.810546875,1892.035931126,50160,0.9765625,0.5851353406906128,9678336,1.0,1746475438.9784374
0.2545572817325592,25.56380271911621,6314,1.9733017683029175,6313,0.038411349058151245,0.0078125,-0.10671480745077133,87.810546875,1895.853612676,50264,0.9765625,0.5271735787391663,9698304,1.0,1746475442.7961328
0.29296875,26.70963478088379,6317,1.9733017683029175,6316,0.04759855195879936,0.0078125,-0.13110123574733734,87.810546875,1896.735137522,50288,0.9765625,0.5859373807907104,9702912,1.0,1746475443.6776564
0.224609375,27.01302146911621,6325,1.9733017683029175,6324,0.04506232589483261,0.0078125,-0.1207786500453949,87.810546875,1899.084954308,50352,0.9765625,0.5116093158721924,9715200,1.0,1746475446.0274527
0.171875,26.85025978088379,6340,1.9733017683029175,6339,0.0751996636390686,0.0078125,-0.10556438565254211,87.810546875,1903.49214539,50472,0.9765625,0.4452013373374939,9738240,1.0,1746475450.4346554
0.1946614533662796,26.75911521911621,6341,1.9733017683029175,6340,0.04751642048358917,0.0078125,-0.0834425687789917,87.810546875,1903.785883706,50480,0.9765625,0.47423866391181946,9739776,1.0,1746475450.7283938
0.2734375,26.56119728088379,6382,1.9733017683029175,6381,0.044600047171115875,0.0078125,-0.11592797935009003,87.810546875,1915.842388438,50808,0.9765625,0.5633540749549866,9802752,1.0,1746475462.7849095
0.2421875,27.37890625,6416,1.9733017683029175,6415,0.03940483182668686,0.0078125,-0.08711893856525421,87.810546875,1925.832687489,51080,0.9765625,0.5383228659629822,9854976,1.0,1746475472.7751894
0.26171875,27.58984375,6421,1.9733017683029175,6420,0.04111780971288681,0.0078125,-0.07370232045650482,87.810546875,1927.305825359,51120,0.9765625,0.5652620792388916,9862656,1.0,1746475474.2483513
0.244140625,25.94661521911621,6423,1.9733017683029175,6422,0.047440577298402786,0.0078125,-0.10846744477748871,87.810546875,1927.893339243,51136,0.9765625,0.5240832567214966,9865728,1.0,1746475474.8358488
0.2408854216337204,25.73177146911621,6424,1.9733017683029175,6423,0.04252691566944122,0.0078125,-0.10054691135883331,87.810546875,1928.187097213,51144,0.9765625,0.5166249871253967,9867264,1.0,1746475475.1296184
0.2858072817325592,27.1484375,6451,1.9733017683029175,6450,0.03598066046833992,0.0078125,-0.07548464089632034,87.810546875,1936.120276723,51360,0.9765625,0.5896735191345215,9908736,1.0,1746475483.062798
0.2330729216337204,25.30599021911621,6454,1.9733017683029175,6453,0.038956839591264725,0.0078125,-0.11874855309724808,87.810546875,1937.001939732,51384,0.9765625,0.5009756088256836,9913344,1.0,1746475483.9444518
0.291015625,27.53125,6455,1.9733017683029175,6454,0.043161362409591675,0.0078125,-0.12852875888347626,87.810546875,1937.295799151,51392,0.9765625,0.6000902652740479,9914880,1.0,1746475484.238322
0.2317708283662796,27.01432228088379,6483,1.9733017683029175,6482,0.045521754771471024,0.0078125,-0.031807854771614075,87.810546875,1945.527139777,51616,0.9765625,0.5254513621330261,9957888,1.0,1746475492.469642
0.2630208432674408,26.85807228088379,6490,1.9733017683029175,6489,0.04299504682421684,0.0078125,-0.0339224711060524,87.810546875,1947.582706666,51672,0.9765625,0.5596076250076294,9968640,1.0,1746475494.5252025
0.29296875,26.72265625,6492,1.9733017683029175,6491,0.040688805282115936,0.0078125,-0.06544473767280579,87.810546875,1948.170515926,51688,0.9765625,0.5859373807907104,9971712,1.0,1746475495.1130269
0.2740885317325592,26.73177146911621,6508,1.9853590726852417,6507,0.04253193736076355,0.0078125,0.004396203905344009,88.2265625,1952.937795483,51816,0.986328125,0.5675259828567505,9996288,1.0,1746475499.8803241
0.2688802182674408,28.02604103088379,6509,1.9853590726852417,6508,0.06065911054611206,0.0078125,-0.043325990438461304,88.2265625,1953.231475473,51824,0.986328125,0.5848436951637268,9997824,1.0,1746475500.173986
