_step,grad_steps,env_step,update_steps,returned_won_episode,returned_episode_lengths,returned_episode,loss,test_returned_episode_returns,_timestamp,test_returned_won_episode,returned_episode_returns,qvals,test_returned_episode_lengths,test_returned_episode,_runtime
25,0,39936.0,26,0.0,28.912109375,0.01888020895421505,0.0,0.17097532749176025,1746457866.4640613,0.0,0.14488454163074493,0.0,28.761600494384766,1.0,46.888576901
27,0,43008.0,28,0.0,28.193359375,0.02018229104578495,0.0,0.17097532749176025,1746457866.5744452,0.0,0.14299999177455902,0.0,28.761600494384766,1.0,46.998938864
42,96,66048.0,43,0.0,26.09244728088379,0.02083333395421505,0.008477447554469109,0.17097532749176025,1746457870.285609,0.0,0.14211542904376984,0.5100457668304443,28.761600494384766,1.0,50.710120351
69,312,107520.0,70,0.0,27.541015625,0.01822916604578495,0.007559829391539097,0.17097532749176025,1746457878.2517104,0.0,0.1679166555404663,0.9275819063186646,28.761600494384766,1.0,58.676206471
71,328,110592.0,72,0.0,27.62890625,0.01953125,0.016924988478422165,0.17097532749176025,1746457878.8395972,0.0,0.1742812544107437,0.99015212059021,28.761600494384766,1.0,59.2640935
108,624,167424.0,109,0.0,29.28645896911621,0.01822916604578495,0.011286040768027306,0.17097532749176025,1746457889.776316,0.0,0.17986717820167542,0.9037498831748962,28.761600494384766,1.0,70.200791485
115,680,178176.0,116,0.0,28.669921875,0.01953125,0.013938524760305882,0.17097532749176025,1746457891.8534596,0.0,0.2057439088821411,0.9339605569839478,28.761600494384766,1.0,72.278078605
134,832,207360.0,135,0.0,28.87890625,0.017578125,0.017825249582529068,0.17097532749176025,1746457897.4666831,0.0,0.18283505737781525,0.9157191514968872,28.761600494384766,1.0,77.891170637
136,848,210432.0,137,0.0,29.44856834411621,0.01822916604578495,0.017170418053865433,0.17097532749176025,1746457898.0683377,0.0,0.20605206489562988,0.914667010307312,28.761600494384766,1.0,78.492826217
148,944,228864.0,149,0.0,28.75716209411621,0.01822916604578495,0.019171878695487976,0.17097532749176025,1746457901.634677,0.0,0.19714409112930298,0.9129553437232971,28.761600494384766,1.0,82.05932837
152,976,235008.0,153,0.0,29.59895896911621,0.017578125,0.026344386860728264,0.17097532749176025,1746457902.8159537,0.0,0.19592534005641937,0.8899943232536316,28.761600494384766,1.0,83.240458588
161,1048,248832.0,162,0.0,28.71549415588379,0.01822916604578495,0.040247298777103424,0.17097532749176025,1746457905.472425,0.0,0.20332810282707214,0.9065898656845093,28.761600494384766,1.0,85.897011881
169,1112,261120.0,170,0.0,28.37109375,0.015625,0.019967887550592422,0.17097532749176025,1746457907.854133,0.0,0.1867968738079071,0.9019333124160767,28.761600494384766,1.0,88.27876973
192,1296,296448.0,193,0.0,29.13541603088379,0.01953125,0.04137977212667465,0.17097532749176025,1746457914.6974478,0.0,0.22111283242702484,0.8950971364974976,28.761600494384766,1.0,95.122010483
193,1304,297984.0,194,0.0,28.42447853088379,0.01888020895421505,0.04310692101716995,0.17097532749176025,1746457914.9920444,0.0,0.20503123104572296,0.8665038347244263,28.761600494384766,1.0,95.416592789
207,1416,319488.0,208,0.0,30.25455665588379,0.01692708395421505,0.032709185034036636,0.17097532749176025,1746457919.1537633,0.0,0.1895945966243744,0.843958854675293,28.761600494384766,1.0,99.578275179
235,1640,362496.0,236,0.0,29.7109375,0.015625,0.03686181455850601,0.17097532749176025,1746457927.51053,0.0,0.19910761713981628,0.7258104085922241,28.761600494384766,1.0,107.935068292
236,1648,364032.0,237,0.0,29.95572853088379,0.015625,0.04894951730966568,0.17097532749176025,1746457927.8052955,0.0,0.18083766102790833,0.7284285426139832,28.761600494384766,1.0,108.229941828
238,1664,367104.0,239,0.0,31.109375,0.014973958022892475,0.05506088584661484,0.17097532749176025,1746457928.3957846,0.0,0.19357812404632568,0.7048588395118713,28.761600494384766,1.0,108.820331466
264,1872,407040.0,265,0.0,30.05599021911621,0.01692708395421505,0.04300942271947861,0.17097532749176025,1746457936.150695,0.0,0.21482115983963013,0.7653859853744507,28.761600494384766,1.0,116.575202855
276,1968,425472.0,277,0.0,30.40559959411621,0.01627604104578495,0.05046094208955765,0.17097532749176025,1746457939.7363477,0.0,0.18844355642795563,0.6990198493003845,28.761600494384766,1.0,120.160822033
305,2200,470016.0,306,0.0,27.794921875,0.02213541604578495,0.09678231179714203,0.17097532749176025,1746457948.389613,0.0,0.18059025704860687,0.542818546295166,28.761600494384766,1.0,128.814243718
315,2280,485376.0,316,0.0,29.671875,0.017578125,0.0634676069021225,0.17097532749176025,1746457951.3675172,0.0,0.1819887012243271,0.49506497383117676,28.761600494384766,1.0,131.792144833
327,2376,503808.0,328,0.0,30.1171875,0.014973958022892475,0.0479901060461998,0.14270980656147003,1746457955.0001364,0.0,0.19379253685474396,0.5303347110748291,23.637126922607422,1.0000001192092896,135.424698308
333,2424,513024.0,334,0.0,29.990234375,0.01627604104578495,0.07588016986846924,0.14270980656147003,1746457956.7943158,0.0,0.23077340424060822,0.555655300617218,23.637126922607422,1.0000001192092896,137.218810874
368,2704,566784.0,369,0.0,25.802734375,0.02278645895421505,0.1332700550556183,0.14270980656147003,1746457967.2107444,0.0,0.13276736438274384,0.6670624613761902,23.637126922607422,1.0000001192092896,147.635274246
391,2888,602112.0,392,0.0,30.93099021911621,0.01627604104578495,0.06861825287342072,0.14270980656147003,1746457974.0609455,0.0,0.19373957812786102,0.613271176815033,23.637126922607422,1.0000001192092896,154.485501808
400,2960,615936.0,401,0.0,29.51953125,0.014973958022892475,0.06180214509367943,0.14270980656147003,1746457976.7423182,0.0,0.22288627922534943,0.6508921384811401,23.637126922607422,1.0000001192092896,157.166812423
407,3016,626688.0,408,0.0,29.08984375,0.01822916604578495,0.0757255107164383,0.14270980656147003,1746457978.8257027,0.0,0.22823524475097656,0.5833388566970825,23.637126922607422,1.0000001192092896,159.250244192
419,3112,645120.0,420,0.0,27.41927146911621,0.021484375,0.3160306215286255,0.14270980656147003,1746457982.488761,0.0,0.13513454794883728,0.693844735622406,23.637126922607422,1.0000001192092896,162.913263292
426,3168,655872.0,427,0.0,29.63020896911621,0.01692708395421505,0.17892612516880035,0.14270980656147003,1746457984.5578682,0.0,0.20508940517902374,0.7575662732124329,23.637126922607422,1.0000001192092896,164.982404344
430,3200,662016.0,431,0.0,27.58984375,0.021484375,0.22949868440628052,0.14270980656147003,1746457985.7527397,0.0,0.16463889181613922,0.6563534736633301,23.637126922607422,1.0000001192092896,166.177251024
450,3360,692736.0,451,0.0,30.58724021911621,0.015625,0.12728101015090942,0.14270980656147003,1746457991.6790886,0.0,0.17009113729000092,0.5570704340934753,23.637126922607422,1.0000001192092896,172.103697666
475,3560,731136.0,476,0.0,27.65950584411621,0.02213541604578495,0.13377797603607178,0.14270980656147003,1746457999.123049,0.0,0.17486543953418732,0.41825777292251587,23.637126922607422,1.0000001192092896,179.54754093
479,3592,737280.0,480,0.0,30.82161521911621,0.015625,0.15281111001968384,0.14270980656147003,1746458000.3207347,0.0,0.1590920090675354,0.4257701635360718,23.637126922607422,1.0000001192092896,180.745264795
480,3600,738816.0,481,0.0,31.37760353088379,0.013671875,0.21960899233818054,0.14270980656147003,1746458000.6167204,0.0,0.1597578078508377,0.4102174639701843,23.637126922607422,1.0000001192092896,181.041314394
486,3648,748032.0,487,0.0,29.24479103088379,0.01692708395421505,0.16823118925094604,0.14270980656147003,1746458002.3973522,0.0,0.12825867533683777,0.29110562801361084,23.637126922607422,1.0000001192092896,182.821863997
488,3664,751104.0,489,0.0,29.04947853088379,0.017578125,0.14275671541690826,0.14270980656147003,1746458002.9975526,0.0,0.21237845718860626,0.3282402455806732,23.637126922607422,1.0000001192092896,183.422054048
500,3760,769536.0,501,0.0,30.45703125,0.015625,0.11074689775705338,0.14270980656147003,1746458006.5660074,0.0,0.1449088603258133,0.30550864338874817,23.637126922607422,1.0000001192092896,186.990618267
505,3800,777216.0,506,0.0,31.25650978088379,0.01171875,0.0950603038072586,0.14270980656147003,1746458008.0519063,0.0,0.12978556752204895,0.30209892988204956,23.637126922607422,1.0000001192092896,188.47655213
544,4112,837120.0,545,0.0,22.576171875,0.03059895895421505,0.2453097105026245,0.14270980656147003,1746458019.6142492,0.0,0.06148958206176758,0.3658095598220825,23.637126922607422,1.0000001192092896,200.038813561
548,4144,843264.0,549,0.0,30.57942771911621,0.013671875,0.24892058968544006,0.14270980656147003,1746458020.8064349,0.0,0.10218315571546555,0.37103548645973206,23.637126922607422,1.0000001192092896,201.230950161
569,4312,875520.0,570,0.0,30.46484375,0.015625,0.23707377910614014,0.14270980656147003,1746458027.0432396,0.0,0.12533332407474518,0.4754767417907715,23.637126922607422,1.0000001192092896,207.467777175
587,4456,903168.0,588,0.0,31.02083396911621,0.008463541977107525,0.3262282907962799,0.14270980656147003,1746458032.4070232,0.0,0.07686024159193039,0.45537325739860535,23.637126922607422,1.0000001192092896,212.831604864
616,4688,947712.0,617,0.0,30.67447853088379,0.0078125,0.34948036074638367,0.14270980656147003,1746458041.0116508,0.0,0.05534027889370918,0.5260642766952515,23.637126922607422,1.0000001192092896,221.436280268
639,4872,983040.0,640,0.0,30.68619728088379,0.010416666977107525,0.4325200617313385,0.14270980656147003,1746458047.8261688,0.0,0.0652482658624649,0.6095044612884521,23.637126922607422,1.0000001192092896,228.250700013
648,4944,996864.0,649,0.0,31.33724021911621,0.008463541977107525,0.36465755105018616,0.14270980656147003,1746458050.5036857,0.0,0.050905387848615646,0.542109489440918,23.637126922607422,1.0000001192092896,230.928191082
654,4992,1006080.0,655,0.0,31.4375,0.009114583022892475,0.284379243850708,0.07750968635082245,1746458052.3493273,0.0,0.07656684517860413,0.4752396047115326,57.16666793823242,1.0,232.773856049
669,5112,1029120.0,670,0.0,29.1171875,0.010416666977107525,0.45640289783477783,0.07750968635082245,1746458056.7865508,0.0,0.0242847241461277,0.6052689552307129,57.16666793823242,1.0,237.211197036
687,5256,1056768.0,688,0.0,31.96354103088379,0.013020833022892475,0.39520904421806335,0.07750968635082245,1746458062.1258054,0.0,0.05634462088346481,0.5960875153541565,57.16666793823242,1.0,242.550411566
709,5432,1090560.0,710,0.0,32.14583206176758,0.010416666977107525,0.30858632922172546,0.07750968635082245,1746458068.6657133,0.0,0.06527083367109299,0.5243948101997375,57.16666793823242,1.0,249.090350971
762,5856,1171968.0,763,0.0,31.4375,0.009114583022892475,0.2153811752796173,0.07750968635082245,1746458084.4209292,0.0,0.11128992587327957,0.5090698003768921,57.16666793823242,1.0,264.845567562
789,6072,1213440.0,790,0.0,31.59505271911621,0.008463541977107525,0.29645514488220215,0.07750968635082245,1746458092.4373684,0.0,0.10300693660974503,0.5517265796661377,57.16666793823242,1.0,272.861856063
814,6272,1251840.0,815,0.0,31.87369728088379,0.010416666977107525,0.24256716668605804,0.07750968635082245,1746458099.849388,0.0,0.12845398485660553,0.6548399925231934,57.16666793823242,1.0,280.273917255
822,6336,1264128.0,823,0.0,32.35676956176758,0.01171875,0.1759943664073944,0.07750968635082245,1746458102.2274165,0.0,0.19459374248981476,0.6258219480514526,57.16666793823242,1.0,282.651959414
835,6440,1284096.0,836,0.0,31.78255271911621,0.014322916977107525,0.17293578386306763,0.07750968635082245,1746458106.0901787,0.0,0.19964928925037384,0.47424858808517456,57.16666793823242,1.0,286.514743909
848,6544,1304064.0,849,0.0,29.84114646911621,0.009114583022892475,0.2260570228099823,0.07750968635082245,1746458109.955465,0.0,0.17123174667358398,0.5544503927230835,57.16666793823242,1.0,290.380053286
864,6672,1328640.0,865,0.0,31.26432228088379,0.009765625,0.16704963147640228,0.07750968635082245,1746458114.7258303,0.0,0.17527948319911957,0.412705659866333,57.16666793823242,1.0,295.150472744
871,6728,1339392.0,872,0.0,32.08723831176758,0.009114583022892475,0.20372051000595093,0.07750968635082245,1746458116.7822344,0.0,0.17181162536144257,0.3945958614349365,57.16666793823242,1.0,297.206770585
905,7000,1391616.0,906,0.0,31.02474021911621,0.009114583022892475,0.16392149031162262,0.07750968635082245,1746458126.8873513,0.0,0.20412585139274597,0.5153683423995972,57.16666793823242,1.0,307.311980069
924,7152,1420800.0,925,0.0,30.19270896911621,0.0078125,0.21128268539905548,0.07750968635082245,1746458132.5057757,0.0,0.15063974261283875,0.4021635055541992,57.16666793823242,1.0,312.930275633
948,7344,1457664.0,949,0.0,31.4453125,0.0078125,0.11406571418046951,0.07750968635082245,1746458139.6441584,0.0,0.1804782897233963,0.35053056478500366,57.16666793823242,1.0,320.0686593
957,7416,1471488.0,958,0.0,31.56510353088379,0.008463541977107525,0.09667401760816574,0.07750968635082245,1746458142.3171585,0.0,0.18384981155395508,0.2554403841495514,57.16666793823242,1.0,322.741708515
962,7456,1479168.0,963,0.0,31.18099021911621,0.008463541977107525,0.10417157411575317,0.07750968635082245,1746458143.8086965,0.0,0.1893923282623291,0.25324878096580505,57.16666793823242,1.0,324.233226735
979,7592,1505280.0,980,0.0,30.26171875,0.0078125,0.09034357964992523,0.45945435762405396,1746458148.9226568,0.0,0.1528072953224182,0.20489853620529175,76.61376953125,1.0,329.347183088
982,7616,1509888.0,983,0.0,27.25260353088379,0.0078125,0.13655291497707367,0.45945435762405396,1746458149.8108516,0.0,0.144309863448143,0.2291412651538849,76.61376953125,1.0,330.235370078
986,7648,1516032.0,987,0.0,30.36588478088379,0.0078125,0.08384571969509125,0.45945435762405396,1746458151.0076003,0.0,0.17050345242023468,0.2340245544910431,76.61376953125,1.0,331.432315351
990,7680,1522176.0,991,0.0,30.2578125,0.0078125,0.07450547814369202,0.45945435762405396,1746458152.1911523,0.0,0.17605812847614288,0.22490859031677246,76.61376953125,1.0,332.615801449
1000,7760,1537536.0,1001,0.0,30.82291603088379,0.009114583022892475,0.07772611826658249,0.45945435762405396,1746458155.1474583,0.0,0.2233654111623764,0.22036805748939514,76.61376953125,1.0,335.572064471
1027,7976,1579008.0,1028,0.0,30.23567771911621,0.008463541977107525,0.06882462650537491,0.45945435762405396,1746458163.1699846,0.0,0.17358851432800293,0.2114604115486145,76.61376953125,1.0,343.594490418
1044,8112,1605120.0,1045,0.0,29.54427146911621,0.009765625,0.09489995986223221,0.45945435762405396,1746458168.2138617,0.0,0.2164314091205597,0.19317692518234253,76.61376953125,1.0,348.638479403
1059,8232,1628160.0,1060,0.0,28.66145896911621,0.0078125,0.06792016327381134,0.45945435762405396,1746458172.6777613,0.0,0.202820286154747,0.09675131738185883,76.61376953125,1.0,353.102364969
1063,8264,1634304.0,1064,0.0,28.54557228088379,0.0078125,0.0662146657705307,0.45945435762405396,1746458173.872237,0.0,0.18358765542507172,0.02973158098757267,76.61376953125,1.0,354.296807925
1086,8448,1669632.0,1087,0.0,28.85025978088379,0.009114583022892475,0.08828882873058319,0.45945435762405396,1746458180.6889374,0.0,0.16017012298107147,0.08007963001728058,76.61376953125,1.0,361.113492121
1094,8512,1681920.0,1095,0.0,27.36067771911621,0.0078125,0.043753884732723236,0.45945435762405396,1746458183.0623488,0.0,0.16265450417995453,0.13950087130069733,76.61376953125,1.0,363.486909111
1126,8768,1731072.0,1127,0.0,27.22005271911621,0.008463541977107525,0.15054106712341309,0.45945435762405396,1746458192.5714862,0.0,0.1775425225496292,0.22575688362121582,76.61376953125,1.0,372.996029285
1145,8920,1760256.0,1146,0.0,29.55599021911621,0.0078125,0.02539743483066559,0.45945435762405396,1746458198.2042944,0.0,0.23407462239265442,0.19623006880283356,76.61376953125,1.0,378.628848617
1148,8944,1764864.0,1149,0.0,29.54296875,0.008463541977107525,0.02385285496711731,0.45945435762405396,1746458199.1039748,0.0,0.2234487533569336,0.20961923897266388,76.61376953125,1.0,379.528466621
1185,9240,1821696.0,1186,0.0,30.0625,0.0078125,0.02545744925737381,0.45945435762405396,1746458210.0832963,0.0,0.24372999370098114,0.19736021757125854,76.61376953125,1.0,390.507835545
1195,9320,1837056.0,1196,0.0,29.86067771911621,0.0078125,0.018541522324085236,0.45945435762405396,1746458213.0626187,0.0,0.23763366043567657,0.20995767414569855,76.61376953125,1.0,393.487108736
1203,9384,1849344.0,1204,0.0,31.11588478088379,0.0078125,0.019276831299066544,0.45945435762405396,1746458215.451169,0.0,0.2676509916782379,0.20070327818393707,76.61376953125,1.0,395.875749747
1206,9408,1853952.0,1207,0.0,31.13411521911621,0.0078125,0.016512271016836166,0.45945435762405396,1746458216.3486362,0.0,0.26257550716400146,0.2166689932346344,76.61376953125,1.0,396.773141856
1210,9440,1860096.0,1211,0.0,29.85546875,0.0078125,0.016873866319656372,0.45945435762405396,1746458217.5422735,0.0,0.261717826128006,0.22433717548847198,76.61376953125,1.0,397.96690052
1250,9760,1921536.0,1251,0.0,30.54036521911621,0.0078125,0.015853241086006165,0.45945435762405396,1746458229.4171753,0.0,0.2766839861869812,0.21291017532348633,76.61376953125,1.0,409.841857755
1266,9888,1946112.0,1267,0.0,29.51432228088379,0.0078125,0.024434536695480347,0.45945435762405396,1746458234.1739936,0.0,0.26648518443107605,0.25758683681488037,76.61376953125,1.0,414.598597009
1267,9896,1947648.0,1268,0.0,29.20703125,0.0078125,0.02599741518497467,0.45945435762405396,1746458234.4687154,0.0,0.2542977035045624,0.24900312721729279,76.61376953125,1.0,414.893252431
1272,9936,1955328.0,1273,0.0,29.06119728088379,0.008463541977107525,0.017276955768465996,0.45945435762405396,1746458235.9484096,0.0,0.26336193084716797,0.19920560717582703,76.61376953125,1.0,416.37291798
1282,10016,1970688.0,1283,0.0,30.19921875,0.0078125,0.016114894300699234,0.45945435762405396,1746458238.9135876,0.0,0.2718871235847473,0.22536516189575195,76.61376953125,1.0,419.338085714
1290,10080,1982976.0,1291,0.0,28.87369728088379,0.0078125,0.013522895984351635,0.45945435762405396,1746458241.284258,0.0,0.2487160861492157,0.23419791460037231,76.61376953125,1.0,421.708763941
1292,10096,1986048.0,1293,0.0,29.06900978088379,0.0078125,0.015186022967100143,0.45945435762405396,1746458241.9091523,0.0,0.25076642632484436,0.23645833134651184,76.61376953125,1.0,422.333685017
1310,10240,2013696.0,1311,0.02083333395421505,28.25130271911621,0.0078125,0.014746607281267643,0.7954898476600647,1746458247.3197339,0.02330097183585167,0.28212234377861023,0.26523756980895996,85.74563598632812,1.0,427.744253659
1336,10448,2053632.0,1337,0.0,29.87109375,0.008463541977107525,0.014145804569125175,0.7954898476600647,1746458255.0230265,0.02330097183585167,0.2624635100364685,0.2702658176422119,85.74563598632812,1.0,435.447627585
1352,10576,2078208.0,1353,0.0,31.19661521911621,0.008463541977107525,0.01587856560945511,0.7954898476600647,1746458259.7768507,0.02330097183585167,0.2814348638057709,0.31222015619277954,85.74563598632812,1.0,440.201405374
1358,10624,2087424.0,1359,0.0,30.49349021911621,0.0078125,0.01409413293004036,0.7954898476600647,1746458261.5614805,0.02330097183585167,0.28686973452568054,0.3175066113471985,85.74563598632812,1.0,441.986000605
1391,10888,2138112.0,1392,0.0,27.9921875,0.0078125,0.03140941634774208,0.7954898476600647,1746458271.3588452,0.02330097183585167,0.23652426898479462,0.3147619366645813,85.74563598632812,1.0,451.783378965
1393,10904,2141184.0,1394,0.0,30.87760353088379,0.008463541977107525,0.0243185106664896,0.7954898476600647,1746458271.9486837,0.02330097183585167,0.2920224964618683,0.3219527006149292,85.74563598632812,1.0,452.373223508
1400,10960,2151936.0,1401,0.02669270895421505,28.63150978088379,0.0078125,0.05402088910341263,0.7954898476600647,1746458274.0378513,0.02330097183585167,0.2929365932941437,0.25819629430770874,85.74563598632812,1.0,454.462363102
1430,11200,2198016.0,1431,0.02018229104578495,28.75260353088379,0.0078125,0.02817203849554062,0.7954898476600647,1746458282.9535449,0.02330097183585167,0.2932872474193573,0.18796417117118835,85.74563598632812,1.0,463.378081042
1442,11296,2216448.0,1443,0.0,29.11458396911621,0.0078125,0.024052102118730545,0.7954898476600647,1746458286.5239222,0.02330097183585167,0.26424041390419006,0.21099963784217834,85.74563598632812,1.0,466.948578602
1446,11328,2222592.0,1447,0.02669270895421505,25.88671875,0.0078125,0.04231343790888786,0.7954898476600647,1746458287.709312,0.02330097183585167,0.2586614191532135,0.10842087119817734,85.74563598632812,1.0,468.133944662
1457,11416,2239488.0,1458,0.02278645895421505,26.88411521911621,0.008463541977107525,0.022279363125562668,0.7954898476600647,1746458290.9800713,0.02330097183585167,0.2706614136695862,0.11431251466274261,85.74563598632812,1.0,471.404572549
1463,11464,2248704.0,1464,0.0,27.11849021911621,0.0078125,0.02456434816122055,0.7954898476600647,1746458292.7644975,0.02330097183585167,0.2595442533493042,0.1209290623664856,85.74563598632812,1.0,473.18902472
1474,11552,2265600.0,1475,0.0,30.3671875,0.0078125,0.02448299527168274,0.7954898476600647,1746458296.037515,0.02330097183585167,0.28413453698158264,0.1406363546848297,85.74563598632812,1.0,476.462018647
1498,11744,2302464.0,1499,0.0,30.77213478088379,0.0078125,0.041830867528915405,0.7954898476600647,1746458303.1614032,0.02330097183585167,0.29953035712242126,0.1611853688955307,85.74563598632812,1.0,483.585891331
1506,11808,2314752.0,1507,0.0,26.70703125,0.0078125,0.02889726310968399,0.7954898476600647,1746458305.5291843,0.02330097183585167,0.2455008327960968,0.14318689703941345,85.74563598632812,1.0,485.953692022
1513,11864,2325504.0,1514,0.02213541604578495,29.73046875,0.0078125,0.028743352741003036,0.7954898476600647,1746458307.5997138,0.02330097183585167,0.31339317560195923,0.13821126520633698,85.74563598632812,1.0,488.024276743
1540,12080,2366976.0,1541,0.0,29.1328125,0.0078125,0.03853592649102211,0.7954898476600647,1746458315.6167114,0.02330097183585167,0.2835407555103302,0.14503464102745056,85.74563598632812,1.0,496.04136142
1554,12192,2388480.0,1555,0.02799479104578495,28.02734375,0.0078125,0.03534920513629913,0.7954898476600647,1746458319.76962,0.02330097183585167,0.29782634973526,0.18153753876686096,85.74563598632812,1.0,500.194147287
1597,12536,2454528.0,1598,0.0,28.86328125,0.0078125,0.03706049919128418,0.7954898476600647,1746458332.5180612,0.02330097183585167,0.2612360715866089,0.17069178819656372,85.74563598632812,1.0,512.942646526
1617,12696,2485248.0,1618,0.0403645820915699,26.94400978088379,0.0078125,0.03246027231216431,0.7954898476600647,1746458338.4563386,0.02330097183585167,0.2957186996936798,0.16377735137939453,85.74563598632812,1.0,518.880847904
1624,12752,2496000.0,1625,0.0,28.09895896911621,0.008463541977107525,0.06602922827005386,1.1090284585952759,1746458340.6147883,0.19140625,0.26153120398521423,0.1178029254078865,95.634765625,1.0,521.03932227
1632,12816,2508288.0,1633,0.068359375,28.71354103088379,0.0078125,0.0507107675075531,1.1090284585952759,1746458342.9935036,0.19140625,0.344659686088562,0.11950089037418365,95.634765625,1.0,523.418133391
1643,12904,2525184.0,1644,0.02278645895421505,29.66666603088379,0.0078125,0.04371517524123192,1.1090284585952759,1746458346.2561424,0.19140625,0.3098324239253998,0.13189129531383514,95.634765625,1.0,526.680691414
1647,12936,2531328.0,1648,0.02278645895421505,27.29817771911621,0.0078125,0.043170150369405746,1.1090284585952759,1746458347.4499426,0.19140625,0.27340880036354065,0.1356884241104126,95.634765625,1.0,527.874453043
1651,12968,2537472.0,1652,0.0533854179084301,26.48828125,0.0078125,0.04575733840465546,1.1090284585952759,1746458348.6441076,0.19140625,0.30664578080177307,0.1268388032913208,95.634765625,1.0,529.068637742
1656,13008,2545152.0,1657,0.02213541604578495,28.9453125,0.0078125,0.04451444745063782,1.1090284585952759,1746458350.125681,0.19140625,0.2977733910083771,0.1876608431339264,95.634765625,1.0,530.55019226
1666,13088,2560512.0,1667,0.0,29.51041603088379,0.009114583022892475,0.06256857514381409,1.1090284585952759,1746458353.1031113,0.19140625,0.2557004988193512,0.0041468883864581585,95.634765625,1.0,533.527655081
1680,13200,2582016.0,1681,0.02734375,29.76302146911621,0.008463541977107525,0.05288223922252655,1.1090284585952759,1746458357.261267,0.19140625,0.2858089804649353,0.009291063994169235,95.634765625,1.0,537.685761279
1724,13552,2649600.0,1725,0.0,31.9765625,0.014973958022892475,0.09397934377193451,1.1090284585952759,1746458370.3044007,0.19140625,0.2601909339427948,-0.07880055904388428,95.634765625,1.0,550.729004632
1729,13592,2657280.0,1730,0.0,27.49609375,0.008463541977107525,0.08359072357416153,1.1090284585952759,1746458371.7802684,0.19140625,0.2493003010749817,-0.052495189011096954,95.634765625,1.0,552.204783684
1731,13608,2660352.0,1732,0.04296875,26.15494728088379,0.0078125,0.06071443483233452,1.1090284585952759,1746458372.3958082,0.19140625,0.2996327579021454,-0.04566635563969612,95.634765625,1.0,552.820444087
1732,13616,2661888.0,1733,0.0494791679084301,26.94400978088379,0.0078125,0.05924074351787567,1.1090284585952759,1746458372.6916854,0.19140625,0.3057265281677246,-0.06294602900743484,95.634765625,1.0,553.116276678
1733,13624,2663424.0,1734,0.0,25.49869728088379,0.0078125,0.06563763320446014,1.1090284585952759,1746458372.986208,0.19140625,0.22326643764972687,-0.07429106533527374,95.634765625,1.0,553.410741465
1734,13632,2664960.0,1735,0.02734375,26.22395896911621,0.0078125,0.07125110924243927,1.1090284585952759,1746458373.2818224,0.19140625,0.2665424942970276,-0.07117065787315369,95.634765625,1.0,553.706355202
1735,13640,2666496.0,1736,0.02213541604578495,25.67708396911621,0.008463541977107525,0.07086396217346191,1.1090284585952759,1746458373.5839293,0.19140625,0.2625555098056793,-0.07274223864078522,95.634765625,1.0,554.008592552
1759,13832,2703360.0,1760,0.01888020895421505,25.67838478088379,0.0078125,0.07123056054115295,1.1090284585952759,1746458380.6975334,0.19140625,0.2556423246860504,-0.03781646490097046,95.634765625,1.0,561.122074337
1765,13880,2712576.0,1766,0.0481770820915699,27.86067771911621,0.0078125,0.10203230381011963,1.1090284585952759,1746458382.4796767,0.19140625,0.31334978342056274,-0.09022334218025208,95.634765625,1.0,562.904206866
1788,14064,2747904.0,1789,0.029296875,28.109375,0.0078125,0.0728464126586914,1.1090284585952759,1746458389.315978,0.19140625,0.3013523817062378,-0.05524904280900955,95.634765625,1.0,569.740615599
1814,14272,2787840.0,1815,0.02669270895421505,28.859375,0.0078125,0.13966983556747437,1.1090284585952759,1746458397.0294814,0.19140625,0.30437496304512024,-0.30116841197013855,95.634765625,1.0,577.453998575
1818,14304,2793984.0,1819,0.0755208358168602,26.34635353088379,0.0078125,0.06853273510932922,1.1090284585952759,1746458398.217101,0.19140625,0.3357994258403778,-0.27048635482788086,95.634765625,1.0,578.641635324
1823,14344,2801664.0,1824,0.068359375,24.95833396911621,0.0078125,0.10784557461738586,1.1090284585952759,1746458399.7003767,0.19140625,0.3067300021648407,-0.31203195452690125,95.634765625,1.0,580.124904015
1838,14464,2824704.0,1839,0.1705729216337204,26.01302146911621,0.0078125,0.0768519937992096,1.1090284585952759,1746458404.1596913,0.19140625,0.43446001410484314,-0.24617700278759003,95.634765625,1.0,584.584318229
1864,14672,2864640.0,1865,0.0703125,24.63541603088379,0.0078125,0.11626844853162766,1.1090284585952759,1746458411.8620195,0.19140625,0.2993827760219574,-0.2784212827682495,95.634765625,1.0,592.286540581
1873,14744,2878464.0,1874,0.02018229104578495,28.51432228088379,0.0078125,0.09511668235063553,1.1090284585952759,1746458414.5095825,0.19140625,0.29199299216270447,-0.3116810917854309,95.634765625,1.0,594.934112561
1883,14824,2893824.0,1884,0.0481770820915699,27.79947853088379,0.0078125,0.07151305675506592,1.1090284585952759,1746458417.4738686,0.19140625,0.3175181746482849,-0.2871132791042328,95.634765625,1.0,597.898497978
1896,14928,2913792.0,1897,0.021484375,28.12369728088379,0.0078125,0.12751838564872742,1.1090284585952759,1746458421.3456013,0.19140625,0.2918359041213989,-0.26822629570961,95.634765625,1.0,601.770269018
1941,15288,2982912.0,1942,0.1100260391831398,23.74739646911621,0.0078125,0.10085273534059525,1.1090284585952759,1746458434.712319,0.19140625,0.34155723452568054,-0.2658572494983673,95.634765625,1.0,615.136953085
1956,15408,3005952.0,1957,0.0651041641831398,24.28385353088379,0.0078125,0.11103236675262451,1.4253487586975098,1746458439.2180097,0.478515625,0.2933957874774933,-0.22864887118339539,94.658203125,1.0,619.642590281
1970,15520,3027456.0,1971,0.0716145858168602,27.29947853088379,0.0078125,0.09309559315443039,1.4253487586975098,1746458443.3702438,0.478515625,0.3348332941532135,-0.22604382038116455,94.658203125,1.0,623.794763913
1978,15584,3039744.0,1979,0.0,27.51692771911621,0.008463541977107525,0.1351129561662674,1.4253487586975098,1746458445.7431815,0.478515625,0.2285824418067932,-0.3325265347957611,94.658203125,1.0,626.167730923
1981,15608,3044352.0,1982,0.021484375,23.75650978088379,0.0078125,0.13075819611549377,1.4253487586975098,1746458446.6418037,0.478515625,0.23338885605335236,-0.3657013773918152,94.658203125,1.0,627.066319298
2009,15832,3087360.0,2010,0.126953125,25.96354103088379,0.0078125,0.1233292743563652,1.4253487586975098,1746458454.946564,0.478515625,0.3777022361755371,-0.3156486451625824,94.658203125,1.0,635.371117413
2015,15880,3096576.0,2016,0.0768229141831398,26.99479103088379,0.0078125,0.10649168491363525,1.4253487586975098,1746458456.7279396,0.478515625,0.328554630279541,-0.317762553691864,94.658203125,1.0,637.152485718
2047,16136,3145728.0,2048,0.0,25.39322853088379,0.0078125,0.1251492202281952,1.4253487586975098,1746458466.2176735,0.478515625,0.21907809376716614,-0.40795373916625977,94.658203125,1.0,646.642189112
2053,16184,3154944.0,2054,0.0924479141831398,25.54296875,0.008463541977107525,0.13037660717964172,1.4253487586975098,1746458468.0153084,0.478515625,0.32724300026893616,-0.41251063346862793,94.658203125,1.0,648.439960264
2058,16224,3162624.0,2059,0.0,26.34635353088379,0.0078125,0.15580934286117554,1.4253487586975098,1746458469.495665,0.478515625,0.22654162347316742,-0.3312464952468872,94.658203125,1.0,649.92017158
2059,16232,3164160.0,2060,0.0768229141831398,26.25520896911621,0.008463541977107525,0.18880781531333923,1.4253487586975098,1746458469.791855,0.478515625,0.3137369453907013,-0.320115327835083,94.658203125,1.0,650.216423312
2094,16512,3217920.0,2095,0.0,30.3125,0.0078125,0.19071131944656372,1.4253487586975098,1746458480.1805396,0.478515625,0.30288538336753845,-0.3256570100784302,94.658203125,1.0,660.605050685
2106,16608,3236352.0,2107,0.044921875,26.55729103088379,0.0078125,0.13945242762565613,1.4253487586975098,1746458483.7326472,0.478515625,0.29531681537628174,-0.291287899017334,94.658203125,1.0,664.157165428
2117,16696,3253248.0,2118,0.02083333395421505,28.23307228088379,0.0078125,0.16512322425842285,1.4253487586975098,1746458486.9829745,0.478515625,0.2881023585796356,-0.2595863342285156,94.658203125,1.0,667.407498742
2122,16736,3260928.0,2123,0.1484375,26.25911521911621,0.0078125,0.1890457272529602,1.4253487586975098,1746458488.4614787,0.478515625,0.4193679988384247,-0.3712885081768036,94.658203125,1.0,668.886043439
2132,16816,3276288.0,2133,0.02408854104578495,25.10416603088379,0.0078125,0.1398961842060089,1.4253487586975098,1746458491.446864,0.478515625,0.25822651386260986,-0.30370187759399414,94.658203125,1.0,671.871418267
2135,16840,3280896.0,2136,0.0989583358168602,26.45052146911621,0.0078125,0.16113325953483582,1.4253487586975098,1746458492.3374848,0.478515625,0.3573523759841919,-0.31538259983062744,94.658203125,1.0,672.761992652
2141,16888,3290112.0,2142,0.095703125,24.90755271911621,0.0078125,0.1649591326713562,1.4253487586975098,1746458494.11379,0.478515625,0.34035152196884155,-0.283039927482605,94.658203125,1.0,674.538384135
2157,17016,3314688.0,2158,0.1419270783662796,24.15364646911621,0.0078125,0.16312065720558167,1.4253487586975098,1746458498.8724964,0.478515625,0.38747045397758484,-0.30399614572525024,94.658203125,1.0,679.29713543
2169,17112,3333120.0,2170,0.189453125,25.8671875,0.0078125,0.1628183275461197,1.4253487586975098,1746458502.448707,0.478515625,0.4553576111793518,-0.29744064807891846,94.658203125,1.0,682.873215327
2176,17168,3343872.0,2177,0.119140625,26.66666603088379,0.0078125,0.14726731181144714,1.4253487586975098,1746458504.5400848,0.478515625,0.37185150384902954,-0.24632665514945984,94.658203125,1.0,684.964581754
2182,17216,3353088.0,2183,0.0833333358168602,27.25520896911621,0.008463541977107525,0.1487475335597992,1.4253487586975098,1746458506.323999,0.478515625,0.3429061770439148,-0.2502318322658539,94.658203125,1.0,686.748620343
2184,17232,3356160.0,2185,0.02734375,26.33203125,0.0078125,0.13357877731323242,1.4253487586975098,1746458506.9277787,0.478515625,0.2596484124660492,-0.2817647457122803,94.658203125,1.0,687.352440157
2192,17296,3368448.0,2193,0.103515625,28.09244728088379,0.008463541977107525,0.2682967483997345,1.4253487586975098,1746458509.2960098,0.478515625,0.3658992648124695,-0.2754868268966675,94.658203125,1.0,689.720507551
2199,17352,3379200.0,2200,0.0436197929084301,24.63541603088379,0.0078125,0.25590309500694275,1.4253487586975098,1746458511.383617,0.478515625,0.2707907557487488,-0.27990108728408813,94.658203125,1.0,691.808210777
2203,17384,3385344.0,2204,0.095703125,25.74349021911621,0.0078125,0.16247546672821045,1.4253487586975098,1746458512.575708,0.478515625,0.3403532803058624,-0.3309154510498047,94.658203125,1.0,693.000206561
2224,17552,3417600.0,2225,0.1243489608168602,25.23958396911621,0.0078125,0.1493164300918579,1.4253487586975098,1746458518.806476,0.478515625,0.3691735565662384,-0.33081895112991333,94.658203125,1.0,699.230988628
2228,17584,3423744.0,2229,0.1178385391831398,25.45052146911621,0.0078125,0.16878080368041992,1.4253487586975098,1746458519.9920292,0.478515625,0.36009979248046875,-0.2916852533817291,94.658203125,1.0,700.416540097
2239,17672,3440640.0,2240,0.197265625,27.27474021911621,0.0078125,0.16545933485031128,1.4253487586975098,1746458523.2563138,0.478515625,0.4801223576068878,-0.2711302638053894,94.658203125,1.0,703.680951276
2242,17696,3445248.0,2243,0.0813802108168602,26.5703125,0.0078125,0.16580981016159058,1.4253487586975098,1746458524.1414905,0.478515625,0.3291475176811218,-0.23857538402080536,94.658203125,1.0,704.566012797
2254,17792,3463680.0,2255,0.1764322966337204,26.7265625,0.0078125,0.14180174469947815,1.4253487586975098,1746458527.7067945,0.478515625,0.4494408965110779,-0.21977433562278748,94.658203125,1.0,708.131278784
2272,17936,3491328.0,2273,0.1184895858168602,25.91796875,0.0078125,0.15665674209594727,1.4253487586975098,1746458533.0573552,0.478515625,0.3656701147556305,-0.223578080534935,94.658203125,1.0,713.481947739
2282,18016,3506688.0,2283,0.1953125,26.59375,0.0078125,0.143449604511261,1.269318699836731,1746458536.0930521,0.4602888226509094,0.46342960000038147,-0.24078163504600525,82.64620971679688,1.0,716.517608585
2314,18272,3555840.0,2315,0.2135416716337204,26.56119728088379,0.0078125,0.18576589226722717,1.269318699836731,1746458545.6434324,0.4602888226509094,0.4765806794166565,-0.4605098366737366,82.64620971679688,1.0,726.067938612
2339,18472,3594240.0,2340,0.0748697891831398,27.46224021911621,0.0078125,0.17287689447402954,1.269318699836731,1746458553.0599616,0.4602888226509094,0.33850517868995667,-0.41303586959838867,82.64620971679688,1.0,733.484482165
2346,18528,3604992.0,2347,0.0950520858168602,24.796875,0.0078125,0.16644619405269623,1.269318699836731,1746458555.1404433,0.4602888226509094,0.3288740813732147,-0.39460304379463196,82.64620971679688,1.0,735.565034331
2370,18720,3641856.0,2371,0.1002604141831398,26.72395896911621,0.0078125,0.2142060101032257,1.269318699836731,1746458562.2743714,0.4602888226509094,0.3668575882911682,-0.2980051040649414,82.64620971679688,1.0,742.698900035
2374,18752,3648000.0,2375,0.107421875,25.16015625,0.0078125,0.13808582723140717,1.269318699836731,1746458563.4678187,0.4602888226509094,0.3586918115615845,-0.27177098393440247,82.64620971679688,1.0,743.892424126
2382,18816,3660288.0,2383,0.185546875,25.32682228088379,0.0078125,0.18588069081306458,1.269318699836731,1746458565.8337889,0.4602888226509094,0.44309717416763306,-0.3828635811805725,82.64620971679688,1.0,746.258292617
2422,19136,3721728.0,2423,0.134765625,28.27864646911621,0.0078125,0.15229468047618866,1.269318699836731,1746458577.7092075,0.4602888226509094,0.4106813967227936,-0.282189279794693,82.64620971679688,1.0,758.133721194
2424,19152,3724800.0,2425,0.146484375,24.35546875,0.0078125,0.15911704301834106,1.269318699836731,1746458578.3015544,0.4602888226509094,0.3863367438316345,-0.2825911045074463,82.64620971679688,1.0,758.726198069
2469,19512,3793920.0,2470,0.052734375,28.00130271911621,0.0078125,0.17354132235050201,1.269318699836731,1746458591.683108,0.4602888226509094,0.3301171362400055,-0.3317406475543976,82.64620971679688,1.0,772.107721449
2497,19736,3836928.0,2498,0.1549479216337204,27.90885353088379,0.0078125,0.14997485280036926,1.269318699836731,1746458600.0117135,0.4602888226509094,0.43160149455070496,-0.3303454518318176,82.64620971679688,1.0,780.436218275
2502,19776,3844608.0,2503,0.1920572966337204,25.70182228088379,0.0078125,0.1648247241973877,1.269318699836731,1746458601.498931,0.4602888226509094,0.4521675109863281,-0.37446460127830505,82.64620971679688,1.0,781.923433051
2518,19904,3869184.0,2519,0.16796875,26.9296875,0.008463541977107525,0.19379419088363647,1.269318699836731,1746458606.2291138,0.4602888226509094,0.4365806579589844,-0.35257846117019653,82.64620971679688,1.0,786.653838597
2519,19912,3870720.0,2520,0.099609375,26.73958396911621,0.0078125,0.1659359335899353,1.269318699836731,1746458606.5375993,0.4602888226509094,0.35980722308158875,-0.3663097620010376,82.64620971679688,1.0,786.962258918
2543,20104,3907584.0,2544,0.2565104067325592,26.53515625,0.0078125,0.2021898329257965,1.269318699836731,1746458613.663362,0.4602888226509094,0.5456388592720032,-0.33536532521247864,82.64620971679688,1.0,794.087862503
2544,20112,3909120.0,2545,0.2057291716337204,25.80208396911621,0.0078125,0.19632552564144135,1.269318699836731,1746458613.9618416,0.4602888226509094,0.4795590043067932,-0.3339403569698334,82.64620971679688,1.0,794.386492398
2572,20336,3952128.0,2573,0.2669270932674408,27.85286521911621,0.0078125,0.14411196112632751,1.269318699836731,1746458622.2807553,0.4602888226509094,0.5723176598548889,-0.37444496154785156,82.64620971679688,1.0,802.705343936
2580,20400,3964416.0,2581,0.2161458283662796,26.48567771911621,0.0078125,0.2586835026741028,1.269318699836731,1746458624.6554635,0.4602888226509094,0.4916466772556305,-0.401146799325943,82.64620971679688,1.0,805.079984177
2584,20432,3970560.0,2585,0.1901041716337204,26.65234375,0.0078125,0.24099200963974,1.269318699836731,1746458625.8430676,0.4602888226509094,0.4658506214618683,-0.4286733865737915,82.64620971679688,1.0,806.267718495
2606,20608,4004352.0,2607,0.0755208358168602,25.31640625,0.0078125,0.16950228810310364,1.7529274225234985,1746458632.4429615,0.7894737124443054,0.3162499666213989,-0.46313849091529846,89.5750503540039,1.0,812.867482464
2614,20672,4016640.0,2615,0.220703125,25.5625,0.0078125,0.12412464618682861,1.7529274225234985,1746458634.839984,0.7894737124443054,0.49084368348121643,-0.44953465461730957,89.5750503540039,1.0,815.264492042
2626,20768,4035072.0,2627,0.2044270783662796,26.90885353088379,0.0078125,0.14138779044151306,1.7529274225234985,1746458638.4082026,0.7894737124443054,0.49093571305274963,-0.4746696650981903,89.5750503540039,1.0,818.832681032
2631,20808,4042752.0,2632,0.2024739533662796,27.6640625,0.0078125,0.12950527667999268,1.7529274225234985,1746458639.8995416,0.7894737124443054,0.48024216294288635,-0.43630504608154297,89.5750503540039,1.0,820.324127181
2633,20824,4045824.0,2634,0.2135416716337204,27.21484375,0.0078125,0.12593865394592285,1.7529274225234985,1746458640.4912896,0.7894737124443054,0.49994176626205444,-0.44448643922805786,89.5750503540039,1.0,820.915796619
2641,20888,4058112.0,2642,0.244140625,27.4921875,0.0078125,0.1390991061925888,1.7529274225234985,1746458642.8769288,0.7894737124443054,0.546766459941864,-0.4211709499359131,89.5750503540039,1.0,823.301459879
2642,20896,4059648.0,2643,0.19921875,25.73567771911621,0.0078125,0.12966185808181763,1.7529274225234985,1746458643.1719525,0.7894737124443054,0.4705997705459595,-0.43452340364456177,89.5750503540039,1.0,823.596474093
2665,21080,4094976.0,2666,0.158203125,26.17317771911621,0.0078125,0.1433274745941162,1.7529274225234985,1746458650.033356,0.7894737124443054,0.4248228967189789,-0.4517592489719391,89.5750503540039,1.0,830.45801724
2680,21200,4118016.0,2681,0.1705729216337204,26.61458396911621,0.0078125,0.12994304299354553,1.7529274225234985,1746458654.4707875,0.7894737124443054,0.43951645493507385,-0.47576913237571716,89.5750503540039,1.0,834.895283561
2689,21272,4131840.0,2690,0.2545572817325592,27.70963478088379,0.0078125,0.13685615360736847,1.7529274225234985,1746458657.1424189,0.7894737124443054,0.5531700849533081,-0.4036158621311188,89.5750503540039,1.0,837.567035869
2699,21352,4147200.0,2700,0.2428385466337204,27.11979103088379,0.0078125,0.13919830322265625,1.7529274225234985,1746458660.1082683,0.7894737124443054,0.5368220210075378,-0.4911264479160309,89.5750503540039,1.0,840.532876663
2705,21400,4156416.0,2706,0.2174479216337204,26.01822853088379,0.0078125,0.13823933899402618,1.7529274225234985,1746458661.8888626,0.7894737124443054,0.4941145181655884,-0.447177529335022,89.5750503540039,1.0,842.313438256
2708,21424,4161024.0,2709,0.09765625,25.8046875,0.0078125,0.20123204588890076,1.7529274225234985,1746458662.7835474,0.7894737124443054,0.34943917393684387,-0.44970428943634033,89.5750503540039,1.0,843.208187251
2730,21600,4194816.0,2731,0.181640625,26.58333396911621,0.0078125,0.13310131430625916,1.7529274225234985,1746458669.3084044,0.7894737124443054,0.463236927986145,-0.521702766418457,89.5750503540039,1.0,849.733087232
2749,21752,4224000.0,2750,0.2337239533662796,28.69400978088379,0.0078125,0.1852760761976242,1.7529274225234985,1746458674.9426303,0.7894737124443054,0.5352924466133118,-0.5596532225608826,89.5750503540039,1.0,855.367261877
2751,21768,4227072.0,2752,0.263671875,27.7421875,0.0078125,0.14560353755950928,1.7529274225234985,1746458675.5357516,0.7894737124443054,0.5642378330230713,-0.633195698261261,89.5750503540039,1.0,855.960295322
2769,21912,4254720.0,2770,0.1979166716337204,26.3359375,0.0078125,0.16997680068016052,1.7529274225234985,1746458680.8790958,0.7894737124443054,0.4715598523616791,-0.5777261257171631,89.5750503540039,1.0,861.303657188
2779,21992,4270080.0,2780,0.240234375,26.22395896911621,0.0078125,0.14573132991790771,1.7529274225234985,1746458683.8478746,0.7894737124443054,0.5196865797042847,-0.48227977752685547,89.5750503540039,1.0,864.272411564
2792,22096,4290048.0,2793,0.1920572966337204,27.3984375,0.0078125,0.1284438967704773,1.7529274225234985,1746458687.6945858,0.7894737124443054,0.48489752411842346,-0.5167059898376465,89.5750503540039,1.0,868.119160409
2804,22192,4308480.0,2805,0.1829427033662796,26.87630271911621,0.0078125,0.12974020838737488,1.7529274225234985,1746458691.2728956,0.7894737124443054,0.4618862569332123,-0.5181323885917664,89.5750503540039,1.0,871.697382334
2833,22424,4353024.0,2834,0.19921875,25.92057228088379,0.0078125,0.13707855343818665,1.7529274225234985,1746458699.889811,0.7894737124443054,0.4680997431278229,-0.47739851474761963,89.5750503540039,1.0,880.314355254
2843,22504,4368384.0,2844,0.220703125,26.11849021911621,0.0078125,0.15636146068572998,1.7529274225234985,1746458702.8561149,0.7894737124443054,0.4955590069293976,-0.4977685511112213,89.5750503540039,1.0,883.280625163
2881,22808,4426752.0,2882,0.1321614533662796,27.13150978088379,0.0078125,0.1479978859424591,1.7529274225234985,1746458714.129115,0.7894737124443054,0.4010728895664215,-0.6240814924240112,89.5750503540039,1.0,894.553629872
2887,22856,4435968.0,2888,0.2180989533662796,25.54947853088379,0.0078125,0.15447646379470825,1.7529274225234985,1746458715.9046383,0.7894737124443054,0.47411972284317017,-0.5746542811393738,89.5750503540039,1.0,896.329211616
2905,23000,4463616.0,2906,0.1829427033662796,26.18099021911621,0.0078125,0.17876073718070984,1.7529274225234985,1746458721.2426553,0.7894737124443054,0.438822865486145,-0.8003240823745728,89.5750503540039,1.0,901.667152389
2915,23080,4478976.0,2916,0.2545572817325592,26.75130271911621,0.0078125,0.191485196352005,1.7529274225234985,1746458724.2038827,0.7894737124443054,0.546821117401123,-0.8255603313446045,89.5750503540039,1.0,904.628491072
2919,23112,4485120.0,2920,0.1256510466337204,27.66015625,0.0078125,0.188627690076828,1.7529274225234985,1746458725.3947136,0.7894737124443054,0.4123263359069824,-0.7320449352264404,89.5750503540039,1.0,905.819250371
2937,23256,4512768.0,2938,0.2734375,26.72395896911621,0.0078125,0.17550143599510193,1.8130654096603394,1746458730.810392,0.8323586583137512,0.5665972232818604,-0.7833311557769775,91.81481170654297,1.0,911.234977122
2950,23360,4532736.0,2951,0.1946614533662796,24.37369728088379,0.0078125,0.22464194893836975,1.8130654096603394,1746458734.6769946,0.8323586583137512,0.4392212927341461,-0.6780351400375366,91.81481170654297,1.0,915.101530072
2969,23512,4561920.0,2970,0.1705729216337204,26.01302146911621,0.0078125,0.17171958088874817,1.8130654096603394,1746458740.3289773,0.8323586583137512,0.4413081109523773,-0.6637053489685059,91.81481170654297,1.0,920.753555261
2971,23528,4564992.0,2972,0.2102864533662796,26.68619728088379,0.0078125,0.1466173678636551,1.8130654096603394,1746458740.9244902,0.8323586583137512,0.4830390214920044,-0.6450383067131042,91.81481170654297,1.0,921.349131272
2988,23664,4591104.0,2989,0.228515625,26.07552146911621,0.0078125,0.15513163805007935,1.8130654096603394,1746458745.965616,0.8323586583137512,0.508680522441864,-0.6212882995605469,91.81481170654297,1.0,926.390156913
3006,23808,4618752.0,3007,0.2708333432674408,25.49869728088379,0.0078125,0.16445890069007874,1.8130654096603394,1746458751.3160965,0.8323586583137512,0.541666567325592,-0.6234741806983948,91.81481170654297,1.0,931.740679695
3031,24008,4657152.0,3032,0.1451822966337204,25.52474021911621,0.0078125,0.1609003245830536,1.8130654096603394,1746458758.7435536,0.8323586583137512,0.39107200503349304,-0.6709263324737549,91.81481170654297,1.0,939.168063287
3035,24040,4663296.0,3036,0.228515625,25.54557228088379,0.0078125,0.1655510663986206,1.8130654096603394,1746458759.9299822,0.8323586583137512,0.4928645193576813,-0.6910190582275391,91.81481170654297,1.0,940.354604407
3049,24152,4684800.0,3050,0.1796875,25.02994728088379,0.0078125,0.15293630957603455,1.8130654096603394,1746458764.091244,0.8323586583137512,0.43043920397758484,-0.6585681438446045,91.81481170654297,1.0,944.515744671
3067,24296,4712448.0,3068,0.20703125,23.72916603088379,0.0078125,0.16131900250911713,1.8130654096603394,1746458769.4252784,0.8323586583137512,0.4470207989215851,-0.5786119699478149,91.81481170654297,1.0,949.849791217
3068,24304,4713984.0,3069,0.0735677108168602,27.50650978088379,0.0078125,0.15400657057762146,1.8130654096603394,1746458769.7211003,0.8323586583137512,0.31242358684539795,-0.6091113090515137,91.81481170654297,1.0,950.145672345
3075,24360,4724736.0,3076,0.1536458283662796,24.68229103088379,0.0078125,0.20126309990882874,1.8130654096603394,1746458771.7938802,0.8323586583137512,0.39682719111442566,-0.6371502876281738,91.81481170654297,1.0,952.218527718
3077,24376,4727808.0,3078,0.2109375,25.02864646911621,0.0078125,0.17940887808799744,1.8130654096603394,1746458772.3840473,0.8323586583137512,0.4625295102596283,-0.6316242814064026,91.81481170654297,1.0,952.808587046
3080,24400,4732416.0,3081,0.1829427033662796,25.54947853088379,0.0078125,0.19239109754562378,1.8130654096603394,1746458773.275778,0.8323586583137512,0.443921834230423,-0.6240929365158081,91.81481170654297,1.0,953.700434983
3087,24456,4743168.0,3088,0.1744791716337204,24.50650978088379,0.0078125,0.1933344006538391,1.8130654096603394,1746458775.345358,0.8323586583137512,0.419687420129776,-0.6891892552375793,91.81481170654297,1.0,955.769863602
3094,24512,4753920.0,3095,0.1842447966337204,26.51302146911621,0.0078125,0.16276055574417114,1.8130654096603394,1746458777.4351761,0.8323586583137512,0.43858590722084045,-0.6864410638809204,91.81481170654297,1.0,957.8598091
3104,24592,4769280.0,3105,0.2122395783662796,26.5703125,0.0078125,0.1365388184785843,1.8130654096603394,1746458780.3975983,0.8323586583137512,0.4867768883705139,-0.66903156042099,91.81481170654297,1.0,960.82216761
3109,24632,4776960.0,3110,0.2291666716337204,25.328125,0.0078125,0.12925389409065247,1.8130654096603394,1746458781.8817801,0.8323586583137512,0.49524128437042236,-0.681945264339447,91.81481170654297,1.0,962.306318003
3125,24760,4801536.0,3126,0.2278645783662796,25.0234375,0.0078125,0.15761807560920715,1.8130654096603394,1746458786.631928,0.8323586583137512,0.4897812306880951,-0.6832137107849121,91.81481170654297,1.0,967.056571488
3127,24776,4804608.0,3128,0.115234375,25.00911521911621,0.0078125,0.13940152525901794,1.8130654096603394,1746458787.2203255,0.8323586583137512,0.355509489774704,-0.6694421172142029,91.81481170654297,1.0,967.644887323
3150,24960,4839936.0,3151,0.2005208283662796,26.10025978088379,0.0078125,0.14974135160446167,1.8130654096603394,1746458794.0563257,0.8323586583137512,0.47381591796875,-0.6111035346984863,91.81481170654297,1.0,974.480814336
3162,25056,4858368.0,3163,0.224609375,25.17578125,0.0078125,0.12920773029327393,1.8130654096603394,1746458797.6328902,0.8323586583137512,0.4877690374851227,-0.6287500858306885,91.81481170654297,1.0,978.057401333
3168,25104,4867584.0,3169,0.2265625,25.62369728088379,0.0078125,0.14191406965255737,1.8130654096603394,1746458799.402312,0.8323586583137512,0.4901041090488434,-0.5899355411529541,91.81481170654297,1.0,979.826856223
3177,25176,4881408.0,3178,0.14453125,24.67057228088379,0.0078125,0.15998411178588867,1.8130654096603394,1746458802.0717864,0.8323586583137512,0.38227254152297974,-0.5097600221633911,91.81481170654297,1.0,982.496314146
3183,25224,4890624.0,3184,0.109375,24.81900978088379,0.0078125,0.1844186782836914,1.8130654096603394,1746458803.8563008,0.8323586583137512,0.34553465247154236,-0.5267526507377625,91.81481170654297,1.0,984.280937761
3186,25248,4895232.0,3187,0.1901041716337204,24.91275978088379,0.0078125,0.1696116328239441,1.8130654096603394,1746458804.7407007,0.8323586583137512,0.45181241631507874,-0.546927809715271,91.81481170654297,1.0,985.165231096
3189,25272,4899840.0,3190,0.1875,26.1171875,0.0078125,0.16744571924209595,1.8130654096603394,1746458805.6341844,0.8323586583137512,0.44497913122177124,-0.5699499845504761,91.81481170654297,1.0,986.058693142
3194,25312,4907520.0,3195,0.2259114533662796,25.18099021911621,0.0078125,0.17255231738090515,1.8130654096603394,1746458807.1225429,0.8323586583137512,0.4865815341472626,-0.5605292916297913,91.81481170654297,1.0,987.547092061
3203,25384,4921344.0,3204,0.1861979216337204,25.37109375,0.0078125,0.1309252679347992,1.8130654096603394,1746458809.7958777,0.8323586583137512,0.4448592960834503,-0.6531369090080261,91.81481170654297,1.0,990.220427729
3206,25408,4925952.0,3207,0.1979166716337204,24.765625,0.0078125,0.15387433767318726,1.8130654096603394,1746458810.700455,0.8323586583137512,0.45053115487098694,-0.6823209524154663,91.81481170654297,1.0,991.12509865
3215,25480,4939776.0,3216,0.2096354216337204,25.86588478088379,0.0078125,0.15948134660720825,1.8130654096603394,1746458813.3685286,0.8323586583137512,0.4706752598285675,-0.5982797145843506,91.81481170654297,1.0,993.793182356
3224,25552,4953600.0,3225,0.1608072966337204,26.29036521911621,0.0078125,0.18199366331100464,1.8130654096603394,1746458816.0154274,0.8323586583137512,0.41609370708465576,-0.8456745147705078,91.81481170654297,1.0,996.440094226
3253,25784,4998144.0,3254,0.1868489533662796,26.96354103088379,0.0078125,0.17216424643993378,1.8987940549850464,1746458824.676443,0.90625,0.46265533566474915,-0.7620728611946106,93.16015625,1.0,1005.100941671
3256,25808,5002752.0,3257,0.232421875,25.91927146911621,0.0078125,0.15762443840503693,1.8987940549850464,1746458825.5768878,0.90625,0.5014408826828003,-0.7721103429794312,93.16015625,1.0,1006.001532073
3280,26000,5039616.0,3281,0.2584635317325592,25.90494728088379,0.0078125,0.13624867796897888,1.8987940549850464,1746458832.6545124,0.90625,0.534400999546051,-0.7655719518661499,93.16015625,1.0,1013.079001952
3291,26088,5056512.0,3292,0.173828125,25.4296875,0.0078125,0.15299475193023682,1.8987940549850464,1746458835.894497,0.90625,0.425171822309494,-0.6407039761543274,93.16015625,1.0,1016.319009397
3350,26560,5147136.0,3351,0.1959635466337204,26.93880271911621,0.0078125,0.12871892750263214,1.8987940549850464,1746458853.2613096,0.90625,0.4685928523540497,-0.5494799613952637,93.16015625,1.0,1033.685879077
3352,26576,5150208.0,3353,0.2584635317325592,26.32552146911621,0.0078125,0.12795332074165344,1.8987940549850464,1746458853.8487294,0.90625,0.5402559638023376,-0.5116711854934692,93.16015625,1.0,1034.273240048
3356,26608,5156352.0,3357,0.1901041716337204,26.61588478088379,0.0078125,0.2160552740097046,1.8987940549850464,1746458855.0240552,0.90625,0.45707544684410095,-0.5007267594337463,93.16015625,1.0,1035.448559119
3359,26632,5160960.0,3360,0.154296875,26.91666603088379,0.0078125,0.13566209375858307,1.8987940549850464,1746458855.906609,0.90625,0.3994652330875397,-0.5178353786468506,93.16015625,1.0,1036.331111104
3372,26736,5180928.0,3373,0.236328125,26.36328125,0.0078125,0.12123233079910278,1.8987940549850464,1746458859.7392266,0.90625,0.5106943845748901,-0.4867058992385864,93.16015625,1.0,1040.163720961
3373,26744,5182464.0,3374,0.23828125,26.48958396911621,0.0078125,0.11368029564619064,1.8987940549850464,1746458860.0373578,0.90625,0.5155832767486572,-0.47023308277130127,93.16015625,1.0,1040.461851829
3375,26760,5185536.0,3376,0.123046875,24.16015625,0.0078125,0.16118541359901428,1.8987940549850464,1746458860.6255012,0.90625,0.3570590019226074,-0.4487018585205078,93.16015625,1.0,1041.049999507
3381,26808,5194752.0,3382,0.185546875,25.25,0.0078125,0.15972691774368286,1.8987940549850464,1746458862.387253,0.90625,0.44647911190986633,-0.5010847449302673,93.16015625,1.0,1042.811744912
3386,26848,5202432.0,3387,0.1328125,26.92578125,0.0078125,0.13027718663215637,1.8987940549850464,1746458863.8566625,0.90625,0.3741726875305176,-0.4400062561035156,93.16015625,1.0,1044.281144429
3394,26912,5214720.0,3395,0.1471354216337204,27.31640625,0.0078125,0.126527339220047,1.8987940549850464,1746458866.212296,0.90625,0.41532114148139954,-0.4237078130245209,93.16015625,1.0,1046.636782485
3438,27264,5282304.0,3439,0.27734375,25.87109375,0.0078125,0.16064918041229248,1.8987940549850464,1746458879.16007,0.90625,0.5546873807907104,-0.40486830472946167,93.16015625,1.0,1059.58456692
3440,27280,5285376.0,3441,0.2122395783662796,25.33984375,0.0078125,0.15008831024169922,1.8987940549850464,1746458879.7475228,0.90625,0.4766492247581482,-0.40270236134529114,93.16015625,1.0,1060.17202244
3446,27328,5294592.0,3447,0.1888020783662796,26.38150978088379,0.0078125,0.13442978262901306,1.8987940549850464,1746458881.5143318,0.90625,0.45761626958847046,-0.42185190320014954,93.16015625,1.0,1061.938817153
3447,27336,5296128.0,3448,0.236328125,25.56380271911621,0.0078125,0.1508515179157257,1.8987940549850464,1746458881.8090415,0.90625,0.5053498148918152,-0.3909614086151123,93.16015625,1.0,1062.233545137
3452,27376,5303808.0,3453,0.2350260466337204,26.08724021911621,0.0078125,0.16050772368907928,1.8987940549850464,1746458883.2781456,0.90625,0.5070068836212158,-0.3797776699066162,93.16015625,1.0,1063.702627157
3453,27384,5305344.0,3454,0.2532552182674408,25.48177146911621,0.0078125,0.16704365611076355,1.8987940549850464,1746458883.5719373,0.90625,0.5237672924995422,-0.37405210733413696,93.16015625,1.0,1063.996439882
3478,27584,5343744.0,3479,0.2552083432674408,26.09244728088379,0.0078125,0.16303005814552307,1.8987940549850464,1746458890.9325404,0.90625,0.5319487452507019,-0.31655919551849365,93.16015625,1.0,1071.357028388
3488,27664,5359104.0,3489,0.208984375,25.69661521911621,0.0078125,0.16690459847450256,1.8987940549850464,1746458893.896059,0.90625,0.467084139585495,-0.33186057209968567,93.16015625,1.0,1074.320570361
3505,27800,5385216.0,3506,0.2161458283662796,25.94791603088379,0.0078125,0.15570366382598877,1.8987940549850464,1746458898.9051483,0.90625,0.4919721782207489,-0.34843015670776367,93.16015625,1.0,1079.329652768
3507,27816,5388288.0,3508,0.2272135466337204,25.93619728088379,0.0078125,0.17191189527511597,1.8987940549850464,1746458899.4926376,0.90625,0.4940849840641022,-0.27669352293014526,93.16015625,1.0,1079.917140568
3510,27840,5392896.0,3511,0.2102864533662796,25.86328125,0.0078125,0.15792223811149597,1.8987940549850464,1746458900.3769972,0.90625,0.4767898917198181,-0.3331424295902252,93.16015625,1.0,1080.801503549
3571,28328,5486592.0,3572,0.1686197966337204,26.00520896911621,0.0078125,0.15966111421585083,1.8987940549850464,1746458918.3299558,0.90625,0.4311935007572174,-0.24873624742031097,93.16015625,1.0,1098.754489338
3594,28512,5521920.0,3595,0.2369791716337204,26.36067771911621,0.0078125,0.12096406519412994,1.8192418813705444,1746458925.1437411,0.849609375,0.5189200639724731,-0.29251348972320557,92.126953125,1.0,1105.568244766
3599,28552,5529600.0,3600,0.2376302033662796,25.58854103088379,0.0078125,0.1408812403678894,1.8192418813705444,1746458926.6122139,0.849609375,0.508510410785675,-0.26754137873649597,92.126953125,1.0,1107.036681658
3600,28560,5531136.0,3601,0.2467447966337204,27.20182228088379,0.0078125,0.12961553037166595,1.8192418813705444,1746458926.9072366,0.849609375,0.5373879671096802,-0.28371232748031616,92.126953125,1.0,1107.331857407
3607,28616,5541888.0,3608,0.1770833283662796,24.76302146911621,0.0078125,0.1470915675163269,1.8192418813705444,1746458928.9656267,0.849609375,0.42965272068977356,-0.32968127727508545,92.126953125,1.0,1109.390116329
3618,28704,5558784.0,3619,0.2688802182674408,26.78515625,0.0078125,0.12889739871025085,1.8192418813705444,1746458932.2001998,0.849609375,0.55931156873703,-0.25166940689086914,92.126953125,1.0,1112.624683628
3620,28720,5561856.0,3621,0.2018229216337204,25.38932228088379,0.0078125,0.12326627224683762,1.8192418813705444,1746458932.7877634,0.849609375,0.46251732110977173,-0.24106812477111816,92.126953125,1.0,1113.212265516
3641,28888,5594112.0,3642,0.2194010466337204,25.25911521911621,0.0078125,0.1257936805486679,1.8192418813705444,1746458938.9582968,0.849609375,0.48018571734428406,-0.18570375442504883,92.126953125,1.0,1119.382774949
3647,28936,5603328.0,3648,0.28515625,26.24869728088379,0.0078125,0.1094939261674881,1.8192418813705444,1746458940.7259674,0.849609375,0.5703123807907104,-0.19933392107486725,92.126953125,1.0,1121.150472267
3649,28952,5606400.0,3650,0.185546875,25.39583396911621,0.0078125,0.11032912880182266,1.8192418813705444,1746458941.3136258,0.849609375,0.45136016607284546,-0.17184612154960632,92.126953125,1.0,1121.738111874
3655,29000,5615616.0,3656,0.2141927033662796,25.63802146911621,0.0078125,0.1168675422668457,1.8192418813705444,1746458943.0785367,0.849609375,0.48626816272735596,-0.18318238854408264,92.126953125,1.0,1123.50302365
3670,29120,5638656.0,3671,0.193359375,26.79427146911621,0.0078125,0.13441075384616852,1.8192418813705444,1746458947.4885883,0.849609375,0.46222564578056335,-0.2415347695350647,92.126953125,1.0,1127.913090068
3674,29152,5644800.0,3675,0.2428385466337204,25.91666603088379,0.0078125,0.13386665284633636,1.8192418813705444,1746458948.6630833,0.849609375,0.521479070186615,-0.2212422490119934,92.126953125,1.0,1129.087594018
3675,29160,5646336.0,3676,0.2662760317325592,26.22916603088379,0.0078125,0.13054904341697693,1.8192418813705444,1746458948.9566097,0.849609375,0.5506110787391663,-0.20013442635536194,92.126953125,1.0,1129.381104041
3682,29216,5657088.0,3683,0.2037760466337204,25.52604103088379,0.0078125,0.1677352786064148,1.8192418813705444,1746458951.0144734,0.849609375,0.4625494182109833,-0.23693931102752686,92.126953125,1.0,1131.438956434
3698,29344,5681664.0,3699,0.251953125,25.37890625,0.0078125,0.13059277832508087,1.8192418813705444,1746458955.724648,0.849609375,0.5208471417427063,-0.2620791792869568,92.126953125,1.0,1136.149183019
3699,29352,5683200.0,3700,0.193359375,24.17447853088379,0.0078125,0.13995260000228882,1.8192418813705444,1746458956.0182834,0.849609375,0.4377438724040985,-0.27613937854766846,92.126953125,1.0,1136.44276046
3735,29640,5738496.0,3736,0.21484375,25.83333396911621,0.0078125,0.12681880593299866,1.8192418813705444,1746458966.5976815,0.849609375,0.48690882325172424,-0.16065531969070435,92.126953125,1.0,1147.022178254
3743,29704,5750784.0,3744,0.2916666567325592,26.6796875,0.0078125,0.10940870642662048,1.8192418813705444,1746458968.959748,0.849609375,0.5833332538604736,-0.14351406693458557,92.126953125,1.0,1149.384278556
3745,29720,5753856.0,3746,0.24609375,26.04427146911621,0.0078125,0.1086278185248375,1.8192418813705444,1746458969.547458,0.849609375,0.5249756574630737,-0.11928646266460419,92.126953125,1.0,1149.971941146
3752,29776,5764608.0,3753,0.1647135466337204,25.01432228088379,0.0078125,0.10829087346792221,1.8192418813705444,1746458971.60416,0.849609375,0.41998258233070374,-0.10982649028301239,92.126953125,1.0,1152.028646132
3779,29992,5806080.0,3780,0.2486979216337204,26.00911521911621,0.0078125,0.09732851386070251,1.8192418813705444,1746458979.5413492,0.849609375,0.5252299904823303,-0.10467053204774857,92.126953125,1.0,1159.965833226
3797,30136,5833728.0,3798,0.1595052033662796,25.15104103088379,0.0078125,0.0953635722398758,1.8192418813705444,1746458984.8293514,0.849609375,0.4030207693576813,-0.09933417290449142,92.126953125,1.0,1165.253837177
3802,30176,5841408.0,3803,0.197265625,26.12369728088379,0.0078125,0.11943532526493073,1.8192418813705444,1746458986.3107026,0.849609375,0.46148258447647095,-0.09705616533756256,92.126953125,1.0,1166.735181593
3822,30336,5872128.0,3823,0.2356770783662796,26.3515625,0.0078125,0.08768365532159805,1.8192418813705444,1746458992.1852086,0.849609375,0.5137143731117249,-0.1482335925102234,92.126953125,1.0,1172.609708691
3826,30368,5878272.0,3827,0.1998697966337204,25.35025978088379,0.0078125,0.11339180916547775,1.8192418813705444,1746458993.3603466,0.849609375,0.45491230487823486,-0.1355772763490677,92.126953125,1.0,1173.78483683
3846,30528,5908992.0,3847,0.228515625,25.11849021911621,0.0078125,0.09701139479875565,1.8192418813705444,1746458999.2390707,0.849609375,0.4898194372653961,-0.08765054494142532,92.126953125,1.0,1179.66357316
3853,30584,5919744.0,3854,0.2662760317325592,25.21484375,0.0078125,0.10616883635520935,1.8192418813705444,1746459001.2962856,0.849609375,0.5325520038604736,-0.11530987918376923,92.126953125,1.0,1181.720775135
3858,30624,5927424.0,3859,0.189453125,25.93489646911621,0.0078125,0.100741907954216,1.8192418813705444,1746459002.764404,0.849609375,0.45033159852027893,-0.11152955144643784,92.126953125,1.0,1183.188867085
3864,30672,5936640.0,3865,0.20703125,25.55078125,0.0078125,0.10808713734149933,1.8192418813705444,1746459004.5280464,0.849609375,0.47426122426986694,-0.06568130850791931,92.126953125,1.0,1184.952532135
3904,30992,5998080.0,3905,0.2356770783662796,25.8046875,0.0078125,0.08560847491025925,1.8847731351852417,1746459016.3847036,0.892578125,0.5107473134994507,-0.1758551299571991,91.787109375,1.0,1196.809397473
3938,31264,6050304.0,3939,0.275390625,26.74349021911621,0.0078125,0.10390594601631165,1.8847731351852417,1746459026.4416957,0.892578125,0.5637603402137756,-0.2372402846813202,91.787109375,1.0,1206.866402052
3961,31448,6085632.0,3962,0.2291666716337204,26.05208396911621,0.0078125,0.08384618163108826,1.8847731351852417,1746459033.22195,0.892578125,0.509010374546051,-0.24201348423957825,91.787109375,1.0,1213.646519834
3995,31720,6137856.0,3996,0.25,26.828125,0.0078125,0.06256335973739624,1.8847731351852417,1746459043.265663,0.892578125,0.5444183349609375,-0.14593833684921265,91.787109375,1.0,1223.690363329
4018,31904,6173184.0,4019,0.244140625,26.43099021911621,0.0078125,0.07325892895460129,1.8847731351852417,1746459050.0518007,0.892578125,0.5218575596809387,-0.15824835002422333,91.787109375,1.0,1230.476392418
4036,32048,6200832.0,4037,0.21875,25.74088478088379,0.0078125,0.11677701771259308,1.8847731351852417,1746459055.363175,0.892578125,0.49063360691070557,-0.25593531131744385,91.787109375,1.0,1235.787837383
4041,32088,6208512.0,4042,0.2135416716337204,25.26953125,0.0078125,0.10614971816539764,1.8847731351852417,1746459056.8366256,0.892578125,0.47966140508651733,-0.22744596004486084,91.787109375,1.0,1237.26134828
4044,32112,6213120.0,4045,0.2799479067325592,27.60286521911621,0.0078125,0.09787719696760178,1.8847731351852417,1746459057.721989,0.892578125,0.5799010396003723,-0.22721843421459198,91.787109375,1.0,1238.14673772
4056,32208,6231552.0,4057,0.2369791716337204,26.67578125,0.0078125,0.09796489775180817,1.8847731351852417,1746459061.2564528,0.892578125,0.5099261403083801,-0.27791884541511536,91.787109375,1.0,1241.681168174
4092,32496,6286848.0,4093,0.3111979067325592,27.71614646911621,0.0078125,0.07490271329879761,1.8847731351852417,1746459071.8983192,0.892578125,0.6223957538604736,-0.2517660856246948,91.787109375,1.0,1252.323025315
4121,32728,6331392.0,4122,0.1412760466337204,25.02864646911621,0.0078125,0.07995543628931046,1.8847731351852417,1746459080.4458303,0.892578125,0.3982152044773102,-0.32332974672317505,91.787109375,1.0,1260.870410743
4165,33080,6398976.0,4166,0.30078125,27.11458396911621,0.0078125,0.08564472943544388,1.8847731351852417,1746459093.4144473,0.892578125,0.6015623807907104,-0.40317386388778687,91.787109375,1.0,1273.838913767
4187,33256,6432768.0,4188,0.2239583283662796,26.18359375,0.0078125,0.07005739212036133,1.8847731351852417,1746459099.8869874,0.892578125,0.5027317404747009,-0.3220735192298889,91.787109375,1.0,1280.311473997
4191,33288,6438912.0,4192,0.2532552182674408,26.41536521911621,0.0078125,0.07956555485725403,1.8847731351852417,1746459101.0621655,0.892578125,0.5419964790344238,-0.29975998401641846,91.787109375,1.0,1281.486661458
4197,33336,6448128.0,4198,0.2233072966337204,26.984375,0.0078125,0.0913555845618248,1.8847731351852417,1746459102.8246224,0.892578125,0.5046570897102356,-0.3062537610530853,91.787109375,1.0,1283.249103067
4204,33392,6458880.0,4205,0.279296875,26.93619728088379,0.0078125,0.08539938926696777,1.8847731351852417,1746459104.8804822,0.892578125,0.574756920337677,-0.26472777128219604,91.787109375,1.0,1285.304973426
4207,33416,6463488.0,4208,0.2395833283662796,25.96484375,0.0078125,0.08981567621231079,1.8847731351852417,1746459105.761583,0.892578125,0.5143662691116333,-0.225456103682518,91.787109375,1.0,1286.186063203
4226,33568,6492672.0,4227,0.259765625,25.8828125,0.0078125,0.09012158960103989,1.9170544147491455,1746459111.4160478,0.92578125,0.5363262891769409,-0.1454753577709198,91.44140625,1.0,1291.840530837
4230,33600,6498816.0,4231,0.1901041716337204,25.48177146911621,0.0078125,0.09076851606369019,1.9170544147491455,1746459112.5913658,0.92578125,0.45140621066093445,-0.15506398677825928,91.44140625,1.0,1293.015854706
4233,33624,6503424.0,4234,0.2174479216337204,25.46224021911621,0.0078125,0.07402234524488449,1.9170544147491455,1746459113.4731233,0.92578125,0.48574298620224,-0.1662594974040985,91.44140625,1.0,1293.897608587
4241,33688,6515712.0,4242,0.2434895783662796,26.50130271911621,0.0078125,0.07061558961868286,1.9170544147491455,1746459115.822862,0.92578125,0.526880145072937,-0.17377445101737976,91.44140625,1.0,1296.247353849
4247,33736,6524928.0,4248,0.2923177182674408,26.72005271911621,0.0078125,0.0673992782831192,1.9170544147491455,1746459117.5858347,0.92578125,0.584635317325592,-0.16900505125522614,91.44140625,1.0,1298.010322965
4251,33768,6531072.0,4252,0.2447916716337204,26.00520896911621,0.0078125,0.06640797108411789,1.9170544147491455,1746459118.7623084,0.92578125,0.521885335445404,-0.2126535177230835,91.44140625,1.0,1299.186770796
4268,33904,6557184.0,4269,0.2428385466337204,26.04817771911621,0.0078125,0.07943642139434814,1.9170544147491455,1746459123.7593415,0.92578125,0.5227820873260498,-0.22298367321491241,91.44140625,1.0,1304.183802097
4303,34184,6610944.0,4304,0.2975260317325592,26.99479103088379,0.0078125,0.07081142067909241,1.9170544147491455,1746459134.0469406,0.92578125,0.5950520038604736,-0.21373412013053894,91.44140625,1.0,1314.471506081
4323,34344,6641664.0,4324,0.291015625,26.56510353088379,0.0078125,0.07466132938861847,1.9170544147491455,1746459139.9284327,0.92578125,0.5820311307907104,-0.20139360427856445,91.44140625,1.0,1320.352918747
4344,34512,6673920.0,4345,0.25,26.33203125,0.0078125,0.08117720484733582,1.9170544147491455,1746459146.1019492,0.92578125,0.5370694398880005,-0.200476735830307,91.44140625,1.0,1326.526432537
4356,34608,6692352.0,4357,0.1829427033662796,27.11197853088379,0.0078125,0.12336486577987671,1.9170544147491455,1746459149.6267967,0.92578125,0.4703245759010315,-0.23173873126506805,91.44140625,1.0,1330.051289138
4376,34768,6723072.0,4377,0.267578125,26.37630271911621,0.0078125,0.0596790537238121,1.9170544147491455,1746459155.5334587,0.92578125,0.5545051693916321,-0.18188458681106567,91.44140625,1.0,1335.957944452
4403,34984,6764544.0,4404,0.2122395783662796,25.36979103088379,0.0078125,0.06407077610492706,1.9170544147491455,1746459163.4851213,0.92578125,0.4768618941307068,-0.29603782296180725,91.44140625,1.0,1343.90977636
4406,35008,6769152.0,4407,0.2408854216337204,26.53385353088379,0.0078125,0.0761120393872261,1.9170544147491455,1746459164.3670187,0.92578125,0.5238436460494995,-0.2740575969219208,91.44140625,1.0,1344.791528712
4411,35048,6776832.0,4412,0.2356770783662796,26.42578125,0.0078125,0.04775175452232361,1.9170544147491455,1746459165.836694,0.92578125,0.508450448513031,-0.19069470465183258,91.44140625,1.0,1346.261168321
4415,35080,6782976.0,4416,0.2473958283662796,26.11328125,0.0078125,0.059788916260004044,1.9170544147491455,1746459167.013791,0.92578125,0.5299617648124695,-0.22867152094841003,91.44140625,1.0,1347.438282896
4435,35240,6813696.0,4436,0.2180989533662796,25.78775978088379,0.0078125,0.0532507561147213,1.9170544147491455,1746459172.8957834,0.92578125,0.489423543214798,-0.1794762909412384,91.44140625,1.0,1353.320301889
4486,35648,6892032.0,4487,0.271484375,26.53255271911621,0.0078125,0.043821245431900024,1.9170544147491455,1746459187.8857481,0.92578125,0.56007981300354,-0.15306994318962097,91.44140625,1.0,1368.310253848
4498,35744,6910464.0,4499,0.205078125,24.73046875,0.0078125,0.04738112539052963,1.9170544147491455,1746459191.4203608,0.92578125,0.4613193869590759,-0.16112585365772247,91.44140625,1.0,1371.844828337
4513,35864,6933504.0,4514,0.2154947966337204,25.32421875,0.0078125,0.06073705852031708,1.9170544147491455,1746459195.8272498,0.92578125,0.4792846739292145,-0.18738031387329102,91.44140625,1.0,1376.251717569
4539,36072,6973440.0,4540,0.259765625,25.67838478088379,0.0078125,0.05559831112623215,1.9170544147491455,1746459203.474825,0.92578125,0.5375902652740479,-0.17322419583797455,91.44140625,1.0,1383.899306037
4554,36192,6996480.0,4555,0.2083333283662796,25.42838478088379,0.0078125,0.06085805594921112,1.9295177459716797,1746459207.9456398,0.935546875,0.47554677724838257,-0.13845287263393402,94.029296875,1.0,1388.370115692
4577,36376,7031808.0,4578,0.2252604216337204,25.04427146911621,0.0078125,0.06805020570755005,1.9295177459716797,1746459214.704683,0.935546875,0.48885759711265564,-0.12949180603027344,94.029296875,1.0,1395.129165557
4610,36640,7082496.0,4611,0.2350260466337204,25.51822853088379,0.0078125,0.06527436524629593,1.9295177459716797,1746459224.408407,0.935546875,0.49926817417144775,-0.1482304483652115,94.029296875,1.0,1404.83288335
4615,36680,7090176.0,4616,0.236328125,26.23567771911621,0.0078125,0.08480418473482132,1.9295177459716797,1746459225.8769772,0.935546875,0.5083993077278137,-0.22995150089263916,94.029296875,1.0,1406.301457736
4617,36696,7093248.0,4618,0.1959635466337204,26.76302146911621,0.0078125,0.09860056638717651,1.9295177459716797,1746459226.4644275,0.935546875,0.4677221477031708,-0.17530351877212524,94.029296875,1.0,1406.888908419
4632,36816,7116288.0,4633,0.2513020932674408,27.38411521911621,0.0078125,0.06156332045793533,1.9295177459716797,1746459230.883937,0.935546875,0.5390260219573975,-0.2297724336385727,94.029296875,1.0,1411.308442148
4634,36832,7119360.0,4635,0.2799479067325592,26.93359375,0.0078125,0.05597611144185066,1.9295177459716797,1746459231.4716299,0.935546875,0.5771527290344238,-0.19628813862800598,94.029296875,1.0,1411.896122343
4644,36912,7134720.0,4645,0.2571614682674408,25.7265625,0.0078125,0.0627342090010643,1.9295177459716797,1746459234.4097927,0.935546875,0.5320659279823303,-0.19800111651420593,94.029296875,1.0,1414.834286705
4650,36960,7143936.0,4651,0.2747395932674408,25.74739646911621,0.0078125,0.07407170534133911,1.9295177459716797,1746459236.1719892,0.935546875,0.549479067325592,-0.20912764966487885,94.029296875,1.0,1416.596454924
4653,36984,7148544.0,4654,0.2649739682674408,26.11458396911621,0.0078125,0.07041778415441513,1.9295177459716797,1746459237.055579,0.935546875,0.5476909279823303,-0.19306635856628418,94.029296875,1.0,1417.480036632
4658,37024,7156224.0,4659,0.2395833283662796,26.56770896911621,0.0078125,0.059982262551784515,1.9295177459716797,1746459238.5274343,0.935546875,0.5262100100517273,-0.20603245496749878,94.029296875,1.0,1418.951906915
4681,37208,7191552.0,4682,0.30078125,27.16015625,0.0078125,0.06001002714037895,1.9295177459716797,1746459245.2845306,0.935546875,0.6015623807907104,-0.19220678508281708,94.029296875,1.0,1425.709032565
4690,37280,7205376.0,4691,0.2141927033662796,25.90104103088379,0.0078125,0.06232677400112152,1.9295177459716797,1746459247.9283655,0.935546875,0.4783254861831665,-0.17559826374053955,94.029296875,1.0,1428.35283337
4704,37392,7226880.0,4705,0.2506510317325592,25.36067771911621,0.0078125,0.06860893964767456,1.9295177459716797,1746459252.0451307,0.935546875,0.5168089270591736,-0.18263781070709229,94.029296875,1.0,1432.469619654
4708,37424,7233024.0,4709,0.2141927033662796,25.75130271911621,0.0078125,0.10889478027820587,1.9295177459716797,1746459253.2198536,0.935546875,0.48262152075767517,-0.19698983430862427,94.029296875,1.0,1433.644326501
4716,37488,7245312.0,4717,0.2174479216337204,26.42317771911621,0.0078125,0.0715411901473999,1.9295177459716797,1746459255.5699997,0.935546875,0.4964982271194458,-0.14521029591560364,94.029296875,1.0,1435.994481094
4731,37608,7268352.0,4732,0.2858072817325592,27.51953125,0.0078125,0.05483150854706764,1.9295177459716797,1746459259.9848175,0.935546875,0.5931596755981445,-0.135734423995018,94.029296875,1.0,1440.409291801
4736,37648,7276032.0,4737,0.232421875,26.76953125,0.0078125,0.060635678470134735,1.9295177459716797,1746459261.4530818,0.935546875,0.5251848697662354,-0.16330164670944214,94.029296875,1.0,1441.877564247
4737,37656,7277568.0,4738,0.291015625,26.58724021911621,0.0078125,0.07065844535827637,1.9295177459716797,1746459261.7465904,0.935546875,0.5820311307907104,-0.15640771389007568,94.029296875,1.0,1442.17106285
4739,37672,7280640.0,4740,0.2213541716337204,27.01822853088379,0.0078125,0.06280511617660522,1.9295177459716797,1746459262.333994,0.935546875,0.5057473182678223,-0.1628202348947525,94.029296875,1.0,1442.758485068
4748,37744,7294464.0,4749,0.251953125,26.66145896911621,0.0078125,0.06505818665027618,1.9295177459716797,1746459264.9783666,0.935546875,0.5440728664398193,-0.16194623708724976,94.029296875,1.0,1445.402838788
4750,37760,7297536.0,4751,0.2734375,26.79947853088379,0.0078125,0.06535407900810242,1.9295177459716797,1746459265.565731,0.935546875,0.5640338063240051,-0.14057683944702148,94.029296875,1.0,1445.990201083
4752,37776,7300608.0,4753,0.2701822817325592,27.11849021911621,0.0078125,0.05126576870679855,1.9295177459716797,1746459266.1533227,0.935546875,0.5669243931770325,-0.1468992829322815,94.029296875,1.0,1446.577789335
4757,37816,7308288.0,4758,0.2936197817325592,26.7734375,0.0078125,0.06737221777439117,1.9295177459716797,1746459267.6223378,0.935546875,0.5872395038604736,-0.18396730720996857,94.029296875,1.0,1448.046804714
4768,37904,7325184.0,4769,0.2447916716337204,26.16666603088379,0.0078125,0.07489681988954544,1.9295177459716797,1746459270.8569741,0.935546875,0.5246874690055847,-0.12982040643692017,94.029296875,1.0,1451.281450954
4781,38008,7345152.0,4782,0.240234375,27.29427146911621,0.0078125,0.06692707538604736,1.9295177459716797,1746459274.6752372,0.935546875,0.5388289093971252,-0.12101440876722336,94.029296875,1.0,1455.099707692
4819,38312,7403520.0,4820,0.2154947966337204,24.7421875,0.0078125,0.07066718488931656,1.9295177459716797,1746459285.8617792,0.935546875,0.47050338983535767,-0.20987597107887268,94.029296875,1.0,1466.286257405
4829,38392,7418880.0,4830,0.2604166567325592,25.86458396911621,0.0078125,0.08788081258535385,1.9295177459716797,1746459288.8009837,0.935546875,0.5384061932563782,-0.24976220726966858,94.029296875,1.0,1469.225448386
4846,38528,7444992.0,4847,0.25,27.04427146911621,0.0078125,0.06811072677373886,1.9295177459716797,1746459293.8046887,0.935546875,0.5407360196113586,-0.15026521682739258,94.029296875,1.0,1474.229170515
4866,38688,7475712.0,4867,0.2565104067325592,25.6484375,0.0078125,0.07590237259864807,1.9295177459716797,1746459299.6797645,0.935546875,0.5310797691345215,-0.1959569752216339,94.029296875,1.0,1480.104259055
4872,38736,7484928.0,4873,0.2161458283662796,26.48046875,0.0078125,0.07068897783756256,1.9295177459716797,1746459301.446404,0.935546875,0.49439579248428345,-0.19748222827911377,94.029296875,1.0,1481.87088751
4889,38872,7511040.0,4890,0.169921875,23.67057228088379,0.0078125,0.08531655371189117,1.9425023794174194,1746459306.5047011,0.947265625,0.41032978892326355,-0.20510581135749817,91.44921875,1.0,1486.929248217
4893,38904,7517184.0,4894,0.267578125,26.24609375,0.0078125,0.0698055773973465,1.9425023794174194,1746459307.6798348,0.947265625,0.5528992414474487,-0.13906213641166687,91.44921875,1.0,1488.104315505
4908,39024,7540224.0,4909,0.2923177182674408,26.71484375,0.0078125,0.08446172624826431,1.9425023794174194,1746459312.0939643,0.947265625,0.584635317325592,-0.13028176128864288,91.44921875,1.0,1492.518427051
4916,39088,7552512.0,4917,0.2298177033662796,25.17838478088379,0.0078125,0.08205288648605347,1.9425023794174194,1746459314.4428627,0.947265625,0.49414926767349243,-0.08249102532863617,91.44921875,1.0,1494.867339768
4926,39168,7567872.0,4927,0.2252604216337204,25.359375,0.0078125,0.0777059867978096,1.9425023794174194,1746459317.3816068,0.947265625,0.4879322052001953,-0.1194135844707489,91.44921875,1.0,1497.806071732
4929,39192,7572480.0,4930,0.2649739682674408,26.50390625,0.0078125,0.08233356475830078,1.9425023794174194,1746459318.262438,0.947265625,0.5491865873336792,-0.1644047647714615,91.44921875,1.0,1498.686908134
4933,39224,7578624.0,4934,0.2154947966337204,26.31770896911621,0.0078125,0.07100501656532288,1.9425023794174194,1746459319.437101,0.947265625,0.48832809925079346,-0.1589140146970749,91.44921875,1.0,1499.861578652
4939,39272,7587840.0,4940,0.2591145932674408,26.09895896911621,0.0078125,0.08373068273067474,1.9425023794174194,1746459321.2001784,0.947265625,0.5387915372848511,-0.17514052987098694,91.44921875,1.0,1501.62464642
4941,39288,7590912.0,4942,0.2877604067325592,26.42838478088379,0.0078125,0.07525049149990082,1.9425023794174194,1746459321.7876315,0.947265625,0.5755207538604736,-0.16841478645801544,91.44921875,1.0,1502.212127199
4945,39320,7597056.0,4946,0.2115885466337204,25.68489646911621,0.0078125,0.06660690158605576,1.9425023794174194,1746459322.962894,0.947265625,0.48073694109916687,-0.19819015264511108,91.44921875,1.0,1503.38737075
4987,39656,7661568.0,4988,0.2916666567325592,26.5703125,0.0078125,0.05664464086294174,1.9425023794174194,1746459335.3255997,0.947265625,0.5833332538604736,-0.16092656552791595,91.44921875,1.0,1515.750079414
4997,39736,7676928.0,4998,0.2526041567325592,25.4609375,0.0078125,0.07393964380025864,1.9425023794174194,1746459338.2634487,0.947265625,0.521517276763916,-0.11019586026668549,91.44921875,1.0,1518.687911377
5017,39896,7707648.0,5018,0.15625,24.71875,0.0078125,0.10679320991039276,1.9425023794174194,1746459344.1403883,0.947265625,0.40992268919944763,-0.16282033920288086,91.44921875,1.0,1524.564867936
5022,39936,7715328.0,5023,0.18359375,24.6171875,0.0078125,0.10642446577548981,1.9425023794174194,1746459345.6096752,0.947265625,0.43203988671302795,-0.17893867194652557,91.44921875,1.0,1526.034184004
5033,40024,7732224.0,5034,0.1666666716337204,25.97916603088379,0.0078125,0.06775957345962524,1.9425023794174194,1746459348.8409214,0.947265625,0.4335876405239105,-0.20551666617393494,91.44921875,1.0,1529.265384915
5062,40256,7776768.0,5063,0.1263020783662796,26.80989646911621,0.0078125,0.08411455154418945,1.9425023794174194,1746459357.3669684,0.947265625,0.3875885009765625,-0.22836646437644958,91.44921875,1.0,1537.791447982
5069,40312,7787520.0,5070,0.208984375,24.99479103088379,0.0078125,0.0994047150015831,1.9425023794174194,1746459359.4229748,0.947265625,0.4627881646156311,-0.22057785093784332,91.44921875,1.0,1539.847455668
5087,40456,7815168.0,5088,0.2161458283662796,25.63932228088379,0.0078125,0.09178885817527771,1.9425023794174194,1746459364.7152371,0.947265625,0.47683587670326233,-0.300578236579895,91.44921875,1.0,1545.13973257
5096,40528,7828992.0,5097,0.2434895783662796,24.91275978088379,0.0078125,0.060263492166996,1.9425023794174194,1746459367.3624504,0.947265625,0.5047221779823303,-0.32923781871795654,91.44921875,1.0,1547.786963695
5105,40600,7842816.0,5106,0.185546875,24.79427146911621,0.0078125,0.06697828322649002,1.9425023794174194,1746459370.011236,0.947265625,0.44132110476493835,-0.30392664670944214,91.44921875,1.0,1550.435706856
5117,40696,7861248.0,5118,0.2428385466337204,26.33203125,0.0078125,0.06199977174401283,1.9425023794174194,1746459373.5484474,0.947265625,0.5270346403121948,-0.3338499069213867,91.44921875,1.0,1553.972913999
5118,40704,7862784.0,5119,0.2662760317325592,26.21614646911621,0.0078125,0.08955828845500946,1.9425023794174194,1746459373.842137,0.947265625,0.5499790906906128,-0.32767969369888306,91.44921875,1.0,1554.266615595
5124,40752,7872000.0,5125,0.1647135466337204,25.82161521911621,0.0078125,0.09973019361495972,1.9425023794174194,1746459375.6051013,0.947265625,0.4224313795566559,-0.37202879786491394,91.44921875,1.0,1556.029572975
5164,41072,7933440.0,5165,0.1920572966337204,25.93880271911621,0.0078125,0.08830031007528305,1.9425023794174194,1746459387.3653424,0.947265625,0.46216922998428345,-0.28827494382858276,91.44921875,1.0,1567.789816643
5175,41160,7950336.0,5176,0.1940104216337204,24.48046875,0.0078125,0.12652930617332458,1.9425023794174194,1746459390.6008937,0.947265625,0.4439808428287506,-0.14898993074893951,91.44921875,1.0,1571.02538258
5182,41216,7961088.0,5183,0.2727864682674408,25.57291603088379,0.0078125,0.08143651485443115,1.9425023794174194,1746459392.6562963,0.947265625,0.5455729365348816,-0.18220114707946777,91.44921875,1.0,1573.080969231
5192,41296,7976448.0,5193,0.2317708283662796,25.26302146911621,0.0078125,0.07943844795227051,1.9425023794174194,1746459395.5957816,0.947265625,0.49776384234428406,-0.21486788988113403,91.44921875,1.0,1576.020264519
5205,41400,7996416.0,5206,0.27734375,25.8515625,0.0078125,0.12203730642795563,1.9780232906341553,1746459399.4755914,0.978515625,0.5546873807907104,-0.2275533676147461,92.576171875,1.0,1579.900066761
5242,41696,8053248.0,5243,0.2591145932674408,25.79817771911621,0.0078125,0.07080985605716705,1.9780232906341553,1746459410.378069,0.978515625,0.5354617238044739,-0.22751596570014954,92.576171875,1.0,1590.80256642
5294,42112,8133120.0,5295,0.2662760317325592,26.67838478088379,0.0078125,0.08812879025936127,1.9780232906341553,1746459425.672011,0.978515625,0.5540103912353516,-0.25899219512939453,92.576171875,1.0,1606.09649922
5296,42128,8136192.0,5297,0.2376302033662796,26.18619728088379,0.0078125,0.0907055139541626,1.9780232906341553,1746459426.2596443,0.978515625,0.5151127576828003,-0.2553037405014038,92.576171875,1.0,1606.684109824
5300,42160,8142336.0,5301,0.2545572817325592,25.55338478088379,0.0078125,0.07518093287944794,1.9780232906341553,1746459427.4345615,0.978515625,0.5271735191345215,-0.23755425214767456,92.576171875,1.0,1607.859029243
5308,42224,8154624.0,5309,0.2252604216337204,24.94661521911621,0.0078125,0.09762459993362427,1.9780232906341553,1746459429.7848432,0.978515625,0.4849903881549835,-0.24629315733909607,92.576171875,1.0,1610.209322187
5318,42304,8169984.0,5319,0.2747395932674408,27.36458396911621,0.0078125,0.102363221347332,1.9780232906341553,1746459432.7226212,0.978515625,0.573387086391449,-0.23367848992347717,92.576171875,1.0,1613.147102462
5333,42424,8193024.0,5334,0.2330729216337204,26.39974021911621,0.0078125,0.06393009424209595,1.9780232906341553,1746459437.1342108,0.978515625,0.5096805691719055,-0.14258648455142975,92.576171875,1.0,1617.55868962
5339,42472,8202240.0,5340,0.248046875,26.69010353088379,0.0078125,0.06569917500019073,1.9780232906341553,1746459438.8979454,0.978515625,0.5342082977294922,-0.1531367152929306,92.576171875,1.0,1619.322424036
5360,42640,8234496.0,5361,0.2623697817325592,27.58724021911621,0.0078125,0.08221435546875,1.9780232906341553,1746459445.0723863,0.978515625,0.5636735558509827,-0.15943124890327454,92.576171875,1.0,1625.496864536
5367,42696,8245248.0,5368,0.2858072817325592,26.15755271911621,0.0078125,0.0972830206155777,1.9780232906341553,1746459447.1252935,0.978515625,0.5716145038604736,-0.1556287705898285,92.576171875,1.0,1627.549756031
5393,42904,8285184.0,5394,0.240234375,26.05208396911621,0.0078125,0.08915233612060547,1.9780232906341553,1746459454.771915,0.978515625,0.5223767161369324,-0.23778051137924194,92.576171875,1.0,1635.196398425
5394,42912,8286720.0,5395,0.2727864682674408,26.52994728088379,0.0078125,0.10574053972959518,1.9780232906341553,1746459455.066393,0.978515625,0.5623679757118225,-0.22673335671424866,92.576171875,1.0,1635.49086767
5428,43184,8338944.0,5429,0.26953125,26.37890625,0.0078125,0.10505534708499908,1.9780232906341553,1746459465.0573325,0.978515625,0.5555416345596313,-0.25850701332092285,92.576171875,1.0,1645.481798887
5444,43312,8363520.0,5445,0.3125,27.76302146911621,0.0078125,0.09321887046098709,1.9780232906341553,1746459469.7570546,0.978515625,0.6249998807907104,-0.3662723898887634,92.576171875,1.0,1650.181537114
5445,43320,8365056.0,5446,0.23828125,26.16927146911621,0.0078125,0.07867348194122314,1.9780232906341553,1746459470.0514166,0.978515625,0.5164947509765625,-0.334240198135376,92.576171875,1.0,1650.475880362
5471,43528,8404992.0,5472,0.2154947966337204,26.48046875,0.0078125,0.12401150166988373,1.9780232906341553,1746459477.689642,0.978515625,0.4893341660499573,-0.23747378587722778,92.576171875,1.0,1658.11412495
5475,43560,8411136.0,5476,0.2434895783662796,26.36067771911621,0.0078125,0.10107254236936569,1.9780232906341553,1746459478.8647182,0.978515625,0.5235564112663269,-0.2041885256767273,92.576171875,1.0,1659.28921602
5497,43736,8444928.0,5498,0.2135416716337204,26.36328125,0.0078125,0.08522230386734009,1.9780232906341553,1746459485.3323781,0.978515625,0.4875624477863312,-0.20340047776699066,92.576171875,1.0,1665.756849556
5501,43768,8451072.0,5502,0.2766927182674408,26.82682228088379,0.0078125,0.0762866958975792,1.9780232906341553,1746459486.5071583,0.978515625,0.5720893740653992,-0.18508055806159973,92.576171875,1.0,1666.931620832
5510,43840,8464896.0,5511,0.2838541567325592,26.25650978088379,0.0078125,0.0935734212398529,1.9780232906341553,1746459489.1509345,0.978515625,0.5677082538604736,-0.1823609620332718,92.576171875,1.0,1669.575408677
5515,43880,8472576.0,5516,0.275390625,27.26041603088379,0.0078125,0.07441769540309906,1.9780232906341553,1746459490.6269217,0.978515625,0.5723932385444641,-0.15743479132652283,92.576171875,1.0,1671.051400532
5529,43992,8494080.0,5530,0.2532552182674408,24.43489646911621,0.0078125,0.06678754836320877,1.9638980627059937,1746459494.8018193,0.966796875,0.506510317325592,-0.13304443657398224,91.232421875,1.0,1675.226296088
5544,44112,8517120.0,5545,0.2154947966337204,24.30859375,0.0078125,0.0765351951122284,1.9638980627059937,1746459499.2084298,0.966796875,0.4671075642108917,-0.11948177218437195,91.232421875,1.0,1679.63289901
5553,44184,8530944.0,5554,0.2109375,25.11067771911621,0.0078125,0.0980299636721611,1.9638980627059937,1746459501.85764,0.966796875,0.47510412335395813,-0.14786502718925476,91.232421875,1.0,1682.282090685
5557,44216,8537088.0,5558,0.2858072817325592,26.36979103088379,0.0078125,0.08976557850837708,1.9638980627059937,1746459503.0325058,0.966796875,0.5716145038604736,-0.1447243094444275,91.232421875,1.0,1683.456975497
5562,44256,8544768.0,5563,0.201171875,25.3515625,0.0078125,0.07195419073104858,1.9638980627059937,1746459504.5009944,0.966796875,0.4619044363498688,-0.15859341621398926,91.232421875,1.0,1684.92546509
5587,44456,8583168.0,5588,0.1901041716337204,26.4453125,0.0078125,0.0948844850063324,1.9638980627059937,1746459511.8585758,0.966796875,0.46131420135498047,-0.11821366101503372,91.232421875,1.0,1692.283069227
5606,44608,8612352.0,5607,0.228515625,25.05729103088379,0.0078125,0.11249605566263199,1.9638980627059937,1746459517.4412026,0.966796875,0.4931492209434509,-0.2125169336795807,91.232421875,1.0,1697.865674382
5611,44648,8620032.0,5612,0.2024739533662796,27.05859375,0.0078125,0.08738575875759125,1.9638980627059937,1746459518.9102876,0.966796875,0.49456682801246643,-0.1771673858165741,91.232421875,1.0,1699.334744893
5614,44672,8624640.0,5615,0.26953125,25.41796875,0.0078125,0.0873233899474144,1.9638980627059937,1746459519.7918024,0.966796875,0.5390623807907104,-0.19861386716365814,91.232421875,1.0,1700.216274095
5619,44712,8632320.0,5620,0.2571614682674408,26.86197853088379,0.0078125,0.07648244500160217,1.9638980627059937,1746459521.2611306,0.966796875,0.5520858764648438,-0.19144248962402344,91.232421875,1.0,1701.685593636
5631,44808,8650752.0,5632,0.1432291716337204,27.17578125,0.0078125,0.08126796782016754,1.9638980627059937,1746459524.78528,0.966796875,0.41022738814353943,-0.2832632064819336,91.232421875,1.0,1705.209763338
5634,44832,8655360.0,5635,0.244140625,25.42447853088379,0.0078125,0.06497787684202194,1.9638980627059937,1746459525.6667287,0.966796875,0.510166585445404,-0.2776608467102051,91.232421875,1.0,1706.091234204
5647,44936,8675328.0,5648,0.138671875,25.19791603088379,0.0078125,0.09444096684455872,1.9638980627059937,1746459529.4856791,0.966796875,0.3907378017902374,-0.23057733476161957,91.232421875,1.0,1709.910174416
5649,44952,8678400.0,5650,0.181640625,24.6875,0.0078125,0.10056787729263306,1.9638980627059937,1746459530.0819995,0.966796875,0.4392082393169403,-0.21141916513442993,91.232421875,1.0,1710.506503932
5655,45000,8687616.0,5656,0.22265625,26.59895896911621,0.0078125,0.08708345890045166,1.9638980627059937,1746459531.846163,0.966796875,0.5119244456291199,-0.17355576157569885,91.232421875,1.0,1712.270637483
5657,45016,8690688.0,5658,0.1979166716337204,25.8984375,0.0078125,0.08329376578330994,1.9638980627059937,1746459532.433738,0.966796875,0.47371429204940796,-0.21917663514614105,91.232421875,1.0,1712.858234669
5694,45312,8747520.0,5695,0.2259114533662796,24.88541603088379,0.0078125,0.07320892810821533,1.9638980627059937,1746459543.3272686,0.966796875,0.4879409074783325,-0.1656208038330078,91.232421875,1.0,1723.7517479
5703,45384,8761344.0,5704,0.2506510317325592,25.4765625,0.0078125,0.10093291103839874,1.9638980627059937,1746459545.9730341,0.966796875,0.5188202261924744,-0.24282734096050262,91.232421875,1.0,1726.397499599
5706,45408,8765952.0,5707,0.2779947817325592,26.84765625,0.0078125,0.0882175862789154,1.9638980627059937,1746459546.8540165,0.966796875,0.5735624432563782,-0.2094116061925888,91.232421875,1.0,1727.278501153
5716,45488,8781312.0,5717,0.2578125,25.7578125,0.0078125,0.08704948425292969,1.9638980627059937,1746459549.7957437,0.966796875,0.5331978797912598,-0.2207135111093521,91.232421875,1.0,1730.220229048
5736,45648,8812032.0,5737,0.1888020783662796,24.95963478088379,0.0078125,0.07291283458471298,1.9638980627059937,1746459555.6726902,0.966796875,0.4466744661331177,-0.20102575421333313,91.232421875,1.0,1736.097158692
5737,45656,8813568.0,5738,0.2115885466337204,25.9140625,0.0078125,0.09945531189441681,1.9638980627059937,1746459555.9664583,0.966796875,0.48111021518707275,-0.23510916531085968,91.232421875,1.0,1736.390941345
5753,45784,8838144.0,5754,0.2200520783662796,24.55729103088379,0.0078125,0.08574996888637543,1.9638980627059937,1746459560.6669552,0.966796875,0.4731839597225189,-0.15519499778747559,91.232421875,1.0,1741.09143355
5755,45800,8841216.0,5756,0.2337239533662796,25.30078125,0.0078125,0.08396154642105103,1.9638980627059937,1746459561.2542057,0.966796875,0.5035659074783325,-0.18830516934394836,91.232421875,1.0,1741.678651409
5771,45928,8865792.0,5772,0.2096354216337204,25.29947853088379,0.0078125,0.08103625476360321,1.9638980627059937,1746459565.9703603,0.966796875,0.47388187050819397,-0.1942523866891861,91.232421875,1.0,1746.394825379
5778,45984,8876544.0,5779,0.2682291567325592,26.81510353088379,0.0078125,0.06579011678695679,1.9638980627059937,1746459568.02677,0.966796875,0.5620138645172119,-0.16347351670265198,91.232421875,1.0,1748.451251449
5800,46160,8910336.0,5801,0.2786458432674408,26.84895896911621,0.0078125,0.09751986712217331,1.9638980627059937,1746459574.4904811,0.966796875,0.5736006498336792,-0.18851108849048615,91.232421875,1.0,1754.914967738
5818,46304,8937984.0,5819,0.232421875,25.53125,0.0078125,0.10471571236848831,1.9638980627059937,1746459579.7806568,0.966796875,0.502609372138977,-0.22107455134391785,91.232421875,1.0,1760.205333989
5821,46328,8942592.0,5822,0.2369791716337204,25.53255271911621,0.0078125,0.07950328290462494,1.9638980627059937,1746459580.6655447,0.966796875,0.5100763440132141,-0.17201171815395355,91.232421875,1.0,1761.090028807
5823,46344,8945664.0,5824,0.2643229067325592,26.22786521911621,0.0078125,0.08420921862125397,1.9638980627059937,1746459581.252935,0.966796875,0.5459374189376831,-0.18565893173217773,91.232421875,1.0,1761.677410576
5835,46440,8964096.0,5836,0.2819010317325592,27.02864646911621,0.0078125,0.08863230049610138,1.9638980627059937,1746459584.7807984,0.966796875,0.5818610787391663,-0.17486892640590668,91.232421875,1.0,1765.205281209
5845,46520,8979456.0,5846,0.1920572966337204,26.56900978088379,0.0078125,0.08872954547405243,1.9638980627059937,1746459587.7177582,0.966796875,0.4706631302833557,-0.1856876164674759,91.232421875,1.0,1768.142329475
5872,46736,9020928.0,5873,0.2747395932674408,25.65625,0.0078125,0.08015145361423492,1.9068591594696045,1746459595.7148223,0.9140625,0.549479067325592,-0.12835609912872314,91.955078125,1.0,1776.139306623
5876,46768,9027072.0,5877,0.2330729216337204,26.58463478088379,0.0078125,0.08307790756225586,1.9068591594696045,1746459596.889629,0.9140625,0.5024548172950745,-0.11917785555124283,91.955078125,1.0,1777.314108579
5893,46904,9053184.0,5894,0.1744791716337204,25.46614646911621,0.0078125,0.11362434923648834,1.9068591594696045,1746459601.8833373,0.9140625,0.42540621757507324,-0.1925499588251114,91.955078125,1.0,1782.307803528
5909,47032,9077760.0,5910,0.2395833283662796,26.13020896911621,0.0078125,0.08996991813182831,1.9068591594696045,1746459606.5966883,0.9140625,0.5214651823043823,-0.1817491352558136,91.955078125,1.0,1787.021163414
5913,47064,9083904.0,5914,0.2506510317325592,25.34244728088379,0.0078125,0.10023234784603119,1.9068591594696045,1746459607.7719197,0.9140625,0.5193610787391663,-0.2021418660879135,91.955078125,1.0,1788.196417095
5914,47072,9085440.0,5915,0.150390625,24.80989646911621,0.0078125,0.0779387429356575,1.9068591594696045,1746459608.06543,0.9140625,0.39095306396484375,-0.1813671886920929,91.955078125,1.0,1788.489915375
5918,47104,9091584.0,5919,0.154296875,24.34505271911621,0.0078125,0.09544888138771057,1.9068591594696045,1746459609.2407737,0.9140625,0.39979857206344604,-0.1786673665046692,91.955078125,1.0,1789.665248256
5920,47120,9094656.0,5921,0.2701822817325592,26.41536521911621,0.0078125,0.07456997781991959,1.9068591594696045,1746459609.8283496,0.9140625,0.5577915906906128,-0.15271714329719543,91.955078125,1.0,1790.252816055
5930,47200,9110016.0,5931,0.2903645932674408,26.61328125,0.0078125,0.12289576232433319,1.9068591594696045,1746459612.7653103,0.9140625,0.580729067325592,-0.16475394368171692,91.955078125,1.0,1793.189767555
5935,47240,9117696.0,5936,0.240234375,26.5625,0.0078125,0.08841919153928757,1.9068591594696045,1746459614.2346435,0.9140625,0.5221752524375916,-0.1485878825187683,91.955078125,1.0,1794.659111645
5936,47248,9119232.0,5937,0.2298177033662796,26.58854103088379,0.0078125,0.08349722623825073,1.9068591594696045,1746459614.5285816,0.9140625,0.5186735391616821,-0.1503593772649765,91.955078125,1.0,1794.953039316
5942,47296,9128448.0,5943,0.2154947966337204,26.19270896911621,0.0078125,0.09339539706707001,1.9068591594696045,1746459616.293307,0.9140625,0.4927273988723755,-0.16835904121398926,91.955078125,1.0,1796.717832861
5975,47560,9179136.0,5976,0.2311197966337204,25.90234375,0.0078125,0.08682997524738312,1.9068591594696045,1746459625.9891732,0.9140625,0.5016753077507019,-0.15020427107810974,91.955078125,1.0,1806.413654197
6000,47760,9217536.0,6001,0.2350260466337204,25.95703125,0.0078125,0.08869171142578125,1.9068591594696045,1746459633.3381739,0.9140625,0.5061578750610352,-0.09515538811683655,91.955078125,1.0,1813.762670382
6065,48280,9317376.0,6066,0.23046875,25.20703125,0.0078125,0.06493154913187027,1.9068591594696045,1746459652.4572725,0.9140625,0.4954756796360016,-0.12348061800003052,91.955078125,1.0,1832.881897493
6086,48448,9349632.0,6087,0.2584635317325592,26.68880271911621,0.0078125,0.08892029523849487,1.9068591594696045,1746459658.62906,0.9140625,0.551611065864563,-0.08589218556880951,91.955078125,1.0,1839.053527093
6089,48472,9354240.0,6090,0.2760416567325592,26.78645896911621,0.0078125,0.08991032838821411,1.9068591594696045,1746459659.5122879,0.9140625,0.5698263645172119,-0.09336495399475098,91.955078125,1.0,1839.936742797
6095,48520,9363456.0,6096,0.2649739682674408,26.71354103088379,0.0078125,0.061761483550071716,1.9068591594696045,1746459661.2791586,0.9140625,0.54826819896698,-0.02089393325150013,91.955078125,1.0,1841.70362667
6097,48536,9366528.0,6098,0.1966145783662796,25.09635353088379,0.0078125,0.0890856459736824,1.9068591594696045,1746459661.8667054,0.9140625,0.4481944143772125,-0.0625796690583229,91.955078125,1.0,1842.291169309
6122,48736,9404928.0,6123,0.2233072966337204,25.15234375,0.0078125,0.07599107921123505,1.9068591594696045,1746459669.2360597,0.9140625,0.4835711717605591,-0.10305152088403702,91.955078125,1.0,1849.660547742
6127,48776,9412608.0,6128,0.2428385466337204,26.98046875,0.0078125,0.12012442946434021,1.9068591594696045,1746459670.70518,0.9140625,0.5332682132720947,-0.09847638756036758,91.955078125,1.0,1851.129663312
6153,48984,9452544.0,6154,0.2272135466337204,24.98828125,0.0078125,0.08757926523685455,1.9068591594696045,1746459678.3447351,0.9140625,0.4884790778160095,-0.06117912754416466,91.955078125,1.0,1858.769200631
6154,48992,9454080.0,6155,0.1640625,24.88020896911621,0.0078125,0.06975868344306946,1.9068591594696045,1746459678.6387007,0.9140625,0.4192803204059601,-0.06463538110256195,91.955078125,1.0,1859.06317584
6156,49008,9457152.0,6157,0.2239583283662796,26.6796875,0.0078125,0.09164606779813766,1.9068591594696045,1746459679.2262928,0.9140625,0.509135365486145,-0.10633736848831177,91.955078125,1.0,1859.650759376
6160,49040,9463296.0,6161,0.185546875,25.52474021911621,0.0078125,0.07037076354026794,1.9068591594696045,1746459680.4029913,0.9140625,0.45407718420028687,-0.05227052792906761,91.955078125,1.0,1860.827477446
6169,49112,9477120.0,6170,0.259765625,25.84895896911621,0.0078125,0.07198186218738556,1.9068591594696045,1746459683.0469167,0.9140625,0.5369582772254944,-0.04708442464470863,91.955078125,1.0,1863.471445243
6180,49200,9494016.0,6181,0.2005208283662796,25.06510353088379,0.0078125,0.08578817546367645,1.9627574682235718,1746459686.3418913,0.96484375,0.4606909155845642,-0.06830664724111557,90.046875,1.0,1866.766376246
6191,49288,9510912.0,6192,0.0,27.91796875,0.0078125,0.0791139155626297,1.9627574682235718,1746459689.5729353,0.96484375,0.2235529124736786,-0.1328604817390442,90.046875,1.0,1869.997421081
6221,49528,9556992.0,6222,0.240234375,26.19270896911621,0.0078125,0.09751033037900925,1.9627574682235718,1746459698.3903043,0.96484375,0.5210068821907043,-0.14799568057060242,90.046875,1.0,1878.814770086
6228,49584,9567744.0,6229,0.2760416567325592,25.82552146911621,0.0078125,0.08456046879291534,1.9627574682235718,1746459700.445628,0.96484375,0.5520832538604736,-0.13516047596931458,90.046875,1.0,1880.870110384
6231,49608,9572352.0,6232,0.181640625,25.17057228088379,0.0078125,0.08015196025371552,1.9627574682235718,1746459701.326452,0.96484375,0.44304075837135315,-0.12991482019424438,90.046875,1.0,1881.750932538
6233,49624,9575424.0,6234,0.228515625,25.7109375,0.0078125,0.09087453782558441,1.9627574682235718,1746459701.91359,0.96484375,0.5003541111946106,-0.15156416594982147,90.046875,1.0,1882.338042419
6258,49824,9613824.0,6259,0.2903645932674408,26.6171875,0.0078125,0.0884915441274643,1.9627574682235718,1746459709.2711544,0.96484375,0.580729067325592,-0.12122227996587753,90.046875,1.0,1889.695631144
6259,49832,9615360.0,6260,0.2265625,25.10416603088379,0.0078125,0.09365759789943695,1.9627574682235718,1746459709.5651996,0.96484375,0.4894721806049347,-0.1092337816953659,90.046875,1.0,1889.989650727
6267,49896,9627648.0,6268,0.23828125,24.57421875,0.0078125,0.11320551484823227,1.9627574682235718,1746459711.9145572,0.96484375,0.49462148547172546,-0.13584527373313904,90.046875,1.0,1892.339025748
6290,50080,9662976.0,6291,0.2337239533662796,28.05208396911621,0.0078125,0.07859300076961517,1.9627574682235718,1746459718.6724613,0.96484375,0.5351293087005615,-0.13442736864089966,90.046875,1.0,1899.096960619
6299,50152,9676800.0,6300,0.30078125,27.1484375,0.0078125,0.10521344840526581,1.9627574682235718,1746459721.317575,0.96484375,0.6015623807907104,-0.15326568484306335,90.046875,1.0,1901.742065018
6316,50288,9702912.0,6317,0.2897135317325592,26.58854103088379,0.0078125,0.06671728193759918,1.9627574682235718,1746459726.312665,0.96484375,0.5794270038604736,-0.11920496821403503,90.046875,1.0,1906.737133229
6359,50632,9768960.0,6360,0.2734375,25.59244728088379,0.0078125,0.06784090399742126,1.9627574682235718,1746459738.94949,0.96484375,0.5468748807907104,-0.11198355257511139,90.046875,1.0,1919.373954906
6360,50640,9770496.0,6361,0.2662760317325592,26.60677146911621,0.0078125,0.09583903849124908,1.9627574682235718,1746459739.2433364,0.96484375,0.5557742714881897,-0.16430604457855225,90.046875,1.0,1919.667799835
6373,50744,9790464.0,6374,0.1985677033662796,26.52604103088379,0.0078125,0.0727815181016922,1.9627574682235718,1746459743.0634885,0.96484375,0.47846609354019165,-0.15343424677848816,90.046875,1.0,1923.487942346
6382,50816,9804288.0,6383,0.2897135317325592,26.40234375,0.0078125,0.08028329908847809,1.9627574682235718,1746459745.7242868,0.96484375,0.5794270038604736,-0.14133110642433167,90.046875,1.0,1926.148781074
6425,51160,9870336.0,6426,0.2734375,26.90364646911621,0.0078125,0.09556908905506134,1.9627574682235718,1746459758.3585348,0.96484375,0.570738673210144,-0.12401989102363586,90.046875,1.0,1938.783026806
6435,51240,9885696.0,6436,0.1842447966337204,25.83072853088379,0.0078125,0.10388487577438354,1.9627574682235718,1746459761.2970748,0.96484375,0.44401299953460693,-0.13336442410945892,90.046875,1.0,1941.721564416
6447,51336,9904128.0,6448,0.248046875,27.59244728088379,0.0078125,0.07004477083683014,1.9627574682235718,1746459764.8245783,0.96484375,0.5467108488082886,-0.16737088561058044,90.046875,1.0,1945.249068817
6457,51416,9919488.0,6458,0.1412760466337204,25.77213478088379,0.0078125,0.07092911750078201,1.9627574682235718,1746459767.7622762,0.96484375,0.4108376204967499,-0.17332494258880615,90.046875,1.0,1948.18674976
6474,51552,9945600.0,6475,0.2317708283662796,27.984375,0.0078125,0.07956919074058533,1.9627574682235718,1746459772.7585883,0.96484375,0.538819432258606,-0.1386571079492569,90.046875,1.0,1953.183067942
6484,51632,9960960.0,6485,0.2890625,26.46484375,0.0078125,0.07235794514417648,1.9627574682235718,1746459775.696686,0.96484375,0.5781248807907104,-0.15558433532714844,90.046875,1.0,1956.121147618
6489,51672,9968640.0,6490,0.267578125,25.24349021911621,0.0078125,0.10094638168811798,1.9627574682235718,1746459777.1645951,0.96484375,0.5351561307907104,-0.15616470575332642,90.046875,1.0,1957.589071738
