returned_episode_lengths,returned_won_episode,update_steps,test_returned_episode_lengths,_step,test_returned_episode_returns,loss,returned_episode,returned_episode_returns,_runtime,grad_steps,test_returned_won_episode,test_returned_episode,qvals,env_step,_timestamp
25.119142532348633,0.0,3,28.50518035888672,2,0.05829979106783867,0.0,0.02473958395421505,0.22630558907985687,60.048107843,0,0.0,1.0,0.0,4608,1747614362.8216524
26.326824188232422,0.0,6,28.50518035888672,5,0.05829979106783867,0.0,0.02343750186264515,0.21626016497612,60.25736957,0,0.0,1.0,0.0,9216,1747614363.0309389
25.721355438232422,0.0,11,28.50518035888672,10,0.05829979106783867,0.0,0.02278645895421505,0.24271458387374878,60.608731946,0,0.0,1.0,0.0,16896,1747614363.382317
26.03841209411621,0.0,15,28.50518035888672,14,0.05829979106783867,0.0,0.02343750186264515,0.23369599878787994,60.887772969,0,0.0,1.0,0.0,23040,1747614363.6613443
26.265626907348633,0.0,20,28.50518035888672,19,0.05829979106783867,0.0,0.02343750186264515,0.22564193606376648,61.235884089,0,0.0,1.0,0.0,30720,1747614364.0094779
26.994142532348633,0.0,37,28.50518035888672,36,0.05829979106783867,0.024364810436964035,0.0240885429084301,0.2381686270236969,64.635967418,48,0.0,1.0,0.18989649415016174,56832,1747614367.4095216
26.340496063232422,0.0,38,28.50518035888672,37,0.05829979106783867,0.02161238342523575,0.02343750186264515,0.23258768022060394,65.075029105,56,0.0,1.0,0.24713099002838135,58368,1747614367.848595
25.333986282348633,0.0,65,28.50518035888672,64,0.05829979106783867,0.04113009572029114,0.02343750186264515,0.25413623452186584,76.972609147,272,0.0,1.0,0.4507848024368286,99840,1747614379.7461696
25.66536521911621,0.0,130,28.50518035888672,129,0.05829979106783867,0.11079943180084229,0.0240885429084301,0.2684282064437866,105.661950122,792,0.0,1.0,0.6364493370056152,199680,1747614408.4354696
25.879558563232422,0.0,147,28.50518035888672,146,0.05829979106783867,0.10688275098800659,0.02343750186264515,0.28205814957618713,113.167343571,928,0.0,1.0,0.6923078298568726,225792,1747614415.940886
26.379558563232422,0.0,149,28.50518035888672,148,0.05829979106783867,0.11383421719074249,0.02343750186264515,0.2855615019798279,114.051940932,944,0.0,1.0,0.7032524347305298,228864,1747614416.8252726
26.77474021911621,0.0,169,28.50518035888672,168,0.05829979106783867,0.11403072625398636,0.02148437686264515,0.28506025671958923,122.948028972,1104,0.0,1.0,0.7473077774047852,259584,1747614425.7215757
26.28255271911621,0.0,179,28.50518035888672,178,0.05829979106783867,0.10145322233438492,0.0221354179084301,0.27125632762908936,127.379456872,1184,0.0,1.0,0.7626127600669861,274944,1747614430.1529639
25.20052146911621,0.0,193,28.50518035888672,192,0.05829979106783867,0.11095625162124634,0.0240885429084301,0.26928845047950745,133.606005326,1296,0.0,1.0,0.7993748784065247,296448,1747614436.3795815
25.533205032348633,0.0,223,28.50518035888672,222,0.05829979106783867,0.1900184005498886,0.02343750186264515,0.27761879563331604,146.988856217,1536,0.0,1.0,0.8269420862197876,342528,1747614449.7622378
24.771486282348633,0.0,231,28.50518035888672,230,0.05829979106783867,0.1025962382555008,0.02343750186264515,0.29408302903175354,150.525565111,1600,0.0,1.0,0.8410845994949341,354816,1747614453.299112
25.625652313232422,0.0,232,28.50518035888672,231,0.05829979106783867,0.18449591100215912,0.02343750186264515,0.3062548339366913,150.975696337,1608,0.0,1.0,0.8581825494766235,356352,1747614453.7492127
25.76497459411621,0.0,236,28.50518035888672,235,0.05829979106783867,0.10495441406965256,0.02343750186264515,0.31887373328208923,152.76437937,1640,0.0,1.0,0.8620151877403259,362496,1747614455.5378666
25.636720657348633,0.0,257,28.50518035888672,256,0.05829979106783867,0.12247470021247864,0.02148437686264515,0.2909839451313019,162.104911513,1808,0.0,1.0,0.8816913366317749,394752,1747614464.8784368
26.070314407348633,0.0,259,28.50518035888672,258,0.05829979106783867,0.10510588437318802,0.0221354179084301,0.3120550513267517,162.991454413,1824,0.0,1.0,0.8861409425735474,397824,1747614465.7649953
26.611980438232422,0.0,260,28.50518035888672,259,0.05829979106783867,0.10401271283626556,0.02148437686264515,0.2948759198188782,163.429643701,1832,0.0,1.0,0.876752495765686,399360,1747614466.2031598
26.07356834411621,0.0,276,28.50518035888672,275,0.05829979106783867,0.11797171086072922,0.02278645895421505,0.29941466450691223,170.554387883,1960,0.0,1.0,0.8966528177261353,423936,1747614473.327894
25.22395896911621,0.0,279,28.50518035888672,278,0.05829979106783867,0.12077902257442474,0.02148437686264515,0.27853643894195557,171.897494971,1984,0.0,1.0,0.9100152254104614,428544,1747614474.6710336
25.652996063232422,0.0,306,28.50518035888672,305,0.05829979106783867,0.10676431655883789,0.0240885429084301,0.34065812826156616,183.909196242,2200,0.0,1.0,0.9217546582221985,470016,1747614486.6825745
25.84700584411621,0.0,313,28.50518035888672,312,0.05829979106783867,0.0969676822423935,0.02539062686264515,0.3180057108402252,187.007627873,2256,0.0,1.0,0.9293531179428101,480768,1747614489.7811544
26.02278709411621,0.0,323,28.50518035888672,322,0.05829979106783867,0.11859679222106934,0.0240885429084301,0.324482798576355,191.473479562,2336,0.0,1.0,0.9373703002929688,496128,1747614494.2468858
26.975261688232422,0.0,333,36.88813018798828,332,0.48151499032974243,0.10394978523254395,0.02343750186264515,0.30475327372550964,196.029408304,2416,0.0,1.0,0.9466869831085205,511488,1747614498.8027558
25.344402313232422,0.0,339,36.88813018798828,338,0.48151499032974243,0.10729599744081497,0.0240885429084301,0.3127807080745697,198.712527696,2464,0.0,1.0,0.953764021396637,520704,1747614501.4859312
27.59114646911621,0.0,344,36.88813018798828,343,0.48151499032974243,0.09615187346935272,0.02278645895421505,0.30325567722320557,200.944492755,2504,0.0,1.0,0.9541949033737183,528384,1747614503.717796
25.755861282348633,0.0,350,36.88813018798828,349,0.48151499032974243,0.09478193521499634,0.02278645895421505,0.3185938000679016,203.631424805,2552,0.0,1.0,0.9571065306663513,537600,1747614506.4048376
26.179689407348633,0.0,352,36.88813018798828,351,0.48151499032974243,0.10103210806846619,0.0240885429084301,0.33695337176322937,204.513972786,2568,0.0,1.0,0.9634833335876465,540672,1747614507.2874446
25.804689407348633,0.0,356,36.88813018798828,355,0.48151499032974243,0.0985540896654129,0.0221354179084301,0.3149608075618744,206.294268305,2600,0.0,1.0,0.9603003263473511,546816,1747614509.0677729
26.57552146911621,0.0,359,36.88813018798828,358,0.48151499032974243,0.1677321493625641,0.02278645895421505,0.3271445035934448,207.624523328,2624,0.0,1.0,0.976263701915741,551424,1747614510.3980622
26.319011688232422,0.0,368,36.88813018798828,367,0.48151499032974243,0.16149921715259552,0.02148437686264515,0.3326796293258667,211.629817434,2696,0.0,1.0,0.9689423441886902,565248,1747614514.4033518
26.429689407348633,0.0,376,36.88813018798828,375,0.48151499032974243,0.1504417359828949,0.0221354179084301,0.2878330647945404,215.174918952,2760,0.0,1.0,0.9659878015518188,577536,1747614517.9484363
26.703777313232422,0.0,405,36.88813018798828,404,0.48151499032974243,0.08338141441345215,0.0221354179084301,0.3399883806705475,228.051923104,2992,0.0,1.0,0.9585427045822144,622080,1747614530.8254457
26.601564407348633,0.0,413,36.88813018798828,412,0.48151499032974243,0.08339104056358337,0.02343750186264515,0.3498954176902771,231.770398827,3056,0.0,1.0,0.9769719839096069,634368,1747614534.543935
25.162111282348633,0.0,418,36.88813018798828,417,0.48151499032974243,0.1412176787853241,0.0240885429084301,0.33185872435569763,233.989910889,3096,0.0,1.0,0.9662268757820129,642048,1747614536.7634459
27.52669334411621,0.0,456,36.88813018798828,455,0.48151499032974243,0.08135518431663513,0.01888020895421505,0.29392796754837036,250.91346377,3400,0.0,1.0,0.9721499085426331,700416,1747614553.6868494
25.37630271911621,0.0,472,36.88813018798828,471,0.48151499032974243,0.07406637072563171,0.02083333395421505,0.32977494597435,258.024141821,3528,0.0,1.0,0.9871560335159302,724992,1747614560.7976296
27.70247459411621,0.0,499,36.88813018798828,498,0.48151499032974243,0.06415845453739166,0.02083333395421505,0.3531758785247803,270.032286054,3744,0.0,1.0,0.9736658930778503,766464,1747614572.8057382
27.308595657348633,0.0,542,36.88813018798828,541,0.48151499032974243,0.0667080283164978,0.01953125186264515,0.400455504655838,289.172355792,4088,0.0,1.0,0.9524685144424438,832512,1747614591.9458933
25.453126907348633,0.0,575,36.88813018798828,574,0.48151499032974243,0.058831848204135895,0.02278645895421505,0.4347105622291565,303.861011978,4352,0.0,1.0,0.8965232372283936,883200,1747614606.6343715
26.08724021911621,0.0,580,36.88813018798828,579,0.48151499032974243,0.06317814439535141,0.02343750186264515,0.43555623292922974,306.081646455,4392,0.0,1.0,0.9148879051208496,890880,1747614608.8550642
27.078777313232422,0.0026041667442768812,581,36.88813018798828,580,0.48151499032974243,0.12292713671922684,0.02343750186264515,0.4408207833766937,306.52116777,4400,0.0,1.0,0.898568868637085,892416,1747614609.2947145
26.188152313232422,0.0,585,36.88813018798828,584,0.48151499032974243,0.04989081621170044,0.0221354179084301,0.3854314386844635,308.304823067,4432,0.0,1.0,0.924526035785675,898560,1747614611.0783513
28.130861282348633,0.0,600,36.88813018798828,599,0.48151499032974243,0.15927982330322266,0.0201822929084301,0.40997546911239624,314.98077839,4552,0.0,1.0,0.8794816732406616,921600,1747614617.7542536
28.08919334411621,0.0260416679084301,614,36.88813018798828,613,0.48151499032974243,0.11640508472919464,0.0201822929084301,0.46625006198883057,321.201569331,4664,0.0,1.0,0.8790091276168823,943104,1747614623.9750216
26.544923782348633,0.0,616,36.88813018798828,615,0.48151499032974243,0.0756172314286232,0.02278645895421505,0.41399627923965454,322.096458739,4680,0.0,1.0,0.859796941280365,946176,1747614624.869845
27.195314407348633,0.02278645895421505,626,36.88813018798828,625,0.48151499032974243,0.051513634622097015,0.02083333395421505,0.4545489549636841,326.54894408,4760,0.0,1.0,0.8820788264274597,961536,1747614629.3223612
27.13411521911621,0.0,628,36.88813018798828,627,0.48151499032974243,0.06321513652801514,0.02278645895421505,0.43723222613334656,327.428928115,4776,0.0,1.0,0.8724561929702759,964608,1747614630.2023416
25.919923782348633,0.0651041716337204,644,36.88813018798828,643,0.48151499032974243,0.07864701747894287,0.0201822929084301,0.5139578580856323,334.559684218,4904,0.0,1.0,0.8810576796531677,989184,1747614637.3330839
26.66341209411621,0.0,659,41.60816192626953,658,0.7563862204551697,0.08372531831264496,0.017578125,0.3751333951950073,341.31973536,5024,0.06081601232290268,1.0,0.8883668184280396,1012224,1747614644.093199
27.979167938232422,0.01953125186264515,667,41.60816192626953,666,0.7563862204551697,0.05728299915790558,0.01888020895421505,0.4396556317806244,344.887277679,5088,0.06081601232290268,1.0,0.8727887272834778,1024512,1747614647.660769
26.22786521911621,0.0423177108168602,673,41.60816192626953,672,0.7563862204551697,0.07239770889282227,0.02278645895421505,0.5081090331077576,347.54447819,5136,0.06081601232290268,1.0,0.8777059316635132,1033728,1747614650.3179276
27.587892532348633,0.01692708395421505,675,41.60816192626953,674,0.7563862204551697,0.062325578182935715,0.015625,0.4150982201099396,348.430880006,5152,0.06081601232290268,1.0,0.8609714508056641,1036800,1747614651.204399
28.438152313232422,0.0768229216337204,717,41.60816192626953,716,0.7563862204551697,0.08052320778369904,0.017578125,0.5676724910736084,367.120351032,5488,0.06081601232290268,1.0,0.8521487712860107,1101312,1747614669.893698
27.51106834411621,0.01692708395421505,771,41.60816192626953,770,0.7563862204551697,0.106600821018219,0.017578125,0.4622744917869568,391.124796066,5920,0.06081601232290268,1.0,0.8087620139122009,1184256,1747614693.8982913
26.253908157348633,0.0279947929084301,776,41.60816192626953,775,0.7563862204551697,0.1410001814365387,0.01888020895421505,0.48423460125923157,393.349440128,5960,0.06081601232290268,1.0,0.8204035758972168,1191936,1747614696.1229687
27.691408157348633,0.0813802108168602,793,41.60816192626953,792,0.7563862204551697,0.158409982919693,0.01888020895421505,0.5645530819892883,400.896451503,6096,0.06081601232290268,1.0,0.8230577111244202,1218048,1747614703.6698947
28.100261688232422,0.0696614608168602,804,41.60816192626953,803,0.7563862204551697,0.13844721019268036,0.01888020895421505,0.5507960319519043,405.823624444,6184,0.06081601232290268,1.0,0.8291222453117371,1234944,1747614708.596996
26.71809959411621,0.0611979216337204,808,41.60816192626953,807,0.7563862204551697,0.11888212710618973,0.01692708395421505,0.5184709429740906,407.585471025,6216,0.06081601232290268,1.0,0.8107980489730835,1241088,1747614710.3589718
26.148439407348633,0.0032552084885537624,822,41.60816192626953,821,0.7563862204551697,0.15317651629447937,0.02278645895421505,0.4520600438117981,413.811441606,6328,0.06081601232290268,1.0,0.823023796081543,1262592,1747614716.584949
29.87630271911621,0.0638020858168602,828,41.60816192626953,827,0.7563862204551697,0.12873949110507965,0.0182291679084301,0.5781068205833435,416.498207381,6376,0.06081601232290268,1.0,0.8206185102462769,1271808,1747614719.271713
27.324871063232422,0.0859375074505806,849,41.60816192626953,848,0.7563862204551697,0.11291499435901642,0.01692708395421505,0.5709323883056641,425.886925767,6544,0.06081601232290268,1.0,0.8251683712005615,1304064,1747614728.6604528
27.367189407348633,0.0,850,41.60816192626953,849,0.7563862204551697,0.12629356980323792,0.01692708395421505,0.40992292761802673,426.335161565,6552,0.06081601232290268,1.0,0.8162785768508911,1305600,1747614729.1085699
27.02474021911621,0.0989583358168602,862,41.60816192626953,861,0.7563862204551697,0.11577266454696655,0.01302083395421505,0.4976777732372284,431.674740277,6648,0.06081601232290268,1.0,0.8122285604476929,1324032,1747614734.448227
28.42513084411621,0.1471354216337204,869,41.60816192626953,868,0.7563862204551697,0.11344891786575317,0.01953125186264515,0.7094792127609253,434.80510124,6704,0.06081601232290268,1.0,0.8267368078231812,1334784,1747614737.5786405
27.060548782348633,0.138671875,871,41.60816192626953,870,0.7563862204551697,0.13197681307792664,0.01953125186264515,0.6725157499313354,435.685035983,6720,0.06081601232290268,1.0,0.8202985525131226,1337856,1747614738.4585652
28.453126907348633,0.1100260466337204,874,41.60816192626953,873,0.7563862204551697,0.14446918666362762,0.0162760429084301,0.5905683040618896,437.034022401,6744,0.06081601232290268,1.0,0.8287562131881714,1342464,1747614739.8075287
27.244142532348633,0.2669270932674408,878,41.60816192626953,877,0.7563862204551697,0.14299431443214417,0.01692708395421505,0.8018420934677124,438.821925896,6776,0.06081601232290268,1.0,0.8154492378234863,1348608,1747614741.5954528
29.193361282348633,0.0722656324505806,932,41.60816192626953,931,0.7563862204551697,0.13961553573608398,0.01888020895421505,0.5591979622840881,462.822774069,7208,0.06081601232290268,1.0,0.784332811832428,1431552,1747614765.5961115
27.445964813232422,0.1972656399011612,948,41.60816192626953,947,0.7563862204551697,0.12481095641851425,0.01953125186264515,0.7569834589958191,469.933303863,7336,0.06081601232290268,1.0,0.7650946378707886,1456128,1747614772.7067647
27.388673782348633,0.1223958432674408,957,41.60816192626953,956,0.7563862204551697,0.1716075986623764,0.01692708395421505,0.6123505234718323,473.946663934,7408,0.06081601232290268,1.0,0.7446444034576416,1469952,1747614776.7200975
28.62825584411621,0.2734375,973,41.60816192626953,972,0.7563862204551697,0.27228689193725586,0.015625,0.8082090020179749,481.078170497,7536,0.06081601232290268,1.0,0.7328196167945862,1494528,1747614783.8514748
29.438152313232422,0.2799479365348816,999,45.166812896728516,998,1.2192490100860596,0.14699086546897888,0.017578125,0.8372353315353394,492.739953747,7744,0.360556036233902,1.0,0.6789026260375977,1534464,1747614795.5134692
29.561199188232422,0.2942708432674408,1008,45.166812896728516,1007,1.2192490100860596,0.17139409482479095,0.015625,0.8495651483535767,496.753036989,7816,0.360556036233902,1.0,0.6789313554763794,1548288,1747614799.5265515
27.197267532348633,0.2148437649011612,1013,45.166812896728516,1012,1.2192490100860596,0.18437373638153076,0.0162760429084301,0.7513452172279358,498.979368785,7856,0.360556036233902,1.0,0.6800429224967957,1555968,1747614801.752892
27.365236282348633,0.2526041865348816,1019,45.166812896728516,1018,1.2192490100860596,0.25521332025527954,0.013671875931322575,0.7092394232749939,501.662561851,7904,0.360556036233902,1.0,0.6844786405563354,1565184,1747614804.4359674
29.220705032348633,0.2936198115348816,1022,45.166812896728516,1021,1.2192490100860596,0.22120800614356995,0.01953125186264515,0.8841086626052856,502.987586534,7928,0.360556036233902,1.0,0.6600916385650635,1569792,1747614805.7610977
29.22395896911621,0.28125,1024,45.166812896728516,1023,1.2192490100860596,0.19843333959579468,0.01692708395421505,0.8292235136032104,503.876577015,7944,0.360556036233902,1.0,0.6520479917526245,1572864,1747614806.6500933
27.73958396911621,0.2187500149011612,1041,45.166812896728516,1040,1.2192490100860596,0.20288357138633728,0.0182291679084301,0.7518711686134338,511.444422251,8080,0.360556036233902,1.0,0.6793698072433472,1598976,1747614814.2177272
27.861330032348633,0.2324218899011612,1058,45.166812896728516,1057,1.2192490100860596,0.24512378871440887,0.017578125,0.7605060935020447,519.018910607,8216,0.360556036233902,1.0,0.6574258804321289,1625088,1747614821.7924354
28.52474021911621,0.255859375,1085,45.166812896728516,1084,1.2192490100860596,0.2786499261856079,0.015625,0.7954549193382263,531.037514028,8432,0.360556036233902,1.0,0.6659373044967651,1666560,1747614833.8109646
26.625652313232422,0.2194010466337204,1097,45.166812896728516,1096,1.2192490100860596,0.24379755556583405,0.0162760429084301,0.6919842958450317,536.404705325,8528,0.360556036233902,1.0,0.6452778577804565,1684992,1747614839.1782117
28.62434959411621,0.4355469048023224,1112,45.166812896728516,1111,1.2192490100860596,0.2553550899028778,0.017578125,1.022547960281372,543.059748522,8648,0.360556036233902,1.0,0.6851383447647095,1708032,1747614845.8332462
28.339845657348633,0.4186198115348816,1123,45.166812896728516,1122,1.2192490100860596,0.3069605231285095,0.017578125,1.0100754499435425,547.963956365,8736,0.360556036233902,1.0,0.6964564919471741,1724928,1747614850.7374666
29.33333396911621,0.3072916865348816,1153,45.166812896728516,1152,1.2192490100860596,0.32237982749938965,0.01497395895421505,0.8460829854011536,561.34614566,8976,0.360556036233902,1.0,0.7106652855873108,1771008,1747614864.119662
30.184246063232422,0.2845052182674408,1161,45.166812896728516,1160,1.2192490100860596,0.35315266251564026,0.0162760429084301,0.8752545118331909,564.926600417,9040,0.360556036233902,1.0,0.7062265872955322,1783296,1747614867.699996
29.11067771911621,0.4218750298023224,1171,45.166812896728516,1170,1.2192490100860596,0.37009161710739136,0.015625,0.9991694688796997,569.362470071,9120,0.360556036233902,1.0,0.7320806384086609,1798656,1747614872.136002
28.578126907348633,0.3151041865348816,1176,45.166812896728516,1175,1.2192490100860596,0.38833093643188477,0.01497395895421505,0.8624708652496338,571.592055349,9160,0.360556036233902,1.0,0.7496176958084106,1806336,1747614874.365585
30.057292938232422,0.3710937798023224,1181,45.166812896728516,1180,1.2192490100860596,0.3648228943347931,0.014322916977107525,0.940451443195343,573.818169179,9200,0.360556036233902,1.0,0.7574173212051392,1814016,1747614876.5916297
26.974611282348633,0.4264323115348816,1196,45.166812896728516,1195,1.2192490100860596,0.4281430244445801,0.01953125186264515,1.0419878959655762,580.480007731,9320,0.360556036233902,1.0,0.7713767290115356,1837056,1747614883.2535603
29.86849021911621,0.3470052182674408,1226,45.166812896728516,1225,1.2192490100860596,0.34600573778152466,0.01692708395421505,0.9103043675422668,593.818386827,9560,0.360556036233902,1.0,0.7715378999710083,1883136,1747614896.591868
29.902345657348633,0.3522135615348816,1233,45.166812896728516,1232,1.2192490100860596,0.3858581781387329,0.017578125,0.953854501247406,596.929036789,9616,0.360556036233902,1.0,0.7685129642486572,1893888,1747614899.7025716
29.314455032348633,0.3144531548023224,1234,45.166812896728516,1233,1.2192490100860596,0.41673290729522705,0.01692708395421505,0.9010807275772095,597.385842504,9624,0.360556036233902,1.0,0.7829160690307617,1895424,1747614900.1591978
28.750001907348633,0.3209635615348816,1243,45.166812896728516,1242,1.2192490100860596,0.4141652584075928,0.015625,0.8776747584342957,601.396727579,9696,0.360556036233902,1.0,0.7855334281921387,1909248,1747614904.1700857
28.746746063232422,0.3196614682674408,1249,45.166812896728516,1248,1.2192490100860596,0.36858445405960083,0.0162760429084301,0.8930677175521851,604.058151916,9744,0.360556036233902,1.0,0.7914804220199585,1918464,1747614906.8316603
30.377605438232422,0.3404948115348816,1256,45.166812896728516,1255,1.2192490100860596,0.52156662940979,0.015625,0.9235754609107971,607.175222565,9800,0.360556036233902,1.0,0.7951837778091431,1929216,1747614909.948663
28.703126907348633,0.517578125,1313,47.641143798828125,1312,1.6691820621490479,0.5178819894790649,0.01692708395421505,1.1663907766342163,632.723373154,10256,0.7130995988845825,1.0,0.8371025323867798,2016768,1747614935.496894
28.77474021911621,0.4576823115348816,1320,47.641143798828125,1319,1.6691820621490479,0.5367571711540222,0.014322916977107525,1.0600390434265137,635.836440207,10312,0.7130995988845825,1.0,0.888508141040802,2027520,1747614938.6099765
29.18880271911621,0.537109375,1329,47.641143798828125,1328,1.6691820621490479,0.4722861647605896,0.01888020895421505,1.1886054277420044,639.859076743,10384,0.7130995988845825,1.0,0.8767006993293762,2041344,1747614942.6326196
29.800783157348633,0.533203125,1333,47.641143798828125,1332,1.6691820621490479,0.46270209550857544,0.017578125,1.179262399673462,641.638417076,10416,0.7130995988845825,1.0,0.8863637447357178,2047488,1747614944.4119296
28.22981834411621,0.3899739682674408,1336,47.641143798828125,1335,1.6691820621490479,0.4653143286705017,0.01692708395421505,0.9622536301612854,642.964786202,10440,0.7130995988845825,1.0,0.8565605878829956,2052096,1747614945.7382376
29.361980438232422,0.3118489682674408,1338,47.641143798828125,1337,1.6691820621490479,0.5768024921417236,0.015625,0.8693791031837463,643.846439449,10456,0.7130995988845825,1.0,0.8700239062309265,2055168,1747614946.6199427
28.908205032348633,0.4505208432674408,1372,47.641143798828125,1371,1.6691820621490479,0.6025327444076538,0.0182291679084301,1.0484471321105957,658.972005159,10728,0.7130995988845825,1.0,0.8665993809700012,2107392,1747614961.745517
29.51302146911621,0.3359375298023224,1379,47.641143798828125,1378,1.6691820621490479,0.6326879858970642,0.01692708395421505,0.9132618308067322,662.077733062,10784,0.7130995988845825,1.0,0.8696483373641968,2118144,1747614964.8512607
29.61458396911621,0.3359375298023224,1384,47.641143798828125,1383,1.6691820621490479,0.49280601739883423,0.017578125,0.9127209186553955,664.310836167,10824,0.7130995988845825,1.0,0.8855019807815552,2125824,1747614967.0843313
29.806642532348633,0.4583333432674408,1414,47.641143798828125,1413,1.6691820621490479,0.4698884189128876,0.015625,1.0323693752288818,677.68979747,11064,0.7130995988845825,1.0,0.8545070290565491,2171904,1747614980.4633186
28.957683563232422,0.3593750298023224,1416,47.641143798828125,1415,1.6691820621490479,0.44283774495124817,0.01692708395421505,0.9251039624214172,678.577307996,11080,0.7130995988845825,1.0,0.8849599957466125,2174976,1747614981.3507328
28.58528709411621,0.4329427182674408,1439,47.641143798828125,1438,1.6691820621490479,0.48119407892227173,0.017578125,1.0324560403823853,688.786177403,11264,0.7130995988845825,1.0,0.8970123529434204,2210304,1747614991.559688
31.130210876464844,0.4029948115348816,1441,47.641143798828125,1440,1.6691820621490479,0.48599570989608765,0.015625,1.0054845809936523,689.690902524,11280,0.7130995988845825,1.0,0.8861574530601501,2213376,1747614992.464431
29.76106834411621,0.4498698115348816,1442,47.641143798828125,1441,1.6691820621490479,0.5140665173530579,0.0182291679084301,1.068912386894226,690.134958271,11288,0.7130995988845825,1.0,0.8981031775474548,2214912,1747614992.9084551
30.03255271911621,0.2337239682674408,1460,47.641143798828125,1459,1.6691820621490479,0.5990033149719238,0.015625,0.7946445941925049,698.127268789,11432,0.7130995988845825,1.0,0.8745400905609131,2242560,1747615000.9007487
30.574220657348633,0.2864583432674408,1501,47.641143798828125,1500,1.6691820621490479,0.39020997285842896,0.01497395895421505,0.8123552203178406,716.341458784,11760,0.7130995988845825,1.0,0.8937145471572876,2305536,1747615019.1149864
30.444011688232422,0.3548177182674408,1505,47.641143798828125,1504,1.6691820621490479,0.7520558834075928,0.015625,0.9385096430778503,718.107475825,11792,0.7130995988845825,1.0,0.8764731884002686,2311680,1747615020.8810022
30.100261688232422,0.4830729365348816,1514,47.641143798828125,1513,1.6691820621490479,0.531083345413208,0.01692708395421505,1.0597721338272095,722.115266506,11864,0.7130995988845825,1.0,0.929895281791687,2325504,1747615024.8887699
27.648439407348633,0.3528645932674408,1517,47.641143798828125,1516,1.6691820621490479,0.5061469674110413,0.01692708395421505,0.9140070080757141,723.452916995,11888,0.7130995988845825,1.0,0.9278698563575745,2330112,1747615026.2261765
30.042970657348633,0.4179687798023224,1528,47.641143798828125,1527,1.6691820621490479,0.5073226094245911,0.014322916977107525,1.0031565427780151,728.388545598,11976,0.7130995988845825,1.0,0.939856767654419,2347008,1747615031.1615918
28.504558563232422,0.5442708730697632,1536,47.641143798828125,1535,1.6691820621490479,0.5639725923538208,0.01953125186264515,1.2087695598602295,731.948136664,12040,0.7130995988845825,1.0,0.9463838338851929,2359296,1747615034.721605
30.164064407348633,0.505859375,1549,47.641143798828125,1548,1.6691820621490479,0.5210651159286499,0.015625,1.1099990606307983,737.714195839,12144,0.7130995988845825,1.0,0.9583877325057983,2379264,1747615040.4876852
29.95052146911621,0.3789062798023224,1556,47.641143798828125,1555,1.6691820621490479,0.8083467483520508,0.0162760429084301,0.9583257436752319,740.794142866,12200,0.7130995988845825,1.0,0.9404096603393555,2390016,1747615043.5676916
30.774089813232422,0.1816406399011612,1566,47.641143798828125,1565,1.6691820621490479,0.5496319532394409,0.0162760429084301,0.7319735884666443,745.216191979,12280,0.7130995988845825,1.0,0.9330219626426697,2405376,1747615047.9897578
30.777345657348633,0.3522135615348816,1578,47.641143798828125,1577,1.6691820621490479,0.5043051242828369,0.0162760429084301,0.9271522164344788,750.529895156,12376,0.7130995988845825,1.0,0.9159030914306641,2423808,1747615053.3033266
30.358074188232422,0.5078125,1605,47.641143798828125,1604,1.6691820621490479,0.5644455552101135,0.0162760429084301,1.1085692644119263,762.428188689,12592,0.7130995988845825,1.0,0.9164419770240784,2465280,1747615065.201572
29.228517532348633,0.4218750298023224,1607,47.641143798828125,1606,1.6691820621490479,0.5836424827575684,0.01692708395421505,1.0314112901687622,763.308383379,12608,0.7130995988845825,1.0,0.9221917390823364,2468352,1747615066.0818899
29.701824188232422,0.3971354365348816,1617,47.641143798828125,1616,1.6691820621490479,0.438425213098526,0.015625,0.9570554494857788,767.703216256,12688,0.7130995988845825,1.0,0.901878833770752,2483712,1747615070.476565
30.361330032348633,0.4947916865348816,1622,47.641143798828125,1621,1.6691820621490479,0.3214603662490845,0.0182291679084301,1.1004083156585693,769.908588129,12728,0.7130995988845825,1.0,0.8934401273727417,2491392,1747615072.6817286
29.640626907348633,0.3847656548023224,1626,49.32723617553711,1625,1.6644095182418823,0.3540782034397125,0.015625,0.9411526322364807,771.784780269,12760,0.706448495388031,1.0,0.8896653652191162,2497536,1747615074.5581732
29.67317771911621,0.4251302182674408,1656,49.32723617553711,1655,1.6644095182418823,0.3206491470336914,0.013671875931322575,1.0077497959136963,785.016738591,13000,0.706448495388031,1.0,0.8862617015838623,2543616,1747615087.7901087
28.22786521911621,0.5638021230697632,1663,49.32723617553711,1662,1.6644095182418823,0.42851322889328003,0.01497395895421505,1.190844178199768,788.092385988,13056,0.706448495388031,1.0,0.9269535541534424,2554368,1747615090.865715
30.997398376464844,0.4082031548023224,1667,49.32723617553711,1666,1.6644095182418823,0.32611075043678284,0.014322916977107525,0.999503493309021,789.851766687,13088,0.706448495388031,1.0,0.9102320671081543,2560512,1747615092.6251132
30.02278709411621,0.4869791865348816,1678,49.32723617553711,1677,1.6644095182418823,0.32503676414489746,0.0162760429084301,1.1022480726242065,794.693289159,13176,0.706448495388031,1.0,0.8841778635978699,2577408,1747615097.466655
28.273439407348633,0.3398437798023224,1682,49.32723617553711,1681,1.6644095182418823,0.29599782824516296,0.015625,0.8654187321662903,796.459436715,13208,0.706448495388031,1.0,0.9075640439987183,2583552,1747615099.2328086
30.41145896911621,0.3352864682674408,1699,49.32723617553711,1698,1.6644095182418823,0.5497450232505798,0.014322916977107525,0.8708199262619019,803.943110936,13344,0.706448495388031,1.0,0.8989187479019165,2609664,1747615106.7164407
31.059898376464844,0.4615885615348816,1722,49.32723617553711,1721,1.6644095182418823,0.3062314987182617,0.01497395895421505,1.048208236694336,814.071995301,13528,0.706448495388031,1.0,0.869470477104187,2644992,1747615116.8456159
29.52669334411621,0.4375000298023224,1769,49.32723617553711,1768,1.6644095182418823,0.28677240014076233,0.0162760429084301,1.0022798776626587,834.69944512,13904,0.706448495388031,1.0,0.8736194968223572,2717184,1747615137.4730585
29.670574188232422,0.3274739682674408,1776,49.32723617553711,1775,1.6644095182418823,0.3216469883918762,0.01497395895421505,0.8373351097106934,837.771629924,13960,0.706448495388031,1.0,0.8691799640655518,2727936,1747615140.545239
28.906251907348633,0.3164062798023224,1799,49.32723617553711,1798,1.6644095182418823,0.29412567615509033,0.01692708395421505,0.8732754588127136,847.887151655,14144,0.706448495388031,1.0,0.8590332269668579,2763264,1747615150.660781
29.883464813232422,0.2688802182674408,1823,49.32723617553711,1822,1.6644095182418823,0.31268295645713806,0.015625,0.8083768486976624,858.433297288,14336,0.706448495388031,1.0,0.8737167119979858,2800128,1747615161.2068996
29.619142532348633,0.4414062798023224,1831,49.32723617553711,1830,1.6644095182418823,0.3205317556858063,0.01497395895421505,1.0081976652145386,861.950792562,14400,0.706448495388031,1.0,0.8680285811424255,2812416,1747615164.724389
29.822267532348633,0.4498698115348816,1852,49.32723617553711,1851,1.6644095182418823,0.29536664485931396,0.017578125,1.0414494276046753,871.160951496,14568,0.706448495388031,1.0,0.8867429494857788,2844672,1747615173.93452
30.768230438232422,0.4427083432674408,1865,49.32723617553711,1864,1.6644095182418823,0.3139580488204956,0.013671875931322575,0.9525837302207947,876.855449431,14672,0.706448495388031,1.0,0.9037396311759949,2864640,1747615179.629037
27.86849021911621,0.3567708432674408,1866,49.32723617553711,1865,1.6644095182418823,0.3370448648929596,0.015625,0.8793896436691284,877.294331629,14680,0.706448495388031,1.0,0.8851014375686646,2866176,1747615180.0679188
28.908855438232422,0.4648437798023224,1870,49.32723617553711,1869,1.6644095182418823,0.31152984499931335,0.0182291679084301,1.0325679779052734,879.047391973,14712,0.706448495388031,1.0,0.8583534955978394,2872320,1747615181.8207815
29.217449188232422,0.4557291865348816,1896,49.32723617553711,1895,1.6644095182418823,0.39920490980148315,0.015625,1.023492693901062,890.488624681,14920,0.706448495388031,1.0,0.9398151636123657,2912256,1747615193.2622228
30.800783157348633,0.3847656548023224,1897,49.32723617553711,1896,1.6644095182418823,0.3627200722694397,0.014322916977107525,0.9257141947746277,890.927488655,14928,0.706448495388031,1.0,0.9438510537147522,2913792,1747615193.7011068
29.601564407348633,0.4303385615348816,1900,49.32723617553711,1899,1.6644095182418823,0.3252773880958557,0.0162760429084301,1.0213650465011597,892.239980409,14952,0.706448495388031,1.0,0.9255883693695068,2918400,1747615195.01359
30.770183563232422,0.5260416865348816,1910,49.32723617553711,1909,1.6644095182418823,0.4749932885169983,0.015625,1.1380404233932495,896.627706384,15032,0.706448495388031,1.0,0.9293403625488281,2933760,1747615199.401306
30.02474021911621,0.5872396230697632,1935,49.32723617553711,1934,1.6644095182418823,0.33124133944511414,0.0162760429084301,1.2223016023635864,907.607663738,15232,0.706448495388031,1.0,0.9423933029174805,2972160,1747615210.381254
29.460939407348633,0.4127604365348816,1954,47.11496353149414,1953,1.8111289739608765,0.30915045738220215,0.014322916977107525,0.9503281116485596,916.067812136,15384,0.8321168422698975,1.0,0.9287619590759277,3001344,1747615218.8413553
29.480470657348633,0.4557291865348816,1964,47.11496353149414,1963,1.8111289739608765,0.3261507749557495,0.0162760429084301,1.044363021850586,920.456552609,15464,0.8321168422698975,1.0,0.9188026189804077,3016704,1747615223.2301686
29.453777313232422,0.533203125,1969,47.11496353149414,1968,1.8111289739608765,0.2680392861366272,0.01692708395421505,1.177424430847168,922.654526798,15504,0.8321168422698975,1.0,0.9329692125320435,3024384,1747615225.4280963
29.48177146911621,0.513671875,1981,47.11496353149414,1980,1.8111289739608765,0.31484243273735046,0.015625,1.1268603801727295,927.916022414,15600,0.8321168422698975,1.0,0.9421126842498779,3042816,1747615230.6896405
29.985027313232422,0.3697916865348816,1984,47.11496353149414,1983,1.8111289739608765,0.3075895309448242,0.01497395895421505,0.9346426129341125,929.233105185,15624,0.8321168422698975,1.0,0.9238401651382446,3047424,1747615232.0067124
29.215496063232422,0.5397135615348816,1998,47.11496353149414,1997,1.8111289739608765,0.4400145411491394,0.015625,1.133100152015686,935.376455435,15736,0.8321168422698975,1.0,0.9311933517456055,3068928,1747615238.1500309
28.03255271911621,0.4225260615348816,2006,47.11496353149414,2005,1.8111289739608765,0.35214540362358093,0.015625,0.9658594131469727,938.885487087,15800,0.8321168422698975,1.0,0.8925053477287292,3081216,1747615241.6590583
29.674480438232422,0.4179687798023224,2015,47.11496353149414,2014,1.8111289739608765,0.3907114863395691,0.0162760429084301,0.9963483810424805,942.835100934,15872,0.8321168422698975,1.0,0.9261826872825623,3095040,1747615245.6087048
30.24349021911621,0.4674479365348816,2017,47.11496353149414,2016,1.8111289739608765,0.3016963303089142,0.015625,1.0550395250320435,943.717200598,15888,0.8321168422698975,1.0,0.9209235906600952,3098112,1747615246.4907844
28.80403709411621,0.6061198115348816,2019,47.11496353149414,2018,1.8111289739608765,0.30969831347465515,0.0182291679084301,1.2756469249725342,944.594828236,15904,0.8321168422698975,1.0,0.9193539619445801,3101184,1747615247.3684158
29.686199188232422,0.4583333432674408,2028,47.11496353149414,2027,1.8111289739608765,0.39267638325691223,0.0162760429084301,1.0538244247436523,948.539865122,15976,0.8321168422698975,1.0,0.9324599504470825,3115008,1747615251.3134432
27.57356834411621,0.5260416865348816,2060,47.11496353149414,2059,1.8111289739608765,0.256178617477417,0.01953125186264515,1.1517442464828491,962.59680812,16232,0.8321168422698975,1.0,0.9253299236297607,3164160,1747615265.370421
28.597658157348633,0.4700520932674408,2064,47.11496353149414,2063,1.8111289739608765,0.398377001285553,0.0162760429084301,1.0663164854049683,964.35068348,16264,0.8321168422698975,1.0,0.9349260926246643,3170304,1747615267.124292
28.40364646911621,0.5338541865348816,2065,47.11496353149414,2064,1.8111289739608765,0.36787480115890503,0.0162760429084301,1.1237742900848389,964.792104287,16272,0.8321168422698975,1.0,0.920590877532959,3171840,1747615267.5656629
29.941408157348633,0.4947916865348816,2066,47.11496353149414,2065,1.8111289739608765,0.3541281223297119,0.015625,1.0709803104400635,965.228980754,16280,0.8321168422698975,1.0,0.9102847576141357,3173376,1747615268.0025902
30.011720657348633,0.4401041865348816,2067,47.11496353149414,2066,1.8111289739608765,0.36795932054519653,0.015625,1.029849648475647,965.668920825,16288,0.8321168422698975,1.0,0.9231991767883301,3174912,1747615268.4425385
28.19075584411621,0.4596354365348816,2092,47.11496353149414,2091,1.8111289739608765,0.273634672164917,0.017578125,1.0500668287277222,976.623347935,16488,0.8321168422698975,1.0,0.9470479488372803,3213312,1747615279.3969576
29.85677146911621,0.4466145932674408,2095,47.11496353149414,2094,1.8111289739608765,0.2957579493522644,0.014322916977107525,1.032483696937561,977.937854615,16512,0.8321168422698975,1.0,0.940134584903717,3217920,1747615280.711371
28.551433563232422,0.4752604365348816,2096,47.11496353149414,2095,1.8111289739608765,0.27305328845977783,0.0162760429084301,1.0475270748138428,978.376941667,16520,0.8321168422698975,1.0,0.9558300971984863,3219456,1747615281.1505518
27.53450584411621,0.5403646230697632,2110,47.11496353149414,2109,1.8111289739608765,0.3625965118408203,0.01953125186264515,1.1619240045547485,984.520167123,16632,0.8321168422698975,1.0,0.9718316793441772,3240960,1747615287.2937691
29.642580032348633,0.5364583730697632,2128,47.11496353149414,2127,1.8111289739608765,0.3935531973838806,0.01692708395421505,1.160761833190918,992.426601439,16776,0.8321168422698975,1.0,0.949164867401123,3268608,1747615295.2001767
29.941408157348633,0.501953125,2135,47.11496353149414,2134,1.8111289739608765,0.32430294156074524,0.01497395895421505,1.0880290269851685,995.532460355,16832,0.8321168422698975,1.0,0.9917216897010803,3279360,1747615298.3060713
29.66145896911621,0.3743489682674408,2136,47.11496353149414,2135,1.8111289739608765,0.32661357522010803,0.014322916977107525,0.9147778749465942,995.971519745,16840,0.8321168422698975,1.0,0.9868593215942383,3280896,1747615298.7451186
30.567710876464844,0.4114583432674408,2148,47.11496353149414,2147,1.8111289739608765,0.4523526430130005,0.01302083395421505,1.0058650970458984,1001.228101989,16936,0.8321168422698975,1.0,1.0224404335021973,3299328,1747615304.0017135
28.919923782348633,0.5501302480697632,2155,47.11496353149414,2154,1.8111289739608765,0.3216099143028259,0.015625,1.1428885459899902,1004.327373323,16992,0.8321168422698975,1.0,1.0137114524841309,3310080,1747615307.1009762
29.86067771911621,0.3404948115348816,2176,47.11496353149414,2175,1.8111289739608765,0.340297669172287,0.01302083395421505,0.845646321773529,1013.547406288,17160,0.8321168422698975,1.0,1.0617668628692627,3342336,1747615316.3210013
28.828126907348633,0.564453125,2178,47.11496353149414,2177,1.8111289739608765,0.3158484697341919,0.0162760429084301,1.2005974054336548,1014.425458202,17176,0.8321168422698975,1.0,1.0723488330841064,3345408,1747615317.1990573
29.583986282348633,0.4563802182674408,2197,47.11496353149414,2196,1.8111289739608765,0.3875243663787842,0.0162760429084301,1.0168389081954956,1022.758027095,17328,0.8321168422698975,1.0,1.0636216402053833,3374592,1747615325.531651
29.41145896911621,0.3736979365348816,2218,47.11496353149414,2217,1.8111289739608765,0.36791956424713135,0.013671875931322575,0.8991135954856873,1031.986741977,17496,0.8321168422698975,1.0,1.0808851718902588,3406848,1747615334.7603157
29.76302146911621,0.4036458432674408,2222,47.11496353149414,2221,1.8111289739608765,0.3120827078819275,0.01497395895421505,0.947788655757904,1033.739449888,17528,0.8321168422698975,1.0,1.086885929107666,3412992,1747615336.5130508
28.62825584411621,0.3372395932674408,2224,47.11496353149414,2223,1.8111289739608765,0.36396723985671997,0.01497395895421505,0.872726321220398,1034.617793677,17544,0.8321168422698975,1.0,1.0962945222854614,3416064,1747615337.3914
29.40950584411621,0.5390625,2236,47.11496353149414,2235,1.8111289739608765,0.4956018924713135,0.0162760429084301,1.1954623460769653,1039.883916276,17640,0.8321168422698975,1.0,1.0796990394592285,3434496,1747615342.657536
31.662761688232422,0.5143229365348816,2254,47.11496353149414,2253,1.8111289739608765,0.51667320728302,0.01497395895421505,1.1007837057113647,1047.81827714,17784,0.8321168422698975,1.0,1.1020393371582031,3462144,1747615350.5918534
28.031902313232422,0.5481771230697632,2263,47.11496353149414,2262,1.8111289739608765,0.4228511154651642,0.0162760429084301,1.142000436782837,1051.770923288,17856,0.8321168422698975,1.0,1.0919245481491089,3475968,1747615354.544529
30.486980438232422,0.4635416865348816,2279,46.91226577758789,2278,1.8114230632781982,0.4738049805164337,0.015625,1.1052824258804321,1058.906166731,17984,0.8343777656555176,1.0,1.108026146888733,3500544,1747615361.6797612
30.25911521911621,0.5390625,2286,46.91226577758789,2285,1.8114230632781982,0.3233639597892761,0.014322916977107525,1.1368423700332642,1061.979303748,18040,0.8343777656555176,1.0,1.1034648418426514,3511296,1747615364.752913
29.335939407348633,0.4700520932674408,2299,46.91226577758789,2298,1.8114230632781982,0.3117086589336395,0.01497395895421505,1.0248876810073853,1067.684652717,18144,0.8343777656555176,1.0,1.082777500152588,3531264,1747615370.4582405
29.89974021911621,0.4264323115348816,2306,46.91226577758789,2305,1.8114230632781982,0.3021093010902405,0.01497395895421505,0.9703688025474548,1070.756832089,18200,0.8343777656555176,1.0,1.1229004859924316,3542016,1747615373.5304415
28.080730438232422,0.4264323115348816,2334,46.91226577758789,2333,1.8114230632781982,0.3323991894721985,0.01692708395421505,1.0261443853378296,1083.075018394,18424,0.8343777656555176,1.0,1.171105146408081,3585024,1747615385.848637
30.703777313232422,0.4583333432674408,2349,46.91226577758789,2348,1.8114230632781982,0.3957197666168213,0.015625,1.0471826791763306,1089.662654443,18544,0.8343777656555176,1.0,1.1348974704742432,3608064,1747615392.4361773
30.501955032348633,0.513671875,2357,46.91226577758789,2356,1.8114230632781982,0.3091837465763092,0.014322916977107525,1.1014227867126465,1093.165684472,18608,0.8343777656555176,1.0,1.1405315399169922,3620352,1747615395.9392915
30.963542938232422,0.4798177480697632,2373,46.91226577758789,2372,1.8114230632781982,0.29472753405570984,0.015625,1.1036138534545898,1100.186927164,18736,0.8343777656555176,1.0,1.1180179119110107,3644928,1747615402.9605248
30.324220657348633,0.4361979365348816,2383,46.91226577758789,2382,1.8114230632781982,0.3807855546474457,0.01497395895421505,1.0364993810653687,1104.588470874,18816,0.8343777656555176,1.0,1.0905139446258545,3660288,1747615407.3620625
28.985027313232422,0.5859375596046448,2388,46.91226577758789,2387,1.8114230632781982,0.3302319049835205,0.017578125,1.2216039896011353,1106.785330299,18856,0.8343777656555176,1.0,1.1132986545562744,3667968,1747615409.5589328
31.195314407348633,0.4934896230697632,2397,46.91226577758789,2396,1.8114230632781982,0.3270007371902466,0.01497395895421505,1.102599859237671,1110.727551391,18928,0.8343777656555176,1.0,1.0850820541381836,3681792,1747615413.5011706
29.005861282348633,0.5240885615348816,2401,46.91226577758789,2400,1.8114230632781982,0.33071303367614746,0.017578125,1.184036374092102,1112.480932394,18960,0.8343777656555176,1.0,1.11440110206604,3687936,1747615415.2545052
28.707033157348633,0.3281250298023224,2425,46.91226577758789,2424,1.8114230632781982,0.3444969058036804,0.014322916977107525,0.8158528804779053,1123.029087981,19152,0.8343777656555176,1.0,1.0899617671966553,3724800,1747615425.802682
30.322267532348633,0.5377604365348816,2453,46.91226577758789,2452,1.8114230632781982,0.40132686495780945,0.0182291679084301,1.191424012184143,1135.316593907,19376,0.8343777656555176,1.0,1.108691692352295,3767808,1747615438.0902026
30.815105438232422,0.3984375298023224,2463,46.91226577758789,2462,1.8114230632781982,0.43623554706573486,0.01497395895421505,0.942435085773468,1139.706990247,19456,0.8343777656555176,1.0,1.113010287284851,3783168,1747615442.4806135
30.752605438232422,0.4348958432674408,2465,46.91226577758789,2464,1.8114230632781982,0.4419289231300354,0.014322916977107525,0.9807911515235901,1140.589149987,19472,0.8343777656555176,1.0,1.1012091636657715,3786240,1747615443.3627656
30.242189407348633,0.4049479365348816,2469,46.91226577758789,2468,1.8114230632781982,0.4122695326805115,0.015625,1.0097835063934326,1142.350580441,19504,0.8343777656555176,1.0,1.0981435775756836,3792384,1747615445.1241598
29.000001907348633,0.4928385615348816,2474,46.91226577758789,2473,1.8114230632781982,0.27341151237487793,0.01692708395421505,1.1190632581710815,1144.539353476,19544,0.8343777656555176,1.0,1.0958024263381958,3800064,1747615447.3129559
28.432292938232422,0.4596354365348816,2479,46.91226577758789,2478,1.8114230632781982,0.2531515955924988,0.01692708395421505,1.0523802042007446,1146.728332186,19584,0.8343777656555176,1.0,1.1062209606170654,3807744,1747615449.501934
27.886720657348633,0.5084635615348816,2487,46.91226577758789,2486,1.8114230632781982,0.38421714305877686,0.0182291679084301,1.1384553909301758,1150.231736867,19648,0.8343777656555176,1.0,1.0764930248260498,3820032,1747615453.0053027
29.176433563232422,0.5169271230697632,2497,46.91226577758789,2496,1.8114230632781982,0.2762262225151062,0.0162760429084301,1.1043146848678589,1154.627861908,19728,0.8343777656555176,1.0,1.088193655014038,3835392,1747615457.4014714
28.607423782348633,0.5384114980697632,2501,46.91226577758789,2500,1.8114230632781982,0.2783038914203644,0.017578125,1.1408791542053223,1156.381768476,19760,0.8343777656555176,1.0,1.0698388814926147,3841536,1747615459.1553237
29.947267532348633,0.4941406548023224,2544,46.91226577758789,2543,1.8114230632781982,0.347595751285553,0.014322916977107525,1.0871397256851196,1175.277174475,20104,0.8343777656555176,1.0,1.1136858463287354,3907584,1747615478.0507836
29.375652313232422,0.5501302480697632,2557,46.91226577758789,2556,1.8114230632781982,0.32970738410949707,0.01692708395421505,1.1719225645065308,1180.982157028,20208,0.8343777656555176,1.0,1.1029467582702637,3927552,1747615483.755753
29.738283157348633,0.4707031548023224,2566,46.91226577758789,2565,1.8114230632781982,0.24029502272605896,0.01497395895421505,1.0375045537948608,1184.965100766,20280,0.8343777656555176,1.0,1.1246304512023926,3941376,1747615487.7387097
29.951824188232422,0.4153645932674408,2580,46.91226577758789,2579,1.8114230632781982,0.23395365476608276,0.01497395895421505,0.9569773077964783,1191.11230103,20392,0.8343777656555176,1.0,1.127619981765747,3962880,1747615493.8858485
28.980470657348633,0.5026041865348816,2594,46.91226577758789,2593,1.8114230632781982,0.25921863317489624,0.01692708395421505,1.0769885778427124,1197.256806992,20504,0.8343777656555176,1.0,1.0996432304382324,3984384,1747615500.0304122
28.609376907348633,0.5091146230697632,2595,46.91226577758789,2594,1.8114230632781982,0.24221119284629822,0.0162760429084301,1.1046589612960815,1197.695861903,20512,0.8343777656555176,1.0,1.0965336561203003,3985920,1747615500.469464
30.265626907348633,0.5475260615348816,2605,47.38712692260742,2604,1.8358219861984253,0.2635347843170166,0.01692708395421505,1.1777385473251343,1202.202630103,20592,0.8513146042823792,1.0,1.117952823638916,4001280,1747615504.9762135
29.115236282348633,0.4739583432674408,2621,47.38712692260742,2620,1.8358219861984253,0.2624465823173523,0.015625,1.0489075183868408,1209.228673994,20720,0.8513146042823792,1.0,1.108901858329773,4025856,1747615512.0022888
30.132814407348633,0.6041666865348816,2630,47.38712692260742,2629,1.8358219861984253,0.3029862344264984,0.0162760429084301,1.2083333730697632,1213.174757711,20792,0.8513146042823792,1.0,1.0908808708190918,4039680,1747615515.9483654
30.105470657348633,0.6028646230697632,2633,47.38712692260742,2632,1.8358219861984253,0.26739564538002014,0.015625,1.2325236797332764,1214.492049402,20816,0.8513146042823792,1.0,1.1358811855316162,4044288,1747615517.2656686
30.897136688232422,0.4394531548023224,2636,47.38712692260742,2635,1.8358219861984253,0.3061121106147766,0.014322916977107525,0.9874600172042847,1215.804324448,20840,0.8513146042823792,1.0,1.1146774291992188,4048896,1747615518.5779066
29.53645896911621,0.4010416865348816,2652,47.38712692260742,2651,1.8358219861984253,0.2499561309814453,0.015625,0.963477373123169,1222.828172222,20968,0.8513146042823792,1.0,1.100959300994873,4073472,1747615525.6017852
29.404949188232422,0.4388020932674408,2653,47.38712692260742,2652,1.8358219861984253,0.26172658801078796,0.01497395895421505,1.0263993740081787,1223.270735881,20976,0.8513146042823792,1.0,1.099874496459961,4075008,1747615526.0443063
28.401042938232422,0.6022135615348816,2660,47.38712692260742,2659,1.8358219861984253,0.2561343312263489,0.0182291679084301,1.2470815181732178,1226.339295493,21032,0.8513146042823792,1.0,1.1141541004180908,4085760,1747615529.1129003
29.250652313232422,0.5006510615348816,2669,47.38712692260742,2668,1.8358219861984253,0.24086886644363403,0.017578125,1.0985392332077026,1230.287930261,21104,0.8513146042823792,1.0,1.120872974395752,4099584,1747615533.0615501
30.18880271911621,0.5494791865348816,2720,47.38712692260742,2719,1.8358219861984253,0.2507288157939911,0.0162760429084301,1.1840051412582397,1252.688383995,21512,0.8513146042823792,1.0,1.0757052898406982,4177920,1747615555.4619918
29.398439407348633,0.5423177480697632,2756,47.38712692260742,2755,1.8358219861984253,0.2305271327495575,0.0162760429084301,1.167871117591858,1268.494973056,21800,0.8513146042823792,1.0,1.0880070924758911,4233216,1747615571.2685895
29.402345657348633,0.5279948115348816,2766,47.38712692260742,2765,1.8358219861984253,0.26995065808296204,0.01692708395421505,1.1397054195404053,1272.880750953,21880,0.8513146042823792,1.0,1.092552661895752,4248576,1747615575.6543477
28.438152313232422,0.6295573115348816,2767,47.38712692260742,2766,1.8358219861984253,0.27558255195617676,0.017578125,1.2900660037994385,1273.319868931,21888,0.8513146042823792,1.0,1.085301160812378,4250112,1747615576.0934415
28.17317771911621,0.4511719048023224,2784,47.38712692260742,2783,1.8358219861984253,0.28421610593795776,0.017578125,1.0677770376205444,1280.802452314,22024,0.8513146042823792,1.0,1.1113193035125732,4276224,1747615583.5760493
28.268230438232422,0.4661458432674408,2809,47.38712692260742,2808,1.8358219861984253,0.45739489793777466,0.014322916977107525,1.0257482528686523,1291.768009808,22224,0.8513146042823792,1.0,1.0741477012634277,4314624,1747615594.5416026
29.474611282348633,0.5169271230697632,2811,47.38712692260742,2810,1.8358219861984253,0.26459112763404846,0.0162760429084301,1.0984817743301392,1292.64432945,22240,0.8513146042823792,1.0,1.0984529256820679,4317696,1747615595.4179282
29.871746063232422,0.5989583730697632,2812,47.38712692260742,2811,1.8358219861984253,0.2066885232925415,0.0182291679084301,1.248559832572937,1293.082975884,22248,0.8513146042823792,1.0,1.0905683040618896,4319232,1747615595.856576
28.328126907348633,0.4765625298023224,2826,47.38712692260742,2825,1.8358219861984253,0.21783818304538727,0.01692708395421505,1.073477864265442,1299.227922309,22360,0.8513146042823792,1.0,1.1209965944290161,4340736,1747615602.0015764
29.48567771911621,0.5234375,2848,47.38712692260742,2847,1.8358219861984253,0.30276891589164734,0.01692708395421505,1.1211955547332764,1308.894641557,22536,0.8513146042823792,1.0,1.1346001625061035,4374528,1747615611.667584
29.79622459411621,0.5110677480697632,2850,47.38712692260742,2849,1.8358219861984253,0.2550901472568512,0.0162760429084301,1.1464674472808838,1309.776032196,22552,0.8513146042823792,1.0,1.1249942779541016,4377600,1747615612.5496442
29.355470657348633,0.4283854365348816,2851,47.38712692260742,2850,1.8358219861984253,0.23421642184257507,0.015625,0.9669636487960815,1310.213695707,22560,0.8513146042823792,1.0,1.1166059970855713,4379136,1747615612.9872706
28.258464813232422,0.6152344346046448,2852,47.38712692260742,2851,1.8358219861984253,0.2545204758644104,0.0182291679084301,1.2548291683197021,1310.650927528,22568,0.8513146042823792,1.0,1.1170368194580078,4380672,1747615613.4245102
29.87239646911621,0.4596354365348816,2864,47.38712692260742,2863,1.8358219861984253,0.21402597427368164,0.01497395895421505,1.0201237201690674,1315.911942871,22664,0.8513146042823792,1.0,1.1153151988983154,4399104,1747615618.6855738
28.016277313232422,0.51953125,2870,47.38712692260742,2869,1.8358219861984253,0.21593278646469116,0.01888020895421505,1.1338939666748047,1318.538679502,22712,0.8513146042823792,1.0,1.1124217510223389,4408320,1747615621.3123076
29.672527313232422,0.5104166865348816,2894,47.38712692260742,2893,1.8358219861984253,0.24643583595752716,0.015625,1.0879217386245728,1329.070406796,22904,0.8513146042823792,1.0,1.136970043182373,4445184,1747615631.8440096
31.557292938232422,0.4804687798023224,2899,47.38712692260742,2898,1.8358219861984253,0.23889446258544922,0.014322916977107525,1.0661215782165527,1331.267750582,22944,0.8513146042823792,1.0,1.1496143341064453,4452864,1747615634.0413518
30.006511688232422,0.6419271230697632,2904,47.38712692260742,2903,1.8358219861984253,0.2136673778295517,0.01692708395421505,1.2989095449447632,1333.459426242,22984,0.8513146042823792,1.0,1.1645992994308472,4460544,1747615636.2330265
28.330730438232422,0.5807291865348816,2915,47.38712692260742,2914,1.8358219861984253,0.31949156522750854,0.017578125,1.216267704963684,1338.278072412,23072,0.8513146042823792,1.0,1.1367632150650024,4477440,1747615641.0516558
29.449220657348633,0.51171875,2992,48.31367111206055,2991,1.8512600660324097,0.2118447721004486,0.014322916977107525,1.0941345691680908,1372.243035861,23688,0.8679775595664978,1.0,1.1733372211456299,4595712,1747615675.0166414
29.549480438232422,0.56640625,2997,48.31367111206055,2996,1.8512600660324097,0.24680697917938232,0.0162760429084301,1.1748754978179932,1374.435336322,23728,0.8679775595664978,1.0,1.1780638694763184,4603392,1747615677.2089376
28.87630271911621,0.5227864980697632,3011,48.31367111206055,3010,1.8512600660324097,0.2666144371032715,0.015625,1.1218948364257812,1380.581921089,23840,0.8679775595664978,1.0,1.156365990638733,4624896,1747615683.3555346
30.178386688232422,0.51171875,3015,48.31367111206055,3014,1.8512600660324097,0.24278734624385834,0.0162760429084301,1.117489218711853,1382.340157848,23872,0.8679775595664978,1.0,1.2073982954025269,4631040,1747615685.1137316
29.906251907348633,0.5983073115348816,3049,48.31367111206055,3048,1.8512600660324097,0.2222723662853241,0.0162760429084301,1.230932593345642,1397.251252147,24144,0.8679775595664978,1.0,1.1899230480194092,4683264,1747615700.0248523
28.924480438232422,0.5651041865348816,3054,48.31367111206055,3053,1.8512600660324097,0.23673012852668762,0.01497395895421505,1.1890512704849243,1399.441805399,24184,0.8679775595664978,1.0,1.1847362518310547,4690944,1747615702.215403
27.939455032348633,0.5377604365348816,3078,48.31367111206055,3077,1.8512600660324097,0.22598710656166077,0.01888020895421505,1.1737726926803589,1409.985766007,24376,0.8679775595664978,1.0,1.1989777088165283,4727808,1747615712.7593706
26.85286521911621,0.6419271230697632,3083,48.31367111206055,3082,1.8512600660324097,0.2182893007993698,0.01953125186264515,1.3000363111495972,1412.181805976,24416,0.8679775595664978,1.0,1.2156882286071777,4735488,1747615714.955413
30.18294334411621,0.5748698115348816,3100,48.31367111206055,3099,1.8512600660324097,0.21900641918182373,0.017578125,1.2073801755905151,1419.635906963,24552,0.8679775595664978,1.0,1.2060034275054932,4761600,1747615722.4095154
28.996095657348633,0.4856771230697632,3119,48.31367111206055,3118,1.8512600660324097,0.2056092619895935,0.0182291679084301,1.1098358631134033,1427.976613334,24704,0.8679775595664978,1.0,1.20621657371521,4790784,1747615730.7501998
29.45052146911621,0.5481771230697632,3137,48.31367111206055,3136,1.8512600660324097,0.26256057620048523,0.0162760429084301,1.1370830535888672,1435.86024603,24848,0.8679775595664978,1.0,1.2064868211746216,4818432,1747615738.6338677
29.69075584411621,0.55078125,3139,48.31367111206055,3138,1.8512600660324097,0.2221846580505371,0.017578125,1.1891263723373413,1436.73842674,24864,0.8679775595664978,1.0,1.2331194877624512,4821504,1747615739.512015
30.44466209411621,0.5716146230697632,3170,48.31367111206055,3169,1.8512600660324097,0.19550815224647522,0.015625,1.1985619068145752,1450.328863623,25112,0.8679775595664978,1.0,1.2273051738739014,4869120,1747615753.1024392
30.14192771911621,0.5325521230697632,3203,48.31367111206055,3202,1.8512600660324097,0.27075931429862976,0.0162760429084301,1.1501381397247314,1464.802797192,25376,0.8679775595664978,1.0,1.2301620244979858,4919808,1747615767.5764027
31.098960876464844,0.5071614980697632,3204,48.31367111206055,3203,1.8512600660324097,0.26349562406539917,0.014322916977107525,1.0724132061004639,1465.239876557,25384,0.8679775595664978,1.0,1.2317633628845215,4921344,1747615768.0134757
30.950523376464844,0.5546875,3208,48.31367111206055,3207,1.8512600660324097,0.24368847906589508,0.0162760429084301,1.1927605867385864,1466.993343982,25416,0.8679775595664978,1.0,1.2360217571258545,4927488,1747615769.7669437
30.190105438232422,0.4212239682674408,3214,48.31367111206055,3213,1.8512600660324097,0.2498524785041809,0.013671875931322575,1.0059020519256592,1469.623492044,25464,0.8679775595664978,1.0,1.2385871410369873,4936704,1747615772.3970962
28.62630271911621,0.5227864980697632,3222,48.31367111206055,3221,1.8512600660324097,0.2189275622367859,0.01692708395421505,1.1220020055770874,1473.131226632,25528,0.8679775595664978,1.0,1.2275545597076416,4948992,1747615775.9048119
28.73567771911621,0.5878906846046448,3246,48.31367111206055,3245,1.8512600660324097,0.24937227368354797,0.01692708395421505,1.2046306133270264,1483.672496057,25720,0.8679775595664978,1.0,1.231718897819519,4985856,1747615786.4460833
30.526695251464844,0.5657552480697632,3269,47.128204345703125,3268,1.8874937295913696,0.23326228559017181,0.0162760429084301,1.209166407585144,1493.869290865,25904,0.8992674350738525,1.0,1.2250964641571045,5021184,1747615796.6428773
29.47981834411621,0.5201823115348816,3312,47.128204345703125,3311,1.8874937295913696,0.1994074583053589,0.015625,1.086287021636963,1512.730947021,26248,0.8992674350738525,1.0,1.2344961166381836,5087232,1747615815.5045593
29.23958396911621,0.6165364980697632,3318,47.128204345703125,3317,1.8874937295913696,0.2061561942100525,0.0162760429084301,1.2550685405731201,1515.360398717,26296,0.8992674350738525,1.0,1.2575587034225464,5096448,1747615818.1340022
29.34895896911621,0.5345052480697632,3336,47.128204345703125,3335,1.8874937295913696,0.24941317737102509,0.0182291679084301,1.1370445489883423,1523.264171653,26440,0.8992674350738525,1.0,1.2613890171051025,5124096,1747615826.0377884
28.41927146911621,0.515625,3342,47.128204345703125,3341,1.8874937295913696,0.1947900801897049,0.01497395895421505,1.0814666748046875,1525.896557481,26488,0.8992674350738525,1.0,1.2781662940979004,5133312,1747615828.6701777
28.82747459411621,0.5240885615348816,3364,47.128204345703125,3363,1.8874937295913696,0.2113065868616104,0.017578125,1.1402581930160522,1535.548290115,26664,0.8992674350738525,1.0,1.263179063796997,5167104,1747615838.3218956
29.41145896911621,0.5904948115348816,3377,47.128204345703125,3376,1.8874937295913696,0.25670358538627625,0.017578125,1.237135410308838,1541.247055149,26768,0.8992674350738525,1.0,1.25822114944458,5187072,1747615844.0206325
30.162761688232422,0.4973958730697632,3382,47.128204345703125,3381,1.8874937295913696,0.28851690888404846,0.015625,1.1322436332702637,1543.441978073,26808,0.8992674350738525,1.0,1.246765375137329,5194752,1747615846.2155955
30.08724021911621,0.6223958730697632,3385,47.128204345703125,3384,1.8874937295913696,0.23438826203346252,0.01692708395421505,1.2840591669082642,1544.755065565,26832,0.8992674350738525,1.0,1.256274938583374,5199360,1747615847.5286477
29.135417938232422,0.4811198115348816,3394,47.128204345703125,3393,1.8874937295913696,0.36034274101257324,0.01692708395421505,1.082202672958374,1548.70550793,26904,0.8992674350738525,1.0,1.2550299167633057,5213184,1747615851.4790983
31.028648376464844,0.4700520932674408,3397,47.128204345703125,3396,1.8874937295913696,0.30177173018455505,0.01497395895421505,1.083947777748108,1550.019930234,26928,0.8992674350738525,1.0,1.269942283630371,5217792,1747615852.793531
28.551433563232422,0.5442708730697632,3411,47.128204345703125,3410,1.8874937295913696,0.29768091440200806,0.015625,1.1526836156845093,1556.157048518,27040,0.8992674350738525,1.0,1.2317044734954834,5239296,1747615858.9306717
30.04622459411621,0.5572916865348816,3434,47.128204345703125,3433,1.8874937295913696,0.21257689595222473,0.017578125,1.1812690496444702,1566.325691516,27224,0.8992674350738525,1.0,1.2597655057907104,5274624,1747615869.0993073
29.940105438232422,0.5735677480697632,3453,47.128204345703125,3452,1.8874937295913696,0.1827472746372223,0.0162760429084301,1.2022464275360107,1574.658502489,27376,0.8992674350738525,1.0,1.2528586387634277,5303808,1747615877.4320905
29.197267532348633,0.5110677480697632,3455,47.128204345703125,3454,1.8874937295913696,0.1986377239227295,0.017578125,1.1445521116256714,1575.533675302,27392,0.8992674350738525,1.0,1.2608360052108765,5306880,1747615878.3072803
29.025392532348633,0.5631510615348816,3457,47.128204345703125,3456,1.8874937295913696,0.19690945744514465,0.015625,1.1919399499893188,1576.411196979,27408,0.8992674350738525,1.0,1.2599151134490967,5309952,1747615879.1847706
28.519533157348633,0.5279948115348816,3509,47.128204345703125,3508,1.8874937295913696,0.2619395852088928,0.01692708395421505,1.1528860330581665,1599.219287316,27824,0.8992674350738525,1.0,1.294601321220398,5389824,1747615901.9928927
28.461589813232422,0.5533854365348816,3510,47.128204345703125,3509,1.8874937295913696,0.25351935625076294,0.01497395895421505,1.1598765850067139,1599.65825372,27832,0.8992674350738525,1.0,1.3032950162887573,5391360,1747615902.431868
29.339845657348633,0.5631510615348816,3535,47.128204345703125,3534,1.8874937295913696,0.21748465299606323,0.0162760429084301,1.185693383216858,1610.65409556,28032,0.8992674350738525,1.0,1.2911231517791748,5429760,1747615913.4276214
30.401042938232422,0.3899739682674408,3536,47.128204345703125,3535,1.8874937295913696,0.2152884602546692,0.013671875931322575,0.9364722967147827,1611.090964912,28040,0.8992674350738525,1.0,1.3223470449447632,5431296,1747615913.8645396
30.402996063232422,0.4993489980697632,3537,47.128204345703125,3536,1.8874937295913696,0.21015067398548126,0.0162760429084301,1.0887887477874756,1611.527864931,28048,0.8992674350738525,1.0,1.2963382005691528,5432832,1747615914.3014631
28.031251907348633,0.5,3605,47.43158721923828,3604,1.8988492488861084,0.1886829137802124,0.0182291679084301,1.0909719467163086,1641.505691581,28592,0.9081726670265198,1.0,1.298276662826538,5537280,1747615944.2792976
30.43099021911621,0.6100260615348816,3650,47.43158721923828,3649,1.8988492488861084,0.18998387455940247,0.0162760429084301,1.2508180141448975,1661.261279962,28952,0.9081726670265198,1.0,1.2966630458831787,5606400,1747615964.0348525
29.421876907348633,0.4667969048023224,3655,47.43158721923828,3654,1.8988492488861084,0.2505497932434082,0.01692708395421505,1.0807218551635742,1663.454393218,28992,0.9081726670265198,1.0,1.3228989839553833,5614080,1747615966.227987
29.596355438232422,0.5221354365348816,3659,47.43158721923828,3658,1.8988492488861084,0.25333172082901,0.0162760429084301,1.09944748878479,1665.202611095,29024,0.9081726670265198,1.0,1.2905313968658447,5620224,1747615967.9762049
29.650392532348633,0.544921875,3667,47.43158721923828,3666,1.8988492488861084,0.1819283664226532,0.017578125,1.1617854833602905,1668.706864334,29088,0.9081726670265198,1.0,1.2855558395385742,5632512,1747615971.4804738
28.678386688232422,0.6184896230697632,3726,47.43158721923828,3725,1.8988492488861084,0.20404356718063354,0.01888020895421505,1.2683794498443604,1694.626084391,29560,0.9081726670265198,1.0,1.3000355958938599,5723136,1747615997.3997092
29.257814407348633,0.55859375,3729,47.43158721923828,3728,1.8988492488861084,0.18861040472984314,0.017578125,1.1629258394241333,1695.94198727,29584,0.9081726670265198,1.0,1.3153316974639893,5727744,1747615998.7155745
30.279949188232422,0.4928385615348816,3733,47.43158721923828,3732,1.8988492488861084,0.16298744082450867,0.01692708395421505,1.0751873254776,1697.698178947,29616,0.9081726670265198,1.0,1.3461260795593262,5733888,1747616000.4717972
30.115236282348633,0.4902344048023224,3740,47.43158721923828,3739,1.8988492488861084,0.19737829267978668,0.01692708395421505,1.080193281173706,1700.761285293,29672,0.9081726670265198,1.0,1.3211358785629272,5744640,1747616003.5348587
28.05013084411621,0.4830729365348816,3743,47.43158721923828,3742,1.8988492488861084,0.189488485455513,0.017578125,1.0720767974853516,1702.07551754,29696,0.9081726670265198,1.0,1.3324546813964844,5749248,1747616004.8491092
29.48958396911621,0.6236979365348816,3749,47.43158721923828,3748,1.8988492488861084,0.200789213180542,0.015625,1.2675930261611938,1704.709351941,29744,0.9081726670265198,1.0,1.3223698139190674,5758464,1747616007.4828951
29.27864646911621,0.6067708730697632,3752,47.43158721923828,3751,1.8988492488861084,0.19490641355514526,0.01692708395421505,1.2452622652053833,1706.027291218,29768,0.9081726670265198,1.0,1.3337574005126953,5763072,1747616008.8008916
28.27669334411621,0.5891927480697632,3768,47.43158721923828,3767,1.8988492488861084,0.21355271339416504,0.017578125,1.2218331098556519,1713.044485711,29896,0.9081726670265198,1.0,1.3180110454559326,5787648,1747616015.8180938
27.646486282348633,0.6764323115348816,3785,47.43158721923828,3784,1.8988492488861084,0.22277000546455383,0.01953125186264515,1.3744663000106812,1720.529313178,30032,0.9081726670265198,1.0,1.316947340965271,5813760,1747616023.3029323
28.93099021911621,0.5813802480697632,3788,47.43158721923828,3787,1.8988492488861084,0.21290762722492218,0.017578125,1.21928870677948,1721.845728177,30056,0.9081726670265198,1.0,1.300906777381897,5818368,1747616024.619338
27.42708396911621,0.4993489980697632,3802,47.43158721923828,3801,1.8988492488861084,0.16456417739391327,0.017578125,1.0841588973999023,1727.98813004,30168,0.9081726670265198,1.0,1.3179235458374023,5839872,1747616030.7617362
29.09895896911621,0.5611979365348816,3816,47.43158721923828,3815,1.8988492488861084,0.18529540300369263,0.01692708395421505,1.1828532218933105,1734.129254096,30280,0.9081726670265198,1.0,1.3054710626602173,5861376,1747616036.902843
28.699220657348633,0.5065104365348816,3823,47.43158721923828,3822,1.8988492488861084,0.19772613048553467,0.0162760429084301,1.0533145666122437,1737.204658278,30336,0.9081726670265198,1.0,1.3136351108551025,5872128,1747616039.9782634
29.29036521911621,0.6640625596046448,3835,47.43158721923828,3834,1.8988492488861084,0.19866912066936493,0.01888020895421505,1.3353908061981201,1742.468808604,30432,0.9081726670265198,1.0,1.3174123764038086,5890560,1747616045.2423673
29.440105438232422,0.5572916865348816,3839,47.43158721923828,3838,1.8988492488861084,0.23058021068572998,0.017578125,1.1910386085510254,1744.225393629,30464,0.9081726670265198,1.0,1.308861255645752,5896704,1747616046.9989934
29.54036521911621,0.5859375596046448,3842,47.43158721923828,3841,1.8988492488861084,0.1975492537021637,0.01692708395421505,1.2050158977508545,1745.539128895,30488,0.9081726670265198,1.0,1.3220250606536865,5901312,1747616048.3127182
29.324220657348633,0.517578125,3847,47.43158721923828,3846,1.8988492488861084,0.16768091917037964,0.01888020895421505,1.1429369449615479,1747.72922977,30528,0.9081726670265198,1.0,1.3164277076721191,5908992,1747616050.5028238
29.817058563232422,0.4954427480697632,3876,47.43158721923828,3875,1.8988492488861084,0.23259180784225464,0.015625,1.1044366359710693,1760.48919909,30760,0.9081726670265198,1.0,1.3309326171875,5953536,1747616063.2628224
28.85286521911621,0.5885416865348816,3889,47.43158721923828,3888,1.8988492488861084,0.19519275426864624,0.0162760429084301,1.2199093103408813,1766.216423964,30864,0.9081726670265198,1.0,1.3447372913360596,5973504,1747616068.9900355
28.421876907348633,0.5416666865348816,3898,47.43158721923828,3897,1.8988492488861084,0.2988587021827698,0.01497395895421505,1.130263090133667,1770.165002562,30936,0.9081726670265198,1.0,1.3140130043029785,5987328,1747616072.9386232
30.178386688232422,0.4544270932674408,3900,45.28376007080078,3899,1.9057071208953857,0.21372732520103455,0.0182291679084301,1.0692198276519775,1771.158419101,30952,0.916239321231842,1.0,1.3257784843444824,5990400,1747616073.9319932
30.080080032348633,0.5592448115348816,3915,45.28376007080078,3914,1.9057071208953857,0.17360883951187134,0.0162760429084301,1.1949992179870605,1777.741037205,31072,0.916239321231842,1.0,1.3278310298919678,6013440,1747616080.5146341
30.101564407348633,0.4804687798023224,3919,45.28376007080078,3918,1.9057071208953857,0.18618068099021912,0.015625,1.0884318351745605,1779.497848554,31104,0.916239321231842,1.0,1.3331866264343262,6019584,1747616082.2714498
29.257814407348633,0.6074219346046448,3932,45.28376007080078,3931,1.9057071208953857,0.17371079325675964,0.01692708395421505,1.2419569492340088,1785.201248711,31208,0.916239321231842,1.0,1.3396559953689575,6039552,1747616087.9748514
28.71614646911621,0.5677083730697632,3933,45.28376007080078,3932,1.9057071208953857,0.1827193945646286,0.0162760429084301,1.1669189929962158,1785.637911251,31216,0.916239321231842,1.0,1.33897066116333,6041088,1747616088.4115314
28.72200584411621,0.5735677480697632,3939,45.28376007080078,3938,1.9057071208953857,0.16276079416275024,0.017578125,1.2493752241134644,1788.27051221,31264,0.916239321231842,1.0,1.3293848037719727,6050304,1747616091.0441124
29.128908157348633,0.6451823115348816,3940,45.28376007080078,3939,1.9057071208953857,0.1591312289237976,0.0182291679084301,1.3237038850784302,1788.70990561,31272,0.916239321231842,1.0,1.3276305198669434,6051840,1747616091.4835236
29.242189407348633,0.5748698115348816,3941,45.28376007080078,3940,1.9057071208953857,0.16359901428222656,0.01692708395421505,1.203179121017456,1789.147113382,31280,0.916239321231842,1.0,1.335292100906372,6053376,1747616091.920734
29.92513084411621,0.5859375596046448,3971,45.28376007080078,3970,1.9057071208953857,0.1572568118572235,0.0162760429084301,1.2120485305786133,1802.321423663,31520,0.916239321231842,1.0,1.361871361732483,6099456,1747616105.0950277
29.705730438232422,0.515625,4003,45.28376007080078,4002,1.9057071208953857,0.160410538315773,0.017578125,1.142572045326233,1816.372704797,31776,0.916239321231842,1.0,1.3400073051452637,6148608,1747616119.1462767
29.26888084411621,0.4947916865348816,4011,45.28376007080078,4010,1.9057071208953857,0.14020466804504395,0.01692708395421505,1.0841716527938843,1819.880887444,31840,0.916239321231842,1.0,1.3449594974517822,6160896,1747616122.6544662
29.194011688232422,0.5364583730697632,4072,45.28376007080078,4071,1.9057071208953857,0.21647009253501892,0.01692708395421505,1.1469355821609497,1846.649091882,32328,0.916239321231842,1.0,1.3295727968215942,6254592,1747616149.4227133
29.041667938232422,0.5579427480697632,4076,45.28376007080078,4075,1.9057071208953857,0.15624889731407166,0.01692708395421505,1.1827658414840698,1848.400906743,32360,0.916239321231842,1.0,1.3313870429992676,6260736,1747616151.1745207
27.47200584411621,0.5826823115348816,4114,45.28376007080078,4113,1.9057071208953857,0.16845323145389557,0.01888020895421505,1.2324885129928589,1865.058799544,32664,0.916239321231842,1.0,1.3394808769226074,6319104,1747616167.8324041
29.03645896911621,0.5709635615348816,4121,45.28376007080078,4120,1.9057071208953857,0.16793832182884216,0.0162760429084301,1.192068338394165,1868.128493267,32720,0.916239321231842,1.0,1.3313615322113037,6329856,1747616170.9020905
28.92903709411621,0.6119791865348816,4136,45.28376007080078,4135,1.9057071208953857,0.1714768409729004,0.017578125,1.231434941291809,1874.708952711,32840,0.916239321231842,1.0,1.3439136743545532,6352896,1747616177.4825642
28.328777313232422,0.55078125,4143,45.28376007080078,4142,1.9057071208953857,0.15956316888332367,0.01692708395421505,1.2104812860488892,1877.793868964,32896,0.916239321231842,1.0,1.352124571800232,6363648,1747616180.567404
30.09505271911621,0.56640625,4153,45.28376007080078,4152,1.9057071208953857,0.1643052101135254,0.0162760429084301,1.1826238632202148,1882.185053773,32976,0.916239321231842,1.0,1.3351364135742188,6379008,1747616184.9586625
29.582033157348633,0.5865885615348816,4170,45.28376007080078,4169,1.9057071208953857,0.16649369895458221,0.017578125,1.2417058944702148,1889.640071297,33112,0.916239321231842,1.0,1.3549433946609497,6405120,1747616192.4136894
28.94856834411621,0.5872396230697632,4188,45.28376007080078,4187,1.9057071208953857,0.15457914769649506,0.0182291679084301,1.252803087234497,1897.527573448,33256,0.916239321231842,1.0,1.3431332111358643,6432768,1747616200.3011863
29.73958396911621,0.6054688096046448,4213,45.28376007080078,4212,1.9057071208953857,0.15539541840553284,0.0182291679084301,1.2334808111190796,1908.507441108,33456,0.916239321231842,1.0,1.330632209777832,6471168,1747616211.2810204
29.054689407348633,0.5820313096046448,4219,45.28376007080078,4218,1.9057071208953857,0.2281825989484787,0.017578125,1.2278742790222168,1911.141712959,33504,0.916239321231842,1.0,1.3128387928009033,6480384,1747616213.9152892
29.42903709411621,0.5729166865348816,4226,44.230384826660156,4225,1.9011204242706299,0.16110309958457947,0.017578125,1.2039088010787964,1914.324367733,33560,0.9123539328575134,1.0,1.334913730621338,6491136,1747616217.0979795
29.500652313232422,0.4863281548023224,4234,44.230384826660156,4233,1.9011204242706299,0.177803635597229,0.01692708395421505,1.113074779510498,1917.842345925,33624,0.9123539328575134,1.0,1.3010274171829224,6503424,1747616220.6159382
27.924480438232422,0.5670573115348816,4248,44.230384826660156,4247,1.9011204242706299,0.18520937860012054,0.01497395895421505,1.1341146230697632,1923.987776462,33736,0.9123539328575134,1.0,1.2995502948760986,6524928,1747616226.7613635
28.897136688232422,0.6341146230697632,4258,44.230384826660156,4257,1.9011204242706299,0.18328753113746643,0.01888020895421505,1.3019211292266846,1928.375414551,33816,0.9123539328575134,1.0,1.2940484285354614,6540288,1747616231.1490417
29.985027313232422,0.6067708730697632,4271,44.230384826660156,4270,1.9011204242706299,0.22907747328281403,0.017578125,1.241523027420044,1934.089644449,33920,0.9123539328575134,1.0,1.3005459308624268,6560256,1747616236.8632338
28.20052146911621,0.5266927480697632,4276,44.230384826660156,4275,1.9011204242706299,0.20078760385513306,0.01692708395421505,1.1063262224197388,1936.281926572,33960,0.9123539328575134,1.0,1.2932676076889038,6567936,1747616239.0555303
28.483074188232422,0.5709635615348816,4306,44.230384826660156,4305,1.9011204242706299,0.2000652402639389,0.01692708395421505,1.1943670511245728,1949.489701532,34200,0.9123539328575134,1.0,1.3195979595184326,6614016,1747616252.263294
28.80599021911621,0.556640625,4317,44.230384826660156,4316,1.9011204242706299,0.21506977081298828,0.017578125,1.1972697973251343,1954.309914433,34288,0.9123539328575134,1.0,1.3377059698104858,6630912,1747616257.083514
30.492839813232422,0.5494791865348816,4324,44.230384826660156,4323,1.9011204242706299,0.19937652349472046,0.0162760429084301,1.1739916801452637,1957.378311442,34344,0.9123539328575134,1.0,1.3668994903564453,6641664,1747616260.1519115
28.545574188232422,0.5924479365348816,4335,44.230384826660156,4334,1.9011204242706299,0.18869704008102417,0.01692708395421505,1.238452434539795,1962.217397424,34432,0.9123539328575134,1.0,1.3565640449523926,6658560,1747616264.990996
29.804689407348633,0.6328125596046448,4336,44.230384826660156,4335,1.9011204242706299,0.2015443742275238,0.01692708395421505,1.2840793132781982,1962.656647376,34440,0.9123539328575134,1.0,1.3506120443344116,6660096,1747616265.430239
28.998048782348633,0.4759114682674408,4346,44.230384826660156,4345,1.9011204242706299,0.1909494549036026,0.0182291679084301,1.0607199668884277,1967.035015441,34520,0.9123539328575134,1.0,1.3616913557052612,6675456,1747616269.8086457
29.178386688232422,0.4941406548023224,4357,44.230384826660156,4356,1.9011204242706299,0.1904316246509552,0.015625,1.0439928770065308,1971.862349962,34608,0.9123539328575134,1.0,1.3767024278640747,6692352,1747616274.6359181
30.209636688232422,0.548828125,4384,44.230384826660156,4383,1.9011204242706299,0.19475680589675903,0.015625,1.1613420248031616,1983.706582745,34824,0.9123539328575134,1.0,1.330676555633545,6733824,1747616286.4801712
29.343751907348633,0.556640625,4420,44.230384826660156,4419,1.9011204242706299,0.222352534532547,0.0162760429084301,1.1664609909057617,1999.540100945,35112,0.9123539328575134,1.0,1.3664613962173462,6789120,1747616302.3136587
28.432292938232422,0.6393229365348816,4423,44.230384826660156,4422,1.9011204242706299,0.20931747555732727,0.0182291679084301,1.318338394165039,2000.857901037,35136,0.9123539328575134,1.0,1.3416645526885986,6793728,1747616303.6315217
28.82161521911621,0.5924479365348816,4431,44.230384826660156,4430,1.9011204242706299,0.18907494843006134,0.01888020895421505,1.237533688545227,2004.364225014,35200,0.9123539328575134,1.0,1.3599896430969238,6806016,1747616307.1378345
29.363283157348633,0.6549479365348816,4432,44.230384826660156,4431,1.9011204242706299,0.21467292308807373,0.01692708395421505,1.3494627475738525,2004.800915526,35208,0.9123539328575134,1.0,1.345030426979065,6807552,1747616307.5745425
28.360027313232422,0.5338541865348816,4434,44.230384826660156,4433,1.9011204242706299,0.2375168651342392,0.01953125186264515,1.1742432117462158,2005.674474774,35224,0.9123539328575134,1.0,1.3840374946594238,6810624,1747616308.4480946
27.26692771911621,0.5266927480697632,4449,44.230384826660156,4448,1.9011204242706299,0.21287935972213745,0.0182291679084301,1.1389076709747314,2012.250868909,35344,0.9123539328575134,1.0,1.356201410293579,6833664,1747616315.0244746
28.289714813232422,0.6608073115348816,4470,44.230384826660156,4469,1.9011204242706299,0.22347016632556915,0.01888020895421505,1.339400291442871,2021.467262714,35512,0.9123539328575134,1.0,1.37626051902771,6865920,1747616324.2408497
28.092449188232422,0.5865885615348816,4480,44.230384826660156,4479,1.9011204242706299,0.18419627845287323,0.01692708395421505,1.1957422494888306,2025.848974123,35592,0.9123539328575134,1.0,1.3870495557785034,6881280,1747616328.622593
30.322267532348633,0.5709635615348816,4483,44.230384826660156,4482,1.9011204242706299,0.18816205859184265,0.017578125,1.2218844890594482,2027.163600109,35616,0.9123539328575134,1.0,1.3667941093444824,6885888,1747616329.9372146
28.755861282348633,0.4837239980697632,4488,44.230384826660156,4487,1.9011204242706299,0.1741422861814499,0.0182291679084301,1.1012424230575562,2029.354448194,35656,0.9123539328575134,1.0,1.414308786392212,6893568,1747616332.1280382
30.481121063232422,0.5182291865348816,4493,44.230384826660156,4492,1.9011204242706299,0.19381128251552582,0.0182291679084301,1.1617671251296997,2031.550990165,35696,0.9123539328575134,1.0,1.3862158060073853,6901248,1747616334.324596
29.408855438232422,0.4908854365348816,4494,44.230384826660156,4493,1.9011204242706299,0.23782961070537567,0.015625,1.072864294052124,2031.990192236,35704,0.9123539328575134,1.0,1.3980367183685303,6902784,1747616334.7637844
29.30403709411621,0.5930989980697632,4527,44.230384826660156,4526,1.9011204242706299,0.20382703840732574,0.0182291679084301,1.2607632875442505,2046.504620783,35968,0.9123539328575134,1.0,1.3837604522705078,6953472,1747616349.2782087
29.860027313232422,0.5970052480697632,4529,44.230384826660156,4528,1.9011204242706299,0.1989002823829651,0.017578125,1.248522400856018,2047.383016819,35984,0.9123539328575134,1.0,1.4084644317626953,6956544,1747616350.156622
29.705730438232422,0.5279948115348816,4543,44.230384826660156,4542,1.9011204242706299,0.2184152454137802,0.01692708395421505,1.120558738708496,2053.526614513,36096,0.9123539328575134,1.0,1.3412790298461914,6978048,1747616356.3002255
29.846355438232422,0.5384114980697632,4559,45.484092712402344,4558,1.9183226823806763,0.18865667283535004,0.01497395895421505,1.1481459140777588,2060.665865959,36224,0.9277729988098145,1.0,1.3628826141357422,7002624,1747616363.4394603
29.33528709411621,0.5885416865348816,4565,45.484092712402344,4564,1.9183226823806763,0.24740412831306458,0.017578125,1.2339890003204346,2063.299814594,36272,0.9277729988098145,1.0,1.3705012798309326,7011840,1747616366.0734336
29.615886688232422,0.5716146230697632,4566,45.484092712402344,4565,1.9183226823806763,0.2311730980873108,0.0182291679084301,1.2048060894012451,2063.737957379,36280,0.9277729988098145,1.0,1.3798437118530273,7013376,1747616366.5115705
28.28255271911621,0.5631510615348816,4567,45.484092712402344,4566,1.9183226823806763,0.21677066385746002,0.01692708395421505,1.1816248893737793,2064.174793384,36288,0.9277729988098145,1.0,1.3622466325759888,7014912,1747616366.9483788
28.846355438232422,0.556640625,4573,45.484092712402344,4572,1.9183226823806763,0.18920299410820007,0.0162760429084301,1.1580625772476196,2066.805794934,36336,0.9277729988098145,1.0,1.349508285522461,7024128,1747616369.5793767
29.089845657348633,0.53515625,4574,45.484092712402344,4573,1.9183226823806763,0.1953507363796234,0.0162760429084301,1.1463371515274048,2067.243656251,36344,0.9277729988098145,1.0,1.349047303199768,7025664,1747616370.0172408
29.629558563232422,0.4973958730697632,4579,45.484092712402344,4578,1.9183226823806763,0.24492304027080536,0.01692708395421505,1.1184161901474,2069.44375004,36384,0.9277729988098145,1.0,1.351905107498169,7033344,1747616372.2173345
28.27083396911621,0.53515625,4588,45.484092712402344,4587,1.9183226823806763,0.2029551863670349,0.017578125,1.1413447856903076,2073.397268106,36456,0.9277729988098145,1.0,1.343328595161438,7047168,1747616376.170846
29.781251907348633,0.6009114980697632,4590,45.484092712402344,4589,1.9183226823806763,0.16768664121627808,0.01692708395421505,1.2262656688690186,2074.275606903,36472,0.9277729988098145,1.0,1.3765599727630615,7050240,1747616377.0492065
30.638673782348633,0.3606770932674408,4606,45.484092712402344,4605,1.9183226823806763,0.19116869568824768,0.01497395895421505,0.9034479856491089,2081.299863561,36600,0.9277729988098145,1.0,1.336707353591919,7074816,1747616384.0734677
30.08138084411621,0.5338541865348816,4614,45.484092712402344,4613,1.9183226823806763,0.16314630210399628,0.017578125,1.1681478023529053,2084.807745208,36664,0.9277729988098145,1.0,1.3555428981781006,7087104,1747616387.5813484
30.361330032348633,0.5032552480697632,4623,45.484092712402344,4622,1.9183226823806763,0.1766890585422516,0.01692708395421505,1.1095812320709229,2088.750223812,36736,0.9277729988098145,1.0,1.33218514919281,7100928,1747616391.5238159
28.63020896911621,0.6959635615348816,4655,45.484092712402344,4654,1.9183226823806763,0.16554421186447144,0.0201822929084301,1.408323049545288,2102.783376489,36992,0.9277729988098145,1.0,1.354390263557434,7150080,1747616405.5569658
30.437501907348633,0.5983073115348816,4687,45.484092712402344,4686,1.9183226823806763,0.18973210453987122,0.0162760429084301,1.2280482053756714,2116.858063666,37248,0.9277729988098145,1.0,1.3428905010223389,7199232,1747616419.6316376
29.057292938232422,0.5520833730697632,4696,45.484092712402344,4695,1.9183226823806763,0.15669307112693787,0.017578125,1.1986451148986816,2120.808919906,37320,0.9277729988098145,1.0,1.3366234302520752,7213056,1747616423.5825272
28.82552146911621,0.5677083730697632,4713,45.484092712402344,4712,1.9183226823806763,0.1830364465713501,0.015625,1.1700162887573242,2128.262105764,37456,0.9277729988098145,1.0,1.3483424186706543,7239168,1747616431.0357373
28.859376907348633,0.5761719346046448,4738,45.484092712402344,4737,1.9183226823806763,0.14305317401885986,0.0182291679084301,1.1988848447799683,2139.278149188,37656,0.9277729988098145,1.0,1.3634250164031982,7277568,1747616442.0517118
30.484376907348633,0.515625,4754,45.484092712402344,4753,1.9183226823806763,0.13532041013240814,0.0162760429084301,1.1488837003707886,2146.305790021,37784,0.9277729988098145,1.0,1.3427960872650146,7302144,1747616449.0793812
29.587892532348633,0.5247396230697632,4796,45.484092712402344,4795,1.9183226823806763,0.153090238571167,0.0162760429084301,1.1442327499389648,2164.720185651,38120,0.9277729988098145,1.0,1.3314776420593262,7366656,1747616467.4937985
28.38997459411621,0.6406250596046448,4803,45.484092712402344,4802,1.9183226823806763,0.14103147387504578,0.01953125186264515,1.3329888582229614,2167.792173531,38176,0.9277729988098145,1.0,1.3742072582244873,7377408,1747616470.5657809
28.974611282348633,0.6250000596046448,4824,45.484092712402344,4823,1.9183226823806763,0.15856711566448212,0.01953125186264515,1.2748777866363525,2177.015911605,38344,0.9277729988098145,1.0,1.3488993644714355,7409664,1747616479.7895086
29.31380271911621,0.5677083730697632,4844,45.484092712402344,4843,1.9183226823806763,0.1878240704536438,0.0162760429084301,1.1928271055221558,2185.793996836,38504,0.9277729988098145,1.0,1.3654519319534302,7440384,1747616488.5676136
29.555339813232422,0.5234375,4873,45.484092712402344,4872,1.9183226823806763,0.17022395133972168,0.0162760429084301,1.1479912996292114,2198.53337293,38736,0.9277729988098145,1.0,1.3812756538391113,7484928,1747616501.306953
29.642580032348633,0.6035156846046448,4880,44.454158782958984,4879,1.9192053079605103,0.1682339310646057,0.0182291679084301,1.267666220664978,2201.718640367,38792,0.9269949197769165,1.0,1.402700662612915,7495680,1747616504.4922414
29.70247459411621,0.6022135615348816,4886,44.454158782958984,4885,1.9192053079605103,0.20074866712093353,0.0162760429084301,1.2270312309265137,2204.348469441,38840,0.9269949197769165,1.0,1.419915795326233,7504896,1747616507.1220467
28.65364646911621,0.548828125,4912,44.454158782958984,4911,1.9192053079605103,0.15082092583179474,0.0182291679084301,1.176514983177185,2215.763250267,39048,0.9269949197769165,1.0,1.425295114517212,7544832,1747616518.5368488
30.476564407348633,0.6985677480697632,4934,44.454158782958984,4933,1.9192053079605103,0.17364101111888885,0.01888020895421505,1.4045417308807373,2225.412464231,39224,0.9269949197769165,1.0,1.4163756370544434,7578624,1747616528.186068
28.37434959411621,0.5618489980697632,4991,44.454158782958984,4990,1.9192053079605103,0.17607556283473969,0.017578125,1.1916303634643555,2250.420288163,39680,0.9269949197769165,1.0,1.4046123027801514,7666176,1747616553.1938825
29.029949188232422,0.6764323115348816,4994,44.454158782958984,4993,1.9192053079605103,0.15006713569164276,0.01888020895421505,1.3528646230697632,2251.739814691,39704,0.9269949197769165,1.0,1.4255781173706055,7670784,1747616554.5134218
29.33333396911621,0.5826823115348816,5014,44.454158782958984,5013,1.9192053079605103,0.16380564868450165,0.015625,1.1891732215881348,2260.5167692,39864,0.9269949197769165,1.0,1.4611022472381592,7701504,1747616563.2903702
29.734376907348633,0.6295573115348816,5021,44.454158782958984,5020,1.9192053079605103,0.174207866191864,0.0182291679084301,1.2926336526870728,2263.585644014,39920,0.9269949197769165,1.0,1.4071598052978516,7712256,1747616566.3592327
28.35677146911621,0.6334635615348816,5051,44.454158782958984,5050,1.9192053079605103,0.17363819479942322,0.01953125186264515,1.3396755456924438,2276.764120273,40160,0.9269949197769165,1.0,1.4097192287445068,7758336,1747616579.5377102
28.32161521911621,0.5917969346046448,5052,44.454158782958984,5051,1.9192053079605103,0.21825405955314636,0.0201822929084301,1.2642261981964111,2277.203352512,40168,0.9269949197769165,1.0,1.408634066581726,7759872,1747616579.9769647
27.492839813232422,0.6419271230697632,5053,44.454158782958984,5052,1.9192053079605103,0.14758405089378357,0.02083333395421505,1.3090492486953735,2277.640714475,40176,0.9269949197769165,1.0,1.384343147277832,7761408,1747616580.414131
27.675783157348633,0.6302083730697632,5061,44.454158782958984,5060,1.9192053079605103,0.14124880731105804,0.01888020895421505,1.2604167461395264,2281.156693667,40240,0.9269949197769165,1.0,1.4103481769561768,7773696,1747616583.9302711
28.800783157348633,0.5859375596046448,5067,44.454158782958984,5066,1.9192053079605103,0.16345570981502533,0.017578125,1.2461111545562744,2283.785077802,40288,0.9269949197769165,1.0,1.4181963205337524,7782912,1747616586.558681
28.578777313232422,0.6601563096046448,5074,44.454158782958984,5073,1.9192053079605103,0.14826571941375732,0.01953125186264515,1.3614413738250732,2286.849474129,40344,0.9269949197769165,1.0,1.4045157432556152,7793664,1747616589.623095
28.617189407348633,0.6126302480697632,5079,44.454158782958984,5078,1.9192053079605103,0.1723819375038147,0.02083333395421505,1.2740074396133423,2289.039865809,40384,0.9269949197769165,1.0,1.4062985181808472,7801344,1747616591.8134937
27.875001907348633,0.6341146230697632,5081,44.454158782958984,5080,1.9192053079605103,0.17370173335075378,0.02083333395421505,1.284499168395996,2289.918003194,40400,0.9269949197769165,1.0,1.406966209411621,7804416,1747616592.6915982
30.164714813232422,0.6555989980697632,5090,44.454158782958984,5089,1.9192053079605103,0.16759420931339264,0.02083333395421505,1.359840750694275,2293.868989644,40472,0.9269949197769165,1.0,1.415790319442749,7818240,1747616596.6425855
28.38020896911621,0.6686198115348816,5095,44.454158782958984,5094,1.9192053079605103,0.1416783332824707,0.01953125186264515,1.3372396230697632,2296.06849478,40512,0.9269949197769165,1.0,1.4280983209609985,7825920,1747616598.8420997
28.83919334411621,0.55078125,5108,44.454158782958984,5107,1.9192053079605103,0.15058797597885132,0.017578125,1.2010165452957153,2301.775992675,40616,0.9269949197769165,1.0,1.4401187896728516,7845888,1747616604.5495715
28.420574188232422,0.6614583730697632,5114,44.454158782958984,5113,1.9192053079605103,0.16004732251167297,0.01888020895421505,1.341181755065918,2304.407088914,40664,0.9269949197769165,1.0,1.4328749179840088,7855104,1747616607.1806307
28.26692771911621,0.5677083730697632,5124,44.454158782958984,5123,1.9192053079605103,0.18975239992141724,0.01692708395421505,1.2181942462921143,2308.799441995,40744,0.9269949197769165,1.0,1.443322777748108,7870464,1747616611.5730424
28.529298782348633,0.5696614980697632,5127,44.454158782958984,5126,1.9192053079605103,0.14352354407310486,0.017578125,1.2279236316680908,2310.116756958,40768,0.9269949197769165,1.0,1.4344985485076904,7875072,1747616612.8903587
29.41536521911621,0.6132813096046448,5133,44.454158782958984,5132,1.9192053079605103,0.13954894244670868,0.017578125,1.2794238328933716,2312.749376623,40816,0.9269949197769165,1.0,1.4541442394256592,7884288,1747616615.5229692
28.43294334411621,0.6438802480697632,5136,44.454158782958984,5135,1.9192053079605103,0.15091349184513092,0.01888020895421505,1.321584701538086,2314.063788312,40840,0.9269949197769165,1.0,1.4438917636871338,7888896,1747616616.837386
29.787761688232422,0.5989583730697632,5144,44.454158782958984,5143,1.9192053079605103,0.126150980591774,0.01692708395421505,1.235984444618225,2317.593962467,40904,0.9269949197769165,1.0,1.4814321994781494,7901184,1747616620.3675823
28.660158157348633,0.6718750596046448,5149,44.454158782958984,5148,1.9192053079605103,0.11899265646934509,0.01888020895421505,1.3613559007644653,2319.821738876,40944,0.9269949197769165,1.0,1.462834119796753,7908864,1747616622.5953548
29.371095657348633,0.6347656846046448,5154,44.454158782958984,5153,1.9192053079605103,0.13039079308509827,0.01888020895421505,1.311192512512207,2322.018829285,40984,0.9269949197769165,1.0,1.4385221004486084,7916544,1747616624.7924342
27.328777313232422,0.5514323115348816,5167,44.454158782958984,5166,1.9192053079605103,0.15870502591133118,0.01953125186264515,1.2043144702911377,2327.726893892,41088,0.9269949197769165,1.0,1.4489636421203613,7936512,1747616630.5005035
29.791667938232422,0.6555989980697632,5169,44.454158782958984,5168,1.9192053079605103,0.17283539474010468,0.01692708395421505,1.3297839164733887,2328.602506073,41104,0.9269949197769165,1.0,1.4586338996887207,7939584,1747616631.3761106
28.469402313232422,0.6191406846046448,5187,44.454158782958984,5186,1.9192053079605103,0.1227927878499031,0.01692708395421505,1.2630964517593384,2336.499105769,41248,0.9269949197769165,1.0,1.4726519584655762,7967232,1747616639.2727203
30.296876907348633,0.5983073115348816,5203,41.811973571777344,5202,1.9577747583389282,0.1186668872833252,0.017578125,1.255720615386963,2343.632831257,41376,0.9623944759368896,1.0,1.4712529182434082,7991808,1747616646.406421
28.262371063232422,0.5768229365348816,5207,41.811973571777344,5206,1.9577747583389282,0.12269517034292221,0.01692708395421505,1.1969499588012695,2345.389201046,41408,0.9623944759368896,1.0,1.463913917541504,7997952,1747616648.1628003
29.584636688232422,0.6959635615348816,5211,41.811973571777344,5210,1.9577747583389282,0.12315072119235992,0.0182291679084301,1.3919271230697632,2347.14553098,41440,0.9623944759368896,1.0,1.4542768001556396,8004096,1747616649.9191298
28.090496063232422,0.6555989980697632,5219,41.811973571777344,5218,1.9577747583389282,0.14195968210697174,0.01953125186264515,1.3384979963302612,2350.647372225,41504,0.9623944759368896,1.0,1.4718124866485596,8016384,1747616653.4209588
29.37825584411621,0.5748698115348816,5235,41.811973571777344,5234,1.9577747583389282,0.1292213797569275,0.017578125,1.1963738203048706,2357.6649089,41632,0.9623944759368896,1.0,1.462106704711914,8040960,1747616660.4385304
27.13020896911621,0.6744791865348816,5277,41.811973571777344,5276,1.9577747583389282,0.1941033899784088,0.0201822929084301,1.360022783279419,2376.073464902,41968,0.9623944759368896,1.0,1.467691421508789,8105472,1747616678.8470595
29.582683563232422,0.6373698115348816,5291,41.811973571777344,5290,1.9577747583389282,0.17744438350200653,0.01692708395421505,1.2747396230697632,2382.219451823,42080,0.9623944759368896,1.0,1.4843471050262451,8126976,1747616684.9930687
28.176433563232422,0.6634114980697632,5294,41.811973571777344,5293,1.9577747583389282,0.1227644681930542,0.02083333395421505,1.3694270849227905,2383.538752848,42104,0.9623944759368896,1.0,1.4837214946746826,8131584,1747616686.3123405
29.977214813232422,0.6048177480697632,5301,41.811973571777344,5300,1.9577747583389282,0.11917005479335785,0.0162760429084301,1.2569254636764526,2386.604189286,42160,0.9623944759368896,1.0,1.473374605178833,8142336,1747616689.3777814
26.889324188232422,0.7115885615348816,5302,41.811973571777344,5301,1.9577747583389282,0.12586766481399536,0.02083333395421505,1.4231771230697632,2387.046094566,42168,0.9623944759368896,1.0,1.4901268482208252,8143872,1747616689.8196735
28.305339813232422,0.6757813096046448,5347,41.811973571777344,5346,1.9577747583389282,0.15706953406333923,0.0182291679084301,1.3618661165237427,2406.807855197,42528,0.9623944759368896,1.0,1.4874553680419922,8212992,1747616709.5814745
28.020183563232422,0.6562500596046448,5354,41.811973571777344,5353,1.9577747583389282,0.1264829933643341,0.02148437686264515,1.3546761274337769,2409.881933045,42584,0.9623944759368896,1.0,1.4589040279388428,8223744,1747616712.6554961
29.183595657348633,0.5885416865348816,5414,41.811973571777344,5413,1.9577747583389282,0.11377491801977158,0.0182291679084301,1.2189669609069824,2436.282718972,43064,0.9623944759368896,1.0,1.5099178552627563,8315904,1747616739.0563157
27.613283157348633,0.5781250596046448,5416,41.811973571777344,5415,1.9577747583389282,0.10847318172454834,0.01888020895421505,1.2293002605438232,2437.161281505,43080,0.9623944759368896,1.0,1.5251065492630005,8318976,1747616739.9349084
28.451824188232422,0.6634114980697632,5430,41.811973571777344,5429,1.9577747583389282,0.15556207299232483,0.01953125186264515,1.3268229961395264,2443.316279459,43192,0.9623944759368896,1.0,1.5253599882125854,8340480,1747616746.0898845
29.117839813232422,0.6627604365348816,5434,41.811973571777344,5433,1.9577747583389282,0.10798212885856628,0.0182291679084301,1.3255208730697632,2445.075603216,43224,0.9623944759368896,1.0,1.533721685409546,8346624,1747616747.8491778
27.324220657348633,0.6386719346046448,5444,41.811973571777344,5443,1.9577747583389282,0.12150610238313675,0.01953125186264515,1.2891271114349365,2449.470503642,43304,0.9623944759368896,1.0,1.548726201057434,8361984,1747616752.24401
30.25911521911621,0.6588541865348816,5454,41.811973571777344,5453,1.9577747583389282,0.11850684881210327,0.01888020895421505,1.3369708061218262,2453.879452487,43384,0.9623944759368896,1.0,1.5274220705032349,8377344,1747616756.652995
29.76302146911621,0.6334635615348816,5490,41.811973571777344,5489,1.9577747583389282,0.12241759151220322,0.0162760429084301,1.2669271230697632,2469.71889934,43672,0.9623944759368896,1.0,1.5468837022781372,8432640,1747616772.492339
27.484376907348633,0.6250000596046448,5520,41.811973571777344,5519,1.9577747583389282,0.15930461883544922,0.01953125186264515,1.2758431434631348,2482.922814173,43912,0.9623944759368896,1.0,1.5376241207122803,8478720,1747616785.6962214
28.572267532348633,0.6393229365348816,5524,41.811973571777344,5523,1.9577747583389282,0.15889957547187805,0.01692708395421505,1.2786458730697632,2484.687091306,43944,0.9623944759368896,1.0,1.5261595249176025,8484864,1747616787.4603364
28.047527313232422,0.6451823115348816,5528,40.88956832885742,5527,1.972325086593628,0.15223035216331482,0.01888020895421505,1.2961983680725098,2486.559805421,43976,0.9748667478561401,1.0,1.5297116041183472,8491008,1747616789.3332798
28.406902313232422,0.5423177480697632,5552,40.88956832885742,5551,1.972325086593628,0.1488681435585022,0.017578125,1.17527437210083,2497.129071042,44168,0.9748667478561401,1.0,1.518796443939209,8527872,1747616799.9024682
26.994142532348633,0.6822916865348816,5558,40.88956832885742,5557,1.972325086593628,0.13942474126815796,0.02083333395421505,1.378212332725525,2499.768151152,44216,0.9748667478561401,1.0,1.5201656818389893,8537088,1747616802.5416243
27.283205032348633,0.6263021230697632,5565,40.88956832885742,5564,1.972325086593628,0.10237887501716614,0.02148437686264515,1.3005142211914062,2502.850309559,44272,0.9748667478561401,1.0,1.5342285633087158,8547840,1747616805.6237173
26.279298782348633,0.5455729365348816,5570,40.88956832885742,5569,1.972325086593628,0.11247490346431732,0.01953125186264515,1.18246591091156,2505.051929435,44312,0.9748667478561401,1.0,1.5471937656402588,8555520,1747616807.825356
27.498048782348633,0.6100260615348816,5580,40.88956832885742,5579,1.972325086593628,0.12766824662685394,0.02278645895421505,1.2683645486831665,2509.498868216,44392,0.9748667478561401,1.0,1.56396484375,8570880,1747616812.2722938
28.35872459411621,0.6822916865348816,5600,40.88956832885742,5599,1.972325086593628,0.13381801545619965,0.0201822929084301,1.3645833730697632,2518.31852211,44552,0.9748667478561401,1.0,1.5194323062896729,8601600,1747616821.0917447
28.819011688232422,0.6054688096046448,5614,40.88956832885742,5613,1.972325086593628,0.09247475862503052,0.0182291679084301,1.2791848182678223,2524.471643575,44664,0.9748667478561401,1.0,1.5239343643188477,8623104,1747616827.2450962
26.47591209411621,0.5852864980697632,5617,40.88956832885742,5616,1.972325086593628,0.10733648389577866,0.01888020895421505,1.1894317865371704,2525.791432446,44688,0.9748667478561401,1.0,1.5360398292541504,8627712,1747616828.5649602
26.82161521911621,0.6282552480697632,5623,40.88956832885742,5622,1.972325086593628,0.0984494537115097,0.0221354179084301,1.3069570064544678,2528.426155017,44736,0.9748667478561401,1.0,1.5381903648376465,8636928,1747616831.1996217
27.79427146911621,0.6634114980697632,5647,40.88956832885742,5646,1.972325086593628,0.11073651164770126,0.01888020895421505,1.3268229961395264,2539.000615617,44928,0.9748667478561401,1.0,1.5259147882461548,8673792,1747616841.773988
26.996746063232422,0.6757813096046448,5653,40.88956832885742,5652,1.972325086593628,0.11485496163368225,0.02148437686264515,1.376333475112915,2541.644347388,44976,0.9748667478561401,1.0,1.5455574989318848,8683008,1747616844.4177995
27.113933563232422,0.6894531846046448,5657,40.88956832885742,5656,1.972325086593628,0.10102884471416473,0.02083333395421505,1.4088003635406494,2543.405399985,45008,0.9748667478561401,1.0,1.5409159660339355,8689152,1747616846.1787956
27.085939407348633,0.6510416865348816,5672,40.88956832885742,5671,1.972325086593628,0.11062968522310257,0.02083333395421505,1.325239658355713,2550.01552246,45128,0.9748667478561401,1.0,1.5514370203018188,8712192,1747616852.788984
28.388673782348633,0.6152344346046448,5701,40.88956832885742,5700,1.972325086593628,0.11190816760063171,0.01888020895421505,1.2489827871322632,2562.789657108,45360,0.9748667478561401,1.0,1.5630378723144531,8756736,1747616865.5630927
27.658855438232422,0.6946614980697632,5721,40.88956832885742,5720,1.972325086593628,0.09478484839200974,0.01953125186264515,1.3893229961395264,2571.597679996,45520,0.9748667478561401,1.0,1.553813099861145,8787456,1747616874.3710902
26.799480438232422,0.6875000596046448,5722,40.88956832885742,5721,1.972325086593628,0.07775093615055084,0.02148437686264515,1.3750001192092896,2572.038070103,45528,0.9748667478561401,1.0,1.5532495975494385,8788992,1747616874.8115153
27.053386688232422,0.6979166865348816,5740,40.88956832885742,5739,1.972325086593628,0.07970022410154343,0.02083333395421505,1.3958333730697632,2579.960697673,45672,0.9748667478561401,1.0,1.5499975681304932,8816640,1747616882.7341516
26.983074188232422,0.6647135615348816,5743,40.88956832885742,5742,1.972325086593628,0.08213022351264954,0.0221354179084301,1.35322904586792,2581.28556187,45696,0.9748667478561401,1.0,1.5543370246887207,8821248,1747616884.0589852
27.483074188232422,0.6582031846046448,5760,40.88956832885742,5759,1.972325086593628,0.08444094657897949,0.01953125186264515,1.3438708782196045,2588.757982051,45832,0.9748667478561401,1.0,1.5725531578063965,8847360,1747616891.5313485
26.84895896911621,0.5989583730697632,5761,40.88956832885742,5760,1.972325086593628,0.09729690104722977,0.02148437686264515,1.287752628326416,2589.198213295,45840,0.9748667478561401,1.0,1.5394866466522217,8848896,1747616891.971617
29.037761688232422,0.6894531846046448,5773,40.88956832885742,5772,1.972325086593628,0.07501740753650665,0.01953125186264515,1.383695363998413,2594.491706668,45936,0.9748667478561401,1.0,1.5529950857162476,8867328,1747616897.2650619
28.015626907348633,0.6848958730697632,5781,40.88956832885742,5780,1.972325086593628,0.06689143180847168,0.01953125186264515,1.3697917461395264,2598.038144294,46000,0.9748667478561401,1.0,1.5639318227767944,8879616,1747616900.8115885
28.601564407348633,0.5878906846046448,5784,40.88956832885742,5783,1.972325086593628,0.06623430550098419,0.01953125186264515,1.2177127599716187,2599.359837893,46024,0.9748667478561401,1.0,1.5748825073242188,8884224,1747616902.1332638
27.690105438232422,0.7337239980697632,5787,40.88956832885742,5786,1.972325086593628,0.07086262106895447,0.02083333395421505,1.4844132661819458,2600.685459827,46048,0.9748667478561401,1.0,1.5747638940811157,8888832,1747616903.45893
26.828777313232422,0.6445313096046448,5792,40.88956832885742,5791,1.972325086593628,0.07514110207557678,0.02148437686264515,1.3210279941558838,2602.886346996,46088,0.9748667478561401,1.0,1.5483996868133545,8896512,1747616905.6597714
28.529949188232422,0.7141927480697632,5804,40.88956832885742,5803,1.972325086593628,0.06675024330615997,0.02083333395421505,1.4283854961395264,2608.168932299,46184,0.9748667478561401,1.0,1.5771926641464233,8914944,1747616910.942299
26.51302146911621,0.6692708730697632,5809,40.88956832885742,5808,1.972325086593628,0.07396657019853592,0.02148437686264515,1.3648988008499146,2610.372841404,46224,0.9748667478561401,1.0,1.561941385269165,8922624,1747616913.1463044
26.97591209411621,0.6790364980697632,5861,37.70721435546875,5860,1.9795244932174683,0.09472937881946564,0.02148437686264515,1.3580729961395264,2633.377518596,46640,0.9814432859420776,1.0,1.5795613527297974,9002496,1747616936.1510036
26.539064407348633,0.6998698115348816,5883,37.70721435546875,5882,1.9795244932174683,0.08207374811172485,0.02148437686264515,1.3997396230697632,2643.066955056,46816,0.9814432859420776,1.0,1.5686655044555664,9036288,1747616945.840335
27.562501907348633,0.6914063096046448,5884,37.70721435546875,5883,1.9795244932174683,0.08624163269996643,0.0221354179084301,1.407710313796997,2643.506872953,46824,0.9814432859420776,1.0,1.565476655960083,9037824,1747616946.2801971
27.526042938232422,0.6914063096046448,5901,37.70721435546875,5900,1.9795244932174683,0.08850675076246262,0.02278645895421505,1.3957463502883911,2650.981882538,46960,0.9814432859420776,1.0,1.5704575777053833,9063936,1747616953.755353
29.02669334411621,0.6894531846046448,5936,37.70721435546875,5935,1.9795244932174683,0.06893293559551239,0.0201822929084301,1.3789063692092896,2666.376706769,47240,0.9814432859420776,1.0,1.6252121925354004,9117696,1747616969.1501424
28.996746063232422,0.7343750596046448,5937,37.70721435546875,5936,1.9795244932174683,0.08087512850761414,0.02083333395421505,1.4687501192092896,2666.816917405,47248,0.9814432859420776,1.0,1.6015591621398926,9119232,1747616969.5903165
26.435548782348633,0.6315104365348816,5939,37.70721435546875,5938,1.9795244932174683,0.07724140584468842,0.0201822929084301,1.2826441526412964,2667.69756397,47264,0.9814432859420776,1.0,1.606184720993042,9122304,1747616970.4709616
27.65169334411621,0.7122396230697632,5940,37.70721435546875,5939,1.9795244932174683,0.08056062459945679,0.02148437686264515,1.4282903671264648,2668.138404356,47272,0.9814432859420776,1.0,1.622328281402588,9123840,1747616970.911815
27.79036521911621,0.6653646230697632,5974,37.70721435546875,5973,1.9795244932174683,0.10072948038578033,0.0201822929084301,1.3332164287567139,2683.120059489,47544,0.9814432859420776,1.0,1.6616708040237427,9176064,1747616985.893513
26.203126907348633,0.7154948115348816,6006,37.70721435546875,6005,1.9795244932174683,0.11324277520179749,0.02343750186264515,1.4309896230697632,2697.212549165,47800,0.9814432859420776,1.0,1.640573501586914,9225216,1747616999.985909
27.168621063232422,0.6367188096046448,6026,37.70721435546875,6025,1.9795244932174683,0.11749226599931717,0.0201822929084301,1.315600872039795,2706.064077286,47960,0.9814432859420776,1.0,1.6713950634002686,9255936,1747617008.8375483
27.643230438232422,0.7024739980697632,6045,37.70721435546875,6044,1.9795244932174683,0.1280004233121872,0.01888020895421505,1.4049479961395264,2714.429682128,48112,0.9814432859420776,1.0,1.6789910793304443,9285120,1747617017.203088
27.808595657348633,0.6536458730697632,6080,37.70721435546875,6079,1.9795244932174683,0.09038238227367401,0.02148437686264515,1.3568174839019775,2729.843194409,48392,0.9814432859420776,1.0,1.6993855237960815,9338880,1747617032.6166348
27.52474021911621,0.6855469346046448,6082,37.70721435546875,6081,1.9795244932174683,0.06987608969211578,0.0221354179084301,1.3829809427261353,2730.726062261,48408,0.9814432859420776,1.0,1.6797314882278442,9341952,1747617033.4994707
29.305339813232422,0.6881510615348816,6088,37.70721435546875,6087,1.9795244932174683,0.08839721977710724,0.01888020895421505,1.3763021230697632,2733.361327306,48456,0.9814432859420776,1.0,1.6685328483581543,9351168,1747617036.1347227
26.90559959411621,0.6692708730697632,6096,37.70721435546875,6095,1.9795244932174683,0.08766733855009079,0.02148437686264515,1.3424410820007324,2736.881884809,48520,0.9814432859420776,1.0,1.7064086198806763,9363456,1747617039.6552932
29.01497459411621,0.6907552480697632,6122,37.70721435546875,6121,1.9795244932174683,0.07288748770952225,0.01953125186264515,1.3815104961395264,2748.316165042,48728,0.9814432859420776,1.0,1.6724858283996582,9403392,1747617051.089568
27.205080032348633,0.6621094346046448,6128,37.70721435546875,6127,1.9795244932174683,0.10022680461406708,0.0201822929084301,1.3504506349563599,2750.954296221,48776,0.9814432859420776,1.0,1.6739671230316162,9412608,1747617053.72772
27.00325584411621,0.6679688096046448,6151,37.70721435546875,6150,1.9795244932174683,0.08591271936893463,0.02148437686264515,1.350454330444336,2761.075755809,48960,0.9814432859420776,1.0,1.7041537761688232,9447936,1747617063.8491647
26.88411521911621,0.6933594346046448,6152,37.70721435546875,6151,1.9795244932174683,0.08001549541950226,0.02083333395421505,1.3867188692092896,2761.516121577,48968,0.9814432859420776,1.0,1.69974684715271,9449472,1747617064.2895548
27.053386688232422,0.6074219346046448,6161,37.70721435546875,6160,1.9795244932174683,0.07466388493776321,0.0201822929084301,1.2670063972473145,2765.469157709,49040,0.9814432859420776,1.0,1.707165002822876,9463296,1747617068.2426128
26.836589813232422,0.6393229365348816,6165,37.70721435546875,6164,1.9795244932174683,0.07407059520483017,0.02083333395421505,1.297724962234497,2767.231122112,49072,0.9814432859420776,1.0,1.6992456912994385,9469440,1747617070.0046017
28.98567771911621,0.6445313096046448,6194,38.93239212036133,6193,1.984848141670227,0.07893633097410202,0.0182291679084301,1.2890626192092896,2780.106415631,49304,0.9866196513175964,0.9999999403953552,1.6926449537277222,9513984,1747617082.8798277
26.27083396911621,0.6946614980697632,6206,38.93239212036133,6205,1.984848141670227,0.11840134114027023,0.02343750186264515,1.4094328880310059,2785.385619045,49400,0.9866196513175964,0.9999999403953552,1.7081749439239502,9532416,1747617088.159014
27.052736282348633,0.5885416865348816,6212,38.93239212036133,6211,1.984848141670227,0.07942318171262741,0.01888020895421505,1.229749321937561,2788.028366554,49448,0.9866196513175964,0.9999999403953552,1.7006938457489014,9541632,1747617090.8017826
26.255861282348633,0.6692708730697632,6222,38.93239212036133,6221,1.984848141670227,0.09646935760974884,0.02083333395421505,1.37252938747406,2792.429466357,49528,0.9866196513175964,0.9999999403953552,1.7162744998931885,9556992,1747617095.2028534
28.484376907348633,0.6790364980697632,6237,38.93239212036133,6236,1.984848141670227,0.06720493733882904,0.01953125186264515,1.3580729961395264,2799.034315815,49648,0.9866196513175964,0.9999999403953552,1.727313756942749,9580032,1747617101.807749
27.748699188232422,0.6204427480697632,6239,38.93239212036133,6238,1.984848141670227,0.08262189477682114,0.02148437686264515,1.3154548406600952,2799.916231753,49664,0.9866196513175964,0.9999999403953552,1.7265379428863525,9583104,1747617102.6897042
27.25325584411621,0.6113281846046448,6259,38.93239212036133,6258,1.984848141670227,0.060495682060718536,0.0221354179084301,1.2726441621780396,2808.720824726,49824,0.9866196513175964,0.9999999403953552,1.7464380264282227,9613824,1747617111.4942183
27.574871063232422,0.6438802480697632,6285,38.93239212036133,6284,1.984848141670227,0.06442723423242569,0.02148437686264515,1.3113609552383423,2820.172552333,50032,0.9866196513175964,0.9999999403953552,1.7199945449829102,9653760,1747617122.946026
28.322917938232422,0.6269531846046448,6302,38.93239212036133,6301,1.984848141670227,0.05314375460147858,0.0201822929084301,1.2885918617248535,2827.654128681,50168,0.9866196513175964,0.9999999403953552,1.7483525276184082,9679872,1747617130.427503
28.10481834411621,0.6647135615348816,6330,38.93239212036133,6329,1.984848141670227,0.07122239470481873,0.02148437686264515,1.3838391304016113,2840.003367735,50392,0.9866196513175964,0.9999999403953552,1.7700738906860352,9722880,1747617142.7768364
27.695964813232422,0.7350260615348816,6332,38.93239212036133,6331,1.984848141670227,0.07454261183738708,0.02278645895421505,1.4700521230697632,2840.888373046,50408,0.9866196513175964,0.9999999403953552,1.7522225379943848,9725952,1747617143.661839
28.306642532348633,0.6289063096046448,6378,38.93239212036133,6377,1.984848141670227,0.09549669176340103,0.01953125186264515,1.313008427619934,2861.13020852,50776,0.9866196513175964,0.9999999403953552,1.75565505027771,9796608,1747617163.9036486
27.270183563232422,0.6569010615348816,6405,38.93239212036133,6404,1.984848141670227,0.10534227639436722,0.02083333395421505,1.342714548110962,2873.011578749,50992,0.9866196513175964,0.9999999403953552,1.751967191696167,9838080,1747617175.7850034
28.46614646911621,0.6920573115348816,6436,38.93239212036133,6435,1.984848141670227,0.08878348022699356,0.01953125186264515,1.4239871501922607,2886.662822597,51240,0.9866196513175964,0.9999999403953552,1.7555005550384521,9885696,1747617189.4362438
28.86067771911621,0.6223958730697632,6457,38.93239212036133,6456,1.984848141670227,0.1037200391292572,0.017578125,1.2671133279800415,2895.949982315,51408,0.9866196513175964,0.9999999403953552,1.738582968711853,9917952,1747617198.7234204
27.926433563232422,0.6653646230697632,6464,38.93239212036133,6463,1.984848141670227,0.11206202208995819,0.0201822929084301,1.35986328125,2899.037006371,51464,0.9866196513175964,0.9999999403953552,1.744802474975586,9928704,1747617201.8104255
27.708986282348633,0.6881510615348816,6466,38.93239212036133,6465,1.984848141670227,0.120350182056427,0.01888020895421505,1.390169382095337,2899.914937205,51480,0.9866196513175964,0.9999999403953552,1.7376952171325684,9931776,1747617202.6883695
27.96809959411621,0.6171875596046448,6477,38.93239212036133,6476,1.984848141670227,0.08523210138082504,0.02148437686264515,1.306747555732727,2904.761961999,51568,0.9866196513175964,0.9999999403953552,1.7803468704223633,9948672,1747617207.5354457
26.76692771911621,0.5839844346046448,6492,38.93239212036133,6491,1.984848141670227,0.06461162865161896,0.01953125186264515,1.2144287824630737,2911.36859775,51688,0.9866196513175964,0.9999999403953552,1.782578468322754,9971712,1747617214.1420357
25.651042938232422,0.6640625596046448,6495,38.93239212036133,6494,1.984848141670227,0.09877961874008179,0.02148437686264515,1.3281251192092896,2912.685732869,51712,0.9866196513175964,0.9999999403953552,1.7826930284500122,9976320,1747617215.4591908
