returned_episode_lengths,returned_won_episode,update_steps,_step,test_returned_episode_returns,loss,returned_episode_returns,returned_episode,_runtime,grad_steps,qvals,test_returned_episode_lengths,test_returned_won_episode,env_step,test_returned_episode,_timestamp
26.4609375,0.0,12,11,0.15558122098445892,0.0,0.24581702053546906,0.02278645895421505,48.927776252,0,0.0,29.96730613708496,0.0,18432,1,1746428967.343017
25.52864646911621,0.0,14,13,0.15558122098445892,0.0,0.24776363372802734,0.02278645895421505,49.055832102,0,0.0,29.96730613708496,0.0,21504,1,1746428967.4710553
26.16015625,0.0,16,15,0.15558122098445892,0.0,0.23207028210163116,0.0234375,49.183936485,0,0.0,29.96730613708496,0.0,24576,1,1746428967.5991828
26.53059959411621,0.0,46,45,0.15558122098445892,0.004770477302372456,0.2726367115974426,0.0234375,55.86947767,120,0.3551376760005951,29.96730613708496,0.0,70656,1,1746428974.2845707
25.837890625,0.0,53,52,0.15558122098445892,0.019747570157051086,0.261695921421051,0.02473958395421505,58.538447333,176,0.43828150629997253,29.96730613708496,0.0,81408,1,1746428976.9535882
25.47265625,0.0,56,55,0.15558122098445892,0.009033619426190853,0.27270177006721497,0.02473958395421505,59.68171721,200,0.48835325241088867,29.96730613708496,0.0,86016,1,1746428978.096787
25.1328125,0.0,63,62,0.15558122098445892,0.029369255527853966,0.2732682228088379,0.02473958395421505,62.340627151,256,0.5911256074905396,29.96730613708496,0.0,96768,1,1746428980.7558506
25.1875,0.0,85,84,0.15558122098445892,0.03528628498315811,0.2741405665874481,0.02278645895421505,70.719746737,432,0.7564438581466675,29.96730613708496,0.0,130560,1,1746428989.1349866
26.45572853088379,0.0,102,101,0.15558122098445892,0.12554340064525604,0.3148958086967468,0.02278645895421505,77.194143581,568,0.8297401666641235,29.96730613708496,0.0,156672,1,1746428995.6093724
24.71875,0.0,114,113,0.15558122098445892,0.08081343024969101,0.29748043417930603,0.02669270895421505,81.767283362,664,0.7875359058380127,29.96730613708496,0.0,175104,1,1746429000.1823394
25.09375,0.0,154,153,0.15558122098445892,0.08906152099370956,0.31541013717651367,0.02408854104578495,96.981863853,984,0.791837215423584,29.96730613708496,0.0,236544,1,1746429015.3971033
24.59049415588379,0.0,166,165,0.15558122098445892,0.12449480593204498,0.32108721137046814,0.025390625,101.55119558,1080,0.8121386766433716,29.96730613708496,0.0,254976,1,1746429019.9664328
24.19921875,0.0,199,198,0.15558122098445892,0.08342891186475754,0.32499346137046814,0.02604166604578495,114.116114579,1344,0.8503676652908325,29.96730613708496,0.0,305664,1,1746429032.5313203
24.712890625,0.0,200,199,0.15558122098445892,0.07766024023294449,0.32669270038604736,0.02734375,114.495132203,1352,0.8582800030708313,29.96730613708496,0.0,307200,1,1746429032.910345
26.21224021911621,0.0,202,201,0.15558122098445892,0.11916328221559525,0.3150748312473297,0.02278645895421505,115.253442912,1368,0.8527613878250122,29.96730613708496,0.0,310272,1,1746429033.668679
24.64908790588379,0.0,205,204,0.15558122098445892,0.08155454695224762,0.3082975149154663,0.02669270895421505,116.390660967,1392,0.8530917167663574,29.96730613708496,0.0,314880,1,1746429034.805918
24.11588478088379,0.0,215,214,0.15558122098445892,0.0750211775302887,0.3042447865009308,0.025390625,120.19735495,1472,0.8653746843338013,29.96730613708496,0.0,330240,1,1746429038.612541
24.72265625,0.0,235,234,0.15558122098445892,0.07366354763507843,0.346295565366745,0.02669270895421505,127.800030814,1632,0.8880104422569275,29.96730613708496,0.0,360960,1,1746429046.2152698
25.43619728088379,0.0,250,249,0.15558122098445892,0.0620248019695282,0.3331282436847687,0.02473958395421505,133.504840858,1752,0.9029065370559692,29.96730613708496,0.0,384000,1,1746429051.920082
25.24088478088379,0.0,272,271,0.15558122098445892,0.08603116869926453,0.35804685950279236,0.02669270895421505,141.882315776,1928,0.911405086517334,29.96730613708496,0.0,417792,1,1746429060.2973435
26.216796875,0.0,312,311,0.15558122098445892,0.1486944556236267,0.32969722151756287,0.0234375,157.085334555,2248,0.9238543510437012,29.96730613708496,0.0,479232,1,1746429075.5004632
25.462890625,0.0,339,338,0.49248191714286804,0.07419368624687195,0.31878578662872314,0.02213541604578495,167.44664838,2464,0.9218578934669495,36.218441009521484,0.0,520704,1,1746429085.8618944
25.45572853088379,0.0,360,359,0.49248191714286804,0.08358277380466461,0.320777952671051,0.02408854104578495,175.432962318,2632,0.9068554639816284,36.218441009521484,0.0,552960,1,1746429093.8481398
27.71614646911621,0.0,361,360,0.49248191714286804,0.08502796292304993,0.32096999883651733,0.02018229104578495,175.813688831,2640,0.9155740737915039,36.218441009521484,0.0,554496,1,1746429094.2289462
27.787109375,0.0,375,374,0.49248191714286804,0.08784608542919159,0.24465492367744446,0.01888020895421505,181.141714946,2752,0.8954699039459229,36.218441009521484,0.0,576000,1,1746429099.5568645
25.822265625,0.0,398,397,0.49248191714286804,0.08207105845212936,0.14284178614616394,0.025390625,189.881795251,2936,0.8705250024795532,36.218441009521484,0.0,611328,1,1746429108.2970228
27.11393165588379,0.0,421,420,0.49248191714286804,0.0746786966919899,0.16955728828907013,0.014973958022892475,198.696805311,3120,0.869969367980957,36.218441009521484,0.0,646656,1,1746429117.11202
27.30859375,0.0,432,431,0.49248191714286804,0.15626554191112518,0.18640950322151184,0.01953125,202.875682782,3208,0.8628164529800415,36.218441009521484,0.0,663552,1,1746429121.2909462
25.58463478088379,0.0,457,456,0.49248191714286804,0.06473924219608307,0.1462630182504654,0.02018229104578495,212.370212575,3408,0.8840458989143372,36.218441009521484,0.0,701952,1,1746429130.7855015
27.03450584411621,0.0,464,463,0.49248191714286804,0.09638938307762146,0.2283821403980255,0.01953125,215.038272126,3464,0.8803822994232178,36.218441009521484,0.0,712704,1,1746429133.4534945
28.46744728088379,0.0,477,476,0.49248191714286804,0.05278494209051132,0.23563475906848907,0.01953125,219.967195417,3568,0.8841344118118286,36.218441009521484,0.0,732672,1,1746429138.3824184
27.244140625,0.0,493,492,0.49248191714286804,0.04729980230331421,0.20550128817558289,0.021484375,226.047263412,3696,0.8786521553993225,36.218441009521484,0.0,757248,1,1746429144.4625325
29.15104103088379,0.0,501,500,0.49248191714286804,0.054163139313459396,0.2341536432504654,0.01692708395421505,229.08500843,3760,0.8654051423072815,36.218441009521484,0.0,769536,1,1746429147.5002577
28.66861915588379,0.0,514,513,0.49248191714286804,0.11621390283107758,0.23542965948581696,0.02018229104578495,234.036471681,3864,0.8518861532211304,36.218441009521484,0.0,789504,1,1746429152.4510055
28.20377540588379,0.0,517,516,0.49248191714286804,0.06540128588676453,0.18134112656116486,0.01692708395421505,235.184307436,3888,0.868008017539978,36.218441009521484,0.0,794112,1,1746429153.599114
28.119140625,0.0,585,584,0.49248191714286804,0.04732486978173256,0.32869139313697815,0.017578125,261.095204109,4432,0.8408600687980652,36.218441009521484,0.0,898560,1,1746429179.5102468
29.85416603088379,0.0,590,589,0.49248191714286804,0.04465876519680023,0.27239906787872314,0.013671875,262.996305028,4472,0.8355947732925415,36.218441009521484,0.0,906240,1,1746429181.411335
26.22330665588379,0.0,605,604,0.49248191714286804,0.042847078293561935,0.32537105679512024,0.017578125,268.699675011,4592,0.819860577583313,36.218441009521484,0.0,929280,1,1746429187.1146812
26.53775978088379,0.0,611,610,0.49248191714286804,0.052636295557022095,0.41616854071617126,0.02213541604578495,270.995290074,4640,0.8278236985206604,36.218441009521484,0.0,938496,1,1746429189.4102185
27.09375,0.0,631,630,0.49248191714286804,0.040933698415756226,0.3401464521884918,0.015625,278.60655517,4800,0.824359118938446,36.218441009521484,0.0,969216,1,1746429197.0215995
26.736328125,0.0,639,638,0.49248191714286804,0.04113335162401199,0.22695963084697723,0.014973958022892475,281.649057078,4864,0.8318486213684082,36.218441009521484,0.0,981504,1,1746429200.0640783
27.09244728088379,0.0,646,645,0.49248191714286804,0.05678533762693405,0.2559862732887268,0.013671875,284.312388696,4920,0.8211444020271301,36.218441009521484,0.0,992256,1,1746429202.7272973
27.513671875,0.0,647,646,0.49248191714286804,0.03993624076247215,0.34288084506988525,0.01953125,284.6919367,4928,0.829921543598175,36.218441009521484,0.0,993792,1,1746429203.107081
26.630859375,0.0,653,652,0.4400671124458313,0.03862951695919037,0.32617512345314026,0.01953125,287.051429254,4976,0.8348896503448486,48.47417449951172,0.0,1003008,1,1746429205.4666564
25.36197853088379,0.0,665,664,0.4400671124458313,0.038160473108291626,0.190836563706398,0.010416666977107525,291.607624882,5072,0.8376343250274658,48.47417449951172,0.0,1021440,1,1746429210.0228124
29.357421875,0.0,668,667,0.4400671124458313,0.03481227159500122,0.2787206768989563,0.014973958022892475,292.745394332,5096,0.8244795203208923,48.47417449951172,0.0,1026048,1,1746429211.160638
27.84765625,0.0,669,668,0.4400671124458313,0.03499507158994675,0.2534928321838379,0.014322916977107525,293.124580342,5104,0.8219119310379028,48.47417449951172,0.0,1027584,1,1746429211.5397747
28.48893165588379,0.0,672,671,0.4400671124458313,0.03376779705286026,0.2417154610157013,0.014973958022892475,294.263130858,5128,0.8297153115272522,48.47417449951172,0.0,1032192,1,1746429212.678377
26.55403709411621,0.0,678,677,0.4400671124458313,0.03535805642604828,0.2869530916213989,0.012369791977107525,296.538779966,5176,0.815348744392395,48.47417449951172,0.0,1041408,1,1746429214.953962
27.25,0.0,692,691,0.4400671124458313,0.029276397079229355,0.34006181359291077,0.01692708395421505,301.858130207,5288,0.8190321922302246,48.47417449951172,0.0,1062912,1,1746429220.273397
27.13541603088379,0.0,715,714,0.4400671124458313,0.03322922810912132,0.42899081110954285,0.02018229104578495,310.583885871,5472,0.816792368888855,48.47417449951172,0.0,1098240,1,1746429228.9991236
27.07356834411621,0.0,724,723,0.4400671124458313,0.03407145291566849,0.4001724421977997,0.02083333395421505,313.99750512,5544,0.8285509943962097,48.47417449951172,0.0,1112064,1,1746429232.412736
28.27018165588379,0.0,733,732,0.4400671124458313,0.0313597247004509,0.4278124272823334,0.02083333395421505,317.413464319,5616,0.8367069959640503,48.47417449951172,0.0,1125888,1,1746429235.8287096
27.486328125,0.025390625,741,740,0.4400671124458313,0.05335241183638573,0.4945865273475647,0.02213541604578495,320.454513852,5680,0.8445975184440613,48.47417449951172,0.0,1138176,1,1746429238.8697793
27.94986915588379,0.029296875,744,743,0.4400671124458313,0.034337691962718964,0.5130467414855957,0.02083333395421505,321.593465005,5704,0.8574806451797485,48.47417449951172,0.0,1142784,1,1746429240.008696
26.111328125,0.0,749,748,0.4400671124458313,0.029912278056144714,0.43339836597442627,0.021484375,323.490484712,5744,0.8491928577423096,48.47417449951172,0.0,1150464,1,1746429241.9057236
26.65690040588379,0.02083333395421505,771,770,0.4400671124458313,0.040227651596069336,0.45912429690361023,0.02213541604578495,331.843809272,5920,0.8557230234146118,48.47417449951172,0.0,1184256,1,1746429250.2590718
25.92057228088379,0.0,779,778,0.4400671124458313,0.02801862731575966,0.4688052237033844,0.0234375,334.884756011,5984,0.857635498046875,48.47417449951172,0.0,1196544,1,1746429253.299983
26.048828125,0.0,785,784,0.4400671124458313,0.027077075093984604,0.47519513964653015,0.0234375,337.161094933,6032,0.8723725080490112,48.47417449951172,0.0,1205760,1,1746429255.5763595
27.19791603088379,0.0442708320915699,804,803,0.4400671124458313,0.029744379222393036,0.5254653692245483,0.02213541604578495,344.374200986,6184,0.8692525029182434,48.47417449951172,0.0,1234944,1,1746429262.7894628
26.26497459411621,0.0,843,842,0.4400671124458313,0.06649689376354218,0.44776684045791626,0.021484375,359.176846927,6496,0.8933768272399902,48.47417449951172,0.0,1294848,1,1746429277.5920877
27.33919334411621,0.0045572915114462376,852,851,0.4400671124458313,0.13624358177185059,0.4457355737686157,0.02018229104578495,362.614141322,6568,0.9043943285942078,48.47417449951172,0.0,1308672,1,1746429281.0293937
26.62955665588379,0.0,858,857,0.4400671124458313,0.0543438158929348,0.46484366059303284,0.02278645895421505,364.891530613,6616,0.8899787664413452,48.47417449951172,0.0,1317888,1,1746429283.3067527
27.7890625,0.0,873,872,0.4400671124458313,0.02950800023972988,0.46907541155815125,0.02083333395421505,370.582420295,6736,0.9008503556251526,48.47417449951172,0.0,1340928,1,1746429288.9976661
29.62565040588379,0.05078125,890,889,0.4400671124458313,0.059136465191841125,0.5616079568862915,0.01953125,377.034205503,6872,0.8880670666694641,48.47417449951172,0.0,1367040,1,1746429295.4494128
28.00325584411621,0.0533854179084301,918,917,0.4400671124458313,0.05086629465222359,0.5220441222190857,0.01888020895421505,387.671577056,7096,0.9042267799377441,48.47417449951172,0.0,1410048,1,1746429306.0867913
28.427734375,0.0611979179084301,928,927,0.4400671124458313,0.03621295467019081,0.592607319355011,0.02018229104578495,391.471977092,7176,0.8690961599349976,48.47417449951172,0.0,1425408,1,1746429309.8872085
27.55599021911621,0.03125,969,968,0.4400671124458313,0.05401625856757164,0.544316291809082,0.02018229104578495,407.031024439,7504,0.8962775468826294,48.47417449951172,0.0,1488384,1,1746429325.4462962
27.27799415588379,0.0,970,969,0.4400671124458313,0.05156604200601578,0.4376007616519928,0.01822916604578495,407.413284961,7512,0.8870945572853088,48.47417449951172,0.0,1489920,1,1746429325.828521
28.16145896911621,0.021484375,973,972,0.4400671124458313,0.05997518450021744,0.5285447239875793,0.01888020895421505,408.550698171,7536,0.902209460735321,48.47417449951172,0.0,1494528,1,1746429326.9659574
28.3828125,0.0846354141831398,994,993,0.8907817006111145,0.07581749558448792,0.6219302415847778,0.02083333395421505,416.612694209,7704,0.9112424850463867,42.50352096557617,0.10476935654878616,1526784,1,1746429335.0279386
29.12109375,0.107421875,995,994,0.8907817006111145,0.062052588909864426,0.6623696088790894,0.01692708395421505,416.992076845,7712,0.8974249362945557,42.50352096557617,0.10476935654878616,1528320,1,1746429335.407351
28.06510353088379,0.02799479104578495,997,996,0.8907817006111145,0.05346347391605377,0.5567544102668762,0.02018229104578495,417.751000286,7728,0.894818902015686,42.50352096557617,0.10476935654878616,1531392,1,1746429336.166251
28.04817771911621,0.0944010391831398,1002,1001,0.8907817006111145,0.07709566503763199,0.5892642140388489,0.015625,419.649524679,7768,0.9167647957801819,42.50352096557617,0.10476935654878616,1539072,1,1746429338.0647745
28.04361915588379,0.02604166604578495,1007,1006,0.8907817006111145,0.05398953706026077,0.542975127696991,0.021484375,421.550449546,7808,0.8841561675071716,42.50352096557617,0.10476935654878616,1546752,1,1746429339.965687
28.11588478088379,0.0826822891831398,1009,1008,0.8907817006111145,0.08455222845077515,0.5859959721565247,0.01953125,422.308865638,7824,0.9107463359832764,42.50352096557617,0.10476935654878616,1549824,1,1746429340.7241108
27.96875,0.029296875,1023,1022,0.8907817006111145,0.07522954046726227,0.5127114057540894,0.01692708395421505,427.621404608,7936,0.9052290320396423,42.50352096557617,0.10476935654878616,1571328,1,1746429346.0366302
29.06380271911621,0.146484375,1033,1032,0.8907817006111145,0.07122448831796646,0.6991144418716431,0.01692708395421505,431.416208788,8016,0.9066113233566284,42.50352096557617,0.10476935654878616,1586688,1,1746429349.8314545
27.24609375,0.0455729179084301,1034,1033,0.8907817006111145,0.06939816474914551,0.5624737739562988,0.02083333395421505,431.795459222,8024,0.8981603384017944,42.50352096557617,0.10476935654878616,1588224,1,1746429350.2107346
27.09895896911621,0.0970052108168602,1074,1073,0.8907817006111145,0.1355792135000229,0.5211132168769836,0.015625,446.97577528,8344,0.8967068195343018,42.50352096557617,0.10476935654878616,1649664,1,1746429365.391019
28.38150978088379,0.06640625,1098,1097,0.8907817006111145,0.09662406891584396,0.5288345217704773,0.01627604104578495,456.085430418,8536,0.908176839351654,42.50352096557617,0.10476935654878616,1686528,1,1746429374.500652
29.47005271911621,0.197265625,1103,1102,0.8907817006111145,0.11381608247756958,0.7345767021179199,0.01692708395421505,457.981625418,8576,0.8826832175254822,42.50352096557617,0.10476935654878616,1694208,1,1746429376.3968334
29.6484375,0.16015625,1106,1105,0.8907817006111145,0.1333407759666443,0.6661033630371094,0.017578125,459.119250621,8600,0.8865541815757751,42.50352096557617,0.10476935654878616,1698816,1,1746429377.5344665
27.87434959411621,0.10546875,1110,1109,0.8907817006111145,0.11207393556833267,0.6218423247337341,0.01822916604578495,460.636707224,8632,0.8732839822769165,42.50352096557617,0.10476935654878616,1704960,1,1746429379.0519242
29.20572853088379,0.1184895858168602,1113,1112,0.8907817006111145,0.11843203753232956,0.6599965691566467,0.01627604104578495,461.774592245,8656,0.8899452090263367,42.50352096557617,0.10476935654878616,1709568,1,1746429380.1898096
29.30859375,0.1080729141831398,1126,1125,0.8907817006111145,0.16050593554973602,0.6056411862373352,0.01627604104578495,466.708009377,8760,0.8885751366615295,42.50352096557617,0.10476935654878616,1729536,1,1746429385.123269
29.89192771911621,0.1315104216337204,1165,1164,0.8907817006111145,0.20640785992145538,0.6446971297264099,0.015625,481.508750649,9072,0.8947451114654541,42.50352096557617,0.10476935654878616,1789440,1,1746429399.9240005
29.81315040588379,0.1380208283662796,1166,1165,0.8907817006111145,0.2035570740699768,0.684661328792572,0.017578125,481.887974015,9080,0.9028869867324829,42.50352096557617,0.10476935654878616,1790976,1,1746429400.3032217
29.47200584411621,0.091796875,1168,1167,0.8907817006111145,0.21093955636024475,0.5889354348182678,0.017578125,482.646592211,9096,0.9088153839111328,42.50352096557617,0.10476935654878616,1794048,1,1746429401.061851
29.50650978088379,0.0983072891831398,1179,1178,0.8907817006111145,0.18622931838035583,0.5978775024414062,0.01627604104578495,486.819527737,9184,0.901328444480896,42.50352096557617,0.10476935654878616,1810944,1,1746429405.2347813
28.19466209411621,0.0520833320915699,1180,1179,0.8907817006111145,0.21077999472618103,0.5670278668403625,0.01953125,487.198870118,9192,0.896467924118042,42.50352096557617,0.10476935654878616,1812480,1,1746429405.6141205
29.42708396911621,0.169921875,1187,1186,0.8907817006111145,0.17188847064971924,0.6956151127815247,0.017578125,489.853640576,9248,0.8990662693977356,42.50352096557617,0.10476935654878616,1823232,1,1746429408.2688787
28.89127540588379,0.1712239533662796,1201,1200,0.8907817006111145,0.18538838624954224,0.7030369639396667,0.01692708395421505,495.167077444,9360,0.8932632207870483,42.50352096557617,0.10476935654878616,1844736,1,1746429413.5823457
28.88541603088379,0.0872395858168602,1211,1210,0.8907817006111145,0.1900635063648224,0.6192609071731567,0.01822916604578495,498.966305367,9440,0.8874368667602539,42.50352096557617,0.10476935654878616,1860096,1,1746429417.381541
29.34830665588379,0.2057291716337204,1215,1214,0.8907817006111145,0.24733564257621765,0.7482876181602478,0.017578125,500.487312493,9472,0.894274890422821,42.50352096557617,0.10476935654878616,1866240,1,1746429418.9025877
29.013671875,0.2408854216337204,1219,1218,0.8907817006111145,0.25377917289733887,0.7899901270866394,0.017578125,502.00368745,9504,0.8919708728790283,42.50352096557617,0.10476935654878616,1872384,1,1746429420.4189484
29.48502540588379,0.1087239608168602,1220,1219,0.8907817006111145,0.27893510460853577,0.630901575088501,0.01627604104578495,502.382971524,9512,0.8973037004470825,42.50352096557617,0.10476935654878616,1873920,1,1746429420.7982304
30.2109375,0.1751302033662796,1235,1234,0.8907817006111145,0.22478048503398895,0.7207062840461731,0.01627604104578495,508.073776347,9632,0.8755565285682678,42.50352096557617,0.10476935654878616,1896960,1,1746429426.4890254
29.32552146911621,0.2623697817325592,1236,1235,0.8907817006111145,0.21947826445102692,0.812418520450592,0.01692708395421505,508.453063065,9640,0.8900317549705505,42.50352096557617,0.10476935654878616,1898496,1,1746429426.8683171
29.509765625,0.2447916716337204,1242,1241,0.8907817006111145,0.24652941524982452,0.8223240971565247,0.01692708395421505,510.731020453,9688,0.879474401473999,42.50352096557617,0.10476935654878616,1907712,1,1746429429.1462874
30.13411521911621,0.2330729216337204,1264,1263,0.8907817006111145,0.28117460012435913,0.796699047088623,0.015625,519.081281451,9864,0.8686606884002686,42.50352096557617,0.10476935654878616,1941504,1,1746429437.4965546
29.68424415588379,0.2493489533662796,1265,1264,0.8907817006111145,0.25213685631752014,0.8116763234138489,0.01627604104578495,519.460438806,9872,0.8689413070678711,42.50352096557617,0.10476935654878616,1943040,1,1746429437.8757005
29.47005271911621,0.189453125,1279,1278,0.8907817006111145,0.3110096752643585,0.7318813800811768,0.014973958022892475,524.774137368,9984,0.8686947822570801,42.50352096557617,0.10476935654878616,1964544,1,1746429443.189406
29.53645896911621,0.3072916567325592,1280,1279,0.8907817006111145,0.32075849175453186,0.8389875292778015,0.01692708395421505,525.153292709,9992,0.8950574398040771,42.50352096557617,0.10476935654878616,1966080,1,1746429443.568539
29.03971290588379,0.173828125,1283,1282,0.8907817006111145,0.3210221230983734,0.6817219257354736,0.01822916604578495,526.313914449,10016,0.8907498717308044,42.50352096557617,0.10476935654878616,1970688,1,1746429444.7291477
30.06770896911621,0.2486979216337204,1322,1321,1.3146909475326538,0.36915379762649536,0.7983886003494263,0.01627604104578495,541.201877373,10328,0.8789463043212891,46.31065368652344,0.43598929047584534,2030592,1,1746429459.6171343
30.00650978088379,0.2571614682674408,1330,1329,1.3146909475326538,0.42614278197288513,0.796894371509552,0.015625,544.244008086,10392,0.86440110206604,46.31065368652344,0.43598929047584534,2042880,1,1746429462.6592574
29.384765625,0.373046875,1335,1334,1.3146909475326538,0.33300086855888367,0.9238930940628052,0.01627604104578495,546.140126384,10432,0.8474392890930176,46.31065368652344,0.43598929047584534,2050560,1,1746429464.555407
29.0546875,0.2233072966337204,1352,1351,1.3146909475326538,0.358298659324646,0.7722883224487305,0.01692708395421505,552.592116087,10568,0.8591427206993103,46.31065368652344,0.43598929047584534,2076672,1,1746429471.0069768
28.83203125,0.3600260317325592,1368,1367,1.3146909475326538,0.37015363574028015,0.9580435156822205,0.01888020895421505,558.665115997,10696,0.8617345094680786,46.31065368652344,0.43598929047584534,2101248,1,1746429477.0803576
29.52669334411621,0.3723958432674408,1390,1389,1.3146909475326538,0.4206926226615906,0.9604230523109436,0.017578125,567.015937932,10872,0.8649913668632507,46.31065368652344,0.43598929047584534,2135040,1,1746429485.4312148
29.1171875,0.3704427182674408,1397,1396,1.3146909475326538,0.4107602834701538,0.9633689522743225,0.017578125,569.670846044,10928,0.8579193353652954,46.31065368652344,0.43598929047584534,2145792,1,1746429488.0860744
29.64192771911621,0.3997395932674408,1401,1400,1.3146909475326538,0.46898335218429565,0.9932745695114136,0.01627604104578495,571.192885476,10960,0.8492626547813416,46.31065368652344,0.43598929047584534,2151936,1,1746429489.6081526
29.26497459411621,0.240234375,1404,1403,1.3146909475326538,0.3838363289833069,0.7957388162612915,0.01692708395421505,572.331285232,10984,0.8516098260879517,46.31065368652344,0.43598929047584534,2156544,1,1746429490.7465405
29.50650978088379,0.3717447817325592,1412,1411,1.3146909475326538,0.3957666754722595,0.9721906781196594,0.01692708395421505,575.365639501,11048,0.8787134885787964,46.31065368652344,0.43598929047584534,2168832,1,1746429493.7808785
28.83333396911621,0.3463541567325592,1416,1415,1.3146909475326538,0.37650489807128906,0.9210643768310547,0.01822916604578495,576.88231879,11080,0.8661136627197266,46.31065368652344,0.43598929047584534,2174976,1,1746429495.297577
30.01888084411621,0.2805989682674408,1436,1435,1.3146909475326538,0.5255855917930603,0.8470343351364136,0.01627604104578495,584.476255722,11240,0.8704246282577515,46.31065368652344,0.43598929047584534,2205696,1,1746429502.8913257
28.888671875,0.2845052182674408,1438,1437,1.3146909475326538,0.379987895488739,0.8421353101730347,0.01692708395421505,585.235098011,11256,0.8672879934310913,46.31065368652344,0.43598929047584534,2208768,1,1746429503.6503303
28.64453125,0.3580729067325592,1453,1452,1.3146909475326538,0.41418325901031494,0.9202537536621094,0.017578125,590.9269334,11376,0.8482381701469421,46.31065368652344,0.43598929047584534,2231808,1,1746429509.342142
29.23046875,0.3763020932674408,1454,1453,1.3146909475326538,0.36124658584594727,0.9690168499946594,0.017578125,591.308997076,11384,0.8416639566421509,46.31065368652344,0.43598929047584534,2233344,1,1746429509.7242312
29.31575584411621,0.3359375,1462,1461,1.3146909475326538,0.37835556268692017,0.9418390989303589,0.015625,594.343025164,11448,0.8434566259384155,46.31065368652344,0.43598929047584534,2245632,1,1746429512.7582898
29.92317771911621,0.3567708432674408,1483,1482,1.3146909475326538,0.4022967219352722,0.9433071613311768,0.015625,602.315050358,11616,0.8268179893493652,46.31065368652344,0.43598929047584534,2277888,1,1746429520.7303061
29.48958396911621,0.40625,1505,1504,1.3146909475326538,0.35009074211120605,1.0089256763458252,0.01627604104578495,610.660192039,11792,0.8249364495277405,46.31065368652344,0.43598929047584534,2311680,1,1746429529.075463
30.12239646911621,0.3880208432674408,1506,1505,1.3146909475326538,0.3375898599624634,0.9784992933273315,0.015625,611.039758608,11800,0.8297874927520752,46.31065368652344,0.43598929047584534,2313216,1,1746429529.454966
30.4765625,0.3880208432674408,1522,1521,1.3146909475326538,0.3776025176048279,0.9845440983772278,0.01627604104578495,617.11184178,11928,0.8617753982543945,46.31065368652344,0.43598929047584534,2337792,1,1746429535.5270875
29.78841209411621,0.416015625,1576,1575,1.3146909475326538,0.36638057231903076,1.0002408027648926,0.01692708395421505,637.605696815,12360,0.8405598998069763,46.31065368652344,0.43598929047584534,2420736,1,1746429556.0208414
29.82161521911621,0.359375,1579,1578,1.3146909475326538,0.4737810790538788,0.9431605935096741,0.01627604104578495,638.743626162,12384,0.8369359374046326,46.31065368652344,0.43598929047584534,2425344,1,1746429557.15892
30.63411521911621,0.509765625,1643,1642,1.7116841077804565,0.4435819685459137,1.135468602180481,0.015625,663.109162709,12896,0.9058606624603271,45.19288635253906,0.746666669845581,2523648,1,1746429581.524419
29.58854103088379,0.390625,1658,1657,1.7116841077804565,0.4480881094932556,1.0053743124008179,0.017578125,668.798305701,13016,0.9183651804924011,45.19288635253906,0.746666669845581,2546688,1,1746429587.2135026
29.43424415588379,0.4505208432674408,1665,1664,1.7116841077804565,0.6069420576095581,1.0584146976470947,0.01692708395421505,671.457059279,13072,0.9269826412200928,45.19288635253906,0.746666669845581,2557440,1,1746429589.872312
29.93489646911621,0.4889322817325592,1671,1670,1.7116841077804565,0.5694003105163574,1.1102114915847778,0.01627604104578495,673.732742741,13120,0.9148039221763611,45.19288635253906,0.746666669845581,2566656,1,1746429592.147978
29.48046875,0.4700520932674408,1672,1671,1.7116841077804565,0.48804545402526855,1.0822980403900146,0.01692708395421505,674.111973043,13128,0.9101022481918335,45.19288635253906,0.746666669845581,2568192,1,1746429592.5271573
30.35416603088379,0.392578125,1683,1682,1.7116841077804565,0.41590574383735657,1.0048143863677979,0.01627604104578495,678.285146845,13216,0.9031347036361694,45.19288635253906,0.746666669845581,2585088,1,1746429596.7003925
29.89713478088379,0.541015625,1691,1690,1.7116841077804565,0.4565120041370392,1.1747719049453735,0.015625,681.332804598,13280,0.9185553789138794,45.19288635253906,0.746666669845581,2597376,1,1746429599.748047
28.88671875,0.4759114682674408,1692,1691,1.7116841077804565,0.44161373376846313,1.1023956537246704,0.01692708395421505,681.712360936,13288,0.9114457964897156,45.19288635253906,0.746666669845581,2598912,1,1746429600.1276298
28.69661521911621,0.5774739384651184,1712,1711,1.7116841077804565,0.5585963726043701,1.2243813276290894,0.01822916604578495,689.300220854,13448,0.9624886512756348,45.19288635253906,0.746666669845581,2629632,1,1746429607.7154655
29.916015625,0.5305989384651184,1718,1717,1.7116841077804565,0.7494339346885681,1.1780599355697632,0.01888020895421505,691.600237656,13496,0.9370396733283997,45.19288635253906,0.746666669845581,2638848,1,1746429610.0155053
29.70768165588379,0.5319010615348816,1730,1729,1.7116841077804565,0.4891170263290405,1.1702864170074463,0.01692708395421505,696.151386839,13592,0.9881705045700073,45.19288635253906,0.746666669845581,2657280,1,1746429614.5666287
28.99479103088379,0.4993489682674408,1735,1734,1.7116841077804565,0.47862911224365234,1.1353970766067505,0.01822916604578495,698.050782151,13632,0.9691370725631714,45.19288635253906,0.746666669845581,2664960,1,1746429616.4660263
28.90364646911621,0.5130208134651184,1746,1745,1.7116841077804565,0.4607296586036682,1.1595278978347778,0.01822916604578495,702.226116994,13720,0.9556014537811279,45.19288635253906,0.746666669845581,2681856,1,1746429620.6413686
30.62369728088379,0.6028645634651184,1760,1759,1.7116841077804565,0.5477005243301392,1.2640070915222168,0.01627604104578495,707.538089867,13832,0.9791499376296997,45.19288635253906,0.746666669845581,2703360,1,1746429625.9533594
30.29947853088379,0.4713541567325592,1768,1767,1.7116841077804565,0.5815678834915161,1.1027603149414062,0.017578125,710.575764921,13896,0.975702166557312,45.19288635253906,0.746666669845581,2715648,1,1746429628.9910152
29.54361915588379,0.517578125,1782,1781,1.7116841077804565,0.6471022367477417,1.16538405418396,0.017578125,715.888328129,14008,0.9903473258018494,45.19288635253906,0.746666669845581,2737152,1,1746429634.303609
29.79817771911621,0.6263020634651184,1788,1787,1.7116841077804565,0.610975444316864,1.2836294174194336,0.01692708395421505,718.163293289,14056,0.9972060322761536,45.19288635253906,0.746666669845581,2746368,1,1746429636.5785544
30.49869728088379,0.4270833432674408,1797,1796,1.7116841077804565,0.47416818141937256,1.0505924224853516,0.015625,721.581816632,14128,0.9795964956283569,45.19288635253906,0.746666669845581,2760192,1,1746429639.9970963
29.29427146911621,0.6399739384651184,1804,1803,1.7116841077804565,0.5190555453300476,1.2940820455551147,0.01692708395421505,724.237610765,14184,0.9722490310668945,45.19288635253906,0.746666669845581,2770944,1,1746429642.6528277
29.89127540588379,0.6100260615348816,1809,1808,1.7116841077804565,0.48526614904403687,1.2614582777023315,0.017578125,726.133724588,14224,0.9928297996520996,45.19288635253906,0.746666669845581,2778624,1,1746429644.5489898
29.26497459411621,0.6302083134651184,1839,1838,1.7116841077804565,0.42177051305770874,1.2746288776397705,0.015625,737.525567676,14464,1.0179485082626343,45.19288635253906,0.746666669845581,2824704,1,1746429655.9407983
29.623046875,0.537109375,1861,1860,1.7116841077804565,0.7846353054046631,1.1463377475738525,0.015625,745.874429377,14640,1.025449514389038,45.19288635253906,0.746666669845581,2858496,1,1746429664.2896655
30.5703125,0.5670573115348816,1864,1863,1.7116841077804565,0.5265209674835205,1.2273502349853516,0.01627604104578495,747.012201429,14664,0.9992685317993164,45.19288635253906,0.746666669845581,2863104,1,1746429665.427412
29.44661521911621,0.5286458134651184,1875,1874,1.7116841077804565,0.397877961397171,1.1702570915222168,0.01627604104578495,751.186221328,14752,1.0156220197677612,45.19288635253906,0.746666669845581,2880000,1,1746429669.6014802
29.35221290588379,0.6438801884651184,1888,1887,1.7116841077804565,0.38360509276390076,1.3005207777023315,0.017578125,756.118399372,14856,0.9977275133132935,45.19288635253906,0.746666669845581,2899968,1,1746429674.5336454
29.76692771911621,0.54296875,1903,1902,1.7116841077804565,0.38933801651000977,1.2016925811767578,0.01692708395421505,761.807494216,14976,1.0231643915176392,45.19288635253906,0.746666669845581,2923008,1,1746429680.2227495
29.95833396911621,0.6015625,1907,1906,1.7116841077804565,0.4000197649002075,1.2540851831436157,0.01627604104578495,763.324398996,15008,1.0478688478469849,45.19288635253906,0.746666669845581,2929152,1,1746429681.7396643
28.99349021911621,0.53125,1928,1927,1.7116841077804565,0.3708858788013458,1.1560903787612915,0.01692708395421505,771.294275818,15176,1.046325445175171,45.19288635253906,0.746666669845581,2961408,1,1746429689.709375
29.03971290588379,0.5774739384651184,1931,1930,1.7116841077804565,0.3761094808578491,1.223291039466858,0.01692708395421505,772.434737431,15200,1.054484486579895,45.19288635253906,0.746666669845581,2966016,1,1746429690.8499959
29.865234375,0.4361979067325592,1949,1948,1.7116841077804565,0.610057532787323,1.0466991662979126,0.01627604104578495,779.263883782,15344,1.0805882215499878,45.19288635253906,0.746666669845581,2993664,1,1746429697.67915
30.21354103088379,0.6100260615348816,1955,1954,1.8855458498001099,0.3558635115623474,1.2791014909744263,0.01627604104578495,781.626848952,15392,1.0949122905731201,42.38419723510742,0.9000774621963501,3002880,1,1746429700.0421274
29.93359375,0.55078125,1963,1962,1.8855458498001099,0.38173288106918335,1.1913833618164062,0.015625,784.663617142,15456,1.112818717956543,42.38419723510742,0.9000774621963501,3015168,1,1746429703.0788302
29.40364646911621,0.5768229365348816,2010,2009,1.8855458498001099,0.36541748046875,1.2241079807281494,0.01627604104578495,802.498534734,15832,1.180241584777832,42.38419723510742,0.9000774621963501,3087360,1,1746429720.9137945
29.13671875,0.6106770634651184,2014,2013,1.8855458498001099,0.3136228621006012,1.2746484279632568,0.01888020895421505,804.015737177,15864,1.1572149991989136,42.38419723510742,0.9000774621963501,3093504,1,1746429722.4310017
30.1015625,0.6302083134651184,2027,2026,1.8855458498001099,0.33266714215278625,1.284706950187683,0.015625,808.947562259,15968,1.1438672542572021,42.38419723510742,0.9000774621963501,3113472,1,1746429727.3628068
29.796875,0.5944010615348816,2033,2032,1.8855458498001099,0.4169515371322632,1.252897024154663,0.01692708395421505,811.224775041,16016,1.1655739545822144,42.38419723510742,0.9000774621963501,3122688,1,1746429729.6400006
29.685546875,0.662109375,2038,2037,1.8855458498001099,0.2782772183418274,1.324218511581421,0.01627604104578495,813.122166607,16056,1.1599767208099365,42.38419723510742,0.9000774621963501,3130368,1,1746429731.537422
29.80729103088379,0.59375,2053,2052,1.8855458498001099,0.5201839804649353,1.2421711683273315,0.015625,818.820875479,16176,1.1643718481063843,42.38419723510742,0.9000774621963501,3153408,1,1746429737.2361152
28.90494728088379,0.6536458134651184,2055,2054,1.8855458498001099,0.3303597867488861,1.3278450965881348,0.01822916604578495,819.579811177,16192,1.1726884841918945,42.38419723510742,0.9000774621963501,3156480,1,1746429737.9950612
29.7734375,0.630859375,2064,2063,1.8855458498001099,0.3738587498664856,1.290787696838379,0.01692708395421505,822.997328303,16264,1.177232027053833,42.38419723510742,0.9000774621963501,3170304,1,1746429741.412595
30.8359375,0.57421875,2073,2072,1.8855458498001099,0.4587455093860626,1.1866925954818726,0.015625,826.413184472,16336,1.135263442993164,42.38419723510742,0.9000774621963501,3184128,1,1746429744.828469
29.615234375,0.599609375,2079,2078,1.8855458498001099,0.3110414743423462,1.266787052154541,0.01822916604578495,828.688966859,16384,1.1440964937210083,42.38419723510742,0.9000774621963501,3193344,1,1746429747.1042411
30.02864646911621,0.5592448115348816,2085,2084,1.8855458498001099,0.3321571350097656,1.205777883529663,0.01627604104578495,830.966927622,16432,1.1594171524047852,42.38419723510742,0.9000774621963501,3202560,1,1746429749.3821776
29.65494728088379,0.5911458134651184,2087,2086,1.8855458498001099,0.3685852885246277,1.2338799238204956,0.01627604104578495,831.725442465,16448,1.1515179872512817,42.38419723510742,0.9000774621963501,3205632,1,1746429750.1406856
29.533203125,0.5625,2114,2113,1.8855458498001099,0.2888439893722534,1.211467981338501,0.01692708395421505,841.976461269,16664,1.2004387378692627,42.38419723510742,0.9000774621963501,3247104,1,1746429760.3917289
29.01236915588379,0.5670573115348816,2120,2119,1.8855458498001099,0.31647980213165283,1.2221224308013916,0.01822916604578495,844.253366247,16712,1.1865183115005493,42.38419723510742,0.9000774621963501,3256320,1,1746429762.6686032
29.64778709411621,0.595703125,2135,2134,1.8855458498001099,0.35126444697380066,1.24124014377594,0.01627604104578495,849.9448918,16832,1.2192429304122925,42.38419723510742,0.9000774621963501,3279360,1,1746429768.36012
30.37109375,0.5611979365348816,2136,2135,1.8855458498001099,0.4120849072933197,1.1855500936508179,0.015625,850.327982242,16840,1.2128980159759521,42.38419723510742,0.9000774621963501,3280896,1,1746429768.7432573
30.23567771911621,0.62890625,2138,2137,1.8855458498001099,0.40669286251068115,1.2791893482208252,0.015625,851.086845322,16856,1.2045947313308716,42.38419723510742,0.9000774621963501,3283968,1,1746429769.5021067
29.85677146911621,0.6510416865348816,2144,2143,1.8855458498001099,0.28413844108581543,1.3020833730697632,0.015625,853.363184271,16904,1.2370352745056152,42.38419723510742,0.9000774621963501,3293184,1,1746429771.7784467
30.4921875,0.3834635317325592,2155,2154,1.8855458498001099,0.32526248693466187,0.9808559417724609,0.015625,857.559297142,16992,1.2407200336456299,42.38419723510742,0.9000774621963501,3310080,1,1746429775.9745576
29.6171875,0.6432291865348816,2169,2168,1.8855458498001099,0.2736455202102661,1.3096613883972168,0.01692708395421505,862.877922302,17104,1.2539671659469604,42.38419723510742,0.9000774621963501,3331584,1,1746429781.2931714
29.16145896911621,0.564453125,2171,2170,1.8855458498001099,0.2753567695617676,1.2234374284744263,0.01822916604578495,863.6361752400001,17120,1.245467185974121,42.38419723510742,0.9000774621963501,3334656,1,1746429782.0514324
29.94596290588379,0.5592448115348816,2177,2176,1.8855458498001099,0.2672695219516754,1.189622402191162,0.01627604104578495,865.91234556,17168,1.2420618534088135,42.38419723510742,0.9000774621963501,3343872,1,1746429784.3276165
29.55013084411621,0.6243489384651184,2188,2187,1.8855458498001099,0.2758040428161621,1.2700845003128052,0.01692708395421505,870.091004171,17256,1.2383710145950317,42.38419723510742,0.9000774621963501,3360768,1,1746429788.5060887
29.80208396911621,0.5833333134651184,2189,2188,1.8855458498001099,0.297996461391449,1.2288540601730347,0.015625,870.482176018,17264,1.2513537406921387,42.38419723510742,0.9000774621963501,3362304,1,1746429788.88657
29.52864646911621,0.6477864384651184,2198,2197,1.8855458498001099,0.25906866788864136,1.2955728769302368,0.01627604104578495,873.886146486,17336,1.2730505466461182,42.38419723510742,0.9000774621963501,3376128,1,1746429792.3014112
28.80338478088379,0.6061198115348816,2199,2198,1.8855458498001099,0.27855995297431946,1.2637596130371094,0.01822916604578495,874.265443081,17344,1.2739434242248535,42.38419723510742,0.9000774621963501,3377664,1,1746429792.6806984
29.46484375,0.6243489384651184,2204,2203,1.8855458498001099,0.28854045271873474,1.2693846225738525,0.01627604104578495,876.161584473,17384,1.2571122646331787,42.38419723510742,0.9000774621963501,3385344,1,1746429794.576854
30.08854103088379,0.5950520634651184,2206,2205,1.8855458498001099,0.597714900970459,1.24033522605896,0.015625,876.919951867,17400,1.2645976543426514,42.38419723510742,0.9000774621963501,3388416,1,1746429795.3352337
30.11458396911621,0.650390625,2252,2251,1.8855458498001099,0.2067950963973999,1.300781011581421,0.01627604104578495,894.379781332,17768,1.278677225112915,42.38419723510742,0.9000774621963501,3459072,1,1746429812.7949898
29.28125,0.630859375,2264,2263,1.8855458498001099,0.223476380109787,1.298967957496643,0.017578125,898.930877041,17864,1.2776329517364502,42.38419723510742,0.9000774621963501,3477504,1,1746429817.3461332
29.6484375,0.53515625,2268,2267,1.8855458498001099,0.17648360133171082,1.1823501586914062,0.017578125,900.482176891,17896,1.2880020141601562,42.38419723510742,0.9000774621963501,3483648,1,1746429818.867069
29.4140625,0.52734375,2282,2281,1.9558874368667603,0.24041882157325745,1.1627081632614136,0.015625,905.845781836,18008,1.293750524520874,46.12955856323242,0.9596928954124451,3505152,1,1746429824.2609942
29.26432228088379,0.603515625,2320,2319,1.9558874368667603,0.21891137957572937,1.229882836341858,0.017578125,920.267598593,18312,1.3172115087509155,46.12955856323242,0.9596928954124451,3563520,1,1746429838.6827934
29.44400978088379,0.5729166865348816,2337,2336,1.9558874368667603,0.17791712284088135,1.2201789617538452,0.015625,926.720580315,18448,1.3162567615509033,46.12955856323242,0.9596928954124451,3589632,1,1746429845.1358411
30.171875,0.6302083134651184,2350,2349,1.9558874368667603,0.2369166612625122,1.2753905057907104,0.015625,931.656784558,18552,1.3005554676055908,46.12955856323242,0.9596928954124451,3609600,1,1746429850.0720181
29.55143165588379,0.537109375,2375,2374,1.9558874368667603,0.2395002692937851,1.1682355403900146,0.01627604104578495,941.140128767,18752,1.3028281927108765,46.12955856323242,0.9596928954124451,3648000,1,1746429859.5545814
28.92903709411621,0.6744791865348816,2388,2387,1.9558874368667603,0.20380836725234985,1.3494824171066284,0.01822916604578495,946.074743469,18856,1.3011107444763184,46.12955856323242,0.9596928954124451,3667968,1,1746429864.4900136
29.287109375,0.623046875,2417,2416,1.9558874368667603,0.17481274902820587,1.26632821559906,0.01692708395421505,957.076877789,19088,1.3066768646240234,46.12955856323242,0.9596928954124451,3712512,1,1746429875.4921446
30.0234375,0.5592448115348816,2425,2424,1.9558874368667603,0.2648286819458008,1.195325493812561,0.01627604104578495,960.112354813,19152,1.2889394760131836,46.12955856323242,0.9596928954124451,3724800,1,1746429878.52762
29.142578125,0.59765625,2441,2440,1.9558874368667603,0.16324461996555328,1.2382779121398926,0.01627604104578495,966.189771513,19280,1.291968584060669,46.12955856323242,0.9596928954124451,3749376,1,1746429884.6050158
29.14908790588379,0.6712239384651184,2471,2470,1.9558874368667603,0.16936731338500977,1.3621060848236084,0.02083333395421505,977.576754239,19520,1.2839548587799072,46.12955856323242,0.9596928954124451,3795456,1,1746429895.9920123
28.2890625,0.6048176884651184,2478,2477,1.9558874368667603,0.184370219707489,1.2565265893936157,0.01888020895421505,980.231511318,19576,1.290809154510498,46.12955856323242,0.9596928954124451,3806208,1,1746429898.6467636
29.25716209411621,0.6790364384651184,2479,2478,1.9558874368667603,0.16815990209579468,1.3580728769302368,0.01888020895421505,980.614553311,19584,1.2896959781646729,46.12955856323242,0.9596928954124451,3807744,1,1746429899.0298417
28.330078125,0.6608073115348816,2482,2481,1.9558874368667603,0.15425792336463928,1.3438801765441895,0.021484375,981.752262508,19608,1.2988011837005615,46.12955856323242,0.9596928954124451,3812352,1,1746429900.1675289
28.81770896911621,0.6725260615348816,2494,2493,1.9558874368667603,0.15825223922729492,1.3450521230697632,0.01888020895421505,986.307659121,19704,1.2741742134094238,46.12955856323242,0.9596928954124451,3830784,1,1746429904.722934
28.890625,0.658203125,2509,2508,1.9558874368667603,0.17410166561603546,1.3337304592132568,0.01953125,992.001498777,19824,1.2858498096466064,46.12955856323242,0.9596928954124451,3853824,1,1746429910.4167333
29.13932228088379,0.666015625,2511,2510,1.9558874368667603,0.22091157734394073,1.3531087636947632,0.01953125,992.760553982,19840,1.2909839153289795,46.12955856323242,0.9596928954124451,3856896,1,1746429911.1758127
28.216796875,0.6497395634651184,2515,2514,1.9558874368667603,0.1426563560962677,1.3208072185516357,0.01953125,994.277574693,19872,1.2713539600372314,46.12955856323242,0.9596928954124451,3863040,1,1746429912.692845
28.62044334411621,0.69140625,2553,2552,1.9558874368667603,0.15947675704956055,1.3828125,0.021484375,1008.695889651,20176,1.2936652898788452,46.12955856323242,0.9596928954124451,3921408,1,1746429927.1111557
29.36458396911621,0.6901041865348816,2562,2561,1.9558874368667603,0.1504557877779007,1.3802083730697632,0.01953125,1012.116424718,20248,1.2965412139892578,46.12955856323242,0.9596928954124451,3935232,1,1746429930.5316222
28.427734375,0.6673176884651184,2572,2571,1.9558874368667603,0.1730048805475235,1.3346353769302368,0.01822916604578495,1015.909543901,20328,1.281388282775879,46.12955856323242,0.9596928954124451,3950592,1,1746429934.3247993
28.875,0.6158854365348816,2612,2611,1.9799580574035645,0.13450127840042114,1.2752797603607178,0.01888020895421505,1031.202554839,20648,1.3169043064117432,40.54710388183594,0.9818562269210815,4012032,1,1746429949.6178021
28.86263084411621,0.599609375,2625,2624,1.9799580574035645,0.16815142333507538,1.273134708404541,0.01888020895421505,1036.135319149,20752,1.3388773202896118,40.54710388183594,0.9818562269210815,4032000,1,1746429954.5505705
28.47591209411621,0.6438801884651184,2627,2626,1.9799580574035645,0.23274646699428558,1.308837890625,0.01822916604578495,1036.893860129,20768,1.3031240701675415,40.54710388183594,0.9818562269210815,4035072,1,1746429955.309103
29.66145896911621,0.6516926884651184,2647,2646,1.9799580574035645,0.4082055389881134,1.3033853769302368,0.01627604104578495,1044.481649472,20928,1.2887282371520996,40.54710388183594,0.9818562269210815,4065792,1,1746429962.896897
29.8359375,0.658203125,2648,2647,1.9799580574035645,0.1677098125219345,1.31640625,0.017578125,1044.860753513,20936,1.3156988620758057,40.54710388183594,0.9818562269210815,4067328,1,1746429963.276012
27.93359375,0.6803385615348816,2668,2667,1.9799580574035645,0.23501192033290863,1.3606771230697632,0.021484375,1052.452288852,21096,1.2880690097808838,40.54710388183594,0.9818562269210815,4098048,1,1746429970.867503
28.865234375,0.6673176884651184,2680,2679,1.9799580574035645,0.1290663182735443,1.3352571725845337,0.01822916604578495,1057.003202403,21192,1.2942028045654297,40.54710388183594,0.9818562269210815,4116480,1,1746429975.4184132
28.27994728088379,0.6959635615348816,2702,2701,1.9799580574035645,0.1452428698539734,1.3919271230697632,0.021484375,1065.352792795,21368,1.307983636856079,40.54710388183594,0.9818562269210815,4150272,1,1746429983.768047
28.69140625,0.6588541865348816,2729,2728,1.9799580574035645,0.1337217539548874,1.3260481357574463,0.01953125,1075.599656676,21584,1.2997190952301025,40.54710388183594,0.9818562269210815,4191744,1,1746429994.0149145
28.55338478088379,0.65625,2731,2730,1.9799580574035645,0.21979475021362305,1.3308593034744263,0.01953125,1076.358549133,21600,1.2712767124176025,40.54710388183594,0.9818562269210815,4194816,1,1746429994.7737277
29.619140625,0.6490885615348816,2745,2744,1.9799580574035645,0.33459722995758057,1.3178092241287231,0.01822916604578495,1081.674708492,21712,1.2610831260681152,40.54710388183594,0.9818562269210815,4216320,1,1746430000.0899613
29.10611915588379,0.6744791865348816,2748,2747,1.9799580574035645,0.22466233372688293,1.368938684463501,0.021484375,1082.812095419,21736,1.2691751718521118,40.54710388183594,0.9818562269210815,4220928,1,1746430001.227328
29.15755271911621,0.6536458134651184,2780,2779,1.9799580574035645,0.34446021914482117,1.3292056322097778,0.02018229104578495,1094.96413691,21992,1.285114049911499,40.54710388183594,0.9818562269210815,4270080,1,1746430013.3793871
29.08984375,0.6803385615348816,2788,2787,1.9799580574035645,0.2087189257144928,1.360676884651184,0.01822916604578495,1098.001519352,22056,1.3065457344055176,40.54710388183594,0.9818562269210815,4282368,1,1746430016.4167721
28.93489646911621,0.6178385615348816,2789,2788,1.9799580574035645,0.1725812703371048,1.2854686975479126,0.01888020895421505,1098.380517023,22064,1.3070027828216553,40.54710388183594,0.9818562269210815,4283904,1,1746430016.7957783
28.87630271911621,0.6634114384651184,2800,2799,1.9799580574035645,0.1318693608045578,1.350791096687317,0.01822916604578495,1102.553663797,22152,1.2978417873382568,40.54710388183594,0.9818562269210815,4300800,1,1746430020.968909
28.98958396911621,0.6920573115348816,2840,2839,1.9799580574035645,0.28360170125961304,1.3841146230697632,0.01953125,1117.735711076,22472,1.3258193731307983,40.54710388183594,0.9818562269210815,4362240,1,1746430036.1509883
28.42838478088379,0.6393229365348816,2843,2842,1.9799580574035645,0.08914949744939804,1.3081737756729126,0.01953125,1118.874284595,22496,1.3297209739685059,40.54710388183594,0.9818562269210815,4366848,1,1746430037.289543
28.88606834411621,0.66796875,2863,2862,1.9799580574035645,0.09978712350130081,1.3359375,0.017578125,1126.467096397,22656,1.3455848693847656,40.54710388183594,0.9818562269210815,4397568,1,1746430044.882367
29.07356834411621,0.6848958134651184,2877,2876,1.9799580574035645,0.1358114629983902,1.3697916269302368,0.01888020895421505,1131.777972826,22768,1.3596596717834473,40.54710388183594,0.9818562269210815,4419072,1,1746430050.1932516
29.86197853088379,0.4986979067325592,2885,2884,1.9799580574035645,0.10921889543533325,1.1315981149673462,0.01692708395421505,1134.812856668,22832,1.346067190170288,40.54710388183594,0.9818562269210815,4431360,1,1746430053.2281218
30.26106834411621,0.6555989384651184,2894,2893,1.9799580574035645,0.11160357296466827,1.3205467462539673,0.017578125,1138.228255789,22904,1.3491973876953125,40.54710388183594,0.9818562269210815,4445184,1,1746430056.6433258
29.05989646911621,0.6178385615348816,2922,2921,1.9799580574035645,0.0781157910823822,1.2880728244781494,0.02018229104578495,1148.854481593,23128,1.3353300094604492,40.54710388183594,0.9818562269210815,4488192,1,1746430067.2697453
29.75260353088379,0.6595051884651184,2932,2931,1.9817146062850952,0.09707228094339371,1.3349281549453735,0.01822916604578495,1152.733727824,23208,1.3328784704208374,41.47703552246094,0.9837036728858948,4503552,1,1746430071.148974
29.27994728088379,0.626953125,2942,2941,1.9817146062850952,0.11565417051315308,1.2688051462173462,0.01627604104578495,1156.52829691,23288,1.3295199871063232,41.47703552246094,0.9837036728858948,4518912,1,1746430074.9435391
29.45182228088379,0.6171875,2961,2960,1.9817146062850952,0.09276442229747772,1.27866530418396,0.01692708395421505,1163.739552304,23440,1.328819751739502,41.47703552246094,0.9837036728858948,4548096,1,1746430082.1547933
28.86849021911621,0.654296875,2965,2964,1.9817146062850952,0.08896659314632416,1.3291015625,0.01953125,1165.256685317,23472,1.3446277379989624,41.47703552246094,0.9837036728858948,4554240,1,1746430083.671932
29.21224021911621,0.6236979365348816,2981,2980,1.9817146062850952,0.0844602957367897,1.2886555194854736,0.017578125,1171.33401492,23600,1.3524091243743896,41.47703552246094,0.9837036728858948,4578816,1,1746430089.749238
28.55338478088379,0.6354166865348816,3062,3061,1.9817146062850952,0.25713688135147095,1.3162825107574463,0.02018229104578495,1202.095241027,24248,1.355614185333252,41.47703552246094,0.9837036728858948,4703232,1,1746430120.5105035
28.181640625,0.6744791865348816,3067,3066,1.9817146062850952,0.08932657539844513,1.3489583730697632,0.02083333395421505,1203.99158685,24288,1.3460383415222168,41.47703552246094,0.9837036728858948,4710912,1,1746430122.4068186
27.88150978088379,0.666015625,3069,3068,1.9817146062850952,0.10097849369049072,1.3537403345108032,0.021484375,1204.749922236,24304,1.3565433025360107,41.47703552246094,0.9837036728858948,4713984,1,1746430123.1651778
28.998046875,0.6705729365348816,3076,3075,1.9817146062850952,0.15475091338157654,1.3417447805404663,0.02018229104578495,1207.404358884,24360,1.3424339294433594,41.47703552246094,0.9837036728858948,4724736,1,1746430125.8196008
28.44075584411621,0.6692708134651184,3091,3090,1.9817146062850952,0.11897619068622589,1.3614258766174316,0.02083333395421505,1213.099358426,24480,1.3555078506469727,41.47703552246094,0.9837036728858948,4747776,1,1746430131.51458
27.86653709411621,0.7083333134651184,3095,3094,1.9817146062850952,0.10053974390029907,1.4166666269302368,0.02278645895421505,1214.619874932,24512,1.3186135292053223,41.47703552246094,0.9837036728858948,4753920,1,1746430133.034926
28.314453125,0.708984375,3099,3098,1.9817146062850952,0.11410371214151382,1.41796875,0.02083333395421505,1216.145506019,24544,1.343625783920288,41.47703552246094,0.9837036728858948,4760064,1,1746430134.5605764
28.87369728088379,0.6100260615348816,3126,3125,1.9817146062850952,0.11838874965906143,1.306178331375122,0.021484375,1226.396449671,24760,1.3071763515472412,41.47703552246094,0.9837036728858948,4801536,1,1746430144.8116624
28.38411521911621,0.6516926884651184,3127,3126,1.9817146062850952,0.08731619268655777,1.3272656202316284,0.02018229104578495,1226.775793567,24768,1.318662166595459,41.47703552246094,0.9837036728858948,4803072,1,1746430145.1909842
29.00650978088379,0.654296875,3149,3148,1.9817146062850952,0.14187166094779968,1.3297069072723389,0.01888020895421505,1235.126659407,24944,1.2986996173858643,41.47703552246094,0.9837036728858948,4836864,1,1746430153.5418649
27.97135353088379,0.6959635615348816,3159,3158,1.9817146062850952,0.13896194100379944,1.3973958492279053,0.02278645895421505,1238.927019268,25024,1.2946877479553223,41.47703552246094,0.9837036728858948,4852224,1,1746430157.342261
27.93815040588379,0.650390625,3177,3176,1.9817146062850952,0.121137335896492,1.3295116424560547,0.02213541604578495,1245.758377016,25168,1.3071880340576172,41.47703552246094,0.9837036728858948,4879872,1,1746430164.1735818
28.05729103088379,0.6822916865348816,3181,3180,1.9817146062850952,0.08354595303535461,1.382470726966858,0.02018229104578495,1247.275153067,25200,1.3189769983291626,41.47703552246094,0.9837036728858948,4886016,1,1746430165.6904237
28.46549415588379,0.6223958134651184,3182,3181,1.9817146062850952,0.08086451888084412,1.2940330505371094,0.01953125,1247.65438431,25208,1.3161624670028687,41.47703552246094,0.9837036728858948,4887552,1,1746430166.0696607
27.841796875,0.6243489384651184,3198,3197,1.9817146062850952,0.08367787301540375,1.3115005493164062,0.021484375,1253.728340466,25336,1.341149091720581,41.47703552246094,0.9837036728858948,4912128,1,1746430172.1435697
28.849609375,0.6881510615348816,3210,3209,1.9817146062850952,0.10479243844747543,1.3763021230697632,0.02018229104578495,1258.279654722,25432,1.351236343383789,41.47703552246094,0.9837036728858948,4930560,1,1746430176.694885
27.63606834411621,0.6569010615348816,3236,3235,1.9817146062850952,0.09669904410839081,1.3643748760223389,0.02278645895421505,1268.147271667,25640,1.3694636821746826,41.47703552246094,0.9837036728858948,4970496,1,1746430186.5623305
30.55078125,0.6438801884651184,3274,3273,1.9947788715362549,0.12076329439878464,1.2877602577209473,0.015625,1282.700678973,25944,1.3668546676635742,38.78700637817383,0.9953114986419678,5028864,1,1746430201.115843
28.34765625,0.6712239384651184,3289,3288,1.9947788715362549,0.20079508423805237,1.3424478769302368,0.01953125,1288.404226134,26064,1.3756742477416992,38.78700637817383,0.9953114986419678,5051904,1,1746430206.8193948
28.62174415588379,0.6373698115348816,3300,3299,1.9947788715362549,0.09870991110801697,1.301236867904663,0.02018229104578495,1292.588000184,26152,1.3884769678115845,38.78700637817383,0.9953114986419678,5068800,1,1746430211.0030112
28.06966209411621,0.6796875,3339,3338,1.9947788715362549,0.22090348601341248,1.379296898841858,0.02278645895421505,1307.424487398,26464,1.3973710536956787,38.78700637817383,0.9953114986419678,5128704,1,1746430225.8396766
28.87630271911621,0.6412760615348816,3351,3350,1.9947788715362549,0.17818579077720642,1.317669153213501,0.01953125,1311.985540232,26560,1.389140248298645,38.78700637817383,0.9953114986419678,5147136,1,1746430230.4006143
28.765625,0.681640625,3369,3368,1.9947788715362549,0.12066753208637238,1.36328125,0.02018229104578495,1318.826646946,26704,1.383554458618164,38.78700637817383,0.9953114986419678,5174784,1,1746430237.2416952
28.91341209411621,0.6712239384651184,3379,3378,1.9947788715362549,0.13210029900074005,1.3463443517684937,0.01953125,1322.635625402,26784,1.3621280193328857,38.78700637817383,0.9953114986419678,5190144,1,1746430241.0506237
29.50520896911621,0.6022135615348816,3395,3394,1.9947788715362549,0.13359782099723816,1.2455891370773315,0.015625,1328.729189357,26912,1.3700695037841797,38.78700637817383,0.9953114986419678,5214720,1,1746430247.144266
28.40494728088379,0.6595051884651184,3424,3423,1.9947788715362549,0.24219802021980286,1.3190103769302368,0.02083333395421505,1339.753838277,27144,1.3848950862884521,38.78700637817383,0.9953114986419678,5259264,1,1746430258.168887
27.90690040588379,0.666015625,3431,3430,1.9947788715362549,0.1715150624513626,1.3504393100738525,0.02083333395421505,1342.41839158,27200,1.3750683069229126,38.78700637817383,0.9953114986419678,5270016,1,1746430260.8334515
28.81510353088379,0.6770833134651184,3438,3437,1.9947788715362549,0.09325805306434631,1.3541666269302368,0.02083333395421505,1345.081354139,27256,1.3788336515426636,38.78700637817383,0.9953114986419678,5280768,1,1746430263.496397
27.74153709411621,0.6901041865348816,3445,3444,1.9947788715362549,0.08586907386779785,1.3802083730697632,0.02018229104578495,1347.745559685,27312,1.3961765766143799,38.78700637817383,0.9953114986419678,5291520,1,1746430266.160776
28.71158790588379,0.6686198115348816,3480,3479,1.9947788715362549,0.09409694373607635,1.3372396230697632,0.017578125,1361.050066287,27592,1.3921386003494263,38.78700637817383,0.9953114986419678,5345280,1,1746430279.4653578
27.984375,0.6744791865348816,3482,3481,1.9947788715362549,0.07258245348930359,1.3489583730697632,0.02083333395421505,1361.808082234,27608,1.412530779838562,38.78700637817383,0.9953114986419678,5348352,1,1746430280.223379
29.546875,0.646484375,3494,3493,1.9947788715362549,0.132160484790802,1.306721806526184,0.017578125,1366.359974833,27704,1.3818347454071045,38.78700637817383,0.9953114986419678,5366784,1,1746430284.775249
28.84830665588379,0.6223958134651184,3520,3519,1.9947788715362549,0.08843578398227692,1.2755727767944336,0.01953125,1376.226390524,27912,1.4200714826583862,38.78700637817383,0.9953114986419678,5406720,1,1746430294.641645
28.46809959411621,0.6569010615348816,3522,3521,1.9947788715362549,0.09862393140792847,1.3375290632247925,0.01822916604578495,1376.984929348,27928,1.4320076704025269,38.78700637817383,0.9953114986419678,5409792,1,1746430295.400213
28.96549415588379,0.60546875,3525,3524,1.9947788715362549,0.08630605041980743,1.2596971988677979,0.01822916604578495,1378.121935064,27952,1.4526563882827759,38.78700637817383,0.9953114986419678,5414400,1,1746430296.537237
28.02408790588379,0.6595051884651184,3529,3528,1.9947788715362549,0.07962869107723236,1.3462564945220947,0.02213541604578495,1379.637955815,27984,1.43339204788208,38.78700637817383,0.9953114986419678,5420544,1,1746430298.053247
28.59700584411621,0.6842448115348816,3536,3535,1.9947788715362549,0.07799281924962997,1.3684896230697632,0.02018229104578495,1382.30638863,28040,1.441900372505188,38.78700637817383,0.9953114986419678,5431296,1,1746430300.7216642
29.28971290588379,0.6575520634651184,3556,3555,1.9947788715362549,0.2180180847644806,1.3151040077209473,0.017578125,1389.892936931,28200,1.428600788116455,38.78700637817383,0.9953114986419678,5462016,1,1746430308.3081863
28.361328125,0.6627604365348816,3585,3584,1.9899119138717651,0.09505485743284225,1.3532485961914062,0.02278645895421505,1400.978350472,28432,1.4440922737121582,39.81652069091797,0.9905213117599487,5506560,1,1746430319.3936217
29.94270896911621,0.6178385615348816,3588,3587,1.9899119138717651,0.06081067770719528,1.2691242694854736,0.017578125,1402.116248993,28456,1.4702688455581665,39.81652069091797,0.9905213117599487,5511168,1,1746430320.5315175
28.1015625,0.6165364384651184,3645,3644,1.9899119138717651,0.06069834157824516,1.2826203107833862,0.02213541604578495,1423.741625914,28912,1.4785521030426025,39.81652069091797,0.9905213117599487,5598720,1,1746430342.1569023
28.22330665588379,0.70703125,3654,3653,1.9899119138717651,0.07705195993185043,1.4140625,0.021484375,1427.160926983,28984,1.503401517868042,39.81652069091797,0.9905213117599487,5612544,1,1746430345.576219
27.6796875,0.6842448115348816,3662,3661,1.9899119138717651,0.04911581426858902,1.3709375858306885,0.0234375,1430.193174064,29048,1.5048255920410156,39.81652069091797,0.9905213117599487,5624832,1,1746430348.6084697
27.693359375,0.6803385615348816,3680,3679,1.9899119138717651,0.07136817276477814,1.3666210174560547,0.02213541604578495,1437.028526463,29192,1.5209181308746338,39.81652069091797,0.9905213117599487,5652480,1,1746430355.4437792
27.15690040588379,0.716796875,3685,3684,1.9899119138717651,0.15203475952148438,1.43359375,0.0234375,1438.924555671,29232,1.5045212507247925,39.81652069091797,0.9905213117599487,5660160,1,1746430357.3398316
28.12825584411621,0.6412760615348816,3720,3719,1.9899119138717651,0.08279547095298767,1.3016537427902222,0.02018229104578495,1452.20076098,29512,1.5008976459503174,39.81652069091797,0.9905213117599487,5713920,1,1746430370.616028
27.8671875,0.6979166865348816,3727,3726,1.9899119138717651,0.06282287836074829,1.3958333730697632,0.02213541604578495,1454.858360634,29568,1.4863684177398682,39.81652069091797,0.9905213117599487,5724672,1,1746430373.2735589
27.17057228088379,0.7076823115348816,3743,3742,1.9899119138717651,0.05755027383565903,1.4153646230697632,0.02278645895421505,1460.927837135,29696,1.494621753692627,39.81652069091797,0.9905213117599487,5749248,1,1746430379.3430893
27.17317771911621,0.736328125,3751,3750,1.9899119138717651,0.08140196651220322,1.47265625,0.02213541604578495,1463.96029541,29760,1.49225914478302,39.81652069091797,0.9905213117599487,5761536,1,1746430382.375587
27.69986915588379,0.708984375,3767,3766,1.9899119138717651,0.05120164155960083,1.41796875,0.02278645895421505,1470.028575313,29888,1.5372934341430664,39.81652069091797,0.9905213117599487,5786112,1,1746430388.4437046
27.333984375,0.6712239384651184,3773,3772,1.9899119138717651,0.07070206105709076,1.3727604150772095,0.02213541604578495,1472.310088976,29936,1.5401878356933594,39.81652069091797,0.9905213117599487,5795328,1,1746430390.725369
28.00455665588379,0.6705729365348816,3786,3785,1.9899119138717651,0.04603918641805649,1.364990234375,0.02213541604578495,1477.247295241,30040,1.5549098253250122,39.81652069091797,0.9905213117599487,5815296,1,1746430395.6625383
27.25,0.6940104365348816,3793,3792,1.9899119138717651,0.061255715787410736,1.3880208730697632,0.02278645895421505,1479.903160228,30096,1.5669784545898438,39.81652069091797,0.9905213117599487,5826048,1,1746430398.3184457
28.00065040588379,0.6888020634651184,3827,3826,1.9899119138717651,0.09001481533050537,1.3922525644302368,0.02278645895421505,1492.800928991,30368,1.5454490184783936,39.81652069091797,0.9905213117599487,5878272,1,1746430411.216223
26.96940040588379,0.7180989384651184,3830,3829,1.9899119138717651,0.08709394931793213,1.4361978769302368,0.02278645895421505,1493.937979127,30392,1.5562959909439087,39.81652069091797,0.9905213117599487,5882880,1,1746430412.353281
26.87239646911621,0.697265625,3854,3853,1.9899119138717651,0.050948355346918106,1.39453125,0.02278645895421505,1503.044134456,30584,1.576953411102295,39.81652069091797,0.9905213117599487,5919744,1,1746430421.4593413
27.58658790588379,0.7122395634651184,3860,3859,1.9899119138717651,0.07024680078029633,1.4244791269302368,0.02278645895421505,1505.319562225,30632,1.57890784740448,39.81652069091797,0.9905213117599487,5928960,1,1746430423.7348213
27.72721290588379,0.6536458134651184,3887,3886,1.9899119138717651,0.06699031591415405,1.3421353101730347,0.02213541604578495,1515.583278047,30848,1.5949745178222656,39.81652069091797,0.9905213117599487,5970432,1,1746430433.9985256
27.66666603088379,0.6803385615348816,3898,3897,1.9899119138717651,0.06710289418697357,1.386012315750122,0.02278645895421505,1519.759526919,30936,1.590579628944397,39.81652069091797,0.9905213117599487,5987328,1,1746430438.174808
26.75,0.7102864384651184,3903,3902,1.9920867681503296,0.2671858072280884,1.4205728769302368,0.0234375,1521.741215974,30976,1.5746123790740967,36.83464813232422,0.9927821755409241,5995008,1,1746430440.1565118
27.85546875,0.68359375,3927,3926,1.9920867681503296,0.06803444027900696,1.390419840812683,0.021484375,1530.851079252,31168,1.590417504310608,36.83464813232422,0.9927821755409241,6031872,1,1746430449.2663724
27.97200584411621,0.6373698115348816,3938,3937,1.9920867681503296,0.06286336481571198,1.3049511909484863,0.021484375,1535.025429498,31256,1.603891134262085,36.83464813232422,0.9927821755409241,6048768,1,1746430453.4407206
27.54622459411621,0.712890625,3980,3979,1.9920867681503296,0.06131685897707939,1.42578125,0.02278645895421505,1550.959334711,31592,1.6583104133605957,36.83464813232422,0.9927821755409241,6113280,1,1746430469.3746157
28.96614646911621,0.6373698115348816,4011,4010,1.9920867681503296,0.06532546132802963,1.3308593034744263,0.02018229104578495,1562.725751709,31840,1.6276087760925293,36.83464813232422,0.9927821755409241,6160896,1,1746430481.1410294
26.79947853088379,0.6842448115348816,4014,4013,1.9920867681503296,0.07473799586296082,1.3892968893051147,0.0234375,1563.863031564,31864,1.6120920181274414,36.83464813232422,0.9927821755409241,6165504,1,1746430482.27833
26.97525978088379,0.693359375,4022,4021,1.9920867681503296,0.07219582051038742,1.4077962636947632,0.0234375,1566.897152865,31928,1.6104854345321655,36.83464813232422,0.9927821755409241,6177792,1,1746430485.312394
27.57682228088379,0.6966145634651184,4026,4025,1.9920867681503296,0.06240294128656387,1.3932291269302368,0.021484375,1568.414090458,31960,1.6337897777557373,36.83464813232422,0.9927821755409241,6183936,1,1746430486.829365
28.595703125,0.6744791865348816,4027,4026,1.9920867681503296,0.07119859009981155,1.3754719495773315,0.021484375,1568.793209157,31968,1.6243798732757568,36.83464813232422,0.9927821755409241,6185472,1,1746430487.2084858
28.92643165588379,0.67578125,4064,4063,1.9920867681503296,0.066434346139431,1.3552767038345337,0.02018229104578495,1582.846897724,32264,1.6267390251159668,36.83464813232422,0.9927821755409241,6242304,1,1746430501.2621715
29.02734375,0.599609375,4079,4078,1.9920867681503296,0.05929733067750931,1.2906477451324463,0.01953125,1588.534794144,32384,1.623692274093628,36.83464813232422,0.9927821755409241,6265344,1,1746430506.9500637
28.96028709411621,0.6263020634651184,4086,4085,1.9920867681503296,0.07333394140005112,1.3086262941360474,0.02018229104578495,1591.190051857,32440,1.6178722381591797,36.83464813232422,0.9927821755409241,6276096,1,1746430509.605328
27.388671875,0.66796875,4093,4092,1.9920867681503296,0.08492697775363922,1.3359375,0.02213541604578495,1593.844871171,32496,1.6328318119049072,36.83464813232422,0.9927821755409241,6286848,1,1746430512.2601342
27.90169334411621,0.654296875,4096,4095,1.9920867681503296,0.0699494257569313,1.30859375,0.01953125,1594.982965766,32520,1.6192660331726074,36.83464813232422,0.9927821755409241,6291456,1,1746430513.3982384
28.5703125,0.671875,4110,4109,1.9920867681503296,0.06024593859910965,1.3656445741653442,0.02083333395421505,1600.291125492,32632,1.652829885482788,36.83464813232422,0.9927821755409241,6312960,1,1746430518.706409
29.076171875,0.6451823115348816,4112,4111,1.9920867681503296,0.0656578466296196,1.32924485206604,0.02083333395421505,1601.050949693,32648,1.6153628826141357,36.83464813232422,0.9927821755409241,6316032,1,1746430519.4662404
29.65364646911621,0.6438801884651184,4123,4122,1.9920867681503296,0.0610605925321579,1.2877603769302368,0.01692708395421505,1605.221329678,32736,1.6471309661865234,36.83464813232422,0.9927821755409241,6332928,1,1746430523.6366134
29.74739646911621,0.6341145634651184,4160,4159,1.9920867681503296,0.09242764860391617,1.2682290077209473,0.01692708395421505,1619.267994821,33032,1.581556797027588,36.83464813232422,0.9927821755409241,6389760,1,1746430537.6832657
28.296875,0.703125,4168,4167,1.9920867681503296,0.05108856409788132,1.40625,0.021484375,1622.309767319,33096,1.6301913261413574,36.83464813232422,0.9927821755409241,6402048,1,1746430540.72506
29.00130271911621,0.6595051884651184,4175,4174,1.9920867681503296,0.07881203293800354,1.3190103769302368,0.01953125,1624.96515145,33152,1.6185364723205566,36.83464813232422,0.9927821755409241,6412800,1,1746430543.380383
27.47265625,0.658203125,4185,4184,1.9920867681503296,0.06351212412118912,1.3388508558273315,0.021484375,1628.75714958,33232,1.6399587392807007,36.83464813232422,0.9927821755409241,6428160,1,1746430547.1724317
27.37369728088379,0.7005208134651184,4201,4200,1.9920867681503296,0.07122714817523956,1.4010416269302368,0.02213541604578495,1634.825995484,33360,1.6296550035476685,36.83464813232422,0.9927821755409241,6452736,1,1746430553.2412615
28.30143165588379,0.7096354365348816,4207,4206,1.9920867681503296,0.06432141363620758,1.4192708730697632,0.021484375,1637.101582608,33408,1.629132628440857,36.83464813232422,0.9927821755409241,6461952,1,1746430555.5168386
28.09505271911621,0.658203125,4213,4212,1.9920867681503296,0.07310299575328827,1.36086905002594,0.021484375,1639.376223804,33456,1.65041184425354,36.83464813232422,0.9927821755409241,6471168,1,1746430557.791516
27.28645896911621,0.68359375,4232,4231,1.996532678604126,0.05520652234554291,1.3886066675186157,0.02278645895421505,1646.669993687,33608,1.6427483558654785,36.84706115722656,0.9967320561408997,6500352,1,1746430565.0852723
27.05924415588379,0.6790364384651184,4237,4236,1.996532678604126,0.05963197350502014,1.3791013956069946,0.02278645895421505,1648.566281703,33648,1.6624755859375,36.84706115722656,0.9967320561408997,6508032,1,1746430566.9815621
28.275390625,0.7024739384651184,4245,4244,1.996532678604126,0.062163546681404114,1.4049478769302368,0.02278645895421505,1651.600447034,33712,1.6610444784164429,36.84706115722656,0.9967320561408997,6520320,1,1746430570.0157118
27.04296875,0.6927083134651184,4246,4245,1.996532678604126,0.05670721083879471,1.3854166269302368,0.0234375,1651.979514554,33720,1.6489492654800415,36.84706115722656,0.9967320561408997,6521856,1,1746430570.3947704
27.35807228088379,0.7115885615348816,4248,4247,1.996532678604126,0.06665720045566559,1.4231771230697632,0.02278645895421505,1652.737819926,33736,1.6362957954406738,36.84706115722656,0.9967320561408997,6524928,1,1746430571.1530821
27.509765625,0.6731770634651184,4334,4333,1.996532678604126,0.05892368033528328,1.3611197471618652,0.02018229104578495,1685.393842213,34424,1.630233883857727,36.84706115722656,0.9967320561408997,6657024,1,1746430603.8090973
27.45963478088379,0.67578125,4353,4352,1.996532678604126,0.06475649774074554,1.3732095956802368,0.02278645895421505,1692.605912332,34576,1.6534456014633179,36.84706115722656,0.9967320561408997,6686208,1,1746430611.0211527
27.27799415588379,0.6946614384651184,4368,4367,1.996532678604126,0.05909775570034981,1.3893228769302368,0.0234375,1698.29401102,34696,1.6307072639465332,36.84706115722656,0.9967320561408997,6709248,1,1746430616.709284
26.986328125,0.6725260615348816,4429,4428,1.996532678604126,0.1373508870601654,1.3701822757720947,0.021484375,1721.44258658,35184,1.6240215301513672,36.84706115722656,0.9967320561408997,6802944,1,1746430639.857854
26.654296875,0.677734375,4431,4430,1.996532678604126,0.058933936059474945,1.3787890672683716,0.0234375,1722.200709194,35200,1.6454298496246338,36.84706115722656,0.9967320561408997,6806016,1,1746430640.615992
27.20442771911621,0.708984375,4448,4447,1.996532678604126,0.0679900199174881,1.41796875,0.0234375,1728.648079856,35336,1.611008644104004,36.84706115722656,0.9967320561408997,6832128,1,1746430647.0633845
27.75130271911621,0.697265625,4470,4469,1.996532678604126,0.08204309642314911,1.39453125,0.02278645895421505,1736.991489365,35512,1.6523137092590332,36.84706115722656,0.9967320561408997,6865920,1,1746430655.4067566
28.70182228088379,0.587890625,4497,4496,1.996532678604126,0.09575405716896057,1.2227668762207031,0.01692708395421505,1747.23450003,35728,1.6194580793380737,36.84706115722656,0.9967320561408997,6907392,1,1746430665.64979
27.76497459411621,0.66015625,4499,4498,1.996532678604126,0.07971158623695374,1.3438801765441895,0.02213541604578495,1747.993293862,35744,1.6519402265548706,36.84706115722656,0.9967320561408997,6910464,1,1746430666.408585
28.001953125,0.65234375,4515,4514,1.996532678604126,0.06211211532354355,1.3475326299667358,0.021484375,1754.0606942,35872,1.6510109901428223,36.84706115722656,0.9967320561408997,6935040,1,1746430672.4759731
27.65299415588379,0.6438801884651184,4523,4522,1.996532678604126,0.05345165356993675,1.3098503351211548,0.021484375,1757.095141681,35936,1.6597228050231934,36.84706115722656,0.9967320561408997,6947328,1,1746430675.5103967
27.72200584411621,0.6946614384651184,4526,4525,1.996532678604126,0.05690286308526993,1.3893228769302368,0.02278645895421505,1758.233631117,35960,1.6698969602584839,36.84706115722656,0.9967320561408997,6951936,1,1746430676.6488886
26.95377540588379,0.7141926884651184,4535,4534,1.996532678604126,0.0683249682188034,1.4283853769302368,0.0234375,1761.647049083,36032,1.6422690153121948,36.84706115722656,0.9967320561408997,6965760,1,1746430680.0622706
27.98763084411621,0.68359375,4538,4537,1.996532678604126,0.06574544310569763,1.3671875,0.021484375,1762.784714263,36056,1.6604021787643433,36.84706115722656,0.9967320561408997,6970368,1,1746430681.1999924
27.57552146911621,0.6920573115348816,4539,4538,1.996532678604126,0.1459561586380005,1.4056965112686157,0.0234375,1763.163625035,36064,1.6558542251586914,36.84706115722656,0.9967320561408997,6971904,1,1746430681.578917
27.009765625,0.72265625,4581,4580,1.993444561958313,0.06757811456918716,1.4453125,0.0234375,1779.180793647,36400,1.6986433267593384,37.54616928100586,0.9941060543060303,7036416,1,1746430697.5960488
27.400390625,0.693359375,4602,4601,1.993444561958313,0.04785706102848053,1.38671875,0.02278645895421505,1787.147990408,36568,1.7140754461288452,37.54616928100586,0.9941060543060303,7068672,1,1746430705.563305
27.10611915588379,0.7057291865348816,4619,4618,1.993444561958313,0.04293981194496155,1.416995644569397,0.0234375,1793.602046355,36704,1.7127323150634766,37.54616928100586,0.9941060543060303,7094784,1,1746430712.017362
27.416015625,0.7083333134651184,4626,4625,1.993444561958313,0.04049769416451454,1.4166666269302368,0.02213541604578495,1796.256908264,36760,1.7024726867675781,37.54616928100586,0.9941060543060303,7105536,1,1746430714.6721835
27.42903709411621,0.681640625,4630,4629,1.993444561958313,0.05994366109371185,1.3709408044815063,0.02083333395421505,1797.774438851,36792,1.7193504571914673,37.54616928100586,0.9941060543060303,7111680,1,1746430716.1896677
27.49609375,0.685546875,4641,4640,1.993444561958313,0.055458761751651764,1.3934245109558105,0.02213541604578495,1801.947396765,36880,1.6922948360443115,37.54616928100586,0.9941060543060303,7128576,1,1746430720.3626673
27.97591209411621,0.681640625,4642,4641,1.993444561958313,0.04031024128198624,1.3788280487060547,0.021484375,1802.326638721,36888,1.6899819374084473,37.54616928100586,0.9941060543060303,7130112,1,1746430720.7419274
28.32161521911621,0.662109375,4656,4655,1.993444561958313,0.041274480521678925,1.3428548574447632,0.02213541604578495,1807.634825355,37000,1.707398533821106,37.54616928100586,0.9941060543060303,7151616,1,1746430726.0500991
27.119140625,0.7096354365348816,4674,4673,1.993444561958313,0.051957495510578156,1.4192708730697632,0.0234375,1814.47327475,37144,1.6761953830718994,37.54616928100586,0.9941060543060303,7179264,1,1746430732.8885682
27.47525978088379,0.6875,4678,4677,1.993444561958313,0.061280474066734314,1.375,0.02213541604578495,1815.990475902,37176,1.6985853910446167,37.54616928100586,0.9941060543060303,7185408,1,1746430734.4057307
27.33658790588379,0.6946614384651184,4684,4683,1.993444561958313,0.05489695817232132,1.3893228769302368,0.02278645895421505,1818.267344682,37224,1.7048099040985107,37.54616928100586,0.9941060543060303,7194624,1,1746430736.682624
26.55533790588379,0.7005208134651184,4733,4732,1.993444561958313,0.06507758796215057,1.4010416269302368,0.02278645895421505,1836.856629148,37616,1.7351104021072388,37.54616928100586,0.9941060543060303,7269888,1,1746430755.271919
27.45703125,0.689453125,4743,4742,1.993444561958313,0.055173881351947784,1.3975683450698853,0.0234375,1840.649869142,37696,1.7285960912704468,37.54616928100586,0.9941060543060303,7285248,1,1746430759.0651624
28.11783790588379,0.7037760615348816,4759,4758,1.993444561958313,0.03891363739967346,1.4138150215148926,0.02278645895421505,1846.740692923,37824,1.760207176208496,37.54616928100586,0.9941060543060303,7309824,1,1746430765.1558897
27.44400978088379,0.65625,4767,4766,1.993444561958313,0.05582498013973236,1.3520246744155884,0.02213541604578495,1849.774160735,37888,1.748771071434021,37.54616928100586,0.9941060543060303,7322112,1,1746430768.1894305
27.06380271911621,0.7005208134651184,4769,4768,1.993444561958313,0.060397785156965256,1.4010416269302368,0.0234375,1850.536510786,37904,1.7486233711242676,37.54616928100586,0.9941060543060303,7325184,1,1746430768.9517798
26.96484375,0.7194010615348816,4780,4779,1.993444561958313,0.06725020706653595,1.4388021230697632,0.0234375,1854.710492622,37992,1.7494738101959229,37.54616928100586,0.9941060543060303,7342080,1,1746430773.1257923
27.54361915588379,0.658203125,4807,4806,1.993444561958313,0.06603412330150604,1.3403743505477905,0.021484375,1864.953732247,38208,1.7633476257324219,37.54616928100586,0.9941060543060303,7383552,1,1746430783.3690155
27.32161521911621,0.693359375,4822,4821,1.993444561958313,0.0518374890089035,1.38671875,0.02213541604578495,1870.651542288,38328,1.754602313041687,37.54616928100586,0.9941060543060303,7406592,1,1746430789.0668008
28.31380271911621,0.693359375,4825,4824,1.993444561958313,0.05294907093048096,1.39376962184906,0.02083333395421505,1871.791160591,38352,1.7587215900421143,37.54616928100586,0.9941060543060303,7411200,1,1746430790.2063994
26.60546875,0.7109375,4848,4847,1.993444561958313,0.06758687645196915,1.421875,0.0234375,1880.518519392,38536,1.7598731517791748,37.54616928100586,0.9941060543060303,7446528,1,1746430798.9337883
27.388671875,0.6842448115348816,4855,4854,1.993444561958313,0.04471175745129585,1.3756771087646484,0.021484375,1883.172331493,38592,1.794198751449585,37.54616928100586,0.9941060543060303,7457280,1,1746430801.5876017
28.095703125,0.6321614384651184,4856,4855,1.993444561958313,0.04647781699895859,1.319374918937683,0.021484375,1883.553303099,38600,1.8098676204681396,37.54616928100586,0.9941060543060303,7458816,1,1746430801.96856
28.283203125,0.6875,4901,4900,1.997212529182434,0.0352645181119442,1.375,0.02213541604578495,1900.710515469,38960,1.8092864751815796,36.191505432128906,0.9973856210708618,7527936,1,1746430819.125789
27.36458396911621,0.6796875,4922,4921,1.997212529182434,0.03482075780630112,1.3807942867279053,0.02278645895421505,1908.676587908,39128,1.809415340423584,36.191505432128906,0.9973856210708618,7560192,1,1746430827.0918627
26.814453125,0.7213541865348816,4929,4928,1.997212529182434,0.037437520921230316,1.4427083730697632,0.0234375,1911.335666715,39184,1.7984795570373535,36.191505432128906,0.9973856210708618,7570944,1,1746430829.750917
26.783203125,0.7102864384651184,4938,4937,1.997212529182434,0.0417688749730587,1.4205728769302368,0.02213541604578495,1914.751246913,39256,1.798812747001648,36.191505432128906,0.9973856210708618,7584768,1,1746430833.1665418
27.53580665588379,0.7018229365348816,4947,4946,1.997212529182434,0.0920783206820488,1.4196875095367432,0.02278645895421505,1918.166081983,39328,1.80869722366333,36.191505432128906,0.9973856210708618,7598592,1,1746430836.5813417
26.55078125,0.716796875,4950,4949,1.997212529182434,0.043404337018728256,1.43359375,0.0234375,1919.303186987,39352,1.8059414625167847,36.191505432128906,0.9973856210708618,7603200,1,1746430837.7184725
27.16275978088379,0.701171875,4963,4962,1.997212529182434,0.06266099214553833,1.42082679271698,0.02278645895421505,1924.236951879,39456,1.7903693914413452,36.191505432128906,0.9973856210708618,7623168,1,1746430842.6522117
26.53059959411621,0.7252604365348816,4977,4976,1.997212529182434,0.05095762014389038,1.4505208730697632,0.0234375,1929.545300521,39568,1.7870419025421143,36.191505432128906,0.9973856210708618,7644672,1,1746430847.960567
26.95052146911621,0.6796875,4978,4977,1.997212529182434,0.055357858538627625,1.380898356437683,0.02278645895421505,1929.924617021,39576,1.7972412109375,36.191505432128906,0.9973856210708618,7646208,1,1746430848.3398714
26.8125,0.7259114384651184,4981,4980,1.997212529182434,0.054599519819021225,1.4518228769302368,0.0234375,1931.063552242,39600,1.7910237312316895,36.191505432128906,0.9973856210708618,7650816,1,1746430849.478794
27.59765625,0.7102864384651184,4995,4994,1.997212529182434,0.051087766885757446,1.4205728769302368,0.0234375,1936.376859119,39712,1.7796225547790527,36.191505432128906,0.9973856210708618,7672320,1,1746430854.7921302
27.45572853088379,0.6692708134651184,5006,5005,1.997212529182434,0.04702311009168625,1.3771451711654663,0.021484375,1940.548928948,39800,1.8084394931793213,36.191505432128906,0.9973856210708618,7689216,1,1746430858.9642146
26.45572853088379,0.6985676884651184,5073,5072,1.997212529182434,0.04787067696452141,1.3971353769302368,0.02278645895421505,1965.965639728,40336,1.784834623336792,36.191505432128906,0.9973856210708618,7792128,1,1746430884.380893
27.13997459411621,0.6653645634651184,5075,5074,1.997212529182434,0.04089871793985367,1.3527474403381348,0.02278645895421505,1966.723845821,40352,1.8043231964111328,36.191505432128906,0.9973856210708618,7795200,1,1746430885.1391225
27.02994728088379,0.7259114384651184,5076,5075,1.997212529182434,0.046368781477212906,1.4518228769302368,0.0234375,1967.103031844,40360,1.7823060750961304,36.191505432128906,0.9973856210708618,7796736,1,1746430885.5183308
26.650390625,0.7154948115348816,5077,5076,1.997212529182434,0.05154472216963768,1.4309896230697632,0.02213541604578495,1967.48210253,40368,1.7950420379638672,36.191505432128906,0.9973856210708618,7798272,1,1746430885.8974073
26.57291603088379,0.712890625,5093,5092,1.997212529182434,0.04784420132637024,1.42578125,0.02278645895421505,1973.554042216,40496,1.794556736946106,36.191505432128906,0.9973856210708618,7822848,1,1746430891.969298
26.916015625,0.7102864384651184,5100,5099,1.997212529182434,0.045651569962501526,1.4205728769302368,0.021484375,1976.207792523,40552,1.7875480651855469,36.191505432128906,0.9973856210708618,7833600,1,1746430894.6230595
26.74869728088379,0.6959635615348816,5119,5118,1.997212529182434,0.04529138281941414,1.3919271230697632,0.021484375,1983.417698039,40704,1.7810901403427124,36.191505432128906,0.9973856210708618,7862784,1,1746430901.8329768
28.03971290588379,0.6458333134651184,5122,5121,1.997212529182434,0.04220431298017502,1.331861972808838,0.02213541604578495,1984.555132118,40728,1.7823175191879272,36.191505432128906,0.9973856210708618,7867392,1,1746430902.9703918
26.54817771911621,0.7076823115348816,5125,5124,1.997212529182434,0.07458101212978363,1.4153646230697632,0.0234375,1985.693384863,40752,1.7751522064208984,36.191505432128906,0.9973856210708618,7872000,1,1746430904.1086674
27.63736915588379,0.6490885615348816,5126,5125,1.997212529182434,0.04684998840093613,1.3416341543197632,0.02083333395421505,1986.072794216,40760,1.7840631008148193,36.191505432128906,0.9973856210708618,7873536,1,1746430904.4880512
27.71940040588379,0.69140625,5137,5136,1.997212529182434,0.048756979405879974,1.403775930404663,0.02278645895421505,1990.242883351,40848,1.7731162309646606,36.191505432128906,0.9973856210708618,7890432,1,1746430908.6581523
26.935546875,0.6985676884651184,5140,5139,1.997212529182434,0.042280059307813644,1.4190104007720947,0.0234375,1991.381390056,40872,1.7756290435791016,36.191505432128906,0.9973856210708618,7895040,1,1746430909.7966495
26.36002540588379,0.7122395634651184,5166,5165,1.997212529182434,0.05364350974559784,1.4286490678787231,0.02278645895421505,2001.248344318,41080,1.7872246503829956,36.191505432128906,0.9973856210708618,7934976,1,1746430919.6636162
26.61067771911621,0.7122395634651184,5181,5180,1.997212529182434,0.04150396212935448,1.4244791269302368,0.02213541604578495,2006.939702023,41200,1.8017473220825195,36.191505432128906,0.9973856210708618,7958016,1,1746430925.3548052
26.91471290588379,0.7233073115348816,5186,5185,1.997212529182434,0.047585271298885345,1.4466146230697632,0.02278645895421505,2008.858048707,41240,1.8234877586364746,36.191505432128906,0.9973856210708618,7965696,1,1746430927.2733562
28.88411521911621,0.6334635615348816,5200,5199,1.9948012828826904,0.09016750752925873,1.2904133796691895,0.01953125,2014.254792492,41352,1.813554048538208,37.060970306396484,0.9953612089157104,7987200,1,1746430932.6700802
27.9296875,0.6848958134651184,5204,5203,1.9948012828826904,0.039727043360471725,1.3869727849960327,0.02278645895421505,2015.771266567,41384,1.7986202239990234,37.060970306396484,0.9953612089157104,7993344,1,1746430934.186567
27.12174415588379,0.6712239384651184,5206,5205,1.9948012828826904,0.044645752757787704,1.3645378351211548,0.02278645895421505,2016.529569909,41400,1.8045574426651,37.060970306396484,0.9953612089157104,7996416,1,1746430934.9447792
28.197265625,0.6920573115348816,5217,5216,1.9948012828826904,0.04695023223757744,1.3978254795074463,0.021484375,2020.708447453,41488,1.7978955507278442,37.060970306396484,0.9953612089157104,8013312,1,1746430939.1236923
26.337890625,0.7311198115348816,5246,5245,1.9948012828826904,0.057840753346681595,1.4622396230697632,0.0234375,2031.71309345,41720,1.7815792560577393,37.060970306396484,0.9953612089157104,8057856,1,1746430950.128321
27.306640625,0.69140625,5254,5253,1.9948012828826904,0.056093979626894,1.4021483659744263,0.02278645895421505,2034.745824069,41784,1.79981529712677,37.060970306396484,0.9953612089157104,8070144,1,1746430953.1610944
26.96419334411621,0.70703125,5266,5265,1.9948012828826904,0.08433912694454193,1.4140625,0.0234375,2039.296996278,41880,1.8163561820983887,37.060970306396484,0.9953612089157104,8088576,1,1746430957.712268
25.78645896911621,0.7057291865348816,5268,5267,1.9948012828826904,0.07547944784164429,1.4114583730697632,0.0234375,2040.055045143,41896,1.8314244747161865,37.060970306396484,0.9953612089157104,8091648,1,1746430958.4703245
26.32682228088379,0.693359375,5282,5281,1.9948012828826904,0.035163264721632004,1.4079948663711548,0.0234375,2045.368324851,42008,1.839601993560791,37.060970306396484,0.9953612089157104,8113152,1,1746430963.783593
27.330078125,0.7317708134651184,5300,5299,1.9948012828826904,0.04558783769607544,1.4635416269302368,0.02278645895421505,2052.198279581,42152,1.819960594177246,37.060970306396484,0.9953612089157104,8140800,1,1746430970.613557
26.75390625,0.7194010615348816,5315,5314,1.9948012828826904,0.0401892252266407,1.4388021230697632,0.0234375,2057.886134547,42272,1.8484954833984375,37.060970306396484,0.9953612089157104,8163840,1,1746430976.3013864
26.54427146911621,0.7259114384651184,5328,5327,1.9948012828826904,0.09862636029720306,1.458854079246521,0.02278645895421505,2062.815268703,42376,1.866100549697876,37.060970306396484,0.9953612089157104,8183808,1,1746430981.2305536
28.49088478088379,0.6920573115348816,5363,5362,1.9948012828826904,0.050363022834062576,1.3963508605957031,0.02213541604578495,2076.093507354,42656,1.8562326431274414,37.060970306396484,0.9953612089157104,8237568,1,1746430994.5087752
26.88606834411621,0.720703125,5364,5363,1.9948012828826904,0.06654013693332672,1.44140625,0.0234375,2076.472561741,42664,1.844573974609375,37.060970306396484,0.9953612089157104,8239104,1,1746430994.8878264
28.03841209411621,0.6595051884651184,5370,5369,1.9948012828826904,0.04884381592273712,1.367962121963501,0.021484375,2078.747790508,42712,1.8680522441864014,37.060970306396484,0.9953612089157104,8248320,1,1746430997.1630633
27.16861915588379,0.7141926884651184,5372,5371,1.9948012828826904,0.0606260821223259,1.4283853769302368,0.0234375,2079.505990925,42728,1.860018014907837,37.060970306396484,0.9953612089157104,8251392,1,1746430997.921279
26.65169334411621,0.7298176884651184,5393,5392,1.9948012828826904,0.05100495368242264,1.4596353769302368,0.02278645895421505,2087.473646541,42896,1.861376166343689,37.060970306396484,0.9953612089157104,8283648,1,1746431005.888951
26.55403709411621,0.716796875,5406,5405,1.9948012828826904,0.02967992052435875,1.43359375,0.0234375,2092.403135417,43000,1.8462504148483276,37.060970306396484,0.9953612089157104,8303616,1,1746431010.8184123
28.05208396911621,0.7259114384651184,5446,5445,1.9948012828826904,0.06189383938908577,1.4518228769302368,0.021484375,2107.585155896,43320,1.8096141815185547,37.060970306396484,0.9953612089157104,8365056,1,1746431026.0004296
26.67838478088379,0.705078125,5451,5450,1.9948012828826904,0.046779830008745193,1.4321810007095337,0.0234375,2109.480287486,43360,1.8135199546813965,37.060970306396484,0.9953612089157104,8372736,1,1746431027.8955905
25.74739646911621,0.66015625,5463,5462,1.9948012828826904,0.04643901437520981,1.3382682800292969,0.02213541604578495,2114.037037503,43456,1.8088465929031372,37.060970306396484,0.9953612089157104,8391168,1,1746431032.4523203
26.89388084411621,0.6692708134651184,5464,5463,1.9948012828826904,0.03632069379091263,1.3840527534484863,0.0234375,2114.416158315,43464,1.8376870155334473,37.060970306396484,0.9953612089157104,8392704,1,1746431032.8314483
26.39974021911621,0.724609375,5470,5469,1.9948012828826904,0.039456091821193695,1.44921875,0.0234375,2116.690926371,43512,1.8532098531723022,37.060970306396484,0.9953612089157104,8401920,1,1746431035.1062186
26.43880271911621,0.7298176884651184,5476,5475,1.9948012828826904,0.04502711445093155,1.4596353769302368,0.0234375,2118.966989573,43560,1.837551236152649,37.060970306396484,0.9953612089157104,8411136,1,1746431037.3822522
26.48763084411621,0.7135416865348816,5477,5476,1.9948012828826904,0.060060981661081314,1.4270833730697632,0.0234375,2119.346289373,43568,1.8156170845031738,37.060970306396484,0.9953612089157104,8412672,1,1746431037.761548
26.87369728088379,0.689453125,5480,5479,1.9948012828826904,0.051253050565719604,1.398938775062561,0.0234375,2120.489186264,43592,1.8431379795074463,37.060970306396484,0.9953612089157104,8417280,1,1746431038.904454
26.32161521911621,0.7194010615348816,5501,5500,1.9948012828826904,0.06523321568965912,1.4388021230697632,0.0234375,2128.456288455,43760,1.8431681394577026,37.060970306396484,0.9953612089157104,8449536,1,1746431046.8715384
26.61588478088379,0.7239583134651184,5525,5524,1.998611330986023,0.03879724070429802,1.4479166269302368,0.0234375,2137.641635858,43952,1.8433852195739746,35.41199493408203,0.9986962080001831,8486400,1,1746431056.056899
26.36197853088379,0.724609375,5539,5538,1.998611330986023,0.0434422567486763,1.44921875,0.0234375,2142.950990153,44064,1.8494004011154175,35.41199493408203,0.9986962080001831,8507904,1,1746431061.3662956
26.546875,0.7194010615348816,5549,5548,1.998611330986023,0.04890628159046173,1.4388021230697632,0.0234375,2146.748487355,44144,1.8662378787994385,35.41199493408203,0.9986962080001831,8523264,1,1746431065.163724
26.95703125,0.71875,5593,5592,1.998611330986023,0.029132980853319168,1.4375,0.02278645895421505,2163.443454354,44496,1.9068654775619507,35.41199493408203,0.9986962080001831,8590848,1,1746431081.8587315
26.31640625,0.71875,5599,5598,1.998611330986023,0.031226079910993576,1.4375,0.0234375,2165.718066986,44544,1.9043704271316528,35.41199493408203,0.9986962080001831,8600064,1,1746431084.1333225
26.810546875,0.7220051884651184,5602,5601,1.998611330986023,0.02854001894593239,1.4440103769302368,0.0234375,2166.856658044,44568,1.8988772630691528,35.41199493408203,0.9986962080001831,8604672,1,1746431085.2719066
26.78385353088379,0.7200520634651184,5638,5637,1.998611330986023,0.019598782062530518,1.4401041269302368,0.0234375,2180.537969492,44856,1.925968885421753,35.41199493408203,0.9986962080001831,8659968,1,1746431098.953259
27.07877540588379,0.7311198115348816,5684,5683,1.998611330986023,0.02979026548564434,1.4622396230697632,0.0234375,2197.988962792,45224,1.9168511629104614,35.41199493408203,0.9986962080001831,8730624,1,1746431116.4042516
27.00911521911621,0.7356770634651184,5686,5685,1.998611330986023,0.028301171958446503,1.4713541269302368,0.0234375,2198.747301637,45240,1.906822681427002,35.41199493408203,0.9986962080001831,8733696,1,1746431117.1625767
26.62109375,0.705078125,5690,5689,1.998611330986023,0.029792310670018196,1.4312955141067505,0.0234375,2200.264364094,45272,1.9206697940826416,35.41199493408203,0.9986962080001831,8739840,1,1746431118.679556
26.232421875,0.7194010615348816,5700,5699,1.998611330986023,0.027806326746940613,1.4388021230697632,0.0234375,2204.056317378,45352,1.9129009246826172,35.41199493408203,0.9986962080001831,8755200,1,1746431122.4715915
27.033203125,0.71875,5729,5728,1.998611330986023,0.04716191813349724,1.4375,0.0234375,2215.064014938,45584,1.9226057529449463,35.41199493408203,0.9986962080001831,8799744,1,1746431133.479322
27.01888084411621,0.6822916865348816,5733,5732,1.998611330986023,0.032317470759153366,1.39568030834198,0.02278645895421505,2216.583907309,45616,1.9211716651916504,35.41199493408203,0.9986962080001831,8805888,1,1746431134.9992037
27.1640625,0.716796875,5735,5734,1.998611330986023,0.035501204431056976,1.43359375,0.02278645895421505,2217.342443487,45632,1.9119480848312378,35.41199493408203,0.9986962080001831,8808960,1,1746431135.757666
26.841796875,0.7161458134651184,5738,5737,1.998611330986023,0.03363446891307831,1.4322916269302368,0.0234375,2218.480332814,45656,1.9407100677490234,35.41199493408203,0.9986962080001831,8813568,1,1746431136.895573
26.974609375,0.7278645634651184,5751,5750,1.998611330986023,0.04062969237565994,1.4557291269302368,0.0234375,2223.415862797,45760,1.9158731698989868,35.41199493408203,0.9986962080001831,8833536,1,1746431141.8311427
26.482421875,0.7239583134651184,5755,5754,1.998611330986023,0.0511859655380249,1.4479166269302368,0.02278645895421505,2224.932069057,45792,1.9234061241149902,35.41199493408203,0.9986962080001831,8839680,1,1746431143.3473306
26.33203125,0.7337239384651184,5760,5759,1.998611330986023,0.025739729404449463,1.4674478769302368,0.02278645895421505,2226.828491686,45832,1.941347360610962,35.41199493408203,0.9986962080001831,8847360,1,1746431145.2437243
26.04752540588379,0.693359375,5803,5802,1.998611330986023,0.022968027740716934,1.38671875,0.02278645895421505,2243.142855719,46176,1.9635385274887085,35.41199493408203,0.9986962080001831,8913408,1,1746431161.5581415
27.720703125,0.658203125,5810,5809,1.998611330986023,0.030341049656271935,1.34189772605896,0.02278645895421505,2245.796526293,46232,1.949397087097168,35.41199493408203,0.9986962080001831,8924160,1,1746431164.2117782
27.28775978088379,0.6705729365348816,5813,5812,1.998611330986023,0.031668614596128464,1.3625651597976685,0.02278645895421505,2246.934527402,46256,1.9740103483200073,35.41199493408203,0.9986962080001831,8928768,1,1746431165.349735
26.64778709411621,0.7194010615348816,5815,5814,1.998611330986023,0.028759589418768883,1.4388021230697632,0.0234375,2247.693121178,46272,1.9701433181762695,35.41199493408203,0.9986962080001831,8931840,1,1746431166.1084113
26.94856834411621,0.7174479365348816,5850,5849,1.9928958415985107,0.03557323291897774,1.4416635036468506,0.0234375,2261.065981523,46552,1.9802944660186768,36.63939666748047,0.9934555292129517,8985600,1,1746431179.4812565
26.74088478088379,0.7259114384651184,5864,5863,1.9928958415985107,0.03392808511853218,1.4534831047058105,0.0234375,2266.376437153,46664,1.9771814346313477,36.63939666748047,0.9934555292129517,9007104,1,1746431184.791673
26.82291603088379,0.7109375,5891,5890,1.9928958415985107,0.03751659393310547,1.421875,0.0234375,2276.61735756,46880,1.9806792736053467,36.63939666748047,0.9934555292129517,9048576,1,1746431195.0326252
27.01953125,0.7076823115348816,5917,5916,1.9928958415985107,0.035376109182834625,1.4153646230697632,0.02278645895421505,2286.485234264,47088,1.9584871530532837,36.63939666748047,0.9934555292129517,9088512,1,1746431204.9005148
26.95768165588379,0.7122395634651184,5935,5934,1.9928958415985107,0.05289854109287262,1.4244791269302368,0.0234375,2293.311007376,47232,1.9339805841445923,36.63939666748047,0.9934555292129517,9116160,1,1746431211.7263045
26.560546875,0.7220051884651184,5940,5939,1.9928958415985107,0.02892250195145607,1.4440103769302368,0.0234375,2295.209414734,47272,1.9611809253692627,36.63939666748047,0.9934555292129517,9123840,1,1746431213.6246028
26.13606834411621,0.7259114384651184,5960,5959,1.9928958415985107,0.03834927827119827,1.4518228769302368,0.0234375,2302.808947588,47432,1.9326063394546509,36.63939666748047,0.9934555292129517,9154560,1,1746431221.2242198
26.44010353088379,0.72265625,5968,5967,1.9928958415985107,0.020375274121761322,1.4453125,0.0234375,2305.845995378,47496,1.9720065593719482,36.63939666748047,0.9934555292129517,9166848,1,1746431224.2612805
26.35416603088379,0.7213541865348816,5992,5991,1.9928958415985107,0.04200133681297302,1.4427083730697632,0.0234375,2314.953363967,47688,1.9656579494476318,36.63939666748047,0.9934555292129517,9203712,1,1746431233.3686512
26.78841209411621,0.7005208134651184,5997,5996,1.9928958415985107,0.04153487831354141,1.419156789779663,0.02278645895421505,2316.849191619,47728,1.9589225053787231,36.63939666748047,0.9934555292129517,9211392,1,1746431235.2644484
26.85091209411621,0.65625,6001,6000,1.9928958415985107,0.03983878716826439,1.35378897190094,0.02278645895421505,2318.366604576,47760,1.9600751399993896,36.63939666748047,0.9934555292129517,9217536,1,1746431236.7818646
27.19140625,0.724609375,6008,6007,1.9928958415985107,0.041952114552259445,1.44921875,0.02278645895421505,2321.022020773,47816,1.9570661783218384,36.63939666748047,0.9934555292129517,9228288,1,1746431239.4373019
25.64583396911621,0.708984375,6016,6015,1.9928958415985107,0.033859994262456894,1.41796875,0.0234375,2324.05552527,47880,1.954359769821167,36.63939666748047,0.9934555292129517,9240576,1,1746431242.4708025
26.033203125,0.6946614384651184,6030,6029,1.9928958415985107,0.026555880904197693,1.4100195169448853,0.0234375,2329.367910747,47992,1.9782923460006714,36.63939666748047,0.9934555292129517,9262080,1,1746431247.783179
28.404296875,0.6803385615348816,6047,6046,1.9928958415985107,0.08209201693534851,1.3817317485809326,0.021484375,2335.81394424,48128,1.9359931945800781,36.63939666748047,0.9934555292129517,9288192,1,1746431254.2292392
26.64713478088379,0.7057291865348816,6049,6048,1.9928958415985107,0.023588160052895546,1.4299414157867432,0.0234375,2336.571863701,48144,1.9714045524597168,36.63939666748047,0.9934555292129517,9291264,1,1746431254.9871511
26.916015625,0.72265625,6066,6065,1.9928958415985107,0.034389130771160126,1.4453125,0.02278645895421505,2343.045345857,48280,1.9526710510253906,36.63939666748047,0.9934555292129517,9317376,1,1746431261.4606235
27.33984375,0.716796875,6075,6074,1.9928958415985107,0.02866765670478344,1.43359375,0.02278645895421505,2346.458817883,48352,1.9688830375671387,36.63939666748047,0.9934555292129517,9331200,1,1746431264.8741002
27.05078125,0.720703125,6080,6079,1.9928958415985107,0.03739175572991371,1.44140625,0.02278645895421505,2348.354478651,48392,1.977341651916504,36.63939666748047,0.9934555292129517,9338880,1,1746431266.7697608
26.24153709411621,0.7115885615348816,6099,6098,1.9928958415985107,0.046895816922187805,1.4231771230697632,0.0234375,2355.56075334,48544,1.9592909812927246,36.63939666748047,0.9934555292129517,9368064,1,1746431273.9760337
28.396484375,0.6875,6122,6121,1.9928958415985107,0.05420653149485588,1.375,0.02213541604578495,2364.293011774,48728,1.987354040145874,36.63939666748047,0.9934555292129517,9403392,1,1746431282.7082784
26.75,0.6809895634651184,6134,6133,1.9928958415985107,0.03617265820503235,1.381119728088379,0.02278645895421505,2368.843788882,48824,1.981073021888733,36.63939666748047,0.9934555292129517,9421824,1,1746431287.259076
26.65494728088379,0.689453125,6144,6143,1.9928958415985107,0.033397428691387177,1.4002245664596558,0.02278645895421505,2372.641844627,48904,1.9895944595336914,36.63939666748047,0.9934555292129517,9437184,1,1746431291.0570803
26.80924415588379,0.7154948115348816,6168,6167,1.9928958415985107,0.030102167278528214,1.4309896230697632,0.0234375,2381.747660092,49096,1.9860833883285522,36.63939666748047,0.9934555292129517,9474048,1,1746431300.162952
26.638671875,0.7083333134651184,6182,6181,1.9970753192901611,0.026739273220300674,1.4166666269302368,0.0234375,2387.14472644,49208,1.9587398767471313,36.009151458740234,0.9973856210708618,9495552,1,1746431305.5600061
26.658203125,0.7180989384651184,6183,6182,1.9970753192901611,0.03257225826382637,1.4361978769302368,0.0234375,2387.523891002,49216,1.961881160736084,36.009151458740234,0.9973856210708618,9497088,1,1746431305.939179
26.984375,0.724609375,6184,6183,1.9970753192901611,0.033193185925483704,1.44921875,0.0234375,2387.90305288,49224,1.9729268550872803,36.009151458740234,0.9973856210708618,9498624,1,1746431306.3183591
26.63802146911621,0.7213541865348816,6207,6206,1.9970753192901611,0.03272285312414169,1.4427083730697632,0.0234375,2396.636562457,49408,1.9416309595108032,36.009151458740234,0.9973856210708618,9533952,1,1746431315.0518043
26.69400978088379,0.7265625,6228,6227,1.9970753192901611,0.025372693315148354,1.453125,0.0234375,2404.608534678,49576,1.9483606815338135,36.009151458740234,0.9973856210708618,9566208,1,1746431323.0237837
26.30599021911621,0.69921875,6234,6233,1.9970753192901611,0.028302226215600967,1.4182487726211548,0.0234375,2406.885007521,49624,1.9515055418014526,36.009151458740234,0.9973856210708618,9575424,1,1746431325.3002918
26.27604103088379,0.7102864384651184,6242,6241,1.9970753192901611,0.02561366930603981,1.4388540983200073,0.02278645895421505,2409.918406438,49688,1.9681532382965088,36.009151458740234,0.9973856210708618,9587712,1,1746431328.3336735
26.59049415588379,0.7272135615348816,6245,6244,1.9970753192901611,0.021442823112010956,1.4544271230697632,0.0234375,2411.060171815,49712,1.9842562675476074,36.009151458740234,0.9973856210708618,9592320,1,1746431329.4754329
25.84895896911621,0.7200520634651184,6246,6245,1.9970753192901611,0.020113296806812286,1.4401041269302368,0.0234375,2411.439244013,49720,1.9837357997894287,36.009151458740234,0.9973856210708618,9593856,1,1746431329.8545384
26.130859375,0.72265625,6250,6249,1.9970753192901611,0.05997449904680252,1.4453125,0.0234375,2412.957150291,49752,1.9798756837844849,36.009151458740234,0.9973856210708618,9600000,1,1746431331.3724093
26.27474021911621,0.7213541865348816,6252,6251,1.9970753192901611,0.026186902076005936,1.450960397720337,0.02278645895421505,2413.715366744,49768,1.9846668243408203,36.009151458740234,0.9973856210708618,9603072,1,1746431332.130648
26.818359375,0.73046875,6272,6271,1.9970753192901611,0.05242007225751877,1.4609375,0.0234375,2421.299427983,49928,1.9911564588546753,36.009151458740234,0.9973856210708618,9633792,1,1746431339.7147207
27.970703125,0.7044270634651184,6316,6315,1.9970753192901611,0.028268784284591675,1.4088541269302368,0.02213541604578495,2437.992610385,50280,1.9984911680221558,36.009151458740234,0.9973856210708618,9701376,1,1746431356.4078863
26.56900978088379,0.6959635615348816,6320,6319,1.9970753192901611,0.03860452026128769,1.4110676050186157,0.0234375,2439.51015779,50312,1.992266058921814,36.009151458740234,0.9973856210708618,9707520,1,1746431357.9254415
27.07291603088379,0.72265625,6322,6321,1.9970753192901611,0.03290712833404541,1.4453125,0.0234375,2440.268455624,50328,1.9995912313461304,36.009151458740234,0.9973856210708618,9710592,1,1746431358.683728
26.81770896911621,0.732421875,6338,6337,1.9970753192901611,0.044646669179201126,1.46484375,0.0234375,2446.340050882,50456,1.981604814529419,36.009151458740234,0.9973856210708618,9735168,1,1746431364.755334
26.53775978088379,0.71484375,6349,6348,1.9970753192901611,0.02354830875992775,1.4296875,0.02278645895421505,2450.510334307,50544,2.004138946533203,36.009151458740234,0.9973856210708618,9752064,1,1746431368.9256003
27.888671875,0.7135416865348816,6353,6352,1.9970753192901611,0.03097074292600155,1.4270833730697632,0.02278645895421505,2452.029536029,50576,1.9713332653045654,36.009151458740234,0.9973856210708618,9758208,1,1746431370.4448135
27.36653709411621,0.7141926884651184,6356,6355,1.9970753192901611,0.03356611356139183,1.4283853769302368,0.0234375,2453.166917756,50600,1.9829542636871338,36.009151458740234,0.9973856210708618,9762816,1,1746431371.5822194
26.72265625,0.716796875,6373,6372,1.9970753192901611,0.02451644465327263,1.43359375,0.0234375,2459.616367162,50736,2.002305507659912,36.009151458740234,0.9973856210708618,9788928,1,1746431378.031628
26.84114646911621,0.7122395634651184,6374,6373,1.9970753192901611,0.033827897161245346,1.4334570169448853,0.02278645895421505,2459.995552289,50744,1.992247223854065,36.009151458740234,0.9973856210708618,9790464,1,1746431378.4108014
26.7578125,0.7252604365348816,6381,6380,1.9970753192901611,0.02687622606754303,1.4505208730697632,0.0234375,2462.657483691,50800,1.995164155960083,36.009151458740234,0.9973856210708618,9801216,1,1746431381.072775
26.75065040588379,0.7063801884651184,6390,6389,1.9970753192901611,0.03774886578321457,1.4363281726837158,0.0234375,2466.070926092,50872,1.9950755834579468,36.009151458740234,0.9973856210708618,9815040,1,1746431384.4862165
26.2578125,0.67578125,6399,6398,1.9970753192901611,0.03280291706323624,1.3690266609191895,0.02278645895421505,2469.483459126,50944,2.0044071674346924,36.009151458740234,0.9973856210708618,9828864,1,1746431387.898742
26.16927146911621,0.697265625,6404,6403,1.9970753192901611,0.026675067842006683,1.4236164093017578,0.0234375,2471.37954767,50984,1.9926283359527588,36.009151458740234,0.9973856210708618,9836544,1,1746431389.794801
26.19791603088379,0.72265625,6410,6409,1.9970753192901611,0.026396814733743668,1.4453125,0.0234375,2473.655012342,51032,1.99539053440094,36.009151458740234,0.9973856210708618,9845760,1,1746431392.070311
26.46809959411621,0.716796875,6411,6410,1.9970753192901611,0.026723366230726242,1.4393067359924316,0.0234375,2474.034091459,51040,1.9922597408294678,36.009151458740234,0.9973856210708618,9847296,1,1746431392.4493854
26.54296875,0.7356770634651184,6416,6415,1.9970753192901611,0.04344761371612549,1.4713541269302368,0.0234375,2475.930977439,51080,1.9897090196609497,36.009151458740234,0.9973856210708618,9854976,1,1746431394.3462574
26.3984375,0.7389323115348816,6423,6422,1.9970753192901611,0.029281998053193092,1.4778646230697632,0.0234375,2478.58582995,51136,1.9763333797454834,36.009151458740234,0.9973856210708618,9865728,1,1746431397.0010905
26.4921875,0.69921875,6448,6447,1.9970753192901611,0.028326209634542465,1.4184894561767578,0.0234375,2488.075300912,51336,1.989058017730713,36.009151458740234,0.9973856210708618,9904128,1,1746431406.4905863
26.20963478088379,0.7311198115348816,6449,6448,1.9970753192901611,0.027729129418730736,1.4622396230697632,0.0234375,2488.454418181,51344,1.970014214515686,36.009151458740234,0.9973856210708618,9905664,1,1746431406.86967
26.55208396911621,0.7272135615348816,6457,6456,1.9970753192901611,0.02663685753941536,1.4544271230697632,0.0234375,2491.489282892,51408,1.9805359840393066,36.009151458740234,0.9973856210708618,9917952,1,1746431409.9045727
26.388671875,0.7330729365348816,6462,6461,1.9970753192901611,0.024395961314439774,1.4661458730697632,0.0234375,2493.386838857,51448,1.9779508113861084,36.009151458740234,0.9973856210708618,9925632,1,1746431411.8020644
26.3515625,0.7350260615348816,6482,6481,1.9970753192901611,0.028054650872945786,1.4700521230697632,0.0234375,2500.975399237,51608,2.0001070499420166,36.009151458740234,0.9973856210708618,9956352,1,1746431419.390678
26.16536521911621,0.716796875,6502,6501,1.9993224143981934,0.031601548194885254,1.43359375,0.0234375,2508.670845265,51768,1.9940636157989502,35.024105072021484,0.999348521232605,9987072,1,1746431427.0861137
26.34375,0.69921875,6509,6508,1.9993224143981934,0.03020143136382103,1.4184309244155884,0.02213541604578495,2511.328858537,51824,1.9981465339660645,35.024105072021484,0.999348521232605,9997824,1,1746431429.7441254
