returned_won_episode,returned_episode_lengths,update_steps,test_returned_episode_returns,_step,loss,returned_episode,qvals,test_returned_episode_lengths,_runtime,grad_steps,test_returned_won_episode,returned_episode_returns,env_step,test_returned_episode,_timestamp
0.0,25.37369728088379,12,0.2597247362136841,11,0.0,0.02473958395421505,0.0,31.024051666259766,48.661458635,0,0.0,0.23766925930976868,18432,1.0,1746436523.8057046
0.0,26.09505271911621,23,0.2597247362136841,22,0.0,0.02408854104578495,0.0,31.024051666259766,49.37163053,0,0.0,0.25579750537872314,35328,1.0,1746436524.5158267
0.0,26.03385353088379,24,0.2597247362136841,23,0.0,0.02278645895421505,0.0,31.024051666259766,49.436447998,0,0.0,0.24726234376430511,36864,1.0,1746436524.5799322
0.0,25.73111915588379,50,0.2597247362136841,49,0.0033271582797169685,0.02604166604578495,0.33729127049446106,31.024051666259766,57.129100161,152,0.0,0.2541731894016266,76800,1.0,1746436532.2731743
0.0,25.078125,86,0.2597247362136841,85,0.037613995373249054,0.025390625,0.7418347597122192,31.024051666259766,70.856347695,440,0.0,0.2893586754798889,132096,1.0,1746436546.0005498
0.0,25.52604103088379,90,0.2597247362136841,89,0.034521836787462234,0.02408854104578495,0.7617183923721313,31.024051666259766,72.371906302,472,0.0,0.2948860228061676,138240,1.0,1746436547.516159
0.0,25.63606834411621,100,0.2597247362136841,99,0.0456509068608284,0.02408854104578495,0.773046612739563,31.024051666259766,76.17841499,552,0.0,0.30709633231163025,153600,1.0,1746436551.3225403
0.0,26.09440040588379,102,0.2597247362136841,101,0.1295396089553833,0.02408854104578495,0.8156200647354126,31.024051666259766,76.943232619,568,0.0,0.3146679699420929,156672,1.0,1746436552.087304
0.0,25.748046875,105,0.2597247362136841,104,0.06642579287290573,0.0234375,0.7788559198379517,31.024051666259766,78.086659074,592,0.0,0.3107096254825592,161280,1.0,1746436553.2308073
0.0,25.13020896911621,133,0.2597247362136841,132,0.10177720338106155,0.025390625,0.730425238609314,31.024051666259766,88.724182026,816,0.0,0.2859309911727905,204288,1.0,1746436563.868343
0.0,25.05599021911621,167,0.2597247362136841,166,0.09113848209381104,0.02473958395421505,0.7953321933746338,31.024051666259766,101.649888352,1088,0.0,0.31257811188697815,256512,1.0,1746436576.7940981
0.0,24.32486915588379,168,0.2597247362136841,167,0.08150916546583176,0.02473958395421505,0.8039301633834839,31.024051666259766,102.028831831,1096,0.0,0.3159928023815155,258048,1.0,1746436577.1730332
0.0,25.01497459411621,186,0.2597247362136841,185,0.09252779185771942,0.025390625,0.8225953578948975,31.024051666259766,108.865996353,1240,0.0,0.3124999701976776,285696,1.0,1746436584.0102308
0.0,24.43619728088379,197,0.2597247362136841,196,0.0993625745177269,0.02669270895421505,0.8269827961921692,31.024051666259766,113.050440585,1328,0.0,0.32899734377861023,302592,1.0,1746436588.1946607
0.0,24.115234375,246,0.2597247362136841,245,0.08484494686126709,0.02669270895421505,0.8753963708877563,31.024051666259766,131.674379637,1720,0.0,0.32123368978500366,377856,1.0,1746436606.8186038
0.0,24.80533790588379,274,0.2597247362136841,273,0.07633297890424728,0.02473958395421505,0.888441801071167,31.024051666259766,142.311261468,1944,0.0,0.31910479068756104,420864,1.0,1746436617.4555006
0.0,24.4609375,298,0.2597247362136841,297,0.0709972083568573,0.02408854104578495,0.8824051022529602,31.024051666259766,151.44161549,2136,0.0,0.3378027081489563,457728,1.0,1746436626.5857966
0.0,24.65494728088379,306,0.2597247362136841,305,0.05511700361967087,0.02669270895421505,0.8714516758918762,31.024051666259766,154.473745529,2200,0.0,0.33443683385849,470016,1.0,1746436629.6179988
0.0,25.97786521911621,307,0.2597247362136841,306,0.06024438887834549,0.025390625,0.8817465901374817,31.024051666259766,154.852719986,2208,0.0,0.33717119693756104,471552,1.0,1746436629.9969573
0.0,25.32682228088379,353,0.5401137471199036,352,0.05312499403953552,0.025390625,0.8618412017822266,32.885581970214844,172.410350427,2576,0.0,0.32190102338790894,542208,1.0,1746436647.5545862
0.0,25.099609375,361,0.5401137471199036,360,0.08988289535045624,0.02083333395421505,0.8519958257675171,32.885581970214844,175.449177931,2640,0.0,0.2626432180404663,554496,1.0,1746436650.593372
0.0,25.64518165588379,394,0.5401137471199036,393,0.055279284715652466,0.02278645895421505,0.8270992636680603,32.885581970214844,187.999071875,2904,0.0,0.30031898617744446,605184,1.0,1746436663.1432931
0.0,26.05533790588379,400,0.5401137471199036,399,0.05770744010806084,0.017578125,0.8238163590431213,32.885581970214844,190.272424247,2952,0.0,0.2291536033153534,614400,1.0,1746436665.4166646
0.0,24.98567771911621,411,0.5401137471199036,410,0.052157506346702576,0.02213541604578495,0.8184267282485962,32.885581970214844,194.480658816,3040,0.0,0.26273760199546814,631296,1.0,1746436669.6247256
0.0,27.08658790588379,417,0.5401137471199036,416,0.054372843354940414,0.02213541604578495,0.815144419670105,32.885581970214844,196.845442602,3088,0.0,0.28237953782081604,640512,1.0,1746436671.9896622
0.0,26.27278709411621,426,0.5401137471199036,425,0.051991235464811325,0.01953125,0.7923963069915771,32.885581970214844,200.263224576,3160,0.0,0.20013345777988434,654336,1.0,1746436675.4073772
0.0,26.69466209411621,439,0.5401137471199036,438,0.05981570482254028,0.014973958022892475,0.787418782711029,32.885581970214844,205.189893799,3264,0.0,0.19293291866779327,674304,1.0,1746436680.3341334
0.0,27.07096290588379,447,0.5401137471199036,446,0.10141026973724365,0.01888020895421505,0.7778264284133911,32.885581970214844,208.235557938,3328,0.0,0.20993487536907196,686592,1.0,1746436683.3797667
0.0,27.501953125,448,0.5401137471199036,447,0.09627512842416763,0.01822916604578495,0.7762401700019836,32.885581970214844,208.614551853,3336,0.0,0.22257810831069946,688128,1.0,1746436683.7587464
0.0,27.16536521911621,449,0.5401137471199036,448,0.11830409616231918,0.01822916604578495,0.7820403575897217,32.885581970214844,208.993421402,3344,0.0,0.19706378877162933,689664,1.0,1746436684.137627
0.0,26.67513084411621,453,0.5401137471199036,452,0.05222266912460327,0.01888020895421505,0.7796472311019897,32.885581970214844,210.513676344,3376,0.0,0.17818358540534973,695808,1.0,1746436685.6579216
0.0,26.04361915588379,458,0.5401137471199036,457,0.06604976952075958,0.015625,0.7700149416923523,32.885581970214844,212.408579971,3416,0.0,0.2097460776567459,703488,1.0,1746436687.5528
0.0,26.234375,489,0.5401137471199036,488,0.04678744822740555,0.021484375,0.7556025385856628,32.885581970214844,224.19978446,3664,0.0,0.30428382754325867,751104,1.0,1746436699.3439782
0.0,26.056640625,498,0.5401137471199036,497,0.04956507682800293,0.021484375,0.7680933475494385,32.885581970214844,227.610931682,3736,0.0,0.2970312535762787,764928,1.0,1746436702.7551644
0.0,25.9609375,502,0.5401137471199036,501,0.04250394552946091,0.021484375,0.737096905708313,32.885581970214844,229.131119026,3768,0.0,0.24767251312732697,771072,1.0,1746436704.2752957
0.0,25.85807228088379,519,0.5401137471199036,518,0.042952097952365875,0.02018229104578495,0.7517589926719666,32.885581970214844,235.575134175,3904,0.0,0.28976884484291077,797184,1.0,1746436710.7194026
0.0,27.24674415588379,560,0.5401137471199036,559,0.03881365805864334,0.02083333395421505,0.73008793592453,32.885581970214844,251.153123069,4232,0.0,0.37025389075279236,860160,1.0,1746436726.297268
0.0,26.92317771911621,562,0.5401137471199036,561,0.05797144025564194,0.01888020895421505,0.7533046007156372,32.885581970214844,251.912252294,4248,0.0,0.35920244455337524,863232,1.0,1746436727.0564222
0.0,26.81640625,564,0.5401137471199036,563,0.037559762597084045,0.02213541604578495,0.7371821403503418,32.885581970214844,252.670004147,4264,0.0,0.3936750590801239,866304,1.0,1746436727.8142023
0.0,27.19010353088379,566,0.5401137471199036,565,0.03760775178670883,0.02213541604578495,0.7264742851257324,32.885581970214844,253.427651172,4280,0.0,0.3356998860836029,869376,1.0,1746436728.5718434
0.0,26.587890625,568,0.5401137471199036,567,0.041429538279771805,0.02278645895421505,0.7288237810134888,32.885581970214844,254.185526709,4296,0.0,0.3823241591453552,872448,1.0,1746436729.3297791
0.0,27.54296875,604,0.5401137471199036,603,0.04008512198925018,0.02018229104578495,0.7385258078575134,32.885581970214844,267.848186753,4584,0.0,0.3730175197124481,927744,1.0,1746436742.9924188
0.0,27.91080665588379,617,0.5401137471199036,616,0.043872736394405365,0.017578125,0.7501567006111145,32.885581970214844,272.79013117,4688,0.0,0.2722330391407013,947712,1.0,1746436747.934286
0.0,27.25,631,0.5401137471199036,630,0.040944233536720276,0.02083333395421505,0.736211359500885,32.885581970214844,278.097579981,4800,0.0,0.3211034834384918,969216,1.0,1746436753.2416987
0.0,27.38541603088379,650,0.5714958310127258,649,0.032311730086803436,0.014322916977107525,0.733737587928772,45.68387985229492,285.396684216,4952,0.007123775314539671,0.3092707693576813,998400,0.9999999403953552,1746436760.540851
0.037109375,26.3828125,661,0.5714958310127258,660,0.03031160682439804,0.01953125,0.7458751797676086,45.68387985229492,289.575978684,5040,0.007123775314539671,0.4986717998981476,1015296,0.9999999403953552,1746436764.7202287
0.0,26.345703125,665,0.5714958310127258,664,0.031316258013248444,0.02018229104578495,0.7514870166778564,45.68387985229492,291.09539049,5072,0.007123775314539671,0.38904938101768494,1021440,0.9999999403953552,1746436766.2396433
0.0,24.79557228088379,668,0.5714958310127258,667,0.03934642672538757,0.02083333395421505,0.7364290952682495,45.68387985229492,292.235321728,5096,0.007123775314539671,0.42194652557373047,1026048,0.9999999403953552,1746436767.379498
0.01692708395421505,27.349609375,676,0.5714958310127258,675,0.047117628157138824,0.021484375,0.7441473007202148,45.68387985229492,295.269183919,5160,0.007123775314539671,0.48356756567955017,1038336,0.9999999403953552,1746436770.4134212
0.0,26.25260353088379,678,0.5714958310127258,677,0.036159005016088486,0.02083333395421505,0.7662224769592285,45.68387985229492,296.02686025,5176,0.007123775314539671,0.4598827362060547,1041408,0.9999999403953552,1746436771.1710932
0.0,27.07682228088379,699,0.5714958310127258,698,0.036549441516399384,0.02213541604578495,0.7615795731544495,45.68387985229492,304.001276317,5344,0.007123775314539671,0.49295562505722046,1073664,0.9999999403953552,1746436779.1455224
0.010416666977107525,25.03580665588379,730,0.5714958310127258,729,0.049290258437395096,0.02408854104578495,0.7450456619262695,45.68387985229492,315.771124009,5592,0.007123775314539671,0.4846873879432678,1121280,0.9999999403953552,1746436790.9153259
0.0,25.95442771911621,739,0.5714958310127258,738,0.030320584774017334,0.0234375,0.7618820667266846,45.68387985229492,319.180925874,5664,0.007123775314539671,0.4818683862686157,1135104,0.9999999403953552,1746436794.325166
0.0234375,25.576171875,751,0.5714958310127258,750,0.03676659241318703,0.02408854104578495,0.7711881399154663,45.68387985229492,323.731526083,5760,0.007123775314539671,0.5015461444854736,1153536,0.9999999403953552,1746436798.87574
0.0,26.853515625,757,0.5714958310127258,756,0.03705420345067978,0.021484375,0.7540725469589233,45.68387985229492,326.004131397,5808,0.007123775314539671,0.4495832026004791,1162752,0.9999999403953552,1746436801.1483755
0.0,27.259765625,787,0.5714958310127258,786,0.04324597865343094,0.02083333395421505,0.7693450450897217,45.68387985229492,337.395637116,6048,0.007123775314539671,0.48483383655548096,1208832,0.9999999403953552,1746436812.5398319
0.0,26.33138084411621,789,0.5714958310127258,788,0.03339219093322754,0.02018229104578495,0.7624993324279785,45.68387985229492,338.153337142,6064,0.007123775314539671,0.4654068350791931,1211904,0.9999999403953552,1746436813.2974906
0.0,27.92122459411621,799,0.5714958310127258,798,0.03294263035058975,0.02083333395421505,0.7535486221313477,45.68387985229492,341.942483804,6144,0.007123775314539671,0.5039548873901367,1227264,0.9999999403953552,1746436817.086713
0.029296875,29.46940040588379,829,0.5714958310127258,828,0.10427593439817429,0.02083333395421505,0.7778294682502747,45.68387985229492,353.339280899,6384,0.007123775314539671,0.5695311427116394,1273344,0.9999999403953552,1746436828.483516
0.0618489570915699,28.60221290588379,830,0.5714958310127258,829,0.041353415697813034,0.021484375,0.7765528559684753,45.68387985229492,353.718300242,6392,0.007123775314539671,0.6007421016693115,1274880,0.9999999403953552,1746436828.8625338
0.0,27.11849021911621,844,0.5714958310127258,843,0.07592487335205078,0.02278645895421505,0.7857027053833008,45.68387985229492,359.043589364,6504,0.007123775314539671,0.5059438943862915,1296384,0.9999999403953552,1746436834.187788
0.052734375,26.724609375,850,0.5714958310127258,849,0.05347329005599022,0.02083333395421505,0.7843877077102661,45.68387985229492,361.340210209,6552,0.007123775314539671,0.5615721344947815,1305600,0.9999999403953552,1746436836.484448
0.02278645895421505,26.53190040588379,917,0.5714958310127258,916,0.10829802602529526,0.02278645895421505,0.7573434114456177,45.68387985229492,386.78027536,7088,0.007123775314539671,0.5049282908439636,1408512,0.9999999403953552,1746436861.924428
0.0625,28.97200584411621,928,0.5714958310127258,927,0.08661694824695587,0.01888020895421505,0.7513056993484497,45.68387985229492,390.952309009,7176,0.007123775314539671,0.5838897824287415,1425408,0.9999999403953552,1746436866.0965059
0.0755208358168602,29.39192771911621,932,0.5714958310127258,931,0.05968011915683746,0.01822916604578495,0.730750560760498,45.68387985229492,392.47216814,7208,0.007123775314539671,0.6132323145866394,1431552,0.9999999403953552,1746436867.6161013
0.02473958395421505,28.96614646911621,956,0.5714958310127258,955,0.103697270154953,0.017578125,0.7065389156341553,45.68387985229492,401.574980752,7400,0.007123775314539671,0.5687368512153625,1468416,0.9999999403953552,1746436876.7191803
0.216796875,28.47265625,958,0.5714958310127258,957,0.14478591084480286,0.01888020895421505,0.7116801738739014,45.68387985229492,402.332854128,7416,0.007123775314539671,0.7672231793403625,1471488,0.9999999403953552,1746436877.4770703
0.0963541641831398,27.859375,975,1.0905755758285522,974,0.11161553859710693,0.017578125,0.6793859004974365,47.500465393066406,408.881512286,7552,0.2376973181962967,0.5785643458366394,1497600,1.0,1746436884.0256813
0.0442708320915699,29.13671875,994,1.0905755758285522,993,0.1216086894273758,0.014973958022892475,0.6326712965965271,47.500465393066406,416.089852512,7704,0.2376973181962967,0.5467023253440857,1526784,1.0,1746436891.2340457
0.0559895820915699,29.830078125,995,1.0905755758285522,994,0.10236171633005142,0.01888020895421505,0.6194659471511841,47.500465393066406,416.468785798,7712,0.2376973181962967,0.6081020832061768,1528320,1.0,1746436891.6129978
0.0944010391831398,28.119140625,1007,1.0905755758285522,1006,0.09527578949928284,0.01888020895421505,0.6210682392120361,47.500465393066406,421.017982601,7808,0.2376973181962967,0.630986213684082,1546752,1.0,1746436896.1622205
0.08984375,28.52604103088379,1023,1.0905755758285522,1022,0.12707901000976562,0.01822916604578495,0.5957709550857544,47.500465393066406,427.106633397,7936,0.2376973181962967,0.6140428185462952,1571328,1.0,1746436902.250453
0.166015625,27.80143165588379,1026,1.0905755758285522,1025,0.11794620007276535,0.01888020895421505,0.5882827043533325,47.500465393066406,428.252103429,7960,0.2376973181962967,0.7011750340461731,1575936,1.0,1746436903.395994
0.125,30.47786521911621,1036,1.0905755758285522,1035,0.11222262680530548,0.014322916977107525,0.5724659562110901,47.500465393066406,432.059632688,8040,0.2376973181962967,0.6577733159065247,1591296,1.0,1746436907.2036958
0.0983072891831398,30.22525978088379,1049,1.0905755758285522,1048,0.11424404382705688,0.01692708395421505,0.5593947172164917,47.500465393066406,437.025223454,8144,0.2376973181962967,0.639215350151062,1611264,1.0,1746436912.1691022
0.111328125,28.26432228088379,1050,1.0905755758285522,1049,0.10883785784244537,0.015625,0.5413742065429688,47.500465393066406,437.404801416,8152,0.2376973181962967,0.6143781542778015,1612800,1.0,1746436912.5488553
0.1875,29.478515625,1059,1.0905755758285522,1058,0.17070487141609192,0.015625,0.5682368278503418,47.500465393066406,440.826429459,8224,0.2376973181962967,0.7200779914855957,1626624,1.0,1746436915.9705021
0.1243489608168602,29.38346290588379,1063,1.0905755758285522,1062,0.1359367072582245,0.01627604104578495,0.5802603960037231,47.500465393066406,442.34551496,8256,0.2376973181962967,0.6137629747390747,1632768,1.0,1746436917.4895682
0.1842447966337204,28.22395896911621,1067,1.0905755758285522,1066,0.1624610424041748,0.01822916604578495,0.5699751377105713,47.500465393066406,443.868293828,8288,0.2376973181962967,0.6935089826583862,1638912,1.0,1746436919.012372
0.1321614533662796,29.79752540588379,1079,1.0905755758285522,1078,0.18751321732997894,0.01692708395421505,0.5645875930786133,47.500465393066406,448.430932138,8384,0.2376973181962967,0.6676626205444336,1657344,1.0,1746436923.5749626
0.14453125,28.03385353088379,1081,1.0905755758285522,1080,0.19566704332828522,0.017578125,0.5820592641830444,47.500465393066406,449.191141713,8400,0.2376973181962967,0.6672232151031494,1660416,1.0,1746436924.3351164
0.1373697966337204,28.96940040588379,1084,1.0905755758285522,1083,0.1446220576763153,0.01888020895421505,0.5649765729904175,47.500465393066406,450.340050039,8424,0.2376973181962967,0.7052667737007141,1665024,1.0,1746436925.4839158
0.25,29.31119728088379,1100,1.0905755758285522,1099,0.1334325522184372,0.01692708395421505,0.566023588180542,47.500465393066406,456.432284735,8552,0.2376973181962967,0.7926007509231567,1689600,1.0,1746436931.5762885
0.1516927033662796,29.802734375,1127,1.0905755758285522,1126,0.15805423259735107,0.01627604104578495,0.5734682083129883,47.500465393066406,466.71158283,8768,0.2376973181962967,0.6859992146492004,1731072,1.0,1746436941.8556058
0.291015625,30.11328125,1165,1.0905755758285522,1164,0.18901430070400238,0.01627604104578495,0.6530187129974365,47.500465393066406,481.185282014,9072,0.2376973181962967,0.8316763043403625,1789440,1.0,1746436956.3292427
0.2493489533662796,29.68880271911621,1173,1.0905755758285522,1172,0.22177468240261078,0.015625,0.6484696865081787,47.500465393066406,484.226569213,9136,0.2376973181962967,0.7765753865242004,1801728,1.0,1746436959.3704104
0.2063802033662796,29.62109375,1193,1.0905755758285522,1192,0.3266412615776062,0.01627604104578495,0.6631096005439758,47.500465393066406,491.846479186,9296,0.2376973181962967,0.7626366019248962,1832448,1.0,1746436966.9904964
0.25390625,29.390625,1195,1.0905755758285522,1194,0.32104676961898804,0.01692708395421505,0.6747973561286926,47.500465393066406,492.606541503,9312,0.2376973181962967,0.823541522026062,1835520,1.0,1746436967.7505198
0.193359375,29.42903709411621,1202,1.0905755758285522,1201,0.34089040756225586,0.01627604104578495,0.6944866180419922,47.500465393066406,495.282174991,9368,0.2376973181962967,0.7544659972190857,1846272,1.0,1746436970.426165
0.2975260317325592,29.28255271911621,1214,1.0905755758285522,1213,0.35164228081703186,0.01627604104578495,0.6742823719978333,47.500465393066406,499.840920258,9464,0.2376973181962967,0.8580988049507141,1864704,1.0,1746436974.9849184
0.2005208283662796,29.77864646911621,1225,1.0905755758285522,1224,0.3128838539123535,0.014973958022892475,0.6860746145248413,47.500465393066406,504.036875112,9552,0.2376973181962967,0.7376170754432678,1881600,1.0,1746436979.1809578
0.3216145932674408,29.900390625,1239,1.0905755758285522,1238,0.298379510641098,0.01692708395421505,0.695440411567688,47.500465393066406,509.361610873,9664,0.2376973181962967,0.898199737071991,1903104,1.0,1746436984.5055704
0.3893229067325592,29.80143165588379,1247,1.0905755758285522,1246,0.31641364097595215,0.017578125,0.6855547428131104,47.500465393066406,512.40863529,9728,0.2376973181962967,0.9691535234451294,1915392,1.0,1746436987.5528507
0.3313802182674408,29.27083396911621,1250,1.0905755758285522,1249,0.301913321018219,0.01692708395421505,0.7036949396133423,47.500465393066406,513.546271924,9752,0.2376973181962967,0.9169595837593079,1920000,1.0,1746436988.6905158
0.2740885317325592,30.20572853088379,1270,1.0905755758285522,1269,0.34979933500289917,0.015625,0.7017950415611267,47.500465393066406,521.134497216,9912,0.2376973181962967,0.8637856245040894,1950720,1.0,1746436996.2787435
0.3111979067325592,28.87369728088379,1279,1.0905755758285522,1278,0.2944797873497009,0.015625,0.6842054128646851,47.500465393066406,524.563167,9984,0.2376973181962967,0.8594627380371094,1964544,1.0,1746436999.707201
0.33984375,29.04296875,1281,1.0905755758285522,1280,0.30105847120285034,0.01822916604578495,0.6915094256401062,47.500465393066406,525.344987978,10000,0.2376973181962967,0.9275389909744263,1967616,1.0,1746437000.4891226
0.2513020932674408,30.61067771911621,1301,1.4712151288986206,1300,0.33856526017189026,0.01627604104578495,0.6831428408622742,45.02681350708008,533.021528132,10160,0.5631487965583801,0.8030955195426941,1998336,0.9999999403953552,1746437008.165732
0.419921875,30.69791603088379,1303,1.4712151288986206,1302,0.3557019531726837,0.015625,0.6985158324241638,45.02681350708008,533.779433665,10176,0.5631487965583801,1.0266014337539673,2001408,0.9999999403953552,1746437008.9236586
0.4029947817325592,29.35416603088379,1318,1.4712151288986206,1317,0.3735094666481018,0.01627604104578495,0.6946561336517334,45.02681350708008,539.469828928,10296,0.5631487965583801,0.9935578107833862,2024448,0.9999999403953552,1746437014.6140492
0.3828125,29.48111915588379,1327,1.4712151288986206,1326,0.4185306429862976,0.01692708395421505,0.7090438604354858,45.02681350708008,542.88902693,10368,0.5631487965583801,0.9569236040115356,2038272,0.9999999403953552,1746437018.0332642
0.318359375,29.80599021911621,1335,1.4712151288986206,1334,0.45267146825790405,0.01627604104578495,0.7219098210334778,45.02681350708008,545.934423211,10432,0.5631487965583801,0.9055434465408325,2050560,0.9999999403953552,1746437021.0786135
0.4192708432674408,29.78645896911621,1339,1.4712151288986206,1338,0.43964701890945435,0.017578125,0.733038067817688,45.02681350708008,547.450440807,10464,0.5631487965583801,1.0605727434158325,2056704,0.9999999403953552,1746437022.5946758
0.4244791567325592,30.43815040588379,1349,1.4712151288986206,1348,0.48610132932662964,0.01627604104578495,0.7241576910018921,45.02681350708008,551.244330702,10544,0.5631487965583801,1.0215950012207031,2072064,0.9999999403953552,1746437026.3885386
0.4609375,29.5625,1350,1.4712151288986206,1349,0.7643011212348938,0.017578125,0.737740159034729,45.02681350708008,551.624637632,10552,0.5631487965583801,1.0921385288238525,2073600,0.9999999403953552,1746437026.768821
0.5078125,29.27278709411621,1352,1.4712151288986206,1351,0.47862446308135986,0.01627604104578495,0.7218644618988037,45.02681350708008,552.393089759,10568,0.5631487965583801,1.1285383701324463,2076672,0.9999999403953552,1746437027.537242
0.48828125,30.24609375,1362,1.4712151288986206,1361,0.39251208305358887,0.014973958022892475,0.7137018442153931,45.02681350708008,556.183561324,10648,0.5631487965583801,1.0868358612060547,2092032,0.9999999403953552,1746437031.3277972
0.5345051884651184,29.96614646911621,1391,1.4712151288986206,1390,0.4414093494415283,0.01692708395421505,0.7369228601455688,45.02681350708008,567.192286159,10880,0.5631487965583801,1.1675682067871094,2136576,0.9999999403953552,1746437042.3363278
0.6002604365348816,28.21028709411621,1396,1.4712151288986206,1395,0.4487645626068115,0.01953125,0.7453040480613708,45.02681350708008,569.088058515,10920,0.5631487965583801,1.2520246505737305,2144256,0.9999999403953552,1746437044.232265
0.4680989682674408,29.48958396911621,1406,1.4712151288986206,1405,0.48709166049957275,0.01627604104578495,0.7525774240493774,45.02681350708008,572.881940202,11000,0.5631487965583801,1.0729588270187378,2159616,0.9999999403953552,1746437048.026175
0.525390625,30.30729103088379,1419,1.4712151288986206,1418,0.4592353105545044,0.01627604104578495,0.7423853874206543,45.02681350708008,577.8119025,11104,0.5631487965583801,1.171184778213501,2179584,0.9999999403953552,1746437052.9561336
0.51171875,28.86653709411621,1429,1.4712151288986206,1428,0.45374947786331177,0.017578125,0.7637685537338257,45.02681350708008,581.60865533,11184,0.5631487965583801,1.130758285522461,2194944,0.9999999403953552,1746437056.7528415
0.4967447817325592,29.75650978088379,1433,1.4712151288986206,1432,0.5772679448127747,0.017578125,0.7586022615432739,45.02681350708008,583.133982247,11216,0.5631487965583801,1.140250563621521,2201088,0.9999999403953552,1746437058.277953
0.521484375,29.35091209411621,1435,1.4712151288986206,1434,0.5248710513114929,0.017578125,0.7690515518188477,45.02681350708008,583.892272674,11232,0.5631487965583801,1.17717444896698,2204160,0.9999999403953552,1746437059.036496
0.5989583134651184,29.146484375,1451,1.4712151288986206,1450,0.4851570725440979,0.01888020895421505,0.7609176635742188,45.02681350708008,589.960001038,11360,0.5631487965583801,1.2570863962173462,2228736,0.9999999403953552,1746437065.1040196
0.6393229365348816,28.97916603088379,1454,1.4712151288986206,1453,0.42916107177734375,0.021484375,0.7446436882019043,45.02681350708008,591.101865455,11384,0.5631487965583801,1.32976233959198,2233344,0.9999999403953552,1746437066.246064
0.58203125,29.85416603088379,1472,1.4712151288986206,1471,0.421706885099411,0.015625,0.7391707897186279,45.02681350708008,597.93824079,11528,0.5631487965583801,1.212415337562561,2260992,0.9999999403953552,1746437073.0824466
0.5813801884651184,29.32486915588379,1473,1.4712151288986206,1472,0.4185645878314972,0.01822916604578495,0.7306290864944458,45.02681350708008,598.317126814,11536,0.5631487965583801,1.2264615297317505,2262528,0.9999999403953552,1746437073.4613464
0.5651041865348816,28.68359375,1483,1.4712151288986206,1482,0.4235200881958008,0.01627604104578495,0.7548689842224121,45.02681350708008,602.107157897,11616,0.5631487965583801,1.1957844495773315,2277888,0.9999999403953552,1746437077.251396
0.6432291865348816,29.19400978088379,1510,1.4712151288986206,1509,0.41373324394226074,0.017578125,0.7760103344917297,45.02681350708008,612.365685113,11832,0.5631487965583801,1.3071744441986084,2319360,0.9999999403953552,1746437087.5098994
0.6321614384651184,29.42057228088379,1519,1.4712151288986206,1518,0.4999123215675354,0.01692708395421505,0.7674428224563599,45.02681350708008,615.777087177,11904,0.5631487965583801,1.2848306894302368,2333184,0.9999999403953552,1746437090.9213414
0.498046875,29.501953125,1532,1.4712151288986206,1531,1.0225176811218262,0.01953125,0.807052731513977,45.02681350708008,620.716991009,12008,0.5631487965583801,1.1537595987319946,2353152,0.9999999403953552,1746437095.861247
0.6516926884651184,29.76432228088379,1545,1.4712151288986206,1544,0.46041154861450195,0.017578125,0.7968775629997253,45.02681350708008,625.667076172,12112,0.5631487965583801,1.3156933784484863,2373120,0.9999999403953552,1746437100.8112137
0.5618489384651184,29.17122459411621,1551,1.4712151288986206,1550,0.5955891609191895,0.017578125,0.8158764839172363,45.02681350708008,627.944613879,12160,0.5631487965583801,1.2166143655776978,2382336,0.9999999403953552,1746437103.0888305
0.5989583134651184,29.06575584411621,1553,1.4712151288986206,1552,0.4987736642360687,0.01888020895421505,0.8229395151138306,45.02681350708008,628.70309375,12176,0.5631487965583801,1.2629328966140747,2385408,0.9999999403953552,1746437103.8473244
0.6067708134651184,29.640625,1574,1.4712151288986206,1573,0.7500820159912109,0.02018229104578495,0.8401308059692383,45.02681350708008,636.680656099,12344,0.5631487965583801,1.2962238788604736,2417664,0.9999999403953552,1746437111.8249142
0.6256510615348816,28.27799415588379,1599,1.4712151288986206,1598,0.563383936882019,0.02083333395421505,0.849724292755127,45.02681350708008,646.187900091,12544,0.5631487965583801,1.2766892910003662,2456064,0.9999999403953552,1746437121.3321435
0.576171875,29.38932228088379,1665,1.9642479419708252,1664,0.5271703600883484,0.01822916604578495,0.9180703163146973,42.696895599365234,671.333772892,13072,0.9673826694488525,1.2227343320846558,2557440,1.0,1746437146.477973
0.630859375,29.74479103088379,1682,1.9642479419708252,1681,0.46077364683151245,0.01692708395421505,0.967710018157959,42.696895599365234,677.781265554,13208,0.9673826694488525,1.3013899326324463,2583552,1.0,1746437152.9254084
0.611328125,29.42578125,1683,1.9642479419708252,1682,0.4714204668998718,0.017578125,0.9495805501937866,42.696895599365234,678.161162476,13216,0.9673826694488525,1.2769399881362915,2585088,1.0,1746437153.3053384
0.5338541865348816,29.3125,1684,1.9642479419708252,1683,0.46225011348724365,0.01627604104578495,0.9637889862060547,42.696895599365234,678.549398159,13224,0.9673826694488525,1.1732161045074463,2586624,1.0,1746437153.6934457
0.6334635615348816,29.32747459411621,1690,1.9642479419708252,1689,0.5439372062683105,0.01627604104578495,0.968544602394104,42.696895599365234,680.827517198,13272,0.9673826694488525,1.2824153900146484,2595840,1.0,1746437155.9717271
0.5774739384651184,29.50390625,1691,1.9642479419708252,1690,0.5317707657814026,0.017578125,0.960246205329895,42.696895599365234,681.206417022,13280,0.9673826694488525,1.2186815738677979,2597376,1.0,1746437156.3506591
0.515625,29.91927146911621,1697,1.9642479419708252,1696,0.5992109179496765,0.015625,0.9735625982284546,42.696895599365234,683.480227148,13328,0.9673826694488525,1.133443832397461,2606592,1.0,1746437158.6244726
0.6256510615348816,28.994140625,1709,1.9642479419708252,1708,0.39200490713119507,0.01692708395421505,0.9655538201332092,42.696895599365234,688.042046741,13424,0.9673826694488525,1.2748826742172241,2625024,1.0,1746437163.1862836
0.5794270634651184,30.11458396911621,1715,1.9642479419708252,1714,0.4489036202430725,0.01692708395421505,0.9584112167358398,42.696895599365234,690.346015676,13472,0.9673826694488525,1.2169270515441895,2634240,1.0,1746437165.4902322
0.5481770634651184,30.30989646911621,1728,1.9642479419708252,1727,0.41634657979011536,0.015625,0.9829177260398865,42.696895599365234,695.280490869,13576,0.9673826694488525,1.1739615201950073,2654208,1.0,1746437170.4247355
0.658203125,29.79036521911621,1746,1.9642479419708252,1745,0.7999324798583984,0.01692708395421505,0.9572102427482605,42.696895599365234,702.119314111,13720,0.9673826694488525,1.31640625,2681856,1.0,1746437177.2635193
0.6569010615348816,30.03515625,1748,1.9642479419708252,1747,0.7621186971664429,0.015625,0.9683797955513,42.696895599365234,702.877173604,13736,0.9673826694488525,1.3138021230697632,2684928,1.0,1746437178.021412
0.3196614682674408,28.396484375,1773,1.9642479419708252,1772,0.3553310036659241,0.01953125,0.9644547700881958,42.696895599365234,712.373206916,13936,0.9673826694488525,0.8820246458053589,2723328,1.0,1746437187.517349
0.603515625,30.3125,1783,1.9642479419708252,1782,0.48863357305526733,0.015625,0.9519374370574951,42.696895599365234,716.166497583,14016,0.9673826694488525,1.2350879907608032,2738688,1.0,1746437191.3107324
0.6145833134651184,29.64322853088379,1791,1.9642479419708252,1790,0.3497111201286316,0.015625,0.9403116106987,42.696895599365234,719.199092449,14080,0.9673826694488525,1.2529165744781494,2750976,1.0,1746437194.3432288
0.6328125,29.98372459411621,1811,1.9642479419708252,1810,0.3992350101470947,0.01692708395421505,0.9803704023361206,42.696895599365234,726.791478446,14240,0.9673826694488525,1.284082055091858,2781696,1.0,1746437201.9355223
0.6627604365348816,29.86328125,1838,1.9642479419708252,1837,1.0107499361038208,0.01627604104578495,0.977196455001831,42.696895599365234,737.044374389,14456,0.9673826694488525,1.329114556312561,2823168,1.0,1746437212.1885827
0.6438801884651184,28.97265625,1846,1.9642479419708252,1845,0.38054728507995605,0.017578125,0.9779253005981445,42.696895599365234,740.074834091,14520,0.9673826694488525,1.3113280534744263,2835456,1.0,1746437215.2190828
0.5670573115348816,29.44791603088379,1861,1.9642479419708252,1860,0.33366185426712036,0.01822916604578495,0.9863603711128235,42.696895599365234,745.775585075,14640,0.9673826694488525,1.2020149230957031,2858496,1.0,1746437220.9198349
0.4921875,30.14974021911621,1868,1.9642479419708252,1867,0.427166223526001,0.01627604104578495,0.9862695932388306,42.696895599365234,748.433699986,14696,0.9673826694488525,1.1043131351470947,2869248,1.0,1746437223.577736
0.642578125,29.31510353088379,1879,1.9642479419708252,1878,0.30555933713912964,0.015625,1.0028959512710571,42.696895599365234,752.608082207,14784,0.9673826694488525,1.3022428750991821,2886144,1.0,1746437227.7523344
0.51953125,30.171875,1910,1.9642479419708252,1909,0.2917683720588684,0.015625,0.9854774475097656,42.696895599365234,764.387531941,15032,0.9673826694488525,1.1597362756729126,2933760,1.0,1746437239.531748
0.6334635615348816,29.73763084411621,1927,1.9642479419708252,1926,0.31230980157852173,0.01627604104578495,0.9720583558082581,42.696895599365234,770.845343238,15168,0.9673826694488525,1.2880043983459473,2959872,1.0,1746437245.9895499
0.498046875,29.2734375,1937,1.9642479419708252,1936,0.4556434154510498,0.017578125,0.9483141899108887,42.696895599365234,774.635161976,15248,0.9673826694488525,1.1395246982574463,2975232,1.0,1746437249.779415
0.61328125,29.12174415588379,1946,1.9642479419708252,1945,0.2991129457950592,0.01822916604578495,0.9419651031494141,42.696895599365234,778.057941945,15320,0.9673826694488525,1.2837759256362915,2989056,1.0,1746437253.202161
0.677734375,30.142578125,1947,1.9642479419708252,1946,0.25037094950675964,0.01692708395421505,0.9417306184768677,42.696895599365234,778.437049422,15328,0.9673826694488525,1.35546875,2990592,1.0,1746437253.581304
0.6516926884651184,28.8046875,2000,1.9684405326843262,1999,0.2102292776107788,0.01953125,0.8665553331375122,43.520904541015625,798.665495675,15752,0.9715719223022461,1.3221874237060547,3072000,1.0,1746437273.8095002
0.5963541865348816,29.23958396911621,2031,1.9684405326843262,2030,0.3171928822994232,0.01953125,0.8859503269195557,43.520904541015625,810.426913484,16000,0.9715719223022461,1.268951654434204,3119616,1.0,1746437285.5711768
0.6484375,28.92122459411621,2035,1.9684405326843262,2034,0.19122332334518433,0.01822916604578495,0.8598302602767944,43.520904541015625,811.947279993,16032,0.9715719223022461,1.328369140625,3125760,1.0,1746437287.0914626
0.609375,28.64583396911621,2038,1.9684405326843262,2037,0.18590563535690308,0.01822916604578495,0.8643007278442383,43.520904541015625,813.089443337,16056,0.9715719223022461,1.2644954919815063,3130368,1.0,1746437288.233542
0.5638020634651184,29.02734375,2051,1.9684405326843262,2050,0.18169626593589783,0.01692708395421505,0.8391856551170349,43.520904541015625,818.034033416,16160,0.9715719223022461,1.2292935848236084,3150336,1.0,1746437293.1782918
0.6302083134651184,28.48893165588379,2054,1.9684405326843262,2053,0.29261213541030884,0.021484375,0.845365047454834,43.520904541015625,819.174173037,16184,0.9715719223022461,1.3018033504486084,3154944,1.0,1746437294.318422
0.6334635615348816,28.74739646911621,2067,1.9684405326843262,2066,0.28015226125717163,0.01888020895421505,0.8126189708709717,43.520904541015625,824.107154107,16288,0.9715719223022461,1.2845215797424316,3174912,1.0,1746437299.2513933
0.6419270634651184,28.57942771911621,2069,1.9684405326843262,2068,0.17088107764720917,0.02083333395421505,0.814757227897644,43.520904541015625,824.865003543,16304,0.9715719223022461,1.3244693279266357,3177984,1.0,1746437300.0092716
0.6595051884651184,29.41471290588379,2072,1.9684405326843262,2071,0.17065134644508362,0.01888020895421505,0.8207396268844604,43.520904541015625,826.002672277,16328,0.9715719223022461,1.3317415714263916,3182592,1.0,1746437301.146918
0.69140625,28.52213478088379,2080,1.9684405326843262,2079,0.22939138114452362,0.02213541604578495,0.8101358413696289,43.520904541015625,829.048303817,16392,0.9715719223022461,1.382812261581421,3194880,1.0,1746437304.1924736
0.6341145634651184,28.71354103088379,2093,1.9684405326843262,2092,0.19238002598285675,0.01888020895421505,0.7731960415840149,43.520904541015625,833.983220674,16496,0.9715719223022461,1.2890688180923462,3214848,1.0,1746437309.1274712
0.69140625,28.26041603088379,2094,1.9684405326843262,2093,0.19041970372200012,0.021484375,0.7877113819122314,43.520904541015625,834.362077574,16504,0.9715719223022461,1.3828125,3216384,1.0,1746437309.5063295
0.6393229365348816,28.775390625,2129,1.9684405326843262,2128,0.17626667022705078,0.01888020895421505,0.8139060735702515,43.520904541015625,847.660462222,16784,0.9715719223022461,1.30520498752594,3270144,1.0,1746437322.8047106
0.666015625,28.75325584411621,2173,1.9684405326843262,2172,0.18890483677387238,0.02018229104578495,0.8619752526283264,43.520904541015625,864.386340617,17136,0.9715719223022461,1.3356443643569946,3337728,1.0,1746437339.5303202
0.5846354365348816,27.982421875,2197,1.9684405326843262,2196,0.3068612515926361,0.01822916604578495,0.8472144603729248,43.520904541015625,873.504541537,17328,0.9715719223022461,1.2266958951950073,3374592,1.0,1746437348.648766
0.63671875,29.44466209411621,2210,1.9684405326843262,2209,0.17842866480350494,0.01822916604578495,0.845207154750824,43.520904541015625,878.44362796,17432,0.9715719223022461,1.294091820716858,3394560,1.0,1746437353.5877633
0.650390625,29.09635353088379,2219,1.9684405326843262,2218,0.20994003117084503,0.01822916604578495,0.8565726280212402,43.520904541015625,881.858160184,17504,0.9715719223022461,1.3249022960662842,3408384,1.0,1746437357.0023894
0.6484375,29.00260353088379,2223,1.9684405326843262,2222,0.19028827548027039,0.01822916604578495,0.865270733833313,43.520904541015625,883.37394081,17536,0.9715719223022461,1.3205012083053589,3414528,1.0,1746437358.5181625
0.6432291865348816,30.26432228088379,2226,1.9684405326843262,2225,0.1813860535621643,0.015625,0.856300950050354,43.520904541015625,884.5129685,17560,0.9715719223022461,1.2864583730697632,3419136,1.0,1746437359.657084
0.626953125,29.16796875,2233,1.9684405326843262,2232,0.1703973412513733,0.01822916604578495,0.8582467436790466,43.520904541015625,887.186667341,17616,0.9715719223022461,1.2827767133712769,3429888,1.0,1746437362.3308756
0.6692708134651184,29.40364646911621,2240,1.9684405326843262,2239,0.2621338367462158,0.01888020895421505,0.8443010449409485,43.520904541015625,889.839567564,17672,0.9715719223022461,1.3385416269302368,3440640,1.0,1746437364.9838305
0.62109375,29.48307228088379,2255,1.9684405326843262,2254,0.310747891664505,0.01822916604578495,0.8451547622680664,43.520904541015625,895.536268559,17792,0.9715719223022461,1.2894043922424316,3463680,1.0,1746437370.6803386
0.6360676884651184,29.55599021911621,2261,1.9684405326843262,2260,0.20205417275428772,0.01888020895421505,0.8390213251113892,43.520904541015625,897.810182657,17840,0.9715719223022461,1.2986490726470947,3472896,1.0,1746437372.9544194
0.6048176884651184,29.53580665588379,2263,1.9684405326843262,2262,0.17118576169013977,0.01627604104578495,0.8546814918518066,43.520904541015625,898.568235036,17856,0.9715719223022461,1.252698540687561,3475968,1.0,1746437373.712493
0.5807291865348816,28.93033790588379,2290,1.98611581325531,2289,0.22055953741073608,0.01822916604578495,0.8602223992347717,44.674049377441406,908.916025917,18072,0.9867139458656311,1.2257031202316284,3517440,1.0,1746437384.0602548
0.6217448115348816,30.26041603088379,2298,1.98611581325531,2297,0.45931053161621094,0.015625,0.8383455276489258,44.674049377441406,911.947347777,18136,0.9867139458656311,1.2681183815002441,3529728,1.0,1746437387.0916028
0.65234375,29.87630271911621,2303,1.98611581325531,2302,0.165798619389534,0.01692708395421505,0.8135887384414673,44.674049377441406,913.850365062,18176,0.9867139458656311,1.3239256143569946,3537408,1.0,1746437388.9944732
0.669921875,29.505859375,2362,1.98611581325531,2361,0.17110314965248108,0.017578125,0.8034026026725769,44.674049377441406,936.256159256,18648,0.9867139458656311,1.33984375,3628032,1.0,1746437411.4004004
0.6106770634651184,29.15299415588379,2363,1.98611581325531,2362,0.18229113519191742,0.01692708395421505,0.8013430237770081,44.674049377441406,936.635303789,18656,0.9867139458656311,1.2666014432907104,3629568,1.0,1746437411.7795105
0.595703125,30.0546875,2369,1.98611581325531,2368,0.18032991886138916,0.01627604104578495,0.7896261215209961,44.674049377441406,938.92162783,18704,0.9867139458656311,1.258470058441162,3638784,1.0,1746437414.0658379
0.6315104365348816,28.828125,2392,1.98611581325531,2391,0.15180738270282745,0.01888020895421505,0.8083921074867249,44.674049377441406,947.664987145,18888,0.9867139458656311,1.3109699487686157,3674112,1.0,1746437422.80922
0.6028645634651184,30.32682228088379,2406,1.98611581325531,2405,0.1631559431552887,0.015625,0.8206491470336914,44.674049377441406,952.977369995,19000,0.9867139458656311,1.2276431322097778,3695616,1.0,1746437428.1215308
0.6484375,29.89713478088379,2409,1.98611581325531,2408,0.1387985795736313,0.01627604104578495,0.8246405124664307,44.674049377441406,954.114475789,19024,0.9867139458656311,1.296875,3700224,1.0,1746437429.2586875
0.640625,29.71744728088379,2412,1.98611581325531,2411,0.12841001152992249,0.01692708395421505,0.8273844122886658,44.674049377441406,955.251534253,19048,0.9867139458656311,1.2855989933013916,3704832,1.0,1746437430.3957775
0.6419270634651184,30.869140625,2424,1.98611581325531,2423,0.386871874332428,0.01627604104578495,0.8420112133026123,44.674049377441406,959.803914754,19144,0.9867139458656311,1.2838541269302368,3723264,1.0,1746437434.9481473
0.658203125,29.51822853088379,2435,1.98611581325531,2434,0.28515487909317017,0.015625,0.8057222366333008,44.674049377441406,963.976734808,19232,0.9867139458656311,1.316406011581421,3740160,1.0,1746437439.1209874
0.6197916865348816,28.84765625,2436,1.98611581325531,2435,0.3599746823310852,0.01692708395421505,0.8149094581604004,44.674049377441406,964.355580345,19240,0.9867139458656311,1.2649738788604736,3741696,1.0,1746437439.499822
0.673828125,29.07356834411621,2440,1.98611581325531,2439,0.26373058557510376,0.01822916604578495,0.8054641485214233,44.674049377441406,965.87562111,19272,0.9867139458656311,1.34765625,3747840,1.0,1746437441.019792
0.65234375,29.23697853088379,2459,1.98611581325531,2458,0.3393096327781677,0.01822916604578495,0.7842320203781128,44.674049377441406,973.113607801,19424,0.9867139458656311,1.325162649154663,3777024,1.0,1746437448.2578464
0.666015625,29.46354103088379,2462,1.98611581325531,2461,0.32077622413635254,0.01692708395421505,0.7712844610214233,44.674049377441406,974.250443194,19448,0.9867139458656311,1.33203125,3781632,1.0,1746437449.3946817
0.6419270634651184,29.40104103088379,2463,1.98611581325531,2462,0.32394373416900635,0.015625,0.7717023491859436,44.674049377441406,974.62929952,19456,0.9867139458656311,1.2838541269302368,3783168,1.0,1746437449.773551
0.6354166865348816,30.01497459411621,2470,1.98611581325531,2469,0.26935654878616333,0.017578125,0.7664244771003723,44.674049377441406,977.296758109,19512,0.9867139458656311,1.2986783981323242,3793920,1.0,1746437452.4409726
0.6712239384651184,29.376953125,2476,1.98611581325531,2475,0.3526152968406677,0.01692708395421505,0.7570912837982178,44.674049377441406,979.570801599,19560,0.9867139458656311,1.3424478769302368,3803136,1.0,1746437454.7150452
0.6197916865348816,29.37825584411621,2478,1.98611581325531,2477,0.3263830542564392,0.01692708395421505,0.7451967000961304,44.674049377441406,980.331871003,19576,0.9867139458656311,1.2767707109451294,3806208,1.0,1746437455.4761202
0.599609375,30.14453125,2481,1.98611581325531,2480,0.3572557866573334,0.015625,0.7438939809799194,44.674049377441406,981.468640582,19600,0.9867139458656311,1.2515493631362915,3810816,1.0,1746437456.6128962
0.625,29.83333396911621,2485,1.98611581325531,2484,0.28211307525634766,0.015625,0.7477115392684937,44.674049377441406,982.998035026,19632,0.9867139458656311,1.27646803855896,3816960,1.0,1746437458.1421995
0.6569010615348816,29.78645896911621,2506,1.98611581325531,2505,0.3533012270927429,0.01692708395421505,0.7114880084991455,44.674049377441406,990.991351659,19800,0.9867139458656311,1.3138021230697632,3849216,1.0,1746437466.1354551
0.5494791865348816,29.95768165588379,2516,1.98611581325531,2515,0.33680057525634766,0.01627604104578495,0.7077416777610779,44.674049377441406,994.781257371,19880,0.9867139458656311,1.180559754371643,3864576,1.0,1746437469.925498
0.6184895634651184,30.05208396911621,2527,1.98611581325531,2526,0.29881036281585693,0.015625,0.6931380033493042,44.674049377441406,998.964348297,19968,0.9867139458656311,1.258658766746521,3881472,1.0,1746437474.108554
0.6360676884651184,30.05924415588379,2532,1.98611581325531,2531,0.29208317399024963,0.01627604104578495,0.6847032308578491,44.674049377441406,1000.862815958,20008,0.9867139458656311,1.290468692779541,3889152,1.0,1746437476.0070615
0.56640625,29.400390625,2541,1.98611581325531,2540,0.3244591951370239,0.01627604104578495,0.6829841732978821,44.674049377441406,1004.286279243,20080,0.9867139458656311,1.187571406364441,3902976,1.0,1746437479.4302871
0.640625,29.39192771911621,2542,1.98611581325531,2541,0.2839401364326477,0.01627604104578495,0.6789634227752686,44.674049377441406,1004.665902909,20088,0.9867139458656311,1.281249761581421,3904512,1.0,1746437479.8100536
0.6282551884651184,29.86588478088379,2557,1.98611581325531,2556,0.2863645553588867,0.01627604104578495,0.6650401949882507,44.674049377441406,1010.353923135,20208,0.9867139458656311,1.2616405487060547,3927552,1.0,1746437485.498044
0.5774739384651184,29.85546875,2568,1.98611581325531,2567,0.2881906032562256,0.015625,0.6591223478317261,44.674049377441406,1014.537638501,20296,0.9867139458656311,1.2026562690734863,3944448,1.0,1746437489.6818697
0.5989583134651184,30.46875,2588,1.98611581325531,2587,0.28572559356689453,0.015625,0.637417197227478,44.674049377441406,1022.171095722,20456,0.9867139458656311,1.2320181131362915,3975168,1.0,1746437497.3153443
0.6243489384651184,29.61197853088379,2592,1.98611581325531,2591,0.28128582239151,0.015625,0.6423730850219727,44.674049377441406,1023.687131763,20488,0.9867139458656311,1.272818922996521,3981312,1.0,1746437498.8313773
0.5553385615348816,29.5859375,2610,1.937780499458313,2609,0.2568512558937073,0.01627604104578495,0.6346645951271057,46.26685333251953,1030.600301097,20632,0.9447565078735352,1.1734048128128052,4008960,1.0,1746437505.7445412
0.5833333134651184,30.22135353088379,2613,1.937780499458313,2612,0.28503870964050293,0.015625,0.6315315365791321,46.26685333251953,1031.736984203,20656,0.9447565078735352,1.2076854705810547,4013568,1.0,1746437506.8812525
0.5462239384651184,30.12239646911621,2618,1.937780499458313,2617,0.29164570569992065,0.01627604104578495,0.6289329528808594,46.26685333251953,1033.64400464,20696,0.9447565078735352,1.1737629175186157,4021248,1.0,1746437508.7882192
0.6640625,30.46354103088379,2639,1.937780499458313,2638,0.3122064769268036,0.015625,0.6192694902420044,46.26685333251953,1041.624595373,20864,0.9447565078735352,1.328125,4053504,1.0,1746437516.768792
0.62109375,29.93489646911621,2641,1.937780499458313,2640,0.319555401802063,0.015625,0.6260303258895874,46.26685333251953,1042.382456978,20880,0.9447565078735352,1.2739778757095337,4056576,1.0,1746437517.526678
0.615234375,30.46354103088379,2657,1.937780499458313,2656,0.26929399371147156,0.015625,0.6149846315383911,46.26685333251953,1048.459527051,21008,0.9447565078735352,1.2453123331069946,4081152,1.0,1746437523.6037376
0.5787760615348816,30.30338478088379,2661,1.937780499458313,2660,0.3111867606639862,0.015625,0.606414794921875,46.26685333251953,1049.975179325,21040,0.9447565078735352,1.2086586952209473,4087296,1.0,1746437525.1194172
0.615234375,29.82291603088379,2670,1.937780499458313,2669,0.27472078800201416,0.015625,0.6105217933654785,46.26685333251953,1053.392095574,21112,0.9447565078735352,1.2626951932907104,4101120,1.0,1746437528.536056
0.5358073115348816,30.453125,2697,1.937780499458313,2696,0.27838999032974243,0.01627604104578495,0.5881487131118774,46.26685333251953,1063.645144243,21328,0.9447565078735352,1.154495358467102,4142592,1.0,1746437538.7894065
0.5963541865348816,29.9453125,2701,1.937780499458313,2700,0.308912456035614,0.015625,0.601158618927002,46.26685333251953,1065.160674397,21360,0.9447565078735352,1.2187336683273315,4148736,1.0,1746437540.304903
0.6432291865348816,29.96940040588379,2720,1.937780499458313,2719,0.2649650573730469,0.01692708395421505,0.5844823122024536,46.26685333251953,1072.382577761,21512,0.9447565078735352,1.2864583730697632,4177920,1.0,1746437547.5265834
0.625,30.43619728088379,2734,1.937780499458313,2733,0.29657503962516785,0.01692708395421505,0.5939721465110779,46.26685333251953,1077.727715563,21624,0.9447565078735352,1.2701138257980347,4199424,1.0,1746437552.8715415
0.619140625,29.47786521911621,2770,1.937780499458313,2769,0.2624751329421997,0.015625,0.5771006941795349,46.26685333251953,1091.437217875,21912,0.9447565078735352,1.2640396356582642,4254720,1.0,1746437566.581288
0.6328125,29.5546875,2801,1.937780499458313,2800,0.33170852065086365,0.01692708395421505,0.5774703025817871,46.26685333251953,1103.243868977,22160,0.9447565078735352,1.2679945230484009,4302336,1.0,1746437578.3878744
0.5709635615348816,29.54296875,2817,1.937780499458313,2816,0.2749965190887451,0.01627604104578495,0.5649216175079346,46.26685333251953,1109.329586864,22288,0.9447565078735352,1.1859861612319946,4326912,1.0,1746437584.4735765
0.619140625,30.00911521911621,2832,1.937780499458313,2831,0.25583165884017944,0.015625,0.5608346462249756,46.26685333251953,1115.0329613,22408,0.9447565078735352,1.238281011581421,4349952,1.0,1746437590.1769805
0.5872395634651184,29.79166603088379,2838,1.937780499458313,2837,0.26933959126472473,0.01627604104578495,0.5527357459068298,46.26685333251953,1117.312565291,22456,0.9447565078735352,1.2199478149414062,4359168,1.0,1746437592.456568
0.64453125,30.38020896911621,2844,1.937780499458313,2843,0.27735966444015503,0.015625,0.5694196224212646,46.26685333251953,1119.591960948,22504,0.9447565078735352,1.2890625,4368384,1.0,1746437594.7359474
0.5104166865348816,30.38802146911621,2856,1.937780499458313,2855,0.33886611461639404,0.015625,0.5805693864822388,46.26685333251953,1124.151233752,22600,0.9447565078735352,1.1181964874267578,4386816,1.0,1746437599.295287
0.560546875,30.87890625,2867,1.937780499458313,2866,0.13098472356796265,0.015625,0.5846329927444458,46.26685333251953,1128.333626805,22688,0.9447565078735352,1.1919138431549072,4403712,1.0,1746437603.4778097
0.513671875,30.30729103088379,2868,1.937780499458313,2867,0.12001264095306396,0.015625,0.5902237892150879,46.26685333251953,1128.712543033,22696,0.9447565078735352,1.145588994026184,4405248,1.0,1746437603.8567536
0.5989583134651184,29.33854103088379,2873,1.937780499458313,2872,0.1324075311422348,0.01627604104578495,0.6081438064575195,46.26685333251953,1130.611517499,22736,0.9447565078735352,1.2437987327575684,4412928,1.0,1746437605.7557275
0.6139323115348816,28.74934959411621,2899,1.937780499458313,2898,0.14708730578422546,0.01888020895421505,0.6353162527084351,46.26685333251953,1140.482422063,22944,0.9447565078735352,1.2746843099594116,4452864,1.0,1746437615.6266465
0.5944010615348816,29.55989646911621,2904,1.937780499458313,2903,0.28093913197517395,0.01627604104578495,0.6266558170318604,46.26685333251953,1142.382551481,22984,0.9447565078735352,1.235852837562561,4460544,1.0,1746437617.5267
0.673828125,29.14583396911621,2944,1.977459192276001,2943,0.2333439588546753,0.01888020895421505,0.594084620475769,43.8363151550293,1157.638542098,23304,0.9795396327972412,1.34765625,4521984,1.0,1746437632.7827597
0.5813801884651184,29.74609375,2945,1.977459192276001,2944,0.21677011251449585,0.01627604104578495,0.5979558825492859,43.8363151550293,1158.017421386,23312,0.9795396327972412,1.2201268672943115,4523520,1.0,1746437633.1616247
0.6848958134651184,29.029296875,2952,1.977459192276001,2951,0.20636186003684998,0.01953125,0.5886002779006958,43.8363151550293,1160.671070924,23368,0.9795396327972412,1.3697916269302368,4534272,1.0,1746437635.8152869
0.658203125,29.07421875,2985,1.977459192276001,2984,0.2097456455230713,0.01822916604578495,0.5792902708053589,43.8363151550293,1173.196807308,23632,0.9795396327972412,1.3333039283752441,4584960,1.0,1746437648.3409717
0.5852864384651184,29.251953125,3010,1.977459192276001,3009,0.19624212384223938,0.01822916604578495,0.5906344652175903,43.8363151550293,1182.678025048,23832,0.9795396327972412,1.241181492805481,4623360,1.0,1746437657.8222413
0.66015625,29.650390625,3015,1.977459192276001,3014,0.19865478575229645,0.01627604104578495,0.5945248603820801,43.8363151550293,1184.577391665,23872,0.9795396327972412,1.3203125,4631040,1.0,1746437659.7215967
0.6204426884651184,30.00260353088379,3026,1.977459192276001,3025,0.25847744941711426,0.015625,0.5821966528892517,43.8363151550293,1188.769837368,23960,0.9795396327972412,1.2777440547943115,4647936,1.0,1746437663.9140568
0.6067708134651184,29.82421875,3048,1.977459192276001,3047,0.21830949187278748,0.015625,0.5798524022102356,43.8363151550293,1197.112797135,24136,0.9795396327972412,1.2600911855697632,4681728,1.0,1746437672.2570157
0.5559895634651184,29.79557228088379,3056,1.977459192276001,3055,0.24321585893630981,0.01627604104578495,0.57744961977005,43.8363151550293,1200.147615645,24200,0.9795396327972412,1.1886489391326904,4694016,1.0,1746437675.2918212
0.55078125,29.34244728088379,3080,1.977459192276001,3079,0.1924012154340744,0.01627604104578495,0.5790889859199524,43.8363151550293,1209.256292924,24392,0.9795396327972412,1.155442714691162,4730880,1.0,1746437684.4003341
0.6139323115348816,29.28450584411621,3083,1.977459192276001,3082,0.22386088967323303,0.01692708395421505,0.5657206773757935,43.8363151550293,1210.3937765,24416,0.9795396327972412,1.2474933862686157,4735488,1.0,1746437685.5379896
0.6575520634651184,30.04557228088379,3094,1.977459192276001,3093,0.22978726029396057,0.01692708395421505,0.5652220249176025,43.8363151550293,1214.564054385,24504,0.9795396327972412,1.3151041269302368,4752384,1.0,1746437689.7082965
0.5963541865348816,28.88932228088379,3105,1.977459192276001,3104,0.20284804701805115,0.01692708395421505,0.5695842504501343,43.8363151550293,1218.736710613,24592,0.9795396327972412,1.2309471368789673,4769280,1.0,1746437693.8809457
0.58984375,29.43359375,3108,1.977459192276001,3107,0.23786607384681702,0.015625,0.5551450252532959,43.8363151550293,1219.87414157,24616,0.9795396327972412,1.2114289999008179,4773888,1.0,1746437695.018368
0.6126301884651184,29.76171875,3121,1.977459192276001,3120,0.1306045800447464,0.01627604104578495,0.5692228078842163,43.8363151550293,1224.808577048,24720,0.9795396327972412,1.26206374168396,4793856,1.0,1746437699.9527876
0.611328125,29.74934959411621,3128,1.977459192276001,3127,0.1987999826669693,0.01627604104578495,0.5682147145271301,43.8363151550293,1227.461694777,24776,0.9795396327972412,1.2529295682907104,4804608,1.0,1746437702.60592
0.6263020634651184,29.56900978088379,3138,1.977459192276001,3137,0.12589651346206665,0.017578125,0.6040050387382507,43.8363151550293,1231.259003784,24856,0.9795396327972412,1.2870181798934937,4819968,1.0,1746437706.4032207
0.65234375,29.68684959411621,3140,1.977459192276001,3139,0.14527073502540588,0.01692708395421505,0.5968411564826965,43.8363151550293,1232.017095199,24872,0.9795396327972412,1.3186033964157104,4823040,1.0,1746437707.1613376
0.6549479365348816,29.79752540588379,3185,1.977459192276001,3184,0.10358688235282898,0.017578125,0.6471236348152161,43.8363151550293,1249.078487298,25232,0.9795396327972412,1.3098958730697632,4892160,1.0,1746437724.2227163
0.6419270634651184,28.96028709411621,3253,1.9866580963134766,3252,0.11279627680778503,0.01888020895421505,0.6527241468429565,43.89840316772461,1274.964680173,25776,0.9882451295852661,1.297818899154663,4996608,0.9999999403953552,1746437750.1088889
0.6158854365348816,29.578125,3256,1.9866580963134766,3255,0.14729008078575134,0.017578125,0.6503337025642395,43.89840316772461,1276.103539438,25800,0.9882451295852661,1.2698240280151367,5001216,0.9999999403953552,1746437751.2477634
0.6829426884651184,28.97265625,3271,1.9866580963134766,3270,0.10224881768226624,0.01822916604578495,0.6548106670379639,43.89840316772461,1281.790667964,25920,0.9882451295852661,1.3677408695220947,5024256,0.9999999403953552,1746437756.9348986
0.5826823115348816,30.76106834411621,3278,1.9866580963134766,3277,0.1254158616065979,0.01627604104578495,0.6591635942459106,43.89840316772461,1284.445844251,25976,0.9882451295852661,1.2203514575958252,5035008,0.9999999403953552,1746437759.5900533
0.640625,30.36067771911621,3291,1.9866580963134766,3290,0.13928017020225525,0.014973958022892475,0.6721609830856323,43.89840316772461,1289.376924632,26080,0.9882451295852661,1.3028709888458252,5054976,0.9999999403953552,1746437764.5211484
0.5611979365348816,29.83333396911621,3310,1.9866580963134766,3309,0.0906493291258812,0.015625,0.6877540349960327,43.89840316772461,1296.58230745,26232,0.9882451295852661,1.1764615774154663,5084160,0.9999999403953552,1746437771.726539
0.6321614384651184,29.23046875,3312,1.9866580963134766,3311,0.11019276082515717,0.01692708395421505,0.688014030456543,43.89840316772461,1297.340309786,26248,0.9882451295852661,1.2819139957427979,5087232,0.9999999403953552,1746437772.484566
0.6341145634651184,29.70052146911621,3329,1.9866580963134766,3328,0.11726409941911697,0.015625,0.6927038431167603,43.89840316772461,1303.792817233,26384,0.9882451295852661,1.2759310007095337,5113344,0.9999999403953552,1746437778.9369278
0.630859375,29.26171875,3331,1.9866580963134766,3330,0.10279826819896698,0.01627604104578495,0.6795873641967773,43.89840316772461,1304.550967939,26400,0.9882451295852661,1.26171875,5116416,0.9999999403953552,1746437779.6951592
0.6295573115348816,29.75650978088379,3337,1.9866580963134766,3336,0.07833081483840942,0.01692708395421505,0.684430718421936,43.89840316772461,1306.827429665,26448,0.9882451295852661,1.2829099893569946,5125632,0.9999999403953552,1746437781.971659
0.6979166865348816,28.20833396911621,3351,1.9866580963134766,3350,0.10706198215484619,0.02018229104578495,0.689050555229187,43.89840316772461,1312.137561103,26560,0.9882451295852661,1.3958333730697632,5147136,0.9999999403953552,1746437787.281782
0.6770833134651184,28.60677146911621,3353,1.9866580963134766,3352,0.1044292151927948,0.02018229104578495,0.697596549987793,43.89840316772461,1312.895501813,26576,0.9882451295852661,1.3557584285736084,5150208,0.9999999403953552,1746437788.0396912
0.6751301884651184,30.10286521911621,3355,1.9866580963134766,3354,0.090372234582901,0.017578125,0.6917538046836853,43.89840316772461,1313.653502827,26592,0.9882451295852661,1.3502603769302368,5153280,0.9999999403953552,1746437788.7976978
0.6790364384651184,29.05794334411621,3362,1.9866580963134766,3361,0.08636099100112915,0.01822916604578495,0.6952865719795227,43.89840316772461,1316.306846804,26648,0.9882451295852661,1.3580728769302368,5164032,0.9999999403953552,1746437791.4510758
0.68359375,28.796875,3365,1.9866580963134766,3364,0.1042255163192749,0.01822916604578495,0.6923601031303406,43.89840316772461,1317.443439518,26672,0.9882451295852661,1.3671875,5168640,0.9999999403953552,1746437792.5876684
0.64453125,29.70638084411621,3367,1.9866580963134766,3366,0.10224892944097519,0.017578125,0.6887466907501221,43.89840316772461,1318.201469947,26688,0.9882451295852661,1.308437466621399,5171712,0.9999999403953552,1746437793.3456683
0.6796875,28.74479103088379,3378,1.9866580963134766,3377,0.11571086943149567,0.01888020895421505,0.6655758023262024,43.89840316772461,1322.370862109,26776,0.9882451295852661,1.359375,5188608,0.9999999403953552,1746437797.5150862
0.6614583134651184,28.40364646911621,3399,1.9866580963134766,3398,0.1377430111169815,0.01888020895421505,0.6558935642242432,43.89840316772461,1330.333139661,26944,0.9882451295852661,1.3229166269302368,5220864,0.9999999403953552,1746437805.4773612
0.650390625,29.751953125,3400,1.9866580963134766,3399,0.1322009265422821,0.017578125,0.6461673378944397,43.89840316772461,1330.712035014,26952,0.9882451295852661,1.3255274295806885,5222400,0.9999999403953552,1746437805.8562622
0.6022135615348816,28.66861915588379,3415,1.9866580963134766,3414,0.12840738892555237,0.021484375,0.6570874452590942,43.89840316772461,1336.399366469,27072,0.9882451295852661,1.2791796922683716,5245440,0.9999999403953552,1746437811.5436068
0.6627604365348816,28.439453125,3418,1.9866580963134766,3417,0.13171342015266418,0.01888020895421505,0.6467823386192322,43.89840316772461,1337.536170342,27096,0.9882451295852661,1.325520634651184,5250048,0.9999999403953552,1746437812.6804142
0.6575520634651184,28.419921875,3476,1.9866580963134766,3475,0.08776743710041046,0.01953125,0.6749225854873657,43.89840316772461,1359.560120074,27560,0.9882451295852661,1.3381997346878052,5339136,0.9999999403953552,1746437834.7043316
0.6673176884651184,28.01106834411621,3515,1.9866580963134766,3514,0.07700792700052261,0.02018229104578495,0.6861408948898315,43.89840316772461,1374.34340317,27872,0.9882451295852661,1.3346353769302368,5399040,0.9999999403953552,1746437849.487621
0.69921875,29.30403709411621,3531,1.9866580963134766,3530,0.06355918943881989,0.02018229104578495,0.6935147047042847,43.89840316772461,1380.410434318,28000,0.9882451295852661,1.3984375,5423616,0.9999999403953552,1746437855.5546672
0.6653645634651184,28.22135353088379,3541,1.9866580963134766,3540,0.07588212937116623,0.021484375,0.6880670189857483,43.89840316772461,1384.203193975,28080,0.9882451295852661,1.35243821144104,5438976,0.9999999403953552,1746437859.3474264
0.705078125,28.44856834411621,3546,1.9866580963134766,3545,0.0680307000875473,0.02278645895421505,0.6967317461967468,43.89840316772461,1386.098877433,28120,0.9882451295852661,1.41015625,5446656,0.9999999403953552,1746437861.2431245
0.7018229365348816,28.70247459411621,3554,1.9866580963134766,3553,0.10572364926338196,0.021484375,0.7028599977493286,43.89840316772461,1389.131089154,28184,0.9882451295852661,1.4036458730697632,5458944,0.9999999403953552,1746437864.2753408
0.6901041865348816,28.07747459411621,3557,1.9866580963134766,3556,0.09154330939054489,0.02213541604578495,0.692482590675354,43.89840316772461,1390.267943733,28208,0.9882451295852661,1.3802083730697632,5463552,0.9999999403953552,1746437865.4121752
0.6829426884651184,28.916015625,3571,1.9866580963134766,3570,0.04916707053780556,0.02018229104578495,0.7335956692695618,43.89840316772461,1395.578773195,28320,0.9882451295852661,1.3658853769302368,5485056,0.9999999403953552,1746437870.722986
0.6393229365348816,28.84440040588379,3579,1.993125319480896,3578,0.06721620261669159,0.01822916604578495,0.7372525930404663,41.75205612182617,1398.692928666,28384,0.9940254092216492,1.3030109405517578,5497344,1.0,1746437873.837163
0.6744791865348816,28.75911521911621,3580,1.993125319480896,3579,0.07516035437583923,0.01888020895421505,0.741580605506897,41.75205612182617,1399.072027163,28392,0.9940254092216492,1.3489583730697632,5498880,1.0,1746437874.2162437
0.6484375,28.73307228088379,3582,1.993125319480896,3581,0.05201784521341324,0.01953125,0.7412213087081909,41.75205612182617,1399.829958176,28408,0.9940254092216492,1.3208690881729126,5501952,1.0,1746437874.9741879
0.6953125,27.96224021911621,3587,1.993125319480896,3586,0.05755621939897537,0.02018229104578495,0.7471096515655518,41.75205612182617,1401.725180212,28448,0.9940254092216492,1.390625,5509632,1.0,1746437876.8693964
0.6197916865348816,28.95052146911621,3634,1.993125319480896,3633,0.0472969189286232,0.01888020895421505,0.788307249546051,41.75205612182617,1419.547587597,28824,0.9940254092216492,1.294387936592102,5581824,1.0,1746437894.6918108
0.66015625,30.02604103088379,3639,1.993125319480896,3638,0.03907175734639168,0.01692708395421505,0.7885204553604126,41.75205612182617,1421.444688833,28864,0.9940254092216492,1.321328043937683,5589504,1.0,1746437896.5889378
0.6907551884651184,27.64974021911621,3647,1.993125319480896,3646,0.10498471558094025,0.02213541604578495,0.7900888919830322,41.75205612182617,1424.47829087,28928,0.9940254092216492,1.3815103769302368,5601792,1.0,1746437899.6225116
0.6764323115348816,28.28645896911621,3654,1.993125319480896,3653,0.04240860790014267,0.02083333395421505,0.7970252633094788,41.75205612182617,1427.132469306,28984,0.9940254092216492,1.3528646230697632,5612544,1.0,1746437902.2767212
0.6809895634651184,28.70052146911621,3655,1.993125319480896,3654,0.04293401539325714,0.02083333395421505,0.794670820236206,41.75205612182617,1427.511427378,28992,0.9940254092216492,1.3619791269302368,5614080,1.0,1746437902.6556642
0.6861979365348816,28.25846290588379,3664,1.993125319480896,3663,0.06112423166632652,0.02213541604578495,0.8116267919540405,41.75205612182617,1430.924204237,29064,0.9940254092216492,1.3723958730697632,5627904,1.0,1746437906.0684385
0.6569010615348816,29.33333396911621,3675,1.993125319480896,3674,0.08838527649641037,0.01888020895421505,0.8090887665748596,41.75205612182617,1435.097225448,29152,0.9940254092216492,1.3375390768051147,5644800,1.0,1746437910.2414439
0.6764323115348816,29.67643165588379,3685,1.993125319480896,3684,0.05445088446140289,0.01953125,0.8237305283546448,41.75205612182617,1438.887612503,29232,0.9940254092216492,1.3573306798934937,5660160,1.0,1746437914.0318038
0.650390625,28.57877540588379,3702,1.993125319480896,3701,0.03564871847629547,0.02083333395421505,0.8285925984382629,41.75205612182617,1445.336570651,29368,0.9940254092216492,1.32443368434906,5686272,1.0,1746437920.48078
0.6686198115348816,28.412109375,3710,1.993125319480896,3709,0.08328771591186523,0.01953125,0.8333746194839478,41.75205612182617,1448.368053575,29432,0.9940254092216492,1.3372396230697632,5698560,1.0,1746437923.51228
0.685546875,28.759765625,3723,1.993125319480896,3722,0.053003713488578796,0.02018229104578495,0.822425901889801,41.75205612182617,1453.298640759,29536,0.9940254092216492,1.37109375,5718528,1.0,1746437928.4428298
0.6920573115348816,27.28450584411621,3747,1.993125319480896,3746,0.07497618347406387,0.02278645895421505,0.8422642946243286,41.75205612182617,1462.397598131,29728,0.9940254092216492,1.3841146230697632,5755392,1.0,1746437937.541828
0.6809895634651184,28.7578125,3755,1.993125319480896,3754,0.047668348997831345,0.021484375,0.8618954420089722,41.75205612182617,1465.430405587,29792,0.9940254092216492,1.379752516746521,5767680,1.0,1746437940.5746312
0.673828125,27.66796875,3767,1.993125319480896,3766,0.039681464433670044,0.02278645895421505,0.8640240430831909,41.75205612182617,1469.988090171,29888,0.9940254092216492,1.3614063262939453,5786112,1.0,1746437945.1323192
0.6946614384651184,28.19856834411621,3772,1.993125319480896,3771,0.04154998064041138,0.021484375,0.8652325868606567,41.75205612182617,1471.891048437,29928,0.9940254092216492,1.3893228769302368,5793792,1.0,1746437947.035254
0.68359375,28.77604103088379,3791,1.993125319480896,3790,0.056189507246017456,0.01888020895421505,0.8737491369247437,41.75205612182617,1479.092555152,30080,0.9940254092216492,1.3671875,5822976,1.0,1746437954.2367923
0.6614583134651184,29.2265625,3797,1.993125319480896,3796,0.16956649720668793,0.017578125,0.8599164485931396,41.75205612182617,1481.372269691,30128,0.9940254092216492,1.3229166269302368,5832192,1.0,1746437956.5164914
0.6575520634651184,29.31900978088379,3800,1.993125319480896,3799,0.03738688677549362,0.01627604104578495,0.8676977753639221,41.75205612182617,1482.509527406,30152,0.9940254092216492,1.3342090845108032,5836800,1.0,1746437957.6537533
0.6829426884651184,28.412109375,3807,1.993125319480896,3806,0.036907363682985306,0.02018229104578495,0.877432644367218,41.75205612182617,1485.1631291,30208,0.9940254092216492,1.3658853769302368,5847552,1.0,1746437960.307376
0.6731770634651184,28.36328125,3816,1.993125319480896,3815,0.05030232295393944,0.02083333395421505,0.8717719912528992,41.75205612182617,1488.5758535,30280,0.9940254092216492,1.3463541269302368,5861376,1.0,1746437963.7200832
0.66796875,28.96614646911621,3829,1.993125319480896,3828,0.04548740014433861,0.02018229104578495,0.88495272397995,41.75205612182617,1493.503623898,30384,0.9940254092216492,1.3555208444595337,5881344,1.0,1746437968.6478436
0.6822916865348816,28.20182228088379,3849,1.993125319480896,3848,0.05186903849244118,0.02213541604578495,0.8645368218421936,41.75205612182617,1501.092455602,30544,0.9940254092216492,1.3645833730697632,5912064,1.0,1746437976.2366724
0.669921875,28.9453125,3857,1.993125319480896,3856,0.05320892110466957,0.01822916604578495,0.8731170296669006,41.75205612182617,1504.125341906,30608,0.9940254092216492,1.3461782932281494,5924352,1.0,1746437979.2695527
0.7109375,27.828125,3861,1.993125319480896,3860,0.05154529586434364,0.02278645895421505,0.8761196136474609,41.75205612182617,1505.64108431,30640,0.9940254092216492,1.421875,5930496,1.0,1746437980.785332
0.6985676884651184,28.765625,3868,1.993125319480896,3867,0.04668557643890381,0.02213541604578495,0.8687307834625244,41.75205612182617,1508.29395877,30696,0.9940254092216492,1.3971353769302368,5941248,1.0,1746437983.4382272
0.6881510615348816,27.74544334411621,3897,1.993125319480896,3896,0.060415443032979965,0.021484375,0.8626226782798767,41.75205612182617,1519.316012493,30928,0.9940254092216492,1.3763021230697632,5985792,1.0,1746437994.4602509
0.646484375,28.23372459411621,3906,1.9886212348937988,3905,0.04625996947288513,0.01888020895421505,0.8581113815307617,47.01728820800781,1522.814371074,31000,0.9890809655189514,1.3177733421325684,5999616,1.0,1746437997.958605
0.7063801884651184,28.45703125,3907,1.9886212348937988,3906,0.041458602994680405,0.021484375,0.868549108505249,47.01728820800781,1523.193323757,31008,0.9890809655189514,1.4127603769302368,6001152,1.0,1746437998.3375413
0.6822916865348816,27.46224021911621,3918,1.9886212348937988,3917,0.05718517675995827,0.02278645895421505,0.8800835609436035,47.01728820800781,1527.363502261,31096,0.9890809655189514,1.3880208730697632,6018048,1.0,1746438002.5077245
0.6751301884651184,27.78125,3932,1.9886212348937988,3931,0.051806919276714325,0.02278645895421505,0.9005164504051208,47.01728820800781,1532.672477447,31208,0.9890809655189514,1.3747330904006958,6039552,1.0,1746438007.8166866
0.6536458134651184,27.70182228088379,3941,1.9886212348937988,3940,0.10753162205219269,0.021484375,0.9014593362808228,47.01728820800781,1536.083622674,31280,0.9890809655189514,1.331510305404663,6053376,1.0,1746438011.2278485
0.6901041865348816,27.80403709411621,3952,1.9886212348937988,3951,0.08099585771560669,0.02278645895421505,0.8982623815536499,47.01728820800781,1540.253901357,31368,0.9890809655189514,1.3802083730697632,6070272,1.0,1746438015.3981023
0.6875,28.10025978088379,3956,1.9886212348937988,3955,0.08036764711141586,0.021484375,0.9009222388267517,47.01728820800781,1541.770000725,31400,0.9890809655189514,1.375,6076416,1.0,1746438016.9142199
0.66015625,28.46224021911621,3971,1.9886212348937988,3970,0.07609677314758301,0.02083333395421505,0.8908469080924988,47.01728820800781,1547.455681579,31520,0.9890809655189514,1.3357031345367432,6099456,1.0,1746438022.5998924
0.6549479365348816,28.919921875,3975,1.9886212348937988,3974,0.07830667495727539,0.01888020895421505,0.8897119164466858,47.01728820800781,1548.971362957,31552,0.9890809655189514,1.3148958683013916,6105600,1.0,1746438024.1155884
0.6647135615348816,28.10677146911621,4001,1.9886212348937988,4000,0.07813350856304169,0.021484375,0.894645094871521,47.01728820800781,1558.82943815,31760,0.9890809655189514,1.3560872077941895,6145536,1.0,1746438033.9736645
0.6848958134651184,27.48177146911621,4037,1.9886212348937988,4036,0.07523374259471893,0.02278645895421505,0.8720409870147705,47.01728820800781,1572.478286179,32048,0.9890809655189514,1.3741893768310547,6200832,1.0,1746438047.6225443
0.6653645634651184,28.14518165588379,4051,1.9886212348937988,4050,0.07790519297122955,0.021484375,0.8674265742301941,47.01728820800781,1577.791510922,32160,0.9890809655189514,1.3519207239151,6222336,1.0,1746438052.9356704
0.6881510615348816,29.33203125,4067,1.9886212348937988,4066,0.07674658298492432,0.01888020895421505,0.8497087955474854,47.01728820800781,1583.860818067,32288,0.9890809655189514,1.3763021230697632,6246912,1.0,1746438059.005016
0.66796875,28.10025978088379,4070,1.9886212348937988,4069,0.0831318125128746,0.021484375,0.8400492668151855,47.01728820800781,1584.998363074,32312,0.9890809655189514,1.358609914779663,6251520,1.0,1746438060.1425724
0.6686198115348816,27.86197853088379,4077,1.9886212348937988,4076,0.07631583511829376,0.01953125,0.8529074192047119,47.01728820800781,1587.652477778,32368,0.9890809655189514,1.3372396230697632,6262272,1.0,1746438062.7966905
0.662109375,27.55989646911621,4088,1.9886212348937988,4087,0.07975649833679199,0.021484375,0.8493857383728027,47.01728820800781,1591.82484714,32456,0.9890809655189514,1.3523699045181274,6279168,1.0,1746438066.9690745
0.623046875,28.89192771911621,4101,1.9886212348937988,4100,0.0838102251291275,0.01888020895421505,0.8397758603096008,47.01728820800781,1596.753031552,32560,0.9890809655189514,1.2899672985076904,6299136,1.0,1746438071.897282
0.6686198115348816,29.40169334411621,4102,1.9886212348937988,4101,0.07886644452810287,0.02018229104578495,0.8461277484893799,47.01728820800781,1597.131849148,32568,0.9890809655189514,1.3372396230697632,6300672,1.0,1746438072.2760613
0.6796875,28.51692771911621,4105,1.9886212348937988,4104,0.07900949567556381,0.02018229104578495,0.8465496301651001,47.01728820800781,1598.268925265,32592,0.9890809655189514,1.3599739074707031,6305280,1.0,1746438073.4131594
0.609375,28.220703125,4107,1.9886212348937988,4106,0.08808556199073792,0.01888020895421505,0.8446059226989746,47.01728820800781,1599.026810791,32608,0.9890809655189514,1.2746679782867432,6308352,1.0,1746438074.171018
0.5983073115348816,28.658203125,4123,1.9886212348937988,4122,0.08651132881641388,0.01953125,0.8393615484237671,47.01728820800781,1605.092121464,32736,0.9890809655189514,1.261171817779541,6332928,1.0,1746438080.2363727
0.6354166865348816,28.66471290588379,4136,1.9886212348937988,4135,0.08474896103143692,0.01888020895421505,0.8404171466827393,47.01728820800781,1610.020635628,32840,0.9890809655189514,1.2876203060150146,6352896,1.0,1746438085.1648672
0.6380208134651184,29.9453125,4157,1.9886212348937988,4156,0.08083880692720413,0.01888020895421505,0.8187832832336426,47.01728820800781,1617.986042022,33008,0.9890809655189514,1.3077017068862915,6385152,1.0,1746438093.1303043
0.6829426884651184,29.33072853088379,4175,1.9886212348937988,4174,0.09232859313488007,0.01953125,0.8259120583534241,47.01728820800781,1624.812215204,33152,0.9890809655189514,1.3658853769302368,6412800,1.0,1746438099.9564445
0.6803385615348816,28.42903709411621,4183,1.9886212348937988,4182,0.08071319013834,0.021484375,0.8170448541641235,47.01728820800781,1627.844387799,33216,0.9890809655189514,1.36565101146698,6425088,1.0,1746438102.9885738
0.6477864384651184,28.08984375,4196,1.9886212348937988,4195,0.08178471028804779,0.01888020895421505,0.8360044360160828,47.01728820800781,1632.778334525,33320,0.9890809655189514,1.3147428035736084,6445056,1.0,1746438107.9225442
0.6940104365348816,27.61263084411621,4207,1.9886212348937988,4206,0.0793314278125763,0.021484375,0.8220411539077759,47.01728820800781,1636.948034119,33408,0.9890809655189514,1.3880208730697632,6461952,1.0,1746438112.0922766
0.6536458134651184,29.27213478088379,4262,1.9954231977462769,4261,0.07340478897094727,0.01822916604578495,0.8293280601501465,41.4605827331543,1657.888728594,33848,0.9956204295158386,1.3142187595367432,6546432,1.0,1746438133.0329604
0.6647135615348816,27.861328125,4277,1.9954231977462769,4276,0.08185271918773651,0.02018229104578495,0.8154942393302917,41.4605827331543,1663.574737786,33968,0.9956204295158386,1.355322241783142,6569472,1.0,1746438138.7189794
0.6783854365348816,28.263671875,4298,1.9954231977462769,4297,0.08165091276168823,0.02018229104578495,0.8261613249778748,41.4605827331543,1671.540843672,34136,0.9956204295158386,1.3567708730697632,6601728,1.0,1746438146.6850567
0.6796875,28.61393165588379,4306,1.9954231977462769,4305,0.0895296186208725,0.021484375,0.8244894742965698,41.4605827331543,1674.576542918,34200,0.9956204295158386,1.359375,6614016,1.0,1746438149.7207565
0.6966145634651184,27.73111915588379,4307,1.9954231977462769,4306,0.07996129989624023,0.021484375,0.8263741731643677,41.4605827331543,1674.955679447,34208,0.9956204295158386,1.3932291269302368,6615552,1.0,1746438150.0998936
0.6595051884651184,28.474609375,4327,1.9954231977462769,4326,0.08111384510993958,0.01888020895421505,0.826479434967041,41.4605827331543,1682.558037072,34368,0.9956204295158386,1.3195866346359253,6646272,1.0,1746438157.7022645
0.6028645634651184,29.05859375,4332,1.9954231977462769,4331,0.08232522010803223,0.01953125,0.8154745101928711,41.4605827331543,1684.452894518,34408,0.9956204295158386,1.2662400007247925,6653952,1.0,1746438159.5971265
0.6927083134651184,28.4609375,4343,1.9954231977462769,4342,0.07915304601192474,0.021484375,0.8208262920379639,41.4605827331543,1688.621687549,34496,0.9956204295158386,1.3854166269302368,6670848,1.0,1746438163.765913
0.662109375,29.37239646911621,4351,1.9954231977462769,4350,0.0813443511724472,0.01692708395421505,0.8223376274108887,41.4605827331543,1691.657157803,34560,0.9956204295158386,1.32421875,6683136,1.0,1746438166.801373
0.646484375,28.27864646911621,4355,1.9954231977462769,4354,0.07895633578300476,0.01953125,0.8214632272720337,41.4605827331543,1693.176165018,34592,0.9956204295158386,1.3192187547683716,6689280,1.0,1746438168.3203747
0.66796875,27.92513084411621,4359,1.9954231977462769,4358,0.09157727658748627,0.02018229104578495,0.8210270404815674,41.4605827331543,1694.692028043,34624,0.9956204295158386,1.3359375,6695424,1.0,1746438169.8362818
0.662109375,28.609375,4366,1.9954231977462769,4365,0.08430622518062592,0.01953125,0.8212171792984009,41.4605827331543,1697.346871423,34680,0.9956204295158386,1.325292944908142,6706176,1.0,1746438172.4910789
0.6451823115348816,28.78645896911621,4392,1.9954231977462769,4391,0.08098407089710236,0.017578125,0.8072871565818787,41.4605827331543,1707.206746619,34888,0.9956204295158386,1.2903646230697632,6746112,1.0,1746438182.3509789
0.6803385615348816,28.83724021911621,4438,1.9954231977462769,4437,0.08934205770492554,0.02018229104578495,0.8041307926177979,41.4605827331543,1724.656371054,35256,0.9956204295158386,1.3606771230697632,6816768,1.0,1746438199.8006012
0.61328125,28.92513084411621,4449,1.9954231977462769,4448,0.07683014869689941,0.02083333395421505,0.7977454662322998,41.4605827331543,1728.827828123,35344,0.9956204295158386,1.2893552780151367,6833664,1.0,1746438203.9720528
0.6510416865348816,28.47005271911621,4489,1.9954231977462769,4488,0.08081306517124176,0.02018229104578495,0.7952220439910889,41.4605827331543,1743.994198331,35664,0.9956204295158386,1.3192219734191895,6895104,1.0,1746438219.1384382
0.6595051884651184,28.6328125,4514,1.9954231977462769,4513,0.07411904633045197,0.01888020895421505,0.7999146580696106,41.4605827331543,1753.483489479,35864,0.9956204295158386,1.3431315422058105,6933504,1.0,1746438228.6277056
0.6809895634651184,29.0703125,4531,1.9954231977462769,4530,0.07590827345848083,0.02018229104578495,0.8036619424819946,41.4605827331543,1759.931349083,36000,0.9956204295158386,1.3619791269302368,6959616,1.0,1746438235.0755568
0.6256510615348816,29.54557228088379,4539,1.9954231977462769,4538,0.07887035608291626,0.01888020895421505,0.7942602634429932,41.4605827331543,1762.964198637,36064,0.9956204295158386,1.2647786140441895,6971904,1.0,1746438238.1084142
0.6647135615348816,28.857421875,4543,1.9954231977462769,4542,0.07591509073972702,0.02083333395421505,0.8011419773101807,41.4605827331543,1764.480426502,36096,0.9956204295158386,1.3542025089263916,6978048,1.0,1746438239.6246498
0.6783854365348816,28.498046875,4550,1.9932163953781128,4549,0.06697478890419006,0.01953125,0.8067174553871155,40.51875305175781,1767.216291724,36152,0.993630588054657,1.356770634651184,6988800,1.0,1746438242.360503
0.6796875,28.40234375,4553,1.9932163953781128,4552,0.07462791353464127,0.02018229104578495,0.8011648654937744,40.51875305175781,1768.35319015,36176,0.993630588054657,1.359375,6993408,1.0,1746438243.4974334
0.6497395634651184,28.48177146911621,4560,1.9932163953781128,4559,0.07497721910476685,0.02083333395421505,0.8008891344070435,40.51875305175781,1771.00724217,36232,0.993630588054657,1.322766900062561,7004160,1.0,1746438246.1514688
0.6497395634651184,28.04622459411621,4575,1.9932163953781128,4574,0.09310561418533325,0.021484375,0.7888185977935791,40.51875305175781,1776.695399106,36352,0.993630588054657,1.3228451013565063,7027200,1.0,1746438251.8396282
0.6516926884651184,28.916015625,4603,1.9932163953781128,4602,0.06988394260406494,0.01822916604578495,0.7950785160064697,40.51875305175781,1787.312699059,36576,0.993630588054657,1.3329167366027832,7070208,1.0,1746438262.456912
0.5735676884651184,30.13020896911621,4629,1.9932163953781128,4628,0.0796985998749733,0.01627604104578495,0.7890193462371826,40.51875305175781,1797.177443243,36784,0.993630588054657,1.2075974941253662,7110144,1.0,1746438272.3216608
0.6126301884651184,29.7578125,4635,1.9932163953781128,4634,0.08208050578832626,0.01822916604578495,0.7754895687103271,40.51875305175781,1799.452763204,36832,0.993630588054657,1.2836848497390747,7119360,1.0,1746438274.5969992
0.662109375,29.798828125,4646,1.9932163953781128,4645,0.07655129581689835,0.017578125,0.7784645557403564,40.51875305175781,1803.621960003,36920,0.993630588054657,1.3423566818237305,7136256,1.0,1746438278.7661843
0.6627604365348816,28.11002540588379,4650,1.9932163953781128,4649,0.07160365581512451,0.02083333395421505,0.7822559475898743,40.51875305175781,1805.13840619,36952,0.993630588054657,1.34804368019104,7142400,1.0,1746438280.282581
0.6516926884651184,29.58138084411621,4659,1.9932163953781128,4658,0.07567857205867767,0.01822916604578495,0.7722737789154053,40.51875305175781,1808.550117098,37024,0.993630588054657,1.3033853769302368,7156224,1.0,1746438283.694358
0.6393229365348816,29.46158790588379,4673,1.9932163953781128,4672,0.06924113631248474,0.021484375,0.7905970811843872,40.51875305175781,1813.861518707,37136,0.993630588054657,1.3213378190994263,7177728,1.0,1746438289.0057526
0.5787760615348816,28.48697853088379,4694,1.9932163953781128,4693,0.07319962978363037,0.01888020895421505,0.786298394203186,40.51875305175781,1821.825264661,37304,0.993630588054657,1.217011570930481,7209984,1.0,1746438296.9695086
0.677734375,28.0859375,4701,1.9932163953781128,4700,0.0699709802865982,0.02213541604578495,0.7876338958740234,40.51875305175781,1824.478836674,37360,0.993630588054657,1.3770833015441895,7220736,1.0,1746438299.6230662
0.6666666865348816,27.75130271911621,4712,1.9932163953781128,4711,0.07699340581893921,0.02018229104578495,0.7837972640991211,40.51875305175781,1828.648614551,37448,0.993630588054657,1.3435285091400146,7237632,1.0,1746438303.792857
0.673828125,27.72721290588379,4731,1.9932163953781128,4730,0.08260485529899597,0.021484375,0.7692236304283142,40.51875305175781,1835.855256705,37600,0.993630588054657,1.3513542413711548,7266816,1.0,1746438310.9994931
0.67578125,29.130859375,4747,1.9932163953781128,4746,0.08225293457508087,0.01822916604578495,0.7669219970703125,40.51875305175781,1841.922849771,37728,0.993630588054657,1.3515625,7291392,1.0,1746438317.0670948
0.6783854365348816,28.404296875,4777,1.9932163953781128,4776,0.05722201615571976,0.021484375,0.7737348675727844,40.51875305175781,1853.32150328,37968,0.993630588054657,1.3567708730697632,7337472,1.0,1746438328.465737
0.5859375,30.03255271911621,4788,1.9932163953781128,4787,0.07460922002792358,0.015625,0.7403382062911987,40.51875305175781,1857.491803944,38056,0.993630588054657,1.222425103187561,7354368,1.0,1746438332.6360273
0.5983073115348816,29.7578125,4789,1.9932163953781128,4788,0.06534570455551147,0.017578125,0.7565732002258301,40.51875305175781,1857.870898779,38064,0.993630588054657,1.2629165649414062,7355904,1.0,1746438333.0151215
0.6627604365348816,28.53125,4792,1.9932163953781128,4791,0.06145595759153366,0.01953125,0.741190493106842,40.51875305175781,1859.008120737,38088,0.993630588054657,1.347551941871643,7360512,1.0,1746438334.152354
0.62890625,28.83919334411621,4795,1.9932163953781128,4794,0.051348280161619186,0.017578125,0.7574865818023682,40.51875305175781,1860.146242044,38112,0.993630588054657,1.2800781726837158,7365120,1.0,1746438335.290451
0.6809895634651184,28.53255271911621,4796,1.9932163953781128,4795,0.05691908299922943,0.02083333395421505,0.7561327815055847,40.51875305175781,1860.529504631,38120,0.993630588054657,1.3619791269302368,7366656,1.0,1746438335.6737392
0.6529948115348816,28.73828125,4807,1.9932163953781128,4806,0.05983082205057144,0.01953125,0.76418137550354,40.51875305175781,1864.699501532,38208,0.993630588054657,1.330078125,7383552,1.0,1746438339.8437486
0.5865885615348816,27.634765625,4813,1.9932163953781128,4812,0.1076800525188446,0.01953125,0.7493271231651306,40.51875305175781,1866.976539988,38256,0.993630588054657,1.2107974290847778,7392768,1.0,1746438342.1207643
0.67578125,27.51432228088379,4835,1.9932163953781128,4834,0.054144684225320816,0.02083333395421505,0.7472551465034485,40.51875305175781,1875.314973562,38432,0.993630588054657,1.3515625,7426560,1.0,1746438350.4592009
0.6236979365348816,28.85481834411621,4836,1.9932163953781128,4835,0.060038745403289795,0.01822916604578495,0.7496441602706909,40.51875305175781,1875.694886302,38440,0.993630588054657,1.296614408493042,7428096,1.0,1746438350.8391004
0.6842448115348816,28.76041603088379,4841,1.9932163953781128,4840,0.06291483342647552,0.01953125,0.753063440322876,40.51875305175781,1877.590767948,38480,0.993630588054657,1.3684896230697632,7435776,1.0,1746438352.7349877
0.6569010615348816,28.34700584411621,4854,1.9932163953781128,4853,0.05021074414253235,0.02083333395421505,0.7461245656013489,40.51875305175781,1882.519771533,38584,0.993630588054657,1.3331772089004517,7455744,1.0,1746438357.6639838
0.673828125,28.22591209411621,4870,1.9932163953781128,4869,0.06845158338546753,0.01953125,0.7368733882904053,40.51875305175781,1888.584396562,38712,0.993630588054657,1.34765625,7480320,1.0,1746438363.7286055
0.6959635615348816,27.90299415588379,4874,1.9932163953781128,4873,0.056752122938632965,0.021484375,0.7262452244758606,40.51875305175781,1890.100554905,38744,0.993630588054657,1.3919271230697632,7486464,1.0,1746438365.2447844
0.6946614384651184,28.09440040588379,4875,1.9885870218276978,4874,0.06359899789094925,0.02083333395421505,0.7311323285102844,41.22359848022461,1890.56532647,38752,0.9898033738136292,1.3893228769302368,7488000,1.0,1746438365.7095575
0.59375,29.091796875,4883,1.9885870218276978,4882,0.06499934196472168,0.01888020895421505,0.7185092568397522,41.22359848022461,1893.606399288,38816,0.9898033738136292,1.247597575187683,7500288,1.0,1746438368.7506447
0.6751301884651184,27.99934959411621,4900,1.9885870218276978,4899,0.09953649342060089,0.02278645895421505,0.6993584036827087,41.22359848022461,1900.050026777,38952,0.9898033738136292,1.3728970289230347,7526400,1.0,1746438375.1942704
0.6634114384651184,28.72916603088379,4912,1.9885870218276978,4911,0.09641144424676895,0.021484375,0.7115508317947388,41.22359848022461,1904.599588511,39048,0.9898033738136292,1.3394010066986084,7544832,1.0,1746438379.7437904
0.6946614384651184,27.857421875,4944,1.9885870218276978,4943,0.06183650344610214,0.02213541604578495,0.7007068991661072,41.22359848022461,1916.7316985,39304,0.9898033738136292,1.3893228769302368,7593984,1.0,1746438391.8759165
0.65625,28.01106834411621,4948,1.9885870218276978,4947,0.05123632401227951,0.02213541604578495,0.7066201567649841,41.22359848022461,1918.247895307,39336,0.9898033738136292,1.3366209268569946,7600128,1.0,1746438393.3921092
0.685546875,27.71744728088379,4957,1.9885870218276978,4956,0.05872085690498352,0.02083333395421505,0.7055536508560181,41.22359848022461,1921.663755332,39408,0.9898033738136292,1.3837890625,7613952,1.0,1746438396.8079865
0.6803385615348816,28.923828125,4964,1.9885870218276978,4963,0.05530426278710365,0.01822916604578495,0.7090787291526794,41.22359848022461,1924.317582868,39464,0.9898033738136292,1.3606771230697632,7624704,1.0,1746438399.4618087
0.673828125,28.55013084411621,4971,1.9885870218276978,4970,0.062152065336704254,0.01953125,0.7095746994018555,41.22359848022461,1926.973852337,39520,0.9898033738136292,1.3638019561767578,7635456,1.0,1746438402.118036
0.595703125,27.43294334411621,4985,1.9885870218276978,4984,0.06148255243897438,0.02083333395421505,0.7012941241264343,41.22359848022461,1932.28092039,39632,0.9898033738136292,1.2361100912094116,7656960,1.0,1746438407.4251537
0.6842448115348816,28.13346290588379,5039,1.9885870218276978,5038,0.05685802176594734,0.02018229104578495,0.670645534992218,41.22359848022461,1952.76991654,40064,0.9898033738136292,1.3684896230697632,7739904,1.0,1746438427.9141426
0.6829426884651184,28.021484375,5058,1.9885870218276978,5057,0.06256269663572311,0.02278645895421505,0.6456706523895264,41.22359848022461,1959.970462474,40216,0.9898033738136292,1.376233696937561,7769088,1.0,1746438435.1146924
0.671875,28.259765625,5059,1.9885870218276978,5058,0.041437938809394836,0.02213541604578495,0.6578782200813293,41.22359848022461,1960.349489378,40224,0.9898033738136292,1.3751496076583862,7770624,1.0,1746438435.49371
0.7102864384651184,27.732421875,5071,1.9885870218276978,5070,0.04603197053074837,0.02278645895421505,0.6547732353210449,41.22359848022461,1964.897418342,40320,0.9898033738136292,1.42121422290802,7789056,1.0,1746438440.0416436
0.7122395634651184,27.32877540588379,5074,1.9885870218276978,5073,0.04145238548517227,0.02278645895421505,0.6465015411376953,41.22359848022461,1966.035028374,40344,0.9898033738136292,1.4244791269302368,7793664,1.0,1746438441.1792734
0.6940104365348816,28.36393165588379,5086,1.9885870218276978,5085,0.04925854504108429,0.02083333395421505,0.6175421476364136,41.22359848022461,1970.586762356,40440,0.9898033738136292,1.4000813961029053,7812096,1.0,1746438445.7310038
0.6907551884651184,27.736328125,5087,1.9885870218276978,5086,0.0489744171500206,0.02213541604578495,0.6250407099723816,41.22359848022461,1970.96575723,40448,0.9898033738136292,1.3815103769302368,7813632,1.0,1746438446.109961
0.69921875,28.11393165588379,5108,1.9885870218276978,5107,0.0483543798327446,0.02213541604578495,0.6276586651802063,41.22359848022461,1978.924897081,40616,0.9898033738136292,1.3984375,7845888,1.0,1746438454.069132
0.6920573115348816,27.69791603088379,5174,1.9885870218276978,5173,0.061319682747125626,0.021484375,0.5769225358963013,41.22359848022461,2003.956312637,41144,0.9898033738136292,1.3841146230697632,7947264,1.0,1746438479.1005483
0.7200520634651184,27.62825584411621,5185,1.9885870218276978,5184,0.05077969655394554,0.0234375,0.6052718162536621,41.22359848022461,2008.146872742,41232,0.9898033738136292,1.4401041269302368,7964160,1.0,1746438483.2701347
0.7063801884651184,27.37825584411621,5201,1.99657142162323,5200,0.05941435694694519,0.02213541604578495,0.6116226315498352,37.900264739990234,2014.297404633,41360,0.9967191815376282,1.4127603769302368,7988736,1.0,1746438489.4416277
0.7174479365348816,27.24739646911621,5204,1.99657142162323,5203,0.05148373916745186,0.0234375,0.618463397026062,37.900264739990234,2015.437515747,41384,0.9967191815376282,1.4348958730697632,7993344,1.0,1746438490.5817406
0.6653645634651184,27.73046875,5206,1.99657142162323,5205,0.06877809762954712,0.02278645895421505,0.6175954341888428,37.900264739990234,2016.195458667,41400,0.9967191815376282,1.3537076711654663,7996416,1.0,1746438491.3396983
0.6529948115348816,27.41666603088379,5213,1.99657142162323,5212,0.038410767912864685,0.021484375,0.6155450940132141,37.900264739990234,2018.848596311,41456,0.9967191815376282,1.329602837562561,8007168,1.0,1746438493.9928048
0.6868489384651184,27.28841209411621,5215,1.99657142162323,5214,0.043388549238443375,0.02278645895421505,0.6182204484939575,37.900264739990234,2019.606547557,41472,0.9967191815376282,1.399453043937683,8010240,1.0,1746438494.7507668
0.6751301884651184,27.927734375,5231,1.99657142162323,5230,0.044165171682834625,0.02278645895421505,0.618613600730896,37.900264739990234,2025.675378677,41600,0.9967191815376282,1.3769205808639526,8034816,1.0,1746438500.819602
0.5846354365348816,28.28125,5241,1.99657142162323,5240,0.052894867956638336,0.01822916604578495,0.6114652156829834,37.900264739990234,2029.464963323,41680,0.9967191815376282,1.2611392736434937,8050176,1.0,1746438504.609172
0.6920573115348816,27.74739646911621,5255,1.99657142162323,5254,0.0440022349357605,0.02083333395421505,0.6119599342346191,37.900264739990234,2034.778479638,41792,0.9967191815376282,1.3841146230697632,8071680,1.0,1746438509.9227443
0.6686198115348816,26.46809959411621,5274,1.99657142162323,5273,0.07141990959644318,0.02213541604578495,0.6244808435440063,37.900264739990234,2041.983953981,41944,0.9967191815376282,1.35749351978302,8100864,1.0,1746438517.1281552
0.7233073115348816,27.2734375,5286,1.99657142162323,5285,0.053724344819784164,0.0234375,0.6361709237098694,37.900264739990234,2046.532724215,42040,0.9967191815376282,1.4466146230697632,8119296,1.0,1746438521.6769364
0.68359375,26.99153709411621,5303,1.99657142162323,5302,0.049737200140953064,0.02278645895421505,0.6330376863479614,37.900264739990234,2052.983598713,42176,0.9967191815376282,1.3891762495040894,8145408,1.0,1746438528.127798
0.6588541865348816,27.53775978088379,5308,1.99657142162323,5307,0.02576460875570774,0.02018229104578495,0.6343143582344055,37.900264739990234,2054.878492798,42216,0.9967191815376282,1.3494466543197632,8153088,1.0,1746438530.0227225
0.6985676884651184,27.39908790588379,5309,1.99657142162323,5308,0.0487816147506237,0.02278645895421505,0.6214703321456909,37.900264739990234,2055.257532673,42224,0.9967191815376282,1.3971353769302368,8154624,1.0,1746438530.4017513
0.7122395634651184,27.38150978088379,5409,1.99657142162323,5408,0.02922881953418255,0.02278645895421505,0.6712805032730103,37.900264739990234,2093.17859334,43024,0.9967191815376282,1.4244791269302368,8308224,1.0,1746438568.322825
0.6803385615348816,27.072265625,5436,1.99657142162323,5435,0.025554735213518143,0.02278645895421505,0.6763544082641602,37.900264739990234,2103.421754388,43240,0.9967191815376282,1.3823697566986084,8349696,1.0,1746438578.5659623
0.6673176884651184,27.65494728088379,5443,1.99657142162323,5442,0.024757925420999527,0.02278645895421505,0.6740536093711853,37.900264739990234,2106.074847086,43296,0.9967191815376282,1.3537856340408325,8360448,1.0,1746438581.21908
0.6731770634651184,27.14583396911621,5453,1.99657142162323,5452,0.03289040923118591,0.02213541604578495,0.6750910878181458,37.900264739990234,2109.866518614,43376,0.9967191815376282,1.3682161569595337,8375808,1.0,1746438585.0107555
0.6907551884651184,26.671875,5462,1.99657142162323,5461,0.034512702375650406,0.02278645895421505,0.6615138053894043,37.900264739990234,2113.278380704,43448,0.9967191815376282,1.3815103769302368,8389632,1.0,1746438588.4225888
0.6725260615348816,27.57942771911621,5479,1.99657142162323,5478,0.040407564491033554,0.02278645895421505,0.6710017919540405,37.900264739990234,2119.723776113,43584,0.9967191815376282,1.3685383796691895,8415744,1.0,1746438594.8680186
0.6920573115348816,27.66927146911621,5492,1.99657142162323,5491,0.028185008093714714,0.02278645895421505,0.6686675548553467,37.900264739990234,2124.659694968,43688,0.9967191815376282,1.3841146230697632,8435712,1.0,1746438599.8038602
0.7115885615348816,27.18424415588379,5495,1.99657142162323,5494,0.051960431039333344,0.0234375,0.6574985384941101,37.900264739990234,2125.796357968,43712,0.9967191815376282,1.4231771230697632,8440320,1.0,1746438600.9405828
0.6888020634651184,27.61002540588379,5508,1.99657142162323,5507,0.12223893404006958,0.0234375,0.6436828374862671,37.900264739990234,2130.72694965,43816,0.9967191815376282,1.4039387702941895,8460288,1.0,1746438605.8711114
0.6881510615348816,28.005859375,5512,1.99657142162323,5511,0.04271800071001053,0.02213541604578495,0.624273419380188,37.900264739990234,2132.243643808,43848,0.9967191815376282,1.398206353187561,8466432,1.0,1746438607.3878658
0.6595051884651184,26.88606834411621,5533,1.9921472072601318,5532,0.03287141025066376,0.02213541604578495,0.63274085521698,37.88522720336914,2140.28663814,44016,0.9927440881729126,1.3420182466506958,8498688,1.0,1746438615.430835
0.6998698115348816,27.8359375,5541,1.9921472072601318,5540,0.052443310618400574,0.021484375,0.635517954826355,37.88522720336914,2143.318741799,44080,0.9927440881729126,1.3997396230697632,8510976,1.0,1746438618.4629252
0.65234375,27.68815040588379,5600,1.9921472072601318,5599,0.07084126025438309,0.021484375,0.5854374766349792,37.88522720336914,2165.69084711,44552,0.9927440881729126,1.3255239725112915,8601600,1.0,1746438640.8350809
0.673828125,27.25911521911621,5632,1.9921472072601318,5631,0.05796552449464798,0.0234375,0.5465056300163269,37.88522720336914,2177.849051133,44808,0.9927440881729126,1.37185537815094,8650752,1.0,1746438652.993287
0.7005208134651184,27.65169334411621,5662,1.9921472072601318,5661,0.056447308510541916,0.02213541604578495,0.5264453887939453,37.88522720336914,2189.221897261,45048,0.9927440881729126,1.4010416269302368,8696832,1.0,1746438664.3661277
0.6881510615348816,27.55208396911621,5672,1.9921472072601318,5671,0.03983253985643387,0.02278645895421505,0.525822639465332,37.88522720336914,2193.019476228,45128,0.9927440881729126,1.3786457777023315,8712192,1.0,1746438668.1637006
0.6569010615348816,27.755859375,5694,1.9921472072601318,5693,0.11004114896059036,0.02018229104578495,0.49702975153923035,37.88522720336914,2201.361442018,45304,0.9927440881729126,1.336328148841858,8745984,1.0,1746438676.505654
0.6809895634651184,26.81119728088379,5701,1.9921472072601318,5700,0.1142326295375824,0.02278645895421505,0.48779383301734924,37.88522720336914,2204.014757337,45360,0.9927440881729126,1.3619791269302368,8756736,1.0,1746438679.1589792
0.6888020634651184,27.6015625,5707,1.9921472072601318,5706,0.060138165950775146,0.02278645895421505,0.4887591004371643,37.88522720336914,2206.290389304,45408,0.9927440881729126,1.4013314247131348,8765952,1.0,1746438681.434576
0.68359375,28.69205665588379,5732,1.9921472072601318,5731,0.031685858964920044,0.02083333395421505,0.518973171710968,37.88522720336914,2215.769856869,45608,0.9927440881729126,1.3872753381729126,8804352,1.0,1746438690.9140813
0.7018229365348816,26.224609375,5753,1.9921472072601318,5752,0.026632035151124,0.0234375,0.5500239133834839,37.88522720336914,2223.739705582,45776,0.9927440881729126,1.4036458730697632,8836608,1.0,1746438698.8838718
0.697265625,27.65364646911621,5784,1.9921472072601318,5783,0.03528697043657303,0.021484375,0.5324341058731079,37.88522720336914,2235.496614211,46024,0.9927440881729126,1.3983592987060547,8884224,1.0,1746438710.6408322
0.6334635615348816,27.19791603088379,5785,1.9921472072601318,5784,0.037109918892383575,0.02213541604578495,0.5321390628814697,37.88522720336914,2235.876748253,46032,0.9927440881729126,1.3106638193130493,8885760,1.0,1746438711.0209475
0.7135416865348816,27.03059959411621,5804,1.9921472072601318,5803,0.03581372648477554,0.02213541604578495,0.5194097757339478,37.88522720336914,2243.078689089,46184,0.9927440881729126,1.4270833730697632,8914944,1.0,1746438718.2229037
0.6998698115348816,27.52278709411621,5808,1.9921472072601318,5807,0.041830312460660934,0.02278645895421505,0.5360046625137329,37.88522720336914,2244.595250565,46216,0.9927440881729126,1.3997396230697632,8921088,1.0,1746438719.7394822
0.708984375,26.93229103088379,5816,1.9921472072601318,5815,0.032264284789562225,0.0234375,0.5343949794769287,37.88522720336914,2247.631328478,46280,0.9927440881729126,1.41796875,8933376,1.0,1746438722.7755456
0.6940104365348816,27.25520896911621,5820,1.9921472072601318,5819,0.04082079976797104,0.0234375,0.5264300107955933,37.88522720336914,2249.148664297,46312,0.9927440881729126,1.4104232788085938,8939520,1.0,1746438724.292882
0.7018229365348816,27.244140625,5822,1.9921472072601318,5821,0.039678312838077545,0.02213541604578495,0.5093514323234558,37.88522720336914,2249.906878294,46328,0.9927440881729126,1.4036458730697632,8942592,1.0,1746438725.0510983
0.716796875,26.46224021911621,5831,1.9921472072601318,5830,0.04169843718409538,0.0234375,0.5194167494773865,37.88522720336914,2253.319917828,46400,0.9927440881729126,1.43359375,8956416,1.0,1746438728.4641411
0.697265625,27.04231834411621,5865,1.9962289333343506,5864,0.04458588734269142,0.02213541604578495,0.5271698236465454,36.5444450378418,2266.306630907,46672,0.9967320561408997,1.39453125,9008640,1.0,1746438741.4508674
0.7096354365348816,27.224609375,5867,1.9962289333343506,5866,0.05444967374205589,0.0234375,0.5253371000289917,36.5444450378418,2267.064847268,46688,0.9967320561408997,1.4192708730697632,9011712,1.0,1746438742.20908
0.6979166865348816,27.14583396911621,5914,1.9962289333343506,5913,0.038102827966213226,0.02213541604578495,0.5286277532577515,36.5444450378418,2284.887018494,47064,0.9967320561408997,1.3958333730697632,9083904,1.0,1746438760.031252
0.638671875,27.4375,5920,1.9962289333343506,5919,0.055747464299201965,0.02278645895421505,0.523172914981842,36.5444450378418,2287.160539487,47112,0.9967320561408997,1.3265917301177979,9093120,1.0,1746438762.3047595
0.6686198115348816,26.380859375,5930,1.9962289333343506,5929,0.038857024163007736,0.02278645895421505,0.5236359238624573,36.5444450378418,2290.955036695,47192,0.9967320561408997,1.3577572107315063,9108480,1.0,1746438766.0992641
0.6848958134651184,27.66731834411621,5974,1.9962289333343506,5973,0.08579470217227936,0.021484375,0.505379319190979,36.5444450378418,2307.646681425,47544,0.9967320561408997,1.39030921459198,9176064,1.0,1746438782.790906
0.7180989384651184,27.68684959411621,5977,1.9962289333343506,5976,0.09722375869750977,0.02278645895421505,0.5168520212173462,36.5444450378418,2308.783980734,47568,0.9967320561408997,1.4361978769302368,9180672,1.0,1746438783.928229
0.708984375,27.568359375,6001,1.9962289333343506,6000,0.027585331350564957,0.02278645895421505,0.5386443138122559,36.5444450378418,2317.884446641,47760,0.9967320561408997,1.41796875,9217536,1.0,1746438793.0286434
0.7076823115348816,26.8828125,6017,1.9962289333343506,6016,0.05273377522826195,0.02278645895421505,0.4988585114479065,36.5444450378418,2323.953077901,47888,0.9967320561408997,1.4153646230697632,9242112,1.0,1746438799.0973125
0.712890625,26.83203125,6018,1.9962289333343506,6017,0.07427629828453064,0.02278645895421505,0.49545830488204956,36.5444450378418,2324.331911458,47896,0.9967320561408997,1.42578125,9243648,1.0,1746438799.4761388
0.6881510615348816,27.494140625,6022,1.9962289333343506,6021,0.046085141599178314,0.02278645895421505,0.5137009024620056,36.5444450378418,2325.849756698,47928,0.9967320561408997,1.3851040601730347,9249792,1.0,1746438800.993919
0.6640625,27.08724021911621,6090,1.9962289333343506,6089,0.02625584602355957,0.02213541604578495,0.493842214345932,36.5444450378418,2351.664100914,48472,0.9967320561408997,1.3716894388198853,9354240,1.0,1746438826.8083615
0.7278645634651184,26.39192771911621,6114,1.9962289333343506,6113,0.028197206556797028,0.0234375,0.5099960565567017,36.5444450378418,2360.763305138,48664,0.9967320561408997,1.4557291269302368,9391104,1.0,1746438835.907369
0.716796875,27.44661521911621,6122,1.9962289333343506,6121,0.027578702196478844,0.02278645895421505,0.513098955154419,36.5444450378418,2363.79811146,48728,0.9967320561408997,1.43359375,9403392,1.0,1746438838.9423509
0.7109375,27.20052146911621,6138,1.9962289333343506,6137,0.027888335287570953,0.0234375,0.5018377900123596,36.5444450378418,2369.862310316,48856,0.9967320561408997,1.421875,9427968,1.0,1746438845.0065289
0.71484375,26.81770896911621,6139,1.9962289333343506,6138,0.025465399026870728,0.0234375,0.5059909224510193,36.5444450378418,2370.241587571,48864,0.9967320561408997,1.4296875,9429504,1.0,1746438845.3858037
0.71484375,27.11979103088379,6175,1.9992672204971313,6174,0.034213658422231674,0.0234375,0.4904000759124756,36.31806182861328,2383.978770519,49152,0.9993455410003662,1.4296875,9484800,1.0,1746438859.122993
0.7122395634651184,26.74153709411621,6177,1.9992672204971313,6176,0.02919645607471466,0.0234375,0.4902285933494568,36.31806182861328,2384.73680163,49168,0.9993455410003662,1.4244791269302368,9487872,1.0,1746438859.8810315
0.7239583134651184,26.70377540588379,6182,1.9992672204971313,6181,0.02240007370710373,0.0234375,0.4953400492668152,36.31806182861328,2386.633561381,49208,0.9993455410003662,1.4479166269302368,9495552,1.0,1746438861.7777495
0.7259114384651184,26.74934959411621,6183,1.9992672204971313,6182,0.03141483664512634,0.02278645895421505,0.5020584464073181,36.31806182861328,2387.012632797,49216,0.9993455410003662,1.4518228769302368,9497088,1.0,1746438862.1568642
0.68359375,27.82942771911621,6185,1.9992672204971313,6184,0.029928872361779213,0.02083333395421505,0.4788675904273987,36.31806182861328,2387.770584979,49232,0.9993455410003662,1.3963769674301147,9500160,1.0,1746438862.9148157
0.720703125,26.75455665588379,6187,1.9992672204971313,6186,0.03468521311879158,0.02278645895421505,0.4817679524421692,36.31806182861328,2388.528594049,49248,0.9993455410003662,1.44140625,9503232,1.0,1746438863.6728086
0.7200520634651184,27.224609375,6193,1.9992672204971313,6192,0.022769387811422348,0.0234375,0.49299031496047974,36.31806182861328,2390.803216593,49296,0.9993455410003662,1.4401041269302368,9512448,1.0,1746438865.947441
0.6920573115348816,27.48307228088379,6194,1.9992672204971313,6193,0.022554704919457436,0.02278645895421505,0.4855304956436157,36.31806182861328,2391.182208769,49304,0.9993455410003662,1.4039257764816284,9513984,1.0,1746438866.326455
0.70703125,27.20638084411621,6201,1.9992672204971313,6200,0.03792417049407959,0.02278645895421505,0.4775584042072296,36.31806182861328,2393.835489759,49360,0.9993455410003662,1.4140625,9524736,1.0,1746438868.9797041
0.716796875,27.19270896911621,6208,1.9992672204971313,6207,0.04001176357269287,0.02278645895421505,0.4737831950187683,36.31806182861328,2396.491231578,49416,0.9993455410003662,1.43359375,9535488,1.0,1746438871.6354668
0.7161458134651184,27.796875,6213,1.9992672204971313,6212,0.02576475590467453,0.021484375,0.4752482771873474,36.31806182861328,2398.395022881,49456,0.9993455410003662,1.4322916269302368,9543168,1.0,1746438873.539246
0.7200520634651184,27.03580665588379,6265,1.9992672204971313,6264,0.026912394911050797,0.0234375,0.4567267596721649,36.31806182861328,2418.114121463,49872,0.9993455410003662,1.4401041269302368,9623040,1.0,1746438893.258343
0.7161458134651184,27.04557228088379,6271,1.9992672204971313,6270,0.020535802468657494,0.0234375,0.4657267928123474,36.31806182861328,2420.388018487,49920,0.9993455410003662,1.4322916269302368,9632256,1.0,1746438895.532232
0.7161458134651184,28.00455665588379,6272,1.9992672204971313,6271,0.017220156267285347,0.02278645895421505,0.45449233055114746,36.31806182861328,2420.767198909,49928,0.9993455410003662,1.4322916269302368,9633792,1.0,1746438895.9114354
0.64453125,27.73307228088379,6303,1.9992672204971313,6302,0.04658723995089531,0.02018229104578495,0.5025136470794678,36.31806182861328,2432.520340012,50176,0.9993455410003662,1.3218879699707031,9681408,1.0,1746438907.664551
0.6790364384651184,27.34114646911621,6307,1.9992672204971313,6306,0.03860615938901901,0.021484375,0.4880826771259308,36.31806182861328,2434.036255006,50208,0.9993455410003662,1.3580728769302368,9687552,1.0,1746438909.1804948
0.6985676884651184,26.73893165588379,6311,1.9992672204971313,6310,0.05411747097969055,0.02213541604578495,0.4739465117454529,36.31806182861328,2435.552408261,50240,0.9993455410003662,1.3971353769302368,9693696,1.0,1746438910.6966374
0.7102864384651184,27.16731834411621,6339,1.9992672204971313,6338,0.022655174136161804,0.02278645895421505,0.4545784890651703,36.31806182861328,2446.182356992,50464,0.9993455410003662,1.4205728769302368,9736704,1.0,1746438921.326587
0.7018229365348816,27.63997459411621,6343,1.9992672204971313,6342,0.024656081572175026,0.02278645895421505,0.458510160446167,36.31806182861328,2447.698371866,50496,0.9993455410003662,1.4036458730697632,9742848,1.0,1746438922.8426018
0.7278645634651184,26.04166603088379,6358,1.9992672204971313,6357,0.029963837936520576,0.02213541604578495,0.44604581594467163,36.31806182861328,2453.383218045,50616,0.9993455410003662,1.4557291269302368,9765888,1.0,1746438928.5274196
0.7291666865348816,26.935546875,6371,1.9992672204971313,6370,0.03444797545671463,0.0234375,0.43734171986579895,36.31806182861328,2458.313246472,50720,0.9993455410003662,1.4583333730697632,9785856,1.0,1746438933.4574668
0.708984375,26.67708396911621,6379,1.9992672204971313,6378,0.028851192444562912,0.02278645895421505,0.4287811517715454,36.31806182861328,2461.347114732,50784,0.9993455410003662,1.41796875,9798144,1.0,1746438936.4913523
0.7161458134651184,27.115234375,6383,1.9992672204971313,6382,0.056565627455711365,0.02278645895421505,0.4257681965827942,36.31806182861328,2462.86364592,50816,0.9993455410003662,1.4322916269302368,9804288,1.0,1746438938.007839
0.7057291865348816,26.90494728088379,6391,1.9992672204971313,6390,0.04855641350150108,0.02278645895421505,0.40866589546203613,36.31806182861328,2465.895765437,50880,0.9993455410003662,1.4155826568603516,9816576,1.0,1746438941.0400014
0.6881510615348816,26.740234375,6406,1.9992672204971313,6405,0.03467005491256714,0.0234375,0.4005047082901001,36.31806182861328,2471.584577998,51000,0.9993455410003662,1.3960124254226685,9839616,1.0,1746438946.7288036
0.701171875,26.86979103088379,6410,1.9992672204971313,6409,0.030196841806173325,0.02278645895421505,0.39118891954421997,36.31806182861328,2473.100748576,51032,0.9993455410003662,1.40234375,9845760,1.0,1746438948.2449648
0.71484375,27.048828125,6419,1.9992672204971313,6418,0.03170274198055267,0.0234375,0.38670194149017334,36.31806182861328,2476.51409504,51104,0.9993455410003662,1.4296875,9859584,1.0,1746438951.6583202
0.71484375,27.61653709411621,6427,1.9992672204971313,6426,0.025523114949464798,0.02278645895421505,0.37706321477890015,36.31806182861328,2479.546182225,51168,0.9993455410003662,1.4296875,9871872,1.0,1746438954.6904235
0.6497395634651184,27.30859375,6442,1.9992672204971313,6441,0.018157055601477623,0.021484375,0.3976912200450897,36.31806182861328,2485.238414606,51288,0.9993455410003662,1.3230925798416138,9894912,1.0,1746438960.382615
0.7330729365348816,26.82942771911621,6449,1.9992672204971313,6448,0.026028424501419067,0.0234375,0.3873143196105957,36.31806182861328,2487.891955116,51344,0.9993455410003662,1.4661458730697632,9905664,1.0,1746438963.0361743
0.7154948115348816,26.67122459411621,6450,1.9992672204971313,6449,0.028328105807304382,0.0234375,0.3669011890888214,36.31806182861328,2488.270882601,51352,0.9993455410003662,1.4309896230697632,9907200,1.0,1746438963.415111
0.697265625,27.24674415588379,6471,1.9992672204971313,6470,0.03393426537513733,0.02278645895421505,0.37763845920562744,36.31806182861328,2496.233849842,51520,0.9993455410003662,1.4181444644927979,9939456,1.0,1746438971.3780994
0.6803385615348816,26.9921875,6478,1.9992672204971313,6477,0.023515069857239723,0.0234375,0.41592469811439514,36.31806182861328,2498.887259422,51576,0.9993455410003662,1.3827179670333862,9950208,1.0,1746438974.0315008
0.7115885615348816,26.95182228088379,6486,1.9992672204971313,6485,0.044854991137981415,0.02278645895421505,0.4202110171318054,36.31806182861328,2501.946327224,51640,0.9993455410003662,1.4231771230697632,9962496,1.0,1746438977.067166
