returned_episode_lengths,returned_won_episode,update_steps,_step,test_returned_episode_returns,loss,returned_episode,_runtime,grad_steps,returned_episode_returns,test_returned_episode_lengths,test_returned_won_episode,test_returned_episode,qvals,env_step,_timestamp
15.826172828674316,0.0,5,4,0.18758003413677216,0.0,0.0514322929084301,47.648145776,0,0.12389325350522995,11.488933563232422,0.0,1.0,0.0,7680,1746425821.2626615
15.972657203674316,0.0,10,9,0.18758003413677216,0.0,0.0527343787252903,47.952165393,0,0.12582466006278992,11.488933563232422,0.0,1.0,0.0,15360,1746425821.5667005
15.678386688232422,0.0,13,12,0.18758003413677216,0.0,0.0514322929084301,48.134402993,0,0.12894967198371887,11.488933563232422,0.0,1.0,0.0,19968,1746425821.7489257
15.308594703674316,0.0,17,16,0.18758003413677216,0.0,0.0520833358168602,48.37810011,0,0.12849394977092743,11.488933563232422,0.0,1.0,0.0,26112,1746425821.9926112
15.042318344116211,0.0,21,20,0.18758003413677216,0.0,0.0533854179084301,48.621322621,0,0.118815116584301,11.488933563232422,0.0,1.0,0.0,32256,1746425822.2358022
15.548177719116211,0.0,25,24,0.18758003413677216,0.0,0.0520833358168602,48.86671892,0,0.13036024570465088,11.488933563232422,0.0,1.0,0.0,38400,1746425822.4812267
15.895183563232422,0.0,26,25,0.18758003413677216,0.0,0.0507812537252903,48.927489586,0,0.12252604961395264,11.488933563232422,0.0,1.0,0.0,39936,1746425822.541988
15.841797828674316,0.0,59,58,0.18758003413677216,0.04011853039264679,0.0527343787252903,58.444896077,224,0.1551649421453476,11.488933563232422,0.0,1.0,0.28331416845321655,90624,1746425832.0593758
14.802083969116211,0.0,64,63,0.18758003413677216,0.06773766130208969,0.0540364608168602,60.082702945,264,0.1379774510860443,11.488933563232422,0.0,1.0,0.40371546149253845,98304,1746425833.6971571
15.195963859558105,0.0,70,69,0.18758003413677216,0.05293787270784378,0.0540364608168602,62.064174156,312,0.15080296993255615,11.488933563232422,0.0,1.0,0.42394983768463135,107520,1746425835.6786625
14.977213859558105,0.0,73,72,0.18758003413677216,0.08511713147163391,0.0540364608168602,63.046185626,336,0.14335937798023224,11.488933563232422,0.0,1.0,0.46390190720558167,112128,1746425836.6605995
14.274740219116211,0.0,100,99,0.18758003413677216,0.05302463844418526,0.0553385429084301,71.899910215,552,0.14411893486976624,11.488933563232422,0.0,1.0,0.4838380813598633,153600,1746425845.514395
15.106120109558105,0.0,113,112,0.18758003413677216,0.06941631436347961,0.0533854179084301,76.160121115,656,0.1575087010860443,11.488933563232422,0.0,1.0,0.4438902735710144,173568,1746425849.7746007
14.696615219116211,0.0,118,117,0.18758003413677216,0.0587252601981163,0.0553385429084301,77.800390946,696,0.15247397124767303,11.488933563232422,0.0,1.0,0.4317862093448639,181248,1746425851.414832
14.357422828674316,0.0,130,129,0.18758003413677216,0.058581575751304626,0.0592447929084301,81.735799438,792,0.17092016339302063,11.488933563232422,0.0,1.0,0.4271427392959595,199680,1746425855.3503094
14.179688453674316,0.0,141,140,0.18758003413677216,0.057326167821884155,0.0572916679084301,85.348556,880,0.1775825023651123,11.488933563232422,0.0,1.0,0.4349924921989441,216576,1746425858.9630625
14.049479484558105,0.0,160,159,0.18758003413677216,0.05970560759305954,0.0592447929084301,91.581350062,1032,0.17953559756278992,11.488933563232422,0.0,1.0,0.4136795401573181,245760,1746425865.1958482
14.317057609558105,0.0,163,162,0.18758003413677216,0.0733691155910492,0.0566406287252903,92.563038202,1056,0.17717015743255615,11.488933563232422,0.0,1.0,0.40859732031822205,250368,1746425866.1775258
13.682943344116211,0.0,178,177,0.18758003413677216,0.0689304992556572,0.0598958358168602,97.483833437,1176,0.20533858239650726,11.488933563232422,0.0,1.0,0.38527315855026245,273408,1746425871.0983577
13.704427719116211,0.0,181,180,0.18758003413677216,0.06840699911117554,0.0585937537252903,98.466110294,1200,0.19806860387325287,11.488933563232422,0.0,1.0,0.3835037052631378,278016,1746425872.0805895
13.944662094116211,0.0,184,183,0.18758003413677216,0.07585083693265915,0.0611979216337204,99.447406739,1224,0.171440988779068,11.488933563232422,0.0,1.0,0.3816058337688446,282624,1746425873.061881
13.783854484558105,0.0,189,188,0.18758003413677216,0.06569281220436096,0.0611979216337204,101.096041277,1264,0.20631511509418488,11.488933563232422,0.0,1.0,0.37965136766433716,290304,1746425874.7105207
13.757162094116211,0.0,190,189,0.18758003413677216,0.06530141830444336,0.0598958358168602,101.423279102,1272,0.1975911557674408,11.488933563232422,0.0,1.0,0.3783920109272003,291840,1746425875.0377822
13.580729484558105,0.0,191,190,0.18758003413677216,0.06512323021888733,0.0611979216337204,101.750250883,1280,0.20262588560581207,11.488933563232422,0.0,1.0,0.3775779604911804,293376,1746425875.3647454
13.990235328674316,0.0,204,203,0.18758003413677216,0.062157683074474335,0.0605468787252903,106.010358146,1384,0.21113283932209015,11.488933563232422,0.0,1.0,0.3675174415111542,313344,1746425879.624849
13.763672828674316,0.0,214,213,0.18758003413677216,0.06385506689548492,0.0585937537252903,109.291501842,1464,0.2059462070465088,11.488933563232422,0.0,1.0,0.37429600954055786,328704,1746425882.9060023
13.439454078674316,0.0,229,228,0.18758003413677216,0.06267920136451721,0.0598958358168602,114.212445663,1584,0.22858074307441711,11.488933563232422,0.0,1.0,0.382308691740036,351744,1746425887.826967
14.119791984558105,0.0,231,230,0.18758003413677216,0.05940684676170349,0.0611979216337204,114.866833596,1600,0.21853302419185638,11.488933563232422,0.0,1.0,0.3883163332939148,354816,1746425888.4813602
13.863282203674316,0.0,248,247,0.18758003413677216,0.05417732521891594,0.0611979216337204,120.449482065,1736,0.23830297589302063,11.488933563232422,0.0,1.0,0.38919198513031006,380928,1746425894.0639784
14.091146469116211,0.0,251,250,0.18758003413677216,0.05707705765962601,0.0579427108168602,121.433299473,1760,0.2208767682313919,11.488933563232422,0.0,1.0,0.3975878953933716,385536,1746425895.0478091
13.559245109558105,0.0,269,268,0.18758003413677216,0.04952169954776764,0.0611979216337204,127.339205726,1904,0.2331380546092987,11.488933563232422,0.0,1.0,0.3967658281326294,413184,1746425900.953718
13.208985328674316,0.0,295,294,0.18758003413677216,0.05147125944495201,0.0611979216337204,135.87623265,2112,0.26306426525115967,11.488933563232422,0.0,1.0,0.4115351736545563,453120,1746425909.4905002
12.791666984558105,0.0,319,318,0.18758003413677216,0.04659811407327652,0.0651041716337204,143.744884904,2304,0.28687071800231934,11.488933563232422,0.0,1.0,0.4068090319633484,489984,1746425917.3593776
12.940104484558105,0.0,321,320,0.18758003413677216,0.045565374195575714,0.0651041716337204,144.399266174,2320,0.28057730197906494,11.488933563232422,0.0,1.0,0.40850162506103516,493056,1746425918.0137813
12.901693344116211,0.0,332,331,0.570255696773529,0.048464834690093994,0.0670572966337204,148.08831064,2408,0.3082248866558075,13.438691139221191,0.000433275563409552,1.0,0.405487060546875,509952,1746425921.7028124
13.089193344116211,0.0,333,332,0.570255696773529,0.048199910670518875,0.0651041716337204,148.415403095,2416,0.29364150762557983,13.438691139221191,0.000433275563409552,1.0,0.4091876447200775,511488,1746425922.0299108
12.629557609558105,0.0,345,344,0.570255696773529,0.046373166143894196,0.0677083358168602,152.350702127,2512,0.3094835579395294,13.438691139221191,0.000433275563409552,1.0,0.4029841423034668,529920,1746425925.9652042
12.348958969116211,0.0,371,370,0.570255696773529,0.04835430532693863,0.0703125,160.869983241,2720,0.31519103050231934,13.438691139221191,0.000433275563409552,1.0,0.40551021695137024,569856,1746425934.4845061
12.264323234558105,0.0,375,374,0.570255696773529,0.04782219976186752,0.0709635466337204,162.183014879,2752,0.34114590287208557,13.438691139221191,0.000433275563409552,1.0,0.4042001962661743,576000,1746425935.7975142
11.990885734558105,0.0,381,380,0.570255696773529,0.045162953436374664,0.0722656324505806,164.155239933,2800,0.3294488489627838,13.438691139221191,0.000433275563409552,1.0,0.4022139310836792,585216,1746425937.7697299
12.009766578674316,0.0,386,385,0.570255696773529,0.05021641403436661,0.0709635466337204,165.792553675,2840,0.3299696743488312,13.438691139221191,0.000433275563409552,1.0,0.39816588163375854,592896,1746425939.4070628
12.267579078674316,0.0,397,396,0.570255696773529,0.052698247134685516,0.0703125,169.399598181,2928,0.32376307249069214,13.438691139221191,0.000433275563409552,1.0,0.40388286113739014,609792,1746425943.0141158
12.140625953674316,0.0,411,410,0.570255696773529,0.04567301273345947,0.0716145858168602,174.002624305,3040,0.35355907678604126,13.438691139221191,0.000433275563409552,1.0,0.3995458781719208,631296,1746425947.617125
12.287110328674316,0.0,416,415,0.570255696773529,0.04666393995285034,0.0690104216337204,175.70548648,3080,0.340928852558136,13.438691139221191,0.000433275563409552,1.0,0.39677295088768005,638976,1746425949.3199317
11.981771469116211,0.0,419,418,0.570255696773529,0.05017438530921936,0.0709635466337204,176.687659124,3104,0.35855039954185486,13.438691139221191,0.000433275563409552,1.0,0.402374804019928,643584,1746425950.3021452
12.078125953674316,0.0,435,434,0.570255696773529,0.0478086844086647,0.0709635466337204,181.927880659,3232,0.3664931058883667,13.438691139221191,0.000433275563409552,1.0,0.40671268105506897,668160,1746425955.542391
12.027995109558105,0.0,449,448,0.570255696773529,0.05326984077692032,0.0709635466337204,186.514205474,3344,0.37243926525115967,13.438691139221191,0.000433275563409552,1.0,0.4183027446269989,689664,1746425960.1286042
11.755208969116211,0.0,455,454,0.570255696773529,0.05154795944690704,0.0729166716337204,188.48603372,3392,0.37194016575813293,13.438691139221191,0.000433275563409552,1.0,0.419028639793396,698880,1746425962.1005208
11.916666984558105,0.0,460,459,0.570255696773529,0.05168447643518448,0.0716145858168602,190.121708598,3432,0.3883030116558075,13.438691139221191,0.000433275563409552,1.0,0.42478880286216736,706560,1746425963.7362375
11.993490219116211,0.0,479,478,0.570255696773529,0.05025097355246544,0.0716145858168602,196.364604346,3584,0.39223095774650574,13.438691139221191,0.000433275563409552,1.0,0.42486581206321716,735744,1746425969.9791129
12.055338859558105,0.0,513,512,0.570255696773529,0.05527553707361221,0.0709635466337204,207.499153058,3856,0.4204210638999939,13.438691139221191,0.000433275563409552,1.0,0.4214950501918793,787968,1746425981.113482
11.642579078674316,0.0,518,517,0.570255696773529,0.05250071734189987,0.0722656324505806,209.142168442,3896,0.4162977933883667,13.438691139221191,0.000433275563409552,1.0,0.42558449506759644,795648,1746425982.7566633
11.897787094116211,0.0,523,522,0.570255696773529,0.05363386124372482,0.0709635466337204,210.786819117,3936,0.42022573947906494,13.438691139221191,0.000433275563409552,1.0,0.4231311082839966,803328,1746425984.4013069
11.897787094116211,0.0,539,538,0.570255696773529,0.05191028118133545,0.0735677108168602,216.029882427,4064,0.42803823947906494,13.438691139221191,0.000433275563409552,1.0,0.41470766067504883,827904,1746425989.644379
12.000651359558105,0.0,562,561,0.570255696773529,0.054432112723588943,0.0709635466337204,223.569893696,4248,0.4458550810813904,13.438691139221191,0.000433275563409552,1.0,0.4214651882648468,863232,1746425997.1842232
12.182291984558105,0.0,569,568,0.570255696773529,0.05487380549311638,0.068359375,225.878582615,4304,0.44296881556510925,13.438691139221191,0.000433275563409552,1.0,0.42233335971832275,873984,1746425999.4929464
11.986979484558105,0.0,588,587,0.570255696773529,0.05233515053987503,0.0709635466337204,232.108413338,4456,0.46723097562789917,13.438691139221191,0.000433275563409552,1.0,0.4148968458175659,903168,1746426005.7227678
12.105469703674316,0.0,592,591,0.570255696773529,0.06004456430673599,0.0709635466337204,233.417650892,4488,0.45896270871162415,13.438691139221191,0.000433275563409552,1.0,0.4153514802455902,909312,1746426007.0321438
11.799479484558105,0.0,603,602,0.570255696773529,0.06453905999660492,0.0716145858168602,237.016607775,4576,0.46503910422325134,13.438691139221191,0.000433275563409552,1.0,0.4127316474914551,926208,1746426010.6311135
12.030599594116211,0.0,606,605,0.570255696773529,0.06141005456447601,0.0696614608168602,237.999472233,4600,0.48674049973487854,13.438691139221191,0.000433275563409552,1.0,0.41567572951316833,930816,1746426011.6139555
11.905599594116211,0.0,613,612,0.570255696773529,0.05659385398030281,0.0716145858168602,240.294710482,4656,0.48300784826278687,13.438691139221191,0.000433275563409552,1.0,0.41354435682296753,941568,1746426013.9092312
11.927083969116211,0.0,628,627,0.570255696773529,0.0639563798904419,0.0729166716337204,245.205911355,4776,0.49446621537208557,13.438691139221191,0.000433275563409552,1.0,0.41570016741752625,964608,1746426018.8203185
12.465495109558105,0.0,630,629,0.570255696773529,0.07414621114730835,0.06640625,245.865926953,4792,0.5023220777511597,13.438691139221191,0.000433275563409552,1.0,0.4159674048423767,967680,1746426019.480244
12.839193344116211,0.0,688,687,0.5745970606803894,0.05080011487007141,0.0670572966337204,264.958871293,5256,0.5070096850395203,13.355786323547363,0.0015112262917682528,1.0,0.42303818464279175,1056768,1746426038.5733895
12.495443344116211,0.0,706,705,0.5745970606803894,0.05039496719837189,0.0690104216337204,270.857538962,5400,0.517795205116272,13.355786323547363,0.0015112262917682528,1.0,0.4287397563457489,1084416,1746426044.472053
12.585287094116211,0.0,708,707,0.5745970606803894,0.05494855344295502,0.0677083358168602,271.511919199,5416,0.5055556297302246,13.355786323547363,0.0015112262917682528,1.0,0.4310891032218933,1087488,1746426045.126436
12.070963859558105,0.0,712,711,0.5745970606803894,0.05093100666999817,0.0709635466337204,272.820252145,5448,0.5134114623069763,13.355786323547363,0.0015112262917682528,1.0,0.4302455186843872,1093632,1746426046.4347517
12.520182609558105,0.0,716,715,0.5745970606803894,0.052485182881355286,0.0690104216337204,274.131074547,5480,0.5165799260139465,13.355786323547363,0.0015112262917682528,1.0,0.43556806445121765,1099776,1746426047.745568
12.111329078674316,0.0,721,720,0.5745970606803894,0.051732972264289856,0.0703125,275.776474395,5520,0.5080729722976685,13.355786323547363,0.0015112262917682528,1.0,0.4309907853603363,1107456,1746426049.3909853
12.460287094116211,0.0,737,736,0.5745970606803894,0.06787647306919098,0.068359375,281.016938151,5648,0.5093099474906921,13.355786323547363,0.0015112262917682528,1.0,0.433761328458786,1132032,1746426054.6314318
12.140625953674316,0.0,739,738,0.5745970606803894,0.05374696105718613,0.0703125,281.680288673,5664,0.5148438215255737,13.355786323547363,0.0015112262917682528,1.0,0.4305577278137207,1135104,1746426055.2946718
12.560547828674316,0.0,772,771,0.5745970606803894,0.051788005977869034,0.068359375,292.494559017,5928,0.5037760734558105,13.355786323547363,0.0015112262917682528,1.0,0.43795710802078247,1185792,1746426066.1090584
12.698568344116211,0.0,777,776,0.5745970606803894,0.0599576011300087,0.068359375,294.131039026,5968,0.5191840529441833,13.355786323547363,0.0015112262917682528,1.0,0.43833571672439575,1193472,1746426067.7455544
12.886719703674316,0.0,781,780,0.5745970606803894,0.06269356608390808,0.06640625,295.439706825,6000,0.5117839574813843,13.355786323547363,0.0015112262917682528,1.0,0.43543732166290283,1199616,1746426069.0541584
12.986329078674316,0.0,830,829,0.5745970606803894,0.05749887973070145,0.0651041716337204,311.511548066,6392,0.5133464336395264,13.355786323547363,0.0015112262917682528,1.0,0.44105228781700134,1274880,1746426085.1260524
12.477865219116211,0.0,871,870,0.5745970606803894,0.05487697571516037,0.0690104216337204,324.983064835,6720,0.5360677242279053,13.355786323547363,0.0015112262917682528,1.0,0.4424304664134979,1337856,1746426098.597572
12.479166984558105,0.0,879,878,0.5745970606803894,0.08127744495868683,0.068359375,327.59986351,6784,0.51953125,13.355786323547363,0.0015112262917682528,1.0,0.44345688819885254,1350144,1746426101.21437
13.147135734558105,0.0,904,903,0.5745970606803894,0.05800246447324753,0.0631510466337204,335.804594717,6984,0.5238716006278992,13.355786323547363,0.0015112262917682528,1.0,0.4388505816459656,1388544,1746426109.419108
13.417318344116211,0.0,914,913,0.5745970606803894,0.06278565526008606,0.0625,339.083432535,7064,0.5089410543441772,13.355786323547363,0.0015112262917682528,1.0,0.4442986249923706,1403904,1746426112.6979163
12.777344703674316,0.0,927,926,0.5745970606803894,0.054686956107616425,0.0677083358168602,343.340383963,7168,0.5140625834465027,13.355786323547363,0.0015112262917682528,1.0,0.44226598739624023,1423872,1746426116.9548767
12.766276359558105,0.008463541977107525,940,939,0.5745970606803894,0.05640244483947754,0.068359375,347.606110737,7272,0.5344618558883667,13.355786323547363,0.0015112262917682528,1.0,0.44778841733932495,1443840,1746426121.220592
12.736329078674316,0.0,945,944,0.5745970606803894,0.08848188072443008,0.0677083358168602,349.241738591,7312,0.5272353291511536,13.355786323547363,0.0015112262917682528,1.0,0.446405291557312,1451520,1746426122.8562047
13.023438453674316,0.01106770895421505,946,945,0.5745970606803894,0.08038196712732315,0.064453125,349.569309545,7320,0.548090398311615,13.355786323547363,0.0015112262917682528,1.0,0.4485623836517334,1453056,1746426123.1837995
12.894532203674316,0.0,979,978,0.6205037832260132,0.20660129189491272,0.0651041716337204,360.461729458,7584,0.5177300572395325,13.964564323425293,0.003788722911849618,1.0,0.4310385286808014,1503744,1746426134.0762515
13.718750953674316,0.00911458395421505,984,983,0.6205037832260132,0.052324164658784866,0.0618489608168602,362.098751297,7624,0.4892144501209259,13.964564323425293,0.003788722911849618,1.0,0.4612429141998291,1511424,1746426135.7132185
13.526693344116211,0.0,986,985,0.6205037832260132,0.05488117039203644,0.0631510466337204,362.753405514,7640,0.4866103231906891,13.964564323425293,0.003788722911849618,1.0,0.4639880657196045,1514496,1746426136.3679004
12.466146469116211,0.0,1049,1048,0.6205037832260132,0.06770140677690506,0.0696614608168602,383.423853396,8144,0.5186415910720825,13.964564323425293,0.003788722911849618,1.0,0.4590458869934082,1611264,1746426157.0383503
12.613932609558105,0.0,1060,1059,0.6205037832260132,0.0627819299697876,0.0677083358168602,387.024296317,8232,0.5466580986976624,13.964564323425293,0.003788722911849618,1.0,0.44863927364349365,1628160,1746426160.6388175
12.234375953674316,0.0,1061,1060,0.6205037832260132,0.0598069466650486,0.0696614608168602,387.351278919,8240,0.5351346135139465,13.964564323425293,0.003788722911849618,1.0,0.44661960005760193,1629696,1746426160.9658113
12.483073234558105,0.0078125,1070,1069,0.6205037832260132,0.06678326427936554,0.0670572966337204,390.302751255,8312,0.5510417819023132,13.964564323425293,0.003788722911849618,1.0,0.44176673889160156,1643520,1746426163.9172606
12.652344703674316,0.0,1085,1084,0.6205037832260132,0.06460903584957123,0.0670572966337204,395.211694261,8432,0.529405415058136,13.964564323425293,0.003788722911849618,1.0,0.44960981607437134,1666560,1746426168.8262224
12.679688453674316,0.0,1095,1094,0.6205037832260132,0.08464831858873367,0.068359375,398.494678949,8512,0.5301215648651123,13.964564323425293,0.003788722911849618,1.0,0.44999971985816956,1681920,1746426172.1091633
12.821615219116211,0.0,1097,1096,0.6205037832260132,0.07179754972457886,0.0670572966337204,399.152939724,8528,0.5180556178092957,13.964564323425293,0.003788722911849618,1.0,0.44553983211517334,1684992,1746426172.7674077
12.589193344116211,0.0,1120,1119,0.6205037832260132,0.07116323709487915,0.068359375,406.690027868,8712,0.5193793773651123,13.964564323425293,0.003788722911849618,1.0,0.4374297857284546,1720320,1746426180.304538
12.913412094116211,0.01953125186264515,1149,1148,0.6205037832260132,0.06952577829360962,0.0651041716337204,416.18523012,8944,0.5565972924232483,13.964564323425293,0.003788722911849618,1.0,0.4340764880180359,1764864,1746426189.7997365
12.850260734558105,0.0,1166,1165,0.6205037832260132,0.06785693764686584,0.06640625,421.763214516,9080,0.5367839336395264,13.964564323425293,0.003788722911849618,1.0,0.43557441234588623,1790976,1746426195.3777173
12.500651359558105,0.0,1170,1169,0.6205037832260132,0.05775592476129532,0.0696614608168602,423.071389157,9112,0.5272570252418518,13.964564323425293,0.003788722911849618,1.0,0.43375205993652344,1797120,1746426196.685919
12.123698234558105,0.0,1187,1186,0.6205037832260132,0.06897497922182083,0.0703125,428.64089516,9248,0.5358723998069763,13.964564323425293,0.003788722911849618,1.0,0.4333157539367676,1823232,1746426202.2554078
12.188151359558105,0.0,1200,1199,0.6205037832260132,0.08204704523086548,0.0696614608168602,432.906572416,9352,0.5362414121627808,13.964564323425293,0.003788722911849618,1.0,0.4270743131637573,1843200,1746426206.5211008
13.175130844116211,0.0,1208,1207,0.6205037832260132,0.054948221892118454,0.064453125,435.525052334,9416,0.5341581106185913,13.964564323425293,0.003788722911849618,1.0,0.42282634973526,1855488,1746426209.1395788
12.837240219116211,0.0,1236,1235,0.6205037832260132,0.07569936662912369,0.0677083358168602,444.707986531,9640,0.5388672947883606,13.964564323425293,0.003788722911849618,1.0,0.421403706073761,1898496,1746426218.3223612
12.718750953674316,0.0,1264,1263,0.6205037832260132,0.06619232892990112,0.0677083358168602,453.895677958,9864,0.5371528267860413,13.964564323425293,0.003788722911849618,1.0,0.4110930263996124,1941504,1746426227.5101988
12.843750953674316,0.0,1270,1269,0.6205037832260132,0.06734691560268402,0.0651041716337204,455.862049231,9912,0.5337890982627869,13.964564323425293,0.003788722911849618,1.0,0.416073203086853,1950720,1746426229.476563
12.514323234558105,0.0,1271,1270,0.6205037832260132,0.07812812924385071,0.0690104216337204,456.189160065,9920,0.5355686545372009,13.964564323425293,0.003788722911849618,1.0,0.41230469942092896,1952256,1746426229.8036814
13.270182609558105,0.0,1326,1325,0.6325170397758484,0.06444315612316132,0.0631510466337204,474.321682066,10360,0.5204644203186035,14.217669486999512,0.0032043945975601673,1.0,0.4122655391693115,2036736,1746426247.9361477
12.085287094116211,0.0,1343,1342,0.6325170397758484,0.09739884734153748,0.0709635466337204,479.886174741,10496,0.5261502861976624,14.217669486999512,0.0032043945975601673,1.0,0.4077441096305847,2062848,1746426253.5005984
12.257813453674316,0.0,1346,1345,0.6325170397758484,0.07335421442985535,0.0703125,480.880773286,10520,0.5450738668441772,14.217669486999512,0.0032043945975601673,1.0,0.42024001479148865,2067456,1746426254.4952176
12.578125953674316,0.0,1359,1358,0.6325170397758484,0.09048761427402496,0.0690104216337204,485.13943487,10624,0.5358941555023193,14.217669486999512,0.0032043945975601673,1.0,0.40750062465667725,2087424,1746426258.753913
12.654948234558105,0.00911458395421505,1360,1359,0.6325170397758484,0.08876551687717438,0.068359375,485.466706278,10632,0.5459853410720825,14.217669486999512,0.0032043945975601673,1.0,0.41194140911102295,2088960,1746426259.0812118
12.535157203674316,0.0,1367,1366,0.6325170397758484,0.07103076577186584,0.0690104216337204,487.757057566,10688,0.531684160232544,14.217669486999512,0.0032043945975601673,1.0,0.4130587577819824,2099712,1746426261.3714886
12.971354484558105,0.0,1372,1371,0.6325170397758484,0.06028951704502106,0.0651041716337204,489.397144385,10728,0.5438151359558105,14.217669486999512,0.0032043945975601673,1.0,0.40285906195640564,2107392,1746426263.011668
12.229818344116211,0.006510416977107525,1373,1372,0.6325170397758484,0.07826736569404602,0.0696614608168602,489.72423446,10736,0.5433811545372009,14.217669486999512,0.0032043945975601673,1.0,0.40396222472190857,2108928,1746426263.3387556
14.287110328674316,0.01106770895421505,1393,1392,0.6325170397758484,0.055784232914447784,0.0598958358168602,496.283853948,10896,0.542231023311615,14.217669486999512,0.0032043945975601673,1.0,0.40260180830955505,2139648,1746426269.8983357
13.158854484558105,0.0,1441,1440,0.6325170397758484,0.074718177318573,0.0631510466337204,512.034137427,11280,0.5330295562744141,14.217669486999512,0.0032043945975601673,1.0,0.4087105989456177,2213376,1746426285.6486423
13.351563453674316,0.0,1442,1441,0.6325170397758484,0.07454727590084076,0.0625,512.361858845,11288,0.5484375953674316,14.217669486999512,0.0032043945975601673,1.0,0.4065646231174469,2214912,1746426285.9762926
12.995443344116211,0.009765625931322575,1459,1458,0.6325170397758484,0.07352309674024582,0.0638020858168602,517.936259345,11424,0.5453993678092957,14.217669486999512,0.0032043945975601673,1.0,0.40001794695854187,2241024,1746426291.5507655
13.441407203674316,0.0,1499,1498,0.6325170397758484,0.09211795032024384,0.0625,531.058117518,11744,0.5618707537651062,14.217669486999512,0.0032043945975601673,1.0,0.39495882391929626,2302464,1746426304.6724496
13.245443344116211,0.0,1500,1499,0.6325170397758484,0.07410014420747757,0.0631510466337204,531.385565362,11752,0.549023449420929,14.217669486999512,0.0032043945975601673,1.0,0.39652717113494873,2304000,1746426305.0000446
13.078776359558105,0.0,1541,1540,0.6325170397758484,0.09445114433765411,0.064453125,544.818875142,12080,0.5462023615837097,14.217669486999512,0.0032043945975601673,1.0,0.4125572144985199,2366976,1746426318.4332368
13.138021469116211,0.0,1568,1567,0.6325170397758484,0.08046390116214752,0.0638020858168602,553.666198289,12296,0.5557292699813843,14.217669486999512,0.0032043945975601673,1.0,0.39799484610557556,2408448,1746426327.28071
12.955079078674316,0.00911458395421505,1572,1571,0.6325170397758484,0.094752237200737,0.064453125,554.97529341,12328,0.537326455116272,14.217669486999512,0.0032043945975601673,1.0,0.4016927182674408,2414592,1746426328.5897934
13.333333969116211,0.0,1583,1582,0.6325170397758484,0.08397858589887619,0.0631510466337204,558.583708698,12416,0.5372396111488342,14.217669486999512,0.0032043945975601673,1.0,0.3886352479457855,2431488,1746426332.1982121
13.201823234558105,0.0,1593,1592,0.6325170397758484,0.07569020986557007,0.0638020858168602,561.860607553,12496,0.545138955116272,14.217669486999512,0.0032043945975601673,1.0,0.38976961374282837,2446848,1746426335.4751287
13.136068344116211,0.001953125,1631,1630,0.6478107571601868,0.09398651123046875,0.0625,574.400882527,12800,0.5442491769790649,14.80453109741211,0.007712701801210642,1.0,0.39240723848342896,2505216,1746426348.0153778
13.291016578674316,0.011718750931322575,1659,1658,0.6478107571601868,0.0966990664601326,0.0631510466337204,583.571755242,13024,0.5571181178092957,14.80453109741211,0.007712701801210642,1.0,0.3797290027141571,2548224,1746426357.18629
12.877604484558105,0.0,1666,1665,0.6478107571601868,0.08497114479541779,0.0638020858168602,585.86298506,13080,0.5279514789581299,14.80453109741211,0.007712701801210642,1.0,0.37408575415611267,2558976,1746426359.4774864
13.224610328674316,0.01106770895421505,1673,1672,0.6478107571601868,0.0978945940732956,0.0631510466337204,588.163191492,13136,0.5580946803092957,14.80453109741211,0.007712701801210642,1.0,0.3727734684944153,2569728,1746426361.77766
13.291666984558105,0.0,1717,1716,0.6478107571601868,0.0968472957611084,0.0625,602.610727899,13488,0.546918511390686,14.80453109741211,0.007712701801210642,1.0,0.3690694570541382,2637312,1746426376.2251055
13.292318344116211,0.00911458395421505,1720,1719,0.6478107571601868,0.09533411264419556,0.0625,603.598628326,13512,0.5641493797302246,14.80453109741211,0.007712701801210642,1.0,0.36699628829956055,2641920,1746426377.2129123
13.341797828674316,0.009765625931322575,1733,1732,0.6478107571601868,0.13347144424915314,0.0625,607.910687683,13616,0.5379775166511536,14.80453109741211,0.007712701801210642,1.0,0.3668366074562073,2661888,1746426381.5251107
13.665365219116211,0.0,1742,1741,0.6478107571601868,0.07134255766868591,0.0618489608168602,610.876953,13688,0.5419055223464966,14.80453109741211,0.007712701801210642,1.0,0.3605826497077942,2675712,1746426384.4914515
13.351563453674316,0.0,1762,1761,0.6478107571601868,0.09712133556604385,0.0625,617.429265741,13848,0.5609375834465027,14.80453109741211,0.007712701801210642,1.0,0.3690797686576843,2706432,1746426391.043562
13.192708969116211,0.0,1770,1769,0.6478107571601868,0.10839106142520905,0.0631510466337204,620.057935422,13912,0.551215410232544,14.80453109741211,0.007712701801210642,1.0,0.35875993967056274,2718720,1746426393.6723003
13.059245109558105,0.0,1788,1787,0.6478107571601868,0.15839704871177673,0.0638020858168602,625.973653822,14056,0.536328136920929,14.80453109741211,0.007712701801210642,1.0,0.3625613749027252,2746368,1746426399.5880692
12.651041984558105,0.0,1791,1790,0.6478107571601868,0.16393935680389404,0.0657552108168602,626.957890305,14080,0.5330730080604553,14.80453109741211,0.007712701801210642,1.0,0.36481600999832153,2750976,1746426400.5722878
12.953776359558105,0.017578125,1799,1798,0.6478107571601868,0.1200512945652008,0.0657552108168602,629.585024083,14144,0.572460949420929,14.80453109741211,0.007712701801210642,1.0,0.36014556884765625,2763264,1746426403.199385
13.407552719116211,0.0,1856,1855,0.6478107571601868,0.1205829605460167,0.0618489608168602,648.303744301,14600,0.542013943195343,14.80453109741211,0.007712701801210642,1.0,0.3552127778530121,2850816,1746426421.9180372
13.910807609558105,0.0,1860,1859,0.6478107571601868,0.1367039680480957,0.0611979216337204,649.616853785,14632,0.5378689765930176,14.80453109741211,0.007712701801210642,1.0,0.35595569014549255,2856960,1746426423.2311559
13.746745109558105,0.0,1868,1867,0.6478107571601868,0.11021293699741364,0.0625,652.241444357,14696,0.5336589217185974,14.80453109741211,0.007712701801210642,1.0,0.3486691117286682,2869248,1746426425.855782
13.904297828674316,0.0,1871,1870,0.6478107571601868,0.11392271518707275,0.0611979216337204,653.225817708,14720,0.54095059633255,14.80453109741211,0.007712701801210642,1.0,0.3484342694282532,2873856,1746426426.8399572
13.689454078674316,0.0,1875,1874,0.6478107571601868,0.10036725550889969,0.0618489608168602,654.53972969,14752,0.5479601621627808,14.80453109741211,0.007712701801210642,1.0,0.34912705421447754,2880000,1746426428.1538644
13.649088859558105,0.0,1885,1884,0.6478107571601868,0.11856142431497574,0.0611979216337204,657.821072999,14832,0.5467014312744141,14.80453109741211,0.007712701801210642,1.0,0.35219600796699524,2895360,1746426431.4353738
13.382813453674316,0.0,1914,1913,0.6478107571601868,0.09461437165737152,0.0625,667.353387293,15064,0.5323134660720825,14.80453109741211,0.007712701801210642,1.0,0.34866949915885925,2939904,1746426440.967742
13.401041984558105,0.0,1922,1921,0.6478107571601868,0.1073480173945427,0.0638020858168602,669.977492147,15128,0.5581164360046387,14.80453109741211,0.007712701801210642,1.0,0.35304898023605347,2952192,1746426443.5918484
12.772787094116211,0.0078125,1953,1952,0.6684477925300598,0.09392447769641876,0.0657552108168602,680.208317787,15376,0.5522570610046387,15.133578300476074,0.014705882407724857,1.0,0.353135883808136,2999808,1746426453.8228464
12.878907203674316,0.0,1958,1957,0.6684477925300598,0.10993973910808563,0.0651041716337204,681.844693284,15416,0.5469835996627808,15.133578300476074,0.014705882407724857,1.0,0.35818445682525635,3007488,1746426455.4592388
13.604166984558105,0.017578125,1971,1970,0.6684477925300598,0.09785423427820206,0.0618489608168602,686.103835245,15520,0.5877822041511536,15.133578300476074,0.014705882407724857,1.0,0.35892677307128906,3027456,1746426459.7183719
13.440104484558105,0.0,1978,1977,0.6684477925300598,0.099392831325531,0.0625,688.39532416,15576,0.5509332418441772,15.133578300476074,0.014705882407724857,1.0,0.36740076541900635,3038208,1746426462.009849
13.909505844116211,0.0,2037,2036,0.6684477925300598,0.12231560051441193,0.0598958358168602,707.721671012,16048,0.5422961115837097,15.133578300476074,0.014705882407724857,1.0,0.37510424852371216,3128832,1746426481.335974
14.270833969116211,0.008463541977107525,2050,2049,0.6684477925300598,0.12962201237678528,0.0579427108168602,711.985454226,16152,0.5409722924232483,15.133578300476074,0.014705882407724857,1.0,0.36957889795303345,3148800,1746426485.599794
14.550782203674316,0.0,2059,2058,0.6684477925300598,0.18304064869880676,0.0566406287252903,714.936310679,16224,0.5541667342185974,15.133578300476074,0.014705882407724857,1.0,0.3751619756221771,3162624,1746426488.550635
13.528646469116211,0.0,2064,2063,0.6684477925300598,0.12741945683956146,0.0618489608168602,716.575828882,16264,0.5215712785720825,15.133578300476074,0.014705882407724857,1.0,0.3719059228897095,3170304,1746426490.1901796
13.769532203674316,0.0,2066,2065,0.6684477925300598,0.1449788361787796,0.0605468787252903,717.232029075,16280,0.5309245586395264,15.133578300476074,0.014705882407724857,1.0,0.37427839636802673,3173376,1746426490.8463562
14.169922828674316,0.0,2081,2080,0.6684477925300598,0.16659125685691833,0.0579427108168602,722.155934346,16400,0.5305339694023132,15.133578300476074,0.014705882407724857,1.0,0.36503392457962036,3196416,1746426495.7703104
13.496094703674316,0.0,2087,2086,0.6684477925300598,0.1299247443675995,0.0625,724.126761934,16448,0.5375868678092957,15.133578300476074,0.014705882407724857,1.0,0.3533298075199127,3205632,1746426497.741044
13.733724594116211,0.0,2099,2098,0.6684477925300598,0.12487736344337463,0.0605468787252903,728.061558599,16544,0.5311198234558105,15.133578300476074,0.014705882407724857,1.0,0.35689547657966614,3224064,1746426501.675975
13.869791984558105,0.010416666977107525,2101,2100,0.6684477925300598,0.1468508094549179,0.0611979216337204,728.716988737,16560,0.5697049498558044,15.133578300476074,0.014705882407724857,1.0,0.35961252450942993,3227136,1746426502.3314219
13.464844703674316,0.0,2117,2116,0.6684477925300598,0.12672320008277893,0.0618489608168602,733.97007626,16688,0.5405165553092957,15.133578300476074,0.014705882407724857,1.0,0.3473425805568695,3251712,1746426507.5844452
13.652344703674316,0.0,2126,2125,0.6684477925300598,0.14538702368736267,0.0618489608168602,736.925355013,16760,0.5367405414581299,15.133578300476074,0.014705882407724857,1.0,0.34752070903778076,3265536,1746426510.5396907
14.563802719116211,0.008463541977107525,2137,2136,0.6684477925300598,0.15497443079948425,0.0572916679084301,740.534381745,16848,0.5638672709465027,15.133578300476074,0.014705882407724857,1.0,0.3521459102630615,3282432,1746426514.1487672
14.159505844116211,0.009765625931322575,2139,2138,0.6684477925300598,0.11857481300830841,0.0572916679084301,741.190473463,16864,0.544162392616272,15.133578300476074,0.014705882407724857,1.0,0.34734535217285156,3285504,1746426514.8047807
13.688151359558105,0.0,2149,2148,0.6684477925300598,0.13506154716014862,0.0611979216337204,744.475461253,16944,0.5431207418441772,15.133578300476074,0.014705882407724857,1.0,0.3505184054374695,3300864,1746426518.089798
13.457032203674316,0.0,2154,2153,0.6684477925300598,0.12416446954011917,0.0618489608168602,746.117300376,16984,0.5296658873558044,15.133578300476074,0.014705882407724857,1.0,0.3564911484718323,3308544,1746426519.7316425
13.587891578674316,0.01692708395421505,2168,2167,0.6684477925300598,0.1474953591823578,0.0625,750.732642642,17096,0.5569011569023132,15.133578300476074,0.014705882407724857,1.0,0.3618852496147156,3330048,1746426524.3470032
13.408854484558105,0.004557291977107525,2203,2202,0.6684477925300598,0.13146360218524933,0.0625,762.2165417,17376,0.5515191555023193,15.133578300476074,0.014705882407724857,1.0,0.35010600090026855,3383808,1746426535.8310661
13.639974594116211,0.0,2207,2206,0.6684477925300598,0.18882857263088226,0.0592447929084301,763.526036536,17408,0.5491102933883667,15.133578300476074,0.014705882407724857,1.0,0.35027754306793213,3389952,1746426537.140551
13.621745109558105,0.0,2243,2242,0.6684477925300598,0.148512065410614,0.0618489608168602,775.321944933,17696,0.5279948115348816,15.133578300476074,0.014705882407724857,1.0,0.34426283836364746,3445248,1746426548.936486
14.309896469116211,0.006510416977107525,2257,2256,0.6684477925300598,0.16753071546554565,0.0566406287252903,779.906643428,17808,0.5388238430023193,15.133578300476074,0.014705882407724857,1.0,0.35457223653793335,3466752,1746426553.5211759
13.687500953674316,0.02539062686264515,2266,2265,0.6684477925300598,0.1400792896747589,0.0592447929084301,782.857352736,17880,0.5717448592185974,15.133578300476074,0.014705882407724857,1.0,0.353118360042572,3480576,1746426556.4718468
14.077474594116211,0.01953125186264515,2285,2284,0.6777015924453735,0.16393399238586426,0.0598958358168602,789.151708952,18032,0.5608290433883667,15.773963928222656,0.02313755266368389,1.0,0.3478192687034607,3509760,1746426562.766259
14.174479484558105,0.03515625,2304,2303,0.6777015924453735,0.14655128121376038,0.0572916679084301,795.379442292,18184,0.5838325619697571,15.773963928222656,0.02313755266368389,1.0,0.36372610926628113,3538944,1746426568.993797
13.652995109558105,0.01106770895421505,2309,2308,0.6777015924453735,0.14742796123027802,0.0618489608168602,797.019975425,18224,0.5416450500488281,15.773963928222656,0.02313755266368389,1.0,0.3625151216983795,3546624,1746426570.634464
13.657552719116211,0.0,2316,2315,0.6777015924453735,0.1485266536474228,0.0611979216337204,799.311433493,18280,0.5452040433883667,15.773963928222656,0.02313755266368389,1.0,0.35752931237220764,3557376,1746426572.9259772
14.132162094116211,0.00911458395421505,2326,2325,0.6777015924453735,0.16314390301704407,0.0598958358168602,802.58403439,18360,0.550130307674408,15.773963928222656,0.02313755266368389,1.0,0.3517821133136749,3572736,1746426576.1985903
13.986979484558105,0.00911458395421505,2329,2328,0.6777015924453735,0.17885762453079224,0.0585937537252903,803.569561299,18384,0.5433811545372009,15.773963928222656,0.02313755266368389,1.0,0.36282676458358765,3577344,1746426577.184025
14.259115219116211,0.01106770895421505,2331,2330,0.6777015924453735,0.14435148239135742,0.0572916679084301,804.223964826,18400,0.5669922828674316,15.773963928222656,0.02313755266368389,1.0,0.3582563102245331,3580416,1746426577.8384795
13.880208969116211,0.01497395895421505,2336,2335,0.6777015924453735,0.1730794906616211,0.0598958358168602,805.861000977,18440,0.581271767616272,15.773963928222656,0.02313755266368389,1.0,0.35045915842056274,3588096,1746426579.4755144
13.578125953674316,0.00911458395421505,2338,2337,0.6777015924453735,0.16520117223262787,0.0618489608168602,806.516029282,18456,0.5563586354255676,15.773963928222656,0.02313755266368389,1.0,0.34631213545799255,3591168,1746426580.1305566
13.673829078674316,0.009765625931322575,2350,2349,0.6777015924453735,0.16034361720085144,0.0618489608168602,810.448154867,18552,0.5504558086395264,15.773963928222656,0.02313755266368389,1.0,0.34871339797973633,3609600,1746426584.0623565
14.024740219116211,0.009765625931322575,2354,2353,0.6777015924453735,0.14555013179779053,0.0611979216337204,811.759204083,18584,0.5788846611976624,15.773963928222656,0.02313755266368389,1.0,0.34187108278274536,3615744,1746426585.3737378
13.656250953674316,0.0,2358,2357,0.6777015924453735,0.17052936553955078,0.0611979216337204,813.068544699,18616,0.5382596254348755,15.773963928222656,0.02313755266368389,1.0,0.3466508388519287,3621888,1746426586.6830783
13.468099594116211,0.009765625931322575,2392,2391,0.6777015924453735,0.17680856585502625,0.0625,824.20150613,18888,0.5583985447883606,15.773963928222656,0.02313755266368389,1.0,0.3422599136829376,3674112,1746426597.8160212
14.088541984558105,0.0,2411,2410,0.6777015924453735,0.18805381655693054,0.0605468787252903,830.42666928,19040,0.5298612117767334,15.773963928222656,0.02313755266368389,1.0,0.3502642512321472,3703296,1746426604.041204
13.617188453674316,0.010416666977107525,2416,2415,0.6777015924453735,0.20955172181129456,0.0618489608168602,832.063242938,19080,0.53411465883255,15.773963928222656,0.02313755266368389,1.0,0.3532347083091736,3710976,1746426605.6777816
13.914063453674316,0.009765625931322575,2418,2417,0.6777015924453735,0.2413122057914734,0.0598958358168602,832.718671619,19096,0.5568360090255737,15.773963928222656,0.02313755266368389,1.0,0.35032761096954346,3714048,1746426606.333182
14.570963859558105,0.008463541977107525,2421,2420,0.6777015924453735,0.25008130073547363,0.0559895858168602,833.700640242,19120,0.5626737475395203,15.773963928222656,0.02313755266368389,1.0,0.35098177194595337,3718656,1746426607.3151639
13.429037094116211,0.0182291679084301,2438,2437,0.6777015924453735,0.21673454344272614,0.0618489608168602,839.274742415,19256,0.560981035232544,15.773963928222656,0.02313755266368389,1.0,0.35941970348358154,3744768,1746426612.8891072
13.539713859558105,0.0,2446,2445,0.6777015924453735,0.20844268798828125,0.0618489608168602,841.896877214,19320,0.5383898615837097,15.773963928222656,0.02313755266368389,1.0,0.35297390818595886,3757056,1746426615.5114331
13.567057609558105,0.0,2456,2455,0.6777015924453735,0.24186378717422485,0.0611979216337204,845.171962823,19400,0.5326606631278992,15.773963928222656,0.02313755266368389,1.0,0.3557945489883423,3772416,1746426618.7865164
14.593099594116211,0.01302083395421505,2495,2494,0.6777015924453735,0.19238194823265076,0.0559895858168602,857.946556928,19712,0.5717015266418457,15.773963928222656,0.02313755266368389,1.0,0.3435625433921814,3832320,1746426631.5610847
13.937500953674316,0.009765625931322575,2496,2495,0.6777015924453735,0.18739327788352966,0.0592447929084301,858.273986254,19720,0.54388028383255,15.773963928222656,0.02313755266368389,1.0,0.34845152497291565,3833856,1746426631.8884847
15.400391578674316,0.009765625931322575,2499,2498,0.6777015924453735,0.18820720911026,0.0520833358168602,859.255199109,19744,0.5423611998558044,15.773963928222656,0.02313755266368389,1.0,0.34548836946487427,3838464,1746426632.8697248
14.590495109558105,0.010416666977107525,2506,2505,0.6777015924453735,0.1619109809398651,0.0553385429084301,861.547059384,19800,0.5682510137557983,15.773963928222656,0.02313755266368389,1.0,0.34203511476516724,3849216,1746426635.1615698
14.328125953674316,0.0,2516,2515,0.6777015924453735,0.1813386082649231,0.0566406287252903,864.823973403,19880,0.5354384183883667,15.773963928222656,0.02313755266368389,1.0,0.34728357195854187,3864576,1746426638.4384842
14.740235328674316,0.0,2537,2536,0.6777015924453735,0.17130102217197418,0.0546875037252903,871.700693301,20048,0.5358290672302246,15.773963928222656,0.02313755266368389,1.0,0.36222606897354126,3896832,1746426645.3152344
14.590495109558105,0.0,2557,2556,0.6777015924453735,0.19057518243789673,0.0553385429084301,878.248454985,20208,0.5164497494697571,15.773963928222656,0.02313755266368389,1.0,0.3593788743019104,3927552,1746426651.862993
14.215495109558105,0.0299479179084301,2564,2563,0.6777015924453735,0.15121933817863464,0.0598958358168602,880.543099221,20264,0.5804688334465027,15.773963928222656,0.02313755266368389,1.0,0.35831910371780396,3938304,1746426654.1576242
14.574870109558105,0.0078125,2570,2569,0.6777015924453735,0.16342990100383759,0.0566406287252903,882.507688701,20312,0.5628255605697632,15.773963928222656,0.02313755266368389,1.0,0.3511478304862976,3947520,1746426656.12223
13.914063453674316,0.009765625931322575,2599,2598,0.6777015924453735,0.17663472890853882,0.0598958358168602,892.027032185,20544,0.5334419012069702,15.773963928222656,0.02313755266368389,1.0,0.35962870717048645,3992064,1746426665.6415818
14.064454078674316,0.0078125,2601,2600,0.6738321781158447,0.16531631350517273,0.0598958358168602,892.757102417,20560,0.5434679388999939,16.51070785522461,0.021957170218229294,1.0,0.3601893186569214,3995136,1746426666.3716471
14.266276359558105,0.0,2633,2632,0.6738321781158447,0.17099222540855408,0.0585937537252903,903.233258567,20816,0.5382813215255737,16.51070785522461,0.021957170218229294,1.0,0.35270625352859497,4044288,1746426676.8476088
13.461588859558105,0.0013020833721384406,2652,2651,0.6738321781158447,0.20531365275382996,0.0618489608168602,909.455492699,20968,0.53020840883255,16.51070785522461,0.021957170218229294,1.0,0.35227155685424805,4073472,1746426683.0700235
14.194662094116211,0.009765625931322575,2685,2684,0.6738321781158447,0.21757321059703827,0.0598958358168602,920.264997266,21232,0.5657118558883667,16.51070785522461,0.021957170218229294,1.0,0.3620092272758484,4124160,1746426693.8795397
13.970704078674316,0.02148437686264515,2686,2685,0.6738321781158447,0.21914029121398926,0.0618489608168602,920.592635421,21240,0.5585504174232483,16.51070785522461,0.021957170218229294,1.0,0.35875368118286133,4125696,1746426694.2071762
14.362630844116211,0.00911458395421505,2698,2697,0.6738321781158447,0.2831687331199646,0.0572916679084301,924.523945282,21336,0.5776476860046387,16.51070785522461,0.021957170218229294,1.0,0.36850878596305847,4144128,1746426698.138462
15.044922828674316,0.0240885429084301,2716,2715,0.6738321781158447,0.2619739770889282,0.0540364608168602,930.421770115,21480,0.5819879174232483,16.51070785522461,0.021957170218229294,1.0,0.35534927248954773,4171776,1746426704.0363364
14.698568344116211,0.0,2718,2717,0.6738321781158447,0.24378669261932373,0.0566406287252903,931.077486615,21496,0.542317807674408,16.51070785522461,0.021957170218229294,1.0,0.3535430133342743,4174848,1746426704.6920235
14.347657203674316,0.010416666977107525,2726,2725,0.6738321781158447,0.2532469630241394,0.0572916679084301,933.696515554,21560,0.5704210996627808,16.51070785522461,0.021957170218229294,1.0,0.35248127579689026,4187136,1746426707.3110611
14.395182609558105,0.008463541977107525,2728,2727,0.6738321781158447,0.2292211651802063,0.0585937537252903,934.35113438,21576,0.5552735328674316,16.51070785522461,0.021957170218229294,1.0,0.3512226939201355,4190208,1746426707.965694
14.540365219116211,0.0,2746,2745,0.6738321781158447,0.2883579730987549,0.0566406287252903,940.244090642,21720,0.5438151359558105,16.51070785522461,0.021957170218229294,1.0,0.35578328371047974,4217856,1746426713.8586357
14.585938453674316,0.0,2767,2766,0.6738321781158447,0.24680787324905396,0.0546875037252903,947.128984708,21888,0.5231988430023193,16.51070785522461,0.021957170218229294,1.0,0.339939147233963,4250112,1746426720.7435212
14.921224594116211,0.0,2776,2775,0.6738321781158447,0.23031684756278992,0.0553385429084301,950.075921191,21960,0.5427736043930054,16.51070785522461,0.021957170218229294,1.0,0.34190160036087036,4263936,1746426723.690435
14.879557609558105,0.01888020895421505,2796,2795,0.6738321781158447,0.23273229598999023,0.0540364608168602,956.625916963,22120,0.5597656965255737,16.51070785522461,0.021957170218229294,1.0,0.34333622455596924,4294656,1746426730.2404459
15.235677719116211,0.0,2815,2814,0.6738321781158447,0.18416494131088257,0.0540364608168602,962.850011755,22272,0.5263239145278931,16.51070785522461,0.021957170218229294,1.0,0.3567865192890167,4323840,1746426736.4645548
14.791666984558105,0.010416666977107525,2841,2840,0.6738321781158447,0.21413710713386536,0.0553385429084301,971.370364627,22480,0.5449002981185913,16.51070785522461,0.021957170218229294,1.0,0.36355486512184143,4363776,1746426744.9848921
14.703125953674316,0.0201822929084301,2847,2846,0.6738321781158447,0.19514095783233643,0.0559895858168602,973.335224018,22528,0.5590712428092957,16.51070785522461,0.021957170218229294,1.0,0.35781097412109375,4372992,1746426746.9497564
14.846354484558105,0.0,2854,2853,0.6738321781158447,0.2035445272922516,0.0540364608168602,975.627384661,22584,0.5308594703674316,16.51070785522461,0.021957170218229294,1.0,0.35526469349861145,4383744,1746426749.24192
14.652995109558105,0.0,2906,2905,0.6738321781158447,0.17251917719841003,0.0559895858168602,992.662799631,23000,0.5310765504837036,16.51070785522461,0.021957170218229294,1.0,0.3563516139984131,4463616,1746426766.27736
15.045573234558105,0.0201822929084301,2915,2914,0.6738321781158447,0.18222644925117493,0.0546875037252903,995.609570533,23072,0.5848090648651123,16.51070785522461,0.021957170218229294,1.0,0.35583242774009705,4477440,1746426769.223949
14.381510734558105,0.01106770895421505,2925,2924,0.7006439566612244,0.2092469036579132,0.0572916679084301,998.95926597,23152,0.5456597805023193,17.157894134521484,0.037793952971696854,1.0,0.36389175057411194,4492800,1746426772.573792
14.251954078674316,0.0,2943,2942,0.7006439566612244,0.20414553582668304,0.0572916679084301,1004.853273354,23296,0.5466363430023193,17.157894134521484,0.037793952971696854,1.0,0.3658667206764221,4520448,1746426778.4678
14.759115219116211,0.00911458395421505,2945,2944,0.7006439566612244,0.22077566385269165,0.0553385429084301,1005.511074321,23312,0.555989682674408,17.157894134521484,0.037793952971696854,1.0,0.36622628569602966,4523520,1746426779.1255834
14.685547828674316,0.0,2946,2945,0.7006439566612244,0.22193315625190735,0.0553385429084301,1005.839845701,23320,0.5546008348464966,17.157894134521484,0.037793952971696854,1.0,0.3665682375431061,4525056,1746426779.4543703
14.588541984558105,0.01106770895421505,2950,2949,0.7006439566612244,0.22106686234474182,0.0566406287252903,1007.148805507,23352,0.5567926168441772,17.157894134521484,0.037793952971696854,1.0,0.36796456575393677,4531200,1746426780.7633555
14.345704078674316,0.009765625931322575,2987,2986,0.7006439566612244,0.2074180245399475,0.0559895858168602,1019.265330347,23648,0.544379472732544,17.157894134521484,0.037793952971696854,1.0,0.3553619980812073,4588032,1746426792.879836
14.314454078674316,0.01953125186264515,3024,3023,0.7006439566612244,0.21775181591510773,0.0572916679084301,1031.391235668,23944,0.5464844107627869,17.157894134521484,0.037793952971696854,1.0,0.3553709089756012,4644864,1746426805.0057843
14.497396469116211,0.009765625931322575,3030,3029,0.7006439566612244,0.22887392342090607,0.0566406287252903,1033.35672157,23992,0.5521702170372009,17.157894134521484,0.037793952971696854,1.0,0.35476821660995483,4654080,1746426806.971268
14.753255844116211,0.02278645895421505,3043,3042,0.7006439566612244,0.26062583923339844,0.0553385429084301,1037.638033271,24096,0.5631728172302246,17.157894134521484,0.037793952971696854,1.0,0.3602471947669983,4674048,1746426811.2525687
14.455079078674316,0.00911458395421505,3046,3045,0.7006439566612244,0.2467004805803299,0.0585937537252903,1038.62010617,24120,0.5638238787651062,17.157894134521484,0.037793952971696854,1.0,0.36650410294532776,4678656,1746426812.2346497
14.488932609558105,0.00911458395421505,3052,3051,0.7006439566612244,0.2675619125366211,0.0546875037252903,1040.589564088,24168,0.5611329674720764,17.157894134521484,0.037793952971696854,1.0,0.371168851852417,4687872,1746426814.204112
14.238282203674316,0.0,3056,3055,0.7006439566612244,0.25788241624832153,0.0579427108168602,1041.899234638,24200,0.5387587547302246,17.157894134521484,0.037793952971696854,1.0,0.3778986632823944,4694016,1746426815.5137696
14.592448234558105,0.008463541977107525,3063,3062,0.7006439566612244,0.2788001596927643,0.0559895858168602,1044.191411455,24256,0.5467448234558105,17.157894134521484,0.037793952971696854,1.0,0.37374743819236755,4704768,1746426817.805941
14.345052719116211,0.0078125,3065,3064,0.7006439566612244,0.26484155654907227,0.0566406287252903,1044.849316412,24272,0.5315105319023132,17.157894134521484,0.037793952971696854,1.0,0.3745229244232178,4707840,1746426818.463728
14.698568344116211,0.0,3066,3065,0.7006439566612244,0.2898186445236206,0.0553385429084301,1045.176475026,24280,0.5563586354255676,17.157894134521484,0.037793952971696854,1.0,0.3673618733882904,4709376,1746426818.790967
14.096354484558105,0.02083333395421505,3081,3080,0.7006439566612244,0.265453577041626,0.0592447929084301,1050.088854204,24400,0.5582682490348816,17.157894134521484,0.037793952971696854,1.0,0.3705754280090332,4732416,1746426823.7033832
14.246745109558105,0.0,3092,3091,0.7006439566612244,0.25882861018180847,0.0592447929084301,1053.687974889,24488,0.5332031846046448,17.157894134521484,0.037793952971696854,1.0,0.3620198667049408,4749312,1746426827.3024962
13.917969703674316,0.0,3099,3098,0.7006439566612244,0.2770519554615021,0.0605468787252903,1055.979448923,24544,0.545920193195343,17.157894134521484,0.037793952971696854,1.0,0.35840559005737305,4760064,1746426829.5939898
14.976563453674316,0.02083333395421505,3118,3117,0.7006439566612244,0.2991301119327545,0.0540364608168602,1062.199867743,24696,0.5595487356185913,17.157894134521484,0.037793952971696854,1.0,0.35703155398368835,4789248,1746426835.814395
14.621094703674316,0.02278645895421505,3121,3120,0.7006439566612244,0.2686668634414673,0.0559895858168602,1063.181359155,24720,0.5756728053092957,17.157894134521484,0.037793952971696854,1.0,0.35490289330482483,4793856,1746426836.7958746
15.358724594116211,0.013671875931322575,3126,3125,0.7006439566612244,0.2576044201850891,0.0540364608168602,1064.817882434,24760,0.5635635256767273,17.157894134521484,0.037793952971696854,1.0,0.3461216688156128,4801536,1746426838.432416
15.395183563232422,0.0,3131,3130,0.7006439566612244,0.2794608175754547,0.0533854179084301,1066.456199504,24800,0.5391928553581238,17.157894134521484,0.037793952971696854,1.0,0.3466278910636902,4809216,1746426840.0707376
15.316407203674316,0.02083333395421505,3144,3143,0.7006439566612244,0.24659666419029236,0.0533854179084301,1070.717067726,24904,0.5520399808883667,17.157894134521484,0.037793952971696854,1.0,0.3406579792499542,4829184,1746426844.3316019
15.345052719116211,0.0,3158,3157,0.7006439566612244,0.2537858784198761,0.0520833358168602,1075.300024863,25016,0.4895400106906891,17.157894134521484,0.037793952971696854,1.0,0.3401901125907898,4850688,1746426848.9145303
15.380860328674316,0.0,3170,3169,0.7006439566612244,0.2739972472190857,0.0546875037252903,1079.227501594,25112,0.5337674617767334,17.157894134521484,0.037793952971696854,1.0,0.3441477119922638,4869120,1746426852.842041
14.932291984558105,0.0,3175,3174,0.7006439566612244,0.3107514977455139,0.0546875037252903,1080.869310321,25152,0.48858511447906494,17.157894134521484,0.037793952971696854,1.0,0.3399047255516052,4876800,1746426854.48386
15.292318344116211,0.011718750931322575,3179,3178,0.7006439566612244,0.24503904581069946,0.0520833358168602,1082.186733985,25184,0.5259332060813904,17.157894134521484,0.037793952971696854,1.0,0.34070518612861633,4882944,1746426855.801288
15.401693344116211,0.01106770895421505,3180,3179,0.7006439566612244,0.2889077067375183,0.0533854179084301,1082.514151158,25192,0.5339410305023193,17.157894134521484,0.037793952971696854,1.0,0.3451204299926758,4884480,1746426856.1287081
15.348308563232422,0.01106770895421505,3181,3180,0.7006439566612244,0.2841950058937073,0.0527343787252903,1082.841517134,25200,0.5333551168441772,17.157894134521484,0.037793952971696854,1.0,0.34155774116516113,4886016,1746426856.4560535
15.433594703674316,0.02473958395421505,3195,3194,0.7006439566612244,0.28872150182724,0.0533854179084301,1087.427571994,25312,0.5560764670372009,17.157894134521484,0.037793952971696854,1.0,0.33955928683280945,4907520,1746426861.0420492
16.205078125,0.0488281287252903,3222,3221,0.7006439566612244,0.2830970287322998,0.0501302108168602,1096.267900636,25528,0.6177952289581299,17.157894134521484,0.037793952971696854,1.0,0.34454965591430664,4948992,1746426869.8824358
14.378907203674316,0.012369791977107525,3267,3266,0.6958106160163879,0.29473239183425903,0.0566406287252903,1111.079795858,25888,0.5348090529441833,17.7128849029541,0.02767368033528328,1.0,0.3425421118736267,5018112,1746426884.6943424
14.679037094116211,0.009765625931322575,3272,3271,0.6958106160163879,0.24713405966758728,0.0559895858168602,1112.716968098,25928,0.5513021349906921,17.7128849029541,0.02767368033528328,1.0,0.3362327218055725,5025792,1746426886.3314953
14.888672828674316,0.0,3313,3312,0.6958106160163879,0.2727867066860199,0.0546875037252903,1126.146934217,26256,0.5300348401069641,17.7128849029541,0.02767368033528328,1.0,0.3411000967025757,5088768,1746426899.7614768
14.757162094116211,0.00390625,3317,3316,0.6958106160163879,0.23930153250694275,0.0553385429084301,1127.456917994,26288,0.5457683205604553,17.7128849029541,0.02767368033528328,1.0,0.3394928574562073,5094912,1746426901.0714583
15.389974594116211,0.0,3322,3321,0.6958106160163879,0.2880989611148834,0.0533854179084301,1129.094153907,26328,0.5267578959465027,17.7128849029541,0.02767368033528328,1.0,0.3400347828865051,5102592,1746426902.708628
15.224610328674316,0.01692708395421505,3375,3374,0.6958106160163879,0.2555718421936035,0.0546875037252903,1146.462367615,26752,0.5654948949813843,17.7128849029541,0.02767368033528328,1.0,0.3406587839126587,5184000,1746426920.0768914
15.577474594116211,0.0182291679084301,3387,3386,0.6958106160163879,0.2756214737892151,0.0507812537252903,1150.393976138,26848,0.5697049498558044,17.7128849029541,0.02767368033528328,1.0,0.34348064661026,5202432,1746426924.0084884
15.001954078674316,0.0,3405,3404,0.6958106160163879,0.27953922748565674,0.0540364608168602,1156.290362216,26992,0.5405600070953369,17.7128849029541,0.02767368033528328,1.0,0.35419559478759766,5230080,1746426929.9048803
15.717449188232422,0.0240885429084301,3408,3407,0.6958106160163879,0.261483371257782,0.0520833358168602,1157.272815371,27016,0.5838977098464966,17.7128849029541,0.02767368033528328,1.0,0.3508928716182709,5234688,1746426930.8873668
14.865885734558105,0.0,3424,3423,0.6958106160163879,0.24016937613487244,0.0546875037252903,1162.513896935,27144,0.5390191674232483,17.7128849029541,0.02767368033528328,1.0,0.3497987985610962,5259264,1746426936.1284392
14.712891578674316,0.01106770895421505,3425,3424,0.6958106160163879,0.2326659858226776,0.0553385429084301,1162.84156651,27152,0.5554904937744141,17.7128849029541,0.02767368033528328,1.0,0.35047417879104614,5260800,1746426936.4560862
14.617188453674316,0.012369791977107525,3432,3431,0.6958106160163879,0.27533242106437683,0.0553385429084301,1165.133274514,27208,0.5657118558883667,17.7128849029541,0.02767368033528328,1.0,0.3465523421764374,5271552,1746426938.7477784
14.714844703674316,0.0201822929084301,3441,3440,0.6958106160163879,0.23074175417423248,0.0566406287252903,1168.084309394,27280,0.5709202289581299,17.7128849029541,0.02767368033528328,1.0,0.34281423687934875,5285376,1746426941.6988657
14.792318344116211,0.0319010429084301,3448,3447,0.6958106160163879,0.23826681077480316,0.0546875037252903,1170.380074805,27336,0.5956164598464966,17.7128849029541,0.02767368033528328,1.0,0.33778253197669983,5296128,1746426943.9946039
15.511719703674316,0.03125,3467,3466,0.6958106160163879,0.22153733670711517,0.0520833358168602,1176.602090595,27488,0.5850478410720825,17.7128849029541,0.02767368033528328,1.0,0.3521156907081604,5325312,1746426950.2166302
15.175782203674316,0.02148437686264515,3480,3479,0.6958106160163879,0.22529524564743042,0.0533854179084301,1180.884134695,27592,0.5748047828674316,17.7128849029541,0.02767368033528328,1.0,0.3473716378211975,5345280,1746426954.498681
15.498699188232422,0.009765625931322575,3522,3521,0.6958106160163879,0.2608521580696106,0.0533854179084301,1194.645136481,27928,0.5618056058883667,17.7128849029541,0.02767368033528328,1.0,0.3722020983695984,5409792,1746426968.2596316
14.739583969116211,0.014322916977107525,3548,3547,0.6958106160163879,0.2503443956375122,0.0546875037252903,1203.165564625,28136,0.5589627623558044,17.7128849029541,0.02767368033528328,1.0,0.36603212356567383,5449728,1746426976.7800932
14.919271469116211,0.0546875037252903,3559,3558,0.6958106160163879,0.2503141164779663,0.0546875037252903,1206.771658402,28224,0.612348198890686,17.7128849029541,0.02767368033528328,1.0,0.34976258873939514,5466624,1746426980.3861878
14.936198234558105,0.0,3570,3569,0.6958106160163879,0.26353317499160767,0.0559895858168602,1210.376173085,28312,0.5503039360046387,17.7128849029541,0.02767368033528328,1.0,0.3552168309688568,5483520,1746426983.9907033
15.294922828674316,0.0,3599,3598,0.6953164339065552,0.2624891400337219,0.0533854179084301,1219.946171668,28544,0.53216153383255,17.746105194091797,0.02740911766886711,1.0,0.3568079173564911,5528064,1746426993.560703
15.649740219116211,0.03515625,3620,3619,0.6953164339065552,0.2712581157684326,0.0527343787252903,1226.832736528,28712,0.5867189168930054,17.746105194091797,0.02740911766886711,1.0,0.35045287013053894,5560320,1746427000.4472594
15.253255844116211,0.0319010429084301,3625,3624,0.6953164339065552,0.28713804483413696,0.0533854179084301,1228.470019956,28752,0.5667101740837097,17.746105194091797,0.02740911766886711,1.0,0.34085649251937866,5568000,1746427002.0845683
15.389974594116211,0.0221354179084301,3650,3649,0.6953164339065552,0.2757489085197449,0.0540364608168602,1236.659202983,28952,0.5694879293441772,17.746105194091797,0.02740911766886711,1.0,0.345262348651886,5606400,1746427010.2737641
15.425130844116211,0.02539062686264515,3663,3662,0.6953164339065552,0.2302393615245819,0.0533854179084301,1240.919109437,29056,0.5674914121627808,17.746105194091797,0.02740911766886711,1.0,0.3452445864677429,5626368,1746427014.5336545
15.350912094116211,0.01106770895421505,3672,3671,0.6953164339065552,0.23134249448776245,0.0533854179084301,1243.865842796,29128,0.557660698890686,17.746105194091797,0.02740911766886711,1.0,0.3471764922142029,5640192,1746427017.4803588
15.357422828674316,0.033203125,3692,3691,0.6953164339065552,0.23580777645111084,0.0533854179084301,1250.423094356,29288,0.57513028383255,17.746105194091797,0.02740911766886711,1.0,0.3542248010635376,5670912,1746427024.0375822
15.455730438232422,0.0,3693,3692,0.6953164339065552,0.23195987939834595,0.0533854179084301,1250.750518914,29296,0.5255643725395203,17.746105194091797,0.02740911766886711,1.0,0.35512620210647583,5672448,1746427024.3650541
14.286458969116211,0.0,3714,3713,0.6953164339065552,0.2303970754146576,0.0566406287252903,1257.626579563,29464,0.5276476740837097,17.746105194091797,0.02740911766886711,1.0,0.3665764331817627,5704704,1746427031.241109
14.559896469116211,0.011718750931322575,3718,3717,0.6953164339065552,0.2552542984485626,0.0546875037252903,1258.935811264,29496,0.546875,17.746105194091797,0.02740911766886711,1.0,0.3658916652202606,5710848,1746427032.5503771
14.656901359558105,0.0455729179084301,3720,3719,0.6953164339065552,0.2509301006793976,0.0559895858168602,1259.590456175,29512,0.5838977098464966,17.746105194091797,0.02740911766886711,1.0,0.36874574422836304,5713920,1746427033.20499
15.322266578674316,0.0006510416860692203,3740,3739,0.6953164339065552,0.2544005513191223,0.0527343787252903,1266.146420683,29672,0.5563152432441711,17.746105194091797,0.02740911766886711,1.0,0.36544135212898254,5744640,1746427039.7609544
15.216146469116211,0.009765625931322575,3744,3743,0.6953164339065552,0.25056999921798706,0.0546875037252903,1267.455261596,29704,0.5483725070953369,17.746105194091797,0.02740911766886711,1.0,0.3655935525894165,5750784,1746427041.0698109
15.171875953674316,0.0,3765,3764,0.6953164339065552,0.24650812149047852,0.0533854179084301,1274.330545146,29872,0.5299913883209229,17.746105194091797,0.02740911766886711,1.0,0.36443251371383667,5783040,1746427047.9450881
15.856771469116211,0.0279947929084301,3769,3768,0.6953164339065552,0.20641320943832397,0.0520833358168602,1275.649229469,29904,0.5876737236976624,17.746105194091797,0.02740911766886711,1.0,0.3586450219154358,5789184,1746427049.2637546
15.639324188232422,0.0416666679084301,3778,3777,0.6953164339065552,0.24727196991443634,0.0527343787252903,1278.595921019,29976,0.5859159231185913,17.746105194091797,0.02740911766886711,1.0,0.3700924515724182,5803008,1746427052.2104805
15.580730438232422,0.02734375186264515,3782,3781,0.6953164339065552,0.23191089928150177,0.0520833358168602,1279.905307563,30008,0.5677301287651062,17.746105194091797,0.02740911766886711,1.0,0.36635392904281616,5809152,1746427053.5198565
15.358074188232422,0.0221354179084301,3800,3799,0.6953164339065552,0.2562917172908783,0.0527343787252903,1285.801041335,30152,0.5709853172302246,17.746105194091797,0.02740911766886711,1.0,0.3707050681114197,5836800,1746427059.415588
15.167318344116211,0.0364583358168602,3815,3814,0.6953164339065552,0.20750278234481812,0.0533854179084301,1290.717053565,30272,0.5794922709465027,17.746105194091797,0.02740911766886711,1.0,0.37173205614089966,5859840,1746427064.331557
15.865886688232422,0.0319010429084301,3849,3848,0.6953164339065552,0.24953751266002655,0.0514322929084301,1301.853055227,30544,0.6032769680023193,17.746105194091797,0.02740911766886711,1.0,0.37585169076919556,5912064,1746427075.4675992
15.356771469116211,0.0,3880,3879,0.6953164339065552,0.28099507093429565,0.0533854179084301,1312.011324634,30792,0.5508898496627808,17.746105194091797,0.02740911766886711,1.0,0.3583824336528778,5959680,1746427085.625847
14.694010734558105,0.009765625931322575,3903,3902,0.715250551700592,0.2480575442314148,0.0546875037252903,1319.617343684,30976,0.5484158992767334,17.784683227539062,0.041040465235710144,1.0,0.3504641056060791,5995008,1746427093.2318742
15.047526359558105,0.010416666977107525,3907,3906,0.715250551700592,0.2604934573173523,0.0540364608168602,1320.949095619,31008,0.5710070729255676,17.784683227539062,0.041040465235710144,1.0,0.35497891902923584,6001152,1746427094.5419629
14.846354484558105,0.0338541679084301,3911,3910,0.715250551700592,0.2553284466266632,0.0566406287252903,1322.25848186,31040,0.5809680223464966,17.784683227539062,0.041040465235710144,1.0,0.3544355630874634,6007296,1746427095.873018
13.651693344116211,0.0,3913,3912,0.715250551700592,0.23676155507564545,0.0598958358168602,1322.921756346,31056,0.5300130844116211,17.784683227539062,0.041040465235710144,1.0,0.34489011764526367,6010368,1746427096.5358887
13.404948234558105,0.0,3917,3916,0.715250551700592,0.2233646661043167,0.0625,1324.234097561,31088,0.5352648496627808,17.784683227539062,0.041040465235710144,1.0,0.34712645411491394,6016512,1746427097.848638
13.955079078674316,0.010416666977107525,3919,3918,0.715250551700592,0.26427751779556274,0.0592447929084301,1324.888561318,31104,0.5598308444023132,17.784683227539062,0.041040465235710144,1.0,0.3474619388580322,6019584,1746427098.5030954
13.811849594116211,0.008463541977107525,3921,3920,0.715250551700592,0.2310420572757721,0.0605468787252903,1325.543460638,31120,0.5396918654441833,17.784683227539062,0.041040465235710144,1.0,0.34458550810813904,6022656,1746427099.1580105
14.742838859558105,0.00911458395421505,3933,3932,0.715250551700592,0.24705305695533752,0.0553385429084301,1329.472704791,31216,0.5374350547790527,17.784683227539062,0.041040465235710144,1.0,0.3548188805580139,6041088,1746427103.0872524
13.675130844116211,0.0,3943,3942,0.715250551700592,0.21329987049102783,0.0605468787252903,1332.749530192,31296,0.5310981869697571,17.784683227539062,0.041040465235710144,1.0,0.36085692048072815,6056448,1746427106.364074
13.800782203674316,0.00911458395421505,3944,3943,0.715250551700592,0.24647369980812073,0.0592447929084301,1333.076850442,31304,0.5408638119697571,17.784683227539062,0.041040465235710144,1.0,0.3646368980407715,6057984,1746427106.691402
14.184245109558105,0.0,3945,3944,0.715250551700592,0.2341357320547104,0.0585937537252903,1333.404264921,31312,0.5375868678092957,17.784683227539062,0.041040465235710144,1.0,0.3509175181388855,6059520,1746427107.0187993
13.806641578674316,0.0,3955,3954,0.715250551700592,0.2265724241733551,0.0592447929084301,1336.678940429,31392,0.5150608420372009,17.784683227539062,0.041040465235710144,1.0,0.35900750756263733,6074880,1746427110.2934628
14.013021469116211,0.009765625931322575,3975,3974,0.715250551700592,0.20063889026641846,0.0592447929084301,1343.229611109,31552,0.5501953959465027,17.784683227539062,0.041040465235710144,1.0,0.3565026521682739,6105600,1746427116.8441439
14.054037094116211,0.0006510416860692203,3982,3981,0.715250551700592,0.2372131496667862,0.0585937537252903,1345.524641361,31608,0.536154568195343,17.784683227539062,0.041040465235710144,1.0,0.3690229058265686,6116352,1746427119.1391554
15.434896469116211,0.0,4024,4023,0.715250551700592,0.1882171630859375,0.0540364608168602,1359.283100493,31944,0.5542318820953369,17.784683227539062,0.041040465235710144,1.0,0.36662548780441284,6180864,1746427132.8976464
14.958985328674316,0.0,4026,4025,0.715250551700592,0.16423465311527252,0.0540364608168602,1359.937671914,31960,0.5327257513999939,17.784683227539062,0.041040465235710144,1.0,0.36253541707992554,6183936,1746427133.552225
15.848308563232422,0.02148437686264515,4032,4031,0.715250551700592,0.19909048080444336,0.0520833358168602,1361.902204561,32008,0.586176335811615,17.784683227539062,0.041040465235710144,1.0,0.3749476671218872,6193152,1746427135.5167575
15.210938453674316,0.009765625931322575,4049,4048,0.715250551700592,0.1929422914981842,0.0533854179084301,1367.472278272,32144,0.5529297590255737,17.784683227539062,0.041040465235710144,1.0,0.3795211911201477,6219264,1746427141.0868106
15.027995109558105,0.0,4055,4054,0.715250551700592,0.2132609784603119,0.0533854179084301,1369.43784787,32192,0.5299262404441833,17.784683227539062,0.041040465235710144,1.0,0.39492976665496826,6228480,1746427143.052398
15.210938453674316,0.03515625,4068,4067,0.715250551700592,0.2173762172460556,0.0533854179084301,1373.705744876,32296,0.577604353427887,17.784683227539062,0.041040465235710144,1.0,0.3924475312232971,6248448,1746427147.320291
15.046875953674316,0.02473958395421505,4070,4069,0.715250551700592,0.18891265988349915,0.0533854179084301,1374.36083887,32312,0.5653863549232483,17.784683227539062,0.041040465235710144,1.0,0.3896030783653259,6251520,1746427147.9753697
15.447266578674316,0.0416666679084301,4086,4085,0.715250551700592,0.21990059316158295,0.0533854179084301,1379.601975456,32440,0.583029568195343,17.784683227539062,0.041040465235710144,1.0,0.3949804902076721,6276096,1746427153.216499
14.930338859558105,0.02148437686264515,4095,4094,0.715250551700592,0.2309243083000183,0.0533854179084301,1382.552634178,32512,0.5430338978767395,17.784683227539062,0.041040465235710144,1.0,0.3831031918525696,6289920,1746427156.167168
15.027995109558105,0.0221354179084301,4108,4107,0.715250551700592,0.2964846193790436,0.0540364608168602,1386.812958251,32616,0.5877171158790588,17.784683227539062,0.041040465235710144,1.0,0.3814623951911926,6309888,1746427160.4274857
15.251302719116211,0.011718750931322575,4110,4109,0.715250551700592,0.2846113443374634,0.0520833358168602,1387.46772627,32632,0.5579211115837097,17.784683227539062,0.041040465235710144,1.0,0.38283464312553406,6312960,1746427161.0822663
15.540365219116211,0.01302083395421505,4121,4120,0.715250551700592,0.3216349184513092,0.0527343787252903,1391.073040778,32720,0.5795791149139404,17.784683227539062,0.041040465235710144,1.0,0.3785164952278137,6329856,1746427164.687563
15.288412094116211,0.02343750186264515,4126,4125,0.715250551700592,0.3368375599384308,0.0540364608168602,1392.710891008,32760,0.585178017616272,17.784683227539062,0.041040465235710144,1.0,0.37285903096199036,6337536,1746427166.325432
14.925782203674316,0.02083333395421505,4129,4128,0.715250551700592,0.32046279311180115,0.0540364608168602,1393.693653335,32784,0.5600478053092957,17.784683227539062,0.041040465235710144,1.0,0.37166374921798706,6342144,1746427167.3081756
15.088541984558105,0.0,4131,4130,0.715250551700592,0.2945312559604645,0.0540364608168602,1394.348899437,32800,0.558724045753479,17.784683227539062,0.041040465235710144,1.0,0.3680785596370697,6345216,1746427167.9633741
15.575521469116211,0.0319010429084301,4139,4138,0.715250551700592,0.3264338970184326,0.0514322929084301,1396.969058255,32864,0.5890626311302185,17.784683227539062,0.041040465235710144,1.0,0.3602493405342102,6357504,1746427170.5835881
15.486329078674316,0.01888020895421505,4141,4140,0.715250551700592,0.3057917356491089,0.0520833358168602,1397.624280753,32880,0.5804038047790527,17.784683227539062,0.041040465235710144,1.0,0.3617829978466034,6360576,1746427171.238826
15.651693344116211,0.0,4163,4162,0.715250551700592,0.3434396982192993,0.0527343787252903,1404.826926302,33056,0.5453125834465027,17.784683227539062,0.041040465235710144,1.0,0.3518330454826355,6394368,1746427178.4414203
15.406902313232422,0.01106770895421505,4176,4175,0.715250551700592,0.3020833134651184,0.0527343787252903,1409.08544847,33160,0.566645085811615,17.784683227539062,0.041040465235710144,1.0,0.3481649160385132,6414336,1746427182.699991
15.371094703674316,0.01106770895421505,4179,4178,0.715250551700592,0.34984850883483887,0.0540364608168602,1410.067573552,33184,0.5447700619697571,17.784683227539062,0.041040465235710144,1.0,0.3486984074115753,6418944,1746427183.6821063
15.609375953674316,0.012369791977107525,4185,4184,0.715250551700592,0.30348873138427734,0.0507812537252903,1412.03232829,33232,0.549934983253479,17.784683227539062,0.041040465235710144,1.0,0.3493015170097351,6428160,1746427185.6468651
15.766927719116211,0.011718750931322575,4191,4190,0.715250551700592,0.3179283142089844,0.0507812537252903,1413.997353356,33280,0.5712457299232483,17.784683227539062,0.041040465235710144,1.0,0.3510008454322815,6437376,1746427187.6118848
14.212240219116211,0.012369791977107525,4214,4213,0.715250551700592,0.3223770260810852,0.0579427108168602,1421.532181987,33464,0.556553840637207,17.784683227539062,0.041040465235710144,1.0,0.3462272882461548,6472704,1746427195.1467135
15.491537094116211,0.013671875931322575,4219,4218,0.715250551700592,0.3027409315109253,0.0514322929084301,1423.168871084,33504,0.535373330116272,17.784683227539062,0.041040465235710144,1.0,0.34294208884239197,6480384,1746427196.7834156
15.364583969116211,0.0201822929084301,4236,4235,0.7192577123641968,0.2620460093021393,0.0520833358168602,1428.810238834,33640,0.5614150166511536,18.526315689086914,0.04289625957608223,1.0,0.35341909527778625,6506496,1746427202.4247854
14.908204078674316,0.0260416679084301,4262,4261,0.7192577123641968,0.3326736092567444,0.0540364608168602,1437.328255815,33848,0.565755307674408,18.526315689086914,0.04289625957608223,1.0,0.3425166606903076,6546432,1746427210.9427826
15.411458969116211,0.02539062686264515,4272,4271,0.7192577123641968,0.36018627882003784,0.0540364608168602,1440.603204432,33928,0.5619792938232422,18.526315689086914,0.04289625957608223,1.0,0.3434823155403137,6561792,1746427214.2177472
15.410157203674316,0.02539062686264515,4273,4272,0.7192577123641968,0.3931482434272766,0.0527343787252903,1440.930628185,33936,0.5681858062744141,18.526315689086914,0.04289625957608223,1.0,0.3450959026813507,6563328,1746427214.5451655
15.188802719116211,0.010416666977107525,4280,4279,0.7192577123641968,0.3451383709907532,0.0533854179084301,1443.22168886,33992,0.565863847732544,18.526315689086914,0.04289625957608223,1.0,0.34411364793777466,6574080,1746427216.8362489
15.412761688232422,0.01106770895421505,4283,4282,0.7192577123641968,0.3093336224555969,0.0527343787252903,1444.203642917,34016,0.5407769680023193,18.526315689086914,0.04289625957608223,1.0,0.3412347435951233,6578688,1746427217.8181672
15.097657203674316,0.001953125,4288,4287,0.7192577123641968,0.3336903750896454,0.0546875037252903,1445.843785083,34056,0.5452908873558044,18.526315689086914,0.04289625957608223,1.0,0.34701913595199585,6586368,1746427219.4583302
15.339193344116211,0.02148437686264515,4293,4292,0.7192577123641968,0.361788809299469,0.0527343787252903,1447.480626812,34096,0.5731988549232483,18.526315689086914,0.04289625957608223,1.0,0.35022854804992676,6594048,1746427221.0950923
15.558594703674316,0.0,4364,4363,0.7192577123641968,0.3489021360874176,0.0533854179084301,1470.765633966,34664,0.5468316674232483,18.526315689086914,0.04289625957608223,1.0,0.336106538772583,6703104,1746427244.3801763
15.592449188232422,0.011718750931322575,4376,4375,0.7192577123641968,0.33596575260162354,0.0533854179084301,1474.693873308,34760,0.5819879770278931,18.526315689086914,0.04289625957608223,1.0,0.3406471908092499,6721536,1746427248.3084052
15.930990219116211,0.0,4399,4398,0.7192577123641968,0.39991986751556396,0.0501302108168602,1482.229382553,34944,0.5405383110046387,18.526315689086914,0.04289625957608223,1.0,0.33401796221733093,6756864,1746427255.8439038
15.115885734558105,0.02083333395421505,4400,4399,0.7192577123641968,0.3709232807159424,0.0553385429084301,1482.556752305,34952,0.5610243678092957,18.526315689086914,0.04289625957608223,1.0,0.3354426622390747,6758400,1746427256.1712868
15.430990219116211,0.0,4410,4409,0.7192577123641968,0.3383964002132416,0.0540364608168602,1485.833111264,35032,0.5486763119697571,18.526315689086914,0.04289625957608223,1.0,0.3399583101272583,6773760,1746427259.447616
15.434896469116211,0.0,4412,4411,0.7192577123641968,0.3324598968029022,0.0533854179084301,1486.487837144,35048,0.5394749045372009,18.526315689086914,0.04289625957608223,1.0,0.3371812105178833,6776832,1746427260.1023622
15.251954078674316,0.0240885429084301,4422,4421,0.7192577123641968,0.34430426359176636,0.0533854179084301,1489.761608122,35128,0.5798612236976624,18.526315689086914,0.04289625957608223,1.0,0.34576231241226196,6792192,1746427263.3761404
14.814454078674316,0.02083333395421505,4463,4462,0.7192577123641968,0.3242306113243103,0.0546875037252903,1503.190109778,35456,0.5707682967185974,18.526315689086914,0.04289625957608223,1.0,0.3408166766166687,6855168,1746427276.8046572
14.526693344116211,0.0358072929084301,4478,4477,0.7192577123641968,0.3466459810733795,0.0559895858168602,1508.106788101,35576,0.582248330116272,18.526315689086914,0.04289625957608223,1.0,0.34876999258995056,6878208,1746427281.7213326
15.037760734558105,0.010416666977107525,4493,4492,0.7192577123641968,0.3352445960044861,0.0540364608168602,1513.017351239,35696,0.5460070371627808,18.526315689086914,0.04289625957608223,1.0,0.3549029231071472,6901248,1746427286.6318944
14.888021469116211,0.009765625931322575,4500,4499,0.7192577123641968,0.329873263835907,0.0533854179084301,1515.308710385,35752,0.5562934279441833,18.526315689086914,0.04289625957608223,1.0,0.3556951880455017,6912000,1746427288.9232726
15.033854484558105,0.02539062686264515,4529,4528,0.7192577123641968,0.3056718707084656,0.0533854179084301,1524.809887925,35984,0.5649957060813904,18.526315689086914,0.04289625957608223,1.0,0.3455407917499542,6956544,1746427298.4243772
15.306641578674316,0.004557291977107525,4533,4532,0.7192577123641968,0.28364527225494385,0.0527343787252903,1526.119089615,36016,0.5437066555023193,18.526315689086914,0.04289625957608223,1.0,0.3459082245826721,6962688,1746427299.7336373
14.628255844116211,0.01106770895421505,4547,4546,0.7192577123641968,0.34864166378974915,0.0553385429084301,1530.710211295,36128,0.5415582656860352,18.526315689086914,0.04289625957608223,1.0,0.35387730598449707,6984192,1746427304.32474
14.407552719116211,0.0,4558,4557,0.7023378610610962,0.2940584719181061,0.0566406287252903,1534.387002884,36216,0.5408638119697571,18.625038146972656,0.031374961137771606,1.0,0.3643256723880768,7001088,1746427308.001523
15.195963859558105,0.02343750186264515,4571,4570,0.7023378610610962,0.31995725631713867,0.0540364608168602,1538.643771531,36320,0.5706164240837097,18.625038146972656,0.031374961137771606,1.0,0.36299240589141846,7021056,1746427312.2583148
15.063151359558105,0.009765625931322575,4580,4579,0.7023378610610962,0.32119089365005493,0.0540364608168602,1541.592176071,36392,0.5432292819023132,18.625038146972656,0.031374961137771606,1.0,0.3546960949897766,7034880,1746427315.2067127
15.461589813232422,0.0201822929084301,4582,4581,0.7023378610610962,0.32114964723587036,0.0527343787252903,1542.246802885,36408,0.5728299617767334,18.625038146972656,0.031374961137771606,1.0,0.3588190972805023,7037952,1746427315.8613667
15.926433563232422,0.0299479179084301,4588,4587,0.7023378610610962,0.31609517335891724,0.0520833358168602,1544.211287088,36456,0.6075087785720825,18.625038146972656,0.031374961137771606,1.0,0.3513810634613037,7047168,1746427317.8258271
15.255860328674316,0.0221354179084301,4598,4597,0.7023378610610962,0.3492438793182373,0.0540364608168602,1547.489628262,36536,0.5835286974906921,18.625038146972656,0.031374961137771606,1.0,0.35575413703918457,7062528,1746427321.1041467
15.493490219116211,0.0,4600,4599,0.7023378610610962,0.34131962060928345,0.0520833358168602,1548.144592592,36552,0.5603950619697571,18.625038146972656,0.031374961137771606,1.0,0.3563920557498932,7065600,1746427321.7591121
15.658855438232422,0.03125,4603,4602,0.7023378610610962,0.2771432101726532,0.0520833358168602,1549.126771162,36576,0.5797310471534729,18.625038146972656,0.031374961137771606,1.0,0.3508177101612091,7070208,1746427322.7413054
15.121745109558105,0.02473958395421505,4607,4606,0.7023378610610962,0.26439616084098816,0.0546875037252903,1550.436187825,36608,0.5784940123558044,18.625038146972656,0.031374961137771606,1.0,0.3521301746368408,7076352,1746427324.0507233
15.342449188232422,0.0364583358168602,4609,4608,0.7023378610610962,0.2725285291671753,0.0533854179084301,1551.090295668,36624,0.589084267616272,18.625038146972656,0.031374961137771606,1.0,0.3468896746635437,7079424,1746427324.704825
15.392579078674316,0.010416666977107525,4611,4610,0.7023378610610962,0.2841506004333496,0.0533854179084301,1551.744717593,36640,0.560004472732544,18.625038146972656,0.031374961137771606,1.0,0.35096287727355957,7082496,1746427325.3592834
15.679688453674316,0.0488281287252903,4627,4626,0.7023378610610962,0.3258284330368042,0.0514322929084301,1556.982710745,36768,0.61028653383255,18.625038146972656,0.031374961137771606,1.0,0.36418288946151733,7107072,1746427330.5972595
15.439454078674316,0.0481770858168602,4635,4634,0.7023378610610962,0.3599182069301605,0.0527343787252903,1559.602210572,36832,0.6016277074813843,18.625038146972656,0.031374961137771606,1.0,0.35884571075439453,7119360,1746427333.2167518
15.727214813232422,0.0442708358168602,4679,4678,0.7023378610610962,0.2695862054824829,0.0520833358168602,1574.026222837,37184,0.6144098043441772,18.625038146972656,0.031374961137771606,1.0,0.35112065076828003,7186944,1746427347.6407695
15.930990219116211,0.010416666977107525,4686,4685,0.7023378610610962,0.29398560523986816,0.0501302108168602,1576.31963322,37240,0.5593968629837036,18.625038146972656,0.031374961137771606,1.0,0.3536434769630432,7197696,1746427349.9341767
15.805990219116211,0.0201822929084301,4690,4689,0.7023378610610962,0.3419538736343384,0.0514322929084301,1577.629902801,37272,0.5702909231185913,18.625038146972656,0.031374961137771606,1.0,0.34946608543395996,7203840,1746427351.2444184
15.604167938232422,0.0585937537252903,4691,4690,0.7023378610610962,0.29708826541900635,0.0520833358168602,1577.9571318,37280,0.6206164360046387,18.625038146972656,0.031374961137771606,1.0,0.352650910615921,7205376,1746427351.5716465
15.710287094116211,0.009765625931322575,4699,4698,0.7023378610610962,0.27003926038742065,0.0501302108168602,1580.580405107,37344,0.5782336592674255,18.625038146972656,0.031374961137771606,1.0,0.34884801506996155,7217664,1746427354.1949081
15.837240219116211,0.012369791977107525,4702,4701,0.7023378610610962,0.2878611087799072,0.0520833358168602,1581.562855385,37368,0.5691841244697571,18.625038146972656,0.031374961137771606,1.0,0.34317833185195923,7222272,1746427355.1773794
15.394532203674316,0.0325520858168602,4715,4714,0.7023378610610962,0.3526340126991272,0.0527343787252903,1585.822451661,37472,0.5785374045372009,18.625038146972656,0.031374961137771606,1.0,0.34164053201675415,7242240,1746427359.436968
15.713542938232422,0.0240885429084301,4717,4716,0.7023378610610962,0.34299278259277344,0.0514322929084301,1586.477237146,37488,0.5737847685813904,18.625038146972656,0.031374961137771606,1.0,0.34396499395370483,7245312,1746427360.0917494
15.957032203674316,0.02148437686264515,4724,4723,0.7023378610610962,0.3210069537162781,0.0501302108168602,1588.768476277,37544,0.5888890027999878,18.625038146972656,0.031374961137771606,1.0,0.35093915462493896,7256064,1746427362.3830225
15.185547828674316,0.0338541679084301,4737,4736,0.7023378610610962,0.2845289707183838,0.0533854179084301,1593.032541108,37648,0.5796008110046387,18.625038146972656,0.031374961137771606,1.0,0.3372511565685272,7276032,1746427366.6470745
16.14974021911621,0.0384114608168602,4743,4742,0.7023378610610962,0.2873472571372986,0.0494791679084301,1594.997254978,37696,0.5946832895278931,18.625038146972656,0.031374961137771606,1.0,0.336517333984375,7285248,1746427368.6117852
15.572917938232422,0.0,4747,4746,0.7023378610610962,0.2969056963920593,0.0501302108168602,1596.307889661,37728,0.5386502742767334,18.625038146972656,0.031374961137771606,1.0,0.3377671241760254,7291392,1746427369.922438
15.781902313232422,0.0221354179084301,4751,4750,0.7023378610610962,0.2723379135131836,0.0501302108168602,1597.617539633,37760,0.5894749164581299,18.625038146972656,0.031374961137771606,1.0,0.3339444100856781,7297536,1746427371.2320864
15.767579078674316,0.01106770895421505,4783,4782,0.7023378610610962,0.2560439109802246,0.0520833358168602,1608.120182679,38016,0.550238847732544,18.625038146972656,0.031374961137771606,1.0,0.33985698223114014,7346688,1746427381.7347307
15.783855438232422,0.02083333395421505,4791,4790,0.7023378610610962,0.24086818099021912,0.0514322929084301,1610.742687129,38080,0.5799697637557983,18.625038146972656,0.031374961137771606,1.0,0.33563360571861267,7358976,1746427384.35724
15.547527313232422,0.010416666977107525,4809,4808,0.7023378610610962,0.24696198105812073,0.0527343787252903,1616.636615024,38224,0.5793620944023132,18.625038146972656,0.031374961137771606,1.0,0.3601325452327728,7386624,1746427390.2511747
15.541016578674316,0.0,4816,4815,0.7023378610610962,0.261400431394577,0.0520833358168602,1618.928189379,38280,0.5527127981185913,18.625038146972656,0.031374961137771606,1.0,0.3548479974269867,7397376,1746427392.542729
15.563802719116211,0.02083333395421505,4819,4818,0.7023378610610962,0.2785305976867676,0.0540364608168602,1619.910920436,38304,0.5931858420372009,18.625038146972656,0.031374961137771606,1.0,0.36016151309013367,7401984,1746427393.5254653
15.469402313232422,0.0338541679084301,4835,4834,0.7023378610610962,0.30048656463623047,0.0520833358168602,1625.151837814,38432,0.5940321683883667,18.625038146972656,0.031374961137771606,1.0,0.3605170249938965,7426560,1746427398.766388
15.743490219116211,0.0358072929084301,4844,4843,0.7023378610610962,0.32072681188583374,0.0514322929084301,1628.09874429,38504,0.5937284231185913,18.625038146972656,0.031374961137771606,1.0,0.3713865280151367,7440384,1746427401.7132797
15.757162094116211,0.0364583358168602,4879,4878,0.7450527548789978,0.311659574508667,0.0520833358168602,1639.636621443,38784,0.6021050810813904,18.39458656311035,0.0544360876083374,1.0,0.3560190498828888,7494144,1746427413.2511544
15.803386688232422,0.0631510466337204,4886,4885,0.7450527548789978,0.34109270572662354,0.0507812537252903,1641.928911566,38840,0.6239583492279053,18.39458656311035,0.0544360876083374,1.0,0.35902753472328186,7504896,1746427415.5434403
15.501954078674316,0.02278645895421505,4896,4895,0.7450527548789978,0.31426846981048584,0.0527343787252903,1645.206832225,38920,0.5739367604255676,18.39458656311035,0.0544360876083374,1.0,0.36087024211883545,7520256,1746427418.8213465
15.564454078674316,0.013671875931322575,4908,4907,0.7450527548789978,0.30745744705200195,0.0514322929084301,1649.135884824,39016,0.5652778744697571,18.39458656311035,0.0544360876083374,1.0,0.35162150859832764,7538688,1746427422.7504356
14.786458969116211,0.0338541679084301,4949,4948,0.7450527548789978,0.28673017024993896,0.0546875037252903,1662.564516371,39344,0.597895085811615,18.39458656311035,0.0544360876083374,1.0,0.3560175895690918,7601664,1746427436.1790373
14.743490219116211,0.009765625931322575,4967,4966,0.7450527548789978,0.3054559528827667,0.0559895858168602,1668.461786069,39488,0.5644532442092896,18.39458656311035,0.0544360876083374,1.0,0.35231542587280273,7629312,1746427442.0763397
14.973307609558105,0.0,4969,4968,0.7450527548789978,0.315082848072052,0.0546875037252903,1669.116485912,39504,0.555685818195343,18.39458656311035,0.0544360876083374,1.0,0.35790684819221497,7632384,1746427442.7310216
15.285808563232422,0.0345052108168602,4988,4987,0.7450527548789978,0.26727136969566345,0.0540364608168602,1675.336792887,39656,0.6040799021720886,18.39458656311035,0.0544360876083374,1.0,0.35436517000198364,7661568,1746427448.9513152
15.220704078674316,0.011718750931322575,4990,4989,0.7450527548789978,0.28569191694259644,0.0527343787252903,1675.991875383,39672,0.5753256678581238,18.39458656311035,0.0544360876083374,1.0,0.34626176953315735,7664640,1746427449.6064143
15.734375953674316,0.02083333395421505,5005,5004,0.7450527548789978,0.2627028226852417,0.0527343787252903,1680.909992016,39792,0.5593098998069763,18.39458656311035,0.0544360876083374,1.0,0.3456934094429016,7687680,1746427454.5245173
14.777344703674316,0.009765625931322575,5047,5046,0.7450527548789978,0.3438197672367096,0.0553385429084301,1694.670258726,40128,0.5616104006767273,18.39458656311035,0.0544360876083374,1.0,0.34109732508659363,7752192,1746427468.2847674
15.146485328674316,0.01106770895421505,5055,5054,0.7450527548789978,0.3276592493057251,0.0540364608168602,1697.289644467,40192,0.582161545753479,18.39458656311035,0.0544360876083374,1.0,0.35485196113586426,7764480,1746427470.9041886
15.175130844116211,0.011718750931322575,5069,5068,0.7450527548789978,0.3477259874343872,0.0527343787252903,1701.871560736,40304,0.5542535185813904,18.39458656311035,0.0544360876083374,1.0,0.3650036156177521,7785984,1746427475.4861054
15.670574188232422,0.01106770895421505,5119,5118,0.7450527548789978,0.36359137296676636,0.0514322929084301,1718.248450234,40704,0.5640626549720764,18.39458656311035,0.0544360876083374,1.0,0.3544357419013977,7862784,1746427491.8630161
15.994792938232422,0.0729166716337204,5152,5151,0.7450527548789978,0.39967548847198486,0.0501302108168602,1729.061848875,40968,0.6509115695953369,18.39458656311035,0.0544360876083374,1.0,0.3375483453273773,7913472,1746427502.6763842
15.500000953674316,0.0377604179084301,5160,5159,0.7450527548789978,0.43912273645401,0.0527343787252903,1731.685149554,41032,0.5981337428092957,18.39458656311035,0.0544360876083374,1.0,0.3374664783477783,7925760,1746427505.2996762
15.588542938232422,0.01888020895421505,5169,5168,0.7450527548789978,0.47043827176094055,0.0520833358168602,1734.631988085,41104,0.5593534111976624,18.39458656311035,0.0544360876083374,1.0,0.3392947018146515,7939584,1746427508.2464995
15.979818344116211,0.03515625,5172,5171,0.7450527548789978,0.3976875841617584,0.0507812537252903,1735.614406417,41128,0.5960070490837097,18.39458656311035,0.0544360876083374,1.0,0.34338903427124023,7944192,1746427509.228912
15.685547828674316,0.0279947929084301,5175,5174,0.7450527548789978,0.38730746507644653,0.0520833358168602,1736.596017364,41152,0.5896702408790588,18.39458656311035,0.0544360876083374,1.0,0.330556720495224,7948800,1746427510.2105653
15.504558563232422,0.0,5177,5176,0.7450527548789978,0.40012627840042114,0.0527343787252903,1737.250522176,41168,0.5419055223464966,18.39458656311035,0.0544360876083374,1.0,0.3449475169181824,7951872,1746427510.8650768
15.783855438232422,0.02148437686264515,5178,5177,0.7450527548789978,0.3896496593952179,0.0501302108168602,1737.577868234,41176,0.5806207060813904,18.39458656311035,0.0544360876083374,1.0,0.3414826989173889,7953408,1746427511.1924334
15.626954078674316,0.0,5180,5179,0.7450527548789978,0.38862133026123047,0.0520833358168602,1738.232329765,41192,0.5564020276069641,18.39458656311035,0.0544360876083374,1.0,0.33744555711746216,7956480,1746427511.8468633
15.532552719116211,0.02148437686264515,5183,5182,0.7450527548789978,0.3770343065261841,0.0533854179084301,1739.214458159,41216,0.5331164002418518,18.39458656311035,0.0544360876083374,1.0,0.3402894139289856,7961088,1746427512.8289971
16.260417938232422,0.0325520858168602,5196,5195,0.7450527548789978,0.33461374044418335,0.0501302108168602,1743.475265205,41320,0.5974827408790588,18.39458656311035,0.0544360876083374,1.0,0.33551478385925293,7981056,1746427517.0897956
15.606771469116211,0.0442708358168602,5203,5202,0.7310730218887329,0.33999061584472656,0.0514322929084301,1745.841296401,41376,0.591840386390686,19.2737979888916,0.044890161603689194,0.9999999403953552,0.3338503837585449,7991808,1746427519.4558384
16.16796875,0.01953125186264515,5213,5212,0.7310730218887329,0.36010634899139404,0.0501302108168602,1749.115537797,41456,0.5661675930023193,19.2737979888916,0.044890161603689194,0.9999999403953552,0.34365081787109375,8007168,1746427522.7300768
15.452474594116211,0.010416666977107525,5226,5225,0.7310730218887329,0.3245718479156494,0.0533854179084301,1753.392300592,41560,0.5434245467185974,19.2737979888916,0.044890161603689194,0.9999999403953552,0.3318152129650116,8027136,1746427527.006832
15.970052719116211,0.02148437686264515,5230,5229,0.7310730218887329,0.3365567922592163,0.0507812537252903,1754.702515113,41592,0.5850478410720825,19.2737979888916,0.044890161603689194,0.9999999403953552,0.33162346482276917,8033280,1746427528.3170495
16.091796875,0.03125,5255,5254,0.7310730218887329,0.34810975193977356,0.0501302108168602,1762.897050275,41792,0.6128039360046387,19.2737979888916,0.044890161603689194,0.9999999403953552,0.34375089406967163,8071680,1746427536.5115745
15.380860328674316,0.0,5265,5264,0.7310730218887329,0.3077644407749176,0.0533854179084301,1766.17541975,41872,0.5611112117767334,19.2737979888916,0.044890161603689194,0.9999999403953552,0.33729028701782227,8087040,1746427539.7899547
15.498699188232422,0.01953125186264515,5298,5297,0.7310730218887329,0.3476436138153076,0.0520833358168602,1776.983382244,42136,0.5764324069023132,19.2737979888916,0.044890161603689194,0.9999999403953552,0.3371986746788025,8137728,1746427550.5979116
14.604166984558105,0.0455729179084301,5309,5308,0.7310730218887329,0.3421924114227295,0.0559895858168602,1780.589897064,42224,0.5937284231185913,19.2737979888916,0.044890161603689194,0.9999999403953552,0.33237916231155396,8154624,1746427554.2044415
14.754557609558105,0.02278645895421505,5327,5326,0.7310730218887329,0.32382261753082275,0.0559895858168602,1786.488515185,42368,0.5639323592185974,19.2737979888916,0.044890161603689194,0.9999999403953552,0.3350997567176819,8182272,1746427560.1030548
14.612630844116211,0.02148437686264515,5341,5340,0.7310730218887329,0.33304277062416077,0.0559895858168602,1791.077381612,42480,0.5680338740348816,19.2737979888916,0.044890161603689194,0.9999999403953552,0.3348847031593323,8203776,1746427564.6919131
14.572266578674316,0.0488281287252903,5359,5358,0.7310730218887329,0.33133211731910706,0.0559895858168602,1796.971590821,42624,0.6059896349906921,19.2737979888916,0.044890161603689194,0.9999999403953552,0.34662526845932007,8231424,1746427570.586123
15.565755844116211,0.02148437686264515,5408,5407,0.7310730218887329,0.3635314106941223,0.0507812537252903,1813.028359538,43016,0.5877388119697571,19.2737979888916,0.044890161603689194,0.9999999403953552,0.3296988010406494,8306688,1746427586.6429007
16.09375,0.02864583395421505,5409,5408,0.7310730218887329,0.3476370573043823,0.0494791679084301,1813.357728546,43024,0.5969618558883667,19.2737979888916,0.044890161603689194,0.9999999403953552,0.33727914094924927,8308224,1746427586.97222
15.990235328674316,0.0742187574505806,5414,5413,0.7310730218887329,0.3196902573108673,0.0507812537252903,1814.995306381,43064,0.6601563692092896,19.2737979888916,0.044890161603689194,0.9999999403953552,0.3370552062988281,8315904,1746427588.6098547
15.768880844116211,0.0442708358168602,5433,5432,0.7310730218887329,0.3506168723106384,0.0520833358168602,1821.210922028,43216,0.6134332418441772,19.2737979888916,0.044890161603689194,0.9999999403953552,0.32719749212265015,8345088,1746427594.8254592
15.860677719116211,0.01106770895421505,5456,5455,0.7310730218887329,0.35421738028526306,0.0501302108168602,1828.745575479,43400,0.5491754412651062,19.2737979888916,0.044890161603689194,0.9999999403953552,0.3350658416748047,8380416,1746427602.360115
15.581380844116211,0.0449218787252903,5478,5477,0.7310730218887329,0.3935409486293793,0.0520833358168602,1835.95234746,43576,0.601606011390686,19.2737979888916,0.044890161603689194,0.9999999403953552,0.33459603786468506,8414208,1746427609.5668972
15.743490219116211,0.0,5482,5481,0.7310730218887329,0.4202345609664917,0.0514322929084301,1837.261430167,43608,0.551020085811615,19.2737979888916,0.044890161603689194,0.9999999403953552,0.33621746301651,8420352,1746427610.8759675
15.225912094116211,0.02669270895421505,5486,5485,0.7310730218887329,0.41929909586906433,0.0520833358168602,1838.57145833,43640,0.5614801049232483,19.2737979888916,0.044890161603689194,0.9999999403953552,0.34284117817878723,8426496,1746427612.1859906
15.921224594116211,0.011718750931322575,5494,5493,0.7310730218887329,0.3956364393234253,0.0501302108168602,1841.191589589,43704,0.5628473162651062,19.2737979888916,0.044890161603689194,0.9999999403953552,0.3415951728820801,8438784,1746427614.8061337
15.865886688232422,0.0358072929084301,5536,5535,0.7623931765556335,0.3770894408226013,0.0501302108168602,1855.022686989,44040,0.605729341506958,19.3980770111084,0.06474358588457108,0.9999999403953552,0.3311062753200531,8503296,1746427628.6372285
15.782552719116211,0.02278645895421505,5546,5545,0.7623931765556335,0.36309492588043213,0.0494791679084301,1858.299289488,44120,0.5771268606185913,19.3980770111084,0.06474358588457108,0.9999999403953552,0.3313795328140259,8518656,1746427631.9138315
15.604167938232422,0.0455729179084301,5597,5596,0.7623931765556335,0.3557518422603607,0.0514322929084301,1875.005400716,44528,0.5985026955604553,19.3980770111084,0.06474358588457108,0.9999999403953552,0.33739304542541504,8596992,1746427648.6199036
15.733074188232422,0.0475260429084301,5605,5604,0.7623931765556335,0.3596917688846588,0.0514322929084301,1877.625615082,44592,0.6031251549720764,19.3980770111084,0.06474358588457108,0.9999999403953552,0.3401595950126648,8609280,1746427651.2401388
15.719402313232422,0.0358072929084301,5608,5607,0.7623931765556335,0.35728591680526733,0.0527343787252903,1878.607978695,44616,0.6018664240837097,19.3980770111084,0.06474358588457108,0.9999999403953552,0.32653841376304626,8613888,1746427652.2225053
15.745443344116211,0.02343750186264515,5614,5613,0.7623931765556335,0.33411067724227905,0.0520833358168602,1880.577039148,44664,0.5738281607627869,19.3980770111084,0.06474358588457108,0.9999999403953552,0.3319595456123352,8623104,1746427654.1915572
15.832032203674316,0.012369791977107525,5619,5618,0.7623931765556335,0.3407251536846161,0.0520833358168602,1882.213575197,44704,0.5900608897209167,19.3980770111084,0.06474358588457108,0.9999999403953552,0.3385889232158661,8630784,1746427655.8281024
15.988933563232422,0.0221354179084301,5624,5623,0.7623931765556335,0.3628990948200226,0.0488281287252903,1883.853383269,44744,0.5669054388999939,19.3980770111084,0.06474358588457108,0.9999999403953552,0.33530959486961365,8638464,1746427657.467868
15.437500953674316,0.0201822929084301,5625,5624,0.7623931765556335,0.4015536904335022,0.0520833358168602,1884.180757802,44752,0.5701606273651123,19.3980770111084,0.06474358588457108,0.9999999403953552,0.345102459192276,8640000,1746427657.7953045
15.850912094116211,0.0416666679084301,5627,5626,0.7623931765556335,0.42550918459892273,0.0514322929084301,1884.835939826,44768,0.6088976860046387,19.3980770111084,0.06474358588457108,0.9999999403953552,0.3423869013786316,8643072,1746427658.450425
16.09700584411621,0.0358072929084301,5653,5652,0.7623931765556335,0.3971771001815796,0.0494791679084301,1893.350324975,44976,0.5878039598464966,19.3980770111084,0.06474358588457108,0.9999999403953552,0.3352387845516205,8683008,1746427666.964869
15.680990219116211,0.0,5657,5656,0.7623931765556335,0.3734971880912781,0.0520833358168602,1894.681045505,45008,0.553841233253479,19.3980770111084,0.06474358588457108,0.9999999403953552,0.34334832429885864,8689152,1746427668.2955577
15.712240219116211,0.010416666977107525,5672,5671,0.7623931765556335,0.4068065881729126,0.0520833358168602,1899.592080141,45128,0.5881727933883667,19.3980770111084,0.06474358588457108,0.9999999403953552,0.34696051478385925,8712192,1746427673.2066135
15.880860328674316,0.03515625,5684,5683,0.7623931765556335,0.446804940700531,0.0520833358168602,1903.524439274,45224,0.6052300930023193,19.3980770111084,0.06474358588457108,0.9999999403953552,0.34839802980422974,8730624,1746427677.138978
15.209635734558105,0.0201822929084301,5689,5688,0.7623931765556335,0.4771881103515625,0.0533854179084301,1905.173106598,45264,0.5552518367767334,19.3980770111084,0.06474358588457108,0.9999999403953552,0.34500372409820557,8738304,1746427678.7876482
15.811199188232422,0.02148437686264515,5702,5701,0.7623931765556335,0.5404419302940369,0.0501302108168602,1909.429187308,45368,0.576388955116272,19.3980770111084,0.06474358588457108,0.9999999403953552,0.34017065167427063,8758272,1746427683.043734
15.790365219116211,0.01497395895421505,5710,5709,0.7623931765556335,0.5083255767822266,0.0514322929084301,1912.051243474,45432,0.5764540433883667,19.3980770111084,0.06474358588457108,0.9999999403953552,0.34126925468444824,8770560,1746427685.6657994
15.745443344116211,0.02343750186264515,5729,5728,0.7623931765556335,0.42130017280578613,0.0507812537252903,1918.273532545,45584,0.575434148311615,19.3980770111084,0.06474358588457108,0.9999999403953552,0.33418184518814087,8799744,1746427691.8880563
15.264324188232422,0.033203125,5743,5742,0.7623931765556335,0.4415181279182434,0.0527343787252903,1922.857570635,45696,0.5809246301651001,19.3980770111084,0.06474358588457108,0.9999999403953552,0.3216020464897156,8821248,1746427696.472101
16.03515625,0.02278645895421505,5754,5753,0.7623931765556335,0.4518357515335083,0.0494791679084301,1926.461576069,45784,0.5716580748558044,19.3980770111084,0.06474358588457108,0.9999999403953552,0.32536545395851135,8838144,1746427700.0761082
15.743490219116211,0.0,5776,5775,0.7623931765556335,0.40257570147514343,0.0514322929084301,1933.667526934,45960,0.5611546039581299,19.3980770111084,0.06474358588457108,0.9999999403953552,0.3271925449371338,8871936,1746427707.2820365
15.534505844116211,0.01106770895421505,5777,5776,0.7623931765556335,0.4273790121078491,0.0533854179084301,1933.99510623,45968,0.5545573830604553,19.3980770111084,0.06474358588457108,0.9999999403953552,0.32439014315605164,8873472,1746427707.6096537
15.320964813232422,0.02148437686264515,5828,5827,0.7623931765556335,0.432631254196167,0.0533854179084301,1950.705275563,46376,0.5667752623558044,19.3980770111084,0.06474358588457108,0.9999999403953552,0.32905417680740356,8951808,1746427724.3198235
15.978516578674316,0.0429687537252903,5854,5853,0.7556540966033936,0.5234187245368958,0.0501302108168602,1959.299740561,46584,0.5966798067092896,18.55959701538086,0.057151589542627335,1.0,0.32346677780151367,8991744,1746427732.9142969
16.063152313232422,0.0325520858168602,5861,5860,0.7556540966033936,0.5073943734169006,0.0507812537252903,1961.591796845,46640,0.578450620174408,18.55959701538086,0.057151589542627335,1.0,0.3346632719039917,9002496,1746427735.20635
15.492188453674316,0.0325520858168602,5862,5861,0.7556540966033936,0.4372384548187256,0.0527343787252903,1961.919442502,46648,0.58587247133255,18.55959701538086,0.057151589542627335,1.0,0.329781711101532,9004032,1746427735.533994
15.218099594116211,0.02669270895421505,5868,5867,0.7556540966033936,0.48486149311065674,0.0546875037252903,1963.88393822,46696,0.5820964574813843,18.55959701538086,0.057151589542627335,1.0,0.3352642059326172,9013248,1746427737.498489
15.791016578674316,0.012369791977107525,5910,5909,0.7556540966033936,0.4960998296737671,0.0514322929084301,1977.639649399,47032,0.5804254412651062,18.55959701538086,0.057151589542627335,1.0,0.3380112648010254,9077760,1746427751.254175
16.0234375,0.0338541679084301,5947,5946,0.7556540966033936,0.5055996775627136,0.0488281287252903,1989.760173481,47328,0.60345059633255,18.55959701538086,0.057151589542627335,1.0,0.3446011543273926,9134592,1746427763.3747008
16.236328125,0.0364583358168602,5966,5965,0.7556540966033936,0.5242781639099121,0.0494791679084301,1995.985298045,47480,0.6251953840255737,18.55959701538086,0.057151589542627335,1.0,0.3442961573600769,9163776,1746427769.5998178
15.729167938232422,0.0449218787252903,5992,5991,0.7556540966033936,0.5572584867477417,0.0514322929084301,2004.504584424,47688,0.60247403383255,18.55959701538086,0.057151589542627335,1.0,0.33556705713272095,9203712,1746427778.1191099
16.25130271911621,0.011718750931322575,5993,5992,0.7556540966033936,0.5656413435935974,0.0494791679084301,2004.832084634,47696,0.5660157799720764,18.55959701538086,0.057151589542627335,1.0,0.3372291922569275,9205248,1746427778.4466133
15.832683563232422,0.0,6016,6015,0.7556540966033936,0.5174338817596436,0.0514322929084301,2012.366348904,47880,0.545247495174408,18.55959701538086,0.057151589542627335,1.0,0.3268507719039917,9240576,1746427785.980892
15.500652313232422,0.033203125,6037,6036,0.7556540966033936,0.5640975832939148,0.0520833358168602,2019.245090066,48048,0.591840386390686,18.55959701538086,0.057151589542627335,1.0,0.32825151085853577,9272832,1746427792.8596082
15.212240219116211,0.00911458395421505,6059,6058,0.7556540966033936,0.5705427527427673,0.0540364608168602,2026.450992727,48224,0.5586806535720825,18.55959701538086,0.057151589542627335,1.0,0.330258846282959,9306624,1746427800.0653546
15.612630844116211,0.0,6065,6064,0.7556540966033936,0.5494195222854614,0.0520833358168602,2028.416971167,48272,0.5469835996627808,18.55959701538086,0.057151589542627335,1.0,0.3199636936187744,9315840,1746427802.0315025
14.902344703674316,0.0,6070,6069,0.7556540966033936,0.4995020627975464,0.0546875037252903,2030.054462322,48312,0.5279948711395264,18.55959701538086,0.057151589542627335,1.0,0.32398176193237305,9323520,1746427803.6689904
15.615235328674316,0.0,6072,6071,0.7556540966033936,0.49205446243286133,0.0520833358168602,2030.713328966,48328,0.5592449307441711,18.55959701538086,0.057151589542627335,1.0,0.3213038742542267,9326592,1746427804.3278644
15.447266578674316,0.0,6091,6090,0.7556540966033936,0.4730043411254883,0.0527343787252903,2036.958203625,48480,0.544162392616272,18.55959701538086,0.057151589542627335,1.0,0.31345897912979126,9355776,1746427810.57271
16.01888084411621,0.0559895858168602,6094,6093,0.7556540966033936,0.4415837228298187,0.0514322929084301,2037.940410637,48504,0.6364801526069641,18.55959701538086,0.057151589542627335,1.0,0.3109678626060486,9360384,1746427811.5549414
15.660157203674316,0.0,6113,6112,0.7556540966033936,0.4627126455307007,0.0514322929084301,2044.162081641,48656,0.5629124045372009,18.55959701538086,0.057151589542627335,1.0,0.3189873993396759,9389568,1746427817.7766232
15.476563453674316,0.005859375465661287,6138,6137,0.7556540966033936,0.3921951353549957,0.0514322929084301,2052.346704475,48856,0.5483073592185974,18.55959701538086,0.057151589542627335,1.0,0.30927643179893494,9427968,1746427825.9612439
16.12825584411621,0.0182291679084301,6157,6156,0.7556540966033936,0.4732288420200348,0.0501302108168602,2058.569548576,49008,0.5981989502906799,18.55959701538086,0.057151589542627335,1.0,0.33330780267715454,9457152,1746427832.1841006
15.481121063232422,0.0,6161,6160,0.7556540966033936,0.4498699903488159,0.0533854179084301,2059.879166408,49040,0.5426216125488281,18.55959701538086,0.057151589542627335,1.0,0.3293278217315674,9463296,1746427833.493721
15.779297828674316,0.0,6164,6163,0.7556540966033936,0.5272225141525269,0.0520833358168602,2060.860940221,49064,0.5736546516418457,18.55959701538086,0.057151589542627335,1.0,0.3382302522659302,9467904,1746427834.4754848
14.898438453674316,0.010416666977107525,6165,6164,0.7556540966033936,0.5476586818695068,0.0553385429084301,2061.18822385,49072,0.562934160232544,18.55959701538086,0.057151589542627335,1.0,0.33333343267440796,9469440,1746427834.8027022
15.727865219116211,0.011718750931322575,6178,6177,0.7254730463027954,0.4784609079360962,0.0514322929084301,2065.519140076,49176,0.5593967437744141,17.95640754699707,0.04271503910422325,1.0,0.3236674666404724,9489408,1746427839.1336617
15.729167938232422,0.011718750931322575,6191,6190,0.7254730463027954,0.5574238300323486,0.0520833358168602,2069.778635557,49280,0.5761936902999878,17.95640754699707,0.04271503910422325,1.0,0.31884658336639404,9509376,1746427843.393144
16.25130271911621,0.02669270895421505,6217,6216,0.7254730463027954,0.4305616617202759,0.0494791679084301,2078.29282755,49488,0.5829644799232483,17.95640754699707,0.04271503910422325,1.0,0.3222266435623169,9549312,1746427851.907358
15.991537094116211,0.02148437686264515,6224,6223,0.7254730463027954,0.46079251170158386,0.0494791679084301,2080.588984917,49544,0.5525174736976624,17.95640754699707,0.04271503910422325,1.0,0.32599395513534546,9560064,1746427854.2035093
15.878255844116211,0.0494791679084301,6249,6248,0.7254730463027954,0.41481953859329224,0.0494791679084301,2088.775018901,49744,0.620160698890686,17.95640754699707,0.04271503910422325,1.0,0.3227570354938507,9598464,1746427862.3895514
15.738282203674316,0.0201822929084301,6253,6252,0.7254730463027954,0.44567620754241943,0.0494791679084301,2090.085636066,49776,0.5472223162651062,17.95640754699707,0.04271503910422325,1.0,0.32251912355422974,9604608,1746427863.7001867
15.759766578674316,0.0546875037252903,6257,6256,0.7254730463027954,0.49419596791267395,0.0520833358168602,2091.398873542,49808,0.6185330748558044,17.95640754699707,0.04271503910422325,1.0,0.33321455121040344,9610752,1746427865.013401
16.0859375,0.0442708358168602,6261,6260,0.7254730463027954,0.5058643221855164,0.0501302108168602,2092.708339442,49840,0.6118056178092957,17.95640754699707,0.04271503910422325,1.0,0.33642444014549255,9616896,1746427866.3228872
16.39453125,0.0,6279,6278,0.7254730463027954,0.4619586169719696,0.0507812537252903,2098.602266988,49984,0.5330079197883606,17.95640754699707,0.04271503910422325,1.0,0.3394632935523987,9644544,1746427872.2167954
16.115234375,0.02343750186264515,6285,6284,0.7254730463027954,0.47985321283340454,0.0494791679084301,2100.566978287,50032,0.5938152074813843,17.95640754699707,0.04271503910422325,1.0,0.35587209463119507,9653760,1746427874.1815226
16.170574188232422,0.0585937537252903,6291,6290,0.7254730463027954,0.47421994805336,0.0494791679084301,2102.531346277,50080,0.6432944536209106,17.95640754699707,0.04271503910422325,1.0,0.3497597277164459,9662976,1746427876.1459022
16.048828125,0.0442708358168602,6314,6313,0.7254730463027954,0.5381292104721069,0.0494791679084301,2110.06505548,50264,0.6126736998558044,17.95640754699707,0.04271503910422325,1.0,0.33453369140625,9698304,1746427883.6795506
15.725912094116211,0.00911458395421505,6319,6318,0.7254730463027954,0.48414701223373413,0.0527343787252903,2111.70307609,50304,0.5597006678581238,17.95640754699707,0.04271503910422325,1.0,0.3251090943813324,9705984,1746427885.3175998
16.039714813232422,0.02473958395421505,6327,6326,0.7254730463027954,0.5813225507736206,0.0514322929084301,2114.321850563,50368,0.6069228649139404,17.95640754699707,0.04271503910422325,1.0,0.33846938610076904,9718272,1746427887.9363787
15.729167938232422,0.0,6329,6328,0.7254730463027954,0.5532181262969971,0.0514322929084301,2114.976761009,50384,0.561784029006958,17.95640754699707,0.04271503910422325,1.0,0.3326604962348938,9721344,1746427888.5913103
15.836589813232422,0.0859375074505806,6338,6337,0.7254730463027954,0.5387132167816162,0.0514322929084301,2117.92542789,50456,0.6749784350395203,17.95640754699707,0.04271503910422325,1.0,0.32687920331954956,9735168,1746427891.5399616
16.064453125,0.02083333395421505,6341,6340,0.7254730463027954,0.5461664199829102,0.0494791679084301,2118.907586026,50480,0.5838977098464966,17.95640754699707,0.04271503910422325,1.0,0.3254247307777405,9739776,1746427892.5221035
16.256511688232422,0.0371093787252903,6354,6353,0.7254730463027954,0.5911774635314941,0.0494791679084301,2123.1684784,50584,0.6149741411209106,17.95640754699707,0.04271503910422325,1.0,0.3299084007740021,9759744,1746427896.7830186
15.847657203674316,0.02539062686264515,6370,6369,0.7254730463027954,0.5194594860076904,0.0520833358168602,2128.411972479,50712,0.5839410424232483,17.95640754699707,0.04271503910422325,1.0,0.32767266035079956,9784320,1746427902.0265126
16.27734375,0.009765625931322575,6386,6385,0.7254730463027954,0.4823108911514282,0.0475260429084301,2133.656273132,50840,0.5428603291511536,17.95640754699707,0.04271503910422325,1.0,0.32995960116386414,9808896,1746427907.2708235
16.6328125,0.0416666679084301,6424,6423,0.7254730463027954,0.4938850402832031,0.0475260429084301,2146.101158737,51144,0.6332249045372009,17.95640754699707,0.04271503910422325,1.0,0.3290958106517792,9867264,1746427919.7156694
15.947917938232422,0.0384114608168602,6439,6438,0.7254730463027954,0.5030536651611328,0.0488281287252903,2151.013391247,51264,0.5937066674232483,17.95640754699707,0.04271503910422325,1.0,0.33081480860710144,9890304,1746427924.6279385
16.55859375,0.01302083395421505,6454,6453,0.7254730463027954,0.5344999432563782,0.0481770858168602,2155.926153948,51384,0.5756077170372009,17.95640754699707,0.04271503910422325,1.0,0.336874783039093,9913344,1746427929.5406897
16.486328125,0.0657552108168602,6500,6499,0.770123302936554,0.4685681164264679,0.0494791679084301,2171.074948391,51752,0.6298394799232483,19.60887908935547,0.06480881571769714,1.0,0.3270695209503174,9984000,1746427944.6894631
15.990886688232422,0.011718750931322575,6501,6500,0.770123302936554,0.522669792175293,0.0488281287252903,2171.402422317,51760,0.5505426526069641,19.60887908935547,0.06480881571769714,1.0,0.32907798886299133,9985536,1746427945.0169423
16.06640625,0.0481770858168602,6504,6503,0.770123302936554,0.42404860258102417,0.0494791679084301,2172.384997005,51784,0.6099827289581299,19.60887908935547,0.06480881571769714,1.0,0.31083953380584717,9990144,1746427945.999508
