returned_episode_lengths,returned_episode_returns,returned_won_episode,update_steps,test_returned_episode,_step,test_returned_episode_returns,loss,returned_episode,grad_steps,_runtime,test_returned_episode_lengths,qvals,env_step,test_returned_won_episode,_timestamp
24.24544334411621,0.19733551144599915,0.0,9,1.0,8,0.037932515144348145,0.0,0.02734375186264515,0,55.684522383,44.82320022583008,0.0,13824,0.0,1747631474.1951206
23.402996063232422,0.2334802895784378,0.0,20,1.0,19,0.037932515144348145,0.0,0.02669270895421505,0,56.355689216,44.82320022583008,0.0,30720,0.0,1747631474.8663037
23.44075584411621,0.23414093255996704,0.0,21,1.0,20,0.037932515144348145,0.0,0.02539062686264515,0,56.416511103,44.82320022583008,0.0,32256,0.0,1747631474.9270403
23.412761688232422,0.21284514665603638,0.0,24,1.0,23,0.037932515144348145,0.0,0.02734375186264515,0,56.598903697,44.82320022583008,0.0,36864,0.0,1747631475.1095219
23.277345657348633,0.266187846660614,0.0,54,1.0,53,0.037932515144348145,0.05571284890174866,0.0260416679084301,184,64.439359239,44.82320022583008,0.3131817877292633,82944,0.0,1747631482.9499595
23.848308563232422,0.21657712757587433,0.0,63,1.0,62,0.037932515144348145,0.10511551797389984,0.02473958395421505,256,67.360853166,44.82320022583008,0.48993104696273804,96768,0.0,1747631485.8713999
24.61067771911621,0.275228351354599,0.0,67,1.0,66,0.037932515144348145,0.0675448626279831,0.02278645895421505,288,68.647392613,44.82320022583008,0.4923824071884155,102912,0.0,1747631487.1579442
23.97591209411621,0.25067374110221863,0.0,69,1.0,68,0.037932515144348145,0.06472740322351456,0.02669270895421505,304,69.288268739,44.82320022583008,0.49779099225997925,105984,0.0,1747631487.7987971
25.58528709411621,0.2838742733001709,0.0,119,1.0,118,0.037932515144348145,0.16592469811439514,0.0240885429084301,704,85.439031811,44.82320022583008,0.5967127084732056,182784,0.0,1747631503.9495888
23.935548782348633,0.2585626542568207,0.0,129,1.0,128,0.037932515144348145,0.17196452617645264,0.02473958395421505,784,88.683125502,44.82320022583008,0.5828481912612915,198144,0.0,1747631507.1936681
25.861330032348633,0.2892398238182068,0.0,142,1.0,141,0.037932515144348145,0.22337451577186584,0.02343750186264515,888,92.895352777,44.82320022583008,0.6172165870666504,218112,0.0,1747631511.4058843
23.54036521911621,0.2781762480735779,0.0,156,1.0,155,0.037932515144348145,0.16222673654556274,0.02473958395421505,1000,97.423358326,44.82320022583008,0.6187880039215088,239616,0.0,1747631515.9339123
26.164714813232422,0.34791120886802673,0.0,170,1.0,169,0.037932515144348145,0.16247129440307617,0.02473958395421505,1112,101.964380613,44.82320022583008,0.6214009523391724,261120,0.0,1747631520.4749568
25.494142532348633,0.30198901891708374,0.0,177,1.0,176,0.037932515144348145,0.1668197065591812,0.0260416679084301,1168,104.236377542,44.82320022583008,0.6367286443710327,271872,0.0,1747631522.7469213
25.779949188232422,0.32300251722335815,0.0,182,1.0,181,0.037932515144348145,0.17220041155815125,0.02473958395421505,1208,105.853849084,44.82320022583008,0.6469588279724121,279552,0.0,1747631524.3643181
25.23567771911621,0.32390621304512024,0.0,183,1.0,182,0.037932515144348145,0.15592484176158905,0.02473958395421505,1216,106.177159001,44.82320022583008,0.635532557964325,281088,0.0,1747631524.687719
24.768230438232422,0.32175958156585693,0.0,184,1.0,183,0.037932515144348145,0.15300334990024567,0.0240885429084301,1224,106.497860156,44.82320022583008,0.6378226280212402,282624,0.0,1747631525.0084124
25.298830032348633,0.35549861192703247,0.0,211,1.0,210,0.037932515144348145,0.1472817361354828,0.02473958395421505,1440,115.2464021,44.82320022583008,0.6570484638214111,324096,0.0,1747631533.7569456
23.73958396911621,0.2866876721382141,0.0,219,1.0,218,0.037932515144348145,0.13682346045970917,0.0260416679084301,1504,117.860469915,44.82320022583008,0.6568715572357178,336384,0.0,1747631536.3710184
24.93099021911621,0.33572015166282654,0.0,246,1.0,245,0.037932515144348145,0.12077976763248444,0.02473958395421505,1720,126.620246325,44.82320022583008,0.6627203226089478,377856,0.0,1747631545.1307878
25.00911521911621,0.3470503091812134,0.0,269,1.0,268,0.037932515144348145,0.12503616511821747,0.02278645895421505,1904,134.104598113,44.82320022583008,0.6706885099411011,413184,0.0,1747631552.6151166
24.430339813232422,0.3359587788581848,0.0,276,1.0,275,0.037932515144348145,0.12927700579166412,0.02669270895421505,1960,136.364750693,44.82320022583008,0.6760082244873047,423936,0.0,1747631554.8752942
24.547527313232422,0.37393537163734436,0.0,279,1.0,278,0.037932515144348145,0.13606911897659302,0.02473958395421505,1984,137.340981027,44.82320022583008,0.68001389503479,428544,0.0,1747631555.8515139
24.887371063232422,0.3451085388660431,0.0,289,1.0,288,0.037932515144348145,0.14579147100448608,0.02278645895421505,2064,140.594148955,44.82320022583008,0.6803042888641357,443904,0.0,1747631559.1046798
26.097658157348633,0.35932955145835876,0.0,290,1.0,289,0.037932515144348145,0.12970778346061707,0.02278645895421505,2072,140.933938272,44.82320022583008,0.6757653951644897,445440,0.0,1747631559.444337
26.195314407348633,0.3836386501789093,0.0,333,0.9999999403953552,332,0.630990743637085,0.10446744412183762,0.0260416679084301,2416,155.065053501,37.26615524291992,0.6743438243865967,511488,0.011813758872449398,1747631573.575525
24.963542938232422,0.40330031514167786,0.0,337,0.9999999403953552,336,0.630990743637085,0.11136528849601746,0.02539062686264515,2448,156.376796433,37.26615524291992,0.679453432559967,517632,0.011813758872449398,1747631574.88718
25.089845657348633,0.38206323981285095,0.0,345,0.9999999403953552,344,0.630990743637085,0.09784248471260071,0.02278645895421505,2512,159.007694226,37.26615524291992,0.6567263007164001,529920,0.011813758872449398,1747631577.5181603
25.98763084411621,0.336397260427475,0.0,361,0.9999999403953552,360,0.630990743637085,0.11717738956212997,0.02083333395421505,2640,164.252016206,37.26615524291992,0.6734877824783325,554496,0.011813758872449398,1747631582.762577
25.29427146911621,0.37839579582214355,0.0,363,0.9999999403953552,362,0.630990743637085,0.10143347829580307,0.02473958395421505,2656,164.905848523,37.26615524291992,0.6773768067359924,557568,0.011813758872449398,1747631583.4163702
25.680339813232422,0.3718319535255432,0.0,372,0.9999999403953552,371,0.630990743637085,0.09263315796852112,0.02278645895421505,2728,167.850687305,37.26615524291992,0.6731839179992676,571392,0.011813758872449398,1747631586.3610704
25.914714813232422,0.3723403513431549,0.0,374,0.9999999403953552,373,0.630990743637085,0.09415876120328903,0.02278645895421505,2744,168.501223121,37.26615524291992,0.6634881496429443,574464,0.011813758872449398,1747631587.0115275
25.60677146911621,0.3625844419002533,0.0,400,0.9999999403953552,399,0.630990743637085,0.09008944034576416,0.02083333395421505,2952,177.017375844,37.26615524291992,0.6560178399085999,614400,0.011813758872449398,1747631595.5279183
24.72591209411621,0.36737820506095886,0.0,404,0.9999999403953552,403,0.630990743637085,0.1079830527305603,0.02148437686264515,2984,178.331253949,37.26615524291992,0.6576769351959229,620544,0.011813758872449398,1747631596.8417594
26.893230438232422,0.394975483417511,0.0,419,0.9999999403953552,418,0.630990743637085,0.09167308360338211,0.02148437686264515,3104,183.353156843,37.26615524291992,0.6595600843429565,643584,0.011813758872449398,1747631601.8635561
24.39388084411621,0.4490475058555603,0.017578125,446,0.9999999403953552,445,0.630990743637085,0.09994369745254517,0.02539062686264515,3320,192.164287016,37.26615524291992,0.666411817073822,685056,0.011813758872449398,1747631610.6747806
24.994142532348633,0.43472158908843994,0.01888020895421505,459,0.9999999403953552,458,0.630990743637085,0.11358334124088287,0.0240885429084301,3424,196.4208745,37.26615524291992,0.6689908504486084,705024,0.011813758872449398,1747631614.9313953
25.317058563232422,0.43076571822166443,0.0,484,0.9999999403953552,483,0.630990743637085,0.13895314931869507,0.02473958395421505,3624,204.614308936,37.26615524291992,0.6564750075340271,743424,0.011813758872449398,1747631623.12472
24.90755271911621,0.41901612281799316,0.0299479179084301,485,0.9999999403953552,484,0.630990743637085,0.10209698975086212,0.02148437686264515,3632,204.935737625,37.26615524291992,0.6679610013961792,744960,0.011813758872449398,1747631623.4463027
24.975261688232422,0.4805125892162323,0.0,486,0.9999999403953552,485,0.630990743637085,0.08918123692274094,0.02278645895421505,3640,205.259736423,37.26615524291992,0.6483245491981506,746496,0.011813758872449398,1747631623.7701962
25.123048782348633,0.39601147174835205,0.0,491,0.9999999403953552,490,0.630990743637085,0.08913334459066391,0.0221354179084301,3680,206.89164702,37.26615524291992,0.6717355847358704,754176,0.011813758872449398,1747631625.4020836
26.679689407348633,0.5108304619789124,0.02083333395421505,500,0.9999999403953552,499,0.630990743637085,0.06251168251037598,0.02148437686264515,3752,209.828521848,37.26615524291992,0.6538518071174622,768000,0.011813758872449398,1747631628.3390462
24.615236282348633,0.4275016784667969,0.0,502,0.9999999403953552,501,0.630990743637085,0.0677017867565155,0.0221354179084301,3768,210.479793394,37.26615524291992,0.6449400782585144,771072,0.011813758872449398,1747631628.9903562
27.447917938232422,0.46744489669799805,0.02278645895421505,513,0.9999999403953552,512,0.630990743637085,0.06794418394565582,0.01953125186264515,3856,214.070322626,37.26615524291992,0.6631002426147461,787968,0.011813758872449398,1747631632.5807517
25.470705032348633,0.4499107599258423,0.0,514,0.9999999403953552,513,0.630990743637085,0.07024888694286346,0.02083333395421505,3864,214.396377731,37.26615524291992,0.659276008605957,789504,0.011813758872449398,1747631632.9068952
27.24739646911621,0.5013335943222046,0.0,530,0.9999999403953552,529,0.630990743637085,0.11505063623189926,0.02148437686264515,3992,219.628204605,37.26615524291992,0.6556435823440552,814080,0.011813758872449398,1747631638.1387067
28.761720657348633,0.6217847466468811,0.0768229216337204,549,0.9999999403953552,548,0.630990743637085,0.08690494298934937,0.0201822929084301,4144,225.853020051,37.26615524291992,0.6844207644462585,843264,0.011813758872449398,1747631644.3635776
27.371746063232422,0.6161718964576721,0.0924479216337204,556,0.9999999403953552,555,0.630990743637085,0.12786221504211426,0.02083333395421505,4200,228.149639022,37.26615524291992,0.678512692451477,854016,0.011813758872449398,1747631646.6600564
24.302736282348633,0.5643744468688965,0.0423177108168602,567,0.9999999403953552,566,0.630990743637085,0.08490002900362015,0.0240885429084301,4288,231.728171434,37.26615524291992,0.6997103691101074,870912,0.011813758872449398,1747631650.2386363
25.839845657348633,0.6406946778297424,0.1562500149011612,614,0.9999999403953552,613,0.630990743637085,0.12980708479881287,0.0201822929084301,4664,247.090006359,37.26615524291992,0.6332632303237915,943104,0.011813758872449398,1747631665.6004505
26.23372459411621,0.6671493053436279,0.138671875,621,0.9999999403953552,620,0.630990743637085,0.18043223023414612,0.0201822929084301,4720,249.362796429,37.26615524291992,0.639938473701477,953856,0.011813758872449398,1747631667.87327
27.94661521911621,0.6277045011520386,0.1067708358168602,629,0.9999999403953552,628,0.630990743637085,0.1472874879837036,0.0201822929084301,4784,251.968039871,37.26615524291992,0.641282320022583,966144,0.011813758872449398,1747631670.478448
26.162111282348633,0.7901849746704102,0.2330729216337204,647,0.9999999403953552,646,0.630990743637085,0.12847083806991577,0.0201822929084301,4928,257.826882172,37.26615524291992,0.6090173721313477,993792,0.011813758872449398,1747631676.3374183
26.658855438232422,0.6880258321762085,0.1855468899011612,658,0.9999999403953552,657,1.1561334133148193,0.15553942322731018,0.0182291679084301,5016,261.493726107,39.09379196166992,0.5765137672424316,1010688,0.32900431752204895,1747631680.0042746
25.17317771911621,0.8380048274993896,0.2246093899011612,669,0.9999999403953552,668,1.1561334133148193,0.21450898051261902,0.02278645895421505,5104,265.074761983,39.09379196166992,0.567327082157135,1027584,0.32900431752204895,1747631683.585221
26.299480438232422,0.8428897261619568,0.2643229365348816,671,0.9999999403953552,670,1.1561334133148193,0.19557665288448334,0.02148437686264515,5120,265.719363012,39.09379196166992,0.5646907091140747,1030656,0.32900431752204895,1747631684.2299001
27.197267532348633,0.901345431804657,0.3020833432674408,687,0.9999999403953552,686,1.1561334133148193,0.22599747776985168,0.0221354179084301,5248,270.942773197,39.09379196166992,0.5683155655860901,1055232,0.32900431752204895,1747631689.4532034
26.215496063232422,0.7748510241508484,0.2096354216337204,698,0.9999999403953552,697,1.1561334133148193,0.19439981877803802,0.0221354179084301,5336,274.550088049,39.09379196166992,0.5552865266799927,1072128,0.32900431752204895,1747631693.060543
26.73372459411621,0.9193729162216187,0.2949219048023224,716,0.9999999403953552,715,1.1561334133148193,0.2265782356262207,0.02343750186264515,5480,280.416415206,39.09379196166992,0.5275771617889404,1099776,0.32900431752204895,1747631698.9268906
26.908855438232422,0.9158544540405273,0.3183594048023224,718,0.9999999403953552,717,1.1561334133148193,0.16135284304618835,0.02278645895421505,5496,281.070012734,39.09379196166992,0.5158296823501587,1102848,0.32900431752204895,1747631699.5804641
26.021486282348633,0.5691729784011841,0.1152343824505806,719,0.9999999403953552,718,1.1561334133148193,0.24101340770721436,0.02083333395421505,5504,281.398057018,39.09379196166992,0.5199868083000183,1104384,0.32900431752204895,1747631699.9086154
26.60872459411621,0.827010989189148,0.2545573115348816,724,0.9999999403953552,723,1.1561334133148193,0.21007458865642548,0.02083333395421505,5544,283.025555594,39.09379196166992,0.5132855176925659,1112064,0.32900431752204895,1747631701.536059
28.053386688232422,0.6644180417060852,0.125,726,0.9999999403953552,725,1.1561334133148193,0.2920287847518921,0.0182291679084301,5560,283.690266842,39.09379196166992,0.5345145463943481,1115136,0.32900431752204895,1747631702.2008197
26.675783157348633,0.7797274589538574,0.2278645932674408,736,0.9999999403953552,735,1.1561334133148193,0.22267667949199677,0.02083333395421505,5640,286.962911605,39.09379196166992,0.5411708354949951,1130496,0.32900431752204895,1747631705.4734497
28.869142532348633,0.7210514545440674,0.1881510466337204,742,0.9999999403953552,741,1.1561334133148193,0.3475714325904846,0.01953125186264515,5688,288.923580447,39.09379196166992,0.5467866063117981,1139712,0.32900431752204895,1747631707.4340303
27.19856834411621,0.5679507255554199,0.1002604216337204,746,0.9999999403953552,745,1.1561334133148193,0.24583566188812256,0.0182291679084301,5720,290.225882198,39.09379196166992,0.5404181480407715,1145856,0.32900431752204895,1747631708.7364028
27.535808563232422,0.6357858180999756,0.130859375,756,0.9999999403953552,755,1.1561334133148193,0.353427916765213,0.02083333395421505,5800,293.488060475,39.09379196166992,0.5630522966384888,1161216,0.32900431752204895,1747631711.9985282
27.733074188232422,0.947306752204895,0.3470052182674408,770,0.9999999403953552,769,1.1561334133148193,0.2746870815753937,0.02083333395421505,5912,298.037977927,39.09379196166992,0.5530423521995544,1182720,0.32900431752204895,1747631716.5485098
26.168621063232422,0.8835461139678955,0.2858073115348816,780,0.9999999403953552,779,1.1561334133148193,0.347558856010437,0.02083333395421505,5992,301.287888742,39.09379196166992,0.5709441900253296,1198080,0.32900431752204895,1747631719.7983742
25.69856834411621,0.5809430480003357,0.1230468824505806,785,0.9999999403953552,784,1.1561334133148193,0.29995226860046387,0.01888020895421505,6032,302.918426036,39.09379196166992,0.5570551156997681,1205760,0.32900431752204895,1747631721.4288557
26.22981834411621,0.8742910027503967,0.2942708432674408,803,0.9999999403953552,802,1.1561334133148193,0.37109774351119995,0.01888020895421505,6176,308.793293617,39.09379196166992,0.5911865234375,1233408,0.32900431752204895,1747631727.3037453
28.594402313232422,0.8669223189353943,0.3111979365348816,813,0.9999999403953552,812,1.1561334133148193,0.4877692461013794,0.0182291679084301,6256,312.07760192,39.09379196166992,0.574593186378479,1248768,0.32900431752204895,1747631730.5881262
29.082683563232422,0.9184054732322693,0.3372395932674408,844,0.9999999403953552,843,1.1561334133148193,0.3242048919200897,0.01888020895421505,6504,322.185754387,39.09379196166992,0.5637093782424927,1296384,0.32900431752204895,1747631740.696259
27.80794334411621,0.8664447665214539,0.2903645932674408,856,0.9999999403953552,855,1.1561334133148193,0.39265620708465576,0.0201822929084301,6600,326.133924625,39.09379196166992,0.5812312364578247,1314816,0.32900431752204895,1747631744.6444602
27.578126907348633,0.837089478969574,0.2916666865348816,892,0.9999999403953552,891,1.1561334133148193,0.42716294527053833,0.017578125,6888,337.914963894,39.09379196166992,0.5841712355613708,1370112,0.32900431752204895,1747631756.4255073
25.970705032348633,1.0718814134597778,0.4218750298023224,904,0.9999999403953552,903,1.1561334133148193,0.42333340644836426,0.02148437686264515,6984,341.819020966,39.09379196166992,0.5906134247779846,1388544,0.32900431752204895,1747631760.3294294
27.18684959411621,0.8904432058334351,0.3255208432674408,921,0.9999999403953552,920,1.1561334133148193,0.5646471381187439,0.02148437686264515,7120,347.380377955,39.09379196166992,0.6199270486831665,1414656,0.32900431752204895,1747631765.8909214
27.457033157348633,1.1217303276062012,0.4765625298023224,926,0.9999999403953552,925,1.1561334133148193,0.5702413320541382,0.0201822929084301,7160,349.022062451,39.09379196166992,0.6258465051651001,1422336,0.32900431752204895,1747631767.532596
27.69466209411621,0.7235487103462219,0.1751302182674408,939,0.9999999403953552,938,1.1561334133148193,0.7336893081665039,0.0182291679084301,7264,353.253538356,39.09379196166992,0.6214998960494995,1442304,0.32900431752204895,1747631771.7639852
28.551433563232422,1.099490761756897,0.4570312798023224,942,0.9999999403953552,941,1.1561334133148193,0.6709809303283691,0.017578125,7288,354.234159705,39.09379196166992,0.6449533700942993,1446912,0.32900431752204895,1747631772.744573
26.93099021911621,0.6892541646957397,0.1627604216337204,954,0.9999999403953552,953,1.1561334133148193,0.6146736145019531,0.0201822929084301,7384,358.155021258,39.09379196166992,0.6424534320831299,1465344,0.32900431752204895,1747631776.6655493
25.529949188232422,0.7667948007583618,0.2395833432674408,957,0.9999999403953552,956,1.1561334133148193,0.6530308127403259,0.01888020895421505,7408,359.138157073,39.09379196166992,0.6372221112251282,1469952,0.32900431752204895,1747631777.6486886
27.201173782348633,0.973057746887207,0.3658854365348816,962,0.9999999403953552,961,1.1561334133148193,0.6155665516853333,0.02083333395421505,7448,360.780518749,39.09379196166992,0.6385750770568848,1477632,0.32900431752204895,1747631779.2907789
27.949871063232422,0.9261905550956726,0.3476562798023224,971,0.9999999403953552,970,1.1561334133148193,0.5933091640472412,0.0182291679084301,7520,363.709363374,39.09379196166992,0.6435484886169434,1491456,0.32900431752204895,1747631782.2199125
26.660808563232422,0.9733915328979492,0.3600260615348816,974,0.9999999403953552,973,1.1561334133148193,0.6260876655578613,0.02083333395421505,7544,364.680165983,39.09379196166992,0.6410507559776306,1496064,0.32900431752204895,1747631783.1907184
26.906902313232422,1.0400537252426147,0.3964844048023224,991,1.0000001192092896,990,1.5966076850891113,0.6567762494087219,0.01953125186264515,7680,370.30638248,39.497459411621094,0.6352914571762085,1522176,0.6601307392120361,1747631788.816835
26.93099021911621,0.8004876375198364,0.2604166865348816,993,1.0000001192092896,992,1.5966076850891113,0.6552966237068176,0.02148437686264515,7696,370.952294908,39.497459411621094,0.6202507019042969,1525248,0.6601307392120361,1747631789.4628184
27.832033157348633,0.9811645746231079,0.3639323115348816,995,1.0000001192092896,994,1.5966076850891113,0.6423557996749878,0.02083333395421505,7712,371.611090624,39.497459411621094,0.6281452178955078,1528320,0.6601307392120361,1747631790.121595
25.636720657348633,1.0090680122375488,0.3958333432674408,1009,1.0000001192092896,1008,1.5966076850891113,0.7027209997177124,0.02343750186264515,7824,376.194066825,39.497459411621094,0.6256451606750488,1549824,0.6601307392120361,1747631794.7045813
28.43880271911621,0.9895704984664917,0.3925781548023224,1012,1.0000001192092896,1011,1.5966076850891113,0.608161211013794,0.01888020895421505,7848,377.168494721,39.497459411621094,0.6136809587478638,1554432,0.6601307392120361,1747631795.6790214
28.414714813232422,1.162459135055542,0.4785156548023224,1042,1.0000001192092896,1041,1.5966076850891113,0.6023823022842407,0.01953125186264515,8088,386.987132612,39.497459411621094,0.6207394599914551,1600512,0.6601307392120361,1747631805.4975567
26.59700584411621,1.172621488571167,0.5234375,1047,1.0000001192092896,1046,1.5966076850891113,0.7443888187408447,0.02083333395421505,8128,388.61954347,39.497459411621094,0.6177507638931274,1608192,0.6601307392120361,1747631807.1299732
26.86849021911621,1.1008793115615845,0.4752604365348816,1048,1.0000001192092896,1047,1.5966076850891113,0.9389383792877197,0.0182291679084301,8136,388.940723183,39.497459411621094,0.6235447525978088,1609728,0.6601307392120361,1747631807.4512765
28.003908157348633,1.0086512565612793,0.4283854365348816,1056,1.0000001192092896,1055,1.5966076850891113,0.9095968008041382,0.0182291679084301,8200,391.558024204,39.497459411621094,0.6417826414108276,1622016,0.6601307392120361,1747631810.068549
26.552736282348633,1.2656229734420776,0.5787760615348816,1060,1.0000001192092896,1059,1.5966076850891113,0.8551266193389893,0.0201822929084301,8232,392.873585198,39.497459411621094,0.6326196789741516,1628160,0.6601307392120361,1747631811.3841107
27.533205032348633,1.11859130859375,0.4752604365348816,1086,1.0000001192092896,1085,1.5966076850891113,1.0523207187652588,0.01888020895421505,8440,401.388200712,39.497459411621094,0.6381595730781555,1668096,0.6601307392120361,1747631819.8986247
26.47981834411621,1.3051267862319946,0.6276041865348816,1092,1.0000001192092896,1091,1.5966076850891113,1.5927331447601318,0.0201822929084301,8488,403.332523835,39.497459411621094,0.6562632322311401,1677312,0.6601307392120361,1747631821.842895
26.726564407348633,1.185040831565857,0.5182291865348816,1142,1.0000001192092896,1141,1.5966076850891113,0.9691599011421204,0.02083333395421505,8888,419.666091486,39.497459411621094,0.6664026975631714,1754112,0.6601307392120361,1747631838.1765187
27.246095657348633,1.081307053565979,0.4680989682674408,1148,1.0000001192092896,1147,1.5966076850891113,0.8988610506057739,0.0182291679084301,8936,421.612571223,39.497459411621094,0.6720196604728699,1763328,0.6601307392120361,1747631840.1231163
27.75911521911621,0.9860761761665344,0.4173177182674408,1149,1.0000001192092896,1148,1.5966076850891113,0.8930070400238037,0.015625,8944,421.934023437,39.497459411621094,0.6663325428962708,1764864,0.6601307392120361,1747631840.4445527
28.080080032348633,1.0064619779586792,0.4212239682674408,1171,1.0000001192092896,1170,1.5966076850891113,0.9195245504379272,0.01692708395421505,9120,429.117988243,39.497459411621094,0.6592763066291809,1798656,0.6601307392120361,1747631847.6284235
30.13606834411621,1.1764476299285889,0.5013021230697632,1206,1.0000001192092896,1205,1.5966076850891113,0.9100215435028076,0.0182291679084301,9400,440.541222296,39.497459411621094,0.685373067855835,1852416,0.6601307392120361,1747631859.0517566
26.53841209411621,0.9467043280601501,0.3652344048023224,1244,1.0000001192092896,1243,1.5966076850891113,0.7042959928512573,0.01888020895421505,9704,452.946616284,39.497459411621094,0.6967666149139404,1910784,0.6601307392120361,1747631871.4570494
27.793621063232422,0.9967311024665833,0.4134114682674408,1253,1.0000001192092896,1252,1.5966076850891113,0.7314143180847168,0.017578125,9776,455.868771546,39.497459411621094,0.6818876266479492,1924608,0.6601307392120361,1747631874.3792777
27.740236282348633,0.936604380607605,0.3541666865348816,1259,1.0000001192092896,1258,1.5966076850891113,0.6797601580619812,0.01888020895421505,9824,457.83730707,39.497459411621094,0.696300745010376,1933824,0.6601307392120361,1747631876.3478107
27.04036521911621,1.1331952810287476,0.4837239980697632,1269,1.0000001192092896,1268,1.5966076850891113,0.7495208978652954,0.02278645895421505,9904,461.097610202,39.497459411621094,0.6855581998825073,1949184,0.6601307392120361,1747631879.6080887
29.373048782348633,1.1241616010665894,0.4765625298023224,1290,1.0000001192092896,1289,1.5966076850891113,0.7827615737915039,0.0182291679084301,10072,468.003605699,39.497459411621094,0.6791865825653076,1981440,0.6601307392120361,1747631886.514154
28.195964813232422,1.1101738214492798,0.4798177480697632,1306,1.0,1305,1.6740076541900635,0.7456400990486145,0.0182291679084301,10200,473.318353292,44.591217041015625,0.6992766857147217,2006016,0.7204391956329346,1747631891.8288562
27.936199188232422,0.9787130355834961,0.4075520932674408,1337,1.0,1336,1.6740076541900635,0.8404912948608398,0.01888020895421505,10448,483.475845317,44.591217041015625,0.6838759183883667,2053632,0.7204391956329346,1747631901.9863963
29.041017532348633,1.0687955617904663,0.4759114682674408,1339,1.0,1338,1.6740076541900635,0.6002663373947144,0.01692708395421505,10464,484.129422828,44.591217041015625,0.6887420415878296,2056704,0.7204391956329346,1747631902.639838
27.266277313232422,1.109312891960144,0.4993489980697632,1378,1.0,1377,1.6740076541900635,0.7019302845001221,0.01953125186264515,10776,496.857359775,44.591217041015625,0.7053067684173584,2116608,0.7204391956329346,1747631915.3676252
26.031251907348633,1.0795929431915283,0.4947916865348816,1387,1.0,1386,1.6740076541900635,0.7036934494972229,0.017578125,10848,499.796852938,44.591217041015625,0.6922183036804199,2130432,0.7204391956329346,1747631918.3072958
26.500652313232422,1.0916255712509155,0.4752604365348816,1390,1.0,1389,1.6740076541900635,0.49224376678466797,0.01888020895421505,10872,500.776712789,44.591217041015625,0.6948939561843872,2135040,0.7204391956329346,1747631919.2872345
28.753908157348633,1.3031857013702393,0.5761719346046448,1407,1.0,1406,1.6740076541900635,0.5411903858184814,0.01953125186264515,11008,506.347273867,44.591217041015625,0.7337197661399841,2161152,0.7204391956329346,1747631924.8576772
27.03059959411621,1.2193869352340698,0.5670573115348816,1415,1.0,1414,1.6740076541900635,0.5045618414878845,0.0201822929084301,11072,508.945696801,44.591217041015625,0.7064840197563171,2173440,0.7204391956329346,1747631927.456239
27.67317771911621,1.1075395345687866,0.4811198115348816,1419,1.0,1418,1.6740076541900635,0.5774345397949219,0.0201822929084301,11104,510.247515877,44.591217041015625,0.7173390984535217,2179584,0.7204391956329346,1747631928.7579982
28.267580032348633,1.091806411743164,0.4830729365348816,1427,1.0,1426,1.6740076541900635,0.5378799438476562,0.017578125,11168,512.865717306,44.591217041015625,0.7299433946609497,2191872,0.7204391956329346,1747631931.3762496
28.382814407348633,1.0408833026885986,0.4511719048023224,1428,1.0,1427,1.6740076541900635,0.5364210605621338,0.0182291679084301,11176,513.193640935,44.591217041015625,0.7284854054450989,2193408,0.7204391956329346,1747631931.704096
27.363933563232422,1.2467964887619019,0.5944010615348816,1442,1.0,1441,1.6740076541900635,0.4369422197341919,0.01888020895421505,11288,517.776845134,44.591217041015625,0.707427978515625,2214912,0.7204391956329346,1747631936.2873511
26.619792938232422,1.2415484189987183,0.5455729365348816,1451,1.0,1450,1.6740076541900635,0.5036781430244446,0.0221354179084301,11360,520.722906833,44.591217041015625,0.6963427662849426,2228736,0.7204391956329346,1747631939.2334387
26.709636688232422,1.2010635137557983,0.5423177480697632,1453,1.0,1452,1.6740076541900635,0.5324429273605347,0.02148437686264515,11376,521.377359876,44.591217041015625,0.7122641801834106,2231808,0.7204391956329346,1747631939.8878772
28.119142532348633,1.1733237504959106,0.5416666865348816,1458,1.0,1457,1.6740076541900635,0.5086969137191772,0.0201822929084301,11416,523.010504058,44.591217041015625,0.6940407752990723,2239488,0.7204391956329346,1747631941.5210433
28.33724021911621,1.0736254453659058,0.4342448115348816,1467,1.0,1466,1.6740076541900635,0.47204911708831787,0.01953125186264515,11488,525.95272727,44.591217041015625,0.682287871837616,2253312,0.7204391956329346,1747631944.4631526
26.550783157348633,1.1193021535873413,0.5208333730697632,1496,1.0,1495,1.6740076541900635,0.5100670456886292,0.0182291679084301,11720,535.424293909,44.591217041015625,0.7032824754714966,2297856,0.7204391956329346,1747631953.9347563
27.78841209411621,1.084250807762146,0.4804687798023224,1515,1.0,1514,1.6740076541900635,0.4100491404533386,0.0182291679084301,11872,541.6678992,44.591217041015625,0.6830480694770813,2327040,0.7204391956329346,1747631960.1782846
25.227214813232422,1.1542773246765137,0.53515625,1521,1.0,1520,1.6740076541900635,0.4869104027748108,0.02083333395421505,11920,543.621205187,44.591217041015625,0.6993580460548401,2336256,0.7204391956329346,1747631962.1313665
28.408855438232422,1.2445361614227295,0.5865885615348816,1524,1.0,1523,1.6740076541900635,0.4158918261528015,0.017578125,11944,544.599606113,44.591217041015625,0.7087600231170654,2340864,0.7204391956329346,1747631963.109998
28.207033157348633,1.2405625581741333,0.5670573115348816,1534,1.0,1533,1.6740076541900635,0.3946969509124756,0.02148437686264515,12024,547.83780642,44.591217041015625,0.7347580790519714,2356224,0.7204391956329346,1747631966.3480833
27.512371063232422,1.0363695621490479,0.4492187798023224,1537,1.0,1536,1.6740076541900635,0.4188709855079651,0.01692708395421505,12048,548.812217444,44.591217041015625,0.7301338911056519,2360832,0.7204391956329346,1747631967.322661
27.64974021911621,1.313788652420044,0.6438802480697632,1549,1.0,1548,1.6740076541900635,0.3978049159049988,0.01953125186264515,12144,552.72193437,44.591217041015625,0.7439464330673218,2379264,0.7204391956329346,1747631971.23249
28.33528709411621,1.0878351926803589,0.4986979365348816,1554,1.0,1553,1.6740076541900635,0.4372004568576813,0.0182291679084301,12184,554.344387867,44.591217041015625,0.7299691438674927,2386944,0.7204391956329346,1747631972.8549275
29.128908157348633,1.3338959217071533,0.6276041865348816,1556,1.0,1555,1.6740076541900635,0.4172583222389221,0.01953125186264515,12200,554.987639776,44.591217041015625,0.7375462055206299,2390016,0.7204391956329346,1747631973.4981933
25.87630271911621,1.2394717931747437,0.5800781846046448,1561,1.0,1560,1.6740076541900635,0.4475250244140625,0.02083333395421505,12240,556.613621408,44.591217041015625,0.7482028007507324,2397696,0.7204391956329346,1747631975.1241634
26.901042938232422,1.2724536657333374,0.5911458730697632,1565,1.0,1564,1.6740076541900635,0.4469846785068512,0.0182291679084301,12272,557.904898216,44.591217041015625,0.7348306775093079,2403840,0.7204391956329346,1747631976.4154623
27.125652313232422,1.2816298007965088,0.6100260615348816,1585,1.0,1584,1.6740076541900635,0.6312903165817261,0.01888020895421505,12432,564.391140625,44.591217041015625,0.730981707572937,2434560,0.7204391956329346,1747631982.9017031
27.094402313232422,1.199568510055542,0.5247396230697632,1589,1.0,1588,1.6740076541900635,0.3713091313838959,0.02083333395421505,12464,565.683041163,44.591217041015625,0.7433210611343384,2440704,0.7204391956329346,1747631984.1934106
28.119792938232422,1.1749951839447021,0.5130208730697632,1591,1.0,1590,1.6740076541900635,0.39458656311035156,0.01953125186264515,12480,566.327813333,44.591217041015625,0.7357726097106934,2443776,0.7204391956329346,1747631984.838388
26.11653709411621,1.0569441318511963,0.4459635615348816,1596,1.0,1595,1.6740076541900635,0.36896365880966187,0.01888020895421505,12520,567.961739265,44.591217041015625,0.7342317700386047,2451456,0.7204391956329346,1747631986.4722984
26.092449188232422,1.2069252729415894,0.5559896230697632,1603,1.0,1602,1.6740076541900635,0.40727049112319946,0.0201822929084301,12576,570.230184261,44.591217041015625,0.7452114224433899,2462208,0.7204391956329346,1747631988.7407653
26.617189407348633,1.0343652963638306,0.4700520932674408,1611,1.0,1610,1.6740076541900635,0.6014845967292786,0.017578125,12640,572.824253538,44.591217041015625,0.7416744232177734,2474496,0.7204391956329346,1747631991.334443
28.707033157348633,0.9868337512016296,0.4277344048023224,1620,1.0,1619,1.6740076541900635,0.38609084486961365,0.01888020895421505,12712,575.735898212,44.591217041015625,0.7813308835029602,2488320,0.7204391956329346,1747631994.2463818
27.539064407348633,1.2478015422821045,0.5937500596046448,1643,1.0,1642,1.7857837677001953,0.391946017742157,0.02148437686264515,12896,583.274560537,42.69752502441406,0.8065475821495056,2523648,0.8140462636947632,1747632001.7849495
29.427736282348633,1.1475564241409302,0.4960937798023224,1651,1.0,1650,1.7857837677001953,0.45381101965904236,0.01888020895421505,12960,585.883443341,42.69752502441406,0.813493549823761,2535936,0.8140462636947632,1747632004.3939693
28.52278709411621,1.1541990041732788,0.5013021230697632,1659,1.0,1658,1.7857837677001953,0.4138029217720032,0.01953125186264515,13024,588.48659113,42.69752502441406,0.7955523729324341,2548224,0.8140462636947632,1747632006.9971013
26.878908157348633,1.2768305540084839,0.5996094346046448,1666,1.0,1665,1.7857837677001953,0.36930471658706665,0.02083333395421505,13080,590.760602334,42.69752502441406,0.8002885580062866,2558976,0.8140462636947632,1747632009.2709625
28.42903709411621,1.1463829278945923,0.5,1667,1.0,1666,1.7857837677001953,0.366666316986084,0.0182291679084301,13088,591.08628349,42.69752502441406,0.7955889701843262,2560512,0.8140462636947632,1747632009.5967512
28.794923782348633,1.1410633325576782,0.5123698115348816,1683,1.0,1682,1.7857837677001953,0.3544395864009857,0.01692708395421505,13216,596.269462894,42.69752502441406,0.7950524091720581,2585088,0.8140462636947632,1747632014.779823
29.240886688232422,1.308735966682434,0.6178385615348816,1685,1.0,1684,1.7857837677001953,0.34470677375793457,0.01888020895421505,13232,596.917910583,42.69752502441406,0.8024860620498657,2588160,0.8140462636947632,1747632015.428324
26.43294334411621,1.291468858718872,0.6282552480697632,1706,1.0,1705,1.7857837677001953,0.3912239670753479,0.02083333395421505,13400,603.713830607,42.69752502441406,0.810996413230896,2620416,0.8140462636947632,1747632022.2242193
25.426433563232422,1.2200158834457397,0.5651041865348816,1728,1.0,1727,1.7857837677001953,0.33715325593948364,0.0221354179084301,13576,610.867370066,42.69752502441406,0.8221651315689087,2654208,0.8140462636947632,1747632029.3777416
29.395183563232422,1.107720136642456,0.4882812798023224,1735,1.0,1734,1.7857837677001953,0.4965329170227051,0.017578125,13632,613.12366482,42.69752502441406,0.8357427716255188,2664960,0.8140462636947632,1747632031.6339653
28.013673782348633,1.119167685508728,0.5,1737,1.0,1736,1.7857837677001953,0.3474043607711792,0.01888020895421505,13648,613.771206242,42.69752502441406,0.8133646249771118,2668032,0.8140462636947632,1747632032.281603
26.392580032348633,1.2990161180496216,0.6236979365348816,1752,1.0,1751,1.7857837677001953,0.35621315240859985,0.0221354179084301,13768,618.620866845,42.69752502441406,0.8397030830383301,2691072,0.8140462636947632,1747632037.1312292
28.40755271911621,1.0139682292938232,0.4394531548023224,1760,1.0,1759,1.7857837677001953,0.3872525691986084,0.0182291679084301,13832,621.20930773,42.69752502441406,0.8484811782836914,2703360,0.8140462636947632,1747632039.7197223
28.242189407348633,1.0111287832260132,0.4257812798023224,1763,1.0,1762,1.7857837677001953,0.3222317695617676,0.0162760429084301,13856,622.175461335,42.69752502441406,0.8330276608467102,2707968,0.8140462636947632,1747632040.6859171
28.23372459411621,1.2963323593139648,0.6243489980697632,1764,1.0,1763,1.7857837677001953,0.3227483332157135,0.0201822929084301,13864,622.499408142,42.69752502441406,0.8377662897109985,2709504,0.8140462636947632,1747632041.009869
27.053386688232422,1.142340898513794,0.52734375,1774,1.0,1773,1.7857837677001953,0.4210670292377472,0.01888020895421505,13944,625.721986454,42.69752502441406,0.8423699140548706,2724864,0.8140462636947632,1747632044.2323885
27.203126907348633,1.1401302814483643,0.5234375,1798,1.0,1797,1.7857837677001953,0.46743834018707275,0.0182291679084301,14136,633.472257425,42.69752502441406,0.8486154079437256,2761728,0.8140462636947632,1747632051.9825127
26.490886688232422,1.1835983991622925,0.556640625,1801,1.0,1800,1.7857837677001953,0.35920780897140503,0.01888020895421505,14160,634.43669368,42.69752502441406,0.85237717628479,2766336,0.8140462636947632,1747632052.9472957
28.634767532348633,1.1206068992614746,0.4947916865348816,1811,1.0,1810,1.7857837677001953,0.557439386844635,0.01888020895421505,14240,637.661962127,42.69752502441406,0.8555989265441895,2781696,0.8140462636947632,1747632056.1725674
26.83333396911621,1.2071607112884521,0.5611979365348816,1813,1.0,1812,1.7857837677001953,0.4829174280166626,0.02083333395421505,14256,638.303611792,42.69752502441406,0.8499726057052612,2784768,0.8140462636947632,1747632056.8142169
27.31966209411621,1.2126944065093994,0.5800781846046448,1823,1.0,1822,1.7857837677001953,0.2887974977493286,0.01953125186264515,14336,641.53542432,42.69752502441406,0.855462908744812,2800128,0.8140462636947632,1747632060.0460114
26.32747459411621,1.1907727718353271,0.5364583730697632,1833,1.0,1832,1.7857837677001953,0.35065338015556335,0.01953125186264515,14416,644.757194056,42.69752502441406,0.8292155861854553,2815488,0.8140462636947632,1747632063.2677495
28.186199188232422,1.199630856513977,0.544921875,1835,1.0,1834,1.7857837677001953,0.5191531181335449,0.01888020895421505,14432,645.40396308,42.69752502441406,0.8404917120933533,2818560,0.8140462636947632,1747632063.9145555
27.519533157348633,1.2052907943725586,0.5266927480697632,1856,1.0,1855,1.7857837677001953,0.3639165163040161,0.02083333395421505,14600,652.178688123,42.69752502441406,0.8357971906661987,2850816,0.8140462636947632,1747632070.6892593
25.98763084411621,1.1767126321792603,0.5169271230697632,1887,1.0,1886,1.7857837677001953,0.34215307235717773,0.02148437686264515,14848,662.169464621,42.69752502441406,0.8240604996681213,2898432,0.8140462636947632,1747632080.6800563
27.070314407348633,1.2906583547592163,0.6106771230697632,1909,1.0,1908,1.7857837677001953,0.2712644636631012,0.02083333395421505,15024,669.263246341,42.69752502441406,0.8575795292854309,2932224,0.8140462636947632,1747632087.773852
28.97981834411621,1.1571955680847168,0.5234375,1924,1.0,1923,1.7857837677001953,0.3715175986289978,0.01692708395421505,15144,674.118282484,42.69752502441406,0.8439282178878784,2955264,0.8140462636947632,1747632092.628886
29.515626907348633,1.2403459548950195,0.5638021230697632,1945,1.0,1944,1.7857837677001953,0.3490890860557556,0.0182291679084301,15312,680.888812751,42.69752502441406,0.8660867214202881,2987520,0.8140462636947632,1747632099.399378
27.496746063232422,1.2058895826339722,0.5716146230697632,1952,1.0,1951,1.8670201301574707,0.35815197229385376,0.017578125,15368,683.22270043,38.47004318237305,0.8769155740737915,2998272,0.883024275302887,1747632101.7332726
27.11458396911621,1.3655579090118408,0.6699219346046448,1953,1.0,1952,1.8670201301574707,0.37211742997169495,0.02148437686264515,15376,683.543783226,38.47004318237305,0.8934314250946045,2999808,0.883024275302887,1747632102.0543814
28.469402313232422,1.1978355646133423,0.5514323115348816,1958,1.0,1957,1.8670201301574707,0.2519534230232239,0.0201822929084301,15416,685.149819954,38.47004318237305,0.8724336624145508,3007488,0.883024275302887,1747632103.660429
27.205730438232422,1.1479599475860596,0.513671875,1959,1.0,1958,1.8670201301574707,0.24632355570793152,0.01888020895421505,15424,685.473945315,38.47004318237305,0.8748776316642761,3009024,0.883024275302887,1747632103.9845452
27.43880271911621,1.2662343978881836,0.5917969346046448,1972,1.0,1971,1.8670201301574707,0.28903728723526,0.0201822929084301,15528,689.670117324,38.47004318237305,0.8654325604438782,3028992,0.883024275302887,1747632108.180723
28.15169334411621,1.3283158540725708,0.6386719346046448,1974,1.0,1973,1.8670201301574707,0.2476249635219574,0.0201822929084301,15544,690.318947022,38.47004318237305,0.8764388561248779,3032064,0.883024275302887,1747632108.8295057
27.296876907348633,1.2494701147079468,0.5898438096046448,1994,1.0,1993,1.8670201301574707,0.26102516055107117,0.0182291679084301,15704,696.758494199,38.47004318237305,0.8748161196708679,3062784,0.883024275302887,1747632115.2690964
27.267580032348633,1.102990746498108,0.4720052182674408,1998,1.0,1997,1.8670201301574707,0.5116990804672241,0.017578125,15736,698.044344532,38.47004318237305,0.8495008945465088,3068928,0.883024275302887,1747632116.5549376
27.16145896911621,1.2595888376235962,0.5820313096046448,1999,1.0,1998,1.8670201301574707,0.4594675898551941,0.0201822929084301,15744,698.364860495,38.47004318237305,0.8604130148887634,3070464,0.883024275302887,1747632116.8754716
26.002605438232422,1.4189515113830566,0.7044271230697632,2005,1.0,2004,1.8670201301574707,0.253212571144104,0.02148437686264515,15792,700.301069582,38.47004318237305,0.8567457795143127,3079680,0.883024275302887,1747632118.811689
27.920574188232422,1.3409725427627563,0.6412760615348816,2020,1.0,2019,1.8670201301574707,0.3099032938480377,0.0221354179084301,15912,705.13353373,38.47004318237305,0.8603744506835938,3102720,0.883024275302887,1747632123.6441388
25.795574188232422,1.2757487297058105,0.5748698115348816,2043,1.0,2042,1.8670201301574707,0.2810211181640625,0.02278645895421505,16096,712.56438899,38.47004318237305,0.8764828443527222,3138048,0.883024275302887,1747632131.0749834
28.399089813232422,1.2314753532409668,0.5618489980697632,2078,1.0,2077,1.8670201301574707,0.2577020227909088,0.01953125186264515,16376,723.860531124,38.47004318237305,0.8963342905044556,3191808,0.883024275302887,1747632142.370908
26.299480438232422,1.1947108507156372,0.5494791865348816,2110,1.0,2109,1.8670201301574707,0.27319344878196716,0.02148437686264515,16632,734.185765627,38.47004318237305,0.9144915342330933,3240960,0.883024275302887,1747632152.6963482
27.39974021911621,1.2611497640609741,0.5703125,2111,1.0,2110,1.8670201301574707,0.2207520306110382,0.02083333395421505,16640,734.506042191,38.47004318237305,0.9199360013008118,3242496,0.883024275302887,1747632153.016664
25.917970657348633,1.2037807703018188,0.5657552480697632,2129,1.0,2128,1.8670201301574707,0.2756497859954834,0.0221354179084301,16784,740.317483731,38.47004318237305,0.9398640394210815,3270144,0.883024275302887,1747632158.828056
26.798830032348633,1.325299620628357,0.6302083730697632,2141,1.0,2140,1.8670201301574707,0.26839786767959595,0.02083333395421505,16880,744.186095428,38.47004318237305,0.9417778253555298,3288576,0.883024275302887,1747632162.696689
26.58333396911621,1.3264868259429932,0.6256510615348816,2161,1.0,2160,1.8670201301574707,0.29636403918266296,0.02083333395421505,17040,750.688144944,38.47004318237305,0.929297924041748,3319296,0.883024275302887,1747632169.1987648
25.955080032348633,1.335229516029358,0.6464844346046448,2168,1.0,2167,1.8670201301574707,0.25752243399620056,0.0221354179084301,17096,752.950655874,38.47004318237305,0.9625554084777832,3330048,0.883024275302887,1747632171.4612641
25.852214813232422,1.1025522947311401,0.4720052182674408,2183,1.0,2182,1.8670201301574707,0.2409348338842392,0.02083333395421505,17216,757.785727361,38.47004318237305,0.9725254774093628,3353088,0.883024275302887,1747632176.2963166
27.319011688232422,1.242518424987793,0.6048177480697632,2203,1.0,2202,1.8670201301574707,0.3094140291213989,0.0182291679084301,17376,764.231724793,38.47004318237305,0.9463863372802734,3383808,0.883024275302887,1747632182.7423217
26.76302146911621,1.3412690162658691,0.6412760615348816,2218,1.0,2217,1.8670201301574707,0.30179041624069214,0.02148437686264515,17496,769.082427009,38.47004318237305,0.9777454733848572,3406848,0.883024275302887,1747632187.5930216
28.047527313232422,1.1590144634246826,0.5462239980697632,2244,1.0,2243,1.8670201301574707,0.29260534048080444,0.0182291679084301,17704,777.474632418,38.47004318237305,0.9982078075408936,3446784,0.883024275302887,1747632195.9852324
27.287761688232422,1.1994677782058716,0.54296875,2248,1.0,2247,1.8670201301574707,0.27999234199523926,0.017578125,17736,778.770536783,38.47004318237305,1.0081720352172852,3452928,0.883024275302887,1747632197.2811441
27.48177146911621,1.1130166053771973,0.5006510615348816,2307,1.0,2306,1.8346829414367676,0.28268569707870483,0.01888020895421505,18208,797.901856496,40.90971374511719,1.0057992935180664,3543552,0.8558422327041626,1747632216.4124224
29.03645896911621,1.196479082107544,0.5729166865348816,2313,1.0,2312,1.8346829414367676,0.3792257308959961,0.01692708395421505,18256,799.837299076,40.90971374511719,0.9939645528793335,3552768,0.8558422327041626,1747632218.347757
27.254558563232422,1.1805545091629028,0.537109375,2330,1.0,2329,1.8346829414367676,0.49471694231033325,0.017578125,18392,805.322114475,40.90971374511719,0.9984754323959351,3578880,0.8558422327041626,1747632223.8326988
24.50325584411621,1.2100615501403809,0.5592448115348816,2358,1.0,2357,1.8346829414367676,0.288074254989624,0.0201822929084301,18616,814.363962737,40.90971374511719,1.0189584493637085,3621888,0.8558422327041626,1747632232.8745759
27.303386688232422,1.1908745765686035,0.560546875,2359,1.0,2358,1.8346829414367676,0.29344502091407776,0.01888020895421505,18624,814.684576463,40.90971374511719,1.0156686305999756,3623424,0.8558422327041626,1747632233.195168
27.188152313232422,1.2021843194961548,0.5651041865348816,2360,1.0,2359,1.8346829414367676,0.286663293838501,0.01888020895421505,18632,815.00788885,40.90971374511719,1.0123143196105957,3624960,0.8558422327041626,1747632233.5184944
28.36653709411621,1.2739366292953491,0.6210938096046448,2395,1.0,2394,1.8346829414367676,0.2744963765144348,0.0201822929084301,18912,826.313781256,40.90971374511719,0.9931703805923462,3678720,0.8558422327041626,1747632244.8243208
28.70638084411621,1.203432559967041,0.55078125,2414,1.0,2413,1.8346829414367676,0.30948126316070557,0.01888020895421505,19064,832.445949764,40.90971374511719,0.9998837113380432,3707904,0.8558422327041626,1747632250.95654
28.02474021911621,1.2346779108047485,0.5768229365348816,2421,1.0,2420,1.8346829414367676,0.28942328691482544,0.0182291679084301,19120,834.702203671,40.90971374511719,0.9973241686820984,3718656,0.8558422327041626,1747632253.2128026
27.35872459411621,1.237174153327942,0.5722656846046448,2425,1.0,2424,1.8346829414367676,0.5450944304466248,0.01953125186264515,19152,835.993225551,40.90971374511719,0.9697176218032837,3724800,0.8558422327041626,1747632254.5036366
28.334636688232422,1.1976791620254517,0.560546875,2433,1.0,2432,1.8346829414367676,0.33554893732070923,0.0182291679084301,19216,838.569063684,40.90971374511719,0.9824719429016113,3737088,0.8558422327041626,1747632257.0796645
26.992839813232422,1.2940186262130737,0.6093750596046448,2441,1.0,2440,1.8346829414367676,0.26819926500320435,0.0221354179084301,19280,841.154683128,40.90971374511719,0.9795063138008118,3749376,0.8558422327041626,1747632259.6652563
26.302736282348633,1.1644244194030762,0.5247396230697632,2445,1.0,2444,1.8346829414367676,0.3840316832065582,0.0201822929084301,19312,842.449773266,40.90971374511719,0.9917241334915161,3755520,0.8558422327041626,1747632260.9603543
26.00520896911621,1.2327631711959839,0.5761719346046448,2477,1.0,2476,1.8346829414367676,0.2494744062423706,0.0201822929084301,19568,852.787490806,40.90971374511719,0.9760926961898804,3804672,0.8558422327041626,1747632271.298074
28.142580032348633,1.1357756853103638,0.5084635615348816,2490,1.0,2489,1.8346829414367676,0.3071078360080719,0.0182291679084301,19672,856.97935593,40.90971374511719,0.9831765294075012,3824640,0.8558422327041626,1747632275.489953
26.955080032348633,1.268691062927246,0.6015625596046448,2508,1.0,2507,1.8346829414367676,0.2529507875442505,0.02083333395421505,19816,862.799109912,40.90971374511719,0.9860307574272156,3852288,0.8558422327041626,1747632281.3097117
27.18880271911621,1.3108643293380737,0.5989583730697632,2510,1.0,2509,1.8346829414367676,0.28789860010147095,0.02148437686264515,19832,863.446908298,40.90971374511719,0.9749546051025391,3855360,0.8558422327041626,1747632281.9574986
25.563152313232422,1.3237205743789673,0.6393229365348816,2513,1.0,2512,1.8346829414367676,0.2942051887512207,0.02083333395421505,19856,864.413099877,40.90971374511719,1.0105149745941162,3859968,0.8558422327041626,1747632282.9237032
28.30794334411621,1.2998332977294922,0.6243489980697632,2516,1.0,2515,1.8346829414367676,0.2303849458694458,0.0201822929084301,19880,865.381260569,40.90971374511719,1.008314847946167,3864576,0.8558422327041626,1747632283.8918564
28.434246063232422,1.2258120775222778,0.5716146230697632,2520,1.0,2519,1.8346829414367676,0.2821851968765259,0.017578125,19912,866.676101593,40.90971374511719,1.0107570886611938,3870720,0.8558422327041626,1747632285.1866593
25.34700584411621,1.4049309492111206,0.6770833730697632,2526,1.0,2525,1.8346829414367676,0.2629094123840332,0.02278645895421505,19960,868.620183488,40.90971374511719,1.0272676944732666,3879936,0.8558422327041626,1747632287.1308002
26.018230438232422,1.1148508787155151,0.4986979365348816,2529,1.0,2528,1.8346829414367676,0.2555800676345825,0.02083333395421505,19984,869.593310131,40.90971374511719,1.0156031847000122,3884544,0.8558422327041626,1747632288.103814
26.673830032348633,1.3187134265899658,0.6263021230697632,2534,1.0,2533,1.8346829414367676,0.3065602779388428,0.02148437686264515,20024,871.205758847,40.90971374511719,1.0121405124664307,3892224,0.8558422327041626,1747632289.7162979
28.61263084411621,1.1241004467010498,0.4973958730697632,2573,1.0,2572,1.8346829414367676,0.23175153136253357,0.01888020895421505,20336,883.781032167,40.90971374511719,0.9529987573623657,3952128,0.8558422327041626,1747632302.2916234
27.730470657348633,1.2245993614196777,0.5794271230697632,2584,1.0,2583,1.8346829414367676,0.23629817366600037,0.0182291679084301,20424,887.330529529,40.90971374511719,0.9526355862617493,3969024,0.8558422327041626,1747632305.8411145
28.258464813232422,1.1125081777572632,0.4980469048023224,2587,1.0,2586,1.8346829414367676,0.22082513570785522,0.01888020895421505,20448,888.294197967,40.90971374511719,0.9593117237091064,3973632,0.8558422327041626,1747632306.8047798
26.23763084411621,1.2465776205062866,0.5807291865348816,2592,1.0,2591,1.8346829414367676,0.2530650198459625,0.02083333395421505,20488,889.90422994,40.90971374511719,1.0066331624984741,3981312,0.8558422327041626,1747632308.4148324
27.48177146911621,1.329070806503296,0.6451823115348816,2605,1.0,2604,1.8909322023391724,0.2538517713546753,0.01953125186264515,20592,894.212847519,41.31037139892578,0.9717844128608704,4001280,0.905572772026062,1747632312.7234712
29.919923782348633,1.1941990852355957,0.5553385615348816,2614,1.0,2613,1.8909322023391724,0.2638223171234131,0.0182291679084301,20664,897.118126348,41.31037139892578,0.9863643646240234,4015104,0.905572772026062,1747632315.6287055
27.283205032348633,1.3270561695098877,0.6367188096046448,2621,1.0,2620,1.8909322023391724,0.2645450234413147,0.01888020895421505,20720,899.376052778,41.31037139892578,0.9789116978645325,4025856,0.905572772026062,1747632317.8866634
26.869792938232422,1.0419319868087769,0.4648437798023224,2651,1.0,2650,1.8909322023391724,0.2971283793449402,0.01888020895421505,20960,909.080485675,41.31037139892578,1.0300827026367188,4071936,0.905572772026062,1747632327.591085
28.244142532348633,1.3545275926589966,0.6718750596046448,2664,1.0,2663,1.8909322023391724,0.2672695815563202,0.01953125186264515,21064,913.281527547,41.31037139892578,1.0153377056121826,4091904,0.905572772026062,1747632331.7921062
27.717449188232422,1.290339469909668,0.6158854365348816,2678,1.0,2677,1.8909322023391724,0.2881442904472351,0.01888020895421505,21176,917.792341588,41.31037139892578,1.0066922903060913,4113408,0.905572772026062,1747632336.30294
27.252605438232422,1.1756540536880493,0.5553385615348816,2687,1.0,2686,1.8909322023391724,0.2466799020767212,0.01953125186264515,21248,920.699370879,41.31037139892578,1.0448832511901855,4127232,0.905572772026062,1747632339.20995
26.390626907348633,1.2308056354522705,0.5572916865348816,2688,1.0,2687,1.8909322023391724,0.25037452578544617,0.02148437686264515,21256,921.022948814,41.31037139892578,1.059645175933838,4128768,0.905572772026062,1747632339.5334778
29.031902313232422,1.2182538509368896,0.5696614980697632,2702,1.0,2701,1.8909322023391724,0.26736387610435486,0.017578125,21368,925.534001502,41.31037139892578,1.0487017631530762,4150272,0.905572772026062,1747632344.0445924
28.224611282348633,1.3351022005081177,0.6282552480697632,2713,1.0,2712,1.8909322023391724,0.23662561178207397,0.02083333395421505,21456,929.093014778,41.31037139892578,1.041885495185852,4167168,0.905572772026062,1747632347.6036365
27.53255271911621,1.090273141860962,0.4563802182674408,2722,1.0,2721,1.8909322023391724,0.23582646250724792,0.017578125,21528,931.999757461,41.31037139892578,1.028428554534912,4180992,0.905572772026062,1747632350.5103216
25.949220657348633,1.2556205987930298,0.5859375596046448,2735,1.0,2734,1.8909322023391724,0.2960565686225891,0.02148437686264515,21632,936.191233617,41.31037139892578,1.0377249717712402,4200960,0.905572772026062,1747632354.7018301
28.160158157348633,1.2866237163543701,0.6132813096046448,2747,1.0,2746,1.8909322023391724,0.24262337386608124,0.01888020895421505,21728,940.08203372,41.31037139892578,1.0510066747665405,4219392,0.905572772026062,1747632358.5926461
27.738933563232422,1.2047759294509888,0.5481771230697632,2791,1.0,2790,1.8909322023391724,0.24287545680999756,0.01953125186264515,22080,954.285849874,41.31037139892578,1.0332523584365845,4286976,0.905572772026062,1747632372.7964492
25.22786521911621,1.2633461952209473,0.6074219346046448,2797,1.0,2796,1.8909322023391724,0.24549144506454468,0.0221354179084301,22128,956.219646854,41.31037139892578,1.0058945417404175,4296192,0.905572772026062,1747632374.7302482
27.643230438232422,1.2282878160476685,0.556640625,2803,1.0,2802,1.8909322023391724,0.2357485294342041,0.02148437686264515,22176,958.160031456,41.31037139892578,1.0197433233261108,4305408,0.905572772026062,1747632376.670638
28.346355438232422,1.303255319595337,0.6334635615348816,2811,1.0,2810,1.8909322023391724,0.22611266374588013,0.01953125186264515,22240,960.738982723,41.31037139892578,1.019604206085205,4317696,0.905572772026062,1747632379.2495887
27.609376907348633,1.2375568151474,0.5781250596046448,2812,1.0,2811,1.8909322023391724,0.2309352159500122,0.01888020895421505,22248,961.059497976,41.31037139892578,0.9897927045822144,4319232,0.905572772026062,1747632379.5700753
28.799480438232422,1.1633436679840088,0.5462239980697632,2820,1.0,2819,1.8909322023391724,0.2183775007724762,0.01692708395421505,22312,963.632994265,41.31037139892578,1.0198185443878174,4331520,0.905572772026062,1747632382.1436012
28.869792938232422,1.2478548288345337,0.5911458730697632,2827,1.0,2826,1.8909322023391724,0.2276902049779892,0.01888020895421505,22368,965.898319448,41.31037139892578,1.0325946807861328,4342272,0.905572772026062,1747632384.4089117
26.679689407348633,1.3284680843353271,0.6243489980697632,2856,1.0,2855,1.8909322023391724,0.2244713008403778,0.0221354179084301,22600,975.258947301,41.31037139892578,1.042201280593872,4386816,0.905572772026062,1747632393.7695582
28.580080032348633,1.2891227006912231,0.6263021230697632,2861,1.0,2860,1.8909322023391724,0.31157031655311584,0.01692708395421505,22640,976.886417193,41.31037139892578,1.0439677238464355,4394496,0.905572772026062,1747632395.396907
28.15559959411621,1.314195990562439,0.6295573115348816,2881,1.0,2880,1.8909322023391724,0.219951331615448,0.01953125186264515,22800,983.345369134,41.31037139892578,1.0669593811035156,4425216,0.905572772026062,1747632401.8558757
26.447267532348633,1.266974687576294,0.5878906846046448,2929,1.0,2928,1.9166858196258545,0.25793346762657166,0.0221354179084301,23184,998.91489588,38.6778564453125,1.0345330238342285,4498944,0.9257142543792725,1747632417.4254684
25.646486282348633,1.362965703010559,0.6731771230697632,2930,1.0,2929,1.9166858196258545,0.26306813955307007,0.02083333395421505,23192,999.23855075,38.6778564453125,1.0359070301055908,4500480,0.9257142543792725,1747632417.7491245
28.046876907348633,1.26808762550354,0.6171875596046448,2935,1.0,2934,1.9166858196258545,0.2742106318473816,0.0201822929084301,23232,1000.852938662,38.6778564453125,1.021350622177124,4508160,0.9257142543792725,1747632419.3635485
26.06575584411621,1.234452486038208,0.5677083730697632,2980,1.0,2979,1.9166858196258545,0.25678902864456177,0.02148437686264515,23592,1015.388618307,38.6778564453125,1.0235137939453125,4577280,0.9257142543792725,1747632433.899191
26.162111282348633,1.2078055143356323,0.5846354365348816,2981,1.0,2980,1.9166858196258545,0.2839919328689575,0.01953125186264515,23600,1015.709193753,38.6778564453125,1.0184354782104492,4578816,0.9257142543792725,1747632434.2197754
25.58138084411621,1.1373580694198608,0.5130208730697632,2989,1.0,2988,1.9166858196258545,0.2694958746433258,0.01953125186264515,23664,1018.283818918,38.6778564453125,1.0582404136657715,4591104,0.9257142543792725,1747632436.794388
25.529298782348633,1.3414708375930786,0.6503906846046448,2998,1.0,2997,1.9166858196258545,0.21236956119537354,0.02148437686264515,23736,1021.193394594,38.6778564453125,1.0536811351776123,4604928,0.9257142543792725,1747632439.7039738
28.433595657348633,1.235995888710022,0.5833333730697632,3006,1.0,3005,1.9166858196258545,0.23525941371917725,0.01953125186264515,23800,1023.772459274,38.6778564453125,1.0450260639190674,4617216,0.9257142543792725,1747632442.2829099
25.636720657348633,1.3044252395629883,0.6276041865348816,3009,1.0,3008,1.9166858196258545,0.2357962429523468,0.01888020895421505,23824,1024.745260718,38.6778564453125,1.0471771955490112,4621824,0.9257142543792725,1747632443.2558172
26.54427146911621,1.2884418964385986,0.6236979365348816,3041,1.0,3040,1.9166858196258545,0.31473201513290405,0.01888020895421505,24080,1035.113881453,38.6778564453125,1.058549404144287,4670976,0.9257142543792725,1747632453.6242747
25.789064407348633,1.3349488973617554,0.6406250596046448,3053,1.0,3052,1.9166858196258545,0.17683184146881104,0.02343750186264515,24176,1038.986692676,38.6778564453125,1.0467126369476318,4689408,0.9257142543792725,1747632457.4972813
26.658855438232422,1.3293428421020508,0.6354166865348816,3054,1.0,3053,1.9166858196258545,0.1939842700958252,0.0221354179084301,24184,1039.310254741,38.6778564453125,1.0558407306671143,4690944,0.9257142543792725,1747632457.8208542
27.113933563232422,1.2087229490280151,0.5807291865348816,3077,1.0,3076,1.9166858196258545,0.4101996421813965,0.0201822929084301,24368,1046.734594875,38.6778564453125,1.0722211599349976,4726272,0.9257142543792725,1747632465.2451754
26.847658157348633,1.3166248798370361,0.6269531846046448,3095,1.0,3094,1.9166858196258545,0.2572019696235657,0.0201822929084301,24512,1052.543659022,38.6778564453125,1.0620737075805664,4753920,0.9257142543792725,1747632471.054259
27.437501907348633,1.1797058582305908,0.5481771230697632,3100,1.0,3099,1.9166858196258545,0.20307208597660065,0.01953125186264515,24552,1054.160867572,38.6778564453125,1.0614041090011597,4761600,0.9257142543792725,1747632472.6714687
25.13606834411621,1.3582630157470703,0.6562500596046448,3141,1.0,3140,1.9166858196258545,0.1501825451850891,0.0221354179084301,24880,1067.389055913,38.6778564453125,1.1085493564605713,4824576,0.9257142543792725,1747632485.8996615
27.19270896911621,1.3720958232879639,0.6549479365348816,3160,1.0,3159,1.9166858196258545,0.17057597637176514,0.0201822929084301,25032,1073.525000358,38.6778564453125,1.1149256229400635,4853760,0.9257142543792725,1747632492.0356088
25.63216209411621,1.2309244871139526,0.5768229365348816,3171,1.0,3170,1.9166858196258545,0.15096837282180786,0.02083333395421505,25120,1077.066374438,38.6778564453125,1.1142545938491821,4870656,0.9257142543792725,1747632495.576965
26.137371063232422,1.3790580034255981,0.6582031846046448,3186,1.0,3185,1.9166858196258545,0.20497840642929077,0.02343750186264515,25240,1081.907063031,38.6778564453125,1.0943045616149902,4893696,0.9257142543792725,1747632500.4176648
26.37630271911621,1.4181251525878906,0.6953125596046448,3191,1.0,3190,1.9166858196258545,0.18873047828674316,0.0221354179084301,25280,1083.514601709,38.6778564453125,1.0802210569381714,4901376,0.9257142543792725,1747632502.025152
26.11067771911621,1.4178169965744019,0.6829427480697632,3209,1.0,3208,1.9166858196258545,0.179322749376297,0.0221354179084301,25424,1089.323852175,38.6778564453125,1.129934549331665,4929024,0.9257142543792725,1747632507.834448
27.408855438232422,1.31198251247406,0.6347656846046448,3224,1.0,3223,1.9166858196258545,0.23155926167964935,0.0201822929084301,25544,1094.172504711,38.6778564453125,1.1219313144683838,4952064,0.9257142543792725,1747632512.6831033
24.699871063232422,1.3636068105697632,0.6588541865348816,3243,1.0,3242,1.9166858196258545,0.15449340641498566,0.02278645895421505,25696,1100.31414148,38.6778564453125,1.1053968667984009,4981248,0.9257142543792725,1747632518.8246334
26.18880271911621,1.3506250381469727,0.6660156846046448,3251,1.0,3250,1.9195104837417603,0.17420276999473572,0.02083333395421505,25760,1102.962165106,35.8627815246582,1.1071175336837769,4993536,0.9281553030014038,1747632521.472737
25.11458396911621,1.3192317485809326,0.6373698115348816,3259,1.0,3258,1.9195104837417603,0.18600237369537354,0.02278645895421505,25824,1105.549650406,35.8627815246582,1.1053593158721924,5005824,0.9281553030014038,1747632524.0602424
26.54817771911621,1.3765977621078491,0.6536458730697632,3280,1.0,3279,1.9195104837417603,0.2263653427362442,0.02343750186264515,25992,1112.321524542,35.8627815246582,1.1065863370895386,5038080,0.9281553030014038,1747632530.832127
25.828126907348633,1.4182575941085815,0.6777344346046448,3302,1.0,3301,1.9195104837417603,0.18704667687416077,0.0221354179084301,26168,1119.42316138,35.8627815246582,1.1157296895980835,5071872,0.9281553030014038,1747632537.9337626
25.61067771911621,1.1068938970565796,0.4921875298023224,3308,1.0,3307,1.9195104837417603,0.1749015599489212,0.02083333395421505,26216,1121.354277292,35.8627815246582,1.123435378074646,5081088,0.9281553030014038,1747632539.8648288
26.761720657348633,1.3376432657241821,0.6419271230697632,3333,1.0,3332,1.9195104837417603,0.1961086094379425,0.02278645895421505,26416,1129.420756335,35.8627815246582,1.1350288391113281,5119488,0.9281553030014038,1747632547.9313467
26.180339813232422,1.1077855825424194,0.5045573115348816,3337,1.0,3336,1.9195104837417603,0.19709676504135132,0.02148437686264515,26448,1130.713974779,35.8627815246582,1.126774787902832,5125632,0.9281553030014038,1747632549.2245588
28.011720657348633,1.2513853311538696,0.5859375596046448,3350,1.0,3349,1.9195104837417603,0.17972123622894287,0.02148437686264515,26552,1134.911674465,35.8627815246582,1.1189385652542114,5145600,0.9281553030014038,1747632553.4222436
26.810548782348633,1.3450264930725098,0.6210938096046448,3353,1.0,3352,1.9195104837417603,0.19881272315979004,0.02278645895421505,26576,1135.881235038,35.8627815246582,1.0862644910812378,5150208,0.9281553030014038,1747632554.391839
27.603517532348633,1.191611647605896,0.5761719346046448,3375,1.0,3374,1.9195104837417603,0.18372294306755066,0.01953125186264515,26752,1142.999274407,35.8627815246582,1.0747730731964111,5184000,0.9281553030014038,1747632561.5098531
25.633464813232422,1.2678455114364624,0.548828125,3397,1.0,3396,1.9195104837417603,0.19244030117988586,0.02539062686264515,26928,1150.093387834,35.8627815246582,1.107053518295288,5217792,0.9281553030014038,1747632568.6038213
26.506511688232422,1.3045167922973633,0.6210938096046448,3411,1.0,3410,1.9195104837417603,0.2453148066997528,0.02148437686264515,27040,1154.622846053,35.8627815246582,1.120010495185852,5239296,0.9281553030014038,1747632573.133436
27.334636688232422,1.3008475303649902,0.6256510615348816,3430,1.0,3429,1.9195104837417603,0.21692895889282227,0.0201822929084301,27192,1160.749135584,35.8627815246582,1.1143062114715576,5268480,0.9281553030014038,1747632579.259743
27.130861282348633,1.2797170877456665,0.6223958730697632,3443,1.0,3442,1.9195104837417603,0.2807125449180603,0.01888020895421505,27296,1164.938831128,35.8627815246582,1.0933451652526855,5288448,0.9281553030014038,1747632583.4494298
24.962892532348633,1.0942047834396362,0.505859375,3444,1.0,3443,1.9195104837417603,0.2654796242713928,0.0201822929084301,27304,1165.262055236,35.8627815246582,1.101845622062683,5289984,0.9281553030014038,1747632583.7726653
27.25911521911621,1.19586980342865,0.5520833730697632,3502,1.0,3501,1.9195104837417603,0.1858728677034378,0.02148437686264515,27768,1184.021312946,35.8627815246582,1.1363608837127686,5379072,0.9281553030014038,1747632602.531903
26.29231834411621,1.1711277961730957,0.5397135615348816,3519,1.0,3518,1.9195104837417603,0.19269782304763794,0.0201822929084301,27904,1189.510250361,35.8627815246582,1.1447824239730835,5405184,0.9281553030014038,1747632608.0208306
28.815105438232422,1.124498724937439,0.5377604365348816,3535,1.0,3534,1.9195104837417603,0.17861521244049072,0.0162760429084301,28032,1194.676069046,35.8627815246582,1.1469165086746216,5429760,0.9281553030014038,1747632613.1866686
27.867189407348633,1.2692197561264038,0.6126302480697632,3536,1.0,3535,1.9195104837417603,0.20216438174247742,0.02148437686264515,28040,1194.996184984,35.8627815246582,1.1458210945129395,5431296,0.9281553030014038,1747632613.506788
27.162111282348633,1.2365268468856812,0.56640625,3538,1.0,3537,1.9195104837417603,0.20042580366134644,0.0201822929084301,28056,1195.643213668,35.8627815246582,1.167978048324585,5434368,0.9281553030014038,1747632614.1538022
27.877605438232422,1.4233266115188599,0.6881510615348816,3554,1.0,3553,1.9195104837417603,0.20841731131076813,0.02083333395421505,28184,1200.806974454,35.8627815246582,1.17607581615448,5458944,0.9281553030014038,1747632619.3175948
27.38802146911621,1.2673985958099365,0.6145833730697632,3559,1.0,3558,1.9195104837417603,0.1794440895318985,0.02083333395421505,28224,1202.425638863,35.8627815246582,1.1664776802062988,5466624,0.9281553030014038,1747632620.9360337
27.76302146911621,1.407851219177246,0.6712239980697632,3568,1.0,3567,1.9195104837417603,0.24079233407974243,0.02148437686264515,28296,1205.328461013,35.8627815246582,1.15266752243042,5480448,0.9281553030014038,1747632623.8390434
28.172527313232422,1.2143924236297607,0.5709635615348816,3613,1.0,3612,1.9368857145309448,0.210765078663826,0.01888020895421505,28656,1219.926055583,37.80929183959961,1.1522624492645264,5549568,0.9445214867591858,1747632638.4366505
26.016277313232422,1.28376042842865,0.6009114980697632,3626,1.0,3625,1.9368857145309448,0.1993473321199417,0.0221354179084301,28760,1224.117838896,37.80929183959961,1.1358096599578857,5569536,0.9445214867591858,1747632642.628428
27.107423782348633,1.244889497756958,0.5781250596046448,3632,1.0,3631,1.9368857145309448,0.18734769523143768,0.0221354179084301,28808,1226.050556698,37.80929183959961,1.1247669458389282,5578752,0.9445214867591858,1747632644.5611331
22.404298782348633,1.174024224281311,0.556640625,3658,1.0,3657,1.9368857145309448,0.2334160953760147,0.02278645895421505,29016,1234.43455945,37.80929183959961,1.1457431316375732,5618688,0.9445214867591858,1747632652.9451375
26.395183563232422,1.2640637159347534,0.5924479365348816,3661,1.0,3660,1.9368857145309448,0.19155719876289368,0.0221354179084301,29040,1235.401571125,37.80929183959961,1.1432209014892578,5623296,0.9445214867591858,1747632653.9121618
25.22591209411621,1.3407559394836426,0.6484375596046448,3676,1.0,3675,1.9368857145309448,0.2327306866645813,0.0221354179084301,29160,1240.246311565,37.80929183959961,1.1744003295898438,5646336,0.9445214867591858,1747632658.7569005
27.638673782348633,1.4179589748382568,0.6998698115348816,3707,1.0,3706,1.9368857145309448,0.20033231377601624,0.0201822929084301,29408,1250.2609277,37.80929183959961,1.1698877811431885,5693952,0.9445214867591858,1747632668.7715209
27.240236282348633,1.428886890411377,0.7109375596046448,3710,1.0,3709,1.9368857145309448,0.21888011693954468,0.02083333395421505,29432,1251.234791604,37.80929183959961,1.1611661911010742,5698560,0.9445214867591858,1747632669.7453804
26.608074188232422,1.3650118112564087,0.6595052480697632,3712,1.0,3711,1.9368857145309448,0.18403607606887817,0.02148437686264515,29448,1251.883109302,37.80929183959961,1.1586145162582397,5701632,0.9445214867591858,1747632670.393591
25.25325584411621,1.2685641050338745,0.6061198115348816,3733,1.0,3732,1.9368857145309448,0.1807561218738556,0.02148437686264515,29616,1258.655950757,37.80929183959961,1.1524035930633545,5733888,0.9445214867591858,1747632677.1665392
27.492189407348633,1.452522873878479,0.7174479365348816,3760,1.0,3759,1.9368857145309448,0.1532980054616928,0.0221354179084301,29832,1267.364141569,37.80929183959961,1.1484308242797852,5775360,0.9445214867591858,1747632685.8747525
26.951824188232422,1.2867910861968994,0.6145833730697632,3791,1.0,3790,1.9368857145309448,0.24459663033485413,0.0221354179084301,30080,1277.369301332,37.80929183959961,1.153527855873108,5822976,0.9445214867591858,1747632695.879903
26.66536521911621,1.2498277425765991,0.5820313096046448,3793,1.0,3792,1.9368857145309448,0.16043931245803833,0.02083333395421505,30096,1278.016465127,37.80929183959961,1.1299681663513184,5826048,0.9445214867591858,1747632696.5270476
25.740886688232422,1.2219973802566528,0.5794271230697632,3796,1.0,3795,1.9368857145309448,0.2538216710090637,0.02083333395421505,30120,1278.987135011,37.80929183959961,1.1193543672561646,5830656,0.9445214867591858,1747632697.497743
26.14192771911621,1.4025715589523315,0.6712239980697632,3868,1.0,3867,1.9368857145309448,0.23308390378952026,0.02343750186264515,30696,1302.236795614,37.80929183959961,1.152935266494751,5941248,0.9445214867591858,1747632720.7473943
27.52278709411621,1.20329749584198,0.5481771230697632,3872,1.0,3871,1.9368857145309448,0.13379307091236115,0.02083333395421505,30728,1303.522330005,37.80929183959961,1.179508090019226,5947392,0.9445214867591858,1747632722.0329142
25.36653709411621,1.331347942352295,0.6328125596046448,3908,1.0,3907,1.8903954029083252,0.19269107282161713,0.0240885429084301,31016,1315.216892327,37.856143951416016,1.1561634540557861,6002688,0.9029329419136047,1747632733.7274747
24.360027313232422,1.2319170236587524,0.5963541865348816,3912,1.0,3911,1.8903954029083252,0.14104381203651428,0.02148437686264515,31048,1316.549199863,37.856143951416016,1.1857209205627441,6008832,0.9029329419136047,1747632735.0598218
25.820964813232422,1.1989632844924927,0.5533854365348816,3915,1.0,3914,1.8903954029083252,0.1668526530265808,0.0201822929084301,31072,1317.531471352,37.856143951416016,1.1939258575439453,6013440,0.9029329419136047,1747632736.041919
25.730470657348633,1.334969162940979,0.6276041865348816,3933,1.0,3932,1.8903954029083252,0.1468731015920639,0.02278645895421505,31216,1323.334781417,37.856143951416016,1.195082426071167,6041088,0.9029329419136047,1747632741.8453736
27.510417938232422,1.1825987100601196,0.5501302480697632,3960,1.0,3959,1.8903954029083252,0.19947904348373413,0.017578125,31432,1332.066770953,37.856143951416016,1.1865134239196777,6082560,0.9029329419136047,1747632750.5773392
25.28450584411621,1.2951315641403198,0.6139323115348816,3962,1.0,3961,1.8903954029083252,0.15744668245315552,0.02343750186264515,31448,1332.70753084,37.856143951416016,1.1802817583084106,6085632,0.9029329419136047,1747632751.218103
25.677736282348633,1.247380018234253,0.5625,3998,1.0,3997,1.8903954029083252,0.1639065146446228,0.0201822929084301,31736,1344.325235085,37.856143951416016,1.1483373641967773,6140928,0.9029329419136047,1747632762.8358197
27.42513084411621,1.3346062898635864,0.6223958730697632,4003,1.0,4002,1.8903954029083252,0.16739141941070557,0.0221354179084301,31776,1345.9368698,37.856143951416016,1.1472361087799072,6148608,0.9029329419136047,1747632764.447444
23.849611282348633,1.4303715229034424,0.7102864980697632,4014,1.0,4013,1.8903954029083252,0.15543821454048157,0.02473958395421505,31864,1349.481556193,37.856143951416016,1.1824308633804321,6165504,0.9029329419136047,1747632767.9921615
26.691408157348633,1.2865124940872192,0.5904948115348816,4015,1.0,4014,1.8903954029083252,0.21963554620742798,0.02278645895421505,31872,1349.80523118,37.856143951416016,1.1288769245147705,6167040,0.9029329419136047,1747632768.3158414
27.31966209411621,1.3949295282363892,0.6927083730697632,4018,1.0,4017,1.8903954029083252,0.1716185063123703,0.02278645895421505,31896,1350.775686202,37.856143951416016,1.1439616680145264,6171648,0.9029329419136047,1747632769.2862685
27.95442771911621,1.3898289203643799,0.6549479365348816,4020,1.0,4019,1.8903954029083252,0.19773903489112854,0.02278645895421505,31912,1351.419994041,37.856143951416016,1.1620409488677979,6174720,0.9029329419136047,1747632769.9305992
28.133464813232422,1.3643910884857178,0.6373698115348816,4024,1.0,4023,1.8903954029083252,0.2824583053588867,0.02148437686264515,31944,1352.70788994,37.856143951416016,1.1124022006988525,6180864,0.9029329419136047,1747632771.2184944
27.591798782348633,1.4520000219345093,0.7167969346046448,4063,1.0,4062,1.8903954029083252,0.1797785460948944,0.0221354179084301,32256,1365.298374065,37.856143951416016,1.1799864768981934,6240768,0.9029329419136047,1747632783.808959
24.462892532348633,1.3432127237319946,0.6490885615348816,4074,1.0,4073,1.8903954029083252,0.25004225969314575,0.02278645895421505,32344,1368.858096132,37.856143951416016,1.1665581464767456,6257664,0.9029329419136047,1747632787.3686905
28.083986282348633,1.3811784982681274,0.6523438096046448,4079,1.0,4078,1.8903954029083252,0.2057027965784073,0.02148437686264515,32384,1370.474275339,37.856143951416016,1.1774072647094727,6265344,0.9029329419136047,1747632788.9848583
28.135417938232422,1.3607560396194458,0.6549479365348816,4080,1.0,4079,1.8903954029083252,0.22227349877357483,0.0201822929084301,32392,1370.797703062,37.856143951416016,1.1843326091766357,6266880,0.9029329419136047,1747632789.3082395
27.740236282348633,1.2752089500427246,0.5970052480697632,4086,1.0,4085,1.8903954029083252,0.17863920331001282,0.02083333395421505,32440,1372.728434329,37.856143951416016,1.180497169494629,6276096,0.9029329419136047,1747632791.2388496
26.421876907348633,1.3878861665725708,0.6718750596046448,4091,1.0,4090,1.8903954029083252,0.1688535362482071,0.02278645895421505,32480,1374.344976276,37.856143951416016,1.2026920318603516,6283776,0.9029329419136047,1747632792.8555648
28.289064407348633,1.322342038154602,0.6263021230697632,4114,1.0,4113,1.8903954029083252,0.22305189073085785,0.02083333395421505,32664,1381.767377157,37.856143951416016,1.1580710411071777,6319104,0.9029329419136047,1747632800.2779663
26.47786521911621,1.251153588294983,0.5878906846046448,4129,1.0,4128,1.8903954029083252,0.22555328905582428,0.0201822929084301,32784,1386.606092617,37.856143951416016,1.16349458694458,6342144,0.9029329419136047,1747632805.116667
26.375001907348633,1.3273344039916992,0.6217448115348816,4141,1.0,4140,1.8903954029083252,0.20031538605690002,0.01953125186264515,32880,1390.48171053,37.856143951416016,1.1773546934127808,6360576,0.9029329419136047,1747632808.9923108
26.983074188232422,1.384390115737915,0.6751302480697632,4146,1.0,4145,1.8903954029083252,0.21277731657028198,0.0221354179084301,32920,1392.090717433,37.856143951416016,1.1605911254882812,6368256,0.9029329419136047,1747632810.6013098
29.01497459411621,1.3152649402618408,0.6276041865348816,4160,1.0,4159,1.8903954029083252,0.24828562140464783,0.01953125186264515,33032,1396.601887915,37.856143951416016,1.1475614309310913,6389760,0.9029329419136047,1747632815.1124723
25.91536521911621,1.2232632637023926,0.5677083730697632,4164,1.0,4163,1.8903954029083252,0.18748754262924194,0.02278645895421505,33064,1397.886481688,37.856143951416016,1.1461894512176514,6395904,0.9029329419136047,1747632816.3970916
26.40559959411621,1.2555080652236938,0.5944010615348816,4182,1.0,4181,1.8903954029083252,0.18721053004264832,0.02083333395421505,33208,1403.690345831,37.856143951416016,1.1313773393630981,6423552,0.9029329419136047,1747632822.200913
26.143230438232422,1.1979098320007324,0.548828125,4209,1.0,4208,1.8903954029083252,0.1973775029182434,0.02148437686264515,33424,1412.40211956,37.856143951416016,1.098832368850708,6465024,0.9029329419136047,1747632830.912372
26.002605438232422,1.271033763885498,0.6067708730697632,4221,1.0,4220,1.8903954029083252,0.21336282789707184,0.02148437686264515,33520,1416.267674865,37.856143951416016,1.1280760765075684,6483456,0.9029329419136047,1747632834.7782788
28.55794334411621,1.2048934698104858,0.5514323115348816,4223,1.0,4222,1.8903954029083252,0.18968254327774048,0.01888020895421505,33536,1416.915273833,37.856143951416016,1.1128301620483398,6486528,0.9029329419136047,1747632835.4258642
25.136720657348633,1.250808835029602,0.5722656846046448,4234,1.0,4233,1.9273462295532227,0.193983256816864,0.0221354179084301,33624,1420.541406336,37.64669418334961,1.1112215518951416,6503424,0.9345730543136597,1747632839.0520194
27.13802146911621,1.398097038269043,0.6627604365348816,4244,1.0,4243,1.9273462295532227,0.1975693255662918,0.02148437686264515,33704,1423.764516136,37.64669418334961,1.1318879127502441,6518784,0.9345730543136597,1747632842.2751322
26.69270896911621,1.2209455966949463,0.5364583730697632,4260,1.0,4259,1.9273462295532227,0.20434191823005676,0.02148437686264515,33832,1428.920382073,37.64669418334961,1.109254240989685,6543360,0.9345730543136597,1747632847.4309587
26.066408157348633,1.1870163679122925,0.537109375,4266,1.0,4265,1.9273462295532227,0.18302063643932343,0.02278645895421505,33880,1430.85738358,37.64669418334961,1.1266340017318726,6552576,0.9345730543136597,1747632849.3679912
27.143230438232422,1.2640691995620728,0.5761719346046448,4315,1.0,4314,1.9273462295532227,0.17731410264968872,0.02148437686264515,34272,1446.6753661,37.64669418334961,1.1720850467681885,6627840,0.9345730543136597,1747632865.1859512
26.042970657348633,1.2619376182556152,0.6054688096046448,4325,1.0,4324,1.9273462295532227,0.1610538214445114,0.02148437686264515,34352,1449.902033741,37.64669418334961,1.1637802124023438,6643200,0.9345730543136597,1747632868.4126315
27.471355438232422,1.3865723609924316,0.6601563096046448,4335,1.0,4334,1.9273462295532227,0.17650413513183594,0.01888020895421505,34432,1453.129232669,37.64669418334961,1.1522562503814697,6658560,0.9345730543136597,1747632871.6398232
26.861980438232422,1.3812793493270874,0.6471354365348816,4374,1.0,4373,1.9273462295532227,0.18805170059204102,0.02343750186264515,34744,1465.740342877,37.64669418334961,1.1863654851913452,6718464,0.9345730543136597,1747632884.2509253
24.951824188232422,1.247466802597046,0.568359375,4379,1.0,4378,1.9273462295532227,0.14339673519134521,0.0221354179084301,34784,1467.360824846,37.64669418334961,1.1849942207336426,6726144,0.9345730543136597,1747632885.8712733
26.738283157348633,1.1968117952346802,0.5533854365348816,4382,1.0,4381,1.9273462295532227,0.15582473576068878,0.02083333395421505,34808,1468.328338349,37.64669418334961,1.1857945919036865,6730752,0.9345730543136597,1747632886.838926
25.513673782348633,1.2381503582000732,0.5748698115348816,4386,1.0,4385,1.9273462295532227,0.18004515767097473,0.02278645895421505,34840,1469.619531285,37.64669418334961,1.1791807413101196,6736896,0.9345730543136597,1747632888.130136
27.392580032348633,1.3668537139892578,0.6822916865348816,4424,1.0,4423,1.9273462295532227,0.16117224097251892,0.02083333395421505,35144,1481.883471801,37.64669418334961,1.1933836936950684,6795264,0.9345730543136597,1747632900.3940191
26.109376907348633,1.2838735580444336,0.6276041865348816,4453,1.0,4452,1.9273462295532227,0.19125685095787048,0.0201822929084301,35376,1491.242269029,37.64669418334961,1.1965529918670654,6839808,0.9345730543136597,1747632909.7528389
26.089845657348633,1.2620928287506104,0.6204427480697632,4459,1.0,4458,1.9273462295532227,0.15196970105171204,0.02083333395421505,35424,1493.184298305,37.64669418334961,1.1969701051712036,6849024,0.9345730543136597,1747632911.694891
25.683595657348633,1.3116374015808105,0.6217448115348816,4480,1.0,4479,1.9273462295532227,0.17552649974822998,0.02343750186264515,35592,1499.955460878,37.64669418334961,1.1850224733352661,6881280,0.9345730543136597,1747632918.466053
25.132814407348633,1.3788477182388306,0.6653646230697632,4490,1.0,4489,1.9273462295532227,0.19692769646644592,0.02343750186264515,35672,1503.178845042,37.64669418334961,1.161263346672058,6896640,0.9345730543136597,1747632921.6894424
27.265626907348633,1.2134768962860107,0.5638021230697632,4509,1.0,4508,1.9273462295532227,0.19365912675857544,0.0201822929084301,35824,1509.313410777,37.64669418334961,1.1581315994262695,6925824,0.9345730543136597,1747632927.824005
25.457683563232422,1.3556854724884033,0.6595052480697632,4511,1.0,4510,1.9273462295532227,0.18788301944732666,0.0221354179084301,35840,1509.95923637,37.64669418334961,1.149909257888794,6928896,0.9345730543136597,1747632928.4698336
27.50130271911621,1.3268654346466064,0.6347656846046448,4516,1.0,4515,1.9273462295532227,0.19322127103805542,0.01953125186264515,35880,1511.579363474,37.64669418334961,1.1449297666549683,6936576,0.9345730543136597,1747632930.0899417
26.44856834411621,1.4324235916137695,0.7024739980697632,4525,1.0,4524,1.9273462295532227,0.17101597785949707,0.02148437686264515,35952,1514.472280256,37.64669418334961,1.1687040328979492,6950400,0.9345730543136597,1747632932.9828448
26.37434959411621,1.264515995979309,0.5787760615348816,4539,1.0,4538,1.9273462295532227,0.1831107884645462,0.02148437686264515,36064,1518.997300028,37.64669418334961,1.1573084592819214,6971904,0.9345730543136597,1747632937.5078032
26.887371063232422,1.2605340480804443,0.5878906846046448,4552,0.9999999403953552,4551,1.928597092628479,0.18020659685134888,0.02083333395421505,36168,1523.267652032,38.03200912475586,1.1667590141296387,6991872,0.9366735816001892,1747632941.7782395
26.10091209411621,1.3191372156143188,0.6477864980697632,4574,0.9999999403953552,4573,1.928597092628479,0.19638191163539886,0.01953125186264515,36344,1530.355441625,38.03200912475586,1.1500686407089233,7025664,0.9366735816001892,1747632948.866031
26.559246063232422,1.3369992971420288,0.6549479365348816,4581,0.9999999403953552,4580,1.928597092628479,0.20788851380348206,0.02148437686264515,36400,1532.614013572,38.03200912475586,1.1330013275146484,7036416,0.9366735816001892,1747632951.1246247
26.428386688232422,1.3472715616226196,0.6432291865348816,4591,0.9999999403953552,4590,1.928597092628479,0.24861234426498413,0.02148437686264515,36480,1535.837160131,38.03200912475586,1.146633505821228,7051776,0.9366735816001892,1747632954.3477588
26.246095657348633,1.1773980855941772,0.564453125,4612,0.9999999403953552,4611,1.928597092628479,0.16478082537651062,0.01888020895421505,36648,1542.60880625,38.03200912475586,1.1413825750350952,7084032,0.9366735816001892,1747632961.1193974
25.680339813232422,1.292476773262024,0.6230469346046448,4620,0.9999999403953552,4619,1.928597092628479,0.1820617914199829,0.0221354179084301,36712,1545.203635166,38.03200912475586,1.1331279277801514,7096320,0.9366735816001892,1747632963.714075
25.820314407348633,1.2783968448638916,0.6178385615348816,4630,0.9999999403953552,4629,1.928597092628479,0.17245301604270935,0.02083333395421505,36792,1548.435183318,38.03200912475586,1.1246458292007446,7111680,0.9366735816001892,1747632966.945789
26.56770896911621,1.212443470954895,0.556640625,4640,0.9999999403953552,4639,1.928597092628479,0.17762285470962524,0.01953125186264515,36872,1551.664148157,38.03200912475586,1.1482813358306885,7127040,0.9366735816001892,1747632970.1747484
25.854167938232422,1.343252182006836,0.6490885615348816,4653,0.9999999403953552,4652,1.928597092628479,0.19107520580291748,0.02278645895421505,36976,1555.861710251,38.03200912475586,1.1314921379089355,7147008,0.9366735816001892,1747632974.372308
23.921876907348633,1.2749909162521362,0.5976563096046448,4664,0.9999999403953552,4663,1.928597092628479,0.18899619579315186,0.02278645895421505,37064,1559.413188918,38.03200912475586,1.1164369583129883,7163904,0.9366735816001892,1747632977.9237537
26.668621063232422,1.4218751192092896,0.7109375596046448,4715,0.9999999403953552,4714,1.928597092628479,0.19162635505199432,0.02148437686264515,37472,1575.890260201,38.03200912475586,1.140244722366333,7242240,0.9366735816001892,1747632994.4008327
27.486980438232422,1.3528653383255005,0.6471354365348816,4754,0.9999999403953552,4753,1.928597092628479,0.1556510031223297,0.0201822929084301,37784,1588.485507924,38.03200912475586,1.1038236618041992,7302144,0.9366735816001892,1747633006.9960687
25.156902313232422,1.2724027633666992,0.6119791865348816,4761,0.9999999403953552,4760,1.928597092628479,0.16187521815299988,0.02278645895421505,37840,1590.745247962,38.03200912475586,1.106533169746399,7312896,0.9366735816001892,1747633009.255832
27.765626907348633,1.2497327327728271,0.5930989980697632,4770,0.9999999403953552,4769,1.928597092628479,0.1862536072731018,0.017578125,37912,1593.649382038,38.03200912475586,1.1203808784484863,7326720,0.9366735816001892,1747633012.159967
27.078126907348633,1.270869255065918,0.6191406846046448,4772,0.9999999403953552,4771,1.928597092628479,0.1953851282596588,0.01953125186264515,37928,1594.296515583,38.03200912475586,1.0787798166275024,7329792,0.9366735816001892,1747633012.8070986
26.236330032348633,1.3512728214263916,0.6432291865348816,4776,0.9999999403953552,4775,1.928597092628479,0.1663561761379242,0.02473958395421505,37960,1595.584496086,38.03200912475586,1.1048040390014648,7335936,0.9366735816001892,1747633014.095062
26.056642532348633,1.3562326431274414,0.6549479365348816,4782,0.9999999403953552,4781,1.928597092628479,0.17806009948253632,0.02278645895421505,38008,1597.554466926,38.03200912475586,1.1000189781188965,7345152,0.9366735816001892,1747633016.0650501
26.80208396911621,1.4156495332717896,0.7005208730697632,4795,0.9999999403953552,4794,1.928597092628479,0.17935529351234436,0.0201822929084301,38112,1601.743023362,38.03200912475586,1.0965402126312256,7365120,0.9366735816001892,1747633020.2536037
25.79427146911621,1.3571125268936157,0.6588541865348816,4813,0.9999999403953552,4812,1.928597092628479,0.16456015408039093,0.02278645895421505,38256,1607.54974281,38.03200912475586,1.1193554401397705,7392768,0.9366735816001892,1747633026.0603192
26.88020896911621,1.3368393182754517,0.6569010615348816,4829,0.9999999403953552,4828,1.928597092628479,0.23371338844299316,0.02148437686264515,38384,1612.70777599,38.03200912475586,1.105360507965088,7417344,0.9366735816001892,1747633031.2180433
27.183595657348633,1.3395121097564697,0.6269531846046448,4861,0.9999999403953552,4860,1.928597092628479,0.18464085459709167,0.02083333395421505,38640,1623.030630169,38.03200912475586,1.1152206659317017,7466496,0.9366735816001892,1747633041.5412273
27.102214813232422,1.2813599109649658,0.6139323115348816,4863,0.9999999403953552,4862,1.928597092628479,0.17786476016044617,0.02148437686264515,38656,1623.680223628,38.03200912475586,1.1091899871826172,7469568,0.9366735816001892,1747633042.190819
26.748048782348633,1.2765690088272095,0.6276041865348816,4900,1.0,4899,1.9312834739685059,0.17359718680381775,0.02083333395421505,38952,1635.725094317,37.902931213378906,1.117208480834961,7526400,0.9378491640090942,1747633054.2356644
27.960939407348633,1.1894900798797607,0.5384114980697632,4907,1.0,4906,1.9312834739685059,0.17574039101600647,0.01953125186264515,39008,1637.98891125,37.902931213378906,1.121190071105957,7537152,0.9378491640090942,1747633056.499478
26.63411521911621,1.1593796014785767,0.546875,4909,1.0,4908,1.9312834739685059,0.1799856424331665,0.01953125186264515,39024,1638.636274844,37.902931213378906,1.1157877445220947,7540224,0.9378491640090942,1747633057.1468725
29.404949188232422,1.2861720323562622,0.6165364980697632,4961,1.0,4960,1.9312834739685059,0.19804590940475464,0.01953125186264515,39440,1655.406139602,37.902931213378906,1.1051561832427979,7620096,0.9378491640090942,1747633073.9167345
26.81184959411621,1.3555883169174194,0.6582031846046448,4999,1.0,4998,1.9312834739685059,0.1732209175825119,0.02148437686264515,39744,1667.69172823,37.902931213378906,1.126525640487671,7678464,0.9378491640090942,1747633086.2022824
28.60677146911621,1.3196789026260376,0.6302083730697632,5000,1.0,4999,1.9312834739685059,0.19519948959350586,0.01953125186264515,39752,1668.016654672,37.902931213378906,1.1058495044708252,7680000,0.9378491640090942,1747633086.5272331
26.668621063232422,1.3305315971374512,0.6126302480697632,5037,1.0,5036,1.9312834739685059,0.19933822751045227,0.02148437686264515,40048,1679.979630737,37.902931213378906,1.1498957872390747,7736832,0.9378491640090942,1747633098.4902124
28.09114646911621,1.391731858253479,0.6744791865348816,5057,1.0,5056,1.9312834739685059,0.18788719177246094,0.01888020895421505,40208,1686.458893307,37.902931213378906,1.1246594190597534,7767552,0.9378491640090942,1747633104.9694989
27.567058563232422,1.300911545753479,0.6399739980697632,5060,1.0,5059,1.9312834739685059,0.18847833573818207,0.02083333395421505,40232,1687.432451603,37.902931213378906,1.1343657970428467,7772160,0.9378491640090942,1747633105.9430182
28.02864646911621,1.2342818975448608,0.5696614980697632,5072,1.0,5071,1.9312834739685059,0.16048744320869446,0.02148437686264515,40328,1691.323446445,37.902931213378906,1.1438833475112915,7790592,0.9378491640090942,1747633109.834029
26.408205032348633,1.1851974725723267,0.5579427480697632,5075,1.0,5074,1.9312834739685059,0.18773338198661804,0.02148437686264515,40352,1692.296821888,37.902931213378906,1.1138010025024414,7795200,0.9378491640090942,1747633110.8073685
27.115236282348633,1.280085802078247,0.6328125596046448,5077,1.0,5076,1.9312834739685059,0.17983973026275635,0.01888020895421505,40368,1692.940370851,37.902931213378906,1.1482315063476562,7798272,0.9378491640090942,1747633111.4509125
24.77278709411621,1.4155833721160889,0.6979166865348816,5097,1.0,5096,1.9312834739685059,0.14659292995929718,0.02343750186264515,40528,1699.408137974,37.902931213378906,1.161837100982666,7828992,0.9378491640090942,1747633117.9185665
26.32356834411621,1.2641019821166992,0.5976563096046448,5103,1.0,5102,1.9312834739685059,0.18060719966888428,0.02083333395421505,40576,1701.353365203,37.902931213378906,1.1481225490570068,7838208,0.9378491640090942,1747633119.8638692
27.113283157348633,1.3549960851669312,0.6425781846046448,5110,1.0,5109,1.9312834739685059,0.1808915138244629,0.02083333395421505,40632,1703.616820893,37.902931213378906,1.1438798904418945,7848960,0.9378491640090942,1747633122.1272953
27.180339813232422,1.1937028169631958,0.5716146230697632,5113,1.0,5112,1.9312834739685059,0.18827475607395172,0.01888020895421505,40656,1704.589152349,37.902931213378906,1.172937273979187,7853568,0.9378491640090942,1747633123.0996745
27.554689407348633,1.30966317653656,0.6438802480697632,5122,1.0,5121,1.9312834739685059,0.1545528769493103,0.02148437686264515,40728,1707.506050946,37.902931213378906,1.1562998294830322,7867392,0.9378491640090942,1747633126.016555
28.47005271911621,1.3346178531646729,0.6451823115348816,5125,1.0,5124,1.9312834739685059,0.16965653002262115,0.02083333395421505,40752,1708.477182361,37.902931213378906,1.1827058792114258,7872000,0.9378491640090942,1747633126.9877694
27.18880271911621,1.4365988969802856,0.7135416865348816,5127,1.0,5126,1.9312834739685059,0.14516672492027283,0.02083333395421505,40768,1709.119547654,37.902931213378906,1.1746630668640137,7875072,0.9378491640090942,1747633127.6301186
26.246095657348633,1.183654546737671,0.5423177480697632,5130,1.0,5129,1.9312834739685059,0.1595553457736969,0.01888020895421505,40792,1710.093038002,37.902931213378906,1.1535571813583374,7879680,0.9378491640090942,1747633128.6036205
26.744142532348633,1.3931982517242432,0.6901041865348816,5140,1.0,5139,1.9312834739685059,0.17667776346206665,0.02083333395421505,40872,1713.32729567,37.902931213378906,1.1653597354888916,7895040,0.9378491640090942,1747633131.8378437
26.79036521911621,1.3346723318099976,0.6321614980697632,5149,1.0,5148,1.9312834739685059,0.15585747361183167,0.02148437686264515,40944,1716.242540957,37.902931213378906,1.1969630718231201,7908864,0.9378491640090942,1747633134.7530994
27.393230438232422,1.235347032546997,0.5794271230697632,5165,1.0,5164,1.9312834739685059,0.15261149406433105,0.01888020895421505,41072,1721.419959399,37.902931213378906,1.1667126417160034,7933440,0.9378491640090942,1747633139.930549
28.226564407348633,1.4380418062210083,0.7096354365348816,5175,1.0,5174,1.9312834739685059,0.15068672597408295,0.02148437686264515,41152,1724.6598711,37.902931213378906,1.1931328773498535,7948800,0.9378491640090942,1747633143.170404
26.025392532348633,1.4699047803878784,0.7285156846046448,5178,1.0,5177,1.9312834739685059,0.13423384726047516,0.02278645895421505,41176,1725.631125125,37.902931213378906,1.18512761592865,7953408,0.9378491640090942,1747633144.1416957
27.847658157348633,1.2903666496276855,0.6263021230697632,5197,1.0,5196,1.9312834739685059,0.16297130286693573,0.01888020895421505,41328,1731.777270804,37.902931213378906,1.1883189678192139,7982592,0.9378491640090942,1747633150.287828
25.16927146911621,1.2655627727508545,0.5937500596046448,5202,1.0,5201,1.9310245513916016,0.16807766258716583,0.02278645895421505,41368,1733.469482222,38.43781280517578,1.2082973718643188,7990272,0.9381663203239441,1747633151.9800155
25.481121063232422,1.4623349905014038,0.7122396230697632,5209,1.0,5208,1.9310245513916016,0.16624735295772552,0.02473958395421505,41424,1735.737390703,38.43781280517578,1.1894382238388062,8001024,0.9381663203239441,1747633154.2479875
27.042970657348633,1.339362382888794,0.6367188096046448,5221,1.0,5220,1.9310245513916016,0.19048449397087097,0.02148437686264515,41520,1739.669880839,38.43781280517578,1.1631273031234741,8019456,0.9381663203239441,1747633158.1804361
24.832033157348633,1.4521198272705078,0.7102864980697632,5235,1.0,5234,1.9310245513916016,0.14783450961112976,0.02278645895421505,41632,1744.197850225,38.43781280517578,1.183495044708252,8040960,0.9381663203239441,1747633162.7084057
27.857423782348633,1.2718385457992554,0.6009114980697632,5241,1.0,5240,1.9310245513916016,0.1726311296224594,0.02148437686264515,41680,1746.133419292,38.43781280517578,1.1972750425338745,8050176,0.9381663203239441,1747633164.643977
28.205080032348633,1.2481054067611694,0.5950521230697632,5242,1.0,5241,1.9310245513916016,0.15261290967464447,0.01888020895421505,41688,1746.454981536,38.43781280517578,1.1797149181365967,8051712,0.9381663203239441,1747633164.965571
24.111980438232422,1.219672679901123,0.544921875,5243,1.0,5242,1.9310245513916016,0.18200331926345825,0.0260416679084301,41696,1746.779500824,38.43781280517578,1.1838170289993286,8053248,0.9381663203239441,1747633165.2900875
25.356121063232422,1.3297947645187378,0.6484375596046448,5256,1.0,5255,1.9310245513916016,0.1253482550382614,0.02083333395421505,41800,1750.997409645,38.43781280517578,1.2068164348602295,8073216,0.9381663203239441,1747633169.5079827
26.60872459411621,1.4066193103790283,0.6855469346046448,5257,1.0,5256,1.9310245513916016,0.1616951823234558,0.02343750186264515,41808,1751.32233801,38.43781280517578,1.1843335628509521,8074752,0.9381663203239441,1747633169.832888
25.529949188232422,1.3826497793197632,0.6835938096046448,5259,1.0,5258,1.9310245513916016,0.13637839257717133,0.02278645895421505,41824,1751.965729087,38.43781280517578,1.2046496868133545,8077824,0.9381663203239441,1747633170.4763055
26.019533157348633,1.3838053941726685,0.6796875596046448,5287,1.0,5286,1.9310245513916016,0.1404516100883484,0.02343750186264515,42048,1761.042505053,38.43781280517578,1.1940219402313232,8120832,0.9381663203239441,1747633179.5530777
27.133464813232422,1.328839659690857,0.6445313096046448,5299,1.0,5298,1.9310245513916016,0.17923177778720856,0.01888020895421505,42144,1764.931436395,38.43781280517578,1.191979169845581,8139264,0.9381663203239441,1747633183.4419348
25.817058563232422,1.3505535125732422,0.6588541865348816,5300,1.0,5299,1.9310245513916016,0.11212398111820221,0.01953125186264515,42152,1765.2531114,38.43781280517578,1.2190300226211548,8140800,0.9381663203239441,1747633183.763672
25.365236282348633,1.256495475769043,0.5976563096046448,5321,1.0,5320,1.9310245513916016,0.14371638000011444,0.02083333395421505,42320,1772.041225407,38.43781280517578,1.231801986694336,8173056,0.9381663203239441,1747633190.5518024
26.72005271911621,1.2761543989181519,0.6119791865348816,5325,1.0,5324,1.9310245513916016,0.1417941153049469,0.02083333395421505,42352,1773.325801533,38.43781280517578,1.203903317451477,8179200,0.9381663203239441,1747633191.836388
24.410808563232422,1.3633463382720947,0.6542969346046448,5327,1.0,5326,1.9310245513916016,0.17302531003952026,0.0240885429084301,42368,1773.966328648,38.43781280517578,1.2156600952148438,8182272,0.9381663203239441,1747633192.476933
26.654949188232422,1.1202446222305298,0.501953125,5337,1.0,5336,1.9310245513916016,0.12854033708572388,0.02148437686264515,42448,1777.204998641,38.43781280517578,1.2412495613098145,8197632,0.9381663203239441,1747633195.7153716
24.039714813232422,1.2964080572128296,0.6236979365348816,5350,1.0,5349,1.9310245513916016,0.15587571263313293,0.02343750186264515,42552,1781.410799426,38.43781280517578,1.2256994247436523,8217600,0.9381663203239441,1747633199.9213789
26.231121063232422,1.3061823844909668,0.6152344346046448,5354,1.0,5353,1.9310245513916016,0.14961542189121246,0.02083333395421505,42584,1782.701644137,38.43781280517578,1.2386722564697266,8223744,0.9381663203239441,1747633201.2122278
28.208986282348633,1.0334771871566772,0.4335937798023224,5388,1.0,5387,1.9310245513916016,0.15519098937511444,0.0182291679084301,42856,1793.671956008,38.43781280517578,1.1854233741760254,8275968,0.9381663203239441,1747633212.1825264
25.15364646911621,1.384284496307373,0.6621094346046448,5396,1.0,5395,1.9310245513916016,0.12187327444553375,0.02278645895421505,42920,1796.252834319,38.43781280517578,1.1911815404891968,8288256,0.9381663203239441,1747633214.7634265
27.027345657348633,1.281224250793457,0.5944010615348816,5427,1.0,5426,1.9310245513916016,0.1448453962802887,0.02278645895421505,43168,1806.253403148,38.43781280517578,1.2188613414764404,8335872,0.9381663203239441,1747633224.7639847
24.410158157348633,1.3151360750198364,0.6282552480697632,5428,1.0,5427,1.9310245513916016,0.13220813870429993,0.02343750186264515,43176,1806.576711435,38.43781280517578,1.1966419219970703,8337408,0.9381663203239441,1747633225.0872972
27.190105438232422,1.3791146278381348,0.6868489980697632,5450,1.0,5449,1.9310245513916016,0.12799105048179626,0.02148437686264515,43352,1813.672441032,38.43781280517578,1.1997190713882446,8371200,0.9381663203239441,1747633232.1830492
26.69466209411621,1.3050576448440552,0.6210938096046448,5463,1.0,5462,1.9310245513916016,0.12255872786045074,0.02148437686264515,43456,1817.871624358,38.43781280517578,1.2042183876037598,8391168,0.9381663203239441,1747633236.3822024
26.138673782348633,1.317573070526123,0.6419271230697632,5516,1.0,5515,1.9310245513916016,0.1331004500389099,0.02083333395421505,43880,1834.975148824,38.43781280517578,1.178898811340332,8472576,0.9381663203239441,1747633253.4857445
26.641277313232422,1.4458733797073364,0.7161458730697632,5537,1.0,5536,1.9514904022216797,0.14956656098365784,0.02083333395421505,44048,1841.823521153,35.989437103271484,1.182607650756836,8504832,0.9564356207847595,1747633260.3341048
27.383464813232422,1.4127838611602783,0.6855469346046448,5556,1.0,5555,1.9514904022216797,0.14433857798576355,0.02083333395421505,44200,1847.945428596,35.989437103271484,1.2234528064727783,8534016,0.9564356207847595,1747633266.4560292
24.76692771911621,1.2267698049545288,0.5703125,5565,1.0,5564,1.9514904022216797,0.1309395581483841,0.02278645895421505,44272,1850.866978535,35.989437103271484,1.2221455574035645,8547840,0.9564356207847595,1747633269.377585
25.50716209411621,1.2817720174789429,0.6139323115348816,5571,1.0,5570,1.9514904022216797,0.12753728032112122,0.02278645895421505,44320,1852.798979266,35.989437103271484,1.2084470987319946,8557056,0.9564356207847595,1747633271.3095717
26.11653709411621,1.2742292881011963,0.6054688096046448,5577,1.0,5576,1.9514904022216797,0.13736411929130554,0.0201822929084301,44368,1854.74205833,35.989437103271484,1.2030619382858276,8566272,0.9564356207847595,1747633273.2524638
27.69270896911621,1.4473851919174194,0.7044271230697632,5617,1.0,5616,1.9514904022216797,0.13443733751773834,0.0201822929084301,44688,1867.656304771,35.989437103271484,1.1866081953048706,8627712,0.9564356207847595,1747633286.1668808
26.80403709411621,1.2493480443954468,0.5787760615348816,5628,1.0,5627,1.9514904022216797,0.1256992667913437,0.02148437686264515,44776,1871.20089979,35.989437103271484,1.2235851287841797,8644608,0.9564356207847595,1747633289.711501
24.914064407348633,1.2634150981903076,0.6080729365348816,5665,1.0,5664,1.9514904022216797,0.16174687445163727,0.02148437686264515,45072,1883.186159636,35.989437103271484,1.2065987586975098,8701440,0.9564356207847595,1747633301.6967444
27.754558563232422,1.261533498764038,0.5807291865348816,5667,1.0,5666,1.9514904022216797,0.18742063641548157,0.0221354179084301,45088,1883.826950612,35.989437103271484,1.2316129207611084,8704512,0.9564356207847595,1747633302.3375611
23.945964813232422,1.3547031879425049,0.6477864980697632,5676,1.0,5675,1.9514904022216797,0.1352337896823883,0.0240885429084301,45160,1886.725665963,35.989437103271484,1.2071751356124878,8718336,0.9564356207847595,1747633305.2362313
25.897136688232422,1.3776354789733887,0.6692708730697632,5677,1.0,5676,1.9514904022216797,0.14173932373523712,0.02148437686264515,45168,1887.046424722,35.989437103271484,1.2185503244400024,8719872,0.9564356207847595,1747633305.557017
24.56184959411621,1.3365341424942017,0.6386719346046448,5714,1.0,5713,1.9514904022216797,0.13526704907417297,0.02343750186264515,45464,1898.981901023,35.989437103271484,1.2475711107254028,8776704,0.9564356207847595,1747633317.4923754
25.861980438232422,1.3253456354141235,0.6425781846046448,5716,1.0,5715,1.9514904022216797,0.1489274799823761,0.02343750186264515,45480,1899.624151504,35.989437103271484,1.220923662185669,8779776,0.9564356207847595,1747633318.134735
27.156902313232422,1.3372396230697632,0.6686198115348816,5717,1.0,5716,1.9514904022216797,0.1562197506427765,0.01953125186264515,45488,1899.947600824,35.989437103271484,1.2052550315856934,8781312,0.9564356207847595,1747633318.458187
28.35677146911621,1.3344389200210571,0.6295573115348816,5719,1.0,5718,1.9514904022216797,0.133086159825325,0.02083333395421505,45504,1900.59485554,35.989437103271484,1.2397119998931885,8784384,0.9564356207847595,1747633319.105445
25.27864646911621,1.3750629425048828,0.6673177480697632,5737,1.0,5736,1.9514904022216797,0.17725026607513428,0.02473958395421505,45648,1906.396893186,35.989437103271484,1.227949857711792,8812032,0.9564356207847595,1747633324.9074752
24.885417938232422,1.3220114707946777,0.6171875596046448,5772,1.0,5771,1.9514904022216797,0.1385563611984253,0.0240885429084301,45928,1917.696860179,35.989437103271484,1.2368634939193726,8865792,0.9564356207847595,1747633336.20746
26.939455032348633,1.2896440029144287,0.5878906846046448,5786,1.0,5785,1.9514904022216797,0.11780934035778046,0.0221354179084301,46040,1922.22353036,35.989437103271484,1.2535066604614258,8887296,0.9564356207847595,1747633340.7341304
25.42708396911621,1.3438771963119507,0.6419271230697632,5791,1.0,5790,1.9514904022216797,0.1567884385585785,0.02278645895421505,46080,1923.831950865,35.989437103271484,1.2416285276412964,8894976,0.9564356207847595,1747633342.3425589
25.65755271911621,1.291983723640442,0.6302083730697632,5807,1.0,5806,1.9514904022216797,0.11424002051353455,0.02083333395421505,46208,1928.993397601,35.989437103271484,1.2176951169967651,8919552,0.9564356207847595,1747633347.50399
25.689455032348633,1.2093857526779175,0.5625,5814,1.0,5813,1.9514904022216797,0.14767566323280334,0.0240885429084301,46264,1931.255816038,35.989437103271484,1.207798719406128,8930304,0.9564356207847595,1747633349.7664075
24.453126907348633,1.3819726705551147,0.6627604365348816,5840,1.0,5839,1.9514904022216797,0.1280268132686615,0.0240885429084301,46472,1939.655956985,35.989437103271484,1.2117953300476074,8970240,0.9564356207847595,1747633358.1665561
24.34700584411621,1.3989650011062622,0.6848958730697632,5849,1.0,5848,1.9514904022216797,0.1719995141029358,0.02343750186264515,46544,1942.558159708,35.989437103271484,1.1821131706237793,8984064,0.9564356207847595,1747633361.0687497
24.806642532348633,1.2236262559890747,0.5631510615348816,5873,1.0,5872,1.9366317987442017,0.16058146953582764,0.0221354179084301,46736,1950.380891482,35.62847900390625,1.1775022745132446,9020928,0.9436892867088318,1747633368.8915029
26.410808563232422,1.3927946090698242,0.6848958730697632,5891,1.0,5890,1.9366317987442017,0.15404927730560303,0.02148437686264515,46880,1956.17731541,35.62847900390625,1.1524720191955566,9048576,0.9436892867088318,1747633374.6878953
26.57552146911621,1.468739628791809,0.7259114980697632,5897,1.0,5896,1.9366317987442017,0.14289125800132751,0.02343750186264515,46928,1958.114256254,35.62847900390625,1.1656403541564941,9057792,0.9436892867088318,1747633376.6248438
24.584636688232422,1.4820959568023682,0.7285156846046448,5898,1.0,5897,1.9366317987442017,0.1718711256980896,0.02473958395421505,46936,1958.43769341,35.62847900390625,1.1406893730163574,9059328,0.9436892867088318,1747633376.9482958
27.02474021911621,1.4027395248413086,0.6946614980697632,5921,1.0,5920,1.9366317987442017,0.13408075273036957,0.0221354179084301,47120,1965.864641064,35.62847900390625,1.1535848379135132,9094656,0.9436892867088318,1747633384.375234
24.68880271911621,1.4090756177902222,0.6640625596046448,5927,1.0,5926,1.9366317987442017,0.17341527342796326,0.0260416679084301,47168,1967.799889674,35.62847900390625,1.1375105381011963,9103872,0.9436892867088318,1747633386.3104918
25.085939407348633,1.346427083015442,0.6569010615348816,5928,1.0,5927,1.9366317987442017,0.15679600834846497,0.0221354179084301,47176,1968.123412721,35.62847900390625,1.1555278301239014,9105408,0.9436892867088318,1747633386.6339955
25.996095657348633,1.4609376192092896,0.7304688096046448,5953,1.0,5952,1.9366317987442017,0.250588595867157,0.02473958395421505,47376,1976.181791317,35.62847900390625,1.1266618967056274,9143808,0.9436892867088318,1747633394.6923635
25.877605438232422,1.413374900817871,0.6829427480697632,5958,1.0,5957,1.9366317987442017,0.14204451441764832,0.02278645895421505,47416,1977.794842746,35.62847900390625,1.149357795715332,9151488,0.9436892867088318,1747633396.305452
27.105470657348633,1.4501112699508667,0.7174479365348816,5959,1.0,5958,1.9366317987442017,0.15305086970329285,0.02148437686264515,47424,1978.115233058,35.62847900390625,1.1325007677078247,9153024,0.9436892867088318,1747633396.625796
25.296876907348633,1.1973930597305298,0.5319010615348816,5972,1.0,5971,1.9366317987442017,0.13774819672107697,0.0201822929084301,47528,1982.312306962,35.62847900390625,1.1384069919586182,9172992,0.9436892867088318,1747633400.8228805
26.498048782348633,1.388325572013855,0.6803385615348816,5996,1.0,5995,1.9366317987442017,0.14843536913394928,0.02083333395421505,47720,1990.06635938,35.62847900390625,1.1349663734436035,9209856,0.9436892867088318,1747633408.5769463
26.886720657348633,1.376666784286499,0.6634114980697632,6002,1.0,6001,1.9366317987442017,0.14570704102516174,0.02148437686264515,47768,1992.003817203,35.62847900390625,1.1543540954589844,9219072,0.9436892867088318,1747633410.5144155
23.922527313232422,1.4087597131729126,0.6901041865348816,6021,1.0,6020,1.9366317987442017,0.13606783747673035,0.02343750186264515,47920,1998.136755422,35.62847900390625,1.1510474681854248,9248256,0.9436892867088318,1747633416.6473336
26.500001907348633,1.4023876190185547,0.6894531846046448,6034,1.0,6033,1.9366317987442017,0.15267816185951233,0.02148437686264515,48024,2002.339658337,35.62847900390625,1.1264630556106567,9268224,0.9436892867088318,1747633420.8502421
26.936199188232422,1.3936140537261963,0.6822916865348816,6078,1.0,6077,1.9366317987442017,0.16633395850658417,0.0221354179084301,48376,2016.542086078,35.62847900390625,1.1738665103912354,9335808,0.9436892867088318,1747633435.0527043
24.92903709411621,1.3359376192092896,0.6679688096046448,6086,1.0,6085,1.9366317987442017,0.15076375007629395,0.02278645895421505,48440,2019.120600073,35.62847900390625,1.1661162376403809,9348096,0.9436892867088318,1747633437.6311693
27.024089813232422,1.377768635749817,0.6829427480697632,6089,1.0,6088,1.9366317987442017,0.16220256686210632,0.02148437686264515,48464,2020.088173488,35.62847900390625,1.1591134071350098,9352704,0.9436892867088318,1747633438.5987647
25.78450584411621,1.2131218910217285,0.5696614980697632,6137,1.0,6136,1.9366317987442017,0.15030895173549652,0.02083333395421505,48848,2035.610313344,35.62847900390625,1.167588233947754,9426432,0.9436892867088318,1747633454.1209056
28.23177146911621,1.274857997894287,0.5937500596046448,6159,1.0,6158,1.9366317987442017,0.16543343663215637,0.02083333395421505,49024,2042.705402468,35.62847900390625,1.1548221111297607,9460224,0.9436892867088318,1747633461.2160177
25.416667938232422,1.3820521831512451,0.6777344346046448,6167,1.0,6166,1.9366317987442017,0.15208734571933746,0.02473958395421505,49088,2045.286926107,35.62847900390625,1.1790568828582764,9472512,0.9436892867088318,1747633463.7975311
25.951173782348633,1.3393778800964355,0.6354166865348816,6181,1.0,6180,1.9608638286590576,0.19876083731651306,0.0240885429084301,49200,2049.859777421,34.6598014831543,1.1620373725891113,9494016,0.9650437235832214,1747633468.3703744
24.064455032348633,1.4207980632781982,0.7063802480697632,6202,1.0,6201,1.9608638286590576,0.23249325156211853,0.02278645895421505,49368,2056.641798102,34.6598014831543,1.170607566833496,9526272,0.9650437235832214,1747633475.1524117
27.924480438232422,1.2841354608535767,0.6152344346046448,6208,1.0,6207,1.9608638286590576,0.15891516208648682,0.0201822929084301,49416,2058.575244634,34.6598014831543,1.1750825643539429,9535488,0.9650437235832214,1747633477.085608
24.49934959411621,1.3669791221618652,0.6627604365348816,6219,1.0,6218,1.9608638286590576,0.12407969683408737,0.0240885429084301,49504,2062.128159007,34.6598014831543,1.1741657257080078,9552384,0.9650437235832214,1747633480.6387656
25.871746063232422,1.4537924528121948,0.7102864980697632,6243,1.0,6242,1.9608638286590576,0.13447827100753784,0.02473958395421505,49696,2069.866677109,34.6598014831543,1.1959668397903442,9589248,0.9650437235832214,1747633488.377265
25.967449188232422,1.4305939674377441,0.7070313096046448,6246,1.0,6245,1.9608638286590576,0.13860924541950226,0.02343750186264515,49720,2070.838389791,34.6598014831543,1.1887526512145996,9593856,0.9650437235832214,1747633489.3489692
25.117189407348633,1.294396996498108,0.6119791865348816,6254,1.0,6253,1.9608638286590576,0.13322389125823975,0.0240885429084301,49784,2073.420624348,34.6598014831543,1.1934247016906738,9606144,0.9650437235832214,1747633491.9312215
25.783205032348633,1.3125063180923462,0.6191406846046448,6282,1.0,6281,1.9608638286590576,0.11554264277219772,0.02083333395421505,50008,2082.452726735,34.6598014831543,1.1910253763198853,9649152,0.9650437235832214,1747633500.9633317
26.894533157348633,1.2672579288482666,0.6048177480697632,6286,1.0,6285,1.9608638286590576,0.13447248935699463,0.02148437686264515,50040,2083.74111195,34.6598014831543,1.1792182922363281,9655296,0.9650437235832214,1747633502.2516367
25.539064407348633,1.373013973236084,0.6660156846046448,6290,1.0,6289,1.9608638286590576,0.2019370049238205,0.02343750186264515,50072,2085.030546584,34.6598014831543,1.2082017660140991,9661440,0.9650437235832214,1747633503.541128
25.34309959411621,1.437929630279541,0.7102864980697632,6291,1.0,6290,1.9608638286590576,0.14877170324325562,0.0221354179084301,50080,2085.351478083,34.6598014831543,1.1778955459594727,9662976,0.9650437235832214,1747633503.8620799
24.972658157348633,1.3606771230697632,0.6803385615348816,6295,1.0,6294,1.9608638286590576,0.1537676453590393,0.02083333395421505,50112,2086.649928573,34.6598014831543,1.1819994449615479,9669120,0.9650437235832214,1747633505.1605096
28.117189407348633,1.245280385017395,0.6015625596046448,6296,1.0,6295,1.9608638286590576,0.12597240507602692,0.0201822929084301,50120,2086.973134197,34.6598014831543,1.1772360801696777,9670656,0.9650437235832214,1747633505.483711
26.63997459411621,1.3879687786102295,0.6718750596046448,6311,1.0,6310,1.9608638286590576,0.12778633832931519,0.0221354179084301,50240,2091.803242659,34.6598014831543,1.198142170906067,9693696,0.9650437235832214,1747633510.313817
26.67122459411621,1.4089553356170654,0.6861979365348816,6317,1.0,6316,1.9608638286590576,0.12583595514297485,0.0221354179084301,50288,2093.736642514,34.6598014831543,1.1857560873031616,9702912,0.9650437235832214,1747633512.2472255
25.13606834411621,1.361038327217102,0.6692708730697632,6347,1.0,6346,1.9608638286590576,0.13369613885879517,0.0221354179084301,50528,2103.420363994,34.6598014831543,1.1901116371154785,9748992,0.9650437235832214,1747633521.9309585
25.06184959411621,1.3026268482208252,0.6406250596046448,6349,1.0,6348,1.9608638286590576,0.14275287091732025,0.0201822929084301,50544,2104.068100367,34.6598014831543,1.191756248474121,9752064,0.9650437235832214,1747633522.5786817
26.449220657348633,1.302395224571228,0.6425781846046448,6370,1.0,6369,1.9608638286590576,0.14853064715862274,0.01953125186264515,50712,2110.857428852,34.6598014831543,1.1784489154815674,9784320,0.9650437235832214,1747633529.3680305
26.900392532348633,1.3412039279937744,0.6510416865348816,6391,1.0,6390,1.9608638286590576,0.11879684031009674,0.0221354179084301,50880,2117.627562723,34.6598014831543,1.1824054718017578,9816576,0.9650437235832214,1747633536.1381385
25.79427146911621,1.3312032222747803,0.6484375596046448,6409,1.0,6408,1.9608638286590576,0.147024467587471,0.02278645895421505,51024,2123.432892698,34.6598014831543,1.1793076992034912,9844224,0.9650437235832214,1747633541.94351
25.53255271911621,1.2961658239364624,0.6308594346046448,6418,1.0,6417,1.9608638286590576,0.1206778734922409,0.0221354179084301,51096,2126.331487472,34.6598014831543,1.1639001369476318,9858048,0.9650437235832214,1747633544.8420568
26.371746063232422,1.2825638055801392,0.6210938096046448,6456,1.0,6455,1.9608638286590576,0.11601798236370087,0.02148437686264515,51400,2138.588250321,34.6598014831543,1.203331470489502,9916416,0.9650437235832214,1747633557.0988379
25.941408157348633,1.3723958730697632,0.6861979365348816,6468,1.0,6467,1.9608638286590576,0.1429683268070221,0.02148437686264515,51496,2142.466378754,34.6598014831543,1.206974744796753,9934848,0.9650437235832214,1747633560.9769492
24.82942771911621,1.2754011154174805,0.6171875596046448,6478,1.0,6477,1.9608638286590576,0.14242178201675415,0.02148437686264515,51576,2145.689773092,34.6598014831543,1.2041044235229492,9950208,0.9650437235832214,1747633564.2003348
25.29231834411621,1.410395860671997,0.7018229365348816,6486,1.0,6485,1.9608638286590576,0.13382461667060852,0.0221354179084301,51640,2148.266295818,34.6598014831543,1.2108118534088135,9962496,0.9650437235832214,1747633566.7768812
28.110027313232422,1.3565926551818848,0.6529948115348816,6496,1.0,6495,1.9608638286590576,0.16822490096092224,0.02083333395421505,51720,2151.482870939,34.6598014831543,1.2112200260162354,9977856,0.9650437235832214,1747633569.9934764
24.996746063232422,1.3554688692092896,0.6777344346046448,6508,1.0000001192092896,6507,1.9453059434890747,0.12184944748878479,0.0221354179084301,51816,2155.429317249,36.771793365478516,1.2107789516448975,9996288,0.9507651925086975,1747633573.9399
