returned_episode_lengths,returned_won_episode,update_steps,test_returned_episode_lengths,_step,test_returned_episode_returns,loss,returned_episode,_runtime,grad_steps,env_step,returned_episode_returns,test_returned_won_episode,qvals,test_returned_episode,_timestamp
24.964845657348633,0.0,2,20.239919662475586,1,0.03125451132655144,0.0,0.0260416679084301,50.579749753,0,3072,0.23728062212467194,0.0,0.0,1.0,1747638032.4102395
24.67708396911621,0.0,5,20.239919662475586,4,0.03125451132655144,0.0,0.02343750186264515,50.76197516,0,7680,0.2303524911403656,0.0,0.0,1.0,1747638032.5924616
24.58919334411621,0.0,11,20.239919662475586,10,0.03125451132655144,0.0,0.02473958395421505,51.126173671,0,16896,0.1925998479127884,0.0,0.0,1.0,1747638032.9566905
25.72591209411621,0.0,20,20.239919662475586,19,0.03125451132655144,0.0,0.0260416679084301,51.675266804,0,30720,0.2388182431459427,0.0,0.0,1.0,1747638033.5057745
23.78450584411621,0.0,25,20.239919662475586,24,0.03125451132655144,0.0,0.02734375186264515,51.979067697,0,38400,0.21262899041175842,0.0,0.0,1.0,1747638033.8095818
25.42513084411621,0.0,28,20.239919662475586,27,0.03125451132655144,0.0,0.02539062686264515,52.16123202,0,43008,0.2164696455001831,0.0,0.0,1.0,1747638033.9917333
23.233074188232422,0.0,39,20.239919662475586,38,0.03125451132655144,0.036813657730817795,0.0279947929084301,54.930877216,64,59904,0.21421262621879578,0.0,0.23845642805099487,1.0,1747638036.7613583
24.386720657348633,0.0,41,20.239919662475586,40,0.03125451132655144,0.035397857427597046,0.0240885429084301,55.576752835,80,62976,0.22346113622188568,0.0,0.24530646204948425,1.0,1747638037.407244
24.921876907348633,0.0,44,20.239919662475586,43,0.03125451132655144,0.030707061290740967,0.02343750186264515,56.54266932,104,67584,0.22975382208824158,0.0,0.30389440059661865,1.0,1747638038.373138
25.253908157348633,0.0,68,20.239919662475586,67,0.03125451132655144,0.06198962405323982,0.02343750186264515,64.296944948,296,104448,0.27371084690093994,0.0,0.5307928919792175,1.0,1747638046.1274202
23.27278709411621,0.0,73,20.239919662475586,72,0.03125451132655144,0.1229485422372818,0.0240885429084301,65.907337136,336,112128,0.2586488723754883,0.0,0.5983517169952393,1.0,1747638047.7378316
23.49544334411621,0.0,106,20.239919662475586,105,0.03125451132655144,0.14895710349082947,0.0240885429084301,76.571004622,600,162816,0.2739545404911041,0.0,0.6177074909210205,1.0,1747638058.4015188
25.761720657348633,0.0,107,20.239919662475586,106,0.03125451132655144,0.14270955324172974,0.0240885429084301,76.892140071,608,164352,0.30189597606658936,0.0,0.6182054281234741,1.0,1747638058.7226577
25.035808563232422,0.0,115,20.239919662475586,114,0.03125451132655144,0.1689664125442505,0.0240885429084301,79.480654744,672,176640,0.2807368338108063,0.0,0.59669429063797,1.0,1747638061.3111513
24.826173782348633,0.0,138,20.239919662475586,137,0.03125451132655144,0.15363699197769165,0.02669270895421505,86.903580488,856,211968,0.27046605944633484,0.0,0.5873059630393982,1.0,1747638068.7340572
25.330730438232422,0.0,161,20.239919662475586,160,0.03125451132655144,0.15793457627296448,0.02343750186264515,94.343722967,1040,247296,0.3027852475643158,0.0,0.614463210105896,1.0,1747638076.1742172
25.11653709411621,0.0,164,20.239919662475586,163,0.03125451132655144,0.17979349195957184,0.0260416679084301,95.308960008,1064,251904,0.3151341676712036,0.0,0.6140116453170776,1.0,1747638077.1394498
23.50911521911621,0.0,168,20.239919662475586,167,0.03125451132655144,0.14215338230133057,0.02734375186264515,96.609115134,1096,258048,0.3122154474258423,0.0,0.6073356866836548,1.0,1747638078.4396193
24.85872459411621,0.0,179,20.239919662475586,178,0.03125451132655144,0.15424829721450806,0.02539062686264515,100.162962056,1184,274944,0.321381151676178,0.0,0.6321544647216797,1.0,1747638081.99344
24.535808563232422,0.0,180,20.239919662475586,179,0.03125451132655144,0.13760679960250854,0.02278645895421505,100.487554999,1192,276480,0.30775338411331177,0.0,0.6224289536476135,1.0,1747638082.3180413
24.720705032348633,0.0,187,20.239919662475586,186,0.03125451132655144,0.15253804624080658,0.02473958395421505,102.747608525,1248,287232,0.33525151014328003,0.0,0.6309146881103516,1.0,1747638084.5780907
26.72591209411621,0.0,210,20.239919662475586,209,0.03125451132655144,0.14724089205265045,0.02148437686264515,110.179012858,1432,322560,0.2730949819087982,0.0,0.644953727722168,1.0,1747638092.009523
25.322917938232422,0.0,254,20.239919662475586,253,0.03125451132655144,0.14782339334487915,0.0201822929084301,124.393249293,1784,390144,0.3407103419303894,0.0,0.6737672090530396,1.0,1747638106.2237184
26.347658157348633,0.0,268,20.239919662475586,267,0.03125451132655144,0.15672193467617035,0.02343750186264515,128.916550198,1896,411648,0.2764328420162201,0.0,0.6806725859642029,1.0,1747638110.7470348
25.09700584411621,0.0,271,20.239919662475586,270,0.03125451132655144,0.13922174274921417,0.02473958395421505,129.889366668,1920,416256,0.33686017990112305,0.0,0.6759263277053833,1.0,1747638111.7198536
27.210939407348633,0.02539062686264515,298,20.239919662475586,297,0.03125451132655144,0.11959391832351685,0.0221354179084301,138.645263073,2136,457728,0.4243330955505371,0.0,0.6726484894752502,1.0,1747638120.475757
25.047527313232422,0.0,303,20.239919662475586,302,0.03125451132655144,0.12050491571426392,0.0260416679084301,140.262908489,2176,465408,0.37704697251319885,0.0,0.6767916083335876,1.0,1747638122.0933826
27.203777313232422,0.0,310,20.239919662475586,309,0.03125451132655144,0.1347203254699707,0.0221354179084301,142.525668497,2232,476160,0.3605092763900757,0.0,0.6879042387008667,1.0,1747638124.3559778
25.45247459411621,0.0,314,20.239919662475586,313,0.03125451132655144,0.11020997166633606,0.02473958395421505,143.817099194,2264,482304,0.36824825406074524,0.0,0.677771270275116,1.0,1747638125.6475778
26.51888084411621,0.0,316,20.239919662475586,315,0.03125451132655144,0.10850273072719574,0.02278645895421505,144.465247645,2280,485376,0.3294961452484131,0.0,0.677142858505249,1.0,1747638126.2957392
24.86849021911621,0.0,326,37.73991394042969,325,0.7115750908851624,0.1284855306148529,0.02343750186264515,147.771524476,2360,500736,0.36439260840415955,0.047983307391405106,0.6850693225860596,1.0,1747638129.6020193
24.85481834411621,0.0,382,37.73991394042969,381,0.7115750908851624,0.11423414945602417,0.0240885429084301,165.870759796,2808,586752,0.3765016496181488,0.047983307391405106,0.7035696506500244,1.0,1747638147.701252
26.302736282348633,0.0,384,37.73991394042969,383,0.7115750908851624,0.11360570788383484,0.02343750186264515,166.515951022,2824,589824,0.4131986200809479,0.047983307391405106,0.696388840675354,1.0,1747638148.3464406
25.634767532348633,0.0,391,37.73991394042969,390,0.7115750908851624,0.1318647563457489,0.02473958395421505,168.774422579,2880,600576,0.40188172459602356,0.047983307391405106,0.704344630241394,1.0,1747638150.6048977
25.714845657348633,0.0,396,37.73991394042969,395,0.7115750908851624,0.18287628889083862,0.0221354179084301,170.384170386,2920,608256,0.38912278413772583,0.047983307391405106,0.7105098962783813,1.0,1747638152.2146614
25.834636688232422,0.0,400,37.73991394042969,399,0.7115750908851624,0.19454695284366608,0.02539062686264515,171.673570745,2952,614400,0.4201045632362366,0.047983307391405106,0.7034416198730469,1.0,1747638153.5040593
24.496095657348633,0.0,404,37.73991394042969,403,0.7115750908851624,0.13219697773456573,0.0260416679084301,172.965955241,2984,620544,0.3961459696292877,0.047983307391405106,0.7092055082321167,1.0,1747638154.7964523
25.015626907348633,0.0,414,37.73991394042969,413,0.7115750908851624,0.15596280992031097,0.02473958395421505,176.19544755,3064,635904,0.42197588086128235,0.047983307391405106,0.7156884670257568,1.0,1747638158.0259264
26.434246063232422,0.0,430,37.73991394042969,429,0.7115750908851624,0.11869239062070847,0.0221354179084301,181.492374504,3192,660480,0.37151631712913513,0.047983307391405106,0.7129744291305542,1.0,1747638163.32286
22.93880271911621,0.010416666977107525,440,37.73991394042969,439,0.7115750908851624,0.13999733328819275,0.02669270895421505,184.71649494,3272,675840,0.3943023383617401,0.047983307391405106,0.6992560625076294,1.0,1747638166.5469646
24.33333396911621,0.0,441,37.73991394042969,440,0.7115750908851624,0.14810292422771454,0.02473958395421505,185.037590029,3280,677376,0.37438246607780457,0.047983307391405106,0.7096300721168518,1.0,1747638166.868065
24.01497459411621,0.0,445,37.73991394042969,444,0.7115750908851624,0.18382331728935242,0.02473958395421505,186.334309914,3312,683520,0.3951556086540222,0.047983307391405106,0.715210497379303,1.0,1747638168.164732
26.210939407348633,0.0,457,37.73991394042969,456,0.7115750908851624,0.12995779514312744,0.0221354179084301,190.206572099,3408,701952,0.416913241147995,0.047983307391405106,0.7232922315597534,1.0,1747638172.0368571
27.375001907348633,0.0,488,37.73991394042969,487,0.7115750908851624,0.1197822242975235,0.0221354179084301,200.242479117,3656,749568,0.40677720308303833,0.047983307391405106,0.7056044340133667,1.0,1747638182.0729496
26.820314407348633,0.0260416679084301,512,37.73991394042969,511,0.7115750908851624,0.13418611884117126,0.02278645895421505,207.999382158,3848,786432,0.4718106687068939,0.047983307391405106,0.7511264681816101,1.0,1747638189.8298655
26.062501907348633,0.0364583358168602,545,37.73991394042969,544,0.7115750908851624,0.1619383990764618,0.0221354179084301,218.659356712,4112,837120,0.49186334013938904,0.047983307391405106,0.6994628310203552,1.0,1747638200.4898348
27.615236282348633,0.005859375465661287,553,37.73991394042969,552,0.7115750908851624,0.11314993351697922,0.0201822929084301,221.250618878,4176,849408,0.42941898107528687,0.047983307391405106,0.6915576457977295,1.0,1747638203.0810823
25.878908157348633,0.02929687686264515,554,37.73991394042969,553,0.7115750908851624,0.13283325731754303,0.02083333395421505,221.574970424,4184,850944,0.46280691027641296,0.047983307391405106,0.6949295997619629,1.0,1747638203.4054475
24.441408157348633,0.0,558,37.73991394042969,557,0.7115750908851624,0.14776062965393066,0.02539062686264515,222.864419665,4216,857088,0.3836158215999603,0.047983307391405106,0.7024255394935608,1.0,1747638204.6949053
25.679689407348633,0.0,568,37.73991394042969,567,0.7115750908851624,0.12556269764900208,0.02148437686264515,226.0889183,4296,872448,0.4149385690689087,0.047983307391405106,0.6972158551216125,1.0,1747638207.9193978
26.599611282348633,0.0455729179084301,573,37.73991394042969,572,0.7115750908851624,0.10663807392120361,0.0201822929084301,227.704370514,4336,880128,0.4941573143005371,0.047983307391405106,0.7120528221130371,1.0,1747638209.5347142
27.76302146911621,0.0,583,37.73991394042969,582,0.7115750908851624,0.11768655478954315,0.02278645895421505,230.923359297,4416,895488,0.472379207611084,0.047983307391405106,0.6944977641105652,1.0,1747638212.7538514
27.015626907348633,0.0813802108168602,619,37.73991394042969,618,0.7115750908851624,0.22844022512435913,0.01953125186264515,242.510967587,4704,950784,0.5856956839561462,0.047983307391405106,0.6790561676025391,1.0,1747638224.3414624
25.045574188232422,0.0963541716337204,626,37.73991394042969,625,0.7115750908851624,0.16698816418647766,0.02083333395421505,244.765726993,4760,961536,0.6041351556777954,0.047983307391405106,0.6933192610740662,1.0,1747638226.596179
26.50911521911621,0.1894531399011612,627,37.73991394042969,626,0.7115750908851624,0.15260565280914307,0.02148437686264515,245.089377244,4768,963072,0.7460711002349854,0.047983307391405106,0.6874914169311523,1.0,1747638226.9198625
24.98958396911621,0.1315104216337204,632,37.73991394042969,631,0.7115750908851624,0.17864075303077698,0.02278645895421505,246.703147373,4808,970752,0.6187192797660828,0.047983307391405106,0.6643679141998291,1.0,1747638228.5336323
26.92708396911621,0.140625,663,38.32667541503906,662,1.1535788774490356,0.12949275970458984,0.0201822929084301,256.768180771,5056,1018368,0.6937891244888306,0.3288159966468811,0.6324940919876099,1.0,1747638238.5986693
27.668621063232422,0.2923177182674408,689,38.32667541503906,688,1.1535788774490356,0.23176297545433044,0.02083333395421505,265.153237029,5264,1058304,0.8878203630447388,0.3288159966468811,0.641684353351593,1.0,1747638246.983724
27.205730438232422,0.2949219048023224,709,38.32667541503906,708,1.1535788774490356,0.24263425171375275,0.0221354179084301,271.600222078,5424,1089024,0.895581841468811,0.3288159966468811,0.5946798324584961,1.0,1747638253.430727
28.15364646911621,0.2246093899011612,721,38.32667541503906,720,1.1535788774490356,0.23768308758735657,0.0201822929084301,275.477969824,5520,1107456,0.8019479513168335,0.3288159966468811,0.5867611169815063,1.0,1747638257.3084576
28.67122459411621,0.2838541865348816,768,38.32667541503906,767,1.1535788774490356,0.2842748165130615,0.017578125,290.629496536,5896,1179648,0.8443610072135925,0.3288159966468811,0.5722579956054688,1.0,1747638272.4599822
27.715496063232422,0.2389323115348816,782,38.32667541503906,781,1.1535788774490356,0.3420291543006897,0.01953125186264515,295.141306739,6008,1201152,0.799429714679718,0.3288159966468811,0.6003463268280029,1.0,1747638276.9717937
26.72005271911621,0.4466145932674408,796,38.32667541503906,795,1.1535788774490356,0.33038458228111267,0.02278645895421505,299.650264833,6120,1222656,1.113208532333374,0.3288159966468811,0.5993436574935913,1.0,1747638281.4807503
27.076173782348633,0.2669270932674408,804,38.32667541503906,803,1.1535788774490356,0.3309462070465088,0.0221354179084301,302.245679904,6184,1234944,0.8482198715209961,0.3288159966468811,0.5948145389556885,1.0,1747638284.0761018
27.041017532348633,0.2109375149011612,806,38.32667541503906,805,1.1535788774490356,0.3878571391105652,0.02083333395421505,302.893296577,6200,1238016,0.722579836845398,0.3288159966468811,0.5981159210205078,1.0,1747638284.7237432
26.60872459411621,0.1471354216337204,810,38.32667541503906,809,1.1535788774490356,0.3144575357437134,0.0182291679084301,304.179450247,6232,1244160,0.6161473393440247,0.3288159966468811,0.595842719078064,1.0,1747638286.0099254
25.71614646911621,0.3678385615348816,827,38.32667541503906,826,1.1535788774490356,0.3330686688423157,0.01888020895421505,309.661653259,6368,1270272,0.9547507762908936,0.3288159966468811,0.5873011350631714,1.0,1747638291.492142
27.333986282348633,0.2389323115348816,836,38.32667541503906,835,1.1535788774490356,0.3325561583042145,0.01953125186264515,312.564123176,6440,1284096,0.7462565302848816,0.3288159966468811,0.5807389616966248,1.0,1747638294.394618
27.664714813232422,0.2864583432674408,845,38.32667541503906,844,1.1535788774490356,0.35080036520957947,0.0201822929084301,315.468765596,6512,1297920,0.9276487827301025,0.3288159966468811,0.6040602922439575,1.0,1747638297.299253
26.865886688232422,0.501953125,898,38.32667541503906,897,1.1535788774490356,0.5286140441894531,0.02343750186264515,332.632815405,6936,1379328,1.1341614723205566,0.3288159966468811,0.6365298628807068,1.0,1747638314.4633162
27.363283157348633,0.2805989682674408,905,38.32667541503906,904,1.1535788774490356,0.507559597492218,0.01692708395421505,334.893991426,6992,1390080,0.8413423895835876,0.3288159966468811,0.6428849101066589,1.0,1747638316.7244496
26.222658157348633,0.4205729365348816,907,38.32667541503906,906,1.1535788774490356,0.476175457239151,0.02148437686264515,335.541874969,7008,1393152,1.026487946510315,0.3288159966468811,0.6331650018692017,1.0,1747638317.372352
27.52669334411621,0.267578125,927,38.32667541503906,926,1.1535788774490356,0.4661030173301697,0.0201822929084301,342.012402945,7168,1423872,0.8636923432350159,0.3288159966468811,0.6511775255203247,1.0,1747638323.8428943
27.792970657348633,0.4453125298023224,935,38.32667541503906,934,1.1535788774490356,0.5985440611839294,0.0182291679084301,344.594065818,7232,1436160,1.0810387134552002,0.3288159966468811,0.6543117165565491,1.0,1747638326.424551
28.04036521911621,0.1119791716337204,940,38.32667541503906,939,1.1535788774490356,0.5720040202140808,0.01692708395421505,346.20354268,7272,1443840,0.6079512238502502,0.3288159966468811,0.6477978229522705,1.0,1747638328.034046
28.02669334411621,0.4160156548023224,944,38.32667541503906,943,1.1535788774490356,0.5391319394111633,0.017578125,347.489324042,7304,1449984,1.022210717201233,0.3288159966468811,0.6410071849822998,1.0,1747638329.3197947
27.781902313232422,0.2942708432674408,949,38.32667541503906,948,1.1535788774490356,0.5956864356994629,0.01953125186264515,349.101348381,7344,1457664,0.8793753981590271,0.3288159966468811,0.6635103225708008,1.0,1747638330.9318311
28.97981834411621,0.4420573115348816,975,41.46302032470703,974,1.5011329650878906,0.6829575896263123,0.017578125,357.56764646,7552,1497600,1.0714337825775146,0.5870569944381714,0.676666796207428,1.0,1747638339.398128
28.195314407348633,0.3834635615348816,977,41.46302032470703,976,1.5011329650878906,0.7390918731689453,0.0221354179084301,358.209881191,7568,1500672,1.0528090000152588,0.5870569944381714,0.6635242700576782,1.0,1747638340.0403473
25.025392532348633,0.3756510615348816,978,41.46302032470703,977,1.5011329650878906,0.6791676878929138,0.02083333395421505,358.531589224,7576,1502208,0.9568785429000854,0.5870569944381714,0.669978141784668,1.0,1747638340.3620572
27.218751907348633,0.3867187798023224,993,41.46302032470703,992,1.5011329650878906,0.6379976868629456,0.01953125186264515,363.378033137,7696,1525248,0.9593912363052368,0.5870569944381714,0.6788153648376465,1.0,1747638345.2085333
27.328126907348633,0.4134114682674408,997,41.46302032470703,996,1.5011329650878906,0.7189602851867676,0.0182291679084301,364.672956812,7728,1531392,1.036985158920288,0.5870569944381714,0.6925486326217651,1.0,1747638346.5034542
28.076173782348633,0.3294270932674408,1012,41.46302032470703,1011,1.5011329650878906,0.6012957692146301,0.01888020895421505,369.501020059,7848,1554432,0.9380725026130676,0.5870569944381714,0.6610524654388428,1.0,1747638351.3314974
25.97591209411621,0.4876302480697632,1028,41.46302032470703,1027,1.5011329650878906,0.5978144407272339,0.02148437686264515,374.672467535,7976,1579008,1.1111423969268799,0.5870569944381714,0.667831301689148,1.0,1747638356.5028389
29.70833396911621,0.3372395932674408,1057,41.46302032470703,1056,1.5011329650878906,0.7443972826004028,0.017578125,384.037327655,8208,1623552,0.9468506574630737,0.5870569944381714,0.6977558135986328,1.0,1747638365.8678303
26.97591209411621,0.4309895932674408,1062,41.46302032470703,1061,1.5011329650878906,0.6308720111846924,0.0182291679084301,385.654638529,8248,1631232,1.0483583211898804,0.5870569944381714,0.6738669872283936,1.0,1747638367.4851146
26.183595657348633,0.5078125,1082,41.46302032470703,1081,1.5011329650878906,0.6573642492294312,0.0201822929084301,392.110463024,8408,1661952,1.1489869356155396,0.5870569944381714,0.6486703753471375,1.0,1747638373.9409401
28.63606834411621,0.5006510615348816,1083,41.46302032470703,1082,1.5011329650878906,0.97678542137146,0.017578125,392.431636137,8416,1663488,1.159985899925232,0.5870569944381714,0.6466984748840332,1.0,1747638374.2621336
26.148439407348633,0.537109375,1084,41.46302032470703,1083,1.5011329650878906,0.7541496753692627,0.02083333395421505,392.755550189,8424,1665024,1.18024480342865,0.5870569944381714,0.650367021560669,1.0,1747638374.5860257
25.77864646911621,0.4375000298023224,1114,41.46302032470703,1113,1.5011329650878906,0.6623098254203796,0.0201822929084301,402.442286377,8664,1711104,1.0719965696334839,0.5870569944381714,0.6808582544326782,1.0,1747638384.2727726
28.224611282348633,0.51171875,1115,41.46302032470703,1114,1.5011329650878906,0.7643618583679199,0.0201822929084301,402.766077599,8672,1712640,1.1693921089172363,0.5870569944381714,0.6873619556427002,1.0,1747638384.596582
27.803386688232422,0.3509114682674408,1124,41.46302032470703,1123,1.5011329650878906,0.798958420753479,0.01953125186264515,405.67178557,8744,1726464,0.9683646559715271,0.5870569944381714,0.6654000282287598,1.0,1747638387.502267
25.943361282348633,0.5859375596046448,1135,41.46302032470703,1134,1.5011329650878906,0.6620340347290039,0.0201822929084301,409.224442317,8832,1743360,1.2433485984802246,0.5870569944381714,0.6798422932624817,1.0,1747638391.0549147
28.291017532348633,0.5553385615348816,1169,41.46302032470703,1168,1.5011329650878906,0.7207608222961426,0.01953125186264515,420.203824599,9104,1795584,1.2258492708206177,0.5870569944381714,0.6728774309158325,1.0,1747638402.0342922
25.85481834411621,0.5006510615348816,1189,41.46302032470703,1188,1.5011329650878906,0.7076294422149658,0.02278645895421505,426.658605017,9264,1826304,1.1707879304885864,0.5870569944381714,0.6955275535583496,1.0,1747638408.48909
28.660158157348633,0.4179687798023224,1193,41.46302032470703,1192,1.5011329650878906,0.7239106297492981,0.01888020895421505,427.945303178,9296,1832448,1.0487490892410278,0.5870569944381714,0.7040843963623047,1.0,1747638409.7757924
27.30794334411621,0.3750000298023224,1209,41.46302032470703,1208,1.5011329650878906,0.6818307638168335,0.017578125,433.113506431,9424,1857024,0.9236174821853638,0.5870569944381714,0.6803722381591797,1.0,1747638414.9439857
28.947917938232422,0.4720052182674408,1211,41.46302032470703,1210,1.5011329650878906,0.6726186275482178,0.0182291679084301,433.754565232,9440,1860096,1.1005449295043945,0.5870569944381714,0.6776857972145081,1.0,1747638415.585042
27.027345657348633,0.5384114980697632,1217,41.46302032470703,1216,1.5011329650878906,0.7086954116821289,0.02083333395421505,435.697754092,9488,1869312,1.2266212701797485,0.5870569944381714,0.6684247851371765,1.0,1747638417.5282469
27.476564407348633,0.4381510615348816,1220,41.46302032470703,1219,1.5011329650878906,0.6396265625953674,0.01953125186264515,436.661479155,9512,1873920,1.0520895719528198,0.5870569944381714,0.6610665917396545,1.0,1747638418.491964
27.404949188232422,0.513671875,1235,41.46302032470703,1234,1.5011329650878906,0.853239893913269,0.0182291679084301,441.501340673,9632,1896960,1.1363229751586914,0.5870569944381714,0.6749454140663147,1.0,1747638423.3318312
28.636720657348633,0.4283854365348816,1257,41.46302032470703,1256,1.5011329650878906,0.6311467885971069,0.01953125186264515,448.589074393,9808,1930752,1.0658690929412842,0.5870569944381714,0.6935501098632812,1.0,1747638430.4195895
27.182292938232422,0.4694010615348816,1259,41.46302032470703,1258,1.5011329650878906,0.6934787034988403,0.0182291679084301,449.233498895,9824,1933824,1.0914266109466553,0.5870569944381714,0.7045243978500366,1.0,1747638431.0639982
27.494142532348633,0.5260416865348816,1284,41.46302032470703,1283,1.5011329650878906,0.6355634331703186,0.02083333395421505,457.305465924,10024,1972224,1.1874593496322632,0.5870569944381714,0.7247610688209534,1.0,1747638439.135976
28.056642532348633,0.5709635615348816,1303,42.3516731262207,1302,1.7421486377716064,0.5731222629547119,0.01888020895421505,463.531373197,10176,2001408,1.254668951034546,0.7775119543075562,0.7136119604110718,1.0,1747638445.3618479
26.697917938232422,0.5266927480697632,1317,42.3516731262207,1316,1.7421486377716064,0.5319535732269287,0.02083333395421505,468.056750495,10288,2022912,1.1723953485488892,0.7775119543075562,0.6824524402618408,1.0,1747638449.8872273
28.099611282348633,0.4140625298023224,1322,42.3516731262207,1321,1.7421486377716064,0.5482333898544312,0.01888020895421505,469.667579605,10328,2030592,1.0188508033752441,0.7775119543075562,0.7258026003837585,1.0,1747638451.4980557
28.846355438232422,0.4055989682674408,1342,42.3516731262207,1341,1.7421486377716064,0.5578310489654541,0.01888020895421505,476.10994378,10488,2061312,1.021156668663025,0.7775119543075562,0.7476975321769714,1.0,1747638457.9404323
27.39583396911621,0.5384114980697632,1349,42.3516731262207,1348,1.7421486377716064,0.5129299759864807,0.0201822929084301,478.368153306,10544,2072064,1.2019457817077637,0.7775119543075562,0.7222288846969604,1.0,1747638460.198642
28.883464813232422,0.5201823115348816,1355,42.3516731262207,1354,1.7421486377716064,0.5592238903045654,0.0182291679084301,480.310994263,10592,2081280,1.1565122604370117,0.7775119543075562,0.7014377117156982,1.0,1747638462.1414742
27.693361282348633,0.4609375298023224,1367,42.3516731262207,1366,1.7421486377716064,0.47041916847229004,0.0182291679084301,484.187676561,10688,2099712,1.0632275342941284,0.7775119543075562,0.7009011507034302,1.0,1747638466.0181813
27.97395896911621,0.4322916865348816,1380,42.3516731262207,1379,1.7421486377716064,0.6349164247512817,0.01692708395421505,488.391419272,10792,2119680,1.0222293138504028,0.7775119543075562,0.7186695337295532,1.0,1747638470.221861
28.934246063232422,0.4036458432674408,1381,42.3516731262207,1380,1.7421486377716064,0.6937790513038635,0.017578125,488.715293229,10800,2121216,0.9605457186698914,0.7775119543075562,0.7214978337287903,1.0,1747638470.5457633
28.042970657348633,0.3977864682674408,1394,42.3516731262207,1393,1.7421486377716064,0.49136900901794434,0.01888020895421505,492.917555744,10904,2141184,0.9792895317077637,0.7775119543075562,0.736377477645874,1.0,1747638474.748035
26.54427146911621,0.5839844346046448,1406,42.3516731262207,1405,1.7421486377716064,0.5613750219345093,0.0201822929084301,496.784888861,11000,2159616,1.2469297647476196,0.7775119543075562,0.7197922468185425,1.0,1747638478.6153991
27.765626907348633,0.5123698115348816,1414,42.3516731262207,1413,1.7421486377716064,0.5849422216415405,0.01953125186264515,499.368757521,11064,2171904,1.1693766117095947,0.7775119543075562,0.7377040386199951,1.0,1747638481.1992319
28.74153709411621,0.50390625,1415,42.3516731262207,1414,1.7421486377716064,0.5144714117050171,0.0201822929084301,499.689971701,11072,2173440,1.1723664999008179,0.7775119543075562,0.7188129425048828,1.0,1747638481.520462
30.055339813232422,0.4114583432674408,1417,42.3516731262207,1416,1.7421486377716064,0.49106258153915405,0.0162760429084301,500.331272696,11088,2176512,1.020911693572998,0.7775119543075562,0.7387327551841736,1.0,1747638482.161759
28.50716209411621,0.5403646230697632,1467,42.3516731262207,1466,1.7421486377716064,0.6059678792953491,0.01953125186264515,516.470017435,11488,2253312,1.1830188035964966,0.7775119543075562,0.7246474027633667,1.0,1747638498.3005013
27.96224021911621,0.556640625,1478,42.3516731262207,1477,1.7421486377716064,0.4606860876083374,0.01953125186264515,520.018519318,11576,2270208,1.2186249494552612,0.7775119543075562,0.7252543568611145,1.0,1747638501.849005
26.677736282348633,0.53125,1502,42.3516731262207,1501,1.7421486377716064,0.4877954423427582,0.01888020895421505,527.762918626,11768,2307072,1.1698660850524902,0.7775119543075562,0.7055100202560425,1.0,1747638509.5934303
26.93294334411621,0.5944010615348816,1511,42.3516731262207,1510,1.7421486377716064,0.46010851860046387,0.02083333395421505,530.66258155,11840,2320896,1.2726305723190308,0.7775119543075562,0.7053660750389099,1.0,1747638512.493046
25.546876907348633,0.4661458432674408,1523,42.3516731262207,1522,1.7421486377716064,0.4001781940460205,0.0201822929084301,534.524130542,11936,2339328,1.057066798210144,0.7775119543075562,0.6751312017440796,1.0,1747638516.3546271
27.065105438232422,0.4212239682674408,1535,42.3516731262207,1534,1.7421486377716064,0.3909180760383606,0.0182291679084301,538.381696867,12032,2357760,1.0142000913619995,0.7775119543075562,0.6951548457145691,1.0,1747638520.212199
28.24544334411621,0.3157552182674408,1538,42.3516731262207,1537,1.7421486377716064,0.3779178261756897,0.01692708395421505,539.346761855,12056,2362368,0.8729782104492188,0.7775119543075562,0.7025677561759949,1.0,1747638521.1772413
28.591798782348633,0.6210938096046448,1542,42.3516731262207,1541,1.7421486377716064,0.3857722282409668,0.0182291679084301,540.634896567,12088,2368512,1.275916576385498,0.7775119543075562,0.7029073238372803,1.0,1747638522.465398
28.72591209411621,0.4680989682674408,1546,42.3516731262207,1545,1.7421486377716064,0.3590667247772217,0.01888020895421505,541.929802797,12120,2374656,1.0951918363571167,0.7775119543075562,0.7024321556091309,1.0,1747638523.7603064
26.250001907348633,0.560546875,1579,42.3516731262207,1578,1.7421486377716064,0.387600839138031,0.01953125186264515,552.576808619,12384,2425344,1.2106400728225708,0.7775119543075562,0.7000863552093506,1.0,1747638534.4073052
28.215496063232422,0.537109375,1601,42.3516731262207,1600,1.7421486377716064,0.4048243761062622,0.017578125,559.685002457,12560,2459136,1.1473047733306885,0.7775119543075562,0.7075767517089844,1.0,1747638541.515515
29.488283157348633,0.4283854365348816,1613,42.3516731262207,1612,1.7421486377716064,0.4594147801399231,0.01692708395421505,563.558080999,12656,2477568,1.0277605056762695,0.7775119543075562,0.6904153823852539,1.0,1747638545.3885937
28.490886688232422,0.5338541865348816,1655,43.71903610229492,1654,1.7716922760009766,0.4799478054046631,0.0182291679084301,577.185338421,12992,2542080,1.1308144330978394,0.801330029964447,0.6825157403945923,1.0,1747638559.0158186
26.367189407348633,0.4290364682674408,1657,43.71903610229492,1656,1.7716922760009766,0.7745069265365601,0.01953125186264515,577.833503836,13008,2545152,1.047114610671997,0.801330029964447,0.6663553714752197,1.0,1747638559.6640103
29.73177146911621,0.4140625298023224,1673,43.71903610229492,1672,1.7716922760009766,0.4502467215061188,0.017578125,582.999001344,13136,2569728,1.0220474004745483,0.801330029964447,0.7194182872772217,1.0,1747638564.8295052
27.385417938232422,0.4427083432674408,1715,43.71903610229492,1714,1.7716922760009766,0.5531415939331055,0.01888020895421505,596.562087254,13472,2634240,1.063718557357788,0.801330029964447,0.6886862516403198,1.0,1747638578.3925867
29.04622459411621,0.4082031548023224,1751,43.71903610229492,1750,1.7716922760009766,0.6075558066368103,0.017578125,608.20469156,13760,2689536,1.04056978225708,0.801330029964447,0.7364838123321533,1.0,1747638590.0352027
26.885417938232422,0.4420573115348816,1753,43.71903610229492,1752,1.7716922760009766,0.5503329038619995,0.017578125,608.85189422,13776,2692608,1.0251133441925049,0.801330029964447,0.7580114603042603,1.0,1747638590.6823943
29.14974021911621,0.6269531846046448,1756,43.71903610229492,1755,1.7716922760009766,0.403928279876709,0.01888020895421505,609.815622772,13800,2697216,1.3009463548660278,0.801330029964447,0.7467803955078125,1.0,1747638591.6461277
27.867189407348633,0.4570312798023224,1757,43.71903610229492,1756,1.7716922760009766,0.41370612382888794,0.0201822929084301,610.140388005,13808,2698752,1.0812574625015259,0.801330029964447,0.7337403297424316,1.0,1747638591.9707823
29.598308563232422,0.5787760615348816,1758,43.71903610229492,1757,1.7716922760009766,0.41460442543029785,0.01888020895421505,610.467723637,13816,2700288,1.291853904724121,0.801330029964447,0.7546009421348572,1.0,1747638592.2980018
28.507814407348633,0.552734375,1782,43.71903610229492,1781,1.7716922760009766,0.43192893266677856,0.01953125186264515,618.224671395,14008,2737152,1.2183775901794434,0.801330029964447,0.7741239070892334,1.0,1747638600.0551627
27.761720657348633,0.5481771230697632,1805,43.71903610229492,1804,1.7716922760009766,0.4904083013534546,0.01888020895421505,625.642858166,14192,2772480,1.1907681226730347,0.801330029964447,0.7352242469787598,1.0,1747638607.473351
27.283205032348633,0.4544270932674408,1837,43.71903610229492,1836,1.7716922760009766,0.38048213720321655,0.0162760429084301,635.958327387,14448,2821632,1.0351920127868652,0.801330029964447,0.7370389699935913,1.0,1747638617.7888305
26.677736282348633,0.6165364980697632,1842,43.71903610229492,1841,1.7716922760009766,0.4037065804004669,0.0201822929084301,637.567134646,14488,2829312,1.2732096910476685,0.801330029964447,0.7470473051071167,1.0,1747638619.3976233
26.578126907348633,0.6438802480697632,1906,43.71903610229492,1905,1.7716922760009766,0.6543723344802856,0.0221354179084301,658.233715126,15000,2927616,1.335797905921936,0.801330029964447,0.7657294273376465,1.0,1747638640.064214
25.134767532348633,0.5390625,1915,43.71903610229492,1914,1.7716922760009766,0.4049248695373535,0.02083333395421505,661.145573497,15072,2941440,1.1887786388397217,0.801330029964447,0.7613220810890198,1.0,1747638642.9760609
29.15559959411621,0.5104166865348816,1930,43.71903610229492,1929,1.7716922760009766,0.4748936891555786,0.01888020895421505,665.980627009,15192,2964480,1.1700704097747803,0.801330029964447,0.7651359438896179,1.0,1747638647.8111289
26.742189407348633,0.521484375,2021,41.51278305053711,2020,1.838313102722168,0.8269301056861877,0.0201822929084301,695.432862898,15920,3104256,1.1617236137390137,0.8590240478515625,0.7812306880950928,1.0,1747638677.2633529
28.21224021911621,0.5462239980697632,2023,41.51278305053711,2022,1.838313102722168,0.3724353313446045,0.0182291679084301,696.075290644,15936,3107328,1.1756870746612549,0.8590240478515625,0.771631121635437,1.0,1747638677.9057856
28.186199188232422,0.4361979365348816,2037,41.51278305053711,2036,1.838313102722168,0.5427632331848145,0.01888020895421505,700.598431845,16048,3128832,1.0437352657318115,0.8590240478515625,0.7737054228782654,1.0,1747638682.4289093
27.820314407348633,0.6061198115348816,2050,41.51278305053711,2049,1.838313102722168,0.3795660436153412,0.01888020895421505,704.788388306,16152,3148800,1.2896144390106201,0.8590240478515625,0.7613750696182251,1.0,1747638686.618897
29.168621063232422,0.5455729365348816,2075,41.51278305053711,2074,1.838313102722168,0.41267645359039307,0.0162760429084301,712.868797044,16352,3187200,1.1555724143981934,0.8590240478515625,0.7314831018447876,1.0,1747638694.6992967
26.80208396911621,0.3932291865348816,2084,41.51278305053711,2083,1.838313102722168,0.3226861357688904,0.02083333395421505,715.77921317,16424,3201024,1.0165894031524658,0.8590240478515625,0.7449395656585693,1.0,1747638697.6097195
27.697917938232422,0.5898438096046448,2104,41.51278305053711,2103,1.838313102722168,0.35059571266174316,0.0182291679084301,722.232762999,16584,3231744,1.2202754020690918,0.8590240478515625,0.7415628433227539,1.0,1747638704.063257
28.40950584411621,0.4772135615348816,2107,41.51278305053711,2106,1.838313102722168,0.41627734899520874,0.01953125186264515,723.202879008,16608,3236352,1.105622410774231,0.8590240478515625,0.7243754267692566,1.0,1747638705.0333383
28.250652313232422,0.5781250596046448,2108,41.51278305053711,2107,1.838313102722168,0.4066160023212433,0.01953125186264515,723.527209365,16616,3237888,1.2381091117858887,0.8590240478515625,0.7356852293014526,1.0,1747638705.3576899
28.158205032348633,0.3652344048023224,2131,41.51278305053711,2130,1.838313102722168,0.3462543785572052,0.0182291679084301,730.94604138,16800,3273216,0.9537819623947144,0.8590240478515625,0.7827954888343811,1.0,1747638712.7765214
27.975261688232422,0.5735677480697632,2145,41.51278305053711,2144,1.838313102722168,0.36750903725624084,0.02083333395421505,735.459976468,16912,3294720,1.2350987195968628,0.8590240478515625,0.7532961368560791,1.0,1747638717.2904956
28.969402313232422,0.5885416865348816,2160,41.51278305053711,2159,1.838313102722168,0.3322548270225525,0.01953125186264515,740.301751995,17032,3317760,1.2489726543426514,0.8590240478515625,0.7580848932266235,1.0,1747638722.1321652
29.177736282348633,0.4863281548023224,2202,41.51278305053711,2201,1.838313102722168,0.3534806966781616,0.0182291679084301,753.87992776,17368,3382272,1.1147730350494385,0.8590240478515625,0.798652708530426,1.0,1747638735.7104013
28.77083396911621,0.4882812798023224,2209,41.51278305053711,2208,1.838313102722168,0.3297577500343323,0.017578125,756.135410891,17424,3393024,1.1043050289154053,0.8590240478515625,0.8197900652885437,1.0,1747638737.9659097
29.30989646911621,0.6608073115348816,2230,41.51278305053711,2229,1.838313102722168,0.3698222041130066,0.0182291679084301,762.897972934,17592,3425280,1.3324333429336548,0.8590240478515625,0.8055275678634644,1.0,1747638744.728461
28.85481834411621,0.6367188096046448,2239,41.51278305053711,2238,1.838313102722168,0.3531169295310974,0.01953125186264515,765.81161612,17664,3439104,1.3216553926467896,0.8590240478515625,0.8079535961151123,1.0,1747638747.6420956
28.768230438232422,0.4667969048023224,2241,41.51278305053711,2240,1.838313102722168,0.3758198618888855,0.0182291679084301,766.453267519,17680,3442176,1.06556236743927,0.8590240478515625,0.8012300729751587,1.0,1747638748.2837455
28.76106834411621,0.5729166865348816,2260,41.51278305053711,2259,1.838313102722168,0.4225083589553833,0.0201822929084301,772.588659544,17832,3471360,1.2351393699645996,0.8590240478515625,0.7658299207687378,1.0,1747638754.4191287
28.250652313232422,0.5201823115348816,2273,41.51278305053711,2272,1.838313102722168,0.34648817777633667,0.0182291679084301,776.789358381,17936,3491328,1.125162959098816,0.8590240478515625,0.8165631890296936,1.0,1747638758.6198564
29.975261688232422,0.5651041865348816,2276,44.473243713378906,2275,1.8308779001235962,0.33071744441986084,0.017578125,777.827368199,17960,3495936,1.219193935394287,0.851170539855957,0.8221843838691711,1.0,1747638759.6578639
28.876955032348633,0.5631510615348816,2283,44.473243713378906,2282,1.8308779001235962,0.35057663917541504,0.0162760429084301,780.082033501,18016,3506688,1.214096188545227,0.851170539855957,0.8219033479690552,1.0,1747638761.912531
28.88802146911621,0.4954427480697632,2284,44.473243713378906,2283,1.8308779001235962,0.37089717388153076,0.01692708395421505,780.406775089,18024,3508224,1.101231575012207,0.851170539855957,0.8178784847259521,1.0,1747638762.237256
29.32747459411621,0.5911458730697632,2286,44.473243713378906,2285,1.8308779001235962,0.3783761262893677,0.01692708395421505,781.055597354,18040,3511296,1.1961027383804321,0.851170539855957,0.8286581039428711,1.0,1747638762.886028
28.033205032348633,0.6666666865348816,2294,44.473243713378906,2293,1.8308779001235962,0.3278201222419739,0.02083333395421505,783.640227499,18104,3523584,1.3470103740692139,0.851170539855957,0.825412392616272,1.0,1747638765.470713
28.72005271911621,0.5592448115348816,2313,44.473243713378906,2312,1.8308779001235962,0.31363967061042786,0.017578125,789.767606068,18256,3552768,1.1774427890777588,0.851170539855957,0.8316705226898193,1.0,1747638771.5980937
28.545574188232422,0.5677083730697632,2332,44.473243713378906,2331,1.8308779001235962,0.3163912296295166,0.017578125,795.919029825,18408,3581952,1.2104904651641846,0.851170539855957,0.8320449590682983,1.0,1747638777.7494178
28.424480438232422,0.5481771230697632,2336,44.473243713378906,2335,1.8308779001235962,0.35189664363861084,0.017578125,797.209564333,18440,3588096,1.18143630027771,0.851170539855957,0.8183670043945312,1.0,1747638779.0400608
27.711589813232422,0.4537760615348816,2344,44.473243713378906,2343,1.8308779001235962,0.3149417042732239,0.0182291679084301,799.792945055,18504,3600384,1.0485565662384033,0.851170539855957,0.8228467702865601,1.0,1747638781.623433
26.643230438232422,0.5865885615348816,2348,44.473243713378906,2347,1.8308779001235962,0.35399508476257324,0.0201822929084301,801.087262627,18536,3606528,1.2127447128295898,0.851170539855957,0.8164852857589722,1.0,1747638782.9177334
29.609376907348633,0.6484375596046448,2351,44.473243713378906,2350,1.8308779001235962,0.3858875334262848,0.01692708395421505,802.055924658,18560,3611136,1.3064242601394653,0.851170539855957,0.8254331946372986,1.0,1747638783.8864038
28.56575584411621,0.5494791865348816,2360,44.473243713378906,2359,1.8308779001235962,0.36272120475769043,0.017578125,804.959786829,18632,3624960,1.173538327217102,0.851170539855957,0.8428230285644531,1.0,1747638786.790286
28.29817771911621,0.5006510615348816,2368,44.473243713378906,2367,1.8308779001235962,0.3528418242931366,0.0182291679084301,807.554164391,18696,3637248,1.1158000230789185,0.851170539855957,0.8400530219078064,1.0,1747638789.3846633
29.346355438232422,0.5930989980697632,2372,44.473243713378906,2371,1.8308779001235962,0.33421167731285095,0.0182291679084301,808.841432184,18728,3643392,1.2353485822677612,0.851170539855957,0.8312937021255493,1.0,1747638790.6719258
27.699871063232422,0.6282552480697632,2420,44.473243713378906,2419,1.8308779001235962,0.3493717908859253,0.01953125186264515,824.351291839,19112,3717120,1.3046578168869019,0.851170539855957,0.8233417272567749,1.0,1747638806.181785
27.36067771911621,0.6263021230697632,2438,44.473243713378906,2437,1.8308779001235962,0.31435009837150574,0.02083333395421505,830.15980031,19256,3744768,1.3210426568984985,0.851170539855957,0.8165338039398193,1.0,1747638811.9902976
26.941408157348633,0.6080729365348816,2441,44.473243713378906,2440,1.8308779001235962,0.369714617729187,0.02083333395421505,831.131035897,19280,3749376,1.276105523109436,0.851170539855957,0.8429335951805115,1.0,1747638812.9615207
29.28255271911621,0.5774739980697632,2442,44.473243713378906,2441,1.8308779001235962,0.29700762033462524,0.0182291679084301,831.455190905,19288,3750912,1.2593106031417847,0.851170539855957,0.8064401149749756,1.0,1747638813.285695
28.172527313232422,0.4791666865348816,2473,44.473243713378906,2472,1.8308779001235962,0.3616628050804138,0.01692708395421505,841.443674493,19536,3798528,1.1359115839004517,0.851170539855957,0.8403061032295227,1.0,1747638823.2741423
28.93294334411621,0.5520833730697632,2474,44.473243713378906,2473,1.8308779001235962,0.2817317545413971,0.01692708395421505,841.766735359,19544,3800064,1.1916983127593994,0.851170539855957,0.851888120174408,1.0,1747638823.5972238
28.213542938232422,0.6315104365348816,2480,44.473243713378906,2479,1.8308779001235962,0.2705668807029724,0.0182291679084301,843.700835565,19592,3809280,1.2864001989364624,0.851170539855957,0.8447818756103516,1.0,1747638825.5313272
28.394533157348633,0.6738281846046448,2492,44.473243713378906,2491,1.8308779001235962,0.27990514039993286,0.0201822929084301,847.579146438,19688,3827712,1.367934226989746,0.851170539855957,0.860780656337738,1.0,1747638829.4096522
29.31770896911621,0.5397135615348816,2547,44.473243713378906,2546,1.8308779001235962,0.2703561782836914,0.0162760429084301,865.328076734,20128,3912192,1.1433558464050293,0.851170539855957,0.8328438997268677,1.0,1747638847.1585913
28.758464813232422,0.5384114980697632,2549,44.473243713378906,2548,1.8308779001235962,0.26864945888519287,0.0201822929084301,865.972349328,20144,3915264,1.1721693277359009,0.851170539855957,0.8326976299285889,1.0,1747638847.8028398
26.856121063232422,0.4355469048023224,2555,44.473243713378906,2554,1.8308779001235962,0.24314510822296143,0.01953125186264515,867.90448439,20192,3924480,1.0203568935394287,0.851170539855957,0.8604328632354736,1.0,1747638849.734977
27.156902313232422,0.5970052480697632,2559,44.473243713378906,2558,1.8308779001235962,0.32315874099731445,0.017578125,869.194877393,20224,3930624,1.213913083076477,0.851170539855957,0.8354461789131165,1.0,1747638851.0253522
27.302736282348633,0.5514323115348816,2584,44.473243713378906,2583,1.8308779001235962,0.3018133342266083,0.0182291679084301,877.253243171,20424,3969024,1.1371550559997559,0.851170539855957,0.8532419204711914,1.0,1747638859.083724
27.96614646911621,0.5618489980697632,2591,44.473243713378906,2590,1.8308779001235962,0.25469547510147095,0.0182291679084301,879.508496717,20480,3979776,1.183605670928955,0.851170539855957,0.8653644323348999,1.0,1747638861.3389988
26.56380271911621,0.4687500298023224,2606,42.52903747558594,2605,1.8904569149017334,0.2762432396411896,0.01953125186264515,884.44179328,20600,4002816,1.0899330377578735,0.9037390947341919,0.8965969085693359,1.0,1747638866.272296
29.402345657348633,0.5592448115348816,2609,42.52903747558594,2608,1.8904569149017334,0.27764761447906494,0.0182291679084301,885.404821136,20624,4007424,1.1923309564590454,0.9037390947341919,0.8863978385925293,1.0,1747638867.2353282
25.978517532348633,0.5123698115348816,2611,42.52903747558594,2610,1.8904569149017334,0.3064105212688446,0.0201822929084301,886.053927535,20640,4010496,1.15694260597229,0.9037390947341919,0.8939684629440308,1.0,1747638867.8844337
28.03841209411621,0.4960937798023224,2619,42.52903747558594,2618,1.8904569149017334,0.25254887342453003,0.01888020895421505,888.636518315,20704,4022784,1.1272087097167969,0.9037390947341919,0.8848232626914978,1.0,1747638870.4670334
28.815105438232422,0.5390625,2621,42.52903747558594,2620,1.8904569149017334,0.2684783935546875,0.0182291679084301,889.283150033,20720,4025856,1.1550191640853882,0.9037390947341919,0.8716915249824524,1.0,1747638871.113656
27.76106834411621,0.529296875,2626,42.52903747558594,2625,1.8904569149017334,0.2892574965953827,0.0201822929084301,890.897362574,20760,4033536,1.1803361177444458,0.9037390947341919,0.8741254806518555,1.0,1747638872.7278416
27.320964813232422,0.6341146230697632,2640,42.52903747558594,2639,1.8904569149017334,0.30311375856399536,0.0201822929084301,895.414994625,20872,4055040,1.3097681999206543,0.9037390947341919,0.8657972812652588,1.0,1747638877.2454677
29.977214813232422,0.4270833432674408,2655,42.52903747558594,2654,1.8904569149017334,0.30065038800239563,0.015625,900.241980351,20992,4078080,1.0115407705307007,0.9037390947341919,0.8759393692016602,1.0,1747638882.0724874
29.228517532348633,0.6171875596046448,2658,42.52903747558594,2657,1.8904569149017334,0.2542688250541687,0.01692708395421505,901.223817364,21016,4082688,1.2343751192092896,0.9037390947341919,0.8666684031486511,1.0,1747638883.0543106
27.095705032348633,0.5983073115348816,2671,42.52903747558594,2670,1.8904569149017334,0.3173375129699707,0.0201822929084301,905.416763618,21120,4102656,1.2486885786056519,0.9037390947341919,0.8809438347816467,1.0,1747638887.2472565
29.606121063232422,0.5891927480697632,2694,42.52903747558594,2693,1.8904569149017334,0.28158873319625854,0.0201822929084301,912.833503508,21304,4137984,1.2744959592819214,0.9037390947341919,0.8637068271636963,1.0,1747638894.6639724
26.783205032348633,0.5611979365348816,2698,42.52903747558594,2697,1.8904569149017334,0.28113991022109985,0.0201822929084301,914.12347975,21336,4144128,1.1950081586837769,0.9037390947341919,0.8516643643379211,1.0,1747638895.9539592
29.272136688232422,0.5924479365348816,2706,42.52903747558594,2705,1.8904569149017334,0.2624374032020569,0.0182291679084301,916.70723236,21400,4156416,1.241960048675537,0.9037390947341919,0.8605639934539795,1.0,1747638898.5377493
27.66536521911621,0.6295573115348816,2724,42.52903747558594,2723,1.8904569149017334,0.41344377398490906,0.0201822929084301,922.517455495,21544,4184064,1.2916876077651978,0.9037390947341919,0.8946298360824585,1.0,1747638904.3479598
26.770183563232422,0.6269531846046448,2728,42.52903747558594,2727,1.8904569149017334,0.393764853477478,0.0201822929084301,923.806692191,21576,4190208,1.2974960803985596,0.9037390947341919,0.8710400462150574,1.0,1747638905.6371934
27.308595657348633,0.4817708730697632,2732,42.52903747558594,2731,1.8904569149017334,0.22597262263298035,0.01953125186264515,925.100074961,21608,4196352,1.0870089530944824,0.9037390947341919,0.8771154284477234,1.0,1747638906.9305801
27.277345657348633,0.5677083730697632,2734,42.52903747558594,2733,1.8904569149017334,0.24382245540618896,0.01953125186264515,925.741148922,21624,4199424,1.2257510423660278,0.9037390947341919,0.8548955321311951,1.0,1747638907.571674
29.928386688232422,0.5963541865348816,2738,42.52903747558594,2737,1.8904569149017334,0.24657297134399414,0.01953125186264515,927.028127494,21656,4205568,1.2658069133758545,0.9037390947341919,0.864354133605957,1.0,1747638908.8586373
29.781251907348633,0.6106771230697632,2754,42.52903747558594,2753,1.8904569149017334,0.2862737774848938,0.0182291679084301,932.196637919,21784,4230144,1.2548234462738037,0.9037390947341919,0.8908910751342773,1.0,1747638914.0271373
27.27474021911621,0.5833333730697632,2758,42.52903747558594,2757,1.8904569149017334,0.4213159680366516,0.0201822929084301,933.489043467,21816,4236288,1.2477705478668213,0.9037390947341919,0.8654563426971436,1.0,1747638915.319537
27.697267532348633,0.5755208730697632,2774,42.52903747558594,2773,1.8904569149017334,0.29399436712265015,0.01692708395421505,938.648452947,21944,4260864,1.1938995122909546,0.9037390947341919,0.8693524599075317,1.0,1747638920.4789464
29.082683563232422,0.5807291865348816,2801,42.52903747558594,2800,1.8904569149017334,0.2494959831237793,0.017578125,947.361802146,22160,4302336,1.2231193780899048,0.9037390947341919,0.8925737142562866,1.0,1747638929.192295
27.938152313232422,0.6132813096046448,2822,42.52903747558594,2821,1.8904569149017334,0.25579944252967834,0.01888020895421505,954.1365806,22328,4334592,1.2828890085220337,0.9037390947341919,0.8672234416007996,1.0,1747638935.9670293
27.76497459411621,0.5878906846046448,2835,42.52903747558594,2834,1.8904569149017334,0.27858325839042664,0.02083333395421505,958.329739893,22432,4354560,1.2533196210861206,0.9037390947341919,0.869898796081543,1.0,1747638940.1602142
27.679689407348633,0.6165364980697632,2857,42.52903747558594,2856,1.8904569149017334,0.23322756588459015,0.0201822929084301,965.419841346,22608,4388352,1.307658314704895,0.9037390947341919,0.8574323654174805,1.0,1747638947.2503285
27.900392532348633,0.5865885615348816,2879,42.52903747558594,2878,1.8904569149017334,0.23359771072864532,0.0182291679084301,972.514001599,22784,4422144,1.2215733528137207,0.9037390947341919,0.8789420127868652,1.0,1747638954.3444629
26.175783157348633,0.5625,2889,42.52903747558594,2888,1.8904569149017334,0.21290774643421173,0.02083333395421505,975.737212191,22864,4437504,1.2178019285202026,0.9037390947341919,0.8887004852294922,1.0,1747638957.5676343
27.44856834411621,0.533203125,2908,42.52903747558594,2907,1.8904569149017334,0.19935595989227295,0.0182291679084301,981.861381935,23016,4466688,1.1349289417266846,0.9037390947341919,0.8894785642623901,1.0,1747638963.6918795
26.861980438232422,0.55859375,2933,40.58646774291992,2932,1.9053611755371094,0.221533864736557,0.01888020895421505,989.996237806,23216,4505088,1.2389700412750244,0.9157894849777222,0.9161936640739441,1.0,1747638971.826719
28.67317771911621,0.5742188096046448,2940,40.58646774291992,2939,1.9053611755371094,0.2621491253376007,0.0201822929084301,992.251060223,23272,4515840,1.1955071687698364,0.9157894849777222,0.9338811635971069,1.0,1747638974.0815637
28.572917938232422,0.5807291865348816,2950,40.58646774291992,2949,1.9053611755371094,0.19839432835578918,0.0182291679084301,995.467183626,23352,4531200,1.2471140623092651,0.9157894849777222,0.900550365447998,1.0,1747638977.2976875
28.424480438232422,0.6536458730697632,2961,40.58646774291992,2960,1.9053611755371094,0.3268858790397644,0.01953125186264515,999.012354332,23440,4548096,1.3657073974609375,0.9157894849777222,0.9206801652908325,1.0,1747638980.8428261
25.902996063232422,0.5657552480697632,3030,40.58646774291992,3029,1.9053611755371094,0.1975616067647934,0.01888020895421505,1021.268328721,23992,4654080,1.2141014337539673,0.9157894849777222,0.9826343059539795,1.0,1747639003.0988336
26.969402313232422,0.6503906846046448,3039,40.58646774291992,3038,1.9053611755371094,0.23463541269302368,0.02148437686264515,1024.190786073,24064,4667904,1.3517019748687744,0.9157894849777222,0.9794682264328003,1.0,1747639006.0212696
27.717449188232422,0.4615885615348816,3040,40.58646774291992,3039,1.9053611755371094,0.21835821866989136,0.017578125,1024.51197958,24072,4669440,0.9973052740097046,0.9157894849777222,0.9729717969894409,1.0,1747639006.3424754
27.00520896911621,0.5852864980697632,3041,40.58646774291992,3040,1.9053611755371094,0.20878802239894867,0.02148437686264515,1024.832952353,24080,4670976,1.279451847076416,0.9157894849777222,0.9710595607757568,1.0,1747639006.663461
27.77864646911621,0.4518229365348816,3043,40.58646774291992,3042,1.9053611755371094,0.2546321451663971,0.01692708395421505,1025.480859517,24096,4674048,1.032051682472229,0.9157894849777222,0.9892916679382324,1.0,1747639007.311349
28.500001907348633,0.5865885615348816,3056,40.58646774291992,3055,1.9053611755371094,0.24137219786643982,0.0182291679084301,1029.681062152,24200,4694016,1.2438234090805054,0.9157894849777222,0.9766703844070435,1.0,1747639011.5115669
28.578777313232422,0.6503906846046448,3075,40.58646774291992,3074,1.9053611755371094,0.2881779074668884,0.0182291679084301,1035.815736749,24352,4723200,1.3293869495391846,0.9157894849777222,0.9792793989181519,1.0,1747639017.6462288
28.330080032348633,0.6250000596046448,3081,40.58646774291992,3080,1.9053611755371094,0.2041509747505188,0.01953125186264515,1037.750288491,24400,4732416,1.3086800575256348,0.9157894849777222,0.9838615655899048,1.0,1747639019.5807939
26.80403709411621,0.5481771230697632,3091,40.58646774291992,3090,1.9053611755371094,0.2072310447692871,0.01888020895421505,1040.977002916,24480,4747776,1.210715651512146,0.9157894849777222,0.9808829426765442,1.0,1747639022.807512
25.645183563232422,0.6497396230697632,3093,40.58646774291992,3092,1.9053611755371094,0.18489864468574524,0.02148437686264515,1041.620425883,24496,4750848,1.3431990146636963,0.9157894849777222,0.9801065325737,1.0,1747639023.450924
27.197917938232422,0.5885416865348816,3096,40.58646774291992,3095,1.9053611755371094,0.31321975588798523,0.01953125186264515,1042.589490228,24520,4755456,1.2736737728118896,0.9157894849777222,0.997304379940033,1.0,1747639024.4199839
28.714845657348633,0.5703125,3116,40.58646774291992,3115,1.9053611755371094,0.18348217010498047,0.01692708395421505,1049.031636432,24680,4786176,1.2013524770736694,0.9157894849777222,0.9833459854125977,1.0,1747639030.8621383
26.41145896911621,0.5260416865348816,3135,40.58646774291992,3134,1.9053611755371094,0.2713809609413147,0.0201822929084301,1055.18537682,24832,4815360,1.1380834579467773,0.9157894849777222,0.9666808247566223,1.0,1747639037.0158792
28.770183563232422,0.6861979365348816,3139,40.58646774291992,3138,1.9053611755371094,0.1926664412021637,0.01953125186264515,1056.472526243,24864,4821504,1.395552158355713,0.9157894849777222,0.9963616132736206,1.0,1747639038.3030307
26.852214813232422,0.6171875596046448,3144,40.58646774291992,3143,1.9053611755371094,0.47648459672927856,0.02278645895421505,1058.082173159,24904,4829184,1.2800003290176392,0.9157894849777222,0.9985613822937012,1.0,1747639039.9126763
27.844402313232422,0.6302083730697632,3168,40.58646774291992,3167,1.9053611755371094,0.20706436038017273,0.0201822929084301,1065.827931866,25096,4866048,1.320767879486084,0.9157894849777222,1.00294828414917,1.0,1747639047.6584177
28.820314407348633,0.5937500596046448,3175,40.58646774291992,3174,1.9053611755371094,0.2804226875305176,0.01953125186264515,1068.085436985,25152,4876800,1.2362607717514038,0.9157894849777222,0.9805448055267334,1.0,1747639049.9159262
26.166667938232422,0.6289063096046448,3187,40.58646774291992,3186,1.9053611755371094,0.22839349508285522,0.02148437686264515,1071.948911905,25248,4895232,1.3063526153564453,0.9157894849777222,0.9856445789337158,1.0,1747639053.779414
27.49153709411621,0.5846354365348816,3191,40.58646774291992,3190,1.9053611755371094,0.28892627358436584,0.01953125186264515,1073.235571609,25280,4901376,1.2347882986068726,0.9157894849777222,0.9925098419189453,1.0,1747639055.0660737
27.281251907348633,0.6699219346046448,3192,40.58646774291992,3191,1.9053611755371094,0.1940426528453827,0.02083333395421505,1073.559462795,25288,4902912,1.3715041875839233,0.9157894849777222,0.9892417192459106,1.0,1747639055.3899505
28.12044334411621,0.6562500596046448,3193,40.58646774291992,3192,1.9053611755371094,0.2099861204624176,0.01953125186264515,1073.883043138,25296,4904448,1.3426036834716797,0.9157894849777222,0.9763372540473938,1.0,1747639055.7135532
28.953126907348633,0.5358073115348816,3194,40.58646774291992,3193,1.9053611755371094,0.21376687288284302,0.01888020895421505,1074.206662324,25304,4905984,1.1929693222045898,0.9157894849777222,0.9661182165145874,1.0,1747639056.0371506
27.795574188232422,0.5989583730697632,3197,40.58646774291992,3196,1.9053611755371094,0.2084175944328308,0.01953125186264515,1075.175671795,25328,4910592,1.2396386861801147,0.9157894849777222,0.9628833532333374,1.0,1747639057.0061674
27.033205032348633,0.6126302480697632,3217,40.58646774291992,3216,1.9053611755371094,0.21807244420051575,0.01953125186264515,1081.635717483,25488,4941312,1.2278971672058105,0.9157894849777222,0.9963077306747437,1.0,1747639063.466202
27.41731834411621,0.5917969346046448,3231,40.58646774291992,3230,1.9053611755371094,0.20587076246738434,0.0201822929084301,1086.152808523,25600,4962816,1.311488151550293,0.9157894849777222,0.9831230640411377,1.0,1747639067.983126
27.500001907348633,0.5755208730697632,3249,40.58646774291992,3248,1.9053611755371094,0.19140766561031342,0.0201822929084301,1091.975466421,25744,4990464,1.2316638231277466,0.9157894849777222,0.9863665103912354,1.0,1747639073.8059707
27.959636688232422,0.529296875,3254,42.50240707397461,3253,1.9027137756347656,0.22181850671768188,0.0182291679084301,1093.659021243,25784,4998144,1.1234279870986938,0.9126603007316589,0.9656341671943665,1.0,1747639075.4895153
27.98958396911621,0.533203125,3263,42.50240707397461,3262,1.9027137756347656,0.1864495724439621,0.01953125186264515,1096.56025937,25856,5011968,1.1711128950119019,0.9126603007316589,0.9583798050880432,1.0,1747639078.3907707
27.703777313232422,0.5013021230697632,3271,42.50240707397461,3270,1.9027137756347656,0.2054750919342041,0.0201822929084301,1099.135644373,25920,5024256,1.1562223434448242,0.9126603007316589,0.9957222938537598,1.0,1747639080.9661415
27.36458396911621,0.521484375,3302,42.50240707397461,3301,1.9027137756347656,0.17954057455062866,0.0182291679084301,1109.133465794,26168,5071872,1.1174360513687134,0.9126603007316589,0.9791918992996216,1.0,1747639090.9639661
27.70638084411621,0.3828125298023224,3304,42.50240707397461,3303,1.9027137756347656,0.2098466157913208,0.01953125186264515,1109.78097298,26184,5074944,0.9437678456306458,0.9126603007316589,0.967985212802887,1.0,1747639091.6114764
26.04817771911621,0.5423177480697632,3305,42.50240707397461,3304,1.9027137756347656,0.23666751384735107,0.0221354179084301,1110.103498865,26192,5076480,1.2170071601867676,0.9126603007316589,0.966346263885498,1.0,1747639091.9339867
26.773439407348633,0.5286458730697632,3311,42.50240707397461,3310,1.9027137756347656,0.17965707182884216,0.0201822929084301,1112.043718305,26240,5085696,1.1843628883361816,0.9126603007316589,0.9667184352874756,1.0,1747639093.8741913
27.88411521911621,0.5807291865348816,3318,42.50240707397461,3317,1.9027137756347656,0.19641539454460144,0.0201822929084301,1114.310422783,26296,5096448,1.2513443231582642,0.9126603007316589,0.98386150598526,1.0,1747639096.1409276
28.099611282348633,0.6256510615348816,3336,42.50240707397461,3335,1.9027137756347656,0.2353169471025467,0.01953125186264515,1120.12986935,26440,5124096,1.2962522506713867,0.9126603007316589,1.0036771297454834,1.0,1747639101.9603753
27.58919334411621,0.56640625,3345,42.50240707397461,3344,1.9027137756347656,0.304027259349823,0.0182291679084301,1123.022215053,26512,5137920,1.1992251873016357,0.9126603007316589,1.0003809928894043,1.0,1747639104.8527117
27.71809959411621,0.6093750596046448,3366,42.50240707397461,3365,1.9027137756347656,0.20872610807418823,0.0182291679084301,1129.799638002,26680,5170176,1.2885123491287231,0.9126603007316589,1.0095903873443604,1.0,1747639111.630128
28.98567771911621,0.6210938096046448,3394,42.50240707397461,3393,1.9027137756347656,0.20265211164951324,0.01888020895421505,1138.826282167,26904,5213184,1.3066340684890747,0.9126603007316589,1.0189933776855469,1.0,1747639120.6567686
27.427736282348633,0.5729166865348816,3400,42.50240707397461,3399,1.9027137756347656,0.24598342180252075,0.0182291679084301,1140.762614117,26952,5222400,1.1917860507965088,0.9126603007316589,0.9971144795417786,1.0,1747639122.5930932
26.513673782348633,0.5091146230697632,3408,42.50240707397461,3407,1.9027137756347656,0.188103586435318,0.0201822929084301,1143.343815466,27016,5234688,1.1485838890075684,0.9126603007316589,1.0388236045837402,1.0,1747639125.1742933
26.214845657348633,0.55078125,3424,42.50240707397461,3423,1.9027137756347656,0.20867778360843658,0.0201822929084301,1148.493410007,27144,5259264,1.1661416292190552,0.9126603007316589,1.0220317840576172,1.0,1747639130.3239055
27.85091209411621,0.4342448115348816,3425,42.50240707397461,3424,1.9027137756347656,0.22590427100658417,0.0182291679084301,1148.81373164,27152,5260800,1.0258785486221313,0.9126603007316589,0.9928527474403381,1.0,1747639130.6442285
28.819011688232422,0.6848958730697632,3451,42.50240707397461,3450,1.9027137756347656,0.23281925916671753,0.01953125186264515,1157.178354738,27360,5300736,1.3697917461395264,0.9126603007316589,0.9857181906700134,1.0,1747639139.0088587
27.08333396911621,0.5930989980697632,3462,42.50240707397461,3461,1.9027137756347656,0.23585399985313416,0.01888020895421505,1160.727146378,27448,5317632,1.2588064670562744,0.9126603007316589,1.0094693899154663,1.0,1747639142.5576634
26.92317771911621,0.5533854365348816,3469,42.50240707397461,3468,1.9027137756347656,0.23615235090255737,0.0201822929084301,1162.99266675,27504,5328384,1.2305113077163696,0.9126603007316589,1.0070922374725342,1.0,1747639144.8230648
26.261720657348633,0.6080729365348816,3484,42.50240707397461,3483,1.9027137756347656,0.203562930226326,0.0201822929084301,1167.840329575,27624,5351424,1.2559235095977783,0.9126603007316589,1.0237256288528442,1.0,1747639149.6708264
29.389324188232422,0.5872396230697632,3498,42.50240707397461,3497,1.9027137756347656,0.22403043508529663,0.0182291679084301,1172.352764897,27736,5372928,1.314217209815979,0.9126603007316589,1.042511224746704,1.0,1747639154.1832688
27.24544334411621,0.5364583730697632,3499,42.50240707397461,3498,1.9027137756347656,0.2294202595949173,0.0182291679084301,1172.674001659,27744,5374464,1.1400009393692017,0.9126603007316589,1.0288954973220825,1.0,1747639154.5044496
27.93880271911621,0.501953125,3540,42.50240707397461,3539,1.9027137756347656,0.17898714542388916,0.01888020895421505,1185.897833626,28072,5437440,1.1137179136276245,0.9126603007316589,1.0235557556152344,1.0,1747639167.7283156
26.916667938232422,0.6503906846046448,3541,42.50240707397461,3540,1.9027137756347656,0.1918071061372757,0.02148437686264515,1186.22140752,28080,5438976,1.3429991006851196,0.9126603007316589,1.0055335760116577,1.0,1747639168.0519023
27.549480438232422,0.6484375596046448,3545,42.50240707397461,3544,1.9027137756347656,0.1798754632472992,0.02083333395421505,1187.508987536,28112,5445120,1.33148193359375,0.9126603007316589,1.0209916830062866,1.0,1747639169.33949
28.033205032348633,0.7076823115348816,3552,42.50240707397461,3551,1.9027137756347656,0.1842205822467804,0.0201822929084301,1189.764207747,28168,5455872,1.4153646230697632,0.9126603007316589,1.0082262754440308,1.0,1747639171.594711
27.906902313232422,0.6608073115348816,3555,42.50240707397461,3554,1.9027137756347656,0.24874281883239746,0.01888020895421505,1190.732541372,28192,5460480,1.3368299007415771,0.9126603007316589,1.0100209712982178,1.0,1747639172.5630271
27.871746063232422,0.6236979365348816,3596,39.22660827636719,3595,1.866987705230713,0.1575714647769928,0.0201822929084301,1204.038042489,28520,5523456,1.327437162399292,0.8823099136352539,1.0170567035675049,1.0,1747639185.86855
27.332033157348633,0.6028646230697632,3598,39.22660827636719,3597,1.866987705230713,0.18932846188545227,0.0201822929084301,1204.684528627,28536,5526528,1.277779221534729,0.8823099136352539,1.0042304992675781,1.0,1747639186.5150228
27.347658157348633,0.5846354365348816,3602,39.22660827636719,3601,1.866987705230713,0.17856639623641968,0.02083333395421505,1205.977324732,28568,5532672,1.254650354385376,0.8823099136352539,1.019289255142212,1.0,1747639187.807809
26.24349021911621,0.5781250596046448,3613,39.22660827636719,3612,1.866987705230713,0.17560623586177826,0.02083333395421505,1209.523521086,28656,5549568,1.2704932689666748,0.8823099136352539,1.021132230758667,1.0,1747639191.3540287
27.045574188232422,0.7102864980697632,3637,39.22660827636719,3636,1.866987705230713,0.1696806252002716,0.02278645895421505,1217.260668485,28848,5586432,1.4205729961395264,0.8823099136352539,1.0495190620422363,1.0,1747639199.0911558
26.023439407348633,0.5091146230697632,3662,39.22660827636719,3661,1.866987705230713,0.17080238461494446,0.01953125186264515,1225.33734391,29048,5624832,1.1288015842437744,0.8823099136352539,1.050591230392456,1.0,1747639207.1678228
25.82942771911621,0.5201823115348816,3677,39.22660827636719,3676,1.866987705230713,0.15477776527404785,0.0201822929084301,1230.186869864,29168,5647872,1.1809782981872559,0.8823099136352539,1.044404149055481,1.0,1747639212.0173743
25.779949188232422,0.6113281846046448,3678,39.22660827636719,3677,1.866987705230713,0.18851648271083832,0.02083333395421505,1230.510769175,29176,5649408,1.2847181558609009,0.8823099136352539,1.04575777053833,1.0,1747639212.3412552
27.586589813232422,0.5937500596046448,3684,39.22660827636719,3683,1.866987705230713,0.26833927631378174,0.01953125186264515,1232.440077333,29224,5658624,1.2603567838668823,0.8823099136352539,1.0360010862350464,1.0,1747639214.270591
26.76497459411621,0.6276041865348816,3703,39.22660827636719,3702,1.866987705230713,0.15196344256401062,0.02148437686264515,1238.575650714,29376,5687808,1.338545560836792,0.8823099136352539,1.0519429445266724,1.0,1747639220.4061465
27.062501907348633,0.5078125,3705,39.22660827636719,3704,1.866987705230713,0.16912555694580078,0.0201822929084301,1239.220407541,29392,5690880,1.1427656412124634,0.8823099136352539,1.03688645362854,1.0,1747639221.0508935
27.360027313232422,0.5761719346046448,3714,39.22660827636719,3713,1.866987705230713,0.14864720404148102,0.02083333395421505,1242.118994336,29464,5704704,1.237509846687317,0.8823099136352539,1.03487229347229,1.0,1747639223.9495084
28.018230438232422,0.5983073115348816,3736,39.22660827636719,3735,1.866987705230713,0.19415238499641418,0.02083333395421505,1249.212167362,29640,5738496,1.2786310911178589,0.8823099136352539,1.0406947135925293,1.0,1747639231.042662
28.215496063232422,0.6712239980697632,3763,39.22660827636719,3762,1.866987705230713,0.15798157453536987,0.0221354179084301,1257.916141869,29856,5779968,1.3624780178070068,0.8823099136352539,1.0554699897766113,1.0,1747639239.7466404
28.063152313232422,0.5781250596046448,3772,39.22660827636719,3771,1.866987705230713,0.25056490302085876,0.01953125186264515,1260.81305241,29928,5793792,1.2369898557662964,0.8823099136352539,1.0339343547821045,1.0,1747639242.6435533
27.52864646911621,0.6660156846046448,3773,39.22660827636719,3772,1.866987705230713,0.2128940373659134,0.0221354179084301,1261.134690811,29936,5795328,1.3762305974960327,0.8823099136352539,1.041520595550537,1.0,1747639242.9651742
26.751955032348633,0.6158854365348816,3775,39.22660827636719,3774,1.866987705230713,0.2853734493255615,0.02278645895421505,1261.778871849,29952,5798400,1.3104956150054932,0.8823099136352539,1.0335631370544434,1.0,1747639243.6093645
27.84309959411621,0.6145833730697632,3785,39.22660827636719,3784,1.866987705230713,0.20458488166332245,0.0201822929084301,1265.007627992,30032,5813760,1.2622915506362915,0.8823099136352539,1.0562033653259277,1.0,1747639246.8381233
26.178386688232422,0.6608073115348816,3788,39.22660827636719,3787,1.866987705230713,0.21523673832416534,0.0221354179084301,1265.973641435,30056,5818368,1.3612889051437378,0.8823099136352539,1.041839599609375,1.0,1747639247.8041608
27.507814407348633,0.6432291865348816,3792,39.22660827636719,3791,1.866987705230713,0.1438656747341156,0.01888020895421505,1267.271655841,30088,5824512,1.3006043434143066,0.8823099136352539,1.0536229610443115,1.0,1747639249.1021392
26.545574188232422,0.4817708730697632,3798,39.22660827636719,3797,1.866987705230713,0.18588221073150635,0.01953125186264515,1269.206422174,30136,5833728,1.0663045644760132,0.8823099136352539,1.0465105772018433,1.0,1747639251.036924
28.138673782348633,0.6790364980697632,3802,39.22660827636719,3801,1.866987705230713,0.16934719681739807,0.02148437686264515,1270.505170296,30168,5839872,1.3869421482086182,0.8823099136352539,1.034536600112915,1.0,1747639252.3356898
26.669923782348633,0.6009114980697632,3820,39.22660827636719,3819,1.866987705230713,0.24873772263526917,0.0201822929084301,1276.313835272,30312,5867520,1.2551610469818115,0.8823099136352539,1.0265226364135742,1.0,1747639258.1443229
26.822917938232422,0.5481771230697632,3822,39.22660827636719,3821,1.866987705230713,0.1651005744934082,0.01888020895421505,1276.955648571,30328,5870592,1.1463743448257446,0.8823099136352539,1.0488333702087402,1.0,1747639258.786153
28.44075584411621,0.6061198115348816,3823,39.22660827636719,3822,1.866987705230713,0.16449780762195587,0.0182291679084301,1277.278916708,30336,5872128,1.2630196809768677,0.8823099136352539,1.0604908466339111,1.0,1747639259.1094089
25.525392532348633,0.6660156846046448,3824,39.22660827636719,3823,1.866987705230713,0.1785566657781601,0.02083333395421505,1277.602532357,30344,5873664,1.3320313692092896,0.8823099136352539,1.0493197441101074,1.0,1747639259.433035
25.94270896911621,0.5761719346046448,3872,39.22660827636719,3871,1.866987705230713,0.19939683377742767,0.0201822929084301,1293.074575007,30728,5947392,1.2290525436401367,0.8823099136352539,1.0600357055664062,1.0,1747639274.9050674
29.48763084411621,0.5904948115348816,3875,39.22660827636719,3874,1.866987705230713,0.17802321910858154,0.0182291679084301,1294.044414374,30752,5952000,1.254533052444458,0.8823099136352539,1.0470056533813477,1.0,1747639275.8749104
27.546876907348633,0.6412760615348816,3879,39.22660827636719,3878,1.866987705230713,0.1692122370004654,0.01953125186264515,1295.33239933,30784,5958144,1.3419076204299927,0.8823099136352539,1.0673962831497192,1.0,1747639277.1628976
27.716798782348633,0.6848958730697632,3880,39.22660827636719,3879,1.866987705230713,0.15804025530815125,0.02083333395421505,1295.656625961,30792,5959680,1.3851041793823242,0.8823099136352539,1.075885534286499,1.0,1747639277.4871352
27.969402313232422,0.6295573115348816,3886,39.22660827636719,3885,1.866987705230713,0.2278505563735962,0.01953125186264515,1297.595884838,30840,5968896,1.2981476783752441,0.8823099136352539,1.0592479705810547,1.0,1747639279.4263911
29.944011688232422,0.6660156846046448,3889,39.22660827636719,3888,1.866987705230713,0.1898644119501114,0.0182291679084301,1298.561019864,30864,5973504,1.3754969835281372,0.8823099136352539,1.0657790899276733,1.0,1747639280.3915198
27.551433563232422,0.5475260615348816,3892,39.22660827636719,3891,1.866987705230713,0.16748647391796112,0.0201822929084301,1299.531574403,30888,5978112,1.1880310773849487,0.8823099136352539,1.0742409229278564,1.0,1747639281.3620844
27.183595657348633,0.5826823115348816,3893,39.22660827636719,3892,1.866987705230713,0.18959590792655945,0.01953125186264515,1299.85495093,30896,5979648,1.237372636795044,0.8823099136352539,1.0630877017974854,1.0,1747639281.685464
29.535808563232422,0.6699219346046448,3915,39.44580841064453,3914,1.9021198749542236,0.21108752489089966,0.0182291679084301,1307.056416413,31072,6013440,1.360796570777893,0.913294792175293,1.0629668235778809,1.0,1747639288.8869174
27.303386688232422,0.6184896230697632,3921,39.44580841064453,3920,1.9021198749542236,0.19398638606071472,0.02148437686264515,1308.99373414,31120,6022656,1.331184983253479,0.913294792175293,1.0663211345672607,1.0,1747639290.8242366
26.164714813232422,0.6497396230697632,3922,39.44580841064453,3921,1.9021198749542236,0.1443881392478943,0.02148437686264515,1309.317779822,31128,6024192,1.3169792890548706,0.913294792175293,1.0710347890853882,1.0,1747639291.1482644
27.70052146911621,0.6660156846046448,3932,39.44580841064453,3931,1.9021198749542236,0.183589369058609,0.02083333395421505,1312.546211032,31208,6039552,1.3595645427703857,0.913294792175293,1.0630640983581543,1.0,1747639294.3766932
26.42122459411621,0.5807291865348816,3979,39.44580841064453,3978,1.9021198749542236,0.2380135953426361,0.02083333395421505,1327.71826508,31584,6111744,1.2431056499481201,0.913294792175293,1.0692507028579712,1.0,1747639309.5487695
27.982423782348633,0.6477864980697632,3981,39.44580841064453,3980,1.9021198749542236,0.21899765729904175,0.0201822929084301,1328.364446693,31600,6114816,1.3505594730377197,0.913294792175293,1.074755311012268,1.0,1747639310.1949384
28.412761688232422,0.5611979365348816,3991,39.44580841064453,3990,1.9021198749542236,0.16909074783325195,0.0182291679084301,1331.580662516,31680,6130176,1.1682980060577393,0.913294792175293,1.0787789821624756,1.0,1747639313.4111533
28.65364646911621,0.5898438096046448,4005,39.44580841064453,4004,1.9021198749542236,0.17704038321971893,0.01953125186264515,1336.100817132,31792,6151680,1.2521101236343384,0.913294792175293,1.072642207145691,1.0,1747639317.9313114
27.449220657348633,0.5084635615348816,4010,39.44580841064453,4009,1.9021198749542236,0.16772131621837616,0.01953125186264515,1337.720850577,31832,6159360,1.1390562057495117,0.913294792175293,1.0954819917678833,1.0,1747639319.5511706
27.212892532348633,0.51953125,4012,39.44580841064453,4011,1.9021198749542236,0.16101203858852386,0.0201822929084301,1338.36604592,31848,6162432,1.171699047088623,0.913294792175293,1.0984677076339722,1.0,1747639320.1965535
28.177736282348633,0.5540364980697632,4073,39.44580841064453,4072,1.9021198749542236,0.2517956495285034,0.0182291679084301,1358.079280121,32336,6256128,1.1673935651779175,0.913294792175293,1.0977797508239746,1.0,1747639339.9097798
26.488283157348633,0.6256510615348816,4085,39.44580841064453,4084,1.9021198749542236,0.20048539340496063,0.02148437686264515,1361.936118263,32432,6274560,1.3055020570755005,0.913294792175293,1.0779834985733032,1.0,1747639343.7666066
26.09505271911621,0.5761719346046448,4108,39.44580841064453,4107,1.9021198749542236,0.19672894477844238,0.01953125186264515,1369.34770209,32616,6309888,1.2483160495758057,0.913294792175293,1.082456111907959,1.0,1747639351.1781793
27.69270896911621,0.560546875,4109,39.44580841064453,4108,1.9021198749542236,0.2526005506515503,0.0182291679084301,1369.668484693,32624,6311424,1.168269157409668,0.913294792175293,1.0577096939086914,1.0,1747639351.498967
28.583986282348633,0.6653646230697632,4120,39.44580841064453,4119,1.9021198749542236,0.21761278808116913,0.0201822929084301,1373.2167141,32712,6328320,1.3804740905761719,0.913294792175293,1.0791946649551392,1.0,1747639355.0472193
28.289064407348633,0.6171875596046448,4126,39.44580841064453,4125,1.9021198749542236,0.18200699985027313,0.02083333395421505,1375.151666672,32760,6337536,1.3115131855010986,0.913294792175293,1.0853670835494995,1.0,1747639356.9821684
25.631511688232422,0.6933594346046448,4146,39.44580841064453,4145,1.9021198749542236,0.20708206295967102,0.0240885429084301,1381.60890699,32920,6368256,1.4009701013565063,0.913294792175293,1.071219801902771,1.0,1747639363.4393728
26.833986282348633,0.6673177480697632,4158,39.44580841064453,4157,1.9021198749542236,0.1823609173297882,0.02278645895421505,1385.486397319,33016,6386688,1.4169498682022095,0.913294792175293,1.0465047359466553,1.0,1747639367.3168983
26.35481834411621,0.5514323115348816,4177,39.44580841064453,4176,1.9021198749542236,0.24798527359962463,0.02083333395421505,1391.626828721,33168,6415872,1.177278757095337,0.913294792175293,1.064155101776123,1.0,1747639373.4573288
25.68880271911621,0.6796875596046448,4181,39.44580841064453,4180,1.9021198749542236,0.17700576782226562,0.02148437686264515,1392.922713194,33200,6422016,1.368890404701233,0.913294792175293,1.0526394844055176,1.0,1747639374.7531686
26.990236282348633,0.5384114980697632,4192,39.44580841064453,4191,1.9021198749542236,0.1571502536535263,0.0201822929084301,1396.478355304,33288,6438912,1.1737853288650513,0.913294792175293,1.0898442268371582,1.0,1747639378.3088648
26.347658157348633,0.5325521230697632,4206,39.44580841064453,4205,1.9021198749542236,0.3858320713043213,0.01953125186264515,1401.002532881,33400,6460416,1.1513110399246216,0.913294792175293,1.0674736499786377,1.0,1747639382.833031
27.017580032348633,0.5598958730697632,4232,41.84080123901367,4231,1.931077241897583,0.13881853222846985,0.0182291679084301,1409.460578032,33608,6500352,1.207558274269104,0.938176155090332,1.097254753112793,0.9999999403953552,1747639391.2910738
28.83919334411621,0.6490885615348816,4245,41.84080123901367,4244,1.931077241897583,0.18450114130973816,0.01692708395421505,1413.670422793,33712,6520320,1.3129833936691284,0.938176155090332,1.068082571029663,0.9999999403953552,1747639395.5009308
27.974611282348633,0.6686198115348816,4247,41.84080123901367,4246,1.931077241897583,0.19999359548091888,0.0182291679084301,1414.312394048,33728,6523392,1.3372396230697632,0.938176155090332,1.0837153196334839,0.9999999403953552,1747639396.14287
24.621095657348633,0.5917969346046448,4272,41.84080123901367,4271,1.931077241897583,0.13323147594928741,0.0221354179084301,1422.396538564,33928,6561792,1.2743886709213257,0.938176155090332,1.066920518875122,0.9999999403953552,1747639404.2269902
27.734376907348633,0.6803385615348816,4288,41.84080123901367,4287,1.931077241897583,0.18791566789150238,0.01888020895421505,1427.574546175,34056,6586368,1.3606771230697632,0.938176155090332,1.0780246257781982,0.9999999403953552,1747639409.4050565
27.707033157348633,0.5533854365348816,4297,41.84080123901367,4296,1.931077241897583,0.16616564989089966,0.01953125186264515,1430.481981023,34128,6600192,1.2133359909057617,0.938176155090332,1.0854580402374268,0.9999999403953552,1747639412.3124487
25.347658157348633,0.5390625,4317,41.84080123901367,4316,1.931077241897583,0.19060814380645752,0.02083333395421505,1436.944894661,34288,6630912,1.1670504808425903,0.938176155090332,1.0706685781478882,0.9999999403953552,1747639418.775378
26.441408157348633,0.5963541865348816,4326,41.84080123901367,4325,1.931077241897583,0.15741108357906342,0.02148437686264515,1439.847532014,34360,6644736,1.2800631523132324,0.938176155090332,1.0857703685760498,0.9999999403953552,1747639421.6780221
26.932292938232422,0.533203125,4335,41.84080123901367,4334,1.931077241897583,0.16890451312065125,0.0201822929084301,1442.768405881,34432,6658560,1.1568204164505005,0.938176155090332,1.099498987197876,0.9999999403953552,1747639424.5988927
25.330730438232422,0.5963541865348816,4336,41.84080123901367,4335,1.931077241897583,0.16511085629463196,0.02473958395421505,1443.092229481,34440,6660096,1.3138173818588257,0.938176155090332,1.121358871459961,0.9999999403953552,1747639424.9226975
27.676433563232422,0.6751302480697632,4341,41.84080123901367,4340,1.931077241897583,0.2257099747657776,0.02148437686264515,1444.711917595,34480,6667776,1.3677208423614502,0.938176155090332,1.116572618484497,0.9999999403953552,1747639426.5424004
26.77669334411621,0.6315104365348816,4344,41.84080123901367,4343,1.931077241897583,0.15793739259243011,0.02148437686264515,1445.684499746,34504,6672384,1.335462212562561,0.938176155090332,1.0998965501785278,0.9999999403953552,1747639427.5150056
26.97786521911621,0.6236979365348816,4354,41.84080123901367,4353,1.931077241897583,0.2452760487794876,0.02148437686264515,1448.928559838,34584,6687744,1.3195617198944092,0.938176155090332,1.1076909303665161,0.9999999403953552,1747639430.7590542
27.658855438232422,0.517578125,4370,41.84080123901367,4369,1.931077241897583,0.1678418219089508,0.02148437686264515,1454.084158129,34712,6712320,1.2209675312042236,0.938176155090332,1.142413854598999,0.9999999403953552,1747639435.9146595
26.619142532348633,0.6334635615348816,4383,41.84080123901367,4382,1.931077241897583,0.15231141448020935,0.0221354179084301,1458.266579365,34816,6732288,1.3102478981018066,0.938176155090332,1.1183422803878784,0.9999999403953552,1747639440.0970678
28.255861282348633,0.6842448115348816,4388,41.84080123901367,4387,1.931077241897583,0.13283446431159973,0.0201822929084301,1459.873567806,34856,6739968,1.395052194595337,0.938176155090332,1.1356890201568604,0.9999999403953552,1747639441.704055
26.561199188232422,0.7018229365348816,4402,41.84080123901367,4401,1.931077241897583,0.17380854487419128,0.02083333395421505,1464.388354206,34968,6761472,1.4245063066482544,0.938176155090332,1.158008337020874,0.9999999403953552,1747639446.2188532
27.572267532348633,0.6875000596046448,4413,41.84080123901367,4412,1.931077241897583,0.17835253477096558,0.02148437686264515,1467.938510787,35056,6778368,1.4187986850738525,0.938176155090332,1.1273442506790161,0.9999999403953552,1747639449.768987
27.90950584411621,0.4680989682674408,4423,41.84080123901367,4422,1.931077241897583,0.1744382530450821,0.01953125186264515,1471.163039285,35136,6793728,1.0992653369903564,0.938176155090332,1.1743665933609009,0.9999999403953552,1747639452.993549
28.607423782348633,0.6067708730697632,4433,41.84080123901367,4432,1.931077241897583,0.13122382760047913,0.01953125186264515,1474.382418387,35216,6809088,1.2904678583145142,0.938176155090332,1.175551414489746,0.9999999403953552,1747639456.2129116
27.95052146911621,0.4082031548023224,4438,41.84080123901367,4437,1.931077241897583,0.153058722615242,0.01692708395421505,1475.993473554,35256,6816768,0.9819660782814026,0.938176155090332,1.1685619354248047,0.9999999403953552,1747639457.8239765
27.62239646911621,0.5735677480697632,4441,41.84080123901367,4440,1.931077241897583,0.16224253177642822,0.01888020895421505,1476.961019853,35280,6821376,1.2260892391204834,0.938176155090332,1.1816397905349731,0.9999999403953552,1747639458.7915363
28.121746063232422,0.5761719346046448,4446,41.84080123901367,4445,1.931077241897583,0.14717793464660645,0.01953125186264515,1478.573991824,35320,6829056,1.2520259618759155,0.938176155090332,1.1652932167053223,0.9999999403953552,1747639460.4045007
29.388673782348633,0.5820313096046448,4451,41.84080123901367,4450,1.931077241897583,0.14203551411628723,0.017578125,1480.182598409,35360,6836736,1.2357776165008545,0.938176155090332,1.1755132675170898,0.9999999403953552,1747639462.013091
28.719402313232422,0.6601563096046448,4486,41.84080123901367,4485,1.931077241897583,0.14940771460533142,0.01888020895421505,1491.47351101,35640,6890496,1.3547389507293701,0.938176155090332,1.1726559400558472,0.9999999403953552,1747639473.304012
28.707033157348633,0.6041666865348816,4487,41.84080123901367,4486,1.931077241897583,0.13915911316871643,0.01953125186264515,1491.794404686,35648,6892032,1.2703460454940796,0.938176155090332,1.1845808029174805,0.9999999403953552,1747639473.6248887
27.76497459411621,0.5618489980697632,4492,41.84080123901367,4491,1.931077241897583,0.14292213320732117,0.02083333395421505,1493.409093786,35688,6899712,1.2643935680389404,0.938176155090332,1.1896250247955322,0.9999999403953552,1747639475.239596
27.890626907348633,0.5638021230697632,4495,41.84080123901367,4494,1.931077241897583,0.1337829977273941,0.02083333395421505,1494.373120075,35712,6904320,1.2275495529174805,0.938176155090332,1.1700470447540283,0.9999999403953552,1747639476.2036326
25.763673782348633,0.6484375596046448,4499,41.84080123901367,4498,1.931077241897583,0.22160592675209045,0.02278645895421505,1495.661560359,35744,6910464,1.3722786903381348,0.938176155090332,1.2062652111053467,0.9999999403953552,1747639477.492076
27.470705032348633,0.6679688096046448,4526,41.84080123901367,4525,1.931077241897583,0.15428601205348969,0.02083333395421505,1504.388663611,35960,6951936,1.3623601198196411,0.938176155090332,1.1718363761901855,0.9999999403953552,1747639486.219168
26.416667938232422,0.6171875596046448,4547,41.84080123901367,4546,1.931077241897583,0.137910395860672,0.02148437686264515,1511.156021541,36128,6984192,1.2653995752334595,0.938176155090332,1.1797161102294922,0.9999999403953552,1747639492.9865289
28.776042938232422,0.556640625,4549,41.84080123901367,4548,1.931077241897583,0.19764386117458344,0.0201822929084301,1511.802902522,36144,6987264,1.2077409029006958,0.938176155090332,1.1700749397277832,0.9999999403953552,1747639493.633405
28.352214813232422,0.6028646230697632,4553,39.98750305175781,4552,1.886273980140686,0.17519550025463104,0.01888020895421505,1513.17107393,36176,6993408,1.2722108364105225,0.8985294699668884,1.1628613471984863,1.0,1747639495.0015616
26.835939407348633,0.5403646230697632,4565,39.98750305175781,4564,1.886273980140686,0.15400557219982147,0.02083333395421505,1517.032613502,36272,7011840,1.15538489818573,0.8985294699668884,1.1754646301269531,1.0,1747639498.8631022
29.926433563232422,0.6250000596046448,4570,39.98750305175781,4569,1.886273980140686,0.1381411850452423,0.01888020895421505,1518.644220584,36312,7019520,1.3131778240203857,0.8985294699668884,1.175567865371704,1.0,1747639500.4747257
28.240886688232422,0.6438802480697632,4577,39.98750305175781,4576,1.886273980140686,0.18335086107254028,0.02148437686264515,1520.90103581,36368,7030272,1.3200035095214844,0.8985294699668884,1.17545747756958,1.0,1747639502.731541
27.21028709411621,0.5826823115348816,4614,39.98750305175781,4613,1.886273980140686,0.16207705438137054,0.0201822929084301,1532.814418721,36664,7087104,1.2433971166610718,0.8985294699668884,1.1562893390655518,1.0,1747639514.6449332
27.533855438232422,0.6373698115348816,4618,39.98750305175781,4617,1.886273980140686,0.15876097977161407,0.01888020895421505,1534.104028247,36696,7093248,1.313828706741333,0.8985294699668884,1.1732525825500488,1.0,1747639515.934527
29.647136688232422,0.6250000596046448,4643,39.98750305175781,4642,1.886273980140686,0.46270838379859924,0.01953125186264515,1542.160275296,36896,7131648,1.329896092414856,0.8985294699668884,1.1544479131698608,1.0,1747639523.9907925
28.40169334411621,0.6497396230697632,4654,39.98750305175781,4653,1.886273980140686,0.18924303352832794,0.01888020895421505,1545.708471947,36984,7148544,1.3491696119308472,0.8985294699668884,1.134596586227417,1.0,1747639527.5389714
28.025392532348633,0.55078125,4656,39.98750305175781,4655,1.886273980140686,0.17767909169197083,0.01888020895421505,1546.353394956,37000,7151616,1.1670925617218018,0.8985294699668884,1.137021541595459,1.0,1747639528.1839008
27.07942771911621,0.6380208730697632,4675,39.98750305175781,4674,1.886273980140686,0.16531527042388916,0.02083333395421505,1552.476967998,37152,7180800,1.3281688690185547,0.8985294699668884,1.1203739643096924,1.0,1747639534.3074622
27.356121063232422,0.6425781846046448,4708,39.98750305175781,4707,1.886273980140686,0.20766715705394745,0.0201822929084301,1563.12001055,37416,7231488,1.3619372844696045,0.8985294699668884,1.1048026084899902,1.0,1747639544.9505258
27.404298782348633,0.5188802480697632,4710,39.98750305175781,4709,1.886273980140686,0.1811341494321823,0.01888020895421505,1563.765556948,37432,7234560,1.1645153760910034,0.8985294699668884,1.1310139894485474,1.0,1747639545.5960608
26.11263084411621,0.5820313096046448,4721,39.98750305175781,4720,1.886273980140686,0.167488694190979,0.02148437686264515,1567.305682064,37520,7251456,1.2539739608764648,0.8985294699668884,1.1050533056259155,1.0,1747639549.1361868
26.920574188232422,0.6783854365348816,4726,39.98750305175781,4725,1.886273980140686,0.16201168298721313,0.0201822929084301,1568.922846227,37560,7259136,1.378333330154419,0.8985294699668884,1.1128745079040527,1.0,1747639550.7533457
27.428386688232422,0.6725260615348816,4727,39.98750305175781,4726,1.886273980140686,0.16579169034957886,0.0201822929084301,1569.246759658,37568,7260672,1.3827096223831177,0.8985294699668884,1.106630802154541,1.0,1747639551.0772586
26.58919334411621,0.6438802480697632,4747,39.98750305175781,4746,1.886273980140686,0.13335099816322327,0.01953125186264515,1575.695059678,37728,7291392,1.3348134756088257,0.8985294699668884,1.1168575286865234,1.0,1747639557.5255141
26.546876907348633,0.6210938096046448,4770,39.98750305175781,4769,1.886273980140686,0.14962239563465118,0.01953125186264515,1583.104264124,37912,7326720,1.2421876192092896,0.8985294699668884,1.107680320739746,1.0,1747639564.9347699
26.283855438232422,0.6451823115348816,4776,39.98750305175781,4775,1.886273980140686,0.1811826527118683,0.0201822929084301,1585.039569144,37960,7335936,1.3429752588272095,0.8985294699668884,1.0893516540527344,1.0,1747639566.870009
25.974611282348633,0.6562500596046448,4777,39.98750305175781,4776,1.886273980140686,0.15527555346488953,0.0221354179084301,1585.363536186,37968,7337472,1.3459038734436035,0.8985294699668884,1.096887469291687,1.0,1747639567.194023
26.19856834411621,0.6061198115348816,4801,39.98750305175781,4800,1.886273980140686,0.16216138005256653,0.02148437686264515,1593.13770006,38160,7374336,1.287828803062439,0.8985294699668884,1.0996274948120117,1.0,1747639574.9681983
27.067058563232422,0.6595052480697632,4862,39.98750305175781,4861,1.886273980140686,0.13205328583717346,0.02148437686264515,1612.820860873,38648,7468032,1.3657499551773071,0.8985294699668884,1.1096596717834473,1.0,1747639594.6513677
26.785808563232422,0.6666666865348816,4876,38.284297943115234,4875,1.9246418476104736,0.13510620594024658,0.02278645895421505,1617.414270719,38760,7489536,1.374066948890686,0.9342290759086609,1.1072341203689575,0.9999999403953552,1747639599.244769
26.805339813232422,0.6516927480697632,4889,38.284297943115234,4888,1.9246418476104736,0.13309544324874878,0.0201822929084301,1621.606706446,38864,7509504,1.3253240585327148,0.9342290759086609,1.11966073513031,0.9999999403953552,1747639603.4371943
26.44270896911621,0.5657552480697632,4896,38.284297943115234,4895,1.9246418476104736,0.13658782839775085,0.02083333395421505,1623.860210533,38920,7520256,1.2066454887390137,0.9342290759086609,1.1223469972610474,0.9999999403953552,1747639605.6906886
25.841798782348633,0.6803385615348816,4907,38.284297943115234,4906,1.9246418476104736,0.1430990993976593,0.02278645895421505,1627.403505212,39008,7537152,1.3951239585876465,0.9342290759086609,1.1229500770568848,0.9999999403953552,1747639609.234005
28.04622459411621,0.6243489980697632,4915,38.284297943115234,4914,1.9246418476104736,0.12695738673210144,0.02083333395421505,1629.982658265,39072,7549440,1.3186142444610596,0.9342290759086609,1.1484100818634033,0.9999999403953552,1747639611.813162
27.00520896911621,0.6061198115348816,4919,38.284297943115234,4918,1.9246418476104736,0.12453562021255493,0.02148437686264515,1631.269603342,39104,7555584,1.2862778902053833,0.9342290759086609,1.1289803981781006,0.9999999403953552,1747639613.1000822
26.367839813232422,0.7050781846046448,4932,38.284297943115234,4931,1.9246418476104736,0.1969982087612152,0.02083333395421505,1635.461544822,39208,7575552,1.4242117404937744,0.9342290759086609,1.1411612033843994,0.9999999403953552,1747639617.2920318
26.716798782348633,0.6751302480697632,4963,38.284297943115234,4962,1.9246418476104736,0.12174840271472931,0.01888020895421505,1645.449999484,39456,7623168,1.3760040998458862,0.9342290759086609,1.1430901288986206,0.9999999403953552,1747639627.2805243
28.171876907348633,0.5891927480697632,4974,38.284297943115234,4973,1.9246418476104736,0.16875022649765015,0.01953125186264515,1649.013529206,39544,7640064,1.2540230751037598,0.9342290759086609,1.1274685859680176,0.9999999403953552,1747639630.8440118
26.113933563232422,0.5917969346046448,4990,38.284297943115234,4989,1.9246418476104736,0.1451769322156906,0.02083333395421505,1654.172774332,39672,7664640,1.2489962577819824,0.9342290759086609,1.1530942916870117,0.9999999403953552,1747639636.0032916
26.736980438232422,0.4016927182674408,4994,38.284297943115234,4993,1.9246418476104736,0.15589956939220428,0.017578125,1655.46330359,39704,7670784,0.9736670255661011,0.9342290759086609,1.1431339979171753,0.9999999403953552,1747639637.2937465
26.346355438232422,0.5820313096046448,4996,38.284297943115234,4995,1.9246418476104736,0.13615640997886658,0.02148437686264515,1656.109610093,39720,7673856,1.2423955202102661,0.9342290759086609,1.1399976015090942,0.9999999403953552,1747639637.940115
25.76106834411621,0.6009114980697632,4999,38.284297943115234,4998,1.9246418476104736,0.1381857991218567,0.0221354179084301,1657.078998949,39744,7678464,1.2624443769454956,0.9342290759086609,1.1414704322814941,0.9999999403953552,1747639638.9095001
27.834636688232422,0.5839844346046448,5026,38.284297943115234,5025,1.9246418476104736,0.16340264678001404,0.0182291679084301,1665.773075315,39960,7719936,1.2056924104690552,0.9342290759086609,1.115488052368164,0.9999999403953552,1747639647.6035798
26.42317771911621,0.5501302480697632,5093,38.284297943115234,5092,1.9246418476104736,0.21465136110782623,0.017578125,1687.387485723,40496,7822848,1.1930214166641235,0.9342290759086609,1.1170539855957031,0.9999999403953552,1747639669.2179842
27.14583396911621,0.6529948115348816,5094,38.284297943115234,5093,1.9246418476104736,0.1698179841041565,0.0221354179084301,1687.711575285,40504,7824384,1.394494652748108,0.9342290759086609,1.1326022148132324,0.9999999403953552,1747639669.5420773
27.344402313232422,0.5885416865348816,5120,38.284297943115234,5119,1.9246418476104736,0.13846972584724426,0.02083333395421505,1696.092785865,40712,7864320,1.2742971181869507,0.9342290759086609,1.1420371532440186,0.9999999403953552,1747639677.9232733
27.190105438232422,0.6132813096046448,5150,38.284297943115234,5149,1.9246418476104736,0.203413724899292,0.0221354179084301,1705.76492424,40952,7910400,1.2954407930374146,0.9342290759086609,1.1544314622879028,0.9999999403953552,1747639687.5954337
26.77669334411621,0.5377604365348816,5177,38.284297943115234,5176,1.9246418476104736,0.20509886741638184,0.0201822929084301,1714.474395393,41168,7951872,1.1674655675888062,0.9342290759086609,1.1243362426757812,0.9999999403953552,1747639696.304902
26.222658157348633,0.6393229365348816,5198,38.284297943115234,5197,1.9246418476104736,0.16664502024650574,0.0221354179084301,1721.22767993,41336,7984128,1.3158299922943115,0.9342290759086609,1.1509108543395996,0.9999999403953552,1747639703.0581799
27.23177146911621,0.548828125,5204,40.35395050048828,5203,1.930448293685913,0.21421551704406738,0.0201822929084301,1723.234595267,41384,7993344,1.1678985357284546,0.9374068975448608,1.1416994333267212,1.0,1747639705.065094
26.252605438232422,0.5820313096046448,5230,40.35395050048828,5229,1.930448293685913,0.1736431121826172,0.0201822929084301,1731.636470716,41592,8033280,1.2186081409454346,0.9374068975448608,1.1403210163116455,1.0,1747639713.4668863
26.244792938232422,0.6562500596046448,5254,40.35395050048828,5253,1.930448293685913,0.2300214171409607,0.02343750186264515,1739.363177773,41784,8070144,1.355876088142395,0.9374068975448608,1.1101285219192505,1.0,1747639721.1936781
27.97005271911621,0.5611979365348816,5256,40.35395050048828,5255,1.930448293685913,0.15569953620433807,0.01953125186264515,1740.009811669,41800,8073216,1.2090668678283691,0.9374068975448608,1.1201300621032715,1.0,1747639721.8402889
27.789714813232422,0.6503906846046448,5264,40.35395050048828,5263,1.930448293685913,0.17168958485126495,0.02083333395421505,1742.588953832,41864,8085504,1.313307285308838,0.9374068975448608,1.1246275901794434,1.0,1747639724.4194324
26.626955032348633,0.6855469346046448,5265,40.35395050048828,5264,1.930448293685913,0.1594969779253006,0.0221354179084301,1742.912417741,41872,8087040,1.3817622661590576,0.9374068975448608,1.1277563571929932,1.0,1747639724.7429044
24.96614646911621,0.5781250596046448,5314,40.35395050048828,5313,1.930448293685913,0.1482045203447342,0.02083333395421505,1758.709204514,42264,8162304,1.2087576389312744,0.9374068975448608,1.1175341606140137,1.0,1747639740.5397031
24.889324188232422,0.6484375596046448,5333,40.35395050048828,5332,1.930448293685913,0.1711883842945099,0.01953125186264515,1764.850233829,42416,8191488,1.3163065910339355,0.9374068975448608,1.0756149291992188,1.0,1747639746.6807303
26.13997459411621,0.6197916865348816,5337,40.35395050048828,5336,1.930448293685913,0.12739089131355286,0.02083333395421505,1766.142598679,42448,8197632,1.2885348796844482,0.9374068975448608,1.1021039485931396,1.0,1747639747.973107
26.04427146911621,0.6705729365348816,5344,40.35395050048828,5343,1.930448293685913,0.14023971557617188,0.02278645895421505,1768.403376815,42504,8208384,1.3854233026504517,0.9374068975448608,1.1101678609848022,1.0,1747639750.233863
26.699871063232422,0.7369791865348816,5346,40.35395050048828,5345,1.930448293685913,0.19230708479881287,0.0221354179084301,1769.050173978,42520,8211456,1.4739583730697632,0.9374068975448608,1.1001663208007812,1.0,1747639750.8806777
26.591798782348633,0.6471354365348816,5355,40.35395050048828,5354,1.930448293685913,0.1480371654033661,0.02083333395421505,1771.954655626,42592,8225280,1.3306915760040283,0.9374068975448608,1.083234190940857,1.0,1747639753.785165
26.824220657348633,0.6464844346046448,5360,40.35395050048828,5359,1.930448293685913,0.1585516631603241,0.02083333395421505,1773.572222774,42632,8232960,1.343871831893921,0.9374068975448608,1.1124062538146973,1.0,1747639755.402718
26.758464813232422,0.6718750596046448,5371,40.35395050048828,5370,1.930448293685913,0.20069876313209534,0.02083333395421505,1777.121681011,42720,8249856,1.3656423091888428,0.9374068975448608,1.1152880191802979,1.0,1747639758.9521425
28.765626907348633,0.6705729365348816,5375,40.35395050048828,5374,1.930448293685913,0.1897459626197815,0.0201822929084301,1778.411513773,42752,8256000,1.36635422706604,0.9374068975448608,1.100113868713379,1.0,1747639760.241997
26.82747459411621,0.6106771230697632,5388,40.35395050048828,5387,1.930448293685913,0.1605950891971588,0.01953125186264515,1782.608561588,42856,8275968,1.267734408378601,0.9374068975448608,1.1100435256958008,1.0,1747639764.4390495
28.08528709411621,0.6009114980697632,5403,40.35395050048828,5402,1.930448293685913,0.1235390454530716,0.02083333395421505,1787.452887458,42976,8299008,1.2659895420074463,0.9374068975448608,1.1166133880615234,1.0,1747639769.2833905
26.639324188232422,0.6477864980697632,5407,40.35395050048828,5406,1.930448293685913,0.17446959018707275,0.0201822929084301,1788.741416505,43008,8305152,1.3407031297683716,0.9374068975448608,1.121436357498169,1.0,1747639770.5719059
26.779949188232422,0.6542969346046448,5462,40.35395050048828,5461,1.930448293685913,0.12378622591495514,0.017578125,1806.496011058,43448,8389632,1.3314374685287476,0.9374068975448608,1.1446220874786377,1.0,1747639788.3265269
25.221355438232422,0.6705729365348816,5480,40.35395050048828,5479,1.930448293685913,0.12902511656284332,0.02343750186264515,1812.309310087,43592,8417280,1.372174620628357,0.9374068975448608,1.1514058113098145,1.0,1747639794.139733
27.023439407348633,0.7141927480697632,5482,40.35395050048828,5481,1.930448293685913,0.14562702178955078,0.02343750186264515,1812.951097544,43608,8420352,1.4560729265213013,0.9374068975448608,1.1467504501342773,1.0,1747639794.7815988
26.751955032348633,0.6790364980697632,5493,40.35395050048828,5492,1.930448293685913,0.1239529699087143,0.02083333395421505,1816.510737752,43696,8437248,1.3725210428237915,0.9374068975448608,1.1613609790802002,1.0,1747639798.3412287
26.067058563232422,0.6139323115348816,5495,40.35395050048828,5494,1.930448293685913,0.17298036813735962,0.02148437686264515,1817.153287949,43712,8440320,1.2683340311050415,0.9374068975448608,1.1501975059509277,1.0,1747639798.9837976
26.740236282348633,0.6549479365348816,5497,40.35395050048828,5496,1.930448293685913,0.13729718327522278,0.0201822929084301,1817.798269345,43728,8443392,1.3168022632598877,0.9374068975448608,1.1475658416748047,1.0,1747639799.6287735
26.304689407348633,0.6783854365348816,5525,36.87962341308594,5524,1.9520068168640137,0.15031079947948456,0.02343750186264515,1826.904507302,43952,8486400,1.3982648849487305,0.9576327800750732,1.1452834606170654,0.9999999403953552,1747639808.7349987
26.193361282348633,0.5091146230697632,5529,36.87962341308594,5528,1.9520068168640137,0.15031683444976807,0.0201822929084301,1828.19705461,43984,8492544,1.123114824295044,0.9576327800750732,1.1731781959533691,0.9999999403953552,1747639810.0275831
26.119792938232422,0.6516927480697632,5532,36.87962341308594,5531,1.9520068168640137,0.11961284279823303,0.0240885429084301,1829.159995031,44008,8497152,1.3546496629714966,0.9576327800750732,1.1565473079681396,0.9999999403953552,1747639810.990496
25.01302146911621,0.6178385615348816,5535,36.87962341308594,5534,1.9520068168640137,0.14640691876411438,0.02083333395421505,1830.129667496,44032,8501760,1.2725120782852173,0.9576327800750732,1.1434969902038574,0.9999999403953552,1747639811.960172
27.77474021911621,0.6933594346046448,5574,36.87962341308594,5573,1.9520068168640137,0.1255781352519989,0.02083333395421505,1842.728115401,44344,8561664,1.3867188692092896,0.9576327800750732,1.1840898990631104,0.9999999403953552,1747639824.5585752
28.58138084411621,0.6764323115348816,5605,36.87962341308594,5604,1.9520068168640137,0.13051369786262512,0.0201822929084301,1852.713530111,44592,8609280,1.373543381690979,0.9576327800750732,1.1579872369766235,0.9999999403953552,1747639834.5440319
25.871746063232422,0.6041666865348816,5614,36.87962341308594,5613,1.9520068168640137,0.20446428656578064,0.02083333395421505,1855.616642874,44664,8623104,1.278239130973816,0.9576327800750732,1.160480260848999,0.9999999403953552,1747639837.447137
25.729167938232422,0.7024739980697632,5622,36.87962341308594,5621,1.9520068168640137,0.11191724240779877,0.02343750186264515,1858.192595237,44728,8635392,1.4214519262313843,0.9576327800750732,1.1408960819244385,0.9999999403953552,1747639840.0229058
26.27083396911621,0.6432291865348816,5624,36.87962341308594,5623,1.9520068168640137,0.12264052778482437,0.02083333395421505,1858.837648237,44744,8638464,1.3307709693908691,0.9576327800750732,1.1576182842254639,0.9999999403953552,1747639840.6681516
26.057292938232422,0.6087239980697632,5627,36.87962341308594,5626,1.9520068168640137,0.11201626062393188,0.02148437686264515,1859.808394435,44768,8643072,1.2856794595718384,0.9576327800750732,1.1373575925827026,0.9999999403953552,1747639841.6388948
27.617189407348633,0.6152344346046448,5660,36.87962341308594,5659,1.9520068168640137,0.1320820152759552,0.02148437686264515,1870.466674267,45032,8693760,1.3212367296218872,0.9576327800750732,1.1477961540222168,0.9999999403953552,1747639852.2971866
26.238283157348633,0.6861979365348816,5677,36.87962341308594,5676,1.9520068168640137,0.11467151343822479,0.02343750186264515,1875.971330299,45168,8719872,1.4316967725753784,0.9576327800750732,1.1483837366104126,0.9999999403953552,1747639857.8018274
25.498699188232422,0.6022135615348816,5689,36.87962341308594,5688,1.9520068168640137,0.1439289152622223,0.02343750186264515,1879.837788272,45264,8738304,1.2764344215393066,0.9576327800750732,1.1618163585662842,0.9999999403953552,1747639861.6682796
26.546876907348633,0.6796875596046448,5708,36.87962341308594,5707,1.9520068168640137,0.14711835980415344,0.02473958395421505,1885.962266923,45416,8767488,1.4031200408935547,0.9576327800750732,1.155991792678833,0.9999999403953552,1747639867.7927608
25.57552146911621,0.6803385615348816,5722,36.87962341308594,5721,1.9520068168640137,0.12324550002813339,0.02148437686264515,1890.464897995,45528,8788992,1.3706989288330078,0.9576327800750732,1.1611132621765137,0.9999999403953552,1747639872.2953997
27.006511688232422,0.7089844346046448,5733,36.87962341308594,5732,1.9520068168640137,0.1211894154548645,0.02148437686264515,1894.010261203,45616,8805888,1.4363843202590942,0.9576327800750732,1.1671462059020996,0.9999999403953552,1747639875.8407407
25.357423782348633,0.6516927480697632,5734,36.87962341308594,5733,1.9520068168640137,0.11501294374465942,0.02473958395421505,1894.333537198,45624,8807424,1.3560830354690552,0.9576327800750732,1.17022705078125,0.9999999403953552,1747639876.1640356
26.539714813232422,0.6614583730697632,5742,36.87962341308594,5741,1.9520068168640137,0.11194691061973572,0.02148437686264515,1896.915175283,45688,8819712,1.3720042705535889,0.9576327800750732,1.168600082397461,0.9999999403953552,1747639878.7456799
26.37044334411621,0.6738281846046448,5752,36.87962341308594,5751,1.9520068168640137,0.1387985348701477,0.0240885429084301,1900.138646991,45768,8835072,1.385567307472229,0.9576327800750732,1.160499930381775,0.9999999403953552,1747639881.969151
26.51888084411621,0.7180989980697632,5761,36.87962341308594,5760,1.9520068168640137,0.1201484203338623,0.02343750186264515,1903.048887659,45840,8848896,1.4580973386764526,0.9576327800750732,1.1668579578399658,0.9999999403953552,1747639884.8793852
26.40559959411621,0.6119791865348816,5774,36.87962341308594,5773,1.9520068168640137,0.1328546404838562,0.02343750186264515,1907.25087848,45944,8868864,1.3393826484680176,0.9576327800750732,1.1497058868408203,0.9999999403953552,1747639889.0813966
27.435548782348633,0.5963541865348816,5807,36.87962341308594,5806,1.9520068168640137,0.11640223115682602,0.02083333395421505,1917.879291949,46208,8919552,1.2453408241271973,0.9576327800750732,1.1702224016189575,0.9999999403953552,1747639899.709742
27.178386688232422,0.6705729365348816,5827,36.87962341308594,5826,1.9520068168640137,0.13536123931407928,0.02148437686264515,1924.327465852,46368,8950272,1.3780035972595215,0.9576327800750732,1.1682617664337158,0.9999999403953552,1747639906.157964
26.090496063232422,0.5423177480697632,5829,36.87962341308594,5828,1.9520068168640137,0.15386104583740234,0.01953125186264515,1924.971828658,46384,8953344,1.14789617061615,0.9576327800750732,1.1795802116394043,0.9999999403953552,1747639906.8023217
27.742189407348633,0.5891927480697632,5833,36.87962341308594,5832,1.9520068168640137,0.12473034858703613,0.0182291679084301,1926.258682751,46416,8959488,1.2346410751342773,0.9576327800750732,1.1555850505828857,0.9999999403953552,1747639908.0891836
26.070314407348633,0.6074219346046448,5868,36.59444808959961,5867,1.937937617301941,0.14996276795864105,0.02343750186264515,1937.600189484,46696,9013248,1.290081262588501,0.9444820880889893,1.1438184976577759,1.0,1747639919.4307177
28.98763084411621,0.6341146230697632,5879,36.59444808959961,5878,1.937937617301941,0.12345437705516815,0.01953125186264515,1941.145345623,46784,9030144,1.3078662157058716,0.9444820880889893,1.1564897298812866,1.0,1747639922.975847
27.621746063232422,0.6738281846046448,5888,36.59444808959961,5887,1.937937617301941,0.1308695673942566,0.02148437686264515,1944.041097723,46856,9043968,1.3945707082748413,0.9444820880889893,1.1552650928497314,1.0,1747639925.8716135
27.26888084411621,0.6087239980697632,5899,36.59444808959961,5898,1.937937617301941,0.11993756890296936,0.0201822929084301,1947.582575304,46944,9060864,1.274598240852356,0.9444820880889893,1.1543385982513428,1.0,1747639929.413073
26.527996063232422,0.6660156846046448,5911,36.59444808959961,5910,1.937937617301941,0.15933960676193237,0.0221354179084301,1951.452465202,47040,9079296,1.3807520866394043,0.9444820880889893,1.1599068641662598,1.0,1747639933.2829447
28.326824188232422,0.5084635615348816,5927,36.59444808959961,5926,1.937937617301941,0.14839357137680054,0.02083333395421505,1956.618046183,47168,9103872,1.167333722114563,0.9444820880889893,1.1563599109649658,1.0,1747639938.4485574
28.03059959411621,0.6653646230697632,5934,36.59444808959961,5933,1.937937617301941,0.12666502594947815,0.02083333395421505,1958.874180275,47224,9114624,1.3538347482681274,0.9444820880889893,1.1520992517471313,1.0,1747639940.7046874
25.070314407348633,0.7044271230697632,5953,36.59444808959961,5952,1.937937617301941,0.13439637422561646,0.0221354179084301,1964.988076102,47376,9143808,1.4112292528152466,0.9444820880889893,1.1709980964660645,1.0,1747639946.818572
27.38020896911621,0.6015625596046448,5957,36.59444808959961,5956,1.937937617301941,0.13255205750465393,0.02083333395421505,1966.283345715,47408,9149952,1.2912110090255737,0.9444820880889893,1.150370478630066,1.0,1747639948.1138406
27.425783157348633,0.5247396230697632,5963,36.59444808959961,5962,1.937937617301941,0.14354166388511658,0.02083333395421505,1968.214830075,47456,9159168,1.1689664125442505,0.9444820880889893,1.1595669984817505,1.0,1747639950.0453238
25.82942771911621,0.6302083730697632,5972,36.59444808959961,5971,1.937937617301941,0.11953067034482956,0.02278645895421505,1971.110347936,47528,9172992,1.3218883275985718,0.9444820880889893,1.1542145013809204,1.0,1747639952.9408484
28.485027313232422,0.6119791865348816,5987,36.59444808959961,5986,1.937937617301941,0.14475813508033752,0.01888020895421505,1975.947231235,47648,9196032,1.2850927114486694,0.9444820880889893,1.1466302871704102,1.0,1747639957.777721
28.130861282348633,0.6197916865348816,6024,36.59444808959961,6023,1.937937617301941,0.10673531889915466,0.02083333395421505,1987.863713754,47944,9252864,1.2913256883621216,0.9444820880889893,1.1559770107269287,1.0,1747639969.6941283
27.863933563232422,0.5957031846046448,6028,36.59444808959961,6027,1.937937617301941,0.12994638085365295,0.0201822929084301,1989.148639952,47976,9259008,1.2820003032684326,0.9444820880889893,1.1354433298110962,1.0,1747639970.9791358
27.341798782348633,0.6809896230697632,6036,36.59444808959961,6035,1.937937617301941,0.16099561750888824,0.02083333395421505,1991.723273532,48040,9271296,1.3659673929214478,0.9444820880889893,1.1095516681671143,1.0,1747639973.5537848
26.979167938232422,0.6217448115348816,6044,36.59444808959961,6043,1.937937617301941,0.13352668285369873,0.0201822929084301,1994.295755257,48104,9283584,1.306570291519165,0.9444820880889893,1.1390198469161987,1.0,1747639976.1262395
24.459636688232422,0.6894531846046448,6045,36.59444808959961,6044,1.937937617301941,0.16275997459888458,0.02343750186264515,1994.618640881,48112,9285120,1.3977397680282593,0.9444820880889893,1.1372203826904297,1.0,1747639976.4491227
29.178386688232422,0.6126302480697632,6053,36.59444808959961,6052,1.937937617301941,0.1061941534280777,0.0182291679084301,1997.199084245,48176,9297408,1.2706942558288574,0.9444820880889893,1.1410412788391113,1.0,1747639979.0295887
27.067058563232422,0.6087239980697632,6056,36.59444808959961,6055,1.937937617301941,0.14311537146568298,0.0201822929084301,1998.162678573,48200,9302016,1.2748925685882568,0.9444820880889893,1.1439939737319946,1.0,1747639979.993165
25.545574188232422,0.5904948115348816,6108,36.59444808959961,6107,1.937937617301941,0.12118551880121231,0.0221354179084301,2014.924627546,48616,9381888,1.2518852949142456,0.9444820880889893,1.1619324684143066,1.0,1747639996.7551196
25.809246063232422,0.5670573115348816,6110,36.59444808959961,6109,1.937937617301941,0.15763522684574127,0.02083333395421505,2015.568436232,48632,9384960,1.2208408117294312,0.9444820880889893,1.1535663604736328,1.0,1747639997.3989332
27.96419334411621,0.5859375596046448,6116,36.59444808959961,6115,1.937937617301941,0.1448800265789032,0.02148437686264515,2017.500509186,48680,9394176,1.2614413499832153,0.9444820880889893,1.1564959287643433,1.0,1747639999.3310044
25.376955032348633,0.6406250596046448,6125,36.59444808959961,6124,1.937937617301941,0.1423986852169037,0.0221354179084301,2020.404272679,48752,9408000,1.336205005645752,0.9444820880889893,1.1445283889770508,1.0,1747640002.234769
25.318361282348633,0.5390625,6160,36.59444808959961,6159,1.937937617301941,0.13853687047958374,0.0201822929084301,2031.706321212,49032,9461760,1.165169358253479,0.9444820880889893,1.154730200767517,1.0,1747640013.536825
26.86458396911621,0.6386719346046448,6169,36.59444808959961,6168,1.937937617301941,0.14212419092655182,0.02083333395421505,2034.62465705,49104,9475584,1.3214844465255737,0.9444820880889893,1.144851565361023,1.0,1747640016.4551477
27.113933563232422,0.6197916865348816,6191,35.754085540771484,6190,1.927622675895691,0.14639180898666382,0.01888020895421505,2041.80577462,49280,9509376,1.2835677862167358,0.936559796333313,1.1314696073532104,1.0,1747640023.6362798
27.438152313232422,0.6412760615348816,6218,35.754085540771484,6217,1.927622675895691,0.1446678340435028,0.02083333395421505,2050.534533614,49496,9550848,1.3207683563232422,0.936559796333313,1.1578752994537354,1.0,1747640032.3650494
27.910808563232422,0.6542969346046448,6234,35.754085540771484,6233,1.927622675895691,0.15162599086761475,0.0201822929084301,2055.696953427,49624,9575424,1.3430525064468384,0.936559796333313,1.1395739316940308,1.0,1747640037.5274599
25.277996063232422,0.6497396230697632,6247,35.754085540771484,6246,1.927622675895691,0.13367168605327606,0.02539062686264515,2059.907746549,49728,9595392,1.3511711359024048,0.936559796333313,1.1416504383087158,1.0,1747640041.7382321
25.672527313232422,0.6959635615348816,6287,35.754085540771484,6286,1.927622675895691,0.16918951272964478,0.02343750186264515,2072.844095616,50048,9656832,1.420052170753479,0.936559796333313,1.1045328378677368,1.0,1747640054.6745872
26.03841209411621,0.6093750596046448,6296,35.754085540771484,6295,1.927622675895691,0.12386174499988556,0.01953125186264515,2075.74747153,50120,9670656,1.2867411375045776,0.936559796333313,1.1184747219085693,1.0,1747640057.5779545
25.233074188232422,0.6210938096046448,6297,35.754085540771484,6296,1.927622675895691,0.142887145280838,0.0201822929084301,2076.070759144,50128,9672192,1.3058792352676392,0.936559796333313,1.1011425256729126,1.0,1747640057.9012501
26.514324188232422,0.7207031846046448,6307,35.754085540771484,6306,1.927622675895691,0.13585150241851807,0.0221354179084301,2079.289769691,50208,9687552,1.4769340753555298,0.936559796333313,1.1247602701187134,1.0,1747640061.1202576
24.003908157348633,0.7291666865348816,6316,35.754085540771484,6315,1.927622675895691,0.13815326988697052,0.02539062686264515,2082.197053745,50280,9701376,1.4736496210098267,0.936559796333313,1.0962696075439453,1.0,1747640064.0275612
26.26692771911621,0.6621094346046448,6318,35.754085540771484,6317,1.927622675895691,0.14478355646133423,0.02083333395421505,2082.839728758,50296,9704448,1.3616056442260742,0.936559796333313,1.106613278388977,1.0,1747640064.6702013
27.50716209411621,0.6666666865348816,6361,35.754085540771484,6360,1.927622675895691,0.13529270887374878,0.02148437686264515,2096.727221966,50640,9770496,1.3566536903381348,0.936559796333313,1.1315748691558838,1.0,1747640078.5577335
25.45052146911621,0.7285156846046448,6363,35.754085540771484,6362,1.927622675895691,0.15025916695594788,0.02343750186264515,2097.371995074,50656,9773568,1.4679737091064453,0.936559796333313,1.112144947052002,1.0,1747640079.2025127
25.761720657348633,0.6575521230697632,6397,35.754085540771484,6396,1.927622675895691,0.16033628582954407,0.02343750186264515,2108.34207289,50928,9825792,1.3454818725585938,0.936559796333313,1.130123257637024,1.0,1747640090.1726005
25.211589813232422,0.7356771230697632,6416,35.754085540771484,6415,1.927622675895691,0.17040447890758514,0.02278645895421505,2114.464473418,51080,9854976,1.4713542461395264,0.936559796333313,1.1350584030151367,1.0,1747640096.2949736
28.197267532348633,0.6315104365348816,6424,35.754085540771484,6423,1.927622675895691,0.12195457518100739,0.0182291679084301,2117.041787467,51144,9867264,1.311812162399292,0.936559796333313,1.1131702661514282,1.0,1747640098.8722987
26.420574188232422,0.6464844346046448,6437,35.754085540771484,6436,1.927622675895691,0.16888543963432312,0.0221354179084301,2121.220109249,51248,9887232,1.349652647972107,0.936559796333313,1.124707579612732,1.0,1747640103.050621
24.826824188232422,0.6276041865348816,6476,35.754085540771484,6475,1.927622675895691,0.165128692984581,0.02343750186264515,2133.798566012,51560,9947136,1.311814308166504,0.936559796333313,1.1467516422271729,1.0,1747640115.6290557
26.806642532348633,0.6464844346046448,6504,37.10818099975586,6503,1.936737298965454,0.12521898746490479,0.02083333395421505,2142.887382296,51784,9990144,1.2979198694229126,0.9445571899414062,1.1517596244812012,1.0,1747640124.717838
26.31966209411621,0.6673177480697632,6509,37.10818099975586,6508,1.936737298965454,0.15932467579841614,0.0221354179084301,2144.50016975,51824,9997824,1.3611356019973755,0.9445571899414062,1.1387357711791992,1.0,1747640126.3307102
