returned_won_episode,returned_episode_lengths,update_steps,test_returned_episode_returns,_step,loss,returned_episode,qvals,test_returned_episode_lengths,_runtime,grad_steps,test_returned_won_episode,returned_episode_returns,env_step,test_returned_episode,_timestamp
0.0,31.1484375,7,0.026030292734503746,6,0.0,0.013671875,0.0,49.8745231628418,45.546219939,0,0.0,0.1068839430809021,10752,1.0,1746431870.0702214
0.0,30.58333396911621,26,0.026030292734503746,25,0.0,0.01497395895421505,0.0,49.8745231628418,46.782174805,0,0.0,0.11817622184753418,39936,1.0,1746431871.306166
0.0,30.916667938232422,49,0.026030292734503746,48,0.0021148654632270336,0.015625,0.12159198522567749,49.8745231628418,54.355302433,144,0.0,0.13959769904613495,75264,1.0,1746431878.879202
0.0,31.734375,57,0.026030292734503746,56,0.0035819776821881533,0.01302083395421505,0.3309975266456604,49.8745231628418,57.579339914,208,0.0,0.1350371241569519,87552,1.0,1746431882.1032176
0.0,31.7109375,66,0.026030292734503746,65,0.005288603715598583,0.01497395895421505,0.4882701337337494,49.8745231628418,61.218362554,280,0.0,0.14697465300559998,101376,1.0,1746431885.7421794
0.0,31.875,81,0.026030292734503746,80,0.005832083988934755,0.014322916977107525,0.5948249101638794,49.8745231628418,67.26161313,400,0.0,0.152989000082016,124416,1.0,1746431891.785453
0.0,31.006511688232422,84,0.026030292734503746,83,0.010457263328135014,0.01497395895421505,0.629773736000061,49.8745231628418,68.469210264,424,0.0,0.15485139191150665,129024,1.0,1746431892.9931226
0.0,30.55859375,93,0.026030292734503746,92,0.01597900688648224,0.013671875,0.694153904914856,49.8745231628418,72.099763658,496,0.0,0.14993928372859955,142848,1.0,1746431896.623645
0.0,30.93099021911621,98,0.026030292734503746,97,0.009894780814647675,0.014322916977107525,0.7010960578918457,49.8745231628418,74.110982713,536,0.0,0.16276761889457703,150528,1.0,1746431898.6348908
0.0,30.50130271911621,106,0.026030292734503746,105,0.013774147257208824,0.01171875,0.7313255667686462,49.8745231628418,77.341759864,600,0.0,0.14923933148384094,162816,1.0,1746431901.865663
0.0,31.748699188232422,107,0.026030292734503746,106,0.013682628981769085,0.01497395895421505,0.7449852824211121,49.8745231628418,77.746190087,608,0.0,0.16567987203598022,164352,1.0,1746431902.2700872
0.0,31.65755271911621,116,0.026030292734503746,115,0.017265619710087776,0.013671875,0.7420331239700317,49.8745231628418,81.393900757,680,0.0,0.1641758382320404,178176,1.0,1746431905.917741
0.0,30.654949188232422,128,0.026030292734503746,127,0.01842445507645607,0.013671875,0.7324178218841553,49.8745231628418,86.25579959,776,0.0,0.16830848157405853,196608,1.0,1746431910.7796135
0.0,31.471355438232422,173,0.026030292734503746,172,0.04064206779003143,0.01497395895421505,0.8678797483444214,49.8745231628418,104.496370941,1136,0.0,0.19709095358848572,265728,1.0,1746431929.0202482
0.0,31.24609375,190,0.026030292734503746,189,0.03743311017751694,0.013671875,0.8914791345596313,49.8745231628418,111.402240791,1272,0.0,0.17326097190380096,291840,1.0,1746431935.9260454
0.0,31.690105438232422,207,0.026030292734503746,206,0.0481015145778656,0.015625,0.9025928974151611,49.8745231628418,118.275042292,1408,0.0,0.18911060690879822,317952,1.0,1746431942.798888
0.0,31.8515625,227,0.026030292734503746,226,0.06875026226043701,0.01497395895421505,0.917655348777771,49.8745231628418,126.370243596,1568,0.0,0.20117950439453125,348672,1.0,1746431950.893971
0.0,31.791667938232422,228,0.026030292734503746,227,0.06786967813968658,0.01497395895421505,0.9308488368988037,49.8745231628418,126.777016364,1576,0.0,0.19585511088371277,350208,1.0,1746431951.3008857
0.0,32.134117126464844,266,0.026030292734503746,265,0.075975701212883,0.015625,0.9407023787498474,49.8745231628418,142.203021077,1880,0.0,0.23850813508033752,408576,1.0,1746431966.7267988
0.0,31.77474021911621,278,0.026030292734503746,277,0.0891929417848587,0.015625,0.9676939249038696,49.8745231628418,147.057227501,1976,0.0,0.2293529510498047,427008,1.0,1746431971.5809922
0.0,32.14323043823242,296,0.026030292734503746,295,0.08471369743347168,0.015625,0.9541529417037964,49.8745231628418,154.35916069,2120,0.0,0.24642980098724365,454656,1.0,1746431978.8829381
0.0,32.00390625,337,0.6075337529182434,336,0.10381601005792618,0.015625,0.9665426015853882,62.17738342285156,171.049797296,2448,0.0,0.231298565864563,517632,1.0,1746431995.5736291
0.0,32.02994918823242,367,0.6075337529182434,366,0.13790732622146606,0.014322916977107525,1.0033694505691528,62.17738342285156,183.217473096,2688,0.0,0.20333872735500336,563712,1.0,1746432007.7413027
0.0,31.14192771911621,368,0.6075337529182434,367,0.12330332398414612,0.01302083395421505,0.9946211576461792,62.17738342285156,183.620431214,2696,0.0,0.17071521282196045,565248,1.0,1746432008.144365
0.0,31.27083396911621,370,0.6075337529182434,369,0.1275312900543213,0.01497395895421505,0.9915987253189087,62.17738342285156,184.432987131,2712,0.0,0.1776922196149826,568320,1.0,1746432008.9568264
0.0,32.04166793823242,381,0.6075337529182434,380,0.10060535371303558,0.014322916977107525,0.9916403889656067,62.17738342285156,188.886254441,2800,0.0,0.20020541548728943,585216,1.0,1746432013.4100378
0.0,32.12369918823242,384,0.6075337529182434,383,0.09244881570339203,0.014322916977107525,0.9937835335731506,62.17738342285156,190.101732718,2824,0.0,0.19852536916732788,589824,1.0,1746432014.625536
0.0,31.32421875,386,0.6075337529182434,385,0.09687091410160065,0.01302083395421505,1.0148972272872925,62.17738342285156,190.910371336,2840,0.0,0.17975959181785583,592896,1.0,1746432015.4342985
0.0,32.091148376464844,399,0.6075337529182434,398,0.10105783492326736,0.014322916977107525,1.0104378461837769,62.17738342285156,196.178112646,2944,0.0,0.14131952822208405,612864,1.0,1746432020.7019098
0.0,32.138023376464844,410,0.6075337529182434,409,0.09735097736120224,0.01497395895421505,1.0203287601470947,62.17738342285156,200.644595498,3032,0.0,0.20583194494247437,629760,1.0,1746432025.168521
0.0,31.588542938232422,458,0.6075337529182434,457,0.09132449328899384,0.012369791977107525,1.0583562850952148,62.17738342285156,220.133298058,3416,0.0,0.1326303333044052,703488,1.0,1746432044.6571343
0.0,30.71224021911621,461,0.6075337529182434,460,0.0953010767698288,0.009765625,1.0562102794647217,62.17738342285156,221.350191549,3440,0.0,0.11776402592658997,708096,1.0,1746432045.8741252
0.0,32.442710876464844,466,0.6075337529182434,465,0.10873091220855713,0.012369791977107525,1.0497770309448242,62.17738342285156,223.370383871,3480,0.0,0.1453617662191391,715776,1.0,1746432047.8943043
0.0,31.6484375,468,0.6075337529182434,467,0.09727199375629425,0.01302083395421505,1.0279347896575928,62.17738342285156,224.175704122,3496,0.0,0.12820613384246826,718848,1.0,1746432048.699435
0.0,32.07682418823242,474,0.6075337529182434,473,0.1620441973209381,0.01302083395421505,1.0349714756011963,62.17738342285156,226.606228991,3544,0.0,0.11997677385807037,728064,1.0,1746432051.1300678
0.0,31.57421875,477,0.6075337529182434,476,0.08618208765983582,0.01106770895421505,1.0339016914367676,62.17738342285156,227.822550983,3568,0.0,0.11563285440206528,732672,1.0,1746432052.3463542
0.0,32.29296875,488,0.6075337529182434,487,0.09538283199071884,0.01171875,1.0243951082229614,62.17738342285156,232.265942048,3656,0.0,0.12879185378551483,749568,1.0,1746432056.7897775
0.0,30.59895896911621,489,0.6075337529182434,488,0.0727052390575409,0.01106770895421505,1.0192813873291016,62.17738342285156,232.669062993,3664,0.0,0.12281086295843124,751104,1.0,1746432057.1929526
0.0,32.09635543823242,497,0.6075337529182434,496,0.18044555187225342,0.01171875,1.0137665271759033,62.17738342285156,235.899598264,3728,0.0,0.13621169328689575,763392,1.0,1746432060.4234972
0.0,32.31119918823242,512,0.6075337529182434,511,0.21220967173576355,0.012369791977107525,1.003631591796875,62.17738342285156,241.970006882,3848,0.0,0.13610367476940155,786432,1.0,1746432066.4938042
0.0,32.11979293823242,544,0.6075337529182434,543,0.065045066177845,0.013671875,0.9979972839355469,62.17738342285156,254.901245899,4104,0.0,0.1354425549507141,835584,1.0,1746432079.425135
0.0,31.734375,552,0.6075337529182434,551,0.06652334332466125,0.01302083395421505,0.9922411441802979,62.17738342285156,258.139021255,4168,0.0,0.14203020930290222,847872,1.0,1746432082.6626494
0.0,32.4375,556,0.6075337529182434,555,0.08058568835258484,0.01106770895421505,1.005896806716919,62.17738342285156,259.757421743,4200,0.0,0.13167959451675415,854016,1.0,1746432084.2812312
0.0,31.350261688232422,563,0.6075337529182434,562,0.0652407556772232,0.015625,0.9847939610481262,62.17738342285156,262.599446315,4256,0.0,0.11318811029195786,864768,1.0,1746432087.123218
0.0,32.126304626464844,564,0.6075337529182434,563,0.08675563335418701,0.010416666977107525,0.9898297786712646,62.17738342285156,263.004411083,4264,0.0,0.1439051479101181,866304,1.0,1746432087.5282247
0.0,32.1171875,568,0.6075337529182434,567,0.07422718405723572,0.01171875,0.9852655529975891,62.17738342285156,264.623740596,4296,0.0,0.167341411113739,872448,1.0,1746432089.147641
0.0,32.23307418823242,571,0.6075337529182434,570,0.13428188860416412,0.014322916977107525,0.9940657019615173,62.17738342285156,265.842028751,4320,0.0,0.12203904986381531,877056,1.0,1746432090.3658261
0.0,31.69921875,608,0.6075337529182434,607,0.10137078166007996,0.01497395895421505,1.0173650979995728,62.17738342285156,280.801621336,4616,0.0,0.057707689702510834,933888,1.0,1746432105.3253996
0.0,32.24088668823242,612,0.6075337529182434,611,0.09383070468902588,0.01497395895421505,1.0107446908950806,62.17738342285156,282.421867419,4648,0.0,0.05832814425230026,940032,1.0,1746432106.945714
0.0,31.639324188232422,641,0.6075337529182434,640,0.13248518109321594,0.01497395895421505,1.0190539360046387,62.17738342285156,294.150439437,4880,0.0,0.07563480734825134,984576,1.0,1746432118.6743324
0.0,31.260417938232422,648,0.6075337529182434,647,0.13133129477500916,0.015625,1.015631079673767,62.17738342285156,296.978522197,4936,0.0,0.035113558173179626,995328,1.0,1746432121.5022728
0.0,30.3359375,679,0.018454112112522125,678,0.10343514382839203,0.0162760429084301,0.9996563196182251,53.42759323120117,309.628318772,5184,0.0,0.0385875478386879,1042944,1.0,1746432134.1521454
0.0,32.15494918823242,685,0.018454112112522125,684,0.11436876654624939,0.015625,1.0171289443969727,53.42759323120117,312.048687888,5232,0.0,0.06531774997711182,1052160,1.0,1746432136.5725665
0.0,31.3359375,698,0.018454112112522125,697,0.12595295906066895,0.015625,0.9974669218063354,53.42759323120117,317.308458005,5336,0.0,0.06670379638671875,1072128,1.0,1746432141.8322022
0.0,31.26171875,719,0.018454112112522125,718,0.09763497114181519,0.014322916977107525,0.996178388595581,53.42759323120117,325.807285628,5504,0.0,0.060152411460876465,1104384,1.0,1746432150.3311844
0.0,30.45703125,721,0.018454112112522125,720,0.10914526134729385,0.015625,1.0040345191955566,53.42759323120117,326.613294953,5520,0.0,0.06006723642349243,1107456,1.0,1746432151.1371415
0.0,30.537761688232422,730,0.018454112112522125,729,0.13577404618263245,0.015625,0.9831844568252563,53.42759323120117,330.254524238,5592,0.0,0.06083380803465843,1121280,1.0,1746432154.7784038
0.0,31.3125,732,0.018454112112522125,731,0.09852197766304016,0.015625,0.9651060104370117,53.42759323120117,331.068461652,5608,0.0,0.05609883368015289,1124352,1.0,1746432155.5920508
0.0,30.89453125,734,0.018454112112522125,733,0.1319359540939331,0.015625,0.9989633560180664,53.42759323120117,331.88061269,5624,0.0,0.05792209133505821,1127424,1.0,1746432156.404388
0.0,31.73177146911621,746,0.018454112112522125,745,0.12837055325508118,0.01302083395421505,0.9780646562576294,53.42759323120117,336.720745249,5720,0.0,0.05823011323809624,1145856,1.0,1746432161.2446125
0.0,30.859375,749,0.018454112112522125,748,0.1275031417608261,0.01497395895421505,0.9769144654273987,53.42759323120117,337.929379107,5744,0.0,0.06368628889322281,1150464,1.0,1746432162.4532018
0.0,32.078125,751,0.018454112112522125,750,0.11432789266109467,0.013671875,0.9849985241889954,53.42759323120117,338.733856585,5760,0.0,0.07586222141981125,1153536,1.0,1746432163.2576537
0.0,31.295574188232422,757,0.018454112112522125,756,0.07458317279815674,0.015625,0.9698566198348999,53.42759323120117,341.163120408,5808,0.0,0.07003485411405563,1162752,1.0,1746432165.6869566
0.0,31.08984375,780,0.018454112112522125,779,0.10790681838989258,0.014322916977107525,0.941730797290802,53.42759323120117,350.46138117,5992,0.0,0.10033836215734482,1198080,1.0,1746432174.9851522
0.0,31.95833396911621,792,0.018454112112522125,791,0.1984165906906128,0.01497395895421505,0.8816796541213989,53.42759323120117,355.320913803,6088,0.0,0.1153419241309166,1216512,1.0,1746432179.8447104
0.0,30.74739646911621,797,0.018454112112522125,796,0.06369516998529434,0.014322916977107525,0.8901326656341553,53.42759323120117,357.343298372,6128,0.0,0.10219153016805649,1224192,1.0,1746432181.8672025
0.0,32.015625,813,0.018454112112522125,812,0.09033448994159698,0.01497395895421505,0.8747519254684448,53.42759323120117,363.818703105,6256,0.0,0.13929703831672668,1248768,1.0,1746432188.342527
0.0,31.9140625,819,0.018454112112522125,818,0.07232091575860977,0.014322916977107525,0.8793315887451172,53.42759323120117,366.243048658,6304,0.0,0.1577983796596527,1257984,1.0,1746432190.7669122
0.0,31.890625,852,0.018454112112522125,851,0.06294020265340805,0.01497395895421505,0.8477583527565002,53.42759323120117,379.60958145,6568,0.0,0.20061227679252625,1308672,1.0,1746432204.133357
0.0,32.161460876464844,853,0.018454112112522125,852,0.0569654144346714,0.012369791977107525,0.850642740726471,53.42759323120117,380.013429167,6576,0.0,0.18191878497600555,1310208,1.0,1746432204.537304
0.0,32.270835876464844,860,0.018454112112522125,859,0.08353516459465027,0.01171875,0.8452571630477905,53.42759323120117,382.849537057,6632,0.0,0.20637521147727966,1320960,1.0,1746432207.3732972
0.0,32.42448043823242,886,0.018454112112522125,885,0.15786157548427582,0.012369791977107525,0.8237155675888062,53.42759323120117,393.36711772,6840,0.0,0.2226393073797226,1360896,1.0,1746432217.8909361
0.0,32.2109375,887,0.018454112112522125,886,0.1254132241010666,0.012369791977107525,0.8120741844177246,53.42759323120117,393.770049156,6848,0.0,0.22918370366096497,1362432,1.0,1746432218.293927
0.0,31.518230438232422,893,0.018454112112522125,892,0.047041624784469604,0.01171875,0.8324564099311829,53.42759323120117,396.193387176,6896,0.0,0.19729356467723846,1371648,1.0,1746432220.7171822
0.0,30.57161521911621,900,0.018454112112522125,899,0.032920993864536285,0.009765625,0.8635957837104797,53.42759323120117,399.029303043,6952,0.0,0.21430018544197083,1382400,1.0,1746432223.5531366
0.0,30.537761688232422,908,0.018454112112522125,907,0.07758583128452301,0.01302083395421505,0.8806017637252808,53.42759323120117,402.260492483,7016,0.0,0.20860426127910614,1394688,1.0,1746432226.784248
0.0,31.627605438232422,911,0.018454112112522125,910,0.08105557411909103,0.01302083395421505,0.8633373975753784,53.42759323120117,403.478318743,7040,0.0,0.2275608777999878,1399296,1.0,1746432228.0021684
0.0,32.35416793823242,955,0.018454112112522125,954,0.02226145938038826,0.01302083395421505,0.8681647777557373,53.42759323120117,421.272632736,7392,0.0,0.24696239829063416,1466880,1.0,1746432245.7964463
0.0,32.059898376464844,989,0.4937898814678192,988,0.01971128024160862,0.014322916977107525,0.8706128001213074,59.059844970703125,435.128190143,7664,0.0,0.2652832865715027,1519104,1.0,1746432259.6519506
0.0,31.80208396911621,1005,0.4937898814678192,1004,0.02401619404554367,0.012369791977107525,0.9052220582962036,59.059844970703125,441.60820385,7792,0.0,0.24058741331100464,1543680,1.0,1746432266.1320646
0.0,31.971355438232422,1010,0.4937898814678192,1009,0.019178610295057297,0.013671875,0.901146411895752,59.059844970703125,443.637194467,7832,0.0,0.2891271114349365,1551360,1.0,1746432268.1609805
0.0,32.28385543823242,1011,0.4937898814678192,1010,0.01967330276966095,0.013671875,0.9016590118408203,59.059844970703125,444.039507145,7840,0.0,0.30698341131210327,1552896,1.0,1746432268.5633054
0.0,32.171875,1012,0.4937898814678192,1011,0.06272914260625839,0.01497395895421505,0.8845844268798828,59.059844970703125,444.44283511,7848,0.0,0.2911359369754791,1554432,1.0,1746432268.9667332
0.0,31.803386688232422,1027,0.4937898814678192,1026,0.017763661220669746,0.013671875,0.9015591144561768,59.059844970703125,450.510337535,7968,0.0,0.2618762254714966,1577472,1.0,1746432275.0341768
0.0,32.078125,1046,0.4937898814678192,1045,0.017436835914850235,0.01302083395421505,0.907163143157959,59.059844970703125,458.198450198,8120,0.0,0.3404037356376648,1606656,1.0,1746432282.722309
0.0,31.98046875,1048,0.4937898814678192,1047,0.01882735639810562,0.01497395895421505,0.9112317562103271,59.059844970703125,459.01126361,8136,0.0,0.30846521258354187,1609728,1.0,1746432283.535025
0.0,32.18229293823242,1052,0.4937898814678192,1051,0.02787201479077339,0.013671875,0.9196401834487915,59.059844970703125,460.624198861,8168,0.0,0.3235785663127899,1615872,1.0,1746432285.1481047
0.0,32.20703125,1061,0.4937898814678192,1060,0.024620791897177696,0.014322916977107525,0.921236515045166,59.059844970703125,464.261610492,8240,0.0,0.3164218068122864,1629696,1.0,1746432288.7853909
0.0,31.268230438232422,1074,0.4937898814678192,1073,0.01686781644821167,0.01171875,0.9202878475189209,59.059844970703125,469.520127727,8344,0.0,0.309927761554718,1649664,1.0,1746432294.0440211
0.0,32.24088668823242,1134,0.4937898814678192,1133,0.017002366483211517,0.010416666977107525,0.9413290023803711,59.059844970703125,493.771437637,8824,0.0,0.34377139806747437,1741824,1.0,1746432318.2952356
0.0,31.7578125,1148,0.4937898814678192,1147,0.016773540526628494,0.01106770895421505,0.9293308258056641,59.059844970703125,499.42691581,8936,0.0,0.36377012729644775,1763328,1.0,1746432323.9506807
0.0,31.94661521911621,1171,0.4937898814678192,1170,0.013329515233635902,0.010416666977107525,0.9191198348999023,59.059844970703125,508.734314089,9120,0.0,0.34176087379455566,1798656,1.0,1746432333.2582095
0.0,31.490886688232422,1186,0.4937898814678192,1185,0.013934902846813202,0.01106770895421505,0.9144927263259888,59.059844970703125,514.802429152,9240,0.0,0.3336856961250305,1821696,1.0,1746432339.3263035
0.0,31.90755271911621,1195,0.4937898814678192,1194,0.014060618355870247,0.01106770895421505,0.9069875478744507,59.059844970703125,518.437374063,9312,0.0,0.33545002341270447,1835520,1.0,1746432342.9612727
0.0,32.05078125,1210,0.4937898814678192,1209,0.011935727670788765,0.01171875,0.8960006237030029,59.059844970703125,524.512978142,9432,0.0,0.3312419056892395,1858560,1.0,1746432349.0367188
0.0,32.220054626464844,1224,0.4937898814678192,1223,0.016101934015750885,0.013671875,0.8864884376525879,59.059844970703125,530.169471693,9544,0.0,0.34277087450027466,1880064,1.0,1746432354.6932976
0.0,32.33854293823242,1227,0.4937898814678192,1226,0.01268070749938488,0.012369791977107525,0.8899645805358887,59.059844970703125,531.387764153,9568,0.0,0.34034308791160583,1884672,1.0,1746432355.911611
0.0,32.26432418823242,1231,0.4937898814678192,1230,0.012321783229708672,0.01171875,0.8835150003433228,59.059844970703125,533.003596076,9600,0.0,0.34194672107696533,1890816,1.0,1746432357.5275216
0.0,32.17057418823242,1232,0.4937898814678192,1231,0.010259213857352734,0.013671875,0.8768161535263062,59.059844970703125,533.412534479,9608,0.0,0.3458985686302185,1892352,1.0,1746432357.9362822
0.0,32.102867126464844,1246,0.4937898814678192,1245,0.013345510698854923,0.01302083395421505,0.8686689734458923,59.059844970703125,539.06143055,9720,0.0,0.3485397696495056,1913856,1.0,1746432363.5851543
0.0,32.19921875,1258,0.4937898814678192,1257,0.013490117155015469,0.01171875,0.8681016564369202,59.059844970703125,543.898744876,9816,0.0,0.34331631660461426,1932288,1.0,1746432368.4226048
0.0,32.20703125,1275,0.4937898814678192,1274,0.013250257819890976,0.013671875,0.8576908111572266,59.059844970703125,550.783053494,9952,0.0,0.35469651222229004,1958400,1.0,1746432375.3069117
0.0,32.290367126464844,1278,0.4937898814678192,1277,0.012182692065834999,0.013671875,0.8531948328018188,59.059844970703125,552.014038389,9976,0.0,0.3547460436820984,1963008,1.0,1746432376.5378664
0.0,32.286460876464844,1287,0.4937898814678192,1286,0.01360630989074707,0.01171875,0.8485338687896729,59.059844970703125,555.648062206,10048,0.0,0.3529256284236908,1976832,1.0,1746432380.1719604
0.0,31.65755271911621,1288,0.4937898814678192,1287,0.016070235520601273,0.01106770895421505,0.8660750389099121,59.059844970703125,556.057206304,10056,0.0,0.3360266089439392,1978368,1.0,1746432380.5809937
0.0,32.06510543823242,1311,0.7126225233078003,1310,0.013931244611740112,0.009765625,0.8438707590103149,65.6169204711914,565.461984189,10240,0.003076923079788685,0.34148678183555603,2013696,1.0,1746432389.9858103
0.0,32.390625,1320,0.7126225233078003,1319,0.011932456865906715,0.01171875,0.8396851420402527,65.6169204711914,569.089622886,10312,0.003076923079788685,0.3576856553554535,2027520,1.0,1746432393.6135426
0.0,32.122398376464844,1341,0.7126225233078003,1340,0.01400116365402937,0.00911458395421505,0.83191978931427,65.6169204711914,577.601444669,10480,0.003076923079788685,0.3465859293937683,2059776,1.0,1746432402.1251767
0.0,32.13151168823242,1352,0.7126225233078003,1351,0.01240174937993288,0.01171875,0.8171110153198242,65.6169204711914,582.050204045,10568,0.003076923079788685,0.34577953815460205,2076672,1.0,1746432406.5740147
0.087890625,32.208335876464844,1395,0.7126225233078003,1394,0.019670337438583374,0.00911458395421505,0.832327127456665,65.6169204711914,599.439547183,10912,0.003076923079788685,0.4701310992240906,2142720,1.0,1746432423.9633932
0.0,32.13671875,1418,0.7126225233078003,1417,0.011897977441549301,0.010416666977107525,0.8062832355499268,65.6169204711914,608.767052645,11096,0.003076923079788685,0.3647509515285492,2178048,1.0,1746432433.2895997
0.0,31.89192771911621,1422,0.7126225233078003,1421,0.03400857001543045,0.01106770895421505,0.8043365478515625,65.6169204711914,610.393190881,11128,0.003076923079788685,0.35912904143333435,2184192,1.0,1746432434.9168673
0.0,31.44270896911621,1433,0.7126225233078003,1432,0.017378028482198715,0.010416666977107525,0.7995232343673706,65.6169204711914,614.850778203,11216,0.003076923079788685,0.34322506189346313,2201088,1.0,1746432439.3743374
0.0,31.14974021911621,1441,0.7126225233078003,1440,0.01950797066092491,0.009765625,0.7882240414619446,65.6169204711914,618.089442885,11280,0.003076923079788685,0.3440578877925873,2213376,1.0,1746432442.612608
0.0,31.85286521911621,1455,0.7126225233078003,1454,0.02409776858985424,0.01302083395421505,0.7840217351913452,65.6169204711914,623.769330087,11392,0.003076923079788685,0.3619866967201233,2234880,1.0,1746432448.2930906
0.0013020833721384406,31.455730438232422,1476,0.7126225233078003,1475,0.025751560926437378,0.009765625,0.7778322696685791,65.6169204711914,632.281698083,11560,0.003076923079788685,0.363338828086853,2267136,1.0,1746432456.8054032
0.0201822929084301,31.174480438232422,1488,0.7126225233078003,1487,0.01212395541369915,0.010416666977107525,0.7750440835952759,65.6169204711914,637.145299191,11656,0.003076923079788685,0.3722517192363739,2285568,1.0,1746432461.668818
0.0,31.94661521911621,1498,0.7126225233078003,1497,0.014865254983305931,0.010416666977107525,0.7640876770019531,65.6169204711914,641.200296334,11736,0.003076923079788685,0.33108457922935486,2300928,1.0,1746432465.7241597
0.0,32.09765625,1510,0.7126225233078003,1509,0.02405663952231407,0.009765625,0.7764549255371094,65.6169204711914,646.059203025,11832,0.003076923079788685,0.3574308156967163,2319360,1.0,1746432470.5828052
0.0,32.08854293823242,1514,0.7126225233078003,1513,0.014840781688690186,0.010416666977107525,0.7716770172119141,65.6169204711914,647.675082644,11864,0.003076923079788685,0.3476813733577728,2325504,1.0,1746432472.1987948
0.0703125,31.70703125,1518,0.7126225233078003,1517,0.01570728048682213,0.00911458395421505,0.7760262489318848,65.6169204711914,649.295210618,11896,0.003076923079788685,0.43802642822265625,2331648,1.0,1746432473.8189266
0.0325520858168602,31.643230438232422,1538,0.7126225233078003,1537,0.0249202661216259,0.00911458395421505,0.7560468316078186,65.6169204711914,657.406036455,12056,0.003076923079788685,0.3745891749858856,2362368,1.0,1746432481.9296148
0.0,30.537761688232422,1548,0.7126225233078003,1547,0.03660842031240463,0.008463541977107525,0.7871788740158081,65.6169204711914,661.463879554,12136,0.003076923079788685,0.3345518112182617,2377728,1.0,1746432485.9875226
0.005859375,30.576824188232422,1561,0.7126225233078003,1560,0.02410624548792839,0.009765625,0.7661474943161011,65.6169204711914,666.736544168,12240,0.003076923079788685,0.33746951818466187,2397696,1.0,1746432491.260162
0.0,30.99349021911621,1567,0.7126225233078003,1566,0.02477051131427288,0.00911458395421505,0.7711693048477173,65.6169204711914,669.166816254,12288,0.003076923079788685,0.3510647714138031,2406912,1.0,1746432493.690366
0.0390625,30.96614646911621,1572,0.7126225233078003,1571,0.027639716863632202,0.008463541977107525,0.7792099714279175,65.6169204711914,671.19659863,12328,0.003076923079788685,0.39587900042533875,2414592,1.0,1746432495.7202318
0.0,30.80078125,1578,0.7126225233078003,1577,0.04386565834283829,0.008463541977107525,0.7825082540512085,65.6169204711914,673.625158943,12376,0.003076923079788685,0.3303161561489105,2423808,1.0,1746432498.1487753
0.02669270895421505,30.11067771911621,1591,0.7126225233078003,1590,0.033439382910728455,0.008463541977107525,0.7559242248535156,65.6169204711914,678.894359393,12480,0.003076923079788685,0.3537002205848694,2443776,1.0,1746432503.418055
0.0,31.23828125,1596,0.7126225233078003,1595,0.020200170576572418,0.008463541977107525,0.7623770236968994,65.6169204711914,680.924439942,12520,0.003076923079788685,0.32810741662979126,2451456,1.0,1746432505.448099
0.0,30.05078125,1600,0.7126225233078003,1599,0.025831464678049088,0.0078125,0.7614359855651855,65.6169204711914,682.543451337,12552,0.003076923079788685,0.32619619369506836,2457600,1.0,1746432507.0672057
0.0,30.96224021911621,1601,0.7126225233078003,1600,0.023121118545532227,0.008463541977107525,0.759057343006134,65.6169204711914,682.947322304,12560,0.003076923079788685,0.33358749747276306,2459136,1.0,1746432507.4711466
0.0279947929084301,31.578125,1607,0.7126225233078003,1606,0.05298280343413353,0.008463541977107525,0.7589945793151855,65.6169204711914,685.367056387,12608,0.003076923079788685,0.39562150835990906,2468352,1.0,1746432509.8909464
0.0,29.451824188232422,1631,0.9321069717407227,1630,0.03476636856794357,0.0078125,0.7390999794006348,75.1851806640625,695.172334589,12800,0.10740740597248077,0.3024214208126068,2505216,1.0,1746432519.696065
0.02278645895421505,30.83333396911621,1638,0.9321069717407227,1637,0.02346450462937355,0.0078125,0.7303663492202759,75.1851806640625,698.002085458,12856,0.10740740597248077,0.3569599390029907,2515968,1.0,1746432522.5259612
0.0,30.861980438232422,1649,0.9321069717407227,1648,0.03343132138252258,0.008463541977107525,0.7342996001243591,75.1851806640625,702.445748775,12944,0.10740740597248077,0.34746262431144714,2532864,1.0,1746432526.9695303
0.048828125,27.59375,1661,0.9321069717407227,1660,0.031096484512090683,0.00911458395421505,0.7370705604553223,75.1851806640625,707.302919297,13040,0.10740740597248077,0.34880146384239197,2551296,1.0,1746432531.826807
0.0598958358168602,28.7265625,1663,0.9321069717407227,1662,0.041171591728925705,0.00911458395421505,0.7377908229827881,75.1851806640625,708.111506572,13056,0.10740740597248077,0.36126407980918884,2554368,1.0,1746432532.635351
0.0,31.08724021911621,1668,0.9321069717407227,1667,0.032577961683273315,0.008463541977107525,0.7150163054466248,75.1851806640625,710.132386872,13096,0.10740740597248077,0.35136181116104126,2562048,1.0,1746432534.6561134
0.0182291679084301,30.342449188232422,1670,0.9321069717407227,1669,0.0347207710146904,0.008463541977107525,0.731261134147644,75.1851806640625,710.941129971,13112,0.10740740597248077,0.3482295870780945,2565120,1.0,1746432535.465034
0.0514322929084301,29.404949188232422,1676,0.9321069717407227,1675,0.02936410717666149,0.0078125,0.7183221578598022,75.1851806640625,713.372652164,13160,0.10740740597248077,0.36073803901672363,2574336,1.0,1746432537.8963761
0.02473958395421505,30.27864646911621,1708,0.9321069717407227,1707,0.06293772161006927,0.008463541977107525,0.7361472845077515,75.1851806640625,726.317841693,13416,0.10740740597248077,0.3497490882873535,2623488,1.0,1746432550.8416986
0.0,29.846355438232422,1712,0.9321069717407227,1711,0.030446063727140427,0.0078125,0.7361825704574585,75.1851806640625,727.957879227,13448,0.10740740597248077,0.31376034021377563,2629632,1.0,1746432552.4816573
0.0,30.61328125,1731,0.9321069717407227,1730,0.06835198402404785,0.00911458395421505,0.7467030882835388,75.1851806640625,735.64861306,13600,0.10740740597248077,0.34140586853027344,2658816,1.0,1746432560.172498
0.025390625,30.83984375,1744,0.9321069717407227,1743,0.05726117268204689,0.0078125,0.735910177230835,75.1851806640625,740.915413824,13704,0.10740740597248077,0.3591172695159912,2678784,1.0,1746432565.4391816
0.0,30.1796875,1772,0.9321069717407227,1771,0.05814243480563164,0.00911458395421505,0.7822247743606567,75.1851806640625,752.233921868,13928,0.10740740597248077,0.32545825839042664,2721792,1.0,1746432576.7576363
0.0221354179084301,29.85286521911621,1775,0.9321069717407227,1774,0.07219836115837097,0.008463541977107525,0.7905693650245667,75.1851806640625,753.450523232,13952,0.10740740597248077,0.34283408522605896,2726400,1.0,1746432577.9742699
0.0390625,31.069011688232422,1783,0.9321069717407227,1782,0.10828042775392532,0.00911458395421505,0.7918108701705933,75.1851806640625,756.688127578,14016,0.10740740597248077,0.3840418756008148,2738688,1.0,1746432581.2119143
0.0598958358168602,31.233074188232422,1791,0.9321069717407227,1790,0.05489536374807358,0.00911458395421505,0.787811815738678,75.1851806640625,759.917235455,14080,0.10740740597248077,0.39941415190696716,2750976,1.0,1746432584.4411302
0.0,30.25911521911621,1794,0.9321069717407227,1793,0.05884753540158272,0.0078125,0.7648074626922607,75.1851806640625,761.144672276,14104,0.10740740597248077,0.32546111941337585,2755584,1.0,1746432585.668393
0.037109375,29.7890625,1798,0.9321069717407227,1797,0.0571603998541832,0.00911458395421505,0.7687282562255859,75.1851806640625,762.75836087,14136,0.10740740597248077,0.3655581474304199,2761728,1.0,1746432587.282187
0.138671875,30.04817771911621,1809,0.9321069717407227,1808,0.05618905648589134,0.00911458395421505,0.7787762880325317,75.1851806640625,767.204904447,14224,0.10740740597248077,0.48124751448631287,2778624,1.0,1746432591.7285357
0.0319010429084301,30.84375,1820,0.9321069717407227,1819,0.0654727965593338,0.0078125,0.7522071599960327,75.1851806640625,771.662337974,14312,0.10740740597248077,0.3626476228237152,2795520,1.0,1746432596.186132
0.0546875,28.666667938232422,1826,0.9321069717407227,1825,0.0632944330573082,0.0078125,0.743738055229187,75.1851806640625,774.082064247,14360,0.10740740597248077,0.3535863757133484,2804736,1.0,1746432598.6059175
0.0904947966337204,29.01171875,1852,0.9321069717407227,1851,0.08258463442325592,0.0078125,0.7442711591720581,75.1851806640625,784.598245972,14568,0.10740740597248077,0.40543636679649353,2844672,1.0,1746432609.122086
0.021484375,30.229167938232422,1853,0.9321069717407227,1852,0.107699915766716,0.0078125,0.7475987672805786,75.1851806640625,785.00928739,14576,0.10740740597248077,0.350494384765625,2846208,1.0,1746432609.5330677
0.025390625,29.27734375,1860,0.9321069717407227,1859,0.07471935451030731,0.008463541977107525,0.7141324281692505,75.1851806640625,787.837526975,14632,0.10740740597248077,0.34111517667770386,2856960,1.0,1746432612.3613667
0.05078125,25.81380271911621,1862,0.9321069717407227,1861,0.19145634770393372,0.0078125,0.7610398530960083,75.1851806640625,788.650306428,14648,0.10740740597248077,0.30931657552719116,2860032,1.0,1746432613.1740727
0.0,31.3203125,1869,0.9321069717407227,1868,0.09589101374149323,0.0078125,0.7322608232498169,75.1851806640625,791.477840851,14704,0.10740740597248077,0.357880175113678,2870784,1.0,1746432616.001713
0.111328125,30.233074188232422,1871,0.9321069717407227,1870,0.07702073454856873,0.0078125,0.7286980152130127,75.1851806640625,792.28259228,14720,0.10740740597248077,0.43606358766555786,2873856,1.0,1746432616.8064334
0.0,29.55078125,1880,0.9321069717407227,1879,0.08767260611057281,0.0078125,0.7595458030700684,75.1851806640625,795.919204644,14792,0.10740740597248077,0.30675870180130005,2887680,1.0,1746432620.4430258
0.0865885466337204,30.40234375,1885,0.9321069717407227,1884,0.0777367502450943,0.0078125,0.7509303689002991,75.1851806640625,797.940968363,14832,0.10740740597248077,0.40952813625335693,2895360,1.0,1746432622.464692
0.12109375,26.764324188232422,1895,0.9321069717407227,1894,0.0915406346321106,0.0078125,0.7726406455039978,75.1851806640625,801.984678276,14912,0.10740740597248077,0.39978545904159546,2910720,1.0,1746432626.5085857
0.0,28.975261688232422,1905,0.9321069717407227,1904,0.07374903559684753,0.0078125,0.7454631924629211,75.1851806640625,806.033128012,14992,0.10740740597248077,0.2902529239654541,2926080,1.0,1746432630.5569763
0.0,30.24609375,1917,0.9321069717407227,1916,0.10200485587120056,0.0078125,0.7548859119415283,75.1851806640625,810.890699171,15088,0.10740740597248077,0.32340213656425476,2944512,1.0,1746432635.414544
0.0338541679084301,30.764324188232422,1936,0.9321069717407227,1935,0.09354930371046066,0.0078125,0.7339864373207092,75.1851806640625,818.58350272,15240,0.10740740597248077,0.3678295612335205,2973696,1.0,1746432643.1073372
0.0755208358168602,30.307292938232422,1971,1.0542980432510376,1970,0.09869774430990219,0.008463541977107525,0.7121548056602478,87.27821350097656,832.855307584,15520,0.1906614750623703,0.41397231817245483,3027456,1.0,1746432657.3790889
0.1373697966337204,29.12109375,1975,1.0542980432510376,1974,0.1089993417263031,0.0078125,0.726088285446167,87.27821350097656,834.475858417,15552,0.1906614750623703,0.45900124311447144,3033600,1.0,1746432658.9996634
0.068359375,28.71614646911621,1983,1.0542980432510376,1982,0.11738884449005127,0.00911458395421505,0.7378820180892944,87.27821350097656,837.717835596,15616,0.1906614750623703,0.38172647356987,3045888,1.0,1746432662.241627
0.03125,27.28255271911621,1985,1.0542980432510376,1984,0.11804310977458954,0.0078125,0.7382729053497314,87.27821350097656,838.522878023,15632,0.1906614750623703,0.3266785740852356,3048960,1.0,1746432663.046775
0.0729166716337204,29.16796875,1996,1.0542980432510376,1995,0.12083898484706879,0.0078125,0.7197180986404419,87.27821350097656,842.975029739,15720,0.1906614750623703,0.3906853199005127,3065856,1.0,1746432667.4989433
0.12109375,29.459636688232422,2000,1.0542980432510376,1999,0.10482236742973328,0.0078125,0.7158798575401306,87.27821350097656,844.592583952,15752,0.1906614750623703,0.4584995210170746,3072000,1.0,1746432669.1163466
0.1100260466337204,27.63411521911621,2011,1.0542980432510376,2010,0.1260407269001007,0.0078125,0.7117524743080139,87.27821350097656,849.049095904,15840,0.1906614750623703,0.4034702181816101,3088896,1.0,1746432673.5728948
0.0807291716337204,29.44921875,2019,1.0542980432510376,2018,0.10752527415752411,0.0078125,0.6979144811630249,87.27821350097656,852.283528322,15904,0.1906614750623703,0.40719327330589294,3101184,1.0,1746432676.807305
0.0611979179084301,27.5703125,2040,1.0542980432510376,2039,0.1398114562034607,0.0078125,0.7153459191322327,87.27821350097656,860.775497961,16072,0.1906614750623703,0.35435613989830017,3133440,1.0,1746432685.2993257
0.1236979216337204,26.82421875,2043,1.0542980432510376,2042,0.140895277261734,0.0078125,0.7221362590789795,87.27821350097656,861.991400508,16096,0.1906614750623703,0.4216337203979492,3138048,1.0,1746432686.515229
0.033203125,29.4765625,2055,1.0542980432510376,2054,0.12797296047210693,0.0078125,0.7144458293914795,87.27821350097656,866.838261136,16192,0.1906614750623703,0.34601420164108276,3156480,1.0,1746432691.3621624
0.0384114608168602,27.390625,2061,1.0542980432510376,2060,0.15601961314678192,0.0078125,0.7261940240859985,87.27821350097656,869.264956908,16240,0.1906614750623703,0.31177660822868347,3165696,1.0,1746432693.7887716
0.0963541716337204,27.62630271911621,2068,1.0542980432510376,2067,0.16573680937290192,0.0078125,0.7165002822875977,87.27821350097656,872.099638631,16296,0.1906614750623703,0.406222939491272,3176448,1.0,1746432696.6235166
0.181640625,29.50390625,2077,1.0542980432510376,2076,0.15162575244903564,0.008463541977107525,0.6895455121994019,87.27821350097656,875.746033321,16368,0.1906614750623703,0.5203659534454346,3190272,1.0,1746432700.269864
0.0904947966337204,29.05859375,2091,1.0542980432510376,2090,0.1530751883983612,0.0078125,0.7068172693252563,87.27821350097656,881.411618229,16480,0.1906614750623703,0.4056107997894287,3211776,1.0,1746432705.935461
0.1946614682674408,29.319011688232422,2139,1.0542980432510376,2138,0.1690973937511444,0.0078125,0.6979631185531616,87.27821350097656,900.830489517,16864,0.1906614750623703,0.5368018746376038,3285504,1.0,1746432725.3543823
0.1204427108168602,30.088542938232422,2149,1.0542980432510376,2148,0.17873430252075195,0.0078125,0.6809767484664917,87.27821350097656,904.904175914,16944,0.1906614750623703,0.4678996503353119,3300864,1.0,1746432729.4279716
0.087890625,27.615886688232422,2157,1.0542980432510376,2156,0.20921480655670166,0.0078125,0.681479275226593,87.27821350097656,908.12977678,17008,0.1906614750623703,0.3843806982040405,3313152,1.0,1746432732.6535828
0.1223958358168602,30.53255271911621,2162,1.0542980432510376,2161,0.1972442865371704,0.008463541977107525,0.6786836385726929,87.27821350097656,910.151405004,17048,0.1906614750623703,0.4905177056789398,3320832,1.0,1746432734.6752772
0.05859375,29.358074188232422,2165,1.0542980432510376,2164,0.18318337202072144,0.0078125,0.673884391784668,87.27821350097656,911.366733657,17072,0.1906614750623703,0.3709155023097992,3325440,1.0,1746432735.890626
0.197265625,29.385417938232422,2180,1.0542980432510376,2179,0.1836889684200287,0.0078125,0.6313208341598511,87.27821350097656,917.427751104,17192,0.1906614750623703,0.5397109985351562,3348480,1.0,1746432741.9514182
0.169921875,29.09765625,2200,1.0542980432510376,2199,0.16455388069152832,0.0078125,0.6300187110900879,87.27821350097656,925.516707536,17352,0.1906614750623703,0.49448060989379883,3379200,1.0,1746432750.0405648
0.142578125,28.842449188232422,2201,1.0542980432510376,2200,0.1731661558151245,0.0078125,0.6358598470687866,87.27821350097656,925.919981546,17360,0.1906614750623703,0.46835947036743164,3380736,1.0,1746432750.443844
0.08984375,26.68359375,2211,1.0542980432510376,2210,0.15689077973365784,0.0078125,0.6079720258712769,87.27821350097656,929.965325046,17440,0.1906614750623703,0.3659241795539856,3396096,1.0,1746432754.4890945
0.3053385615348816,29.248699188232422,2217,1.0542980432510376,2216,0.16965772211551666,0.00911458395421505,0.6062189340591431,87.27821350097656,932.396242372,17488,0.1906614750623703,0.6805185675621033,3405312,1.0,1746432756.920037
0.1490885466337204,29.51171875,2227,1.0542980432510376,2226,0.1803821623325348,0.0078125,0.6101558208465576,87.27821350097656,936.445835199,17568,0.1906614750623703,0.4809800982475281,3420672,1.0,1746432760.9697502
0.0911458358168602,27.236980438232422,2238,1.0542980432510376,2237,0.18390944600105286,0.008463541977107525,0.642940104007721,87.27821350097656,940.912477727,17656,0.1906614750623703,0.38562846183776855,3437568,1.0,1746432765.4363759
0.1139322966337204,28.54817771911621,2246,1.0542980432510376,2245,0.2039787769317627,0.008463541977107525,0.6347100138664246,87.27821350097656,944.132552421,17720,0.1906614750623703,0.4272076487541199,3449856,1.0,1746432768.6564329
0.0872395858168602,30.834636688232422,2260,1.0542980432510376,2259,0.20422419905662537,0.008463541977107525,0.6229034066200256,87.27821350097656,949.798463077,17832,0.1906614750623703,0.42179059982299805,3471360,1.0,1746432774.3223453
0.08984375,27.12109375,2318,1.2099770307540894,2317,0.2294374704360962,0.0078125,0.6182845830917358,84.53448486328125,973.342880893,18296,0.3218390941619873,0.3741161823272705,3560448,1.0,1746432797.8666697
0.0559895858168602,28.744792938232422,2321,1.2099770307540894,2320,0.22909443080425262,0.0078125,0.6176350116729736,84.53448486328125,974.557529022,18320,0.3218390941619873,0.3597812354564667,3565056,1.0,1746432799.0813143
0.05078125,29.08203125,2357,1.2099770307540894,2356,0.25727444887161255,0.0078125,0.6086571216583252,84.53448486328125,989.139407844,18608,0.3218390941619873,0.35353416204452515,3620352,1.0,1746432813.6631594
0.048828125,29.27474021911621,2372,1.2099770307540894,2371,0.24925746023654938,0.0078125,0.65638667345047,84.53448486328125,995.217014826,18728,0.3218390941619873,0.34976717829704285,3643392,1.0,1746432819.7407513
0.037109375,29.03645896911621,2411,1.2099770307540894,2410,0.2871043086051941,0.0078125,0.6603420376777649,84.53448486328125,1011.010230462,19040,0.3218390941619873,0.34115761518478394,3703296,1.0,1746432835.5340848
0.0182291679084301,25.88671875,2428,1.2099770307540894,2427,0.2903742790222168,0.0078125,0.6793931126594543,84.53448486328125,1017.881139329,19176,0.3218390941619873,0.2776854932308197,3729408,1.0,1746432842.4049475
0.0625,28.111980438232422,2435,1.2099770307540894,2434,0.26017796993255615,0.0078125,0.6452386975288391,84.53448486328125,1020.715182326,19232,0.3218390941619873,0.3486718535423279,3740160,1.0,1746432845.2390916
0.06640625,28.78255271911621,2441,1.2099770307540894,2440,0.2556523084640503,0.0078125,0.6485052704811096,84.53448486328125,1023.137990318,19280,0.3218390941619873,0.37201792001724243,3749376,1.0,1746432847.6617699
0.05078125,27.86067771911621,2453,1.2099770307540894,2452,0.25112026929855347,0.0078125,0.6168621778488159,84.53448486328125,1027.996344163,19376,0.3218390941619873,0.3467991352081299,3767808,1.0,1746432852.5201418
0.02864583395421505,27.194011688232422,2458,1.2099770307540894,2457,0.27517348527908325,0.0078125,0.6512213945388794,84.53448486328125,1030.025613056,19416,0.3218390941619873,0.298103392124176,3775488,1.0,1746432854.5493586
0.1087239608168602,26.90625,2461,1.2099770307540894,2460,0.25454214215278625,0.0078125,0.6262357234954834,84.53448486328125,1031.245401244,19440,0.3218390941619873,0.3911767899990082,3780096,1.0,1746432855.7691817
0.0494791679084301,26.73046875,2475,1.2099770307540894,2474,0.2675866484642029,0.0078125,0.6310290694236755,84.53448486328125,1036.906620007,19552,0.3218390941619873,0.3168089985847473,3801600,1.0,1746432861.4303906
0.1705729216337204,25.674480438232422,2508,1.2099770307540894,2507,0.2563713788986206,0.0078125,0.5758917331695557,84.53448486328125,1050.243339156,19816,0.3218390941619873,0.4498780369758606,3852288,1.0,1746432874.7667181
0.0846354216337204,27.09895896911621,2525,1.2099770307540894,2524,0.3539908528327942,0.0078125,0.563968300819397,84.53448486328125,1057.126114183,19952,0.3218390941619873,0.372671902179718,3878400,1.0,1746432881.6500032
0.2109375,27.56380271911621,2566,1.2099770307540894,2565,0.27157896757125854,0.0078125,0.52406907081604,84.53448486328125,1073.714709683,20280,0.3218390941619873,0.5354863405227661,3941376,1.0,1746432898.238561
0.1666666716337204,27.60286521911621,2571,1.2099770307540894,2570,0.26990771293640137,0.0078125,0.5347201824188232,84.53448486328125,1075.736952781,20320,0.3218390941619873,0.4661577641963959,3949056,1.0,1746432900.2607076
0.1783854216337204,28.95703125,2610,1.5964279174804688,2609,0.2717249393463135,0.0078125,0.5242946147918701,84.65369415283203,1091.650883985,20632,0.6342412233352661,0.523125171661377,4008960,1.0,1746432916.1746852
0.142578125,27.408855438232422,2639,1.5964279174804688,2638,0.23016490042209625,0.0078125,0.4856605529785156,84.65369415283203,1103.389804734,20864,0.6342412233352661,0.43686002492904663,4053504,1.0,1746432927.9136546
0.2552083432674408,28.111980438232422,2658,1.5964279174804688,2657,0.3123970627784729,0.0078125,0.5147521495819092,84.65369415283203,1111.088351245,21016,0.6342412233352661,0.5913516879081726,4082688,1.0,1746432935.6121264
0.15234375,27.764324188232422,2666,1.5964279174804688,2665,0.26315316557884216,0.0078125,0.4973596930503845,84.65369415283203,1114.317466357,21080,0.6342412233352661,0.45629578828811646,4094976,1.0,1746432938.8413675
0.2467447966337204,29.75911521911621,2673,1.5964279174804688,2672,0.22686925530433655,0.0078125,0.5153416395187378,84.65369415283203,1117.152926179,21136,0.6342412233352661,0.5936998724937439,4105728,1.0,1746432941.6766825
0.1477864682674408,27.975261688232422,2687,1.5964279174804688,2686,0.24243596196174622,0.0078125,0.5288302302360535,84.65369415283203,1122.815454383,21248,0.6342412233352661,0.45988398790359497,4127232,1.0,1746432947.3392031
0.1575520932674408,27.4375,2727,1.5964279174804688,2726,0.2537539601325989,0.0078125,0.5186731815338135,84.65369415283203,1139.00006696,21568,0.6342412233352661,0.46167445182800293,4188672,1.0,1746432963.5238903
0.2975260615348816,28.265625,2742,1.5964279174804688,2741,0.2655107378959656,0.0078125,0.5581669807434082,84.65369415283203,1145.066389334,21688,0.6342412233352661,0.6366516947746277,4211712,1.0,1746432969.5902684
0.0859375,27.17578125,2768,1.5964279174804688,2767,0.2809827923774719,0.0078125,0.5761135816574097,84.65369415283203,1155.58453578,21896,0.6342412233352661,0.3727530241012573,4251648,1.0,1746432980.1084516
0.123046875,25.75130271911621,2778,1.5964279174804688,2777,0.26465243101119995,0.0078125,0.5694815516471863,84.65369415283203,1159.639462777,21976,0.6342412233352661,0.3991725444793701,4267008,1.0,1746432984.1633096
0.0501302108168602,25.787761688232422,2798,1.5964279174804688,2797,0.2504766881465912,0.0078125,0.5659273862838745,84.65369415283203,1167.737288631,22136,0.6342412233352661,0.3093925714492798,4297728,1.0,1746432992.261134
0.1197916716337204,27.06640625,2816,1.5964279174804688,2815,0.2964469790458679,0.0078125,0.5990868806838989,84.65369415283203,1175.019428427,22280,0.6342412233352661,0.41537269949913025,4325376,1.0,1746432999.5433197
0.3346354365348816,29.045574188232422,2824,1.5964279174804688,2823,0.2533941864967346,0.008463541977107525,0.596922755241394,84.65369415283203,1178.248134166,22344,0.6342412233352661,0.7233752012252808,4337664,1.0,1746433002.7719593
0.080078125,26.97395896911621,2836,1.5964279174804688,2835,0.276511013507843,0.0078125,0.5884397029876709,84.65369415283203,1183.111418809,22440,0.6342412233352661,0.36375200748443604,4356096,1.0,1746433007.6353137
0.1705729216337204,27.18489646911621,2846,1.5964279174804688,2845,0.2420705258846283,0.0078125,0.6186681389808655,84.65369415283203,1187.162559945,22520,0.6342412233352661,0.4855937361717224,4371456,1.0,1746433011.686383
0.1380208432674408,28.00520896911621,2851,1.5964279174804688,2850,0.2993178367614746,0.0078125,0.6317749619483948,84.65369415283203,1189.184169707,22560,0.6342412233352661,0.4525604844093323,4379136,1.0,1746433013.7079163
0.2213541716337204,28.248699188232422,2854,1.5964279174804688,2853,0.2561679482460022,0.0078125,0.6342084407806396,84.65369415283203,1190.396588197,22584,0.6342412233352661,0.5411231517791748,4383744,1.0,1746433014.9204674
0.1940104216337204,28.037761688232422,2861,1.5964279174804688,2860,0.31158432364463806,0.0078125,0.6591103076934814,84.65369415283203,1193.236761947,22640,0.6342412233352661,0.5088515281677246,4394496,1.0,1746433017.760542
0.1614583432674408,28.55989646911621,2883,1.5964279174804688,2882,0.2712244987487793,0.0078125,0.6981233358383179,84.65369415283203,1202.127010779,22816,0.6342412233352661,0.4832911491394043,4428288,1.0,1746433026.6508818
0.2662760615348816,28.444011688232422,2885,1.5964279174804688,2884,0.2525244951248169,0.0078125,0.671416163444519,84.65369415283203,1202.941777524,22832,0.6342412233352661,0.5974587202072144,4431360,1.0,1746433027.465617
0.2779948115348816,30.55859375,2893,1.5964279174804688,2892,0.30118805170059204,0.0078125,0.6809442639350891,84.65369415283203,1206.186100295,22896,0.6342412233352661,0.6661891937255859,4443648,1.0,1746433030.7099323
0.0983072966337204,25.174480438232422,2921,1.5964279174804688,2920,0.2979313135147095,0.0078125,0.6855869889259338,84.65369415283203,1217.505499322,23120,0.6342412233352661,0.353643000125885,4486656,1.0,1746433042.029367
0.2311197966337204,28.68489646911621,2923,1.5964279174804688,2922,0.30395910143852234,0.0078125,0.716238796710968,84.65369415283203,1218.310539605,23136,0.6342412233352661,0.5601963996887207,4489728,1.0,1746433042.8344646
0.23828125,29.639324188232422,2928,1.6794986724853516,2927,0.26671379804611206,0.0078125,0.6786659955978394,83.51171875,1220.435519363,23176,0.705078125,0.5979360938072205,4497408,1.0,1746433044.9594448
0.119140625,28.092449188232422,2936,1.6794986724853516,2935,0.2650512158870697,0.0078125,0.7047232985496521,83.51171875,1223.679962802,23240,0.705078125,0.41966018080711365,4509696,1.0,1746433048.2037835
0.2506510615348816,29.01692771911621,2979,1.6794986724853516,2978,0.2660899758338928,0.0078125,0.7180856466293335,83.51171875,1241.062281236,23584,0.705078125,0.615210235118866,4575744,1.0,1746433065.5861852
0.142578125,26.998699188232422,2981,1.6794986724853516,2980,0.26109930872917175,0.0078125,0.707333505153656,83.51171875,1241.875623851,23600,0.705078125,0.4343634247779846,4578816,1.0,1746433066.399364
0.1451822966337204,25.86849021911621,2998,1.6794986724853516,2997,0.31771230697631836,0.0078125,0.7130597233772278,83.51171875,1248.752538325,23736,0.705078125,0.42135781049728394,4604928,1.0,1746433073.2763321
0.1295572966337204,26.9609375,3008,1.6794986724853516,3007,0.22433558106422424,0.0078125,0.7081592082977295,83.51171875,1252.830954838,23816,0.705078125,0.418931245803833,4620288,1.0,1746433077.354718
0.1028645858168602,26.578125,3017,1.6794986724853516,3016,0.2561487555503845,0.0078125,0.7076290249824524,83.51171875,1256.470526516,23888,0.705078125,0.37703943252563477,4634112,1.0,1746433080.994307
0.16796875,26.828125,3037,1.6794986724853516,3036,0.2582119405269623,0.0078125,0.6929465532302856,83.51171875,1264.557504894,24048,0.705078125,0.4640142321586609,4664832,1.0,1746433089.081294
0.1731770932674408,28.59375,3047,1.6794986724853516,3046,0.22727465629577637,0.0078125,0.6977126598358154,83.51171875,1268.604234093,24128,0.705078125,0.5063940286636353,4680192,1.0,1746433093.1281428
0.197265625,29.8515625,3061,1.6794986724853516,3060,0.2434161901473999,0.0078125,0.6887064576148987,83.51171875,1274.286621601,24240,0.705078125,0.5440687537193298,4701696,1.0,1746433098.810493
0.1842447966337204,28.33984375,3092,1.6794986724853516,3091,0.20478564500808716,0.0078125,0.6511103510856628,83.51171875,1286.845809208,24488,0.705078125,0.5193632245063782,4749312,1.0,1746433111.3695178
0.302734375,30.390625,3097,1.6794986724853516,3096,0.22099241614341736,0.0078125,0.6346014142036438,83.51171875,1288.87651281,24528,0.705078125,0.6838319301605225,4756992,1.0,1746433113.4003577
0.087890625,26.76171875,3110,1.6794986724853516,3109,0.22288313508033752,0.0078125,0.6470195055007935,83.51171875,1294.141146622,24632,0.705078125,0.37238311767578125,4776960,1.0,1746433118.6649148
0.2408854216337204,28.236980438232422,3116,1.6794986724853516,3115,0.22006554901599884,0.0078125,0.662487268447876,83.51171875,1296.568641044,24680,0.705078125,0.5796403884887695,4786176,1.0,1746433121.092455
0.1901041716337204,29.72265625,3135,1.6794986724853516,3134,0.21666595339775085,0.0078125,0.6345937848091125,83.51171875,1304.247028163,24832,0.705078125,0.5403391122817993,4815360,1.0,1746433128.7709124
0.1959635466337204,28.296875,3141,1.6794986724853516,3140,0.26589375734329224,0.0078125,0.6170848608016968,83.51171875,1306.67979881,24880,0.705078125,0.5092103481292725,4824576,1.0,1746433131.2036042
0.3756510615348816,30.65755271911621,3142,1.6794986724853516,3141,0.20056897401809692,0.0078125,0.6268781423568726,83.51171875,1307.083389203,24888,0.705078125,0.7853950262069702,4826112,1.0,1746433131.607232
0.2408854216337204,28.30989646911621,3155,1.6794986724853516,3154,0.18710128962993622,0.0078125,0.6377034187316895,83.51171875,1312.337638791,24992,0.705078125,0.5838710069656372,4846080,1.0,1746433136.861215
0.150390625,28.13020896911621,3199,1.6794986724853516,3198,0.18966320157051086,0.0078125,0.6474655866622925,83.51171875,1330.12368092,25344,0.705078125,0.45385974645614624,4913664,1.0,1746433154.6475537
0.2662760615348816,28.71484375,3218,1.6794986724853516,3217,0.22004716098308563,0.0078125,0.6267093420028687,83.51171875,1337.805507911,25496,0.705078125,0.6022987365722656,4942848,1.0,1746433162.3292933
0.3483073115348816,29.358074188232422,3249,1.6794986724853516,3248,0.21905851364135742,0.0078125,0.6475579142570496,83.51171875,1350.350175444,25744,0.705078125,0.7146918773651123,4990464,1.0,1746433174.873998
0.2708333432674408,28.40364646911621,3266,1.7674304246902466,3265,0.167911559343338,0.0078125,0.6375532150268555,81.9435806274414,1357.326211372,25880,0.7821011543273926,0.6096110343933105,5016576,1.0,1746433181.8500166
0.2233072966337204,28.65625,3268,1.7674304246902466,3267,0.2066429853439331,0.0078125,0.6105682849884033,81.9435806274414,1358.139604521,25896,0.7821011543273926,0.5734686255455017,5019648,1.0,1746433182.6633365
0.1875,26.68099021911621,3281,1.7674304246902466,3280,0.20908008515834808,0.0078125,0.6432005763053894,81.9435806274414,1363.398174719,26000,0.7821011543273926,0.48460716009140015,5039616,1.0,1746433187.922051
0.373046875,30.354167938232422,3286,1.7674304246902466,3285,0.15309029817581177,0.0078125,0.6384236812591553,81.9435806274414,1365.422320159,26040,0.7821011543273926,0.7691162824630737,5047296,1.0,1746433189.9460032
0.2766927182674408,30.70052146911621,3319,1.7674304246902466,3318,0.21978752315044403,0.0078125,0.5929067134857178,81.9435806274414,1378.761963463,26304,0.7821011543273926,0.6580469012260437,5097984,1.0,1746433203.2857995
0.26171875,28.47395896911621,3322,1.7674304246902466,3321,0.1774435043334961,0.008463541977107525,0.5555377006530762,81.9435806274414,1379.982188677,26328,0.7821011543273926,0.6098804473876953,5102592,1.0,1746433204.5059435
0.1901041716337204,27.729167938232422,3326,1.7674304246902466,3325,0.16221340000629425,0.0078125,0.5506541132926941,81.9435806274414,1381.60734682,26360,0.7821011543273926,0.5036647319793701,5108736,1.0,1746433206.1312587
0.2272135466337204,29.52864646911621,3327,1.7674304246902466,3326,0.19683295488357544,0.0078125,0.5648958086967468,81.9435806274414,1382.009831393,26368,0.7821011543273926,0.5931776762008667,5110272,1.0,1746433206.533587
0.3053385615348816,29.34765625,3329,1.7674304246902466,3328,0.19827422499656677,0.0078125,0.5679228901863098,81.9435806274414,1382.816263043,26384,0.7821011543273926,0.6712970733642578,5113344,1.0,1746433207.3401525
0.263671875,28.58203125,3340,1.7674304246902466,3339,0.17354035377502441,0.0078125,0.5799744725227356,81.9435806274414,1387.270590926,26472,0.7821011543273926,0.6110662221908569,5130240,1.0,1746433211.79437
0.1744791716337204,27.63671875,3344,1.7674304246902466,3343,0.1657525897026062,0.0078125,0.5986258387565613,81.9435806274414,1388.890323481,26504,0.7821011543273926,0.49338003993034363,5136384,1.0,1746433213.414103
0.24609375,29.23177146911621,3352,1.7674304246902466,3351,0.15521708130836487,0.0078125,0.6077525019645691,81.9435806274414,1392.125900745,26568,0.7821011543273926,0.5865664482116699,5148672,1.0,1746433216.6497943
0.2936198115348816,28.1640625,3354,1.7674304246902466,3353,0.1701357364654541,0.0078125,0.5757996439933777,81.9435806274414,1392.93028641,26584,0.7821011543273926,0.6269654035568237,5151744,1.0,1746433217.454174
0.2981770932674408,28.84375,3356,1.7674304246902466,3355,0.15128523111343384,0.0078125,0.6084129810333252,81.9435806274414,1393.735344726,26600,0.7821011543273926,0.6602259874343872,5154816,1.0,1746433218.2591374
0.3880208432674408,30.0859375,3361,1.7674304246902466,3360,0.17205658555030823,0.0078125,0.6044805645942688,81.9435806274414,1395.759125196,26640,0.7821011543273926,0.7760416865348816,5162496,1.0,1746433220.2828555
0.3229166865348816,28.580730438232422,3370,1.7674304246902466,3369,0.1541922390460968,0.0078125,0.6191103458404541,81.9435806274414,1399.393126855,26712,0.7821011543273926,0.679229736328125,5176320,1.0,1746433223.916842
0.3190104365348816,30.119792938232422,3376,1.7674304246902466,3375,0.15778952836990356,0.008463541977107525,0.6189591884613037,81.9435806274414,1401.81839714,26760,0.7821011543273926,0.7077091932296753,5185536,1.0,1746433226.3422332
0.2962239682674408,28.71224021911621,3384,1.7674304246902466,3383,0.1552368700504303,0.0078125,0.6249303817749023,81.9435806274414,1405.055345405,26824,0.7821011543273926,0.6473399996757507,5197824,1.0,1746433229.5791101
0.296875,29.734375,3399,1.7674304246902466,3398,0.16697172820568085,0.0078125,0.6166674494743347,81.9435806274414,1411.124651302,26944,0.7821011543273926,0.6586746573448181,5220864,1.0,1746433235.648504
0.2565104365348816,29.19270896911621,3407,1.7674304246902466,3406,0.16465601325035095,0.0078125,0.6654924750328064,81.9435806274414,1414.355927132,27008,0.7821011543273926,0.6034995913505554,5233152,1.0,1746433238.8797474
0.2630208432674408,28.98828125,3421,1.7674304246902466,3420,0.15269500017166138,0.0078125,0.6682608127593994,81.9435806274414,1420.018821698,27120,0.7821011543273926,0.6150493025779724,5254656,1.0,1746433244.5426693
0.2721354365348816,28.549480438232422,3451,1.7674304246902466,3450,0.19086962938308716,0.0078125,0.6505264639854431,81.9435806274414,1432.170076023,27360,0.7821011543273926,0.6061617732048035,5300736,1.0,1746433256.693942
0.2877604365348816,29.32942771911621,3468,1.7674304246902466,3467,0.13672158122062683,0.0078125,0.6466215252876282,81.9435806274414,1439.052087099,27496,0.7821011543273926,0.6518647074699402,5326848,1.0,1746433263.5757926
0.3424479365348816,29.42708396911621,3470,1.7674304246902466,3469,0.14959268271923065,0.0078125,0.6628347635269165,81.9435806274414,1439.859203051,27512,0.7821011543273926,0.7021138668060303,5329920,1.0,1746433264.3830962
0.3444010615348816,29.94921875,3487,1.7674304246902466,3486,0.13113121688365936,0.0078125,0.6394511461257935,81.9435806274414,1446.74620749,27648,0.7821011543273926,0.7313716411590576,5356032,1.0,1746433271.2701163
0.2604166865348816,27.752605438232422,3503,1.7674304246902466,3502,0.15107622742652893,0.0078125,0.655789852142334,81.9435806274414,1453.214671327,27776,0.7821011543273926,0.5951228141784668,5380608,1.0,1746433277.7385237
0.31640625,29.22395896911621,3515,1.7674304246902466,3514,0.17564091086387634,0.0078125,0.6928351521492004,81.9435806274414,1458.068966709,27872,0.7821011543273926,0.6781505346298218,5399040,1.0,1746433282.5928504
0.3294270932674408,29.16927146911621,3529,1.7674304246902466,3528,0.17297601699829102,0.0078125,0.674238920211792,81.9435806274414,1463.730895202,27984,0.7821011543273926,0.6991279125213623,5420544,1.0,1746433288.254726
0.365234375,29.36328125,3534,1.7674304246902466,3533,0.16083663702011108,0.0078125,0.6946988701820374,81.9435806274414,1465.759618007,28024,0.7821011543273926,0.73046875,5428224,1.0,1746433290.2834349
0.3235677182674408,29.4375,3610,1.853013515472412,3609,0.15814200043678284,0.0078125,0.6880006790161133,80.06201171875,1496.610544082,28632,0.8604651093482971,0.6884786486625671,5544960,1.0,1746433321.1344094
0.3131510615348816,29.670574188232422,3614,1.853013515472412,3613,0.14293698966503143,0.0078125,0.7144922018051147,80.06201171875,1498.225365755,28664,0.8604651093482971,0.6703294515609741,5551104,1.0,1746433322.749286
0.296875,29.24349021911621,3616,1.853013515472412,3615,0.16908866167068481,0.0078125,0.6869374513626099,80.06201171875,1499.031466217,28680,0.8604651093482971,0.6740946769714355,5554176,1.0,1746433323.5552373
0.255859375,28.678386688232422,3619,1.853013515472412,3618,0.18892064690589905,0.0078125,0.7059288024902344,80.06201171875,1500.241328398,28704,0.8604651093482971,0.6054743528366089,5558784,1.0,1746433324.765153
0.3815104365348816,30.25,3623,1.853013515472412,3622,0.29868900775909424,0.0078125,0.7152117490768433,80.06201171875,1501.86766483,28736,0.8604651093482971,0.7802674174308777,5564928,1.0,1746433326.391452
0.2981770932674408,29.264324188232422,3629,1.853013515472412,3628,0.14637324213981628,0.0078125,0.6711665391921997,80.06201171875,1504.29278257,28784,0.8604651093482971,0.6651374101638794,5574144,1.0,1746433328.8164895
0.361328125,30.33984375,3633,1.853013515472412,3632,0.14102447032928467,0.0078125,0.6574782133102417,80.06201171875,1505.910894357,28816,0.8604651093482971,0.7509311437606812,5580288,1.0,1746433330.4347157
0.2259114682674408,29.022136688232422,3636,1.853013515472412,3635,0.13390222191810608,0.0078125,0.6825624704360962,80.06201171875,1507.12202274,28840,0.8604651093482971,0.5687322616577148,5584896,1.0,1746433331.6448035
0.216796875,27.861980438232422,3667,1.853013515472412,3666,0.2387617528438568,0.0078125,0.6811760067939758,80.06201171875,1519.672336523,29088,0.8604651093482971,0.54450523853302,5632512,1.0,1746433344.1961446
0.3372395932674408,29.43359375,3671,1.853013515472412,3670,0.15163195133209229,0.0078125,0.6761870980262756,80.06201171875,1521.288889656,29120,0.8604651093482971,0.7015335559844971,5638656,1.0,1746433345.8126402
0.3125,28.9609375,3736,1.853013515472412,3735,0.15200679004192352,0.0078125,0.7251104116439819,80.06201171875,1547.573400894,29640,0.8604651093482971,0.6607335805892944,5738496,1.0,1746433372.0971112
0.2923177182674408,28.28515625,3747,1.853013515472412,3746,0.17575183510780334,0.0078125,0.71846604347229,80.06201171875,1552.021422456,29728,0.8604651093482971,0.6269745230674744,5755392,1.0,1746433376.5452073
0.2265625,27.515625,3759,1.853013515472412,3758,0.13357363641262054,0.0078125,0.7368097305297852,80.06201171875,1556.876407967,29824,0.8604651093482971,0.5394128561019897,5773824,1.0,1746433381.4002247
0.263671875,27.5546875,3772,1.853013515472412,3771,0.1616804450750351,0.0078125,0.7318100333213806,80.06201171875,1562.137322231,29928,0.8604651093482971,0.5846599340438843,5793792,1.0,1746433386.6611195
0.30078125,28.643230438232422,3774,1.853013515472412,3773,0.1852436065673828,0.0078125,0.7202996611595154,80.06201171875,1562.943372838,29944,0.8604651093482971,0.65325927734375,5796864,1.0,1746433387.4672594
0.2161458432674408,27.49739646911621,3784,1.853013515472412,3783,0.1559959352016449,0.0078125,0.7345391511917114,80.06201171875,1566.988013771,30024,0.8604651093482971,0.5221976637840271,5812224,1.0,1746433391.5118778
0.2845052182674408,30.13020896911621,3792,1.853013515472412,3791,0.15021270513534546,0.0078125,0.7188863158226013,80.06201171875,1570.220615194,30088,0.8604651093482971,0.6490995287895203,5824512,1.0,1746433394.744358
0.291015625,29.783855438232422,3818,1.853013515472412,3817,0.21746787428855896,0.0078125,0.6908219456672668,80.06201171875,1580.753193306,30296,0.8604651093482971,0.6485499739646912,5864448,1.0,1746433405.2770205
0.3157552182674408,28.838542938232422,3825,1.853013515472412,3824,0.27314141392707825,0.0078125,0.6522245407104492,80.06201171875,1583.575614957,30352,0.8604651093482971,0.677534282207489,5875200,1.0,1746433408.0995276
0.3072916865348816,30.416667938232422,3832,1.853013515472412,3831,0.18097707629203796,0.0078125,0.6678531169891357,80.06201171875,1586.413387744,30408,0.8604651093482971,0.6948493719100952,5885952,1.0,1746433410.9372318
0.2786458432674408,28.5390625,3863,1.853013515472412,3862,0.22821325063705444,0.0078125,0.6670862436294556,80.06201171875,1598.950844009,30656,0.8604651093482971,0.6248666048049927,5933568,1.0,1746433423.4746752
0.3079427182674408,29.139324188232422,3868,1.853013515472412,3867,0.19384515285491943,0.0078125,0.6864135265350342,80.06201171875,1600.966299159,30696,0.8604651093482971,0.6562846899032593,5941248,1.0,1746433425.4900296
0.31640625,28.5625,3874,1.853013515472412,3873,0.22684529423713684,0.0078125,0.6524690985679626,80.06201171875,1603.417702102,30744,0.8604651093482971,0.6662516593933105,5950464,1.0,1746433427.9415348
0.330078125,30.350261688232422,3875,1.853013515472412,3874,0.17647072672843933,0.0078125,0.6722958087921143,80.06201171875,1603.820123089,30752,0.8604651093482971,0.7142391204833984,5952000,1.0,1746433428.3439245
0.2434895932674408,29.359375,3895,1.853013515472412,3894,0.20354869961738586,0.0078125,0.6501036882400513,80.06201171875,1611.899883814,30912,0.8604651093482971,0.5861035585403442,5982720,1.0,1746433436.4237819
0.3079427182674408,28.39453125,3897,1.853013515472412,3896,0.170376718044281,0.0078125,0.6657073497772217,80.06201171875,1612.706413224,30928,0.8604651093482971,0.6513468623161316,5985792,1.0,1746433437.2302508
0.3359375,29.09505271911621,3906,1.8496594429016113,3905,0.16498449444770813,0.0078125,0.6400076150894165,80.28931427001953,1616.454989786,31000,0.8582524061203003,0.6889364123344421,5999616,0.9999999403953552,1746433440.9789088
0.3821614682674408,30.608074188232422,3911,1.8496594429016113,3910,0.1873975396156311,0.008463541977107525,0.6470299363136292,80.28931427001953,1618.470367429,31040,0.8582524061203003,0.7886289358139038,6007296,0.9999999403953552,1746433442.9942641
0.2669270932674408,28.213542938232422,3929,1.8496594429016113,3928,0.1698712259531021,0.0078125,0.6405373811721802,80.28931427001953,1625.752274522,31184,0.8582524061203003,0.587429404258728,6034944,0.9999999403953552,1746433450.2760515
0.2389322966337204,28.36849021911621,3934,1.8496594429016113,3933,0.1576748788356781,0.0078125,0.649987518787384,80.28931427001953,1627.770667922,31224,0.8582524061203003,0.579397439956665,6042624,0.9999999403953552,1746433452.2945697
0.3033854365348816,29.29296875,3935,1.8496594429016113,3934,0.19945284724235535,0.008463541977107525,0.630358099937439,80.28931427001953,1628.179966278,31232,0.8582524061203003,0.6708143949508667,6044160,0.9999999403953552,1746433452.7037055
0.2486979216337204,27.41927146911621,3950,1.8496594429016113,3949,0.1669624298810959,0.0078125,0.65203458070755,80.28931427001953,1634.244494004,31352,0.8582524061203003,0.5624556541442871,6067200,0.9999999403953552,1746433458.7683342
0.314453125,29.81380271911621,3956,1.8496594429016113,3955,0.16882628202438354,0.0078125,0.649710476398468,80.28931427001953,1636.672753362,31400,0.8582524061203003,0.6827005743980408,6076416,0.9999999403953552,1746433461.1965709
0.2897135615348816,27.70052146911621,3982,1.8496594429016113,3981,0.17029279470443726,0.0078125,0.6604467630386353,80.28931427001953,1647.185802426,31608,0.8582524061203003,0.6142761707305908,6116352,0.9999999403953552,1746433471.709691
0.26171875,28.66145896911621,3984,1.8496594429016113,3983,0.1756075620651245,0.0078125,0.6521384716033936,80.28931427001953,1648.000027031,31624,0.8582524061203003,0.6026406288146973,6119424,0.9999999403953552,1746433472.5238574
0.3046875,29.85286521911621,3990,1.8496594429016113,3989,0.1520971953868866,0.0078125,0.6486902236938477,80.28931427001953,1650.431340048,31672,0.8582524061203003,0.6812266707420349,6128640,0.9999999403953552,1746433474.9552438
0.2819010615348816,28.791667938232422,3995,1.8496594429016113,3994,0.16486652195453644,0.0078125,0.6651256680488586,80.28931427001953,1652.454222987,31712,0.8582524061203003,0.6323895454406738,6136320,0.9999999403953552,1746433476.9780626
0.251953125,29.140625,4000,1.8496594429016113,3999,0.16860541701316833,0.0078125,0.664871335029602,80.28931427001953,1654.475537114,31752,0.8582524061203003,0.6015622615814209,6144000,0.9999999403953552,1746433478.9993162
0.2330729216337204,29.5234375,4028,1.8496594429016113,4027,0.1759248971939087,0.0078125,0.705361008644104,80.28931427001953,1665.804487289,31976,0.8582524061203003,0.5890936851501465,6187008,0.9999999403953552,1746433490.3282516
0.2369791716337204,27.359375,4052,1.8496594429016113,4051,0.12719660997390747,0.0078125,0.6740207672119141,80.28931427001953,1675.524314268,32168,0.8582524061203003,0.5602579116821289,6223872,0.9999999403953552,1746433500.04816
0.3111979365348816,28.80599021911621,4061,1.8496594429016113,4060,0.13386079668998718,0.0078125,0.6917778253555298,80.28931427001953,1679.155850967,32240,0.8582524061203003,0.6619197130203247,6237696,0.9999999403953552,1746433503.6796894
0.2578125,30.65625,4085,1.8496594429016113,4084,0.12952381372451782,0.0078125,0.6834728717803955,80.28931427001953,1688.884135902,32432,0.8582524061203003,0.630351185798645,6274560,0.9999999403953552,1746433513.4079306
0.3216145932674408,29.06770896911621,4111,1.8496594429016113,4110,0.17359699308872223,0.0078125,0.699273943901062,80.28931427001953,1699.405159107,32640,0.8582524061203003,0.6812908053398132,6314496,0.9999999403953552,1746433523.9289637
0.224609375,28.16927146911621,4121,1.8496594429016113,4120,0.15875965356826782,0.0078125,0.7195298671722412,80.28931427001953,1703.451804438,32720,0.8582524061203003,0.5575720071792603,6329856,0.9999999403953552,1746433527.9755888
0.328125,28.30208396911621,4155,1.8496594429016113,4154,0.1557798534631729,0.0078125,0.7485922574996948,80.28931427001953,1717.198921659,32992,0.8582524061203003,0.6741089820861816,6382080,0.9999999403953552,1746433541.7226608
0.1985677182674408,25.869792938232422,4167,1.8496594429016113,4166,0.17401358485221863,0.0078125,0.7629454135894775,80.28931427001953,1722.049584844,33088,0.8582524061203003,0.48801732063293457,6400512,0.9999999403953552,1746433546.5734148
0.2936198115348816,28.83203125,4174,1.8496594429016113,4173,0.12472189962863922,0.0078125,0.7648383378982544,80.28931427001953,1724.87698853,33144,0.8582524061203003,0.6383748054504395,6411264,0.9999999403953552,1746433549.4008782
0.1946614682674408,27.865886688232422,4181,1.8496594429016113,4180,0.13025273382663727,0.0078125,0.7641700506210327,80.28931427001953,1727.713207388,33200,0.8582524061203003,0.5225996375083923,6422016,0.9999999403953552,1746433552.2370481
0.2154947966337204,28.30599021911621,4201,1.8496594429016113,4200,0.1341690570116043,0.0078125,0.7777059078216553,80.28931427001953,1735.812920713,33360,0.8582524061203003,0.5436111688613892,6452736,0.9999999403953552,1746433560.3367412
0.2213541716337204,27.34375,4217,1.8496594429016113,4216,0.16791093349456787,0.0078125,0.7924233675003052,80.28931427001953,1742.275302767,33488,0.8582524061203003,0.528355598449707,6477312,0.9999999403953552,1746433566.7990918
0.3053385615348816,30.20052146911621,4221,1.8496594429016113,4220,0.11145856976509094,0.0078125,0.7817013263702393,80.28931427001953,1743.888286762,33520,0.8582524061203003,0.6832208633422852,6483456,0.9999999403953552,1746433568.4121518
0.2734375,27.30599021911621,4229,1.8398772478103638,4228,0.14906755089759827,0.008463541977107525,0.7574527263641357,80.53385162353516,1747.224620586,33584,0.8510638475418091,0.6025309562683105,6495744,1.0,1746433571.7484632
0.322265625,29.065105438232422,4255,1.8398772478103638,4254,0.10457046329975128,0.0078125,0.7589115500450134,80.53385162353516,1757.736180755,33792,0.8510638475418091,0.6897726058959961,6535680,1.0,1746433582.2600636
0.2565104365348816,28.34114646911621,4262,1.8398772478103638,4261,0.10038432478904724,0.0078125,0.7703787088394165,80.53385162353516,1760.582688022,33848,0.8510638475418091,0.6011981964111328,6546432,1.0,1746433585.1065297
0.3307291865348816,29.580730438232422,4285,1.8398772478103638,4284,0.11676257848739624,0.0078125,0.7803362607955933,80.53385162353516,1769.871519279,34032,0.8510638475418091,0.7073949575424194,6581760,1.0,1746433594.3954113
0.1868489682674408,27.061199188232422,4305,1.8398772478103638,4304,0.11828409880399704,0.0078125,0.7753856182098389,80.53385162353516,1777.995694814,34192,0.8510638475418091,0.4832250475883484,6612480,1.0,1746433602.5193324
0.2220052182674408,29.32161521911621,4306,1.8398772478103638,4305,0.10850133001804352,0.0078125,0.7724839448928833,80.53385162353516,1778.397836059,34200,0.8510638475418091,0.5701334476470947,6614016,1.0,1746433602.921733
0.2740885615348816,28.65364646911621,4315,1.8398772478103638,4314,0.10822435468435287,0.0078125,0.7538268566131592,80.53385162353516,1782.047317224,34272,0.8510638475418091,0.6136312484741211,6627840,1.0,1746433606.5711184
0.236328125,27.68880271911621,4330,1.8398772478103638,4329,0.13123854994773865,0.0078125,0.7973403930664062,80.53385162353516,1788.109965041,34392,0.8510638475418091,0.5593713521957397,6650880,1.0,1746433612.6336777
0.3118489682674408,28.287761688232422,4332,1.8398772478103638,4331,0.12346640229225159,0.0078125,0.7633405923843384,80.53385162353516,1788.916205659,34408,0.8510638475418091,0.6589885950088501,6653952,1.0,1746433613.439994
0.2447916716337204,27.529949188232422,4350,1.8398772478103638,4349,0.09666590392589569,0.0078125,0.7475200295448303,80.53385162353516,1796.19733181,34552,0.8510638475418091,0.5738934874534607,6681600,1.0,1746433620.7212038
0.2890625,29.592449188232422,4418,1.8398772478103638,4417,0.18184706568717957,0.0078125,0.7518795728683472,80.53385162353516,1823.712397734,35096,0.8510638475418091,0.6549597978591919,6786048,1.0,1746433648.2362237
0.193359375,27.389324188232422,4441,1.8398772478103638,4440,0.10763957351446152,0.0078125,0.7746701240539551,80.53385162353516,1833.020262853,35280,0.8510638475418091,0.5054932236671448,6821376,1.0,1746433657.5441227
0.2630208432674408,29.330730438232422,4450,1.8398772478103638,4449,0.13659706711769104,0.0078125,0.7621301412582397,80.53385162353516,1836.662924697,35352,0.8510638475418091,0.6242222189903259,6835200,1.0,1746433661.1868289
0.3151041865348816,28.20833396911621,4455,1.8398772478103638,4454,0.09044864028692245,0.008463541977107525,0.764895498752594,80.53385162353516,1838.684609779,35392,0.8510638475418091,0.6662736535072327,6842880,1.0,1746433663.2084508
0.2786458432674408,28.36328125,4465,1.8398772478103638,4464,0.1182582899928093,0.0078125,0.7548129558563232,80.53385162353516,1842.743441847,35472,0.8510638475418091,0.6214203238487244,6858240,1.0,1746433667.2671897
0.4036458432674408,30.662761688232422,4467,1.8398772478103638,4466,0.11230427026748657,0.0078125,0.7606055736541748,80.53385162353516,1843.549013061,35488,0.8510638475418091,0.8237263560295105,6861312,1.0,1746433668.0729113
0.2395833432674408,29.393230438232422,4496,1.8398772478103638,4495,0.1103413850069046,0.0078125,0.7396695613861084,80.53385162353516,1855.279253813,35720,0.8510638475418091,0.6031988859176636,6905856,1.0,1746433679.8030157
0.3385416865348816,29.904949188232422,4498,1.8398772478103638,4497,0.10101911425590515,0.0078125,0.761116623878479,80.53385162353516,1856.083805982,35736,0.8510638475418091,0.7470641136169434,6908928,1.0,1746433680.6077034
0.3639323115348816,30.408855438232422,4499,1.8398772478103638,4498,0.10814931243658066,0.0078125,0.7664803266525269,80.53385162353516,1856.493111869,35744,0.8510638475418091,0.7536087036132812,6910464,1.0,1746433681.016919
0.3287760615348816,29.8984375,4505,1.8398772478103638,4504,0.11075165867805481,0.0078125,0.7671178579330444,80.53385162353516,1858.918049625,35792,0.8510638475418091,0.7110647559165955,6919680,1.0,1746433683.441883
0.3359375,29.625,4509,1.8398772478103638,4508,0.11699876189231873,0.0078125,0.75685715675354,80.53385162353516,1860.545021742,35824,0.8510638475418091,0.7146160006523132,6925824,1.0,1746433685.0689168
0.3424479365348816,30.0078125,4512,1.8398772478103638,4511,0.099740169942379,0.0078125,0.7408323287963867,80.53385162353516,1861.756216718,35848,0.8510638475418091,0.73546302318573,6930432,1.0,1746433686.2801063
0.33984375,30.6015625,4533,1.8398772478103638,4532,0.1383334994316101,0.0078125,0.7201669216156006,80.53385162353516,1870.253348661,36016,0.8510638475418091,0.7344076037406921,6962688,1.0,1746433694.7770765
0.3268229365348816,28.953125,4547,1.8398772478103638,4546,0.1388896256685257,0.0078125,0.7667899131774902,80.53385162353516,1875.920334541,36128,0.8510638475418091,0.6867717504501343,6984192,1.0,1746433700.4441068
0.2278645932674408,29.15234375,4562,1.8635646104812622,4561,0.20229187607765198,0.0078125,0.7126297354698181,79.737548828125,1882.087008304,36248,0.8716475367546082,0.58319091796875,7007232,1.0,1746433706.6108243
0.3704427182674408,30.96614646911621,4573,1.8635646104812622,4572,0.1887875497341156,0.0078125,0.6915361881256104,79.737548828125,1886.537643599,36336,0.8716475367546082,0.7706083655357361,7024128,1.0,1746433711.0614405
0.384765625,30.377605438232422,4578,1.8635646104812622,4577,0.14486828446388245,0.0078125,0.7111833095550537,79.737548828125,1888.554559793,36376,0.8716475367546082,0.787261962890625,7031808,1.0,1746433713.078307
0.2747395932674408,27.62239646911621,4582,1.8635646104812622,4581,0.09110726416110992,0.0078125,0.7212830185890198,79.737548828125,1890.166189961,36408,0.8716475367546082,0.601589024066925,7037952,1.0,1746433714.6900547
0.27734375,28.045574188232422,4589,1.8635646104812622,4588,0.15549275279045105,0.0078125,0.716033935546875,79.737548828125,1893.008002861,36464,0.8716475367546082,0.6171832084655762,7048704,1.0,1746433717.5318477
0.2994791865348816,30.04296875,4602,1.8635646104812622,4601,0.11742319911718369,0.0078125,0.7064399719238281,79.737548828125,1898.26926519,36568,0.8716475367546082,0.6721019148826599,7068672,1.0,1746433722.7931857
0.3033854365348816,28.682292938232422,4605,1.8635646104812622,4604,0.14074808359146118,0.0078125,0.7346667647361755,79.737548828125,1899.479573962,36592,0.8716475367546082,0.6640923023223877,7073280,1.0,1746433724.003465
0.2630208432674408,28.89974021911621,4627,1.8635646104812622,4626,0.10887064784765244,0.0078125,0.7487791776657104,79.737548828125,1908.377138032,36768,0.8716475367546082,0.6154916286468506,7107072,1.0,1746433732.9010262
0.32421875,29.00130271911621,4637,1.8635646104812622,4636,0.12099580466747284,0.0078125,0.7695738077163696,79.737548828125,1912.422766199,36848,0.8716475367546082,0.686440110206604,7122432,1.0,1746433736.9465632
0.3014323115348816,29.436199188232422,4648,1.8635646104812622,4647,0.10636235773563385,0.0078125,0.7288108468055725,79.737548828125,1916.8864972,36936,0.8716475367546082,0.668911337852478,7139328,1.0,1746433741.4101691
0.3098958432674408,28.9296875,4660,1.8635646104812622,4659,0.10930051654577255,0.0078125,0.7198725938796997,79.737548828125,1921.741675667,37032,0.8716475367546082,0.6816341280937195,7157760,1.0,1746433746.2655065
0.267578125,29.37890625,4663,1.8635646104812622,4662,0.14910808205604553,0.0078125,0.7261418104171753,79.737548828125,1922.951001152,37056,0.8716475367546082,0.6174951791763306,7162368,1.0,1746433747.4747972
0.2421875,26.526042938232422,4704,1.8635646104812622,4703,0.14658549427986145,0.0078125,0.7250630855560303,79.737548828125,1939.538090516,37384,0.8716475367546082,0.535530686378479,7225344,1.0,1746433764.061843
0.27734375,28.984375,4707,1.8635646104812622,4706,0.13009439408779144,0.0078125,0.6873677968978882,79.737548828125,1940.751432778,37408,0.8716475367546082,0.618061900138855,7229952,1.0,1746433765.2751865
0.283203125,27.947917938232422,4714,1.8635646104812622,4713,0.11716432869434357,0.008463541977107525,0.7118006944656372,79.737548828125,1943.577998679,37464,0.8716475367546082,0.6257259249687195,7240704,1.0,1746433768.1018815
0.2545573115348816,29.955730438232422,4716,1.8635646104812622,4715,0.12173151224851608,0.0078125,0.7156307697296143,79.737548828125,1944.383968075,37480,0.8716475367546082,0.6168073415756226,7243776,1.0,1746433768.9076629
0.3151041865348816,30.43880271911621,4743,1.8635646104812622,4742,0.1535283625125885,0.0078125,0.6861554980278015,79.737548828125,1955.314227081,37696,0.8716475367546082,0.702110230922699,7285248,1.0,1746433779.8381157
0.3548177182674408,29.826824188232422,4765,1.8635646104812622,4764,0.10566473007202148,0.0078125,0.7637630701065063,79.737548828125,1964.201528476,37872,0.8716475367546082,0.7361979484558105,7319040,1.0,1746433788.7254093
0.2415364682674408,27.608074188232422,4787,1.8635646104812622,4786,0.11218204349279404,0.0078125,0.7746348977088928,79.737548828125,1973.108887427,38048,0.8716475367546082,0.5636124610900879,7352832,1.0,1746433797.6326628
0.322265625,28.47265625,4809,1.8635646104812622,4808,0.10408362746238708,0.0078125,0.7654579877853394,79.737548828125,1982.012973942,38224,0.8716475367546082,0.680419921875,7386624,1.0,1746433806.5367577
0.1263020932674408,27.240886688232422,4830,1.8635646104812622,4829,0.11286850273609161,0.0078125,0.7462235689163208,79.737548828125,1990.507912707,38392,0.8716475367546082,0.4171024262905121,7418880,1.0,1746433815.0317967
0.3125,29.58203125,4841,1.8635646104812622,4840,0.10557549446821213,0.0078125,0.7444444894790649,79.737548828125,1994.961830514,38480,0.8716475367546082,0.6905688047409058,7435776,1.0,1746433819.485679
0.3678385615348816,29.84765625,4843,1.8635646104812622,4842,0.09859079122543335,0.008463541977107525,0.7581631541252136,79.737548828125,1995.767668997,38496,0.8716475367546082,0.7573975324630737,7438848,1.0,1746433820.2914379
0.3248698115348816,29.8515625,4846,1.8635646104812622,4845,0.08912023901939392,0.0078125,0.7476465106010437,79.737548828125,1996.983167174,38520,0.8716475367546082,0.7071794271469116,7443456,1.0,1746433821.507004
0.3658854365348816,28.94661521911621,4865,1.8635646104812622,4864,0.12800312042236328,0.008463541977107525,0.7305721640586853,79.737548828125,2004.669134178,38672,0.8716475367546082,0.7494730949401855,7472640,1.0,1746433829.1929026
0.2591145932674408,28.100261688232422,4879,1.8645676374435425,4878,0.1246042400598526,0.0078125,0.7361834645271301,78.8969497680664,2010.434973244,38784,0.8721374273300171,0.5903133153915405,7494144,1.0,1746433834.9588182
0.4153645932674408,31.09895896911621,4915,1.8645676374435425,4914,0.11996915936470032,0.0078125,0.7303832769393921,78.8969497680664,2024.98064886,39072,0.8721374273300171,0.8307291865348816,7549440,1.0,1746433849.504452
0.3151041865348816,30.56770896911621,4923,1.8645676374435425,4922,0.10361302644014359,0.0078125,0.7446415424346924,78.8969497680664,2028.214680882,39136,0.8721374273300171,0.6945333480834961,7561728,1.0,1746433852.7385798
0.3203125,29.859375,4935,1.8645676374435425,4934,0.09702524542808533,0.008463541977107525,0.7674509286880493,78.8969497680664,2033.083416264,39232,0.8721374273300171,0.6961366534233093,7580160,1.0,1746433857.6072009
0.3346354365348816,29.572917938232422,4940,1.8645676374435425,4939,0.14951913058757782,0.008463541977107525,0.74256432056427,78.8969497680664,2035.104974232,39272,0.8721374273300171,0.7202839851379395,7587840,1.0,1746433859.6288655
0.2584635615348816,29.79817771911621,4953,1.8645676374435425,4952,0.11811269819736481,0.0078125,0.7475677728652954,78.8969497680664,2040.35970506,39376,0.8721374273300171,0.6164718866348267,7607808,1.0,1746433864.883531
0.3385416865348816,29.6484375,5016,1.8645676374435425,5015,0.12547487020492554,0.0078125,0.6958565711975098,78.8969497680664,2065.830214233,39880,0.8721374273300171,0.7004415392875671,7704576,1.0,1746433890.3541021
0.2845052182674408,28.096355438232422,5031,1.8645676374435425,5030,0.1109304130077362,0.0078125,0.703986644744873,78.8969497680664,2071.895546381,40000,0.8721374273300171,0.6398051381111145,7727616,1.0,1746433896.4192972
0.4231770932674408,31.79817771911621,5033,1.8645676374435425,5032,0.09782972931861877,0.00911458395421505,0.7010021209716797,78.8969497680664,2072.702255418,40016,0.8721374273300171,0.8768051862716675,7730688,1.0,1746433897.2261646
0.33203125,28.233074188232422,5036,1.8645676374435425,5035,0.15481674671173096,0.00911458395421505,0.6994725465774536,78.8969497680664,2073.9105561,40040,0.8721374273300171,0.6987406611442566,7735296,1.0,1746433898.4344642
0.3997395932674408,30.453125,5040,1.8645676374435425,5039,0.10547265410423279,0.0078125,0.7010829448699951,78.8969497680664,2075.539576155,40072,0.8721374273300171,0.7994791865348816,7741440,1.0,1746433900.063395
0.3020833432674408,29.3984375,5041,1.8645676374435425,5040,0.10481396317481995,0.0078125,0.7146207094192505,78.8969497680664,2075.941801716,40080,0.8721374273300171,0.6717316508293152,7742976,1.0,1746433900.4657
0.4010416865348816,30.3203125,5043,1.8645676374435425,5042,0.11413396894931793,0.008463541977107525,0.7172503471374512,78.8969497680664,2076.755956558,40096,0.8721374273300171,0.8201416730880737,7746048,1.0,1746433901.279772
0.400390625,30.13020896911621,5118,1.8645676374435425,5117,0.11535793542861938,0.0078125,0.6981529593467712,78.8969497680664,2107.081719108,40696,0.8721374273300171,0.80078125,7861248,1.0,1746433931.6054227
0.26171875,27.322917938232422,5120,1.8645676374435425,5119,0.11840684711933136,0.0078125,0.6813808679580688,78.8969497680664,2107.888247414,40712,0.8721374273300171,0.5849589705467224,7864320,1.0,1746433932.4121482
0.2565104365348816,29.43359375,5129,1.8645676374435425,5128,0.11916974186897278,0.0078125,0.696423351764679,78.8969497680664,2111.52443919,40784,0.8721374273300171,0.6145738363265991,7878144,1.0,1746433936.048236
0.3828125,29.53125,5156,1.8645676374435425,5155,0.09709722548723221,0.0078125,0.7086552381515503,78.8969497680664,2122.440681869,41000,0.8721374273300171,0.765625,7919616,1.0,1746433946.9645677
0.2239583432674408,26.95703125,5201,1.8223921060562134,5200,0.1271749883890152,0.0078125,0.6677029728889465,80.26820373535156,2140.75959477,41360,0.8333333730697632,0.5273712873458862,7988736,1.0,1746433965.2834444
0.3248698115348816,29.756511688232422,5204,1.8223921060562134,5203,0.09682783484458923,0.008463541977107525,0.6702699661254883,80.26820373535156,2141.969704611,41384,0.8333333730697632,0.7235295176506042,7993344,1.0,1746433966.493394
0.3763020932674408,30.97395896911621,5206,1.8223921060562134,5205,0.12366124987602234,0.008463541977107525,0.6598223447799683,80.26820373535156,2142.77721673,41400,0.8333333730697632,0.7797139883041382,7996416,1.0,1746433967.300882
0.33203125,29.154949188232422,5218,1.8223921060562134,5217,0.10991371423006058,0.0078125,0.6810078620910645,80.26820373535156,2147.621119185,41496,0.8333333730697632,0.6918241381645203,8014848,1.0,1746433972.1449041
0.2884114682674408,28.709636688232422,5225,1.8223921060562134,5224,0.1753750741481781,0.0078125,0.6581554412841797,80.26820373535156,2150.44440342,41552,0.8333333730697632,0.638116717338562,8025600,1.0,1746433974.968225
0.3079427182674408,27.63802146911621,5258,1.8223921060562134,5257,0.11499044299125671,0.0078125,0.6687527894973755,80.26820373535156,2163.764830283,41816,0.8333333730697632,0.6324056386947632,8076288,1.0,1746433988.2885022
0.337890625,30.861980438232422,5291,1.8223921060562134,5290,0.12270984053611755,0.0078125,0.6600298881530762,80.26820373535156,2177.076389766,42080,0.8333333730697632,0.7445297241210938,8126976,1.0,1746434001.600091
0.3977864682674408,30.20703125,5302,1.8223921060562134,5301,0.11277839541435242,0.0078125,0.64817214012146,80.26820373535156,2181.505816423,42168,0.8333333730697632,0.8134176135063171,8143872,1.0,1746434006.029541
0.3209635615348816,29.979167938232422,5328,1.8223921060562134,5327,0.13910502195358276,0.0078125,0.7107356786727905,80.26820373535156,2191.960963338,42376,0.8333333730697632,0.697081446647644,8183808,1.0,1746434016.484885
0.310546875,30.55599021911621,5334,1.8223921060562134,5333,0.1079731434583664,0.0078125,0.6470232009887695,80.26820373535156,2194.369862106,42424,0.8333333730697632,0.7026644945144653,8193024,1.0,1746434018.8938115
0.3248698115348816,28.88411521911621,5363,1.8223921060562134,5362,0.11791550368070602,0.0078125,0.7029851675033569,80.26820373535156,2206.023772129,42656,0.8333333730697632,0.6876689791679382,8237568,1.0,1746434030.5476823
0.3294270932674408,29.21614646911621,5411,1.8223921060562134,5410,0.13586121797561646,0.0078125,0.7032724618911743,80.26820373535156,2225.298454332,43040,0.8333333730697632,0.7017242908477783,8311296,1.0,1746434049.8224158
0.2506510615348816,28.85546875,5514,1.8223921060562134,5513,0.10993649065494537,0.0078125,0.6748561859130859,80.26820373535156,2266.66936812,43864,0.8333333730697632,0.5996629595756531,8469504,1.0,1746434091.1933067
0.2786458432674408,30.147136688232422,5526,1.907832145690918,5525,0.11400267481803894,0.0078125,0.6820076704025269,75.49168395996094,2271.590679188,43960,0.9149723052978516,0.6584911346435547,8487936,1.0,1746434096.114599
0.2180989682674408,28.975261688232422,5529,1.907832145690918,5528,0.11493173241615295,0.0078125,0.6820551156997681,75.49168395996094,2272.795637304,43984,0.9149723052978516,0.5603622794151306,8492544,1.0,1746434097.3195817
0.4361979365348816,30.576824188232422,5530,1.907832145690918,5529,0.10460232198238373,0.0078125,0.6981655359268188,75.49168395996094,2273.196927241,43992,0.9149723052978516,0.8723958730697632,8494080,1.0,1746434097.720864
0.337890625,28.96484375,5531,1.907832145690918,5530,0.11145995557308197,0.0078125,0.6983824372291565,75.49168395996094,2273.598083455,44000,0.9149723052978516,0.693398118019104,8495616,1.0,1746434098.1220393
0.2708333432674408,29.16536521911621,5532,1.907832145690918,5531,0.10019970685243607,0.008463541977107525,0.7091532945632935,75.49168395996094,2273.999311445,44008,0.9149723052978516,0.6359100937843323,8497152,1.0,1746434098.5232744
0.4368489682674408,31.4921875,5543,1.907832145690918,5542,0.0921095460653305,0.0078125,0.7345136404037476,75.49168395996094,2278.415062438,44096,0.9149723052978516,0.8736979365348816,8514048,1.0,1746434102.9390008
0.3880208432674408,30.671875,5574,1.907832145690918,5573,0.1053096130490303,0.0078125,0.7200837135314941,75.49168395996094,2290.877825054,44344,0.9149723052978516,0.8003336787223816,8561664,1.0,1746434115.4016461
0.4153645932674408,30.34505271911621,5586,1.907832145690918,5585,0.11828280240297318,0.008463541977107525,0.723752498626709,75.49168395996094,2295.694115767,44440,0.9149723052978516,0.8307291865348816,8580096,1.0,1746434120.2180486
0.3899739682674408,30.42578125,5598,1.907832145690918,5597,0.11367480456829071,0.0078125,0.735849142074585,75.49168395996094,2300.516266088,44536,0.9149723052978516,0.8037516474723816,8598528,1.0,1746434125.040245
0.3665364682674408,29.5546875,5610,1.907832145690918,5609,0.11252612620592117,0.0078125,0.7508880496025085,75.49168395996094,2305.354725624,44632,0.9149723052978516,0.7529398798942566,8616960,1.0,1746434129.8786955
0.3671875,30.23177146911621,5617,1.907832145690918,5616,0.09662443399429321,0.008463541977107525,0.7846651077270508,75.49168395996094,2308.164347991,44688,0.9149723052978516,0.7769608497619629,8627712,1.0,1746434132.6882956
0.4069010615348816,30.15234375,5651,1.907832145690918,5650,0.0875312089920044,0.0078125,0.8237048387527466,75.49168395996094,2321.829572908,44960,0.9149723052978516,0.8138021230697632,8679936,1.0,1746434146.3535078
0.3072916865348816,29.647136688232422,5654,1.907832145690918,5653,0.09800878167152405,0.0078125,0.7933788895606995,75.49168395996094,2323.033382404,44984,0.9149723052978516,0.7043006420135498,8684544,1.0,1746434147.557351
0.3509114682674408,29.80078125,5662,1.907832145690918,5661,0.09029722958803177,0.0078125,0.8121933341026306,75.49168395996094,2326.25634071,45048,0.9149723052978516,0.725667417049408,8696832,1.0,1746434150.780298
0.314453125,28.795574188232422,5663,1.907832145690918,5662,0.10497444868087769,0.0078125,0.8000161051750183,75.49168395996094,2326.657640986,45056,0.9149723052978516,0.6730456352233887,8698368,1.0,1746434151.1815786
0.359375,29.635417938232422,5679,1.907832145690918,5678,0.0821845531463623,0.0078125,0.81073397397995,75.49168395996094,2333.083708277,45184,0.9149723052978516,0.7361907958984375,8722944,1.0,1746434157.607637
0.3046875,28.2734375,5688,1.907832145690918,5687,0.10307364165782928,0.0078125,0.8282890319824219,75.49168395996094,2336.705419277,45256,0.9149723052978516,0.6444839835166931,8736768,1.0,1746434161.2293413
0.3450520932674408,29.50911521911621,5708,1.907832145690918,5707,0.08082294464111328,0.0078125,0.8320050239562988,75.49168395996094,2344.734308769,45416,0.9149723052978516,0.7189348936080933,8767488,1.0,1746434169.2582734
0.34765625,29.5390625,5709,1.907832145690918,5708,0.09473489224910736,0.008463541977107525,0.8131814002990723,75.49168395996094,2345.135523153,45424,0.9149723052978516,0.720127284526825,8769024,1.0,1746434169.6594706
0.26953125,29.74739646911621,5715,1.907832145690918,5714,0.09414038062095642,0.0078125,0.8171354532241821,75.49168395996094,2347.543899176,45472,0.9149723052978516,0.6352702379226685,8778240,1.0,1746434172.0678277
0.2506510615348816,28.416667938232422,5729,1.907832145690918,5728,0.08204230666160583,0.0078125,0.7929607629776001,75.49168395996094,2353.168768162,45584,0.9149723052978516,0.582871675491333,8799744,1.0,1746434177.692707
0.36328125,30.68489646911621,5741,1.907832145690918,5740,0.08761899173259735,0.008463541977107525,0.7861979007720947,75.49168395996094,2357.994041432,45680,0.9149723052978516,0.7744442820549011,8818176,1.0,1746434182.5180094
0.3697916865348816,29.82421875,5747,1.907832145690918,5746,0.08264333754777908,0.0078125,0.785362958908081,75.49168395996094,2360.403978353,45728,0.9149723052978516,0.7576559782028198,8827392,1.0,1746434184.9279087
0.2779948115348816,27.75390625,5783,1.907832145690918,5782,0.10717243701219559,0.0078125,0.774619996547699,75.49168395996094,2374.860741345,46016,0.9149723052978516,0.6126658916473389,8882688,1.0,1746434199.3846197
0.455078125,31.80989646911621,5806,1.907832145690918,5805,0.07984359562397003,0.008463541977107525,0.810177743434906,75.49168395996094,2384.094647118,46200,0.9149723052978516,0.91015625,8918016,1.0,1746434208.6186275
0.3248698115348816,29.39192771911621,5812,1.907832145690918,5811,0.07534964382648468,0.008463541977107525,0.8016709089279175,75.49168395996094,2386.502742571,46248,0.9149723052978516,0.696174144744873,8927232,1.0,1746434211.0266726
0.4192708432674408,31.09765625,5837,1.907832145690918,5836,0.08511728048324585,0.0078125,0.7764050960540771,75.49168395996094,2396.541722278,46448,0.9149723052978516,0.8385416865348816,8965632,1.0,1746434221.0656817
0.3815104365348816,30.522136688232422,5838,1.907832145690918,5837,0.09046047925949097,0.0078125,0.8095544576644897,75.49168395996094,2396.942873588,46456,0.9149723052978516,0.7793843150138855,8967168,1.0,1746434221.4668293
0.330078125,29.80208396911621,5847,1.907832145690918,5846,0.0838657021522522,0.0078125,0.7828425168991089,75.49168395996094,2400.56002402,46528,0.9149723052978516,0.7012706995010376,8980992,1.0,1746434225.084017
0.3736979365348816,30.760417938232422,5858,1.935033917427063,5857,0.06515155732631683,0.0078125,0.7827413082122803,72.78815460205078,2405.075744961,46616,0.9389587044715881,0.7794963717460632,8997888,1.0,1746434229.5996852
0.4055989682674408,31.37239646911621,5863,1.935033917427063,5862,0.09384431689977646,0.0078125,0.7789058685302734,72.78815460205078,2407.082739288,46656,0.9389587044715881,0.8402018547058105,9005568,1.0,1746434231.6066964
0.392578125,31.23567771911621,5875,1.935033917427063,5874,0.0906728208065033,0.00911458395421505,0.7610532641410828,72.78815460205078,2411.899036875,46752,0.9389587044715881,0.8462165594100952,9024000,1.0,1746434236.4229922
0.4498698115348816,31.22395896911621,5888,1.935033917427063,5887,0.08261477202177048,0.00911458395421505,0.7513605356216431,72.78815460205078,2417.119818226,46856,0.9389587044715881,0.8997396230697632,9043968,1.0,1746434241.6437068
0.375,30.68359375,5891,1.935033917427063,5890,0.10164056718349457,0.00911458395421505,0.7702429294586182,72.78815460205078,2418.32362908,46880,0.9389587044715881,0.7990188598632812,9048576,1.0,1746434242.8475854
0.3828125,29.39453125,5893,1.935033917427063,5892,0.08299052715301514,0.0078125,0.7846282720565796,72.78815460205078,2419.126851046,46896,0.9389587044715881,0.765625,9051648,1.0,1746434243.6508045
0.357421875,30.52474021911621,5894,1.935033917427063,5893,0.08352140337228775,0.0078125,0.7739110589027405,72.78815460205078,2419.528157539,46904,0.9389587044715881,0.7589742541313171,9053184,1.0,1746434244.0521178
0.3997395932674408,30.40755271911621,5895,1.935033917427063,5894,0.08001445233821869,0.008463541977107525,0.7825485467910767,72.78815460205078,2419.929339707,46912,0.9389587044715881,0.7994791865348816,9054720,1.0,1746434244.4533226
0.40625,30.796875,5898,1.935033917427063,5897,0.09087055921554565,0.0078125,0.7782105207443237,72.78815460205078,2421.137859315,46936,0.9389587044715881,0.82958984375,9059328,1.0,1746434245.6617987
0.4270833432674408,31.12890625,5900,1.935033917427063,5899,0.08457641303539276,0.008463541977107525,0.7781137228012085,72.78815460205078,2421.940877937,46952,0.9389587044715881,0.8541666865348816,9062400,1.0,1746434246.4648335
0.4459635615348816,31.484375,5934,1.935033917427063,5933,0.08662185817956924,0.0078125,0.7704681754112244,72.78815460205078,2435.600864942,47224,0.9389587044715881,0.8919271230697632,9114624,1.0,1746434260.1248374
0.2858073115348816,29.190105438232422,5950,1.935033917427063,5949,0.1861375868320465,0.0078125,0.7154597043991089,72.78815460205078,2442.031305885,47352,0.9389587044715881,0.6535181999206543,9139200,1.0,1746434266.5552335
0.34765625,29.994792938232422,5961,1.935033917427063,5960,0.09774106740951538,0.0078125,0.7578548192977905,72.78815460205078,2446.446650406,47440,0.9389587044715881,0.746161937713623,9156096,1.0,1746434270.9706028
0.376953125,30.479167938232422,5981,1.935033917427063,5980,0.08916167914867401,0.0078125,0.7356058359146118,72.78815460205078,2454.484656729,47600,0.9389587044715881,0.7818939685821533,9186816,1.0,1746434279.008612
0.3561198115348816,29.154949188232422,5992,1.935033917427063,5991,0.07695566862821579,0.00911458395421505,0.7483620643615723,72.78815460205078,2458.898910229,47688,0.9389587044715881,0.7301040887832642,9203712,1.0,1746434283.4228666
0.3509114682674408,29.66015625,5999,1.935033917427063,5998,0.10309484601020813,0.0078125,0.7663649916648865,72.78815460205078,2461.715598568,47744,0.9389587044715881,0.7391216158866882,9214464,1.0,1746434286.239569
0.205078125,26.510417938232422,6023,1.935033917427063,6022,0.06568284332752228,0.0078125,0.809937059879303,72.78815460205078,2471.360034006,47936,0.9389587044715881,0.5146335363388062,9251328,1.0,1746434295.8839936
0.3821614682674408,30.35677146911621,6040,1.935033917427063,6039,0.0943215861916542,0.00911458395421505,0.7703710198402405,72.78815460205078,2478.208583572,48072,0.9389587044715881,0.7879501581192017,9277440,1.0,1746434302.7325284
0.34375,29.24349021911621,6042,1.935033917427063,6041,0.06194249913096428,0.0078125,0.8193178176879883,72.78815460205078,2479.010852822,48088,0.9389587044715881,0.7145792841911316,9280512,1.0,1746434303.5348065
0.298828125,29.43099021911621,6058,1.935033917427063,6057,0.07078418135643005,0.0078125,0.800442099571228,72.78815460205078,2485.447937824,48216,0.9389587044715881,0.6612071394920349,9305088,1.0,1746434309.9717746
0.3684895932674408,29.768230438232422,6066,1.935033917427063,6065,0.06468416750431061,0.008463541977107525,0.8220353126525879,72.78815460205078,2488.659650124,48280,0.9389587044715881,0.7547811269760132,9317376,1.0,1746434313.183584
0.3059895932674408,29.1328125,6069,1.935033917427063,6068,0.07573213428258896,0.0078125,0.8097444176673889,72.78815460205078,2489.864050823,48304,0.9389587044715881,0.6621856689453125,9321984,1.0,1746434314.387996
0.2578125,27.451824188232422,6081,1.935033917427063,6080,0.08588773757219315,0.008463541977107525,0.7764486074447632,72.78815460205078,2494.683601742,48400,0.9389587044715881,0.6041199564933777,9340416,1.0,1746434319.2075312
0.353515625,29.713542938232422,6083,1.935033917427063,6082,0.07635024189949036,0.0078125,0.7853362560272217,72.78815460205078,2495.486329755,48416,0.9389587044715881,0.7403287887573242,9343488,1.0,1746434320.010274
0.2936198115348816,29.79427146911621,6104,1.935033917427063,6103,0.10501302778720856,0.008463541977107525,0.7640345692634583,72.78815460205078,2503.92733067,48584,0.9389587044715881,0.6783396601676941,9375744,1.0,1746434328.451294
0.4036458432674408,30.455730438232422,6112,1.935033917427063,6111,0.07964783906936646,0.0078125,0.7742164134979248,72.78815460205078,2507.140219934,48648,0.9389587044715881,0.8072916865348816,9388032,1.0,1746434331.6640303
0.455078125,31.498699188232422,6124,1.935033917427063,6123,0.06980041414499283,0.0078125,0.7832810878753662,72.78815460205078,2511.956920016,48744,0.9389587044715881,0.91015625,9406464,1.0,1746434336.4808674
0.3684895932674408,31.25911521911621,6137,1.935033917427063,6136,0.08696728944778442,0.008463541977107525,0.7933337092399597,72.78815460205078,2517.174904969,48848,0.9389587044715881,0.7927430868148804,9426432,1.0,1746434341.6988654
0.3587239682674408,29.8515625,6156,1.935033917427063,6155,0.08286376297473907,0.0078125,0.7600398659706116,72.78815460205078,2524.809488744,49000,0.9389587044715881,0.7540630102157593,9455616,1.0,1746434349.3334363
0.341796875,29.123699188232422,6175,1.955353856086731,6174,0.08240406960248947,0.0078125,0.7219521999359131,71.30594635009766,2532.540223953,49152,0.9580419659614563,0.7065431475639343,9484800,1.0,1746434357.0641804
0.4446614682674408,31.56380271911621,6185,1.955353856086731,6184,0.09425942599773407,0.0078125,0.7717073559761047,71.30594635009766,2536.558349077,49232,0.9580419659614563,0.8893229365348816,9500160,1.0,1746434361.082331
0.3626302182674408,29.734375,6209,1.955353856086731,6208,0.11316517740488052,0.008463541977107525,0.7230121493339539,71.30594635009766,2546.192550173,49424,0.9580419659614563,0.7595993876457214,9537024,1.0,1746434370.7164063
0.3111979365348816,28.60677146911621,6213,1.955353856086731,6212,0.09323258697986603,0.0078125,0.7359150648117065,71.30594635009766,2547.80124725,49456,0.9580419659614563,0.6607891321182251,9543168,1.0,1746434372.3251832
0.37109375,29.30989646911621,6217,1.955353856086731,6216,0.09690996259450912,0.0078125,0.692104160785675,71.30594635009766,2549.407334527,49488,0.9580419659614563,0.7771646976470947,9549312,1.0,1746434373.9312973
0.4342448115348816,31.365886688232422,6237,1.955353856086731,6236,0.10193390399217606,0.0078125,0.6969496011734009,71.30594635009766,2557.436723915,49648,0.9580419659614563,0.8684896230697632,9580032,1.0,1746434381.9606526
0.4055989682674408,30.53125,6253,1.955353856086731,6252,0.09634436666965485,0.0078125,0.6892548203468323,71.30594635009766,2563.858551662,49776,0.9580419659614563,0.8111979365348816,9604608,1.0,1746434388.3825128
0.30078125,27.80599021911621,6262,1.955353856086731,6261,0.0875648707151413,0.0078125,0.7345983982086182,71.30594635009766,2567.471454757,49848,0.9580419659614563,0.6540284156799316,9618432,1.0,1746434391.9953895
0.3522135615348816,30.158855438232422,6265,1.955353856086731,6264,0.08843343704938889,0.0078125,0.7134126424789429,71.30594635009766,2568.675866194,49872,0.9580419659614563,0.7441039085388184,9623040,1.0,1746434393.1998067
0.3639323115348816,29.45052146911621,6266,1.955353856086731,6265,0.10659728199243546,0.00911458395421505,0.7142868041992188,71.30594635009766,2569.077079891,49880,0.9580419659614563,0.7486454248428345,9624576,1.0,1746434393.6010144
0.39453125,30.178386688232422,6269,1.955353856086731,6268,0.08999934792518616,0.00911458395421505,0.7411288022994995,71.30594635009766,2570.285130682,49904,0.9580419659614563,0.8118489980697632,9629184,1.0,1746434394.8090644
0.3645833432674408,29.21614646911621,6272,1.955353856086731,6271,0.08716323226690292,0.0078125,0.7318954467773438,71.30594635009766,2571.489024151,49928,0.9580419659614563,0.7471965551376343,9633792,1.0,1746434396.012994
0.3763020932674408,29.36328125,6273,1.955353856086731,6272,0.08520673215389252,0.0078125,0.7106096148490906,71.30594635009766,2571.890123953,49936,0.9580419659614563,0.7526041865348816,9635328,1.0,1746434396.4140732
0.4055989682674408,30.533855438232422,6279,1.955353856086731,6278,0.12636511027812958,0.008463541977107525,0.685797929763794,71.30594635009766,2574.297270771,49984,0.9580419659614563,0.828643798828125,9644544,1.0,1746434398.8212354
0.4427083432674408,31.26692771911621,6285,1.955353856086731,6284,0.11033749580383301,0.009765625,0.7266116142272949,71.30594635009766,2576.706208772,50032,0.9580419659614563,0.8854166865348816,9653760,1.0,1746434401.230169
0.3502604365348816,30.569011688232422,6291,1.955353856086731,6290,0.08581389486789703,0.0078125,0.7395567893981934,71.30594635009766,2579.120717987,50080,0.9580419659614563,0.7685145139694214,9662976,1.0,1746434403.644689
0.4244791865348816,31.03255271911621,6320,1.955353856086731,6319,0.09403309226036072,0.0078125,0.7370542287826538,71.30594635009766,2590.767191538,50312,0.9580419659614563,0.8668457865715027,9707520,1.0,1746434415.2911499
0.3424479365348816,29.740886688232422,6331,1.955353856086731,6330,0.09505343437194824,0.008463541977107525,0.7019871473312378,71.30594635009766,2595.18260285,50400,0.9580419659614563,0.743427038192749,9724416,1.0,1746434419.7065697
0.291015625,28.51302146911621,6335,1.955353856086731,6334,0.09067340940237045,0.0078125,0.7310720086097717,71.30594635009766,2596.79059731,50432,0.9580419659614563,0.648017168045044,9730560,1.0,1746434421.3145385
0.3561198115348816,30.16536521911621,6337,1.955353856086731,6336,0.09660740196704865,0.00911458395421505,0.7022514343261719,71.30594635009766,2597.593666577,50448,0.9580419659614563,0.7561722993850708,9733632,1.0,1746434422.117589
0.3990885615348816,31.08984375,6369,1.955353856086731,6368,0.1050727516412735,0.0078125,0.7288171052932739,71.30594635009766,2610.435673886,50704,0.9580419659614563,0.8265885710716248,9782784,1.0,1746434434.9596617
0.37109375,30.30208396911621,6395,1.955353856086731,6394,0.08626028895378113,0.008463541977107525,0.7363489866256714,71.30594635009766,2620.877377583,50912,0.9580419659614563,0.7891265749931335,9822720,1.0,1746434445.4013424
0.37109375,30.38671875,6403,1.955353856086731,6402,0.12417039275169373,0.0078125,0.719241738319397,71.30594635009766,2624.08734506,50976,0.9580419659614563,0.7720658183097839,9835008,1.0,1746434448.6111104
0.4088541865348816,30.502605438232422,6408,1.955353856086731,6407,0.10168257355690002,0.008463541977107525,0.7433702945709229,71.30594635009766,2626.096740902,51016,0.9580419659614563,0.8356954455375671,9842688,1.0,1746434450.620644
0.3802083432674408,30.0,6415,1.955353856086731,6414,0.11190051585435867,0.00911458395421505,0.7168315052986145,71.30594635009766,2628.906745246,51072,0.9580419659614563,0.7776346206665039,9853440,1.0,1746434453.4306226
0.326171875,30.295574188232422,6438,1.955353856086731,6437,0.11639219522476196,0.008463541977107525,0.7163223028182983,71.30594635009766,2638.144697727,51256,0.9580419659614563,0.720307469367981,9888768,1.0,1746434462.6686459
0.4322916865348816,30.87630271911621,6458,1.955353856086731,6457,0.08944395184516907,0.008463541977107525,0.7012401819229126,71.30594635009766,2646.181726029,51416,0.9580419659614563,0.8645833730697632,9919488,1.0,1746434470.7056572
0.3600260615348816,29.830730438232422,6460,1.955353856086731,6459,0.0899825245141983,0.00911458395421505,0.7081698179244995,71.30594635009766,2646.984506803,51432,0.9580419659614563,0.7552571296691895,9922560,1.0,1746434471.5084403
0.3977864682674408,30.48046875,6471,1.955353856086731,6470,0.12889215350151062,0.008463541977107525,0.6812759041786194,71.30594635009766,2651.425301851,51520,0.9580419659614563,0.8216608762741089,9939456,1.0,1746434475.9492562
