returned_episode_lengths,returned_won_episode,update_steps,test_returned_episode_lengths,_step,test_returned_episode_returns,loss,returned_episode,_runtime,grad_steps,env_step,returned_episode_returns,test_returned_won_episode,qvals,test_returned_episode,_timestamp
26.582683563232422,0.0,9,27.809934616088867,8,0.12359084188938141,0.0,0.0201822929084301,56.743620404,0,13824,0.19568952918052673,0.0,0.0,1,1747632049.263536
25.389324188232422,0.0,15,27.809934616088867,14,0.12359084188938141,0.0,0.02343750186264515,57.164581743,0,23040,0.229828879237175,0.0,0.0,1,1747632049.6844704
24.941408157348633,0.0,47,27.809934616088867,46,0.12359084188938141,0.016568951308727264,0.02473958395421505,65.309207483,128,72192,0.24022281169891357,0.0,0.3299417495727539,1,1747632057.8289046
25.545574188232422,0.0,48,27.809934616088867,47,0.12359084188938141,0.015778739005327225,0.0240885429084301,65.747005603,136,73728,0.26054123044013977,0.0,0.31395524740219116,1,1747632058.2669058
25.337892532348633,0.0,56,27.809934616088867,55,0.12359084188938141,0.025424931198358536,0.0240885429084301,69.274852548,200,86016,0.23141418397426605,0.0,0.3590499460697174,1,1747632061.7946982
26.27474021911621,0.0,64,27.809934616088867,63,0.12359084188938141,0.045917462557554245,0.02343750186264515,72.779603787,264,98304,0.26177534461021423,0.0,0.4725354313850403,1,1747632065.2995048
26.357423782348633,0.0,83,27.809934616088867,82,0.12359084188938141,0.12615817785263062,0.02278645895421505,81.148813386,416,127488,0.27542644739151,0.0,0.6261641383171082,1,1747632073.6687233
26.445964813232422,0.0,84,27.809934616088867,83,0.12359084188938141,0.09637705981731415,0.0221354179084301,81.588699692,424,129024,0.2568409740924835,0.0,0.6419302225112915,1,1747632074.1085858
25.412761688232422,0.0,86,27.809934616088867,85,0.12359084188938141,0.07971179485321045,0.02343750186264515,82.465760799,440,132096,0.26964783668518066,0.0,0.6417127847671509,1,1747632074.9856818
25.799480438232422,0.0,88,27.809934616088867,87,0.12359084188938141,0.07084451615810394,0.0221354179084301,83.34666904,456,135168,0.2638753056526184,0.0,0.6527679562568665,1,1747632075.8665793
25.25716209411621,0.0,89,27.809934616088867,88,0.12359084188938141,0.07368133962154388,0.02343750186264515,83.785806792,464,136704,0.26461201906204224,0.0,0.6517516374588013,1,1747632076.305734
25.873048782348633,0.0,94,27.809934616088867,93,0.12359084188938141,0.11656741052865982,0.02083333395421505,85.988469029,504,144384,0.2754766047000885,0.0,0.6465216279029846,1,1747632078.5082638
25.971355438232422,0.0,98,27.809934616088867,97,0.12359084188938141,0.09480557590723038,0.02278645895421505,87.745524894,536,150528,0.2736114263534546,0.0,0.6576340198516846,1,1747632080.2652245
26.72395896911621,0.0,108,27.809934616088867,107,0.12359084188938141,0.10126897692680359,0.02083333395421505,92.141189354,616,165888,0.2806171476840973,0.0,0.6423662304878235,1,1747632084.661097
26.496095657348633,0.0,112,27.809934616088867,111,0.12359084188938141,0.22559845447540283,0.02278645895421505,93.898311123,648,172032,0.2785184681415558,0.0,0.6586405634880066,1,1747632086.4181812
26.351564407348633,0.0,119,27.809934616088867,118,0.12359084188938141,0.11753176897764206,0.0221354179084301,96.98043614,704,182784,0.2730761170387268,0.0,0.6398879289627075,1,1747632089.500241
25.485027313232422,0.0,125,27.809934616088867,124,0.12359084188938141,0.16319045424461365,0.02278645895421505,99.616521523,752,192000,0.2866494059562683,0.0,0.6671334505081177,1,1747632092.1364274
25.30989646911621,0.0,151,27.809934616088867,150,0.12359084188938141,0.12635722756385803,0.0240885429084301,111.054343793,960,231936,0.27826806902885437,0.0,0.7311731576919556,1,1747632103.574238
27.345705032348633,0.0,155,27.809934616088867,154,0.12359084188938141,0.12372364103794098,0.0221354179084301,112.813275385,992,238080,0.2772395610809326,0.0,0.734295666217804,1,1747632105.3331578
26.468751907348633,0.0,174,27.809934616088867,173,0.12359084188938141,0.12281295657157898,0.0221354179084301,121.180718061,1144,267264,0.29242193698883057,0.0,0.7883436679840088,1,1747632113.700575
25.771486282348633,0.0,176,27.809934616088867,175,0.12359084188938141,0.11430047452449799,0.02278645895421505,122.056148791,1160,270336,0.25445228815078735,0.0,0.7903872132301331,1,1747632114.5760458
25.027996063232422,0.0,178,27.809934616088867,177,0.12359084188938141,0.11689957976341248,0.0240885429084301,122.935091196,1176,273408,0.3083474636077881,0.0,0.791519820690155,1,1747632115.4549785
25.113283157348633,0.0,199,27.809934616088867,198,0.12359084188938141,0.11415523290634155,0.0240885429084301,132.160046533,1344,305664,0.3049110770225525,0.0,0.8311573266983032,1,1747632124.679957
27.393230438232422,0.0,217,27.809934616088867,216,0.12359084188938141,0.13719382882118225,0.02278645895421505,140.091975292,1488,333312,0.2966368794441223,0.0,0.8597564101219177,1,1747632132.611694
26.294923782348633,0.0,220,27.809934616088867,219,0.12359084188938141,0.1312708854675293,0.02343750186264515,141.408123697,1512,337920,0.2771361470222473,0.0,0.8651393055915833,1,1747632133.9279788
26.333986282348633,0.0,223,27.809934616088867,222,0.12359084188938141,0.12829506397247314,0.02148437686264515,142.72355149,1536,342528,0.29571494460105896,0.0,0.8594717383384705,1,1747632135.2434418
25.78450584411621,0.0,229,27.809934616088867,228,0.12359084188938141,0.13463148474693298,0.02083333395421505,145.362103308,1584,351744,0.2867661714553833,0.0,0.8685804009437561,1,1747632137.8819911
25.716798782348633,0.0,245,27.809934616088867,244,0.12359084188938141,0.11880797147750854,0.0221354179084301,152.400510986,1712,376320,0.2882023751735687,0.0,0.8898125886917114,1,1747632144.920395
26.14974021911621,0.0,257,27.809934616088867,256,0.12359084188938141,0.11054353415966034,0.02343750186264515,157.689088337,1808,394752,0.299243301153183,0.0,0.9175890684127808,1,1747632150.208941
25.69270896911621,0.0,260,27.809934616088867,259,0.12359084188938141,0.10752977430820465,0.0240885429084301,159.005008233,1832,399360,0.3024875223636627,0.0,0.9178330898284912,1,1747632151.5248973
25.45833396911621,0.0,273,27.809934616088867,272,0.12359084188938141,0.18143302202224731,0.02343750186264515,164.717498758,1936,419328,0.2888469398021698,0.0,0.941074013710022,1,1747632157.2373347
25.326173782348633,0.0,278,27.809934616088867,277,0.12359084188938141,0.18928185105323792,0.0240885429084301,166.93037117,1976,427008,0.27447861433029175,0.0,0.9312599897384644,1,1747632159.4502285
26.27474021911621,0.0,286,27.809934616088867,285,0.12359084188938141,0.09547097980976105,0.0221354179084301,170.445589576,2040,439296,0.30760473012924194,0.0,0.9322861433029175,1,1747632162.965469
26.170574188232422,0.0,294,27.809934616088867,293,0.12359084188938141,0.15957126021385193,0.0221354179084301,173.968407802,2104,451584,0.32004669308662415,0.0,0.9394444227218628,1,1747632166.4882836
25.656251907348633,0.0,312,27.809934616088867,311,0.12359084188938141,0.07701726257801056,0.02343750186264515,181.892682448,2248,479232,0.3234981894493103,0.0,0.9477708339691162,1,1747632174.4125664
26.365236282348633,0.0,338,38.27170181274414,337,0.5109624862670898,0.08800928294658661,0.0221354179084301,193.47049255,2456,519168,0.3322175145149231,0.0,0.942773699760437,1,1747632185.990364
25.11067771911621,0.0,340,38.27170181274414,339,0.5109624862670898,0.0842272937297821,0.0260416679084301,194.351935133,2472,522240,0.348404198884964,0.0,0.9373682141304016,1,1747632186.8718016
26.53450584411621,0.0,346,38.27170181274414,345,0.5109624862670898,0.0725201964378357,0.0240885429084301,197.002844493,2520,531456,0.33960261940956116,0.0,0.9380574226379395,1,1747632189.522739
26.261720657348633,0.0,356,38.27170181274414,355,0.5109624862670898,0.08008182048797607,0.02148437686264515,201.406578755,2600,546816,0.32882991433143616,0.0,0.9538824558258057,1,1747632193.9264605
25.75520896911621,0.0,359,38.27170181274414,358,0.5109624862670898,0.07994724065065384,0.02539062686264515,202.721766077,2624,551424,0.32909902930259705,0.0,0.9407013058662415,1,1747632195.241646
25.174480438232422,0.0,365,38.27170181274414,364,0.5109624862670898,0.06404983997344971,0.0240885429084301,205.357323942,2672,560640,0.3192444145679474,0.0,0.9517006874084473,1,1747632197.8770947
25.054689407348633,0.0,371,38.27170181274414,370,0.5109624862670898,0.08173495531082153,0.0221354179084301,207.997670415,2720,569856,0.3391154110431671,0.0,0.9688597917556763,1,1747632200.5175025
26.047527313232422,0.0,381,38.27170181274414,380,0.5109624862670898,0.06440398097038269,0.02083333395421505,212.399698578,2800,585216,0.33780229091644287,0.0,0.9553086757659912,1,1747632204.9195178
25.901042938232422,0.0,382,38.27170181274414,381,0.5109624862670898,0.06479260325431824,0.02148437686264515,212.839372315,2808,586752,0.31135767698287964,0.0,0.9581722617149353,1,1747632205.3592308
25.025392532348633,0.0,386,38.27170181274414,385,0.5109624862670898,0.06516997516155243,0.0221354179084301,214.603816945,2840,592896,0.35113266110420227,0.0,0.9694260358810425,1,1747632207.123705
26.304689407348633,0.0,395,38.27170181274414,394,0.5109624862670898,0.12672212719917297,0.02278645895421505,218.570751198,2912,606720,0.3056076169013977,0.0,0.9828323125839233,1,1747632211.0906475
25.32356834411621,0.0,410,38.27170181274414,409,0.5109624862670898,0.09085948765277863,0.02278645895421505,225.337907318,3032,629760,0.33249157667160034,0.0,0.9743573665618896,1,1747632217.857513
27.074220657348633,0.0,420,38.27170181274414,419,0.5109624862670898,0.0762300193309784,0.02148437686264515,229.752990981,3112,645120,0.34880441427230835,0.0,0.9775448441505432,1,1747632222.2728772
26.777996063232422,0.0,421,38.27170181274414,420,0.5109624862670898,0.07964079082012177,0.02278645895421505,230.192315654,3120,646656,0.3401537835597992,0.0,0.9869260787963867,1,1747632222.7120364
26.760417938232422,0.0,435,38.27170181274414,434,0.5109624862670898,0.05697866529226303,0.02148437686264515,236.364509063,3232,668160,0.349380761384964,0.0,0.9877805709838867,1,1747632228.8843763
26.566408157348633,0.0,440,38.27170181274414,439,0.5109624862670898,0.07164738327264786,0.0221354179084301,238.562508647,3272,675840,0.36057475209236145,0.0,0.9906430244445801,1,1747632231.082128
25.18880271911621,0.0,443,38.27170181274414,442,0.5109624862670898,0.07810287177562714,0.02343750186264515,239.88042153,3296,680448,0.36761122941970825,0.0,0.9871559143066406,1,1747632232.400259
25.350261688232422,0.0,447,38.27170181274414,446,0.5109624862670898,0.309428870677948,0.02343750186264515,241.645069532,3328,686592,0.3653761148452759,0.0,0.9829800128936768,1,1747632234.1649349
26.727214813232422,0.0,462,38.27170181274414,461,0.5109624862670898,0.04722937196493149,0.02343750186264515,248.242051988,3448,709632,0.3826938271522522,0.0,0.96080482006073,1,1747632240.761917
26.60091209411621,0.0,474,38.27170181274414,473,0.5109624862670898,0.04710457846522331,0.02278645895421505,253.522223316,3544,728064,0.3802454173564911,0.0,0.9703104496002197,1,1747632246.0420845
26.125001907348633,0.0,480,38.27170181274414,479,0.5109624862670898,0.041126132011413574,0.02148437686264515,256.177095627,3592,737280,0.39520755410194397,0.0,0.9678740501403809,1,1747632248.6969726
27.072267532348633,0.0,512,38.27170181274414,511,0.5109624862670898,0.04449775815010071,0.02343750186264515,270.272899878,3848,786432,0.3834984600543976,0.0,0.9886432886123657,1,1747632262.792783
25.728517532348633,0.0,516,38.27170181274414,515,0.5109624862670898,0.04378090798854828,0.02278645895421505,272.034638805,3880,792576,0.37980151176452637,0.0,0.9872047901153564,1,1747632264.55451
27.045574188232422,0.0,553,38.27170181274414,552,0.5109624862670898,0.10451500862836838,0.0221354179084301,288.326097527,4176,849408,0.4359191060066223,0.0,0.9930627942085266,1,1747632280.8459773
28.001955032348633,0.0,561,38.27170181274414,560,0.5109624862670898,0.03361392766237259,0.02083333395421505,291.85062628,4240,861696,0.42493802309036255,0.0,0.9795217514038086,1,1747632284.370527
27.304689407348633,0.0,563,38.27170181274414,562,0.5109624862670898,0.04201779514551163,0.0240885429084301,292.742822229,4256,864768,0.49050500988960266,0.0,0.9887220859527588,1,1747632285.2626882
26.444011688232422,0.0,583,38.27170181274414,582,0.5109624862670898,0.03825899958610535,0.02083333395421505,301.562323238,4416,895488,0.3911077082157135,0.0,0.9877830147743225,1,1747632294.0821345
28.24544334411621,0.0,585,38.27170181274414,584,0.5109624862670898,0.04210774227976799,0.02278645895421505,302.451497522,4432,898560,0.44592222571372986,0.0,0.9976004958152771,1,1747632294.9713435
26.924480438232422,0.0,587,38.27170181274414,586,0.5109624862670898,0.0332355797290802,0.02278645895421505,303.330357965,4448,901632,0.4540868401527405,0.0,0.9895084500312805,1,1747632295.85023
25.772136688232422,0.0240885429084301,593,38.27170181274414,592,0.5109624862670898,0.04641621559858322,0.02083333395421505,305.967819225,4496,910848,0.47578030824661255,0.0,0.9980170726776123,1,1747632298.4876866
27.904949188232422,0.0,625,38.27170181274414,624,0.5109624862670898,0.06174207851290703,0.02148437686264515,320.091140673,4752,960000,0.4576525390148163,0.0,0.9933816194534302,1,1747632312.6110253
26.679689407348633,0.0,628,38.27170181274414,627,0.5109624862670898,0.06531081348657608,0.02083333395421505,321.412560866,4776,964608,0.4128829538822174,0.0,0.9918538331985474,1,1747632313.93245
27.671876907348633,0.0598958358168602,631,38.27170181274414,630,0.5109624862670898,0.05503391847014427,0.0182291679084301,322.732897027,4800,969216,0.49278661608695984,0.0,0.9996204376220703,1,1747632315.2527592
28.412111282348633,0.0299479179084301,639,38.27170181274414,638,0.5109624862670898,0.10256610065698624,0.0201822929084301,326.250593709,4864,981504,0.5085781216621399,0.0,1.0022258758544922,1,1747632318.7704735
28.553386688232422,0.0319010429084301,658,43.62541580200195,657,0.8614258170127869,0.0973033607006073,0.017578125,334.733838129,5016,1010688,0.5197106599807739,0.11138614267110825,0.9635841250419617,1,1747632327.253706
28.314455032348633,0.1080729216337204,660,43.62541580200195,659,0.8614258170127869,0.10311268270015717,0.0201822929084301,335.611042717,5032,1013760,0.6447919607162476,0.11138614267110825,0.9616530537605286,1,1747632328.1309173
28.353517532348633,0.0240885429084301,667,43.62541580200195,666,0.8614258170127869,0.0639883279800415,0.01692708395421505,338.688156667,5088,1024512,0.4671708643436432,0.11138614267110825,0.9526691436767578,1,1747632331.2080245
28.05013084411621,0.0625,679,43.62541580200195,678,0.8614258170127869,0.11140129715204239,0.02148437686264515,343.967760074,5184,1042944,0.5768453478813171,0.11138614267110825,0.941472053527832,1,1747632336.4873772
27.26106834411621,0.0455729179084301,681,43.62541580200195,680,0.8614258170127869,0.06323309242725372,0.0182291679084301,344.845784781,5200,1046016,0.49206870794296265,0.11138614267110825,0.9588733911514282,1,1747632337.365661
28.10091209411621,0.0377604179084301,685,43.62541580200195,684,0.8614258170127869,0.07423680275678635,0.01953125186264515,346.609981481,5232,1052160,0.5209876298904419,0.11138614267110825,0.9443058967590332,1,1747632339.1298249
29.23372459411621,0.0,691,43.62541580200195,690,0.8614258170127869,0.07782664895057678,0.017578125,349.263696389,5280,1061376,0.38845255970954895,0.11138614267110825,0.9305154085159302,1,1747632341.7835724
28.682292938232422,0.1184895858168602,704,43.62541580200195,703,0.8614258170127869,0.07601666450500488,0.01953125186264515,355.00050049,5384,1081344,0.613899290561676,0.11138614267110825,0.9233205914497375,1,1747632347.520362
29.488933563232422,0.1432291716337204,710,43.62541580200195,709,0.8614258170127869,0.10109790414571762,0.0182291679084301,357.650633311,5432,1090560,0.6763111352920532,0.11138614267110825,0.9178982973098755,1,1747632350.1704419
28.51497459411621,0.1132812574505806,714,43.62541580200195,713,0.8614258170127869,0.08213961124420166,0.02083333395421505,359.417077445,5464,1096704,0.6567957401275635,0.11138614267110825,0.9248436689376831,1,1747632351.936901
27.53255271911621,0.1106770858168602,721,43.62541580200195,720,0.8614258170127869,0.07407424598932266,0.01497395895421505,362.500170065,5520,1107456,0.5325608253479004,0.11138614267110825,0.923653244972229,1,1747632355.0200207
29.026042938232422,0.1484375149011612,745,43.62541580200195,744,0.8614258170127869,0.11484719067811966,0.017578125,373.081573693,5712,1144320,0.678708553314209,0.11138614267110825,0.8962147235870361,1,1747632365.601404
27.535158157348633,0.1152343824505806,748,43.62541580200195,747,0.8614258170127869,0.12760376930236816,0.01953125186264515,374.401507739,5736,1148928,0.65263432264328,0.11138614267110825,0.8958805799484253,1,1747632366.9213815
26.873048782348633,0.0468750037252903,752,43.62541580200195,751,0.8614258170127869,0.10597146302461624,0.02083333395421505,376.160317748,5768,1155072,0.5074866414070129,0.11138614267110825,0.895316481590271,1,1747632368.6801875
28.695314407348633,0.1165364608168602,754,43.62541580200195,753,0.8614258170127869,0.07626592367887497,0.01888020895421505,377.037323815,5784,1158144,0.6571211814880371,0.11138614267110825,0.8910061120986938,1,1747632369.5571353
28.056642532348633,0.02473958395421505,762,43.62541580200195,761,0.8614258170127869,0.10658212006092072,0.0182291679084301,380.555141454,5848,1170432,0.5370997786521912,0.11138614267110825,0.8947184681892395,1,1747632373.0750074
27.266277313232422,0.01888020895421505,767,43.62541580200195,766,0.8614258170127869,0.1914442479610443,0.017578125,382.755202839,5888,1178112,0.4645373225212097,0.11138614267110825,0.8561822175979614,1,1747632375.2750342
28.092449188232422,0.0598958358168602,769,43.62541580200195,768,0.8614258170127869,0.08407318592071533,0.0182291679084301,383.636009322,5904,1181184,0.5679742693901062,0.11138614267110825,0.8680838346481323,1,1747632376.1558733
28.232423782348633,0.1816406399011612,785,43.62541580200195,784,0.8614258170127869,0.10874476283788681,0.0201822929084301,390.682504914,6032,1205760,0.7682267427444458,0.11138614267110825,0.850915789604187,1,1747632383.202392
26.69466209411621,0.1451822966337204,787,43.62541580200195,786,0.8614258170127869,0.14548608660697937,0.01692708395421505,391.565315585,6048,1208832,0.6817652583122253,0.11138614267110825,0.8596620559692383,1,1747632384.0851393
27.267580032348633,0.0703125,788,43.62541580200195,787,0.8614258170127869,0.1419329196214676,0.014322916977107525,392.004604642,6056,1210368,0.5441716909408569,0.11138614267110825,0.848429262638092,1,1747632384.5242834
27.692058563232422,0.1171875074505806,800,43.62541580200195,799,0.8614258170127869,0.2539198398590088,0.017578125,397.281934456,6152,1228800,0.5787104964256287,0.11138614267110825,0.8442599177360535,1,1747632389.8018095
27.521486282348633,0.1145833358168602,806,43.62541580200195,805,0.8614258170127869,0.17677360773086548,0.0201822929084301,399.917460238,6200,1238016,0.6325417160987854,0.11138614267110825,0.8446129560470581,1,1747632392.4373412
26.179689407348633,0.0520833358168602,825,43.62541580200195,824,0.8614258170127869,0.3248838484287262,0.0182291679084301,408.294274048,6352,1267200,0.47364917397499084,0.11138614267110825,0.8112421631813049,1,1747632400.8141432
27.341798782348633,0.0410156287252903,870,43.62541580200195,869,0.8614258170127869,0.15344443917274475,0.01888020895421505,428.142471921,6712,1336320,0.4982112646102905,0.11138614267110825,0.7834750413894653,1,1747632420.6623304
27.26302146911621,0.1510416716337204,876,43.62541580200195,875,0.8614258170127869,0.13852843642234802,0.017578125,430.784077592,6760,1345536,0.6519029140472412,0.11138614267110825,0.7874789237976074,1,1747632423.3039339
29.271486282348633,0.2584635615348816,883,43.62541580200195,882,0.8614258170127869,0.1203295961022377,0.0162760429084301,433.879036713,6816,1356288,0.7914304733276367,0.11138614267110825,0.7607119083404541,1,1747632426.3988972
28.660158157348633,0.0403645858168602,885,43.62541580200195,884,0.8614258170127869,0.1413138210773468,0.0162760429084301,434.75885375,6832,1359360,0.5718920826911926,0.11138614267110825,0.7673077583312988,1,1747632427.27869
30.033855438232422,0.1093750074505806,894,43.62541580200195,893,0.8614258170127869,0.1569451242685318,0.01692708395421505,438.722112783,6904,1373184,0.6059046387672424,0.11138614267110825,0.7430169582366943,1,1747632431.2418623
26.904298782348633,0.1894531399011612,924,43.62541580200195,923,0.8614258170127869,0.17935389280319214,0.0182291679084301,451.924227943,7144,1419264,0.6864386200904846,0.11138614267110825,0.7525163292884827,1,1747632444.4439719
28.662761688232422,0.1145833358168602,940,43.62541580200195,939,0.8614258170127869,0.18326565623283386,0.0162760429084301,458.973448505,7272,1443840,0.6380230188369751,0.11138614267110825,0.7448567748069763,1,1747632451.4933064
27.091798782348633,0.1360677182674408,947,43.62541580200195,946,0.8614258170127869,0.19459255039691925,0.01692708395421505,462.062300194,7328,1454592,0.6679257154464722,0.11138614267110825,0.7395796775817871,1,1747632454.582151
28.384767532348633,0.1360677182674408,954,43.62541580200195,953,0.8614258170127869,0.29768669605255127,0.01692708395421505,465.152277874,7384,1465344,0.6357619762420654,0.11138614267110825,0.7926989793777466,1,1747632457.6721203
29.467449188232422,0.1074218824505806,956,43.62541580200195,955,0.8614258170127869,0.1990753412246704,0.015625,466.035999312,7400,1468416,0.5709688663482666,0.11138614267110825,0.7524325251579285,1,1747632458.5558617
28.047527313232422,0.2187500149011612,957,43.62541580200195,956,0.8614258170127869,0.19995266199111938,0.017578125,466.477488174,7408,1469952,0.7385188341140747,0.11138614267110825,0.7661421895027161,1,1747632458.997328
27.841798782348633,0.1093750074505806,993,48.73719787597656,992,0.9052419066429138,0.2473500370979309,0.017578125,482.441636091,7696,1525248,0.5971836447715759,0.1574879288673401,0.715286910533905,1,1747632474.961519
29.93880271911621,0.1230468824505806,998,48.73719787597656,997,0.9052419066429138,0.25441503524780273,0.01497395895421505,484.647045284,7736,1532928,0.6038933396339417,0.1574879288673401,0.7029516696929932,1,1747632477.1668885
30.610679626464844,0.1510416716337204,1001,48.73719787597656,1000,0.9052419066429138,0.2142394781112671,0.0162760429084301,485.968131091,7760,1537536,0.7010725736618042,0.1574879288673401,0.6910123825073242,1,1747632478.4879956
28.34114646911621,0.1861979216337204,1024,48.73719787597656,1023,0.9052419066429138,0.23357221484184265,0.0182291679084301,496.086487873,7944,1572864,0.7120171785354614,0.1574879288673401,0.7289289236068726,1,1747632488.6063585
29.791667938232422,0.1966145932674408,1037,48.73719787597656,1036,0.9052419066429138,0.3026456832885742,0.015625,501.816354415,8048,1592832,0.7183651328086853,0.1574879288673401,0.7743951678276062,1,1747632494.3362155
28.343751907348633,0.2571614682674408,1041,48.73719787597656,1040,0.9052419066429138,0.31966084241867065,0.0162760429084301,503.580913154,8080,1598976,0.8269007802009583,0.1574879288673401,0.7342668771743774,1,1747632496.1007817
28.322917938232422,0.0416666679084301,1045,48.73719787597656,1044,0.9052419066429138,0.2905923128128052,0.017578125,505.341105876,8112,1605120,0.48542520403862,0.1574879288673401,0.7578427791595459,1,1747632497.8609908
28.761720657348633,0.3007812798023224,1061,48.73719787597656,1060,0.9052419066429138,0.41359394788742065,0.01692708395421505,512.392394505,8240,1629696,0.8682312369346619,0.1574879288673401,0.771497905254364,1,1747632504.9122353
28.10481834411621,0.0826822966337204,1063,48.73719787597656,1062,0.9052419066429138,0.5121635794639587,0.017578125,513.283495551,8256,1632768,0.5906249284744263,0.1574879288673401,0.7507743835449219,1,1747632505.8032281
28.40950584411621,0.2747395932674408,1065,48.73719787597656,1064,0.9052419066429138,0.4838755428791046,0.017578125,514.160447025,8272,1635840,0.8287450671195984,0.1574879288673401,0.7441105842590332,1,1747632506.6803195
28.378908157348633,0.2076822966337204,1066,48.73719787597656,1065,0.9052419066429138,0.3433571755886078,0.015625,514.600399897,8280,1637376,0.7731605172157288,0.1574879288673401,0.7714061141014099,1,1747632507.1202111
29.60677146911621,0.3209635615348816,1078,48.73719787597656,1077,0.9052419066429138,0.33163586258888245,0.01692708395421505,519.882752059,8376,1655808,0.9001343846321106,0.1574879288673401,0.7825249433517456,1,1747632512.402646
28.81770896911621,0.1725260466337204,1083,48.73719787597656,1082,0.9052419066429138,0.39694929122924805,0.015625,522.089379547,8416,1663488,0.6744810938835144,0.1574879288673401,0.788153886795044,1,1747632514.609184
29.174480438232422,0.2180989682674408,1096,48.73719787597656,1095,0.9052419066429138,0.3778046667575836,0.015625,527.810776629,8520,1683456,0.7418915033340454,0.1574879288673401,0.8011611700057983,1,1747632520.3306382
29.71809959411621,0.3554687798023224,1097,48.73719787597656,1096,0.9052419066429138,0.4248441457748413,0.01692708395421505,528.252186062,8528,1684992,0.9391514658927917,0.1574879288673401,0.7839205265045166,1,1747632520.7719872
28.71419334411621,0.2545573115348816,1102,48.73719787597656,1101,0.9052419066429138,0.39721745252609253,0.015625,530.472743039,8568,1692672,0.7612643837928772,0.1574879288673401,0.8003180027008057,1,1747632522.9926043
30.39192771911621,0.3372395932674408,1111,48.73719787597656,1110,0.9052419066429138,0.42204639315605164,0.015625,534.443551387,8640,1706496,0.8941093683242798,0.1574879288673401,0.8094955682754517,1,1747632526.9634118
29.76302146911621,0.3268229365348816,1113,48.73719787597656,1112,0.9052419066429138,0.4292340874671936,0.01497395895421505,535.326970429,8656,1709568,0.9080548882484436,0.1574879288673401,0.8303387761116028,1,1747632527.8467822
29.377605438232422,0.1881510466337204,1116,48.73719787597656,1115,0.9052419066429138,0.49474191665649414,0.0162760429084301,536.651018249,8680,1714176,0.6789637804031372,0.1574879288673401,0.8144216537475586,1,1747632529.1708846
29.93099021911621,0.2207031399011612,1121,48.73719787597656,1120,0.9052419066429138,0.40881407260894775,0.0182291679084301,538.856443703,8720,1721856,0.768161416053772,0.1574879288673401,0.8039169907569885,1,1747632531.3762946
28.789714813232422,0.2532552182674408,1123,48.73719787597656,1122,0.9052419066429138,0.42627623677253723,0.017578125,539.736068089,8736,1724928,0.7876335978507996,0.1574879288673401,0.825973391532898,1,1747632532.255918
29.629558563232422,0.1276041716337204,1145,48.73719787597656,1144,0.9052419066429138,0.42140477895736694,0.015625,549.433820935,8912,1758720,0.6065433621406555,0.1574879288673401,0.8011347055435181,1,1747632541.9536774
27.724611282348633,0.3190104365348816,1146,48.73719787597656,1145,0.9052419066429138,0.5002813935279846,0.0182291679084301,549.875255228,8920,1760256,0.8864566683769226,0.1574879288673401,0.8531238436698914,1,1747632542.3951285
29.087892532348633,0.2141927182674408,1161,48.73719787597656,1160,0.9052419066429138,0.41605958342552185,0.0182291679084301,556.487987323,9040,1783296,0.7365894317626953,0.1574879288673401,0.8334753513336182,1,1747632549.0076747
26.703126907348633,0.3053385615348816,1170,48.73719787597656,1169,0.9052419066429138,0.41776490211486816,0.01692708395421505,560.436653832,9112,1797120,0.829472005367279,0.1574879288673401,0.8467530012130737,1,1747632552.9565349
30.408855438232422,0.25390625,1172,48.73719787597656,1171,0.9052419066429138,0.40396648645401,0.015625,561.316218614,9128,1800192,0.7802194356918335,0.1574879288673401,0.8698158264160156,1,1747632553.8360972
29.090496063232422,0.3567708432674408,1184,48.73719787597656,1183,0.9052419066429138,0.7404479384422302,0.01692708395421505,566.607285995,9224,1818624,0.934775710105896,0.1574879288673401,0.8328934907913208,1,1747632559.1271708
28.297527313232422,0.4342448115348816,1188,48.73719787597656,1187,0.9052419066429138,0.461784303188324,0.01888020895421505,568.371403272,9256,1824768,1.0317779779434204,0.1574879288673401,0.849545955657959,1,1747632560.8912838
30.558595657348633,0.2350260466337204,1192,48.73719787597656,1191,0.9052419066429138,0.6495343446731567,0.014322916977107525,570.13297249,9288,1830912,0.7407359480857849,0.1574879288673401,0.9053623676300049,1,1747632562.6528606
29.20442771911621,0.2604166865348816,1203,48.73719787597656,1202,0.9052419066429138,0.6253221035003662,0.015625,574.982368373,9376,1847808,0.7954435348510742,0.1574879288673401,0.8921338319778442,1,1747632567.5022435
31.348308563232422,0.2591145932674408,1222,48.73719787597656,1221,0.9052419066429138,0.5290629267692566,0.0162760429084301,583.356318558,9528,1876992,0.8727118968963623,0.1574879288673401,0.9026104211807251,1,1747632575.8760443
28.645183563232422,0.4537760615348816,1228,48.73719787597656,1227,0.9052419066429138,0.5109047293663025,0.0201822929084301,585.99439326,9576,1886208,1.0916872024536133,0.1574879288673401,0.8580821752548218,1,1747632578.5142517
29.492189407348633,0.5188802480697632,1251,48.73719787597656,1250,0.9052419066429138,0.5540003776550293,0.01888020895421505,596.14399356,9760,1921536,1.1500542163848877,0.1574879288673401,0.8793442249298096,1,1747632588.6637406
29.56966209411621,0.2057291716337204,1262,48.73719787597656,1261,0.9052419066429138,0.6769704818725586,0.0162760429084301,600.988771743,9848,1938432,0.7543444633483887,0.1574879288673401,0.8682528734207153,1,1747632593.5084908
29.527345657348633,0.4720052182674408,1284,48.73719787597656,1283,0.9052419066429138,0.7139903903007507,0.01692708395421505,610.718291608,10024,1972224,1.0890425443649292,0.1574879288673401,0.8752244710922241,1,1747632603.2381496
28.933595657348633,0.5169271230697632,1291,48.73719787597656,1290,0.9052419066429138,0.45865398645401,0.017578125,613.810906944,10080,1982976,1.150797724723816,0.1574879288673401,0.8601284027099609,1,1747632606.3307762
30.748048782348633,0.3072916865348816,1310,46.99014663696289,1309,1.6199475526809692,0.6028413772583008,0.0162760429084301,622.299352418,10232,2012160,0.8845091462135315,0.6693548560142517,0.853813886642456,1,1747632614.8192117
28.126955032348633,0.3912760615348816,1331,46.99014663696289,1330,1.6199475526809692,0.524074912071228,0.0201822929084301,631.557953482,10400,2044416,1.0140422582626343,0.6693548560142517,0.9191689491271973,1,1747632624.077815
29.972658157348633,0.3658854365348816,1332,46.99014663696289,1331,1.6199475526809692,0.5867012143135071,0.017578125,631.997932226,10408,2045952,0.9514613151550293,0.6693548560142517,0.8896206617355347,1,1747632624.5177195
29.986330032348633,0.5032552480697632,1340,46.99014663696289,1339,1.6199475526809692,0.5435387492179871,0.01692708395421505,635.523311996,10472,2058240,1.1118406057357788,0.6693548560142517,0.9288643002510071,1,1747632628.043152
28.44466209411621,0.3170573115348816,1357,46.99014663696289,1356,1.6199475526809692,0.4901110529899597,0.014322916977107525,643.013195192,10608,2084352,0.8504258990287781,0.6693548560142517,0.9003078937530518,1,1747632635.5330708
29.30599021911621,0.4335937798023224,1360,46.99014663696289,1359,1.6199475526809692,0.6163461804389954,0.01692708395421505,644.346210905,10632,2088960,1.0149363279342651,0.6693548560142517,0.9319343566894531,1,1747632636.866022
28.093751907348633,0.3352864682674408,1364,46.99014663696289,1363,1.6199475526809692,0.43954533338546753,0.0162760429084301,646.111116711,10664,2095104,0.8820434808731079,0.6693548560142517,0.8789958953857422,1,1747632638.6309743
28.23567771911621,0.3483073115348816,1369,46.99014663696289,1368,1.6199475526809692,0.47811660170555115,0.0182291679084301,648.308407617,10704,2102784,0.9426986575126648,0.6693548560142517,0.8953394889831543,1,1747632640.8282564
30.644533157348633,0.2630208432674408,1374,46.99014663696289,1373,1.6199475526809692,0.5643285512924194,0.0162760429084301,650.511464164,10744,2110464,0.7978860139846802,0.6693548560142517,0.8861875534057617,1,1747632643.031326
27.95833396911621,0.4023437798023224,1385,46.99014663696289,1384,1.6199475526809692,0.7943243980407715,0.01692708395421505,655.363373908,10832,2127360,0.9965192079544067,0.6693548560142517,0.9032374620437622,1,1747632647.8832262
28.98567771911621,0.4368489682674408,1389,46.99014663696289,1388,1.6199475526809692,0.5384405851364136,0.015625,657.116116065,10864,2133504,1.0498262643814087,0.6693548560142517,0.8985556364059448,1,1747632649.6359766
29.262371063232422,0.5423177480697632,1409,46.99014663696289,1408,1.6199475526809692,0.5679824352264404,0.017578125,665.946409823,11024,2164224,1.174852967262268,0.6693548560142517,0.8958088159561157,1,1747632658.4662771
29.13606834411621,0.5748698115348816,1415,46.99014663696289,1414,1.6199475526809692,0.615153431892395,0.0182291679084301,668.577764097,11072,2173440,1.2439628839492798,0.6693548560142517,0.896935224533081,1,1747632661.097624
29.269533157348633,0.3691406548023224,1418,46.99014663696289,1417,1.6199475526809692,0.6474430561065674,0.01497395895421505,669.896822709,11096,2178048,0.9158777594566345,0.6693548560142517,0.917072594165802,1,1747632662.4166176
29.96809959411621,0.3255208432674408,1423,46.99014663696289,1422,1.6199475526809692,0.5273585915565491,0.014322916977107525,672.102571475,11136,2185728,0.8689528107643127,0.6693548560142517,0.9063395261764526,1,1747632664.622444
28.828126907348633,0.4739583432674408,1434,46.99014663696289,1433,1.6199475526809692,0.6110423803329468,0.01692708395421505,676.931826137,11224,2202624,1.0735830068588257,0.6693548560142517,0.9060466289520264,1,1747632669.4516873
29.19661521911621,0.3971354365348816,1436,46.99014663696289,1435,1.6199475526809692,0.5621551871299744,0.015625,677.809490406,11240,2205696,0.9739895462989807,0.6693548560142517,0.9056421518325806,1,1747632670.329343
29.76888084411621,0.2246093899011612,1458,46.99014663696289,1457,1.6199475526809692,0.546348512172699,0.01497395895421505,687.512415806,11416,2239488,0.7527215480804443,0.6693548560142517,0.9284672737121582,1,1747632680.0322142
30.994792938232422,0.3893229365348816,1461,46.99014663696289,1460,1.6199475526809692,0.7057486772537231,0.0162760429084301,688.833861805,11440,2244096,0.981624186038971,0.6693548560142517,0.9367188215255737,1,1747632681.3536475
29.68880271911621,0.4003906548023224,1465,46.99014663696289,1464,1.6199475526809692,0.5052331686019897,0.013671875931322575,690.602429407,11472,2250240,0.9426008462905884,0.6693548560142517,0.9289010763168335,1,1747632683.1200733
30.479820251464844,0.3476562798023224,1467,46.99014663696289,1466,1.6199475526809692,0.4561821222305298,0.014322916977107525,691.483364659,11488,2253312,0.9045343399047852,0.6693548560142517,0.9023695588111877,1,1747632684.0032365
29.238933563232422,0.2805989682674408,1476,46.99014663696289,1475,1.6199475526809692,0.5401915311813354,0.01692708395421505,695.44560889,11560,2267136,0.8121835589408875,0.6693548560142517,0.9445282220840454,1,1747632687.965466
29.277345657348633,0.3964844048023224,1480,46.99014663696289,1479,1.6199475526809692,0.5050248503684998,0.015625,697.206711675,11592,2273280,0.9856029152870178,0.6693548560142517,0.9133630990982056,1,1747632689.726577
30.515626907348633,0.3352864682674408,1493,46.99014663696289,1492,1.6199475526809692,0.48421594500541687,0.013671875931322575,702.943214058,11696,2293248,0.9027765393257141,0.6693548560142517,0.9310356974601746,1,1747632695.4630284
27.494142532348633,0.3229166865348816,1507,46.99014663696289,1506,1.6199475526809692,0.5168315172195435,0.017578125,709.108861396,11808,2314752,0.8747196793556213,0.6693548560142517,0.957895040512085,1,1747632701.6287153
28.53059959411621,0.3450520932674408,1509,46.99014663696289,1508,1.6199475526809692,0.5221285820007324,0.01497395895421505,709.987800716,11824,2317824,0.8689947128295898,0.6693548560142517,0.9618985056877136,1,1747632702.5076745
28.68880271911621,0.4251302182674408,1528,46.99014663696289,1527,1.6199475526809692,0.8317594528198242,0.017578125,718.36913244,11976,2347008,1.0075552463531494,0.6693548560142517,1.0124775171279907,1,1747632710.8890057
29.787761688232422,0.3001302182674408,1530,46.99014663696289,1529,1.6199475526809692,0.8441210389137268,0.014322916977107525,719.246691982,11992,2350080,0.8429988026618958,0.6693548560142517,0.9822309017181396,1,1747632711.7665713
28.92317771911621,0.4134114682674408,1540,46.99014663696289,1539,1.6199475526809692,0.6456475257873535,0.015625,723.65939322,12072,2365440,1.0039050579071045,0.6693548560142517,1.0115193128585815,1,1747632716.1792586
29.254558563232422,0.4960937798023224,1551,46.99014663696289,1550,1.6199475526809692,0.5336211919784546,0.017578125,728.506436208,12160,2382336,1.1482956409454346,0.6693548560142517,0.9598301649093628,1,1747632721.0263143
29.274089813232422,0.501953125,1561,46.99014663696289,1560,1.6199475526809692,0.614558219909668,0.015625,732.899505464,12240,2397696,1.1181048154830933,0.6693548560142517,0.977118968963623,1,1747632725.4193716
30.04427146911621,0.4531250298023224,1567,46.99014663696289,1566,1.6199475526809692,0.4661864936351776,0.014322916977107525,735.536939568,12288,2406912,1.0453768968582153,0.6693548560142517,0.9554609656333923,1,1747632728.0567918
29.483074188232422,0.3971354365348816,1570,46.99014663696289,1569,1.6199475526809692,0.4743711054325104,0.013671875931322575,736.8603408930001,12312,2411520,1.0183310508728027,0.6693548560142517,0.9718030691146851,1,1747632729.3801956
30.944011688232422,0.3177083432674408,1574,46.99014663696289,1573,1.6199475526809692,0.9213619828224182,0.014322916977107525,738.619170736,12344,2417664,0.8795438408851624,0.6693548560142517,0.9634125232696533,1,1747632731.1390343
29.313152313232422,0.3417969048023224,1577,46.99014663696289,1576,1.6199475526809692,0.4749402403831482,0.01497395895421505,739.93599547,12368,2422272,0.878122866153717,0.6693548560142517,0.9637426733970642,1,1747632732.4558697
27.890626907348633,0.4283854365348816,1603,46.99014663696289,1602,1.6199475526809692,0.4247962236404419,0.014322916977107525,751.384613258,12576,2462208,0.9308652281761169,0.6693548560142517,0.9771749973297119,1,1747632743.904461
29.576824188232422,0.3834635615348816,1609,46.99014663696289,1608,1.6199475526809692,0.6228624582290649,0.014322916977107525,754.02272909,12624,2471424,0.952934205532074,0.6693548560142517,0.9969460368156433,1,1747632746.542612
30.05208396911621,0.3958333432674408,1612,46.99014663696289,1611,1.6199475526809692,0.39306843280792236,0.014322916977107525,755.339184091,12648,2476032,0.9584845900535583,0.6693548560142517,1.007175326347351,1,1747632747.859043
28.92708396911621,0.3626302182674408,1627,49.47428512573242,1626,1.6441442966461182,0.46129125356674194,0.0162760429084301,762.06058577,12768,2499072,0.900011420249939,0.6885713934898376,0.9718565940856934,1,1747632754.5804548
29.158855438232422,0.4511719048023224,1637,49.47428512573242,1636,1.6441442966461182,0.4126347005367279,0.015625,766.482289118,12848,2514432,1.0505503416061401,0.6885713934898376,0.9734975099563599,1,1747632759.0021398
30.748048782348633,0.3398437798023224,1640,49.47428512573242,1639,1.6441442966461182,0.4202154576778412,0.01497395895421505,767.809895158,12872,2519040,0.9052413702011108,0.6885713934898376,0.9660106897354126,1,1747632760.329748
28.93489646911621,0.4960937798023224,1644,49.47428512573242,1643,1.6441442966461182,0.686688244342804,0.0182291679084301,769.57333776,12904,2525184,1.1109141111373901,0.6885713934898376,0.988498866558075,1,1747632762.0932193
28.345705032348633,0.4492187798023224,1677,49.47428512573242,1676,1.6441442966461182,0.4252743124961853,0.015625,784.125663117,13168,2575872,1.0096162557601929,0.6885713934898376,0.980929970741272,1,1747632776.645522
29.687501907348633,0.3951823115348816,1688,49.47428512573242,1687,1.6441442966461182,0.38551294803619385,0.015625,788.975389136,13256,2592768,0.9645693898200989,0.6885713934898376,0.9795544147491455,1,1747632781.4952557
29.526042938232422,0.4166666865348816,1698,49.47428512573242,1697,1.6441442966461182,0.39435651898384094,0.01692708395421505,793.380856129,13336,2608128,1.060468316078186,0.6885713934898376,0.9577124118804932,1,1747632785.900742
29.623699188232422,0.3697916865348816,1705,49.47428512573242,1704,1.6441442966461182,0.36188751459121704,0.01692708395421505,796.485358248,13392,2618880,0.9517136216163635,0.6885713934898376,0.9884416460990906,1,1747632789.0052006
29.299480438232422,0.3763020932674408,1710,49.47428512573242,1709,1.6441442966461182,0.383752703666687,0.014322916977107525,798.686186286,13432,2626560,0.93623948097229,0.6885713934898376,0.9459946751594543,1,1747632791.2060456
29.46614646911621,0.5149739980697632,1713,49.47428512573242,1712,1.6441442966461182,0.5357462763786316,0.0162760429084301,800.003663564,13456,2631168,1.095030665397644,0.6885713934898376,0.9617536067962646,1,1747632792.5235345
30.478517532348633,0.4739583432674408,1715,49.47428512573242,1714,1.6441442966461182,0.7632929086685181,0.015625,800.885483094,13472,2634240,1.0468542575836182,0.6885713934898376,1.024618148803711,1,1747632793.4053113
29.05989646911621,0.3964844048023224,1717,49.47428512573242,1716,1.6441442966461182,0.5353561639785767,0.01692708395421505,801.768107313,13488,2637312,0.9765573740005493,0.6885713934898376,0.9806814193725586,1,1747632794.2879667
30.369792938232422,0.4101562798023224,1720,49.47428512573242,1719,1.6441442966461182,0.4095202684402466,0.015625,803.088146324,13512,2641920,0.9948043823242188,0.6885713934898376,0.9882994890213013,1,1747632795.608019
30.471355438232422,0.3736979365348816,1725,49.47428512573242,1724,1.6441442966461182,0.4088555574417114,0.014322916977107525,805.289590598,13552,2649600,0.9429386854171753,0.6885713934898376,0.9804235696792603,1,1747632797.8094654
28.897136688232422,0.4667969048023224,1727,49.47428512573242,1726,1.6441442966461182,0.35143139958381653,0.015625,806.171563405,13568,2652672,1.0828320980072021,0.6885713934898376,0.9800699353218079,1,1747632798.691437
28.601564407348633,0.4427083432674408,1729,49.47428512573242,1728,1.6441442966461182,0.5919749736785889,0.01692708395421505,807.04798794,13584,2655744,1.037123680114746,0.6885713934898376,1.0195026397705078,1,1747632799.5678296
29.980470657348633,0.4036458432674408,1748,49.47428512573242,1747,1.6441442966461182,0.36277011036872864,0.0162760429084301,815.397230828,13736,2684928,0.9885528087615967,0.6885713934898376,0.9872148036956787,1,1747632807.9170988
30.240886688232422,0.3665364682674408,1763,49.47428512573242,1762,1.6441442966461182,0.5015134215354919,0.013671875931322575,822.003288055,13856,2707968,0.9073579907417297,0.6885713934898376,1.0081582069396973,1,1747632814.523097
29.96614646911621,0.26953125,1787,49.47428512573242,1786,1.6441442966461182,0.34734830260276794,0.015625,832.575187989,14048,2744832,0.7994611263275146,0.6885713934898376,0.9864205121994019,1,1747632825.0950494
28.832033157348633,0.3222656548023224,1789,49.47428512573242,1788,1.6441442966461182,0.5782997012138367,0.015625,833.455354604,14064,2747904,0.8722580671310425,0.6885713934898376,0.9978413581848145,1,1747632825.9752054
30.24544334411621,0.4342448115348816,1799,49.47428512573242,1798,1.6441442966461182,0.3503609299659729,0.015625,837.85013001,14144,2763264,1.0179486274719238,0.6885713934898376,1.0128839015960693,1,1747632830.3699832
29.69270896911621,0.5065104365348816,1800,49.47428512573242,1799,1.6441442966461182,0.42437833547592163,0.0162760429084301,838.289280839,14152,2764800,1.1329710483551025,0.6885713934898376,0.9961668848991394,1,1747632830.809038
29.555339813232422,0.3235677182674408,1829,49.47428512573242,1828,1.6441442966461182,0.31466585397720337,0.0162760429084301,851.078237895,14384,2809344,0.8326076865196228,0.6885713934898376,0.9696143865585327,1,1747632843.5980797
29.83724021911621,0.4029948115348816,1840,49.47428512573242,1839,1.6441442966461182,0.28813132643699646,0.0162760429084301,855.93447208,14472,2826240,0.9965440630912781,0.6885713934898376,0.9408842921257019,1,1747632848.4543498
30.254558563232422,0.4700520932674408,1850,49.47428512573242,1849,1.6441442966461182,0.3023492693901062,0.01692708395421505,860.327296959,14552,2841600,1.0635952949523926,0.6885713934898376,0.9823901057243347,1,1747632852.8471372
30.43880271911621,0.4609375298023224,1864,49.47428512573242,1863,1.6441442966461182,0.2832111716270447,0.01497395895421505,866.516744935,14664,2863104,1.0567518472671509,0.6885713934898376,0.9051876664161682,1,1747632859.0364301
29.998048782348633,0.4518229365348816,1866,49.47428512573242,1865,1.6441442966461182,0.35047152638435364,0.01692708395421505,867.395686093,14680,2866176,1.0490400791168213,0.6885713934898376,0.9107142090797424,1,1747632859.915556
28.39192771911621,0.51953125,1871,49.47428512573242,1870,1.6441442966461182,0.2815472483634949,0.015625,869.589218972,14720,2873856,1.0916211605072021,0.6885713934898376,0.9236622452735901,1,1747632862.1090941
28.29427146911621,0.3678385615348816,1872,49.47428512573242,1871,1.6441442966461182,0.2761564254760742,0.0162760429084301,870.031418388,14728,2875392,0.9275750517845154,0.6885713934898376,0.8905434608459473,1,1747632862.551269
28.16731834411621,0.4680989682674408,1873,49.47428512573242,1872,1.6441442966461182,0.2668966054916382,0.0182291679084301,870.476114244,14736,2876928,1.05863356590271,0.6885713934898376,0.9010809063911438,1,1747632862.9959912
30.707683563232422,0.4544270932674408,1895,49.47428512573242,1894,1.6441442966461182,0.2612321674823761,0.015625,880.173316589,14912,2910720,1.100821614265442,0.6885713934898376,0.8985348343849182,1,1747632872.6930132
29.707033157348633,0.4238281548023224,1896,49.47428512573242,1895,1.6441442966461182,0.5539576411247253,0.0162760429084301,880.617821979,14920,2912256,1.0013552904129028,0.6885713934898376,0.8660159707069397,1,1747632873.1376944
28.145183563232422,0.5006510615348816,1907,49.47428512573242,1906,1.6441442966461182,0.33800822496414185,0.0162760429084301,885.473684687,15008,2929152,1.1163126230239868,0.6885713934898376,0.9127390384674072,1,1747632877.993391
28.84700584411621,0.5631510615348816,1923,49.47428512573242,1922,1.6441442966461182,0.2954276204109192,0.0162760429084301,892.524403116,15136,2953728,1.2181236743927002,0.6885713934898376,0.8895351886749268,1,1747632885.0442622
28.209636688232422,0.4192708432674408,1932,49.47428512573242,1931,1.6441442966461182,0.3159853219985962,0.015625,896.491512308,15208,2967552,0.9614150524139404,0.6885713934898376,0.8716976642608643,1,1747632889.0113726
29.91145896911621,0.4967448115348816,1959,47.1515998840332,1958,1.8145015239715576,0.2901434302330017,0.0162760429084301,908.473012089,15424,3009024,1.0789766311645508,0.8347032070159912,0.9198246598243713,1,1747632900.9928095
29.174480438232422,0.3691406548023224,1965,47.1515998840332,1964,1.8145015239715576,0.43180549144744873,0.017578125,911.116359243,15472,3018240,0.9834017753601074,0.8347032070159912,0.9003376960754395,1,1747632903.636046
27.923830032348633,0.4915364980697632,1967,47.1515998840332,1966,1.8145015239715576,0.3138624429702759,0.0182291679084301,911.99735355,15488,3021312,1.1256946325302124,0.8347032070159912,0.8912785649299622,1,1747632904.5171382
29.750652313232422,0.4830729365348816,1970,47.1515998840332,1969,1.8145015239715576,0.32278746366500854,0.015625,913.321161194,15512,3025920,1.1278607845306396,0.8347032070159912,0.939436137676239,1,1747632905.840982
29.762371063232422,0.4492187798023224,1979,47.1515998840332,1978,1.8145015239715576,0.29218965768814087,0.01692708395421505,917.291963351,15584,3039744,1.0436187982559204,0.8347032070159912,0.9066211581230164,1,1747632909.8118315
29.296876907348633,0.4570312798023224,1981,47.1515998840332,1980,1.8145015239715576,0.3059883117675781,0.0182291679084301,918.172090732,15600,3042816,1.0575462579727173,0.8347032070159912,0.908534049987793,1,1747632910.6916077
29.162761688232422,0.4843750298023224,1987,47.1515998840332,1986,1.8145015239715576,0.2812322974205017,0.01692708395421505,920.826574299,15648,3052032,1.0758121013641357,0.8347032070159912,0.9245465993881226,1,1747632913.3464239
29.003908157348633,0.4765625298023224,1992,47.1515998840332,1991,1.8145015239715576,0.47526633739471436,0.015625,923.026920624,15688,3059712,1.061774492263794,0.8347032070159912,0.9081109166145325,1,1747632915.5467837
29.928386688232422,0.4485677182674408,1994,47.1515998840332,1993,1.8145015239715576,0.4602864980697632,0.01692708395421505,923.908898185,15704,3062784,1.0461885929107666,0.8347032070159912,0.906822919845581,1,1747632916.4287622
29.361980438232422,0.53125,2004,47.1515998840332,2003,1.8145015239715576,0.3032837510108948,0.0162760429084301,928.312412838,15784,3078144,1.1057205200195312,0.8347032070159912,0.9143993854522705,1,1747632920.8322945
28.417970657348633,0.5455729365348816,2015,47.1515998840332,2014,1.8145015239715576,0.27644646167755127,0.017578125,933.151686771,15872,3095040,1.16055428981781,0.8347032070159912,0.8983645439147949,1,1747632925.6715672
30.26692771911621,0.4414062798023224,2023,47.1515998840332,2022,1.8145015239715576,0.509663999080658,0.01692708395421505,936.673733249,15936,3107328,1.0361919403076172,0.8347032070159912,0.9045782089233398,1,1747632929.1936176
29.927736282348633,0.4934896230697632,2028,47.1515998840332,2027,1.8145015239715576,0.3173731863498688,0.0162760429084301,938.870650164,15976,3115008,1.0904691219329834,0.8347032070159912,0.9142177104949951,1,1747632931.3905268
29.338542938232422,0.4713541865348816,2062,47.1515998840332,2061,1.8145015239715576,0.3556313216686249,0.01497395895421505,953.84666651,16248,3167232,1.0457013845443726,0.8347032070159912,0.9110435843467712,1,1747632946.3665156
30.215496063232422,0.4993489980697632,2094,47.1515998840332,2093,1.8145015239715576,0.29745781421661377,0.0162760429084301,967.920960972,16504,3216384,1.0849928855895996,0.8347032070159912,0.9504833221435547,1,1747632960.4408364
28.35677146911621,0.5377604365348816,2104,47.1515998840332,2103,1.8145015239715576,0.2974770665168762,0.0182291679084301,972.340965085,16584,3231744,1.1785802841186523,0.8347032070159912,0.9510883688926697,1,1747632964.86081
30.003908157348633,0.4264323115348816,2127,47.1515998840332,2126,1.8145015239715576,0.32322895526885986,0.015625,982.482258012,16768,3267072,1.0018415451049805,0.8347032070159912,0.9770900011062622,1,1747632975.0020835
29.582683563232422,0.5234375,2132,47.1515998840332,2131,1.8145015239715576,0.29168128967285156,0.0182291679084301,984.715649281,16808,3274752,1.1398255825042725,0.8347032070159912,0.961668848991394,1,1747632977.2355187
29.346355438232422,0.4772135615348816,2143,47.1515998840332,2142,1.8145015239715576,0.3001515865325928,0.01692708395421505,989.554970943,16896,3291648,1.0757681131362915,0.8347032070159912,0.9577797055244446,1,1747632982.0747645
28.88411521911621,0.3750000298023224,2148,47.1515998840332,2147,1.8145015239715576,0.4738231301307678,0.01497395895421505,991.756874629,16936,3299328,0.9123503565788269,0.8347032070159912,0.9998751878738403,1,1747632984.2767413
29.846355438232422,0.4329427182674408,2169,47.1515998840332,2168,1.8145015239715576,0.3116295337677002,0.015625,1001.021948293,17104,3331584,1.0203649997711182,0.8347032070159912,1.0185317993164062,1,1747632993.5417879
30.424480438232422,0.5755208730697632,2177,47.1515998840332,2176,1.8145015239715576,0.4994508624076843,0.01497395895421505,1004.542374532,17168,3343872,1.222904086112976,0.8347032070159912,1.0319594144821167,1,1747632997.0621
29.308595657348633,0.4479166865348816,2182,47.1515998840332,2181,1.8145015239715576,0.33060476183891296,0.015625,1006.739700174,17208,3351552,1.0329073667526245,0.8347032070159912,1.0256540775299072,1,1747632999.259577
29.93489646911621,0.3463541865348816,2206,47.1515998840332,2205,1.8145015239715576,0.38420170545578003,0.01497395895421505,1017.33260184,17400,3388416,0.8845533132553101,0.8347032070159912,1.0253312587738037,1,1747633009.8524623
30.085939407348633,0.5227864980697632,2218,47.1515998840332,2217,1.8145015239715576,0.309531033039093,0.0162760429084301,1022.623222751,17496,3406848,1.1301532983779907,0.8347032070159912,1.0676172971725464,1,1747633015.1430845
29.149089813232422,0.4042969048023224,2221,47.1515998840332,2220,1.8145015239715576,0.31330445408821106,0.01497395895421505,1023.941403022,17520,3411456,0.9866827130317688,0.8347032070159912,1.0561786890029907,1,1747633016.4612613
30.819011688232422,0.5553385615348816,2223,47.1515998840332,2222,1.8145015239715576,0.31179046630859375,0.013671875931322575,1024.816927032,17536,3414528,1.169866681098938,0.8347032070159912,1.0563029050827026,1,1747633017.336786
28.760417938232422,0.5455729365348816,2236,47.1515998840332,2235,1.8145015239715576,0.4784788489341736,0.015625,1030.561047958,17640,3434496,1.1199760437011719,0.8347032070159912,1.0050865411758423,1,1747633023.080911
30.654949188232422,0.3977864682674408,2243,47.1515998840332,2242,1.8145015239715576,0.28075289726257324,0.014322916977107525,1033.640871346,17696,3445248,0.9898622632026672,0.8347032070159912,1.0468370914459229,1,1747633026.1607223
28.65559959411621,0.4876302480697632,2252,47.1515998840332,2251,1.8145015239715576,0.30536317825317383,0.01497395895421505,1037.601343433,17768,3459072,1.0459572076797485,0.8347032070159912,1.062530517578125,1,1747633030.1211925
30.734376907348633,0.5006510615348816,2255,47.1515998840332,2254,1.8145015239715576,0.31318774819374084,0.01497395895421505,1038.928156081,17792,3463680,1.0923770666122437,0.8347032070159912,1.0533641576766968,1,1747633031.4480293
28.93684959411621,0.3632812798023224,2265,47.1515998840332,2264,1.8145015239715576,0.33190226554870605,0.01497395895421505,1043.331544878,17872,3479040,0.8971850275993347,0.8347032070159912,1.083810806274414,1,1747633035.8513901
29.651042938232422,0.4895833730697632,2273,47.1515998840332,2272,1.8145015239715576,0.3172905445098877,0.01497395895421505,1046.8577584,17936,3491328,1.088759422302246,0.8347032070159912,1.0679469108581543,1,1747633039.3775582
30.605470657348633,0.5247396230697632,2277,47.43550109863281,2276,1.828693151473999,0.2965305745601654,0.015625,1048.731823453,17968,3497472,1.148482084274292,0.8472095131874084,1.0923523902893066,1,1747633041.251709
28.604167938232422,0.4628906548023224,2288,47.43550109863281,2287,1.828693151473999,0.3005639612674713,0.017578125,1053.589735284,18056,3514368,1.0465549230575562,0.8472095131874084,1.0932979583740234,1,1747633046.1096103
29.21028709411621,0.6080729365348816,2289,47.43550109863281,2288,1.828693151473999,0.36826661229133606,0.017578125,1054.029772214,18064,3515904,1.2517821788787842,0.8472095131874084,1.1086864471435547,1,1747633046.5496647
30.066408157348633,0.4759114682674408,2293,47.43550109863281,2292,1.828693151473999,0.336982399225235,0.014322916977107525,1055.801300507,18096,3522048,1.0235748291015625,0.8472095131874084,1.0941375494003296,1,1747633048.3211596
28.992839813232422,0.4928385615348816,2294,47.43550109863281,2293,1.828693151473999,0.3208630084991455,0.015625,1056.241544706,18104,3523584,1.098085641860962,0.8472095131874084,1.0772626399993896,1,1747633048.7613328
30.790367126464844,0.3339844048023224,2310,47.43550109863281,2309,1.828693151473999,0.3199193477630615,0.01302083395421505,1063.289520903,18232,3548160,0.8521673083305359,0.8472095131874084,1.122164249420166,1,1747633055.8093593
30.05794334411621,0.4863281548023224,2320,47.43550109863281,2319,1.828693151473999,0.31602349877357483,0.017578125,1067.704196017,18312,3563520,1.094011664390564,0.8472095131874084,1.1189552545547485,1,1747633060.223985
30.119792938232422,0.5026041865348816,2321,47.43550109863281,2320,1.828693151473999,0.3626880347728729,0.0162760429084301,1068.144878722,18320,3565056,1.082364797592163,0.8472095131874084,1.1236250400543213,1,1747633060.6647606
29.14583396911621,0.4355469048023224,2322,47.43550109863281,2321,1.828693151473999,0.3049637973308563,0.01497395895421505,1068.586398016,18328,3566592,0.9853175282478333,0.8472095131874084,1.1406066417694092,1,1747633061.106283
29.787761688232422,0.4388020932674408,2345,47.43550109863281,2344,1.828693151473999,0.4358242154121399,0.01497395895421505,1078.730800481,18512,3601920,0.9796174168586731,0.8472095131874084,1.1402275562286377,1,1747633071.2506506
30.389324188232422,0.4635416865348816,2349,47.43550109863281,2348,1.828693151473999,0.308981716632843,0.014322916977107525,1080.497962882,18544,3608064,1.0333422422409058,0.8472095131874084,1.161962628364563,1,1747633073.017828
30.253908157348633,0.3997395932674408,2376,47.43550109863281,2375,1.828693151473999,0.38123273849487305,0.013671875931322575,1092.420658731,18760,3649536,0.9344366788864136,0.8472095131874084,1.1611640453338623,1,1747633084.9404683
29.48567771911621,0.4863281548023224,2380,47.43550109863281,2379,1.828693151473999,0.3686399459838867,0.014322916977107525,1094.186100696,18792,3655680,1.0524115562438965,0.8472095131874084,1.1557700634002686,1,1747633086.7059789
29.14778709411621,0.4889323115348816,2385,47.43550109863281,2384,1.828693151473999,0.3021216094493866,0.0162760429084301,1096.390020842,18832,3663360,1.1062332391738892,0.8472095131874084,1.1889187097549438,1,1747633088.9098155
30.709636688232422,0.4869791865348816,2396,47.43550109863281,2395,1.828693151473999,0.3147484064102173,0.015625,1101.238877415,18920,3680256,1.1048924922943115,0.8472095131874084,1.1780645847320557,1,1747633093.7587547
29.858074188232422,0.3945312798023224,2399,47.43550109863281,2398,1.828693151473999,0.32209283113479614,0.014322916977107525,1102.57061977,18944,3684864,0.9667997360229492,0.8472095131874084,1.1538022756576538,1,1747633095.0902407
28.264324188232422,0.4016927182674408,2413,47.43550109863281,2412,1.828693151473999,0.36862385272979736,0.015625,1108.745892239,19056,3706368,0.9418118596076965,0.8472095131874084,1.155066967010498,1,1747633101.2657254
28.686199188232422,0.4290364682674408,2431,47.43550109863281,2430,1.828693151473999,0.37097233533859253,0.013671875931322575,1116.692430253,19200,3734016,0.9689801931381226,0.8472095131874084,1.1421581506729126,1,1747633109.2122684
30.031902313232422,0.6061198115348816,2434,47.43550109863281,2433,1.828693151473999,0.33194485306739807,0.01888020895421505,1118.025680576,19224,3738624,1.2917529344558716,0.8472095131874084,1.1587049961090088,1,1747633110.5452905
30.572917938232422,0.5065104365348816,2436,47.43550109863281,2435,1.828693151473999,0.3147580623626709,0.015625,1118.904425202,19240,3741696,1.1081706285476685,0.8472095131874084,1.178248405456543,1,1747633111.424273
29.314455032348633,0.5722656846046448,2437,47.43550109863281,2436,1.828693151473999,0.31175240874290466,0.0162760429084301,1119.346448932,19248,3743232,1.2087428569793701,0.8472095131874084,1.165788173675537,1,1747633111.8662505
30.093751907348633,0.4602864682674408,2446,47.43550109863281,2445,1.828693151473999,0.3334968686103821,0.01497395895421505,1123.327086096,19320,3757056,1.0231506824493408,0.8472095131874084,1.170720100402832,1,1747633115.8468854
30.136720657348633,0.4440104365348816,2450,47.43550109863281,2449,1.828693151473999,0.3567388653755188,0.012369791977107525,1125.090753894,19352,3763200,1.016465425491333,0.8472095131874084,1.1685582399368286,1,1747633117.6106157
30.229167938232422,0.5201823115348816,2460,47.43550109863281,2459,1.828693151473999,0.2665523290634155,0.01497395895421505,1129.514983911,19432,3778560,1.1082438230514526,0.8472095131874084,1.1897518634796143,1,1747633122.0348163
29.10091209411621,0.4544270932674408,2463,47.43550109863281,2462,1.828693151473999,0.30985021591186523,0.015625,1130.837544558,19456,3783168,1.026402235031128,0.8472095131874084,1.1917327642440796,1,1747633123.3574011
28.45052146911621,0.3925781548023224,2471,47.43550109863281,2470,1.828693151473999,0.2638607621192932,0.0162760429084301,1134.362362833,19520,3795456,0.9514029622077942,0.8472095131874084,1.2140685319900513,1,1747633126.8822205
29.199220657348633,0.4140625298023224,2491,47.43550109863281,2490,1.828693151473999,0.332392156124115,0.0182291679084301,1143.182376082,19680,3826176,1.0065914392471313,0.8472095131874084,1.1692640781402588,1,1747633135.7022283
30.416667938232422,0.4283854365348816,2494,47.43550109863281,2493,1.828693151473999,0.2847784757614136,0.014322916977107525,1144.502767972,19704,3830784,0.9836546182632446,0.8472095131874084,1.1794089078903198,1,1747633137.0225825
27.585939407348633,0.4160156548023224,2496,47.43550109863281,2495,1.828693151473999,0.29711997509002686,0.01692708395421505,1145.385579945,19720,3833856,0.9541742205619812,0.8472095131874084,1.1915315389633179,1,1747633137.9054515
29.008464813232422,0.4908854365348816,2507,47.43550109863281,2506,1.828693151473999,0.2533358931541443,0.015625,1150.237123076,19808,3850752,1.027550220489502,0.8472095131874084,1.1929869651794434,1,1747633142.7569625
28.833986282348633,0.4843750298023224,2530,47.43550109863281,2529,1.828693151473999,0.31255608797073364,0.01692708395421505,1160.394644071,19992,3886080,1.0461572408676147,0.8472095131874084,1.1846059560775757,1,1747633152.9144464
29.20052146911621,0.564453125,2536,47.43550109863281,2535,1.828693151473999,0.4242355227470398,0.017578125,1163.040623764,20040,3895296,1.1815184354782104,0.8472095131874084,1.1658891439437866,1,1747633155.560445
29.115236282348633,0.5325521230697632,2561,47.43550109863281,2560,1.828693151473999,0.2962397336959839,0.015625,1174.060162187,20240,3933696,1.1584903001785278,0.8472095131874084,1.1836705207824707,1,1747633166.5800285
30.205730438232422,0.4954427480697632,2565,47.43550109863281,2564,1.828693151473999,0.3859838843345642,0.015625,1175.856963609,20272,3939840,1.0784413814544678,0.8472095131874084,1.1436060667037964,1,1747633168.3768346
29.50130271911621,0.3626302182674408,2569,47.43550109863281,2568,1.828693151473999,0.2661970853805542,0.014322916977107525,1177.633702399,20304,3945984,0.9105498194694519,0.8472095131874084,1.1917157173156738,1,1747633170.1534193
30.242189407348633,0.4947916865348816,2571,47.43550109863281,2570,1.828693151473999,0.2648331820964813,0.017578125,1178.514498371,20320,3949056,1.1377607583999634,0.8472095131874084,1.1748056411743164,1,1747633171.034336
31.188804626464844,0.4882812798023224,2593,47.43550109863281,2592,1.828693151473999,0.2427331656217575,0.014322916977107525,1188.250575539,20496,3982848,1.074733018875122,0.8472095131874084,1.1846356391906738,1,1747633180.7704253
29.74544334411621,0.5761719346046448,2619,47.99244689941406,2618,1.8415465354919434,0.24055036902427673,0.01497395895421505,1199.836186457,20704,4022784,1.1676630973815918,0.8593012690544128,1.1856753826141357,1,1747633192.3560498
30.847658157348633,0.4446614682674408,2625,47.99244689941406,2624,1.8415465354919434,0.24746254086494446,0.015625,1202.476820756,20752,4032000,1.0523279905319214,0.8593012690544128,1.186657428741455,1,1747633194.9966547
30.422527313232422,0.517578125,2635,47.99244689941406,2634,1.8415465354919434,0.3184303045272827,0.01692708395421505,1206.88679538,20832,4047360,1.127303123474121,0.8593012690544128,1.1864033937454224,1,1747633199.406644
30.205730438232422,0.4459635615348816,2648,47.99244689941406,2647,1.8415465354919434,0.5328385829925537,0.014322916977107525,1212.617915798,20936,4067328,1.0148828029632568,0.8593012690544128,1.175305962562561,1,1747633205.1377623
30.039064407348633,0.4296875298023224,2653,47.99244689941406,2652,1.8415465354919434,0.247761070728302,0.014322916977107525,1214.827190365,20976,4075008,0.9670218229293823,0.8593012690544128,1.1375319957733154,1,1747633207.3470485
29.30599021911621,0.4804687798023224,2669,47.99244689941406,2668,1.8415465354919434,0.23671483993530273,0.017578125,1221.879605406,21104,4099584,1.0822865962982178,0.8593012690544128,1.1510257720947266,1,1747633214.3994665
29.428386688232422,0.5546875,2697,47.99244689941406,2696,1.8415465354919434,0.22747036814689636,0.01692708395421505,1234.229300029,21328,4142592,1.178029179573059,0.8593012690544128,1.1206638813018799,1,1747633226.7491255
29.29231834411621,0.4869791865348816,2702,47.99244689941406,2701,1.8415465354919434,0.20661994814872742,0.0162760429084301,1236.425505849,21368,4150272,1.051283836364746,0.8593012690544128,1.138843059539795,1,1747633228.9453695
30.535158157348633,0.5247396230697632,2738,47.99244689941406,2737,1.8415465354919434,0.22997701168060303,0.014322916977107525,1252.315337282,21656,4205568,1.1208652257919312,0.8593012690544128,1.1401973962783813,1,1747633244.8351285
29.588542938232422,0.56640625,2743,47.99244689941406,2742,1.8415465354919434,0.35269254446029663,0.01497395895421505,1254.516644832,21696,4213248,1.1710729598999023,0.8593012690544128,1.109959363937378,1,1747633247.0365288
31.018230438232422,0.4856771230697632,2746,47.99244689941406,2745,1.8415465354919434,0.2022644281387329,0.0162760429084301,1255.836199769,21720,4217856,1.1285301446914673,0.8593012690544128,1.1185979843139648,1,1747633248.3560832
30.240886688232422,0.6015625596046448,2767,47.99244689941406,2766,1.8415465354919434,0.2382916510105133,0.0162760429084301,1265.072400993,21888,4250112,1.2389521598815918,0.8593012690544128,1.1595503091812134,1,1747633257.592252
29.574220657348633,0.4368489682674408,2769,47.99244689941406,2768,1.8415465354919434,0.26180940866470337,0.015625,1265.951405914,21904,4253184,0.9980729818344116,0.8593012690544128,1.1450247764587402,1,1747633258.4712973
30.813804626464844,0.5260416865348816,2772,47.99244689941406,2771,1.8415465354919434,0.3442419469356537,0.015625,1267.280089548,21928,4257792,1.1204410791397095,0.8593012690544128,1.1592552661895752,1,1747633259.799892
28.61849021911621,0.53125,2775,47.99244689941406,2774,1.8415465354919434,0.2214188277721405,0.017578125,1268.597362926,21952,4262400,1.1336250305175781,0.8593012690544128,1.1742708683013916,1,1747633261.1172404
29.17513084411621,0.3450520932674408,2787,47.99244689941406,2786,1.8415465354919434,0.21616682410240173,0.01692708395421505,1273.889972675,22048,4280832,0.8964628577232361,0.8593012690544128,1.1796822547912598,1,1747633266.4098334
29.654949188232422,0.4609375298023224,2846,47.99244689941406,2845,1.8415465354919434,0.20364126563072205,0.01497395895421505,1299.888538509,22520,4371456,1.0165438652038574,0.8593012690544128,1.2103254795074463,1,1747633292.408406
29.768230438232422,0.5338541865348816,2855,47.99244689941406,2854,1.8415465354919434,0.21010683476924896,0.01497395895421505,1303.856781118,22592,4385280,1.11847722530365,0.8593012690544128,1.190797209739685,1,1747633296.3765564
30.16145896911621,0.5820313096046448,2869,47.99244689941406,2868,1.8415465354919434,0.24176646769046783,0.01497395895421505,1310.013995316,22704,4406784,1.1850194931030273,0.8593012690544128,1.1769335269927979,1,1747633302.53385
30.697267532348633,0.6093750596046448,2877,47.99244689941406,2876,1.8415465354919434,0.2340635061264038,0.0162760429084301,1313.543715401,22768,4419072,1.2665517330169678,0.8593012690544128,1.173710584640503,1,1747633306.0635579
26.783205032348633,0.5227864980697632,2880,47.99244689941406,2879,1.8415465354919434,0.2209623157978058,0.01692708395421505,1314.86401801,22792,4423680,1.0705043077468872,0.8593012690544128,1.2018194198608398,1,1747633307.3838918
28.81966209411621,0.546875,2887,47.99244689941406,2886,1.8415465354919434,0.22568193078041077,0.0162760429084301,1317.953055933,22848,4434432,1.1678253412246704,0.8593012690544128,1.1993350982666016,1,1747633310.4728384
29.14192771911621,0.4837239980697632,2902,47.99244689941406,2901,1.8415465354919434,0.2159188687801361,0.014322916977107525,1324.578886032,22968,4457472,1.0249512195587158,0.8593012690544128,1.2092915773391724,1,1747633317.0987601
29.36653709411621,0.5,2906,47.99244689941406,2905,1.8415465354919434,0.23008671402931213,0.0162760429084301,1326.342071529,23000,4463616,1.0752942562103271,0.8593012690544128,1.2176730632781982,1,1747633318.8619308
30.449871063232422,0.6152344346046448,2908,47.99244689941406,2907,1.8415465354919434,0.19773626327514648,0.0162760429084301,1327.23323433,23016,4466688,1.2449232339859009,0.8593012690544128,1.22886323928833,1,1747633319.7531068
30.14192771911621,0.548828125,2925,51.577423095703125,2924,1.8560445308685303,0.2445385754108429,0.01497395895421505,1334.835371329,23152,4492800,1.1346855163574219,0.8691308498382568,1.196419358253479,1,1747633327.355255
30.054689407348633,0.5651041865348816,2929,51.577423095703125,2928,1.8560445308685303,0.2134096920490265,0.01497395895421505,1336.598857971,23184,4498944,1.1722099781036377,0.8691308498382568,1.2151646614074707,1,1747633329.1186495
30.753908157348633,0.3717448115348816,2936,51.577423095703125,2935,1.8560445308685303,0.1903577297925949,0.01497395895421505,1339.684713331,23240,4509696,0.9211451411247253,0.8691308498382568,1.216915249824524,1,1747633332.2045984
28.77474021911621,0.4954427480697632,2940,51.577423095703125,2939,1.8560445308685303,0.17927420139312744,0.0162760429084301,1341.444541031,23272,4515840,1.081634283065796,0.8691308498382568,1.2226905822753906,1,1747633333.964355
29.270183563232422,0.4869791865348816,2969,51.577423095703125,2968,1.8560445308685303,0.2595217227935791,0.01692708395421505,1354.218620019,23504,4560384,1.0816140174865723,0.8691308498382568,1.2239594459533691,1,1747633346.7385015
29.71224021911621,0.541015625,2980,51.577423095703125,2979,1.8560445308685303,0.20663581788539886,0.0162760429084301,1359.066505109,23592,4577280,1.1537336111068726,0.8691308498382568,1.2405548095703125,1,1747633351.5863628
28.442058563232422,0.5996094346046448,2991,51.577423095703125,2990,1.8560445308685303,0.19341818988323212,0.01692708395421505,1363.907039734,23680,4594176,1.2524181604385376,0.8691308498382568,1.2187812328338623,1,1747633356.4268804
29.035158157348633,0.533203125,2994,51.577423095703125,2993,1.8560445308685303,0.19709527492523193,0.01497395895421505,1365.271066293,23704,4598784,1.1342382431030273,0.8691308498382568,1.2379801273345947,1,1747633357.7908738
29.494792938232422,0.5071614980697632,2995,51.577423095703125,2994,1.8560445308685303,0.19013239443302155,0.01692708395421505,1365.712371659,23712,4600320,1.12552809715271,0.8691308498382568,1.2317101955413818,1,1747633358.232182
28.26302146911621,0.4583333432674408,3002,51.577423095703125,3001,1.8560445308685303,0.3120362162590027,0.015625,1368.801317625,23768,4611072,1.020808219909668,0.8691308498382568,1.2259262800216675,1,1747633361.3211193
28.06575584411621,0.5143229365348816,3012,51.577423095703125,3011,1.8560445308685303,0.1809537410736084,0.01692708395421505,1373.214762122,23848,4626432,1.0979312658309937,0.8691308498382568,1.2220420837402344,1,1747633365.7344096
29.139324188232422,0.5800781846046448,3018,51.577423095703125,3017,1.8560445308685303,0.20406734943389893,0.01692708395421505,1375.869605178,23896,4635648,1.2429131269454956,0.8691308498382568,1.2325973510742188,1,1747633368.3894453
29.71419334411621,0.4713541865348816,3019,51.577423095703125,3018,1.8560445308685303,0.21268931031227112,0.013671875931322575,1376.311146878,23904,4637184,1.0567972660064697,0.8691308498382568,1.2250347137451172,1,1747633368.830996
29.893230438232422,0.4615885615348816,3025,51.577423095703125,3024,1.8560445308685303,0.5194554328918457,0.015625,1378.947744067,23952,4646400,1.0639195442199707,0.8691308498382568,1.2050626277923584,1,1747633371.467604
30.820314407348633,0.6145833730697632,3051,51.577423095703125,3050,1.8560445308685303,0.17901599407196045,0.01497395895421505,1390.395578969,24160,4686336,1.2402403354644775,0.8691308498382568,1.2291266918182373,1,1747633382.9154289
28.944011688232422,0.6217448115348816,3080,51.577423095703125,3079,1.8560445308685303,0.18571951985359192,0.01692708395421505,1403.162742849,24392,4730880,1.2854719161987305,0.8691308498382568,1.2485506534576416,1,1747633395.6826324
31.563804626464844,0.546875,3082,51.577423095703125,3081,1.8560445308685303,0.18636554479599,0.013671875931322575,1404.039946431,24408,4733952,1.11977219581604,0.8691308498382568,1.2544132471084595,1,1747633396.5595906
28.22005271911621,0.5423177480697632,3105,51.577423095703125,3104,1.8560445308685303,0.1853356659412384,0.01497395895421505,1414.168355084,24592,4769280,1.1123836040496826,0.8691308498382568,1.2214337587356567,1,1747633406.6882155
30.646486282348633,0.3307291865348816,3107,51.577423095703125,3106,1.8560445308685303,0.20854409039020538,0.01497395895421505,1415.048366452,24608,4772352,0.8575558066368103,0.8691308498382568,1.2053241729736328,1,1747633407.5679877
29.715496063232422,0.548828125,3110,51.577423095703125,3109,1.8560445308685303,0.2076146900653839,0.01692708395421505,1416.373003564,24632,4776960,1.1879262924194336,0.8691308498382568,1.1915132999420166,1,1747633408.892854
28.425783157348633,0.544921875,3113,51.577423095703125,3112,1.8560445308685303,0.17551308870315552,0.0162760429084301,1417.700287679,24656,4781568,1.12408447265625,0.8691308498382568,1.2106332778930664,1,1747633410.2199981
30.088542938232422,0.5807291865348816,3122,51.577423095703125,3121,1.8560445308685303,0.19833660125732422,0.015625,1421.660542904,24728,4795392,1.2023184299468994,0.8691308498382568,1.215125322341919,1,1747633414.1802778
29.861330032348633,0.5631510615348816,3150,51.577423095703125,3149,1.8560445308685303,0.20480236411094666,0.015625,1434.000448259,24952,4838400,1.201198697090149,0.8691308498382568,1.2186570167541504,1,1747633426.5203073
29.781251907348633,0.5279948115348816,3166,51.577423095703125,3165,1.8560445308685303,0.21763876080513,0.01497395895421505,1441.052430064,25080,4862976,1.1514201164245605,0.8691308498382568,1.206857681274414,1,1747633433.5722363
28.283855438232422,0.5572916865348816,3167,51.577423095703125,3166,1.8560445308685303,0.23201815783977509,0.01692708395421505,1441.492089974,25088,4864512,1.1696925163269043,0.8691308498382568,1.1988292932510376,1,1747633434.0119362
30.394533157348633,0.4446614682674408,3183,51.577423095703125,3182,1.8560445308685303,0.18996334075927734,0.01302083395421505,1448.521949933,25216,4889088,0.9674280285835266,0.8691308498382568,1.2166905403137207,1,1747633441.041833
30.713542938232422,0.513671875,3185,51.577423095703125,3184,1.8560445308685303,0.18482187390327454,0.014322916977107525,1449.401190556,25232,4892160,1.121025800704956,0.8691308498382568,1.2090330123901367,1,1747633441.9210484
29.734376907348633,0.4986979365348816,3194,51.577423095703125,3193,1.8560445308685303,0.2465265691280365,0.01692708395421505,1453.370961055,25304,4905984,1.0921876430511475,0.8691308498382568,1.2168967723846436,1,1747633445.8908412
28.994142532348633,0.6015625596046448,3200,51.577423095703125,3199,1.8560445308685303,0.2715088129043579,0.0162760429084301,1456.014796949,25352,4915200,1.2310547828674316,0.8691308498382568,1.1890813112258911,1,1747633448.5346527
28.75130271911621,0.55078125,3204,51.577423095703125,3203,1.8560445308685303,0.1922810673713684,0.01692708395421505,1457.774315841,25384,4921344,1.1566309928894043,0.8691308498382568,1.230470895767212,1,1747633450.2941806
29.51692771911621,0.51171875,3207,51.577423095703125,3206,1.8560445308685303,0.18951773643493652,0.017578125,1459.094858303,25408,4925952,1.126794457435608,0.8691308498382568,1.198459506034851,1,1747633451.6147158
30.10677146911621,0.5208333730697632,3213,51.577423095703125,3212,1.8560445308685303,0.16031622886657715,0.01497395895421505,1461.740032136,25456,4935168,1.117150068283081,0.8691308498382568,1.2406526803970337,1,1747633454.2598987
30.44270896911621,0.4733073115348816,3221,51.577423095703125,3220,1.8560445308685303,0.19223302602767944,0.014322916977107525,1465.263707136,25520,4947456,1.0591024160385132,0.8691308498382568,1.2294297218322754,1,1747633457.7835464
29.484376907348633,0.537109375,3223,51.577423095703125,3222,1.8560445308685303,0.17314454913139343,0.015625,1466.146704163,25536,4950528,1.16079580783844,0.8691308498382568,1.2335894107818604,1,1747633458.6665843
29.685548782348633,0.5611979365348816,3229,51.577423095703125,3228,1.8560445308685303,0.3324032425880432,0.0162760429084301,1468.790588047,25584,4959744,1.2118123769760132,0.8691308498382568,1.218761920928955,1,1747633461.3103902
30.716798782348633,0.50390625,3237,51.577423095703125,3236,1.8560445308685303,0.19079047441482544,0.0162760429084301,1472.319017112,25648,4972032,1.1201045513153076,0.8691308498382568,1.253601312637329,1,1747633464.838735
30.089845657348633,0.4960937798023224,3238,51.577423095703125,3237,1.8560445308685303,0.17621348798274994,0.015625,1472.759034353,25656,4973568,1.087549090385437,0.8691308498382568,1.2426066398620605,1,1747633465.278854
29.781902313232422,0.5638021230697632,3242,51.577423095703125,3241,1.8560445308685303,0.14174774289131165,0.015625,1474.522368766,25688,4979712,1.1643972396850586,0.8691308498382568,1.2460860013961792,1,1747633467.042235
31.082683563232422,0.4863281548023224,3258,47.09864044189453,3257,1.8774091005325317,0.19326776266098022,0.015625,1481.681306109,25816,5004288,1.090498447418213,0.8914026618003845,1.2330437898635864,1,1747633474.2009864
29.70442771911621,0.6035156846046448,3262,47.09864044189453,3261,1.8774091005325317,0.14709509909152985,0.0162760429084301,1483.445097149,25848,5010432,1.2596834897994995,0.8914026618003845,1.2276252508163452,1,1747633475.9649203
28.186199188232422,0.5872396230697632,3273,47.09864044189453,3272,1.8774091005325317,0.2975221872329712,0.0182291679084301,1488.301889318,25936,5027328,1.2373712062835693,0.8914026618003845,1.2431275844573975,1,1747633480.8217394
28.76692771911621,0.4889323115348816,3279,47.09864044189453,3278,1.8774091005325317,0.204157754778862,0.017578125,1490.948185251,25984,5036544,1.0991681814193726,0.8914026618003845,1.2114472389221191,1,1747633483.4680426
29.55989646911621,0.5670573115348816,3285,47.09864044189453,3284,1.8774091005325317,0.18950769305229187,0.0162760429084301,1493.597520993,26032,5045760,1.1703993082046509,0.8914026618003845,1.2318120002746582,1,1747633486.1174145
27.000001907348633,0.4765625298023224,3301,47.09864044189453,3300,1.8774091005325317,0.16461411118507385,0.01692708395421505,1500.64789948,26160,5070336,1.047522783279419,0.8914026618003845,1.2279133796691895,1,1747633493.167771
29.832683563232422,0.4908854365348816,3309,47.09864044189453,3308,1.8774091005325317,0.15761356055736542,0.014322916977107525,1504.165399795,26224,5082624,1.0417741537094116,0.8914026618003845,1.2482624053955078,1,1747633496.6852453
29.40950584411621,0.5377604365348816,3316,47.09864044189453,3315,1.8774091005325317,0.20068377256393433,0.01692708395421505,1507.259612526,26280,5093376,1.1735007762908936,0.8914026618003845,1.2495778799057007,1,1747633499.7794874
30.226564407348633,0.5540364980697632,3320,47.09864044189453,3319,1.8774091005325317,0.23291173577308655,0.0162760429084301,1509.018701859,26312,5099520,1.2177261114120483,0.8914026618003845,1.2517286539077759,1,1747633501.538582
29.38802146911621,0.55859375,3322,47.09864044189453,3321,1.8774091005325317,0.15976114571094513,0.01692708395421505,1509.906288141,26328,5102592,1.1764384508132935,0.8914026618003845,1.2350322008132935,1,1747633502.4261425
29.57161521911621,0.5403646230697632,3323,47.09864044189453,3322,1.8774091005325317,0.17314796149730682,0.01497395895421505,1510.348180362,26336,5104128,1.1267718076705933,0.8914026618003845,1.2178593873977661,1,1747633502.8679593
28.955730438232422,0.5976563096046448,3336,47.09864044189453,3335,1.8774091005325317,0.19404353201389313,0.015625,1516.085634067,26440,5124096,1.2136027812957764,0.8914026618003845,1.2019894123077393,1,1747633508.605506
28.789714813232422,0.4752604365348816,3360,47.09864044189453,3359,1.8774091005325317,0.14690761268138885,0.015625,1526.653383265,26632,5160960,1.0837072134017944,0.8914026618003845,1.20577871799469,1,1747633519.1732163
28.836589813232422,0.5872396230697632,3388,47.09864044189453,3387,1.8774091005325317,0.1609899401664734,0.017578125,1539.004149787,26856,5203968,1.2326037883758545,0.8914026618003845,1.184415578842163,1,1747633531.523994
28.70247459411621,0.5,3420,47.09864044189453,3419,1.8774091005325317,0.17475974559783936,0.0182291679084301,1553.07143817,27112,5253120,1.0826911926269531,0.8914026618003845,1.2129589319229126,1,1747633545.5910668
30.629558563232422,0.5983073115348816,3422,47.09864044189453,3421,1.8774091005325317,0.1560630202293396,0.0162760429084301,1553.952383849,27128,5256192,1.247157335281372,0.8914026618003845,1.2300941944122314,1,1747633546.4722037
30.39583396911621,0.5494791865348816,3452,47.09864044189453,3451,1.8774091005325317,0.16900911927223206,0.0162760429084301,1567.205309598,27368,5302272,1.1693222522735596,0.8914026618003845,1.217620611190796,1,1747633559.7251346
26.722658157348633,0.5078125,3455,47.09864044189453,3454,1.8774091005325317,0.1604730486869812,0.017578125,1568.527985324,27392,5306880,1.1157276630401611,0.8914026618003845,1.2431286573410034,1,1747633561.0477998
29.89583396911621,0.51953125,3460,47.09864044189453,3459,1.8774091005325317,0.24231557548046112,0.017578125,1570.741802588,27432,5314560,1.1321933269500732,0.8914026618003845,1.2647438049316406,1,1747633563.2616115
29.854167938232422,0.5514323115348816,3477,47.09864044189453,3476,1.8774091005325317,0.27014869451522827,0.01692708395421505,1578.247684679,27568,5340672,1.1823314428329468,0.8914026618003845,1.21615469455719,1,1747633570.767366
30.509117126464844,0.5546875,3479,47.09864044189453,3478,1.8774091005325317,0.1904575526714325,0.01497395895421505,1579.127637756,27584,5343744,1.179261326789856,0.8914026618003845,1.2339012622833252,1,1747633571.6474547
28.748699188232422,0.5911458730697632,3492,47.09864044189453,3491,1.8774091005325317,0.2753139138221741,0.01692708395421505,1584.876414804,27688,5363712,1.218259572982788,0.8914026618003845,1.2587556838989258,1,1747633577.395778
29.519533157348633,0.6113281846046448,3508,47.09864044189453,3507,1.8774091005325317,0.22912722826004028,0.015625,1591.962085449,27816,5388288,1.2458984851837158,0.8914026618003845,1.1966683864593506,1,1747633584.4819026
28.63020896911621,0.5813802480697632,3516,47.09864044189453,3515,1.8774091005325317,0.18166740238666534,0.01888020895421505,1595.481908325,27880,5400576,1.1944758892059326,0.8914026618003845,1.2331326007843018,1,1747633588.001702
29.08333396911621,0.51953125,3534,47.09864044189453,3533,1.8774091005325317,0.20438799262046814,0.0182291679084301,1603.420003553,28024,5428224,1.100542426109314,0.8914026618003845,1.253458023071289,1,1747633595.9398203
29.54622459411621,0.5423177480697632,3542,47.09864044189453,3541,1.8774091005325317,0.19163012504577637,0.0162760429084301,1606.93818493,28088,5440512,1.1432420015335083,0.8914026618003845,1.2577455043792725,1,1747633599.4580379
29.693361282348633,0.5937500596046448,3548,47.09864044189453,3547,1.8774091005325317,0.2520381510257721,0.017578125,1609.574912453,28136,5449728,1.235376000404358,0.8914026618003845,1.2420029640197754,1,1747633602.094785
29.432292938232422,0.5240885615348816,3553,47.09864044189453,3552,1.8774091005325317,0.18437641859054565,0.015625,1611.773762595,28176,5457408,1.0714014768600464,0.8914026618003845,1.2854841947555542,1,1747633604.2935393
28.289714813232422,0.5240885615348816,3574,47.09864044189453,3573,1.8774091005325317,0.19135798513889313,0.01692708395421505,1621.014670212,28344,5489664,1.1453025341033936,0.8914026618003845,1.2769227027893066,1,1747633613.5344982
29.24153709411621,0.5559896230697632,3580,46.96852493286133,3579,1.9036891460418701,0.2936071753501892,0.0162760429084301,1623.771478214,28392,5498880,1.164930820465088,0.9145683646202087,1.2785520553588867,1,1747633616.2910933
29.25911521911621,0.546875,3583,46.96852493286133,3582,1.9036891460418701,0.19557353854179382,0.015625,1625.091544979,28416,5503488,1.1548845767974854,0.9145683646202087,1.2602524757385254,1,1747633617.611236
28.267580032348633,0.6171875596046448,3585,46.96852493286133,3584,1.9036891460418701,0.18975093960762024,0.0182291679084301,1625.972960122,28432,5506560,1.240304708480835,0.9145683646202087,1.2830840349197388,1,1747633618.4927034
29.756511688232422,0.5716146230697632,3597,46.96852493286133,3596,1.9036891460418701,0.17832344770431519,0.017578125,1631.264260279,28528,5524992,1.1959832906723022,0.9145683646202087,1.2757296562194824,1,1747633623.783987
30.460939407348633,0.515625,3618,46.96852493286133,3617,1.9036891460418701,0.19972479343414307,0.017578125,1640.497854051,28696,5557248,1.1462633609771729,0.9145683646202087,1.3061660528182983,1,1747633633.0175838
29.16341209411621,0.4752604365348816,3620,46.96852493286133,3619,1.9036891460418701,0.21496741473674774,0.015625,1641.377141745,28712,5560320,1.0035820007324219,0.9145683646202087,1.2598850727081299,1,1747633633.8968809
31.082033157348633,0.5703125,3625,46.96852493286133,3624,1.9036891460418701,0.2699628472328186,0.01497395895421505,1643.574640864,28752,5568000,1.2131739854812622,0.9145683646202087,1.2946438789367676,1,1747633636.0943165
28.631511688232422,0.6087239980697632,3626,46.96852493286133,3625,1.9036891460418701,0.23384130001068115,0.01692708395421505,1644.013382154,28760,5569536,1.2582635879516602,0.9145683646202087,1.2877719402313232,1,1747633636.532875
30.658855438232422,0.4700520932674408,3635,46.96852493286133,3634,1.9036891460418701,0.2290831059217453,0.01497395895421505,1647.96650211,28832,5583360,1.0309474468231201,0.9145683646202087,1.2776249647140503,1,1747633640.48612
30.209636688232422,0.5201823115348816,3644,46.96852493286133,3643,1.9036891460418701,0.19556811451911926,0.01692708395421505,1651.923955613,28904,5597184,1.1161763668060303,0.9145683646202087,1.2888047695159912,1,1747633644.4435792
28.626955032348633,0.5898438096046448,3658,46.96852493286133,3657,1.9036891460418701,0.19720584154129028,0.017578125,1658.077384989,29016,5618688,1.2055751085281372,0.9145683646202087,1.301278829574585,1,1747633650.5970674
29.378908157348633,0.5891927480697632,3661,46.96852493286133,3660,1.9036891460418701,0.18124717473983765,0.01692708395421505,1659.392293761,29040,5623296,1.250806212425232,0.9145683646202087,1.3215887546539307,1,1747633651.9120722
28.66731834411621,0.5976563096046448,3665,46.96852493286133,3664,1.9036891460418701,0.17520877718925476,0.015625,1661.152675516,29072,5629440,1.251853108406067,0.9145683646202087,1.2900521755218506,1,1747633653.6723468
30.542970657348633,0.5625,3670,46.96852493286133,3669,1.9036891460418701,0.2550322413444519,0.0162760429084301,1663.356035906,29112,5637120,1.1575496196746826,0.9145683646202087,1.2838990688323975,1,1747633655.87575
29.768230438232422,0.5631510615348816,3674,46.96852493286133,3673,1.9036891460418701,0.23070350289344788,0.0162760429084301,1665.113815512,29144,5643264,1.1806819438934326,0.9145683646202087,1.277024507522583,1,1747633657.6335444
28.568361282348633,0.5462239980697632,3676,46.96852493286133,3675,1.9036891460418701,0.2104824185371399,0.0162760429084301,1665.995141067,29160,5646336,1.138001799583435,0.9145683646202087,1.2880654335021973,1,1747633658.5148656
27.951173782348633,0.5625,3693,46.96852493286133,3692,1.9036891460418701,0.1697833240032196,0.017578125,1673.47408878,29296,5672448,1.1717486381530762,0.9145683646202087,1.2749426364898682,1,1747633665.9937694
28.285808563232422,0.5957031846046448,3694,46.96852493286133,3693,1.9036891460418701,0.1818966567516327,0.01692708395421505,1673.911992429,29304,5673984,1.2110296487808228,0.9145683646202087,1.293655514717102,1,1747633666.4316685
30.23763084411621,0.5598958730697632,3698,46.96852493286133,3697,1.9036891460418701,0.18372716009616852,0.01497395895421505,1675.669186586,29336,5680128,1.141473412513733,0.9145683646202087,1.2900352478027344,1,1747633668.1890683
30.11067771911621,0.6054688096046448,3701,46.96852493286133,3700,1.9036891460418701,0.19951537251472473,0.01692708395421505,1676.988775304,29360,5684736,1.253633975982666,0.9145683646202087,1.3004114627838135,1,1747633669.5085678
29.328126907348633,0.4934896230697632,3708,46.96852493286133,3707,1.9036891460418701,0.21073295176029205,0.014322916977107525,1680.060917658,29416,5695488,1.0517816543579102,0.9145683646202087,1.2914583683013916,1,1747633672.5807865
28.992839813232422,0.5625,3715,46.96852493286133,3714,1.9036891460418701,0.18181708455085754,0.0162760429084301,1683.135135725,29472,5706240,1.1820474863052368,0.9145683646202087,1.2889851331710815,1,1747633675.6550417
29.295574188232422,0.5709635615348816,3731,46.96852493286133,3730,1.9036891460418701,0.1814694106578827,0.01692708395421505,1690.162045304,29600,5730816,1.1813099384307861,0.9145683646202087,1.3095492124557495,1,1747633682.6819327
29.998699188232422,0.5735677480697632,3736,46.96852493286133,3735,1.9036891460418701,0.1962779462337494,0.015625,1692.364532447,29640,5738496,1.2162429094314575,0.9145683646202087,1.2821903228759766,1,1747633684.8844275
28.83138084411621,0.548828125,3757,46.96852493286133,3756,1.9036891460418701,0.24888944625854492,0.0162760429084301,1701.59076206,29808,5770752,1.1878530979156494,0.9145683646202087,1.2977635860443115,1,1747633694.110671
29.080080032348633,0.5227864980697632,3762,46.96852493286133,3761,1.9036891460418701,0.18512386083602905,0.01692708395421505,1703.788536626,29848,5778432,1.1132009029388428,0.9145683646202087,1.2670131921768188,1,1747633696.3084512
27.80403709411621,0.6282552480697632,3783,46.96852493286133,3782,1.9036891460418701,0.1686398684978485,0.017578125,1713.01688347,30016,5810688,1.2747187614440918,0.9145683646202087,1.2494709491729736,1,1747633705.5367432
28.88802146911621,0.6360677480697632,3789,46.96852493286133,3788,1.9036891460418701,0.18245676159858704,0.0182291679084301,1715.651304116,30064,5819904,1.2721354961395264,0.9145683646202087,1.2305622100830078,1,1747633708.1711576
29.21614646911621,0.5553385615348816,3800,46.96852493286133,3799,1.9036891460418701,0.19739976525306702,0.017578125,1720.486571018,30152,5836800,1.1816750764846802,0.9145683646202087,1.2445003986358643,1,1747633713.006479
29.390626907348633,0.6106771230697632,3835,46.96852493286133,3834,1.9036891460418701,0.14992977678775787,0.0182291679084301,1735.863397957,30432,5890560,1.2543996572494507,0.9145683646202087,1.2468119859695435,1,1747633728.3831737
27.707683563232422,0.6315104365348816,3855,46.96852493286133,3854,1.9036891460418701,0.18343569338321686,0.01953125186264515,1744.681817371,30592,5921280,1.2630208730697632,0.9145683646202087,1.2230310440063477,1,1747633737.2016265
28.39192771911621,0.5631510615348816,3861,46.96852493286133,3860,1.9036891460418701,0.19145068526268005,0.017578125,1747.319849951,30640,5930496,1.1720622777938843,0.9145683646202087,1.2005066871643066,1,1747633739.8397307
27.71614646911621,0.5813802480697632,3873,46.96852493286133,3872,1.9036891460418701,0.15033310651779175,0.0182291679084301,1752.59265707,30736,5948928,1.1868339776992798,0.9145683646202087,1.2025337219238281,1,1747633745.1125429
29.68099021911621,0.6028646230697632,3886,46.96852493286133,3885,1.9036891460418701,0.2097892314195633,0.01888020895421505,1758.299149769,30840,5968896,1.2564157247543335,0.9145683646202087,1.1938416957855225,1,1747633750.8188763
29.144533157348633,0.4960937798023224,3902,43.08782958984375,3901,1.9371826648712158,0.13274289667606354,0.01692708395421505,1765.445491242,30968,5993472,1.079003930091858,0.9435938596725464,1.2217457294464111,1,1747633757.9652658
27.910158157348633,0.5651041865348816,3914,43.08782958984375,3913,1.9371826648712158,0.15260687470436096,0.017578125,1770.719447246,31064,6011904,1.15266752243042,0.9435938596725464,1.212270736694336,1,1747633763.2393367
27.565105438232422,0.5872396230697632,3924,43.08782958984375,3923,1.9371826648712158,0.15352264046669006,0.0182291679084301,1775.10875805,31144,6027264,1.2257217168807983,0.9435938596725464,1.227981686592102,1,1747633767.6286654
27.74739646911621,0.5976563096046448,3933,43.08782958984375,3932,1.9371826648712158,0.1328738033771515,0.01953125186264515,1779.065951775,31216,6041088,1.2513283491134644,0.9435938596725464,1.2394593954086304,1,1747633771.5857399
28.301433563232422,0.546875,3951,43.08782958984375,3950,1.9371826648712158,0.14907073974609375,0.017578125,1786.97183524,31360,6068736,1.1687287092208862,0.9435938596725464,1.2407289743423462,1,1747633779.4917214
28.762371063232422,0.6269531846046448,3963,43.08782958984375,3962,1.9371826648712158,0.14873042702674866,0.0162760429084301,1792.255118474,31456,6087168,1.2741824388504028,0.9435938596725464,1.2411526441574097,1,1747633784.7749631
30.654298782348633,0.5462239980697632,3965,43.08782958984375,3964,1.9371826648712158,0.17277589440345764,0.01692708395421505,1793.134461952,31472,6090240,1.1735260486602783,0.9435938596725464,1.2459497451782227,1,1747633785.6541178
30.000001907348633,0.5462239980697632,3971,43.08782958984375,3970,1.9371826648712158,0.2075246274471283,0.015625,1795.766064765,31520,6099456,1.1254639625549316,0.9435938596725464,1.2485160827636719,1,1747633788.2859533
28.779949188232422,0.6002604365348816,4000,43.08782958984375,3999,1.9371826648712158,0.1701584756374359,0.017578125,1808.517154169,31752,6144000,1.2412325143814087,0.9435938596725464,1.249696969985962,1,1747633801.0368752
29.195314407348633,0.5989583730697632,4007,43.08782958984375,4006,1.9371826648712158,0.1532469093799591,0.0182291679084301,1811.594013789,31808,6154752,1.2382134199142456,0.9435938596725464,1.244377851486206,1,1747633804.1138482
27.79036521911621,0.6028646230697632,4008,43.08782958984375,4007,1.9371826648712158,0.1525580883026123,0.01888020895421505,1812.034423517,31816,6156288,1.2651031017303467,0.9435938596725464,1.2647993564605713,1,1747633804.554251
28.27669334411621,0.6380208730697632,4015,43.08782958984375,4014,1.9371826648712158,0.15075233578681946,0.0182291679084301,1815.112215385,31872,6167040,1.3017970323562622,0.9435938596725464,1.2329034805297852,1,1747633807.6320565
29.822267532348633,0.5989583730697632,4034,43.08782958984375,4033,1.9371826648712158,0.2605113387107849,0.017578125,1823.463945563,32024,6196224,1.2512617111206055,0.9435938596725464,1.2816182374954224,1,1747633815.9838197
28.014324188232422,0.5149739980697632,4043,43.08782958984375,4042,1.9371826648712158,0.1441929191350937,0.0162760429084301,1827.420696959,32096,6210048,1.1353943347930908,0.9435938596725464,1.2717478275299072,1,1747633819.940568
28.41731834411621,0.6048177480697632,4044,43.08782958984375,4043,1.9371826648712158,0.14271396398544312,0.01953125186264515,1827.860610507,32104,6211584,1.2621785402297974,0.9435938596725464,1.2992925643920898,1,1747633820.3804123
30.14192771911621,0.5761719346046448,4046,43.08782958984375,4045,1.9371826648712158,0.16295698285102844,0.01692708395421505,1828.736878568,32120,6214656,1.194386601448059,0.9435938596725464,1.2579081058502197,1,1747633821.256729
28.590496063232422,0.6061198115348816,4056,43.08782958984375,4055,1.9371826648712158,0.16118699312210083,0.01692708395421505,1833.128180336,32200,6230016,1.258313536643982,0.9435938596725464,1.2818603515625,1,1747633825.6479242
27.781251907348633,0.6106771230697632,4070,43.08782958984375,4069,1.9371826648712158,0.14715586602687836,0.0182291679084301,1839.274235283,32312,6251520,1.255018949508667,0.9435938596725464,1.270909309387207,1,1747633831.7940981
27.553386688232422,0.6601563096046448,4083,43.08782958984375,4082,1.9371826648712158,0.1907183825969696,0.017578125,1844.984473104,32416,6271488,1.3259245157241821,0.9435938596725464,1.2565312385559082,1,1747633837.504351
28.637371063232422,0.6562500596046448,4087,43.08782958984375,4086,1.9371826648712158,0.184977725148201,0.017578125,1846.741069296,32448,6277632,1.3125001192092896,0.9435938596725464,1.2469196319580078,1,1747633839.2609723
27.565105438232422,0.6061198115348816,4092,43.08782958984375,4091,1.9371826648712158,0.3035600781440735,0.0182291679084301,1848.942440073,32488,6285312,1.2202376127243042,0.9435938596725464,1.2762022018432617,1,1747633841.4623506
28.012371063232422,0.5279948115348816,4100,43.08782958984375,4099,1.9371826648712158,0.14577144384384155,0.0182291679084301,1852.463930798,32552,6297600,1.123557448387146,0.9435938596725464,1.246058464050293,1,1747633844.9838316
28.544923782348633,0.6002604365348816,4118,43.08782958984375,4117,1.9371826648712158,0.20206251740455627,0.0182291679084301,1860.377679678,32696,6325248,1.2572087049484253,0.9435938596725464,1.2769577503204346,1,1747633852.8976
28.01106834411621,0.6113281846046448,4120,43.08782958984375,4119,1.9371826648712158,0.20363011956214905,0.01888020895421505,1861.2546401,32712,6328320,1.2702487707138062,0.9435938596725464,1.2521600723266602,1,1747633853.7745504
28.220705032348633,0.6959635615348816,4121,43.08782958984375,4120,1.9371826648712158,0.18649610877037048,0.02148437686264515,1861.69396714,32720,6329856,1.3919271230697632,0.9435938596725464,1.2501194477081299,1,1747633854.2138658
28.588542938232422,0.5611979365348816,4125,43.08782958984375,4124,1.9371826648712158,0.1510189175605774,0.01692708395421505,1863.446199459,32752,6336000,1.174285650253296,0.9435938596725464,1.257380723953247,1,1747633855.966117
27.90755271911621,0.6627604365348816,4131,43.08782958984375,4130,1.9371826648712158,0.14350232481956482,0.01888020895421505,1866.082058812,32800,6345216,1.3544193506240845,0.9435938596725464,1.273106336593628,1,1747633858.6017754
27.80403709411621,0.6497396230697632,4156,43.08782958984375,4155,1.9371826648712158,0.14996308088302612,0.02083333395421505,1877.072174387,33000,6383616,1.3264882564544678,0.9435938596725464,1.2562308311462402,1,1747633869.5920792
27.996746063232422,0.6100260615348816,4184,43.08782958984375,4183,1.9371826648712158,0.12948748469352722,0.017578125,1889.366800131,33224,6426624,1.2409359216690063,0.9435938596725464,1.3044638633728027,1,1747633881.8867207
28.628908157348633,0.5625,4198,43.08782958984375,4197,1.9371826648712158,0.19523373246192932,0.01953125186264515,1895.520189902,33336,6448128,1.1924537420272827,0.9435938596725464,1.3403716087341309,1,1747633888.0400934
28.41536521911621,0.5970052480697632,4204,43.08782958984375,4203,1.9371826648712158,0.14824356138706207,0.01953125186264515,1898.154861508,33384,6457344,1.2509769201278687,0.9435938596725464,1.2952251434326172,1,1747633890.6747599
27.994792938232422,0.525390625,4232,43.08660888671875,4231,1.9576219320297241,0.1609547734260559,0.01692708395421505,1910.576948399,33608,6500352,1.119952917098999,0.9615076184272766,1.2929892539978027,1,1747633903.0968437
28.764324188232422,0.6796875596046448,4235,43.08660888671875,4234,1.9576219320297241,0.14941668510437012,0.01888020895421505,1911.894503227,33632,6504960,1.3593751192092896,0.9615076184272766,1.348294973373413,1,1747633904.414393
27.66731834411621,0.6204427480697632,4240,43.08660888671875,4239,1.9576219320297241,0.15192636847496033,0.02148437686264515,1914.092007313,33672,6512640,1.3242413997650146,0.9615076184272766,1.3009048700332642,1,1747633906.6118295
28.791017532348633,0.5455729365348816,4251,43.08660888671875,4250,1.9576219320297241,0.16888384521007538,0.0162760429084301,1918.927733452,33760,6529536,1.1390411853790283,0.9615076184272766,1.3306281566619873,1,1747633911.447614
28.361330032348633,0.6770833730697632,4263,43.08660888671875,4262,1.9576219320297241,0.1511693298816681,0.0182291679084301,1924.211230865,33856,6547968,1.3541667461395264,0.9615076184272766,1.3367323875427246,1,1747633916.7310224
29.459636688232422,0.5872396230697632,4274,43.08660888671875,4273,1.9576219320297241,0.20741266012191772,0.0162760429084301,1929.041278095,33944,6564864,1.1909724473953247,0.9615076184272766,1.31191086769104,1,1747633921.5611594
27.634767532348633,0.6647135615348816,4279,43.08660888671875,4278,1.9576219320297241,0.16051578521728516,0.01888020895421505,1931.237223739,33984,6572544,1.3585541248321533,0.9615076184272766,1.312915325164795,1,1747633923.7571373
28.296876907348633,0.6197916865348816,4280,43.08660888671875,4279,1.9576219320297241,0.14580464363098145,0.0182291679084301,1931.67588005,33992,6574080,1.2564281225204468,0.9615076184272766,1.3471516370773315,1,1747633924.195765
29.095705032348633,0.6119791865348816,4300,43.08660888671875,4299,1.9576219320297241,0.18016517162322998,0.0182291679084301,1940.506008529,34152,6604800,1.2380470037460327,0.9615076184272766,1.3059965372085571,1,1747633933.0259142
27.547527313232422,0.6686198115348816,4315,43.08660888671875,4314,1.9576219320297241,0.14242053031921387,0.0182291679084301,1947.090148508,34272,6627840,1.3372396230697632,0.9615076184272766,1.3066225051879883,1,1747633939.6100614
28.12825584411621,0.6145833730697632,4352,43.08660888671875,4351,1.9576219320297241,0.12692071497440338,0.017578125,1963.3616683,34568,6684672,1.2566088438034058,0.9615076184272766,1.333368182182312,1,1747633955.8815715
27.99153709411621,0.6015625596046448,4358,43.08660888671875,4357,1.9576219320297241,0.12895487248897552,0.017578125,1966.000508864,34616,6693888,1.2646297216415405,0.9615076184272766,1.3387062549591064,1,1747633958.52041
28.17317771911621,0.5703125,4367,43.08660888671875,4366,1.9576219320297241,0.1667875051498413,0.0182291679084301,1969.961241167,34688,6707712,1.2311266660690308,0.9615076184272766,1.356882929801941,1,1747633962.4811308
27.164064407348633,0.6315104365348816,4379,43.08660888671875,4378,1.9576219320297241,0.1700650155544281,0.01888020895421505,1975.225479086,34784,6726144,1.299486517906189,0.9615076184272766,1.315022587776184,1,1747633967.7454085
27.47395896911621,0.6764323115348816,4402,43.08660888671875,4401,1.9576219320297241,0.15877196192741394,0.02148437686264515,1985.342569968,34968,6761472,1.3825078010559082,0.9615076184272766,1.3254293203353882,1,1747633977.8624725
27.269533157348633,0.6503906846046448,4410,43.08660888671875,4409,1.9576219320297241,0.15816587209701538,0.02083333395421505,1988.851660111,35032,6773760,1.3208091259002686,0.9615076184272766,1.3172762393951416,1,1747633981.3715086
30.215496063232422,0.6009114980697632,4420,43.08660888671875,4419,1.9576219320297241,0.12455837428569794,0.017578125,1993.249772112,35112,6789120,1.272706389427185,0.9615076184272766,1.326144814491272,1,1747633985.7696636
28.80989646911621,0.6015625596046448,4451,43.08660888671875,4450,1.9576219320297241,0.13753366470336914,0.017578125,2006.878726528,35360,6836736,1.2565127611160278,0.9615076184272766,1.3306167125701904,1,1747633999.3986244
27.744792938232422,0.6119791865348816,4454,43.08660888671875,4453,1.9576219320297241,0.1404002159833908,0.01953125186264515,2008.198396442,35384,6841344,1.2767912149429321,0.9615076184272766,1.3261502981185913,1,1747634000.7182312
29.439455032348633,0.6744791865348816,4466,43.08660888671875,4465,1.9576219320297241,0.14452263712882996,0.01953125186264515,2013.463452975,35480,6859776,1.3960254192352295,0.9615076184272766,1.3277840614318848,1,1747634005.9833586
29.076173782348633,0.6692708730697632,4470,43.08660888671875,4469,1.9576219320297241,0.14099335670471191,0.01953125186264515,2015.2243328,35512,6865920,1.3559215068817139,0.9615076184272766,1.321988821029663,1,1747634007.7441363
28.485027313232422,0.6002604365348816,4479,43.08660888671875,4478,1.9576219320297241,0.13425639271736145,0.017578125,2019.191992464,35584,6879744,1.2201759815216064,0.9615076184272766,1.3538832664489746,1,1747634011.711686
28.466798782348633,0.6054688096046448,4480,43.08660888671875,4479,1.9576219320297241,0.15322767198085785,0.01888020895421505,2019.631030381,35592,6881280,1.2630740404129028,0.9615076184272766,1.3376638889312744,1,1747634012.1509326
29.16145896911621,0.6458333730697632,4501,43.08660888671875,4500,1.9576219320297241,0.14329242706298828,0.01953125186264515,2028.854715564,35760,6913536,1.3174216747283936,0.9615076184272766,1.383310317993164,1,1747634021.3745992
28.266277313232422,0.6302083730697632,4512,43.08660888671875,4511,1.9576219320297241,0.14822229743003845,0.01888020895421505,2033.691417242,35848,6930432,1.2795003652572632,0.9615076184272766,1.3670457601547241,1,1747634026.2113051
28.748048782348633,0.5709635615348816,4514,43.08660888671875,4513,1.9576219320297241,0.12682569026947021,0.017578125,2034.57114801,35864,6933504,1.2049206495285034,0.9615076184272766,1.3684773445129395,1,1747634027.0909665
29.580080032348633,0.6419271230697632,4517,43.08660888671875,4516,1.9576219320297241,0.14110463857650757,0.0182291679084301,2035.890729178,35888,6938112,1.2844563722610474,0.9615076184272766,1.3660571575164795,1,1747634028.4106452
28.486330032348633,0.6347656846046448,4518,43.08660888671875,4517,1.9576219320297241,0.1344326138496399,0.01888020895421505,2036.330679526,35896,6939648,1.291917324066162,0.9615076184272766,1.3742624521255493,1,1747634028.85059
30.174480438232422,0.6119791865348816,4520,43.08660888671875,4519,1.9576219320297241,0.12563882768154144,0.017578125,2037.207875891,35912,6942720,1.2756582498550415,0.9615076184272766,1.3789613246917725,1,1747634029.7277625
28.464845657348633,0.6178385615348816,4524,43.08660888671875,4523,1.9576219320297241,0.1270884871482849,0.017578125,2038.962747079,35944,6948864,1.2699847221374512,0.9615076184272766,1.3897982835769653,1,1747634031.4826453
27.776042938232422,0.5338541865348816,4526,43.08660888671875,4525,1.9576219320297241,0.11957147717475891,0.01888020895421505,2039.842500378,35960,6951936,1.1605085134506226,0.9615076184272766,1.3733491897583008,1,1747634032.362373
29.369792938232422,0.5716146230697632,4527,43.08660888671875,4526,1.9576219320297241,0.14232614636421204,0.017578125,2040.282153088,35968,6953472,1.2040350437164307,0.9615076184272766,1.3907890319824219,1,1747634032.8019195
29.210939407348633,0.5742188096046448,4537,43.08660888671875,4536,1.9576219320297241,0.14644092321395874,0.017578125,2044.675944158,36048,6968832,1.2136776447296143,0.9615076184272766,1.3993949890136719,1,1747634037.1958516
29.50520896911621,0.5735677480697632,4539,43.08660888671875,4538,1.9576219320297241,0.13877232372760773,0.017578125,2045.557626164,36064,6971904,1.2154709100723267,0.9615076184272766,1.399332046508789,1,1747634038.0775132
29.423830032348633,0.6087239980697632,4553,43.343727111816406,4552,1.9560834169387817,0.18839111924171448,0.0182291679084301,2051.824505605,36176,6993408,1.274154543876648,0.9606235027313232,1.4019664525985718,1,1747634044.344383
28.402996063232422,0.4869791865348816,4585,43.343727111816406,4584,1.9560834169387817,0.13093581795692444,0.015625,2065.883367086,36432,7042560,1.0825035572052002,0.9606235027313232,1.4068057537078857,1,1747634058.4032655
29.781251907348633,0.5618489980697632,4589,43.343727111816406,4588,1.9560834169387817,0.12707363069057465,0.0182291679084301,2067.640206494,36464,7048704,1.196033000946045,0.9606235027313232,1.4498248100280762,1,1747634060.1600356
29.56966209411621,0.5904948115348816,4611,43.343727111816406,4610,1.9560834169387817,0.1146140992641449,0.01692708395421505,2077.299920772,36640,7082496,1.212348461151123,0.9606235027313232,1.411881685256958,1,1747634069.8198254
28.949871063232422,0.5820313096046448,4613,43.343727111816406,4612,1.9560834169387817,0.12917740643024445,0.01692708395421505,2078.179970317,36656,7085568,1.2119965553283691,0.9606235027313232,1.3900690078735352,1,1747634070.6998816
29.160158157348633,0.4648437798023224,4619,43.343727111816406,4618,1.9560834169387817,0.25273990631103516,0.015625,2080.821506415,36704,7094784,1.0631177425384521,0.9606235027313232,1.39952552318573,1,1747634073.341394
28.494792938232422,0.4153645932674408,4623,43.343727111816406,4622,1.9560834169387817,0.1406814455986023,0.015625,2082.582968842,36736,7100928,0.9203856587409973,0.9606235027313232,1.3871209621429443,1,1747634075.1028273
28.119142532348633,0.6041666865348816,4633,43.343727111816406,4632,1.9560834169387817,0.11837643384933472,0.017578125,2086.980869287,36816,7116288,1.232069969177246,0.9606235027313232,1.409019947052002,1,1747634079.5007713
29.373048782348633,0.6582031846046448,4641,43.343727111816406,4640,1.9560834169387817,0.12211762368679047,0.01888020895421505,2090.493941556,36880,7128576,1.3468396663665771,0.9606235027313232,1.4293748140335083,1,1747634083.0138586
28.590496063232422,0.5944010615348816,4651,43.343727111816406,4650,1.9560834169387817,0.12305852770805359,0.0182291679084301,2094.888626041,36960,7143936,1.228765845298767,0.9606235027313232,1.4192750453948975,1,1747634087.4085693
28.62434959411621,0.6725260615348816,4658,43.343727111816406,4657,1.9560834169387817,0.12897855043411255,0.0201822929084301,2097.971568206,37016,7154688,1.3585320711135864,0.9606235027313232,1.3964831829071045,1,1747634090.491286
28.64974021911621,0.6243489980697632,4677,43.343727111816406,4676,1.9560834169387817,0.12586373090744019,0.0182291679084301,2106.322821369,37168,7183872,1.273316740989685,0.9606235027313232,1.411658525466919,1,1747634098.8427315
28.07747459411621,0.6074219346046448,4680,43.343727111816406,4679,1.9560834169387817,0.1233835518360138,0.01692708395421505,2107.641490985,37192,7188480,1.254510760307312,0.9606235027313232,1.4390004873275757,1,1747634100.1614006
28.652996063232422,0.5826823115348816,4685,43.343727111816406,4684,1.9560834169387817,0.15209180116653442,0.017578125,2109.840098762,37232,7196160,1.1923454999923706,0.9606235027313232,1.4344595670700073,1,1747634102.3599854
27.765626907348633,0.53125,4694,43.343727111816406,4693,1.9560834169387817,0.11591565608978271,0.017578125,2113.794996806,37304,7209984,1.1377747058868408,0.9606235027313232,1.375925898551941,1,1747634106.3149061
29.003908157348633,0.6419271230697632,4704,43.343727111816406,4703,1.9560834169387817,0.10616973042488098,0.0182291679084301,2118.188202931,37384,7225344,1.3121562004089355,0.9606235027313232,1.414712905883789,1,1747634110.7081106
27.963542938232422,0.5983073115348816,4716,43.343727111816406,4715,1.9560834169387817,0.1439058929681778,0.017578125,2123.502424203,37480,7243776,1.225550651550293,0.9606235027313232,1.3995952606201172,1,1747634116.0223248
29.919923782348633,0.6555989980697632,4727,43.343727111816406,4726,1.9560834169387817,0.13730210065841675,0.01888020895421505,2128.334060789,37568,7260672,1.3413007259368896,0.9606235027313232,1.3905231952667236,1,1747634120.8539762
27.90169334411621,0.6555989980697632,4736,43.343727111816406,4735,1.9560834169387817,0.12313461303710938,0.0201822929084301,2132.287689002,37640,7274496,1.346409559249878,0.9606235027313232,1.4010143280029297,1,1747634124.8076022
28.65169334411621,0.6451823115348816,4740,43.343727111816406,4739,1.9560834169387817,0.15019705891609192,0.017578125,2134.038956411,37672,7280640,1.3014109134674072,0.9606235027313232,1.4077688455581665,1,1747634126.5588584
28.08528709411621,0.6269531846046448,4752,43.343727111816406,4751,1.9560834169387817,0.12704572081565857,0.0182291679084301,2139.305868551,37768,7299072,1.2539063692092896,0.9606235027313232,1.3549704551696777,1,1747634131.8257885
29.355470657348633,0.6367188096046448,4761,43.343727111816406,4760,1.9560834169387817,0.12853339314460754,0.017578125,2143.264140522,37840,7312896,1.3165698051452637,0.9606235027313232,1.4135246276855469,1,1747634135.7840464
27.441408157348633,0.6204427480697632,4770,43.343727111816406,4769,1.9560834169387817,0.10558260232210159,0.01888020895421505,2147.219864145,37912,7326720,1.263002634048462,0.9606235027313232,1.3922004699707031,1,1747634139.739775
29.40755271911621,0.5423177480697632,4783,43.343727111816406,4782,1.9560834169387817,0.1329946666955948,0.0182291679084301,2152.933943197,38016,7346688,1.1599925756454468,0.9606235027313232,1.360762596130371,1,1747634145.4538422
27.104167938232422,0.6236979365348816,4785,43.343727111816406,4784,1.9560834169387817,0.11674726009368896,0.01888020895421505,2153.812817543,38032,7349760,1.2473958730697632,0.9606235027313232,1.3700077533721924,1,1747634146.3327482
28.123699188232422,0.53125,4799,43.343727111816406,4798,1.9560834169387817,0.1273413896560669,0.01692708395421505,2159.95976689,38144,7371264,1.1423943042755127,0.9606235027313232,1.3546748161315918,1,1747634152.4796875
