grad_steps,qvals,returned_episode_lengths,returned_won_episode,update_steps,returned_episode,_step,test_returned_won_episode,test_returned_episode_returns,loss,test_returned_episode_lengths,_runtime,env_step,returned_episode_returns,_timestamp,test_returned_episode
0,0.0,23.703126907348633,0.0,18,0.02734375186264515,17,0.0,0.07903243601322174,0.0,17.256723403930664,47.571435835,27648,0.24204376339912415,1747635852.5450153,1.0
16,-0.1329834908246994,24.252605438232422,0.0,33,0.02669270895421505,32,0.0,0.07903243601322174,0.04248640686273575,17.256723403930664,49.012222011,50688,0.20868203043937683,1747635853.9857764,1.0
168,0.1740874946117401,24.400392532348633,0.0,52,0.02669270895421505,51,0.0,0.07903243601322174,0.088991180062294,17.256723403930664,55.133620754,79872,0.2144315242767334,1747635860.1071982,1.0
504,0.7674180865287781,25.64778709411621,0.0,94,0.02539062686264515,93,0.0,0.07903243601322174,0.11743295937776566,17.256723403930664,68.659011913,144384,0.26539337635040283,1747635873.632524,1.0
760,0.7089534997940063,23.775392532348633,0.0,126,0.02343750186264515,125,0.0,0.07903243601322174,0.14195159077644348,17.256723403930664,78.970249472,193536,0.2798490524291992,1747635883.943833,1.0
800,0.7317571640014648,25.365236282348633,0.0,131,0.02539062686264515,130,0.0,0.07903243601322174,0.1421929895877838,17.256723403930664,80.586737906,201216,0.29460978507995605,1747635885.5602393,1.0
896,0.7397198677062988,24.22200584411621,0.0,143,0.0260416679084301,142,0.0,0.07903243601322174,0.17919227480888367,17.256723403930664,84.454627302,219648,0.29323676228523254,1747635889.428087,1.0
1240,0.7589080929756165,25.675783157348633,0.0,186,0.02148437686264515,185,0.0,0.07903243601322174,0.14692740142345428,17.256723403930664,98.320839268,285696,0.30024057626724243,1747635903.2944314,1.0
1312,0.7698466777801514,23.876955032348633,0.0,195,0.0260416679084301,194,0.0,0.07903243601322174,0.13711640238761902,17.256723403930664,101.232803814,299520,0.3045240640640259,1747635906.2063894,1.0
1344,0.7598115801811218,24.901042938232422,0.0,199,0.02343750186264515,198,0.0,0.07903243601322174,0.1384037435054779,17.256723403930664,102.52111822,305664,0.3112245798110962,1747635907.4947143,1.0
1480,0.7641972303390503,26.48567771911621,0.0,216,0.0240885429084301,215,0.0,0.07903243601322174,0.11921849846839905,17.256723403930664,107.994337243,331776,0.3063121736049652,1747635912.96794,1.0
1728,0.7775908708572388,26.123048782348633,0.0,247,0.0240885429084301,246,0.0,0.07903243601322174,0.10595571994781494,17.256723403930664,117.982225609,379392,0.3472498655319214,1747635922.955763,1.0
1816,0.7839484214782715,25.250001907348633,0.0,258,0.02539062686264515,257,0.0,0.07903243601322174,0.10921059548854828,17.256723403930664,121.539878345,396288,0.3486233353614807,1747635926.513432,1.0
1832,0.7879728674888611,24.978517532348633,0.0,260,0.02473958395421505,259,0.0,0.07903243601322174,0.11494369059801102,17.256723403930664,122.186176733,399360,0.34702444076538086,1747635927.1597579,1.0
1888,0.7850691676139832,25.180339813232422,0.0,267,0.0240885429084301,266,0.0,0.07903243601322174,0.09736020863056183,17.256723403930664,124.434162203,410112,0.3498288094997406,1747635929.4077597,1.0
2072,0.8129186630249023,25.89778709411621,0.0,290,0.02473958395421505,289,0.0,0.07903243601322174,0.09714499115943909,17.256723403930664,131.86589002,445440,0.39753156900405884,1747635936.8395061,1.0
2240,0.8173866271972656,25.942058563232422,0.0,311,0.02343750186264515,310,0.0,0.07903243601322174,0.10721055418252945,17.256723403930664,138.638205959,477696,0.3396020531654358,1747635943.6117852,1.0
2352,0.8397469520568848,25.439455032348633,0.0,325,0.02539062686264515,324,0.05488620698451996,0.7211970090866089,0.11250048130750656,36.927040100097656,143.23380328,499200,0.36949536204338074,1747635948.207386,0.9999999403953552
2504,0.8355180621147156,24.25911521911621,0.0,344,0.0260416679084301,343,0.05488620698451996,0.7211970090866089,0.11101007461547852,36.927040100097656,149.355525306,528384,0.39565905928611755,1747635954.3291056,0.9999999403953552
2520,0.8343535661697388,25.152996063232422,0.0,346,0.02278645895421505,345,0.05488620698451996,0.7211970090866089,0.11040160804986954,36.927040100097656,150.002119077,531456,0.35763874650001526,1747635954.9756906,0.9999999403953552
2544,0.8405986428260803,25.08138084411621,0.0,349,0.0240885429084301,348,0.05488620698451996,0.7211970090866089,0.1113099604845047,36.927040100097656,150.964870167,536064,0.4071292579174042,1747635955.9384148,0.9999999403953552
2688,0.8383665084838867,24.53255271911621,0.0,367,0.02539062686264515,366,0.05488620698451996,0.7211970090866089,0.11910636723041534,36.927040100097656,156.774577844,563712,0.38502636551856995,1747635961.7481594,0.9999999403953552
2744,0.8394208550453186,25.046876907348633,0.0,374,0.0260416679084301,373,0.05488620698451996,0.7211970090866089,0.15261021256446838,36.927040100097656,159.035528586,574464,0.3953612744808197,1747635964.0090318,0.9999999403953552
2976,0.8467944860458374,27.496095657348633,0.0,403,0.0221354179084301,402,0.05488620698451996,0.7211970090866089,0.11649692803621292,36.927040100097656,168.383218924,619008,0.38532429933547974,1747635973.3567996,0.9999999403953552
3240,0.8455017805099487,23.86653709411621,0.0,436,0.0260416679084301,435,0.05488620698451996,0.7211970090866089,0.09669499844312668,36.927040100097656,179.101431976,669696,0.4298889935016632,1747635984.0750346,0.9999999403953552
3368,0.8319789171218872,25.52474021911621,0.0,452,0.0260416679084301,451,0.05488620698451996,0.7211970090866089,0.0772092193365097,36.927040100097656,184.269281442,694272,0.3922642469406128,1747635989.2428632,0.9999999403953552
3552,0.7967389822006226,27.988283157348633,0.011718750931322575,475,0.02083333395421505,474,0.05488620698451996,0.7211970090866089,0.0937613770365715,36.927040100097656,191.690052072,729600,0.4743134379386902,1747635996.663661,0.9999999403953552
3640,0.8042402267456055,27.981121063232422,0.0,486,0.01953125186264515,485,0.05488620698451996,0.7211970090866089,0.09708528220653534,36.927040100097656,195.229839737,746496,0.469682902097702,1747636000.203438,0.9999999403953552
3696,0.7966992259025574,26.692058563232422,0.0416666679084301,493,0.02278645895421505,492,0.05488620698451996,0.7211970090866089,0.0626404732465744,36.927040100097656,197.48343167,757248,0.5193039178848267,1747636002.4570065,0.9999999403953552
3896,0.8042802810668945,25.707683563232422,0.1321614682674408,518,0.02148437686264515,517,0.05488620698451996,0.7211970090866089,0.11253927648067474,36.927040100097656,205.553322379,795648,0.6311490535736084,1747636010.5269175,0.9999999403953552
3936,0.8094272613525391,25.783205032348633,0.0514322929084301,523,0.02148437686264515,522,0.05488620698451996,0.7211970090866089,0.09011806547641754,36.927040100097656,207.161027686,803328,0.5119832754135132,1747636012.1346307,0.9999999403953552
3984,0.8004845380783081,25.28255271911621,0.0729166716337204,529,0.01953125186264515,528,0.05488620698451996,0.7211970090866089,0.1213284432888031,36.927040100097656,209.092030871,812544,0.5555870532989502,1747636014.065606,0.9999999403953552
4120,0.788399338722229,25.38997459411621,0.0540364608168602,546,0.02083333395421505,545,0.05488620698451996,0.7211970090866089,0.10181313753128052,36.927040100097656,214.570586933,838656,0.5721381306648254,1747636019.5441813,0.9999999403953552
4208,0.800201416015625,27.685548782348633,0.1132812574505806,557,0.02148437686264515,556,0.05488620698451996,0.7211970090866089,0.11791148781776428,36.927040100097656,218.108844489,855552,0.6615784168243408,1747636023.0824256,0.9999999403953552
4232,0.7945472002029419,25.858074188232422,0.0865885466337204,560,0.0221354179084301,559,0.05488620698451996,0.7211970090866089,0.1214396208524704,36.927040100097656,219.078591658,860160,0.6240326166152954,1747636024.0519843,0.9999999403953552
4376,0.7885556817054749,26.898439407348633,0.1835937649011612,578,0.02083333395421505,577,0.05488620698451996,0.7211970090866089,0.11789355427026749,36.927040100097656,224.874291477,887808,0.7400750517845154,1747636029.847891,0.9999999403953552
4672,0.7653848528862,24.486330032348633,0.1679687649011612,615,0.02148437686264515,614,0.05488620698451996,0.7211970090866089,0.2009989619255066,36.927040100097656,236.796444614,944640,0.6897205710411072,1747636041.7699494,0.9999999403953552
4888,0.7108647227287292,26.26302146911621,0.1601562649011612,642,0.02083333395421505,641,0.05488620698451996,0.7211970090866089,0.2160494178533554,36.927040100097656,245.497384859,986112,0.6907647848129272,1747636050.4709768,0.9999999403953552
4904,0.6896913647651672,25.38020896911621,0.251953125,644,0.02278645895421505,643,0.05488620698451996,0.7211970090866089,0.18823228776454926,36.927040100097656,246.145015159,989184,0.8343664407730103,1747636051.1185966,0.9999999403953552
5088,0.6568840742111206,25.56966209411621,0.1380208432674408,667,0.01953125186264515,666,0.4205607771873474,1.289959192276001,0.2403741478919983,38.3177604675293,253.62421232,1024512,0.7354246973991394,1747636058.597803,1.0000001192092896
5184,0.63077712059021,25.275392532348633,0.1490885466337204,679,0.02148437686264515,678,0.4205607771873474,1.289959192276001,0.18204031884670258,38.3177604675293,257.483781144,1042944,0.7071243524551392,1747636062.457379,1.0000001192092896
5224,0.642876386642456,27.568361282348633,0.3398437798023224,684,0.02083333395421505,683,0.4205607771873474,1.289959192276001,0.22721923887729645,38.3177604675293,259.091096405,1050624,0.949156641960144,1747636064.0647337,1.0000001192092896
5272,0.6375560760498047,26.805339813232422,0.2239583432674408,690,0.02278645895421505,689,0.4205607771873474,1.289959192276001,0.22473320364952087,38.3177604675293,261.021402485,1059840,0.7991722226142883,1747636065.9949877,1.0000001192092896
5296,0.6160614490509033,26.97395896911621,0.2402343899011612,693,0.0182291679084301,692,0.4205607771873474,1.289959192276001,0.2653449773788452,38.3177604675293,261.9858197,1064448,0.7915210127830505,1747636066.959364,1.0000001192092896
5480,0.6029573678970337,26.924480438232422,0.2669270932674408,716,0.02083333395421505,715,0.4205607771873474,1.289959192276001,0.2651151120662689,38.3177604675293,269.381755042,1099776,0.8021430969238281,1747636074.3553286,1.0000001192092896
5576,0.5739752054214478,28.433595657348633,0.2180989682674408,728,0.01888020895421505,727,0.4205607771873474,1.289959192276001,0.2993573248386383,38.3177604675293,273.248675392,1118208,0.80497807264328,1747636078.222265,1.0000001192092896
5672,0.581846296787262,27.877605438232422,0.2565104365348816,740,0.02148437686264515,739,0.4205607771873474,1.289959192276001,0.23011045157909393,38.3177604675293,277.113497697,1136640,0.8800936937332153,1747636082.0870461,1.0000001192092896
5760,0.5771668553352356,25.87434959411621,0.4055989682674408,751,0.02148437686264515,750,0.4205607771873474,1.289959192276001,0.31425848603248596,38.3177604675293,280.66088362,1153536,1.063294529914856,1747636085.634461,1.0000001192092896
5824,0.5598414540290833,26.959636688232422,0.2545573115348816,759,0.02083333395421505,758,0.4205607771873474,1.289959192276001,0.28427520394325256,38.3177604675293,283.23249577,1165824,0.8243824243545532,1747636088.2060716,1.0000001192092896
5848,0.6013206243515015,28.39583396911621,0.1933593899011612,762,0.01888020895421505,761,0.4205607771873474,1.289959192276001,0.30843156576156616,38.3177604675293,284.200394004,1170432,0.7123200297355652,1747636089.173912,1.0000001192092896
5872,0.5845997929573059,25.33528709411621,0.2233072966337204,765,0.02083333395421505,764,0.4205607771873474,1.289959192276001,0.29967743158340454,38.3177604675293,285.164252301,1175040,0.7710448503494263,1747636090.1378317,1.0000001192092896
6112,0.6208869814872742,26.552736282348633,0.2890625298023224,795,0.02148437686264515,794,0.4205607771873474,1.289959192276001,0.39519479870796204,38.3177604675293,294.809534604,1221120,0.8704431056976318,1747636099.783129,1.0000001192092896
6248,0.6605310440063477,26.35286521911621,0.2441406399011612,812,0.01888020895421505,811,0.4205607771873474,1.289959192276001,0.41276246309280396,38.3177604675293,300.283595938,1247232,0.749272346496582,1747636105.257181,1.0000001192092896
6256,0.6611108779907227,26.192058563232422,0.1842447966337204,813,0.0182291679084301,812,0.4205607771873474,1.289959192276001,0.3840884566307068,38.3177604675293,300.604515884,1248768,0.7315590977668762,1747636105.5781074,1.0000001192092896
6304,0.6614167094230652,28.561199188232422,0.1263020932674408,819,0.0162760429084301,818,0.4205607771873474,1.289959192276001,0.43021219968795776,38.3177604675293,302.557206432,1257984,0.650109589099884,1747636107.530523,1.0000001192092896
6328,0.6745978593826294,28.007814407348633,0.3157552182674408,822,0.02083333395421505,821,0.4205607771873474,1.289959192276001,0.40570759773254395,38.3177604675293,303.526356542,1262592,0.9198761582374573,1747636108.4999437,1.0000001192092896
6368,0.6824995279312134,27.089845657348633,0.513671875,827,0.01888020895421505,826,0.4205607771873474,1.289959192276001,0.3548785150051117,38.3177604675293,305.132465802,1270272,1.1813255548477173,1747636110.1060355,1.0000001192092896
6864,0.7229754328727722,28.895183563232422,0.2975260615348816,889,0.017578125,888,0.4205607771873474,1.289959192276001,0.48685336112976074,38.3177604675293,325.129726144,1365504,0.8550845384597778,1747636130.1033022,1.0000001192092896
6952,0.7362582087516785,28.598308563232422,0.2760416865348816,900,0.01953125186264515,899,0.4205607771873474,1.289959192276001,0.6032416820526123,38.3177604675293,328.678069331,1382400,0.8434926271438599,1747636133.6516676,1.0000001192092896
7112,0.7426202297210693,26.683595657348633,0.3645833432674408,920,0.01888020895421505,919,0.4205607771873474,1.289959192276001,0.42312702536582947,38.3177604675293,335.118157178,1413120,0.9645525217056274,1747636140.0917547,1.0000001192092896
7280,0.7545350193977356,28.74544334411621,0.3769531548023224,941,0.0182291679084301,940,0.4205607771873474,1.289959192276001,0.5296725034713745,38.3177604675293,341.885010133,1445376,0.9913337230682373,1747636146.8586,1.0000001192092896
7360,0.7714147567749023,28.488283157348633,0.3144531548023224,951,0.0182291679084301,950,0.4205607771873474,1.289959192276001,0.5142143368721008,38.3177604675293,345.111941312,1460736,0.9031068086624146,1747636150.0855584,1.0000001192092896
7384,0.7753390073776245,27.063152313232422,0.4160156548023224,954,0.01953125186264515,953,0.4205607771873474,1.289959192276001,0.581847608089447,38.3177604675293,346.077128982,1465344,1.0191469192504883,1747636151.050708,1.0000001192092896
7448,0.7823102474212646,27.27083396911621,0.4225260615348816,962,0.01953125186264515,961,0.4205607771873474,1.289959192276001,0.5422823429107666,38.3177604675293,348.652444708,1477632,1.0494188070297241,1747636153.6260674,1.0000001192092896
7480,0.7868082523345947,27.55403709411621,0.4205729365348816,966,0.01888020895421505,965,0.4205607771873474,1.289959192276001,0.5927690863609314,38.3177604675293,349.942818023,1483776,1.036950707435608,1747636154.916413,1.0000001192092896
7760,0.7971793413162231,28.71028709411621,0.51171875,1001,0.01888020895421505,1000,0.6530138850212097,1.5902003049850464,0.6204276084899902,41.04404830932617,361.269456981,1537536,1.2023530006408691,1747636166.2429957,0.9999999403953552
7768,0.7907809615135193,27.057292938232422,0.2649739682674408,1002,0.0162760429084301,1001,0.6530138850212097,1.5902003049850464,0.5871089696884155,41.04404830932617,361.590202155,1539072,0.7777428030967712,1747636166.5638216,0.9999999403953552
7840,0.7907297611236572,25.359376907348633,0.3040364682674408,1011,0.02148437686264515,1010,0.6530138850212097,1.5902003049850464,0.5683650970458984,41.04404830932617,364.485385365,1552896,0.8889002203941345,1747636169.4589965,0.9999999403953552
7960,0.7767482399940491,28.34700584411621,0.4218750298023224,1026,0.01953125186264515,1025,0.6530138850212097,1.5902003049850464,0.559160053730011,41.04404830932617,369.315152748,1575936,1.0390863418579102,1747636174.2887616,0.9999999403953552
8000,0.7791322469711304,27.783205032348633,0.5611979365348816,1031,0.02083333395421505,1030,0.6530138850212097,1.5902003049850464,0.718329906463623,41.04404830932617,370.924751596,1583616,1.2576146125793457,1747636175.8983397,0.9999999403953552
8040,0.7557247877120972,27.141277313232422,0.5839844346046448,1036,0.02083333395421505,1035,0.6530138850212097,1.5902003049850464,0.48720160126686096,41.04404830932617,372.534330636,1591296,1.2574654817581177,1747636177.507911,0.9999999403953552
8064,0.7453885078430176,27.01888084411621,0.3971354365348816,1039,0.0221354179084301,1038,0.6530138850212097,1.5902003049850464,0.5951508283615112,41.04404830932617,373.503838399,1595904,1.040776252746582,1747636178.4774444,0.9999999403953552
8216,0.7745829820632935,28.605470657348633,0.4615885615348816,1058,0.0182291679084301,1057,0.6530138850212097,1.5902003049850464,0.5801972150802612,41.04404830932617,379.613993749,1625088,1.0723570585250854,1747636184.5876281,0.9999999403953552
8232,0.7598888874053955,27.242839813232422,0.53125,1060,0.01953125186264515,1059,0.6530138850212097,1.5902003049850464,0.550362229347229,41.04404830932617,380.259029407,1628160,1.18800950050354,1747636185.2326477,0.9999999403953552
8256,0.7600790858268738,28.824871063232422,0.4388020932674408,1063,0.01953125186264515,1062,0.6530138850212097,1.5902003049850464,0.5426536202430725,41.04404830932617,381.225421105,1632768,1.0977473258972168,1747636186.198993,0.9999999403953552
8400,0.7915859222412109,27.138673782348633,0.4973958730697632,1081,0.01888020895421505,1080,0.6530138850212097,1.5902003049850464,0.511909008026123,41.04404830932617,387.029928123,1660416,1.1321437358856201,1747636192.0035279,0.9999999403953552
8464,0.8071866631507874,28.89974021911621,0.4902344048023224,1089,0.01953125186264515,1088,0.6530138850212097,1.5902003049850464,0.7237529754638672,41.04404830932617,389.600561242,1672704,1.1589308977127075,1747636194.5741558,0.9999999403953552
8584,0.7876036167144775,27.223308563232422,0.501953125,1104,0.0221354179084301,1103,0.6530138850212097,1.5902003049850464,0.5354793071746826,41.04404830932617,394.427389013,1695744,1.2104910612106323,1747636199.4010062,0.9999999403953552
8672,0.7800033688545227,28.526042938232422,0.4192708432674408,1115,0.01953125186264515,1114,0.6530138850212097,1.5902003049850464,0.5498156547546387,41.04404830932617,397.959387504,1712640,1.0207698345184326,1747636202.932993,0.9999999403953552
8920,0.8002707362174988,26.959636688232422,0.5325521230697632,1146,0.01888020895421505,1145,0.6530138850212097,1.5902003049850464,0.6796231269836426,41.04404830932617,407.947725688,1760256,1.1873860359191895,1747636212.9213333,0.9999999403953552
9056,0.7973966002464294,25.651042938232422,0.4739583432674408,1163,0.0201822929084301,1162,0.6530138850212097,1.5902003049850464,0.5093563795089722,41.04404830932617,413.427698635,1786368,1.1043384075164795,1747636218.4011004,0.9999999403953552
9112,0.7907280921936035,25.859376907348633,0.4973958730697632,1170,0.0201822929084301,1169,0.6530138850212097,1.5902003049850464,0.5163991451263428,41.04404830932617,415.690697848,1797120,1.1496316194534302,1747636220.664309,0.9999999403953552
9144,0.7855914831161499,27.820964813232422,0.5976563096046448,1174,0.02083333395421505,1173,0.6530138850212097,1.5902003049850464,0.6268692016601562,41.04404830932617,416.975790848,1803264,1.2890734672546387,1747636221.9493988,0.9999999403953552
9312,0.78241366147995,27.71028709411621,0.5651041865348816,1195,0.0182291679084301,1194,0.6530138850212097,1.5902003049850464,0.5319886207580566,41.04404830932617,423.750124697,1835520,1.1930664777755737,1747636228.7237504,0.9999999403953552
9352,0.8069487810134888,29.74349021911621,0.3990885615348816,1200,0.0201822929084301,1199,0.6530138850212097,1.5902003049850464,0.6154199838638306,41.04404830932617,425.365397646,1843200,1.0388197898864746,1747636230.3389957,0.9999999403953552
9384,0.826684832572937,27.90755271911621,0.5677083730697632,1204,0.01953125186264515,1203,0.6530138850212097,1.5902003049850464,0.7287282347679138,41.04404830932617,426.653378151,1849344,1.2300208806991577,1747636231.6269777,0.9999999403953552
9592,0.8263012766838074,29.226564407348633,0.3554687798023224,1230,0.015625,1229,0.6530138850212097,1.5902003049850464,0.5112454295158386,41.04404830932617,435.030768177,1889280,0.8970901370048523,1747636240.0043788,0.9999999403953552
9656,0.8360738754272461,26.21809959411621,0.4720052182674408,1238,0.02083333395421505,1237,0.6530138850212097,1.5902003049850464,1.021316647529602,41.04404830932617,437.606110848,1901568,1.0836865901947021,1747636242.5797427,0.9999999403953552
9920,0.8717462420463562,27.27083396911621,0.5911458730697632,1271,0.01953125186264515,1270,0.6530138850212097,1.5902003049850464,0.576642632484436,41.04404830932617,448.235143489,1952256,1.2574455738067627,1747636253.208767,0.9999999403953552
10056,0.9332621693611145,27.453126907348633,0.509765625,1288,0.0182291679084301,1287,0.6530138850212097,1.5902003049850464,0.5347110629081726,41.04404830932617,453.718428929,1978368,1.1206177473068237,1747636258.6920323,0.9999999403953552
10088,0.9385291934013367,28.72005271911621,0.4361979365348816,1292,0.0201822929084301,1291,0.6530138850212097,1.5902003049850464,0.5323322415351868,41.04404830932617,455.031037973,1984512,1.059484839439392,1747636260.0046804,0.9999999403953552
10104,0.9324106574058533,28.736330032348633,0.5247396230697632,1294,0.01888020895421505,1293,0.6530138850212097,1.5902003049850464,0.5313706398010254,41.04404830932617,455.671702503,1987584,1.156872272491455,1747636260.6453173,0.9999999403953552
10344,0.9209239482879639,25.813152313232422,0.4908854365348816,1324,0.0201822929084301,1323,0.7968871593475342,1.767079472541809,0.4794214963912964,41.4023323059082,465.428871804,2033664,1.0699832439422607,1747636270.4024768,0.9999999403953552
10360,0.9289537668228149,28.252605438232422,0.5305989980697632,1326,0.0201822929084301,1325,0.7968871593475342,1.767079472541809,0.4945576786994934,41.4023323059082,466.072461981,2036736,1.1622953414916992,1747636271.04605,0.9999999403953552
10408,0.9294466972351074,29.167970657348633,0.5182291865348816,1332,0.0162760429084301,1331,0.7968871593475342,1.767079472541809,0.5526952743530273,41.4023323059082,468.004202352,2045952,1.1377346515655518,1747636272.9778018,0.9999999403953552
10496,0.9284487366676331,27.88216209411621,0.4687500298023224,1343,0.0201822929084301,1342,0.7968871593475342,1.767079472541809,0.49677199125289917,41.4023323059082,471.550821924,2062848,1.0864524841308594,1747636276.524424,0.9999999403953552
10528,0.9170423150062561,29.28841209411621,0.5201823115348816,1347,0.01692708395421505,1346,0.7968871593475342,1.767079472541809,0.8211362361907959,41.4023323059082,472.843775647,2068992,1.1637179851531982,1747636277.8173847,0.9999999403953552
10632,0.9361066818237305,26.83919334411621,0.501953125,1360,0.01953125186264515,1359,0.7968871593475342,1.767079472541809,0.6259756088256836,41.4023323059082,477.039078702,2088960,1.1221305131912231,1747636282.0127,0.9999999403953552
10664,0.915817379951477,26.066408157348633,0.4199219048023224,1364,0.02083333395421505,1363,0.7968871593475342,1.767079472541809,0.5275571346282959,41.4023323059082,478.33156228,2095104,1.0256553888320923,1747636283.3051682,0.9999999403953552
10688,0.9337039589881897,27.60286521911621,0.5442708730697632,1367,0.017578125,1366,0.7968871593475342,1.767079472541809,0.5195870399475098,41.4023323059082,479.298165253,2099712,1.210137128829956,1747636284.2717881,0.9999999403953552
10784,0.9365659952163696,29.16536521911621,0.4993489980697632,1379,0.017578125,1378,0.7968871593475342,1.767079472541809,0.6009853482246399,41.4023323059082,483.160710887,2118144,1.1280714273452759,1747636288.1343143,0.9999999403953552
10984,0.9756117463111877,29.578777313232422,0.5983073115348816,1404,0.017578125,1403,0.7968871593475342,1.767079472541809,0.6676076650619507,41.4023323059082,491.211921564,2156544,1.2655831575393677,1747636296.185359,0.9999999403953552
11000,0.9763425588607788,29.20442771911621,0.5065104365348816,1406,0.01692708395421505,1405,0.7968871593475342,1.767079472541809,0.5671786069869995,41.4023323059082,491.85515864,2159616,1.137340784072876,1747636296.8287752,0.9999999403953552
11256,0.9860091209411621,28.585939407348633,0.515625,1438,0.01692708395421505,1437,0.7968871593475342,1.767079472541809,0.5020763874053955,41.4023323059082,502.1654879,2208768,1.1273822784423828,1747636307.1390927,0.9999999403953552
11432,0.9827519655227661,28.67903709411621,0.4869791865348816,1460,0.017578125,1459,0.7968871593475342,1.767079472541809,0.4927743673324585,41.4023323059082,509.271013477,2242560,1.1259081363677979,1747636314.2446175,0.9999999403953552
11488,0.9841161966323853,29.533205032348633,0.4368489682674408,1467,0.017578125,1466,0.7968871593475342,1.767079472541809,0.5133140683174133,41.4023323059082,511.538268251,2253312,1.0510386228561401,1747636316.511869,0.9999999403953552
11528,0.9733322858810425,29.537761688232422,0.53515625,1472,0.017578125,1471,0.7968871593475342,1.767079472541809,0.39074718952178955,41.4023323059082,513.144134319,2260992,1.1690669059753418,1747636318.117738,0.9999999403953552
11632,0.9737280607223511,29.492839813232422,0.5423177480697632,1485,0.0182291679084301,1484,0.7968871593475342,1.767079472541809,0.43163272738456726,41.4023323059082,517.340601414,2280960,1.2015364170074463,1747636322.3141973,0.9999999403953552
11712,0.9761181473731995,28.953777313232422,0.4856771230697632,1495,0.017578125,1494,0.7968871593475342,1.767079472541809,0.3795556426048279,41.4023323059082,520.569382453,2296320,1.1129324436187744,1747636325.542993,0.9999999403953552
11856,0.9807258248329163,28.709636688232422,0.541015625,1513,0.01953125186264515,1512,0.7968871593475342,1.767079472541809,0.3738831579685211,41.4023323059082,526.379451644,2323968,1.2067019939422607,1747636331.353047,0.9999999403953552
11992,0.9800583124160767,27.035158157348633,0.6028646230697632,1530,0.01888020895421505,1529,0.7968871593475342,1.767079472541809,0.4048877954483032,41.4023323059082,531.880209672,2350080,1.2600195407867432,1747636336.8537993,0.9999999403953552
12112,0.9981592893600464,27.353517532348633,0.3736979365348816,1545,0.01692708395421505,1544,0.7968871593475342,1.767079472541809,0.3841034770011902,41.4023323059082,536.723526628,2373120,0.982164204120636,1747636341.6970074,0.9999999403953552
12168,1.0281522274017334,26.104167938232422,0.6250000596046448,1552,0.02148437686264515,1551,0.7968871593475342,1.767079472541809,0.6112561225891113,41.4023323059082,538.976001194,2383872,1.2923134565353394,1747636343.9496198,0.9999999403953552
12400,1.0362426042556763,27.236980438232422,0.4882812798023224,1581,0.02278645895421505,1580,0.7968871593475342,1.767079472541809,0.4715379476547241,41.4023323059082,548.338718293,2428416,1.1899322271347046,1747636353.3123229,0.9999999403953552
12456,1.0580689907073975,28.60677146911621,0.3834635615348816,1588,0.017578125,1587,0.7968871593475342,1.767079472541809,0.49932894110679626,41.4023323059082,550.599630723,2439168,0.9545207023620605,1747636355.5732262,0.9999999403953552
12560,1.0401856899261475,26.02864646911621,0.5904948115348816,1601,0.01953125186264515,1600,0.7968871593475342,1.767079472541809,0.39488717913627625,41.4023323059082,554.77040204,2459136,1.2546111345291138,1747636359.744017,0.9999999403953552
12584,1.0223723649978638,26.75911521911621,0.3092448115348816,1604,0.0162760429084301,1603,0.7968871593475342,1.767079472541809,0.5517439246177673,41.4023323059082,555.739752017,2463744,0.8639828562736511,1747636360.7133386,0.9999999403953552
12616,1.029360294342041,25.320314407348633,0.5442708730697632,1608,0.01888020895421505,1607,0.7968871593475342,1.767079472541809,0.5767930150032043,41.4023323059082,557.025845595,2469888,1.207946538925171,1747636361.9994643,0.9999999403953552
12736,1.0374350547790527,29.39778709411621,0.6497396230697632,1623,0.017578125,1622,0.7968871593475342,1.767079472541809,0.3962438702583313,41.4023323059082,561.856243473,2492928,1.3497684001922607,1747636366.829855,0.9999999403953552
12912,1.0394299030303955,27.363283157348633,0.5065104365348816,1645,0.01953125186264515,1644,0.8345098495483398,1.8097426891326904,0.4442617893218994,42.2839241027832,569.027903432,2526720,1.131178379058838,1747636374.0015368,1.0
13008,1.0411027669906616,29.11653709411621,0.5807291865348816,1657,0.0182291679084301,1656,0.8345098495483398,1.8097426891326904,0.3971328139305115,42.2839241027832,572.911527591,2545152,1.2320475578308105,1747636377.8851428,1.0
13072,1.0583181381225586,27.555339813232422,0.4739583432674408,1665,0.02148437686264515,1664,0.8345098495483398,1.8097426891326904,0.4016543924808502,42.2839241027832,575.492853103,2557440,1.1267123222351074,1747636380.4664407,1.0
13136,1.061530351638794,28.169923782348633,0.55078125,1673,0.0182291679084301,1672,0.8345098495483398,1.8097426891326904,0.4558297395706177,42.2839241027832,578.077016347,2569728,1.1948479413986206,1747636383.0506155,1.0
13184,1.0509090423583984,27.445964813232422,0.4264323115348816,1679,0.017578125,1678,0.8345098495483398,1.8097426891326904,0.42787083983421326,42.2839241027832,580.008216506,2578944,0.986138105392456,1747636384.98182,1.0
13216,1.0490202903747559,28.004558563232422,0.4863281548023224,1683,0.0182291679084301,1682,0.8345098495483398,1.8097426891326904,0.3491649031639099,42.2839241027832,581.292882416,2585088,1.1016374826431274,1747636386.266504,1.0
13288,1.0631754398345947,26.420574188232422,0.3886719048023224,1692,0.0182291679084301,1691,0.8345098495483398,1.8097426891326904,0.35611921548843384,42.2839241027832,584.200531585,2598912,0.9340873956680298,1747636389.1741524,1.0
13296,1.0538407564163208,28.15755271911621,0.509765625,1693,0.02083333395421505,1692,0.8345098495483398,1.8097426891326904,0.3447391390800476,42.2839241027832,584.522528908,2600448,1.1601920127868652,1747636389.4961395,1.0
13528,1.044193983078003,28.25325584411621,0.4954427480697632,1722,0.01888020895421505,1721,0.8345098495483398,1.8097426891326904,0.3854423463344574,42.2839241027832,593.868773336,2644992,1.1185083389282227,1747636398.8423724,1.0
13624,1.0382695198059082,25.076173782348633,0.5865885615348816,1734,0.02083333395421505,1733,0.8345098495483398,1.8097426891326904,0.33781659603118896,42.2839241027832,597.765045363,2663424,1.2273648977279663,1747636402.7386756,1.0
13640,1.051932692527771,29.240236282348633,0.4837239980697632,1736,0.0182291679084301,1735,0.8345098495483398,1.8097426891326904,0.3436332046985626,42.2839241027832,598.406438501,2666496,1.0769643783569336,1747636403.3800588,1.0
13904,1.0766886472702026,26.52083396911621,0.5891927480697632,1769,0.01953125186264515,1768,0.8345098495483398,1.8097426891326904,0.4607800841331482,42.2839241027832,609.058242831,2717184,1.243327260017395,1747636414.031845,1.0
14016,1.0343308448791504,26.36849021911621,0.5651041865348816,1783,0.0221354179084301,1782,0.8345098495483398,1.8097426891326904,0.4283277690410614,42.2839241027832,613.566705774,2738688,1.2342283725738525,1747636418.540294,1.0
14136,1.0646939277648926,28.98177146911621,0.4791666865348816,1798,0.01692708395421505,1797,0.8345098495483398,1.8097426891326904,0.3918520212173462,42.2839241027832,618.417474724,2761728,1.090894341468811,1747636423.391067,1.0
14200,1.0821516513824463,28.274089813232422,0.4986979365348816,1806,0.0201822929084301,1805,0.8345098495483398,1.8097426891326904,0.37513118982315063,42.2839241027832,620.989696713,2774016,1.1369322538375854,1747636425.9632225,1.0
14256,1.0848684310913086,28.908855438232422,0.5462239980697632,1813,0.0162760429084301,1812,0.8345098495483398,1.8097426891326904,0.4004680812358856,42.2839241027832,623.246040429,2784768,1.1773775815963745,1747636428.2196667,1.0
14296,1.078133225440979,30.15755271911621,0.54296875,1818,0.0162760429084301,1817,0.8345098495483398,1.8097426891326904,0.41336590051651,42.2839241027832,624.851832576,2792448,1.1600713729858398,1747636429.8254392,1.0
14304,1.0583751201629639,29.11067771911621,0.4746094048023224,1819,0.01692708395421505,1818,0.8345098495483398,1.8097426891326904,0.5734502077102661,42.2839241027832,625.175146502,2793984,1.0694400072097778,1747636430.14876,1.0
14392,1.1020536422729492,26.253908157348633,0.5970052480697632,1830,0.02083333395421505,1829,0.8345098495483398,1.8097426891326904,0.3779458999633789,42.2839241027832,628.725757075,2810880,1.2590152025222778,1747636433.6993573,1.0
14432,1.1390348672866821,26.92513084411621,0.6210938096046448,1835,0.01953125186264515,1834,0.8345098495483398,1.8097426891326904,0.4824639558792114,42.2839241027832,630.339425472,2818560,1.2606943845748901,1747636435.3130186,1.0
14472,1.1166703701019287,27.944011688232422,0.5657552480697632,1840,0.01888020895421505,1839,0.8345098495483398,1.8097426891326904,0.37541359663009644,42.2839241027832,631.954632123,2826240,1.225538969039917,1747636436.9282336,1.0
14648,1.1615569591522217,28.283205032348633,0.50390625,1862,0.02148437686264515,1861,0.8345098495483398,1.8097426891326904,0.3330063223838806,42.2839241027832,639.058046713,2860032,1.1930983066558838,1747636444.0316691,1.0
14808,1.1406903266906738,27.090496063232422,0.6119791865348816,1882,0.01953125186264515,1881,0.8345098495483398,1.8097426891326904,0.32448142766952515,42.2839241027832,645.517606011,2890752,1.309205412864685,1747636450.4912088,1.0
15288,1.124725103378296,27.29622459411621,0.5149739980697632,1942,0.0182291679084301,1941,0.8345098495483398,1.8097426891326904,0.3262982666492462,42.2839241027832,664.887068986,2982912,1.1200013160705566,1747636469.8606734,1.0
15368,1.1335176229476929,27.276042938232422,0.4505208432674408,1952,0.0201822929084301,1951,0.8431856036186218,1.8190531730651855,0.3151879906654358,43.84400939941406,668.174168442,2998272,1.0679773092269897,1747636473.147732,1.0
15392,1.146998405456543,29.844402313232422,0.3411458432674408,1955,0.017578125,1954,0.8431856036186218,1.8190531730651855,0.3079410493373871,43.84400939941406,669.138435878,3002880,0.9616487622261047,1747636474.1120415,1.0
15400,1.1422251462936401,28.777996063232422,0.5976563096046448,1956,0.017578125,1955,0.8431856036186218,1.8190531730651855,0.3776624798774719,43.84400939941406,669.459138957,3004416,1.2556748390197754,1747636474.4327533,1.0
15432,1.1201934814453125,27.60481834411621,0.6139323115348816,1960,0.01953125186264515,1959,0.8431856036186218,1.8190531730651855,0.3902216851711273,43.84400939941406,670.753386869,3010560,1.301614761352539,1747636475.726815,1.0
15480,1.1220961809158325,27.333986282348633,0.515625,1966,0.01953125186264515,1965,0.8431856036186218,1.8190531730651855,0.35239535570144653,43.84400939941406,672.694189104,3019776,1.1812416315078735,1747636477.6678097,1.0
15544,1.1128008365631104,25.703126907348633,0.4544270932674408,1974,0.017578125,1973,0.8431856036186218,1.8190531730651855,0.3158279359340668,43.84400939941406,675.272247697,3032064,0.9999343156814575,1747636480.2458596,1.0
15672,1.1242860555648804,29.339845657348633,0.5377604365348816,1990,0.0201822929084301,1989,0.8431856036186218,1.8190531730651855,0.7577144503593445,43.84400939941406,680.437926703,3056640,1.1843611001968384,1747636485.4115396,1.0
15768,1.1276949644088745,28.00130271911621,0.4876302480697632,2002,0.01888020895421505,2001,0.8431856036186218,1.8190531730651855,0.32670000195503235,43.84400939941406,684.304945873,3075072,1.137852430343628,1747636489.2785578,1.0
15856,1.0949969291687012,27.605470657348633,0.5403646230697632,2013,0.01953125186264515,2012,0.8431856036186218,1.8190531730651855,0.5152201056480408,43.84400939941406,687.853698573,3091968,1.2311664819717407,1747636492.827282,1.0
16040,1.1314237117767334,29.56966209411621,0.5325521230697632,2036,0.0182291679084301,2035,0.8431856036186218,1.8190531730651855,0.33156341314315796,43.84400939941406,695.269639951,3127296,1.1840393543243408,1747636500.2432067,1.0
16200,1.1572909355163574,28.949220657348633,0.55078125,2056,0.0182291679084301,2055,0.8431856036186218,1.8190531730651855,0.33383405208587646,43.84400939941406,701.722729056,3158016,1.1727051734924316,1747636506.6963146,1.0
16272,1.1555696725845337,26.968751907348633,0.4596354365348816,2065,0.01888020895421505,2064,0.8431856036186218,1.8190531730651855,0.30519917607307434,43.84400939941406,704.628082409,3171840,1.060875654220581,1747636509.6017103,1.0
16384,1.155435562133789,29.33333396911621,0.4570312798023224,2079,0.015625,2078,0.8431856036186218,1.8190531730651855,0.357074499130249,43.84400939941406,709.137321565,3193344,1.0286610126495361,1747636514.1109235,1.0
16464,1.1539745330810547,28.57942771911621,0.4876302480697632,2089,0.0162760429084301,2088,0.8431856036186218,1.8190531730651855,0.3580447733402252,43.84400939941406,712.366209918,3208704,1.0897916555404663,1747636517.339814,1.0
16472,1.1668936014175415,27.433595657348633,0.4505208432674408,2090,0.017578125,2089,0.8431856036186218,1.8190531730651855,0.3335128128528595,43.84400939941406,712.689356549,3210240,1.0628193616867065,1747636517.662969,1.0
16512,1.145294427871704,30.604820251464844,0.505859375,2095,0.015625,2094,0.8431856036186218,1.8190531730651855,0.3998091518878937,43.84400939941406,714.307009207,3217920,1.1249806880950928,1747636519.2804973,1.0
16520,1.131911277770996,29.37044334411621,0.4960937798023224,2096,0.0182291679084301,2095,0.8431856036186218,1.8190531730651855,0.3108498454093933,43.84400939941406,714.627849814,3219456,1.1183769702911377,1747636519.6014466,1.0
16584,1.1554547548294067,29.799480438232422,0.5572916865348816,2104,0.01888020895421505,2103,0.8431856036186218,1.8190531730651855,0.3251367509365082,43.84400939941406,717.211958462,3231744,1.2459505796432495,1747636522.1855688,1.0
17024,1.1392998695373535,26.826824188232422,0.5377604365348816,2159,0.01888020895421505,2158,0.8431856036186218,1.8190531730651855,0.2882850766181946,43.84400939941406,734.961893202,3316224,1.1658120155334473,1747636539.9354706,1.0
17376,1.1453783512115479,28.19856834411621,0.4648437798023224,2203,0.01888020895421505,2202,0.8431856036186218,1.8190531730651855,0.2824013829231262,43.84400939941406,749.166562892,3383808,1.081275224685669,1747636554.140173,1.0
17440,1.1357475519180298,27.703126907348633,0.51171875,2211,0.01953125186264515,2210,0.8431856036186218,1.8190531730651855,0.27682065963745117,43.84400939941406,751.751236393,3396096,1.1378593444824219,1747636556.7247245,1.0
17464,1.1332494020462036,27.97591209411621,0.6009114980697632,2214,0.01953125186264515,2213,0.8431856036186218,1.8190531730651855,0.3489290177822113,43.84400939941406,752.718036397,3400704,1.2852656841278076,1747636557.6916466,1.0
17536,1.116815447807312,27.769533157348633,0.5325521230697632,2223,0.01692708395421505,2222,0.8431856036186218,1.8190531730651855,0.5458444356918335,43.84400939941406,755.608538421,3414528,1.1341171264648438,1747636560.5821335,1.0
17568,1.1070747375488281,29.175783157348633,0.4602864682674408,2227,0.01692708395421505,2226,0.8431856036186218,1.8190531730651855,0.4288904070854187,43.84400939941406,756.895071609,3420672,1.045939564704895,1747636561.8686845,1.0
17584,1.1269152164459229,28.660808563232422,0.6210938096046448,2229,0.01888020895421505,2228,0.8431856036186218,1.8190531730651855,0.3080536127090454,43.84400939941406,757.539325074,3423744,1.3066149950027466,1747636562.5129306,1.0
17728,1.1449377536773682,26.718751907348633,0.4680989682674408,2247,0.0201822929084301,2246,0.8431856036186218,1.8190531730651855,0.2951645851135254,43.84400939941406,763.347132809,3451392,1.0592963695526123,1747636568.3207276,1.0
17904,1.1022862195968628,29.574871063232422,0.6080729365348816,2269,0.0182291679084301,2268,0.8431856036186218,1.8190531730651855,0.5048534870147705,43.84400939941406,770.447892047,3485184,1.3040118217468262,1747636575.4214766,1.0
18024,1.1614956855773926,27.121746063232422,0.5690104365348816,2284,0.01953125186264515,2283,0.8809338212013245,1.8638874292373657,0.23265846073627472,41.646690368652344,775.357793274,3508224,1.2154452800750732,1747636580.331353,0.9999999403953552
18080,1.1366426944732666,28.016277313232422,0.6595052480697632,2291,0.01953125186264515,2290,0.8809338212013245,1.8638874292373657,0.2943006753921509,41.646690368652344,777.614235386,3518976,1.335780143737793,1747636582.5878382,0.9999999403953552
18120,1.1608715057373047,27.36458396911621,0.5266927480697632,2296,0.02083333395421505,2295,0.8809338212013245,1.8638874292373657,0.34460970759391785,41.646690368652344,779.222213699,3526656,1.2069252729415894,1747636584.1958175,0.9999999403953552
18336,1.159240484237671,26.33528709411621,0.3671875298023224,2323,0.02083333395421505,2322,0.8809338212013245,1.8638874292373657,0.33207187056541443,41.646690368652344,787.922918538,3568128,0.9623585343360901,1747636592.8965402,0.9999999403953552
18392,1.1679339408874512,25.17903709411621,0.5501302480697632,2330,0.01888020895421505,2329,0.8809338212013245,1.8638874292373657,0.24493971467018127,41.646690368652344,790.199402359,3578880,1.203751802444458,1747636595.1730103,0.9999999403953552
18424,1.1863933801651,27.535808563232422,0.5807291865348816,2334,0.02083333395421505,2333,0.8809338212013245,1.8638874292373657,0.23627635836601257,41.646690368652344,791.489170313,3585024,1.2487016916275024,1747636596.4627786,0.9999999403953552
18504,1.1708462238311768,28.768230438232422,0.4029948115348816,2344,0.01692708395421505,2343,0.8809338212013245,1.8638874292373657,0.27868276834487915,41.646690368652344,794.709717306,3600384,1.0163474082946777,1747636599.6833131,0.9999999403953552
18680,1.1876059770584106,26.574220657348633,0.5813802480697632,2366,0.01953125186264515,2365,0.8809338212013245,1.8638874292373657,0.27184975147247314,41.646690368652344,801.815881959,3634176,1.2307078838348389,1747636606.789465,0.9999999403953552
18720,1.183018684387207,27.179689407348633,0.6171875596046448,2371,0.02148437686264515,2370,0.8809338212013245,1.8638874292373657,0.2619115710258484,41.646690368652344,803.432534636,3641856,1.321045994758606,1747636608.406125,0.9999999403953552
18816,1.1773667335510254,27.231121063232422,0.5651041865348816,2383,0.0182291679084301,2382,0.8809338212013245,1.8638874292373657,0.35347980260849,41.646690368652344,807.294396424,3660288,1.1926575899124146,1747636612.267985,0.9999999403953552
18888,1.169330358505249,26.75130271911621,0.5768229365348816,2392,0.01953125186264515,2391,0.8809338212013245,1.8638874292373657,0.23119822144508362,41.646690368652344,810.197243124,3674112,1.2254860401153564,1747636615.170846,0.9999999403953552
19040,1.178969383239746,27.296876907348633,0.509765625,2411,0.0182291679084301,2410,0.8809338212013245,1.8638874292373657,0.2956182658672333,41.646690368652344,816.330285008,3703296,1.1641701459884644,1747636621.3038847,0.9999999403953552
19152,1.1596903800964355,28.855470657348633,0.5501302480697632,2425,0.01692708395421505,2424,0.8809338212013245,1.8638874292373657,0.2759231925010681,41.646690368652344,820.855666905,3724800,1.1918758153915405,1747636625.8292496,0.9999999403953552
19336,1.1859701871871948,30.140626907348633,0.4485677182674408,2448,0.015625,2447,0.8809338212013245,1.8638874292373657,0.24741719663143158,41.646690368652344,828.29445898,3760128,1.0450265407562256,1747636633.268045,0.9999999403953552
19344,1.1944901943206787,28.709636688232422,0.5638021230697632,2449,0.0201822929084301,2448,0.8809338212013245,1.8638874292373657,0.27333009243011475,41.646690368652344,828.61502174,3761664,1.2146550416946411,1747636633.5886488,0.9999999403953552
19352,1.2114999294281006,27.319011688232422,0.6048177480697632,2450,0.01692708395421505,2449,0.8809338212013245,1.8638874292373657,0.23158690333366394,41.646690368652344,828.935613915,3763200,1.2383886575698853,1747636633.9092264,0.9999999403953552
19504,1.1888790130615234,29.400392532348633,0.5787760615348816,2469,0.017578125,2468,0.8809338212013245,1.8638874292373657,0.47581836581230164,41.646690368652344,835.058469038,3792384,1.239161729812622,1747636640.032057,0.9999999403953552
19736,1.208749771118164,29.13216209411621,0.5071614980697632,2498,0.0201822929084301,2497,0.8809338212013245,1.8638874292373657,0.27499985694885254,41.646690368652344,844.434842047,3836928,1.1963231563568115,1747636649.4084454,0.9999999403953552
20016,1.216504454612732,27.93099021911621,0.5677083730697632,2533,0.01888020895421505,2532,0.8809338212013245,1.8638874292373657,0.2554231286048889,41.646690368652344,855.726636516,3890688,1.1988822221755981,1747636660.700214,0.9999999403953552
20048,1.231680154800415,28.15755271911621,0.4570312798023224,2537,0.017578125,2536,0.8809338212013245,1.8638874292373657,0.2689459025859833,41.646690368652344,857.012080281,3896832,1.0596333742141724,1747636661.9857016,0.9999999403953552
20200,1.2170765399932861,26.853517532348633,0.6308594346046448,2556,0.02278645895421505,2555,0.8809338212013245,1.8638874292373657,0.32970669865608215,41.646690368652344,863.143935749,3926016,1.3194981813430786,1747636668.1174774,0.9999999403953552
20504,1.2240326404571533,28.096355438232422,0.6295573115348816,2594,0.0201822929084301,2593,0.8809338212013245,1.8638874292373657,0.2528027296066284,41.646690368652344,875.404174524,3984384,1.3173233270645142,1747636680.3777635,0.9999999403953552
20552,1.2192339897155762,27.59309959411621,0.5462239980697632,2600,0.0201822929084301,2599,0.8805854916572571,1.8643916845321655,0.40641260147094727,41.51694869995117,877.428108974,3993600,1.1871105432510376,1747636682.4017239,1.0
20568,1.2481257915496826,25.464845657348633,0.5983073115348816,2602,0.02148437686264515,2601,0.8805854916572571,1.8643916845321655,0.3437059819698334,41.51694869995117,878.07302516,3996672,1.2947161197662354,1747636683.0466242,1.0
20584,1.2391341924667358,28.636720657348633,0.6451823115348816,2604,0.02083333395421505,2603,0.8805854916572571,1.8643916845321655,0.2531448006629944,41.51694869995117,878.714486197,3999744,1.3402513265609741,1747636683.688075,1.0
20696,1.2493999004364014,26.983074188232422,0.6015625596046448,2618,0.0201822929084301,2617,0.8805854916572571,1.8643916845321655,0.22927813231945038,41.51694869995117,883.234928742,4021248,1.2622787952423096,1747636688.2085176,1.0
20728,1.2372335195541382,26.662111282348633,0.5130208730697632,2622,0.01953125186264515,2621,0.8805854916572571,1.8643916845321655,0.38966017961502075,41.51694869995117,884.527816794,4027392,1.1025248765945435,1747636689.5013573,1.0
21016,1.2380244731903076,28.419923782348633,0.6406250596046448,2658,0.01888020895421505,2657,0.8805854916572571,1.8643916845321655,0.31619906425476074,41.51694869995117,896.128807933,4082688,1.293304204940796,1747636701.1024158,1.0
21312,1.2057647705078125,27.869142532348633,0.6647135615348816,2695,0.02148437686264515,2694,0.8805854916572571,1.8643916845321655,0.27898287773132324,41.51694869995117,908.064759419,4139520,1.3388020992279053,1747636713.0383482,1.0
21352,1.2042860984802246,27.71809959411621,0.5885416865348816,2700,0.01692708395421505,2699,0.8805854916572571,1.8643916845321655,0.34614554047584534,41.51694869995117,909.676810414,4147200,1.234972596168518,1747636714.6503973,1.0
21384,1.2012419700622559,26.439455032348633,0.5755208730697632,2704,0.02148437686264515,2703,0.8805854916572571,1.8643916845321655,0.29675090312957764,41.51694869995117,910.962222287,4153344,1.2350529432296753,1747636715.935836,1.0
21520,1.2089260816574097,25.835939407348633,0.4817708730697632,2721,0.01888020895421505,2720,0.8805854916572571,1.8643916845321655,0.28457483649253845,41.51694869995117,916.452877714,4179456,1.063571810722351,1747636721.4264386,1.0
21736,1.2246954441070557,26.971355438232422,0.4967448115348816,2748,0.02083333395421505,2747,0.8805854916572571,1.8643916845321655,0.2706959843635559,41.51694869995117,925.172625509,4220928,1.125807523727417,1747636730.1462202,1.0
22168,1.2322745323181152,26.763673782348633,0.6595052480697632,2802,0.02148437686264515,2801,0.8805854916572571,1.8643916845321655,0.22025370597839355,41.51694869995117,942.584641232,4303872,1.3581563234329224,1747636747.5582278,1.0
22240,1.2590317726135254,26.74544334411621,0.5839844346046448,2811,0.02148437686264515,2810,0.8805854916572571,1.8643916845321655,0.20489910244941711,41.51694869995117,945.48960771,4317696,1.2881016731262207,1747636750.4630592,1.0
22392,1.2517986297607422,27.39388084411621,0.6510416865348816,2830,0.02083333395421505,2829,0.8805854916572571,1.8643916845321655,0.37684398889541626,41.51694869995117,951.617157891,4346880,1.372593879699707,1747636756.5905864,1.0
22480,1.2235442399978638,27.56966209411621,0.517578125,2841,0.0201822929084301,2840,0.8805854916572571,1.8643916845321655,0.24451713263988495,41.51694869995117,955.168841612,4363776,1.1390315294265747,1747636760.1424317,1.0
22944,1.211482048034668,25.27474021911621,0.56640625,2899,0.0182291679084301,2898,0.8805854916572571,1.8643916845321655,0.2842007279396057,41.51694869995117,973.877343252,4452864,1.192979097366333,1747636778.8509634,1.0
23144,1.2136911153793335,28.75716209411621,0.6393229365348816,2924,0.01888020895421505,2923,0.8805854916572571,1.8643916845321655,0.18831767141819,41.51694869995117,981.955853039,4491264,1.3288445472717285,1747636786.9294543,1.0
23280,1.1998305320739746,28.18880271911621,0.5859375596046448,2941,0.01888020895421505,2940,0.9157744646072388,1.9037320613861084,0.2919921278953552,38.807281494140625,987.548980622,4517376,1.2840449810028076,1747636792.522395,1.0
23640,1.189284324645996,25.312501907348633,0.5983073115348816,2986,0.01953125186264515,2985,0.9157744646072388,1.9037320613861084,0.27743256092071533,38.807281494140625,1002.120963514,4586496,1.261878252029419,1747636807.094582,1.0
23672,1.175778865814209,25.221355438232422,0.6087239980697632,2990,0.0221354179084301,2989,0.9157744646072388,1.9037320613861084,0.22345894575119019,38.807281494140625,1003.41369962,4592640,1.2884609699249268,1747636808.3872807,1.0
23680,1.1737422943115234,26.432292938232422,0.6490885615348816,2991,0.0221354179084301,2990,0.9157744646072388,1.9037320613861084,0.23349252343177795,38.807281494140625,1003.738543965,4594176,1.334774374961853,1747636808.7120824,1.0
23928,1.196014404296875,24.873048782348633,0.5735677480697632,3022,0.02148437686264515,3021,0.9157744646072388,1.9037320613861084,0.22339703142642975,38.807281494140625,1013.785016127,4641792,1.213169813156128,1747636818.7586484,1.0
23968,1.1819709539413452,26.539064407348633,0.5182291865348816,3027,0.0201822929084301,3026,0.9157744646072388,1.9037320613861084,0.26407819986343384,38.807281494140625,1015.41302989,4649472,1.0938012599945068,1747636820.386643,1.0
24192,1.1508278846740723,27.632814407348633,0.6510416865348816,3055,0.02148437686264515,3054,0.9157744646072388,1.9037320613861084,0.19777482748031616,38.807281494140625,1024.508213405,4692480,1.3626524209976196,1747636829.481781,1.0
24384,1.1582696437835693,27.38020896911621,0.5787760615348816,3079,0.0201822929084301,3078,0.9157744646072388,1.9037320613861084,0.21150176227092743,38.807281494140625,1032.290224669,4729344,1.2212094068527222,1747636837.263837,1.0
24408,1.1643781661987305,23.817058563232422,0.6178385615348816,3082,0.0201822929084301,3081,0.9157744646072388,1.9037320613861084,0.18926016986370087,38.807281494140625,1033.255420368,4733952,1.256183385848999,1747636838.2289007,1.0
24488,1.1559455394744873,27.912761688232422,0.5963541865348816,3092,0.02083333395421505,3091,0.9157744646072388,1.9037320613861084,0.25952789187431335,38.807281494140625,1036.493508332,4749312,1.2598021030426025,1747636841.466946,1.0
24640,1.1375035047531128,26.52083396911621,0.6425781846046448,3111,0.02083333395421505,3110,0.9157744646072388,1.9037320613861084,0.2175288200378418,38.807281494140625,1042.659512212,4778496,1.3310216665267944,1747636847.633118,1.0
24664,1.1542738676071167,26.302736282348633,0.6412760615348816,3114,0.0201822929084301,3113,0.9157744646072388,1.9037320613861084,0.212336927652359,38.807281494140625,1043.631092962,4783104,1.324662208557129,1747636848.6046698,1.0
24808,1.1861011981964111,25.777996063232422,0.5084635615348816,3132,0.01888020895421505,3131,0.9157744646072388,1.9037320613861084,0.21911664307117462,38.807281494140625,1049.467593112,4810752,1.130130648612976,1747636854.4411752,1.0
24896,1.2043544054031372,26.850261688232422,0.5768229365348816,3143,0.01953125186264515,3142,0.9157744646072388,1.9037320613861084,0.19503487646579742,38.807281494140625,1053.039730658,4827648,1.2200292348861694,1747636858.0133233,1.0
25160,1.1903812885284424,24.672527313232422,0.6764323115348816,3176,0.02278645895421505,3175,0.9157744646072388,1.9037320613861084,0.24396595358848572,38.807281494140625,1063.687910904,4878336,1.3729426860809326,1747636868.6614978,1.0
25288,1.1697638034820557,27.563152313232422,0.4973958730697632,3192,0.01953125186264515,3191,0.9157744646072388,1.9037320613861084,0.22189146280288696,38.807281494140625,1068.860032772,4902912,1.1214466094970703,1747636873.8336291,1.0
25320,1.1985080242156982,27.729167938232422,0.7018229365348816,3196,0.01888020895421505,3195,0.9157744646072388,1.9037320613861084,0.268890917301178,38.807281494140625,1070.154537541,4909056,1.418196201324463,1747636875.1280115,1.0
25480,1.178260326385498,26.652345657348633,0.51953125,3216,0.01953125186264515,3215,0.9157744646072388,1.9037320613861084,0.19119137525558472,38.807281494140625,1076.591504571,4939776,1.1378321647644043,1747636881.5650682,1.0
25672,1.2042970657348633,28.525392532348633,0.521484375,3240,0.0182291679084301,3239,0.9157744646072388,1.9037320613861084,0.2095026671886444,38.807281494140625,1084.32764244,4976640,1.1772559881210327,1747636889.301209,1.0
25696,1.1723008155822754,25.754558563232422,0.6191406846046448,3243,0.0240885429084301,3242,0.9157744646072388,1.9037320613861084,0.25335681438446045,38.807281494140625,1085.293619175,4981248,1.3424676656723022,1747636890.2671802,1.0
25776,1.1786425113677979,27.619142532348633,0.5722656846046448,3253,0.02083333395421505,3252,0.9165497422218323,1.9048060178756714,0.23125910758972168,37.66970443725586,1088.59384054,4996608,1.2548706531524658,1747636893.5674105,1.0
25880,1.1865500211715698,27.537761688232422,0.5475260615348816,3266,0.01888020895421505,3265,0.9165497422218323,1.9048060178756714,0.195124089717865,37.66970443725586,1092.803384124,5016576,1.1806690692901611,1747636897.776977,1.0
25904,1.1790398359298706,26.21224021911621,0.5442708730697632,3269,0.0201822929084301,3268,0.9165497422218323,1.9048060178756714,0.24030590057373047,37.66970443725586,1093.768602598,5021184,1.1770790815353394,1747636898.7422092,1.0
26088,1.213848352432251,27.35481834411621,0.5364583730697632,3292,0.01953125186264515,3291,0.9165497422218323,1.9048060178756714,0.1972755491733551,37.66970443725586,1101.182165485,5056512,1.1602858304977417,1747636906.155759,1.0
26112,1.2099329233169556,26.936199188232422,0.6126302480697632,3295,0.01888020895421505,3294,0.9165497422218323,1.9048060178756714,0.21012374758720398,37.66970443725586,1102.14968341,5061120,1.2593166828155518,1747636907.1232588,1.0
26192,1.194451928138733,27.052736282348633,0.6158854365348816,3305,0.0221354179084301,3304,0.9165497422218323,1.9048060178756714,0.26407378911972046,37.66970443725586,1105.366006975,5076480,1.303981900215149,1747636910.3395815,1.0
26304,1.2186323404312134,25.541017532348633,0.6542969346046448,3319,0.02148437686264515,3318,0.9165497422218323,1.9048060178756714,0.22075937688350677,37.66970443725586,1109.877148797,5097984,1.353334665298462,1747636914.850748,1.0
26344,1.2309913635253906,27.47005271911621,0.5651041865348816,3324,0.0182291679084301,3323,0.9165497422218323,1.9048060178756714,0.20923054218292236,37.66970443725586,1111.494463858,5105664,1.2378756999969482,1747636916.4680607,1.0
26416,1.2130918502807617,27.574871063232422,0.7024739980697632,3333,0.02083333395421505,3332,0.9165497422218323,1.9048060178756714,0.23430068790912628,37.66970443725586,1114.392691321,5119488,1.4049479961395264,1747636919.3662794,1.0
26632,1.2339417934417725,26.879558563232422,0.6523438096046448,3360,0.02083333395421505,3359,0.9165497422218323,1.9048060178756714,0.2314983606338501,37.66970443725586,1123.114131483,5160960,1.3594043254852295,1747636928.0877335,1.0
27008,1.2400307655334473,28.621746063232422,0.5826823115348816,3407,0.01888020895421505,3406,0.9165497422218323,1.9048060178756714,0.19007590413093567,37.66970443725586,1138.2672725,5233152,1.2457528114318848,1747636943.2408805,1.0
27096,1.2359789609909058,27.108074188232422,0.4459635615348816,3418,0.01692708395421505,3417,0.9165497422218323,1.9048060178756714,0.23500275611877441,37.66970443725586,1141.822511339,5250048,1.0435924530029297,1747636946.7961018,1.0
27152,1.2453323602676392,28.113283157348633,0.6477864980697632,3425,0.02148437686264515,3424,0.9165497422218323,1.9048060178756714,0.21810615062713623,37.66970443725586,1144.077326814,5260800,1.337179183959961,1747636949.050922,1.0
27192,1.2315192222595215,27.606121063232422,0.5735677480697632,3430,0.02083333395421505,3429,0.9165497422218323,1.9048060178756714,0.23531919717788696,37.66970443725586,1145.693375378,5268480,1.2082940340042114,1747636950.6669898,1.0
27200,1.2385469675064087,28.60091209411621,0.6263021230697632,3431,0.01888020895421505,3430,0.9165497422218323,1.9048060178756714,0.18513551354408264,37.66970443725586,1146.016965291,5270016,1.289156436920166,1747636950.9905913,1.0
27216,1.2277781963348389,27.26497459411621,0.5950521230697632,3433,0.02083333395421505,3432,0.9165497422218323,1.9048060178756714,0.2217397689819336,37.66970443725586,1146.665371368,5273088,1.2765673398971558,1747636951.6389656,1.0
27288,1.219573736190796,25.535808563232422,0.6022135615348816,3442,0.0201822929084301,3441,0.9165497422218323,1.9048060178756714,0.16938526928424835,37.66970443725586,1149.5663535,5286912,1.2745646238327026,1747636954.5399628,1.0
27312,1.2354141473770142,27.930339813232422,0.5807291865348816,3445,0.0201822929084301,3444,0.9165497422218323,1.9048060178756714,0.1939028650522232,37.66970443725586,1150.537250109,5291520,1.2403346300125122,1747636955.5108652,1.0
27360,1.215844750404358,25.50520896911621,0.5006510615348816,3451,0.02083333395421505,3450,0.9165497422218323,1.9048060178756714,0.30838876962661743,37.66970443725586,1152.471005715,5300736,1.115959882736206,1747636957.4446385,1.0
27488,1.2554502487182617,26.410808563232422,0.6080729365348816,3467,0.0201822929084301,3466,0.9165497422218323,1.9048060178756714,0.22221504151821136,37.66970443725586,1157.615201067,5325312,1.2770521640777588,1747636962.588813,1.0
27616,1.2551604509353638,26.92317771911621,0.6575521230697632,3483,0.02148437686264515,3482,0.9165497422218323,1.9048060178756714,0.186676025390625,37.66970443725586,1162.816401871,5349888,1.3510851860046387,1747636967.7899837,1.0
27744,1.2444641590118408,26.332033157348633,0.6139323115348816,3499,0.0221354179084301,3498,0.9165497422218323,1.9048060178756714,0.26381224393844604,37.66970443725586,1167.993599166,5374464,1.2524296045303345,1747636972.9671981,1.0
27776,1.2432689666748047,28.024089813232422,0.6712239980697632,3503,0.02083333395421505,3502,0.9165497422218323,1.9048060178756714,0.1818830966949463,37.66970443725586,1169.279125297,5380608,1.355690360069275,1747636974.252734,1.0
27960,1.275059700012207,27.859376907348633,0.6302083730697632,3526,0.02278645895421505,3525,0.9165497422218323,1.9048060178756714,0.16537369787693024,37.66970443725586,1176.680556252,5415936,1.3645410537719727,1747636981.6541457,1.0
28224,1.2763680219650269,27.05794334411621,0.5898438096046448,3559,0.01953125186264515,3558,0.9165497422218323,1.9048060178756714,0.16765636205673218,37.66970443725586,1187.318633073,5466624,1.2669612169265747,1747636992.2922466,1.0
28264,1.2669627666473389,26.006511688232422,0.6575521230697632,3564,0.02148437686264515,3563,0.9165497422218323,1.9048060178756714,0.15233519673347473,37.66970443725586,1188.92743057,5474304,1.3446458578109741,1747636993.9010327,1.0
28384,1.2635045051574707,26.51497459411621,0.6119791865348816,3579,0.02278645895421505,3578,0.930167555809021,1.9219067096710205,0.22288787364959717,37.99510955810547,1193.835068816,5497344,1.302143931388855,1747636998.8086948,1.0
28416,1.227198839187622,28.018230438232422,0.6471354365348816,3583,0.01953125186264515,3582,0.930167555809021,1.9219067096710205,0.22079990804195404,37.99510955810547,1195.12554617,5503488,1.3423523902893066,1747637000.0991585,1.0
28840,1.2264318466186523,26.84505271911621,0.6875000596046448,3636,0.02278645895421505,3635,0.930167555809021,1.9219067096710205,0.2481975257396698,37.99510955810547,1212.210118147,5584896,1.425001859664917,1747637017.1837113,1.0
29064,1.2698581218719482,27.92317771911621,0.6516927480697632,3664,0.0201822929084301,3663,0.930167555809021,1.9219067096710205,0.26417970657348633,37.99510955810547,1221.265615213,5627904,1.3606282472610474,1747637026.2392004,1.0
29112,1.2482253313064575,28.016277313232422,0.6829427480697632,3670,0.02148437686264515,3669,0.930167555809021,1.9219067096710205,0.2151494324207306,37.99510955810547,1223.200978794,5637120,1.401296615600586,1747637028.1746006,1.0
29168,1.2484803199768066,26.176433563232422,0.6634114980697632,3677,0.02083333395421505,3676,0.930167555809021,1.9219067096710205,0.21041618287563324,37.99510955810547,1225.458426705,5647872,1.3635026216506958,1747637030.43201,1.0
29248,1.230930209159851,26.36653709411621,0.6269531846046448,3687,0.0221354179084301,3686,0.930167555809021,1.9219067096710205,0.18796560168266296,37.99510955810547,1228.675838144,5663232,1.3246194124221802,1747637033.6494405,1.0
29392,1.2469100952148438,24.70247459411621,0.7018229365348816,3705,0.02343750186264515,3704,0.930167555809021,1.9219067096710205,0.18438343703746796,37.99510955810547,1234.475658229,5690880,1.4289584159851074,1747637039.4492688,1.0
29496,1.2275853157043457,26.922527313232422,0.5572916865348816,3718,0.0182291679084301,3717,0.930167555809021,1.9219067096710205,0.21861177682876587,37.99510955810547,1238.663199238,5710848,1.2021228075027466,1747637043.6368034,1.0
29600,1.2158678770065308,27.62434959411621,0.6770833730697632,3731,0.02083333395421505,3730,0.930167555809021,1.9219067096710205,0.22475099563598633,37.99510955810547,1242.850322955,5730816,1.369856834411621,1747637047.823939,1.0
30136,1.2013065814971924,27.66341209411621,0.5852864980697632,3798,0.01888020895421505,3797,0.930167555809021,1.9219067096710205,0.24168501794338226,37.99510955810547,1264.466145091,5833728,1.2294244766235352,1747637069.4397748,1.0
30144,1.1889073848724365,24.88802146911621,0.6516927480697632,3799,0.02278645895421505,3798,0.930167555809021,1.9219067096710205,0.24648496508598328,37.99510955810547,1264.789704187,5835264,1.3461395502090454,1747637069.7633164,1.0
30232,1.195098876953125,26.416667938232422,0.4635416865348816,3810,0.02083333395421505,3809,0.930167555809021,1.9219067096710205,0.2590627074241638,37.99510955810547,1268.348982279,5852160,1.1047872304916382,1747637073.3226101,1.0
30248,1.1900819540023804,26.508464813232422,0.7467448115348816,3812,0.02278645895421505,3811,0.930167555809021,1.9219067096710205,0.17998406291007996,37.99510955810547,1268.993203679,5855232,1.4934896230697632,1747637073.966806,1.0
30408,1.2043834924697876,28.523439407348633,0.6946614980697632,3832,0.0182291679084301,3831,0.930167555809021,1.9219067096710205,0.2018917202949524,37.99510955810547,1275.439875573,5885952,1.4011932611465454,1747637080.4134705,1.0
30464,1.2000486850738525,26.09700584411621,0.6009114980697632,3839,0.0221354179084301,3838,0.930167555809021,1.9219067096710205,0.20883777737617493,37.99510955810547,1277.703893734,5896704,1.274101972579956,1747637082.6775022,1.0
30496,1.2086493968963623,25.87239646911621,0.6555989980697632,3843,0.02148437686264515,3842,0.930167555809021,1.9219067096710205,0.2056313455104828,37.99510955810547,1278.994449805,5902848,1.3495928049087524,1747637083.9680579,1.0
30528,1.2260773181915283,27.14974021911621,0.6464844346046448,3847,0.02083333395421505,3846,0.930167555809021,1.9219067096710205,0.19796383380889893,37.99510955810547,1280.281774688,5908992,1.3340013027191162,1747637085.255387,1.0
30696,1.213754653930664,24.271486282348633,0.6790364980697632,3868,0.0240885429084301,3867,0.930167555809021,1.9219067096710205,0.20349381864070892,37.99510955810547,1287.060033862,5941248,1.375630259513855,1747637092.0335746,1.0
30744,1.2130341529846191,26.750001907348633,0.6471354365348816,3874,0.02148437686264515,3873,0.930167555809021,1.9219067096710205,0.2061891257762909,37.99510955810547,1288.987030573,5950464,1.356748104095459,1747637093.9606328,1.0
30848,1.2123970985412598,27.515626907348633,0.6940104365348816,3887,0.01888020895421505,3886,0.930167555809021,1.9219067096710205,0.22024737298488617,37.99510955810547,1293.177984441,5970432,1.4043420553207397,1747637098.1515803,1.0
31128,1.2314610481262207,26.435548782348633,0.6002604365348816,3922,0.02343750186264515,3921,0.8997882604598999,1.8872027397155762,0.15094326436519623,38.51587677001953,1304.545870965,6024192,1.3192389011383057,1747637109.519344,1.0
31352,1.2146499156951904,27.171876907348633,0.7063802480697632,3950,0.0221354179084301,3949,0.8997882604598999,1.8872027397155762,0.18170534074306488,38.51587677001953,1313.578499507,6067200,1.4385157823562622,1747637118.552097,1.0
31416,1.219958782196045,28.570964813232422,0.5266927480697632,3958,0.0182291679084301,3957,0.8997882604598999,1.8872027397155762,0.21554750204086304,38.51587677001953,1316.152543887,6079488,1.1664247512817383,1747637121.1261475,1.0
31560,1.1395457983016968,26.490886688232422,0.6438802480697632,3976,0.0221354179084301,3975,0.8997882604598999,1.8872027397155762,0.21286383271217346,38.51587677001953,1321.949290186,6107136,1.3644219636917114,1747637126.9229074,1.0
31912,1.1297767162322998,27.115236282348633,0.6725260615348816,4020,0.02083333395421505,4019,0.8997882604598999,1.8872027397155762,0.22885951399803162,38.51587677001953,1336.138485537,6174720,1.3758537769317627,1747637141.112073,1.0
32096,1.1699881553649902,24.513673782348633,0.6406250596046448,4043,0.0201822929084301,4042,0.8997882604598999,1.8872027397155762,0.18450739979743958,38.51587677001953,1343.557391417,6210048,1.316646695137024,1747637148.5310066,1.0
32112,1.156818151473999,26.164714813232422,0.6113281846046448,4045,0.0221354179084301,4044,0.8997882604598999,1.8872027397155762,0.16751886904239655,38.51587677001953,1344.201202878,6213120,1.3022972345352173,1747637149.1748111,1.0
32264,1.1622397899627686,26.777996063232422,0.6360677480697632,4064,0.02278645895421505,4063,0.8997882604598999,1.8872027397155762,0.2383539080619812,38.51587677001953,1350.322971216,6242304,1.3427636623382568,1747637155.296598,1.0
32288,1.1555821895599365,26.166667938232422,0.7161458730697632,4067,0.02473958395421505,4066,0.8997882604598999,1.8872027397155762,0.2879602909088135,38.51587677001953,1351.288382859,6246912,1.4461945295333862,1747637156.261989,1.0
32552,1.2295570373535156,28.506511688232422,0.6523438096046448,4100,0.01888020895421505,4099,0.8997882604598999,1.8872027397155762,0.21230117976665497,38.51587677001953,1361.94094068,6297600,1.3286572694778442,1747637166.9144115,1.0
32608,1.2095451354980469,25.36067771911621,0.5514323115348816,4107,0.02278645895421505,4106,0.8997882604598999,1.8872027397155762,0.1941799521446228,38.51587677001953,1364.208191382,6308352,1.2042218446731567,1747637169.18177,1.0
32632,1.2117594480514526,26.611330032348633,0.6490885615348816,4110,0.02148437686264515,4109,0.8997882604598999,1.8872027397155762,0.19459319114685059,38.51587677001953,1365.169631628,6312960,1.3228647708892822,1747637170.1432168,1.0
32656,1.2350596189498901,25.69075584411621,0.6451823115348816,4113,0.02343750186264515,4112,0.8997882604598999,1.8872027397155762,0.17619246244430542,38.51587677001953,1366.141541086,6317568,1.3283272981643677,1747637171.1151118,1.0
32784,1.2504942417144775,27.140626907348633,0.6080729365348816,4129,0.0201822929084301,4128,0.8997882604598999,1.8872027397155762,0.18891845643520355,38.51587677001953,1371.312914368,6342144,1.2748124599456787,1747637176.2865007,1.0
32944,1.2614892721176147,27.37434959411621,0.5800781846046448,4149,0.01953125186264515,4148,0.8997882604598999,1.8872027397155762,0.15516731142997742,38.51587677001953,1377.766231493,6372864,1.2426351308822632,1747637182.7398586,1.0
33168,1.258742094039917,26.62434959411621,0.6054688096046448,4177,0.0221354179084301,4176,0.8997882604598999,1.8872027397155762,0.17556974291801453,38.51587677001953,1386.788998213,6415872,1.3114897012710571,1747637191.762629,1.0
33280,1.2494784593582153,25.806642532348633,0.5299479365348816,4191,0.02148437686264515,4190,0.8997882604598999,1.8872027397155762,0.18739032745361328,38.51587677001953,1391.311961691,6437376,1.1689066886901855,1747637196.2855933,1.0
33392,1.2562469244003296,26.775392532348633,0.6145833730697632,4205,0.02148437686264515,4204,0.8997882604598999,1.8872027397155762,0.17483247816562653,38.51587677001953,1395.826343517,6458880,1.2830188274383545,1747637200.7999501,1.0
33432,1.2601946592330933,27.668621063232422,0.6640625596046448,4210,0.0201822929084301,4209,0.8997882604598999,1.8872027397155762,0.19955796003341675,38.51587677001953,1397.441168238,6466560,1.363677740097046,1747637202.414793,1.0
33464,1.2233953475952148,25.54427146911621,0.6497396230697632,4214,0.02148437686264515,4213,0.8997882604598999,1.8872027397155762,0.1618136167526245,38.51587677001953,1398.730300937,6472704,1.3669791221618652,1747637203.703902,1.0
33496,1.240496039390564,27.205730438232422,0.6809896230697632,4218,0.0201822929084301,4217,0.8997882604598999,1.8872027397155762,0.20619194209575653,38.51587677001953,1400.015900992,6478848,1.3901901245117188,1747637204.989496,1.0
33584,1.228898525238037,27.289714813232422,0.6184896230697632,4229,0.02083333395421505,4228,0.9442622661590576,1.937922477722168,0.20221346616744995,35.864261627197266,1403.64248777,6495744,1.3142777681350708,1747637208.6160831,0.9999999403953552
33648,1.2019238471984863,26.049480438232422,0.6250000596046448,4237,0.02148437686264515,4236,0.9442622661590576,1.937922477722168,0.17946788668632507,35.864261627197266,1406.213870232,6508032,1.3164639472961426,1747637211.1874602,0.9999999403953552
33760,1.2502477169036865,26.33919334411621,0.6920573115348816,4251,0.02148437686264515,4250,0.9442622661590576,1.937922477722168,0.14823321998119354,35.864261627197266,1410.726051025,6529536,1.4208327531814575,1747637215.699678,0.9999999403953552
33784,1.2329089641571045,27.140626907348633,0.6256510615348816,4254,0.02148437686264515,4253,0.9442622661590576,1.937922477722168,0.31599152088165283,35.864261627197266,1411.694181817,6534144,1.322186827659607,1747637216.667803,0.9999999403953552
33888,1.2541840076446533,28.384767532348633,0.5787760615348816,4267,0.01953125186264515,4266,0.9442622661590576,1.937922477722168,0.15117676556110382,35.864261627197266,1415.888277692,6554112,1.1740771532058716,1747637220.86188,0.9999999403953552
33984,1.2624491453170776,27.260417938232422,0.6998698115348816,4279,0.02148437686264515,4278,0.9442622661590576,1.937922477722168,0.14575695991516113,35.864261627197266,1419.756463477,6572544,1.4434326887130737,1747637224.7300699,0.9999999403953552
34000,1.2733895778656006,27.06184959411621,0.6914063096046448,4281,0.0221354179084301,4280,0.9442622661590576,1.937922477722168,0.17077147960662842,35.864261627197266,1420.404788895,6575616,1.3828126192092896,1747637225.3783977,0.9999999403953552
34040,1.275310754776001,26.63411521911621,0.6152344346046448,4286,0.0201822929084301,4285,0.9442622661590576,1.937922477722168,0.27293702960014343,35.864261627197266,1422.013614197,6583296,1.2763746976852417,1747637226.9872077,0.9999999403953552
34104,1.2798514366149902,26.408205032348633,0.537109375,4294,0.0201822929084301,4293,0.9442622661590576,1.937922477722168,0.15331792831420898,35.864261627197266,1424.606551587,6595584,1.169843077659607,1747637229.5801585,0.9999999403953552
34272,1.2823946475982666,27.722658157348633,0.6725260615348816,4315,0.0221354179084301,4314,0.9442622661590576,1.937922477722168,0.18425948917865753,35.864261627197266,1431.379386549,6627840,1.3758713006973267,1747637236.353002,0.9999999403953552
34320,1.2932664155960083,25.132814407348633,0.6269531846046448,4321,0.02473958395421505,4320,0.9442622661590576,1.937922477722168,0.1858201026916504,35.864261627197266,1433.309371884,6637056,1.3290733098983765,1747637238.282963,0.9999999403953552
34344,1.278078317642212,26.050783157348633,0.5852864980697632,4324,0.02148437686264515,4323,0.9442622661590576,1.937922477722168,0.1460725963115692,35.864261627197266,1434.274232193,6641664,1.2814947366714478,1747637239.2478304,0.9999999403953552
34368,1.2755625247955322,25.707033157348633,0.6360677480697632,4327,0.02083333395421505,4326,0.9442622661590576,1.937922477722168,0.1410852074623108,35.864261627197266,1435.238165435,6646272,1.3439617156982422,1747637240.2117712,0.9999999403953552
34400,1.2729160785675049,26.94856834411621,0.533203125,4331,0.0201822929084301,4330,0.9442622661590576,1.937922477722168,0.18144670128822327,35.864261627197266,1436.526961633,6652416,1.1953932046890259,1747637241.5005903,0.9999999403953552
34440,1.2789268493652344,28.24153709411621,0.6386719346046448,4336,0.02083333395421505,4335,0.9442622661590576,1.937922477722168,0.136514812707901,35.864261627197266,1438.133730147,6660096,1.3333410024642944,1747637243.1073122,0.9999999403953552
34520,1.3112828731536865,28.74349021911621,0.6595052480697632,4346,0.01888020895421505,4345,0.9442622661590576,1.937922477722168,0.1448262333869934,35.864261627197266,1441.357276075,6675456,1.3190104961395264,1747637246.3308785,0.9999999403953552
34568,1.2993831634521484,25.514324188232422,0.7278646230697632,4352,0.02539062686264515,4351,0.9442622661590576,1.937922477722168,0.14764980971813202,35.864261627197266,1443.317184429,6684672,1.4713542461395264,1747637248.2907755,0.9999999403953552
34608,1.2804096937179565,27.013673782348633,0.6067708730697632,4357,0.02148437686264515,4356,0.9442622661590576,1.937922477722168,0.16242824494838715,35.864261627197266,1444.933015026,6692352,1.2786586284637451,1747637249.9066327,0.9999999403953552
34696,1.2808067798614502,26.438152313232422,0.6510416865348816,4368,0.0221354179084301,4367,0.9442622661590576,1.937922477722168,0.26828664541244507,35.864261627197266,1448.476020178,6709248,1.351484775543213,1747637253.4496288,0.9999999403953552
34784,1.2750117778778076,25.771486282348633,0.6601563096046448,4379,0.02473958395421505,4378,0.9442622661590576,1.937922477722168,0.2797589600086212,35.864261627197266,1452.019392168,6726144,1.3628581762313843,1747637256.9929643,0.9999999403953552
34800,1.2877947092056274,25.031902313232422,0.7031250596046448,4381,0.02473958395421505,4380,0.9442622661590576,1.937922477722168,0.15482375025749207,35.864261627197266,1452.661457658,6729216,1.438887119293213,1747637257.6350405,0.9999999403953552
34896,1.2924810647964478,26.583986282348633,0.6588541865348816,4393,0.01888020895421505,4392,0.9442622661590576,1.937922477722168,0.13274282217025757,35.864261627197266,1456.532160011,6747648,1.3574740886688232,1747637261.5057762,0.9999999403953552
34976,1.2691264152526855,28.56184959411621,0.6165364980697632,4403,0.02148437686264515,4402,0.9442622661590576,1.937922477722168,0.16895757615566254,35.864261627197266,1459.7574932,6763008,1.3279789686203003,1747637264.7310896,0.9999999403953552
35080,1.2797603607177734,25.840496063232422,0.6399739980697632,4416,0.02083333395421505,4415,0.9442622661590576,1.937922477722168,0.14038290083408356,35.864261627197266,1463.955542248,6782976,1.3346868753433228,1747637268.9291384,0.9999999403953552
35152,1.273008942604065,26.416667938232422,0.6673177480697632,4425,0.01953125186264515,4424,0.9442622661590576,1.937922477722168,0.13461831212043762,35.864261627197266,1466.849180318,6796800,1.3919339179992676,1747637271.8227966,0.9999999403953552
35176,1.26960027217865,25.88997459411621,0.6555989980697632,4428,0.02278645895421505,4427,0.9442622661590576,1.937922477722168,0.12365038692951202,35.864261627197266,1467.816586562,6801408,1.374068260192871,1747637272.7901864,0.9999999403953552
35216,1.278131365776062,26.406251907348633,0.5572916865348816,4433,0.0221354179084301,4432,0.9442622661590576,1.937922477722168,0.2159445732831955,35.864261627197266,1469.430683789,6809088,1.2293630838394165,1747637274.4042985,0.9999999403953552
35248,1.2673640251159668,27.23567771911621,0.6399739980697632,4437,0.0201822929084301,4436,0.9442622661590576,1.937922477722168,0.14332973957061768,35.864261627197266,1470.722859103,6815232,1.3192431926727295,1747637275.6964893,0.9999999403953552
35312,1.2946832180023193,27.584636688232422,0.5970052480697632,4445,0.015625,4444,0.9442622661590576,1.937922477722168,0.1650768220424652,35.864261627197266,1473.305428722,6827520,1.250271201133728,1747637278.2790272,0.9999999403953552
35560,1.2454771995544434,25.592449188232422,0.6809896230697632,4476,0.02148437686264515,4475,0.9442622661590576,1.937922477722168,0.22024819254875183,35.864261627197266,1483.308340758,6875136,1.3647619485855103,1747637288.2819228,0.9999999403953552
35656,1.2719812393188477,26.27083396911621,0.7161458730697632,4488,0.02343750186264515,4487,0.9442622661590576,1.937922477722168,0.15277007222175598,35.864261627197266,1487.170452023,6893568,1.4505226612091064,1747637292.1440585,0.9999999403953552
35728,1.2686700820922852,25.70833396911621,0.6217448115348816,4497,0.0221354179084301,4496,0.9442622661590576,1.937922477722168,0.13484326004981995,35.864261627197266,1490.079935896,6907392,1.2821286916732788,1747637295.0535538,0.9999999403953552
35736,1.259598970413208,26.78841209411621,0.6542969346046448,4498,0.02083333395421505,4497,0.9442622661590576,1.937922477722168,0.13003021478652954,35.864261627197266,1490.404601282,6908928,1.341902256011963,1747637295.3782008,0.9999999403953552
35832,1.2774702310562134,26.752605438232422,0.6601563096046448,4510,0.0201822929084301,4509,0.9442622661590576,1.937922477722168,0.1350741982460022,35.864261627197266,1494.271014213,6927360,1.3794857263565063,1747637299.244643,0.9999999403953552
36032,1.233400583267212,27.111330032348633,0.5781250596046448,4535,0.01953125186264515,4534,0.9442622661590576,1.937922477722168,0.15280616283416748,35.864261627197266,1502.34839746,6965760,1.2414014339447021,1747637307.321832,0.9999999403953552
36112,1.246598720550537,25.685548782348633,0.6451823115348816,4545,0.02083333395421505,4544,0.9442622661590576,1.937922477722168,0.12317816913127899,35.864261627197266,1505.575127438,6981120,1.332692265510559,1747637310.548747,0.9999999403953552
36120,1.2745978832244873,24.89974021911621,0.6699219346046448,4546,0.02278645895421505,4545,0.9442622661590576,1.937922477722168,0.13189095258712769,35.864261627197266,1505.898594808,6982656,1.3450000286102295,1747637310.872213,0.9999999403953552
36176,1.2624999284744263,25.20833396911621,0.7070313096046448,4553,0.02148437686264515,4552,0.9519104361534119,1.945950984954834,0.16947123408317566,36.01844787597656,1508.222778012,6993408,1.4227039813995361,1747637313.196389,1.0
36576,1.280832052230835,26.592449188232422,0.6367188096046448,4603,0.02083333395421505,4602,0.9519104361534119,1.945950984954834,0.15308959782123566,36.01844787597656,1524.34468735,7070208,1.2937500476837158,1747637329.3182902,1.0
36824,1.3275110721588135,27.336589813232422,0.6412760615348816,4634,0.01953125186264515,4633,0.9519104361534119,1.945950984954834,0.19355493783950806,36.01844787597656,1534.342428998,7117824,1.3179378509521484,1747637339.3160264,1.0
36952,1.3361644744873047,25.04622459411621,0.6067708730697632,4650,0.02278645895421505,4649,0.9519104361534119,1.945950984954834,0.140357106924057,36.01844787597656,1539.498395799,7142400,1.2964128255844116,1747637344.4720025,1.0
37016,1.3195606470108032,26.39778709411621,0.51171875,4658,0.01953125186264515,4657,0.9519104361534119,1.945950984954834,0.16039666533470154,36.01844787597656,1542.072126465,7154688,1.1273235082626343,1747637347.0457594,1.0
37024,1.3394155502319336,27.67122459411621,0.6894531846046448,4659,0.0201822929084301,4658,0.9519104361534119,1.945950984954834,0.3097870945930481,36.01844787597656,1542.395158896,7156224,1.398393988609314,1747637347.3687732,1.0
37048,1.3465309143066406,26.01497459411621,0.6660156846046448,4662,0.0221354179084301,4661,0.9519104361534119,1.945950984954834,0.12096637487411499,36.01844787597656,1543.359815853,7160832,1.348645806312561,1747637348.3334405,1.0
37144,1.3302192687988281,27.529298782348633,0.5820313096046448,4674,0.01953125186264515,4673,0.9519104361534119,1.945950984954834,0.13884061574935913,36.01844787597656,1547.234631496,7179264,1.2410131692886353,1747637352.2082422,1.0
37152,1.311421275138855,25.92122459411621,0.6796875596046448,4675,0.0240885429084301,4674,0.9519104361534119,1.945950984954834,0.15622743964195251,36.01844787597656,1547.557890752,7180800,1.4015551805496216,1747637352.531472,1.0
37352,1.334578275680542,27.248048782348633,0.6367188096046448,4700,0.02343750186264515,4699,0.9519104361534119,1.945950984954834,0.15232747793197632,36.01844787597656,1555.626562704,7219200,1.3662052154541016,1747637360.6001177,1.0
37472,1.3664557933807373,24.767580032348633,0.6907552480697632,4715,0.02539062686264515,4714,0.9519104361534119,1.945950984954834,0.1280895173549652,36.01844787597656,1560.467911082,7242240,1.4103913307189941,1747637365.4415188,1.0
37504,1.3576539754867554,25.701173782348633,0.6197916865348816,4719,0.0221354179084301,4718,0.9519104361534119,1.945950984954834,0.14670395851135254,36.01844787597656,1561.758248145,7248384,1.352600336074829,1747637366.731839,1.0
37568,1.3527302742004395,26.62044334411621,0.6907552480697632,4727,0.02148437686264515,4726,0.9519104361534119,1.945950984954834,0.13740316033363342,36.01844787597656,1564.347530743,7260672,1.4183306694030762,1747637369.3211112,1.0
37600,1.3473501205444336,27.244142532348633,0.5970052480697632,4731,0.01888020895421505,4730,0.9519104361534119,1.945950984954834,0.17638468742370605,36.01844787597656,1565.63370501,7266816,1.2458068132400513,1747637370.607302,1.0
37744,1.3987226486206055,26.478517532348633,0.6328125596046448,4749,0.02083333395421505,4748,0.9519104361534119,1.945950984954834,0.11421070992946625,36.01844787597656,1571.449288866,7294464,1.3423181772232056,1747637376.4228811,1.0
37752,1.3764997720718384,27.360027313232422,0.5904948115348816,4750,0.0221354179084301,4749,0.9519104361534119,1.945950984954834,0.11121507734060287,36.01844787597656,1571.769635802,7296000,1.2721558809280396,1747637376.7432263,1.0
37832,1.3614692687988281,26.295574188232422,0.6419271230697632,4760,0.0221354179084301,4759,0.9519104361534119,1.945950984954834,0.2700837552547455,36.01844787597656,1574.993482757,7311360,1.346962332725525,1747637379.9670734,1.0
38080,1.380251169204712,26.05013084411621,0.6282552480697632,4791,0.02343750186264515,4790,0.9519104361534119,1.945950984954834,0.14863982796669006,36.01844787597656,1584.999820444,7358976,1.3021188974380493,1747637389.9734404,1.0
38160,1.3621175289154053,25.64388084411621,0.7115885615348816,4801,0.0260416679084301,4800,0.9519104361534119,1.945950984954834,0.15740177035331726,36.01844787597656,1588.231191558,7374336,1.4685816764831543,1747637393.2048047,1.0
38208,1.3651766777038574,26.68294334411621,0.5957031846046448,4807,0.02083333395421505,4806,0.9519104361534119,1.945950984954834,0.17238715291023254,36.01844787597656,1590.158687854,7383552,1.2786108255386353,1747637395.13228,1.0
38240,1.3658666610717773,27.16731834411621,0.5963541865348816,4811,0.02083333395421505,4810,0.9519104361534119,1.945950984954834,0.159204363822937,36.01844787597656,1591.450641839,7389696,1.2793223857879639,1747637396.4242158,1.0
38440,1.3243812322616577,25.675783157348633,0.6822916865348816,4836,0.0221354179084301,4835,0.9519104361534119,1.945950984954834,0.145721435546875,36.01844787597656,1599.497582251,7428096,1.3922722339630127,1747637404.4711816,1.0
38448,1.3287910223007202,23.229167938232422,0.7180989980697632,4837,0.02473958395421505,4836,0.9519104361534119,1.945950984954834,0.15267865359783173,36.01844787597656,1599.818023393,7429632,1.4479045867919922,1747637404.7916386,1.0
38568,1.357073426246643,26.466798782348633,0.6595052480697632,4852,0.02148437686264515,4851,0.9519104361534119,1.945950984954834,0.1254122108221054,36.01844787597656,1604.646020264,7452672,1.342167615890503,1747637409.6196227,1.0
38576,1.3607804775238037,25.891277313232422,0.6477864980697632,4853,0.02343750186264515,4852,0.9519104361534119,1.945950984954834,0.12391174584627151,36.01844787597656,1604.969128337,7454208,1.3319768905639648,1747637409.9427419,1.0
38656,1.3757843971252441,25.789064407348633,0.5807291865348816,4863,0.02278645895421505,4862,0.9519104361534119,1.945950984954834,0.1305527687072754,36.01844787597656,1608.186891153,7469568,1.2415459156036377,1747637413.1605208,1.0
38720,1.3557133674621582,25.82161521911621,0.7063802480697632,4871,0.0221354179084301,4870,0.9519104361534119,1.945950984954834,0.1354968547821045,36.01844787597656,1610.773472787,7481856,1.4204411506652832,1747637415.7470815,1.0
38808,1.338497281074524,25.477214813232422,0.6992188096046448,4882,0.02473958395421505,4881,0.9236860871315002,1.9141203165054321,0.1282586008310318,38.81929397583008,1614.388174091,7498752,1.3984376192092896,1747637419.3617764,1.0
38832,1.3408221006393433,22.904298782348633,0.6145833730697632,4885,0.0260416679084301,4884,0.9236860871315002,1.9141203165054321,0.15834791958332062,38.81929397583008,1615.355143965,7503360,1.3087197542190552,1747637420.3287404,1.0
38904,1.3219118118286133,24.679689407348633,0.6640625596046448,4894,0.0240885429084301,4893,0.9236860871315002,1.9141203165054321,0.14790239930152893,38.81929397583008,1618.2559055,7517184,1.381244421005249,1747637423.2295194,1.0
38920,1.3359520435333252,25.529949188232422,0.6471354365348816,4896,0.02278645895421505,4895,0.9236860871315002,1.9141203165054321,0.14252188801765442,38.81929397583008,1618.896514541,7520256,1.348157525062561,1747637423.870129,1.0
38944,1.3344451189041138,24.756511688232422,0.7050781846046448,4899,0.02473958395421505,4898,0.9236860871315002,1.9141203165054321,0.1192655935883522,38.81929397583008,1619.865542916,7524864,1.447670578956604,1747637424.83914,1.0
39024,1.3277149200439453,25.543621063232422,0.6445313096046448,4909,0.0240885429084301,4908,0.9236860871315002,1.9141203165054321,0.1493859887123108,38.81929397583008,1623.086377602,7540224,1.3296842575073242,1747637428.0599902,1.0
39088,1.3369896411895752,24.501955032348633,0.7057291865348816,4917,0.02539062686264515,4916,0.9236860871315002,1.9141203165054321,0.1278558373451233,38.81929397583008,1625.672033831,7552512,1.445081353187561,1747637430.645651,1.0
39104,1.3413889408111572,26.52083396911621,0.6627604365348816,4919,0.0221354179084301,4918,0.9236860871315002,1.9141203165054321,0.131669282913208,38.81929397583008,1626.319032694,7555584,1.3618495464324951,1747637431.2926402,1.0
39240,1.3252334594726562,26.221355438232422,0.5722656846046448,4936,0.02148437686264515,4935,0.9236860871315002,1.9141203165054321,0.14915958046913147,38.81929397583008,1631.792669641,7581696,1.232319951057434,1747637436.766229,1.0
39336,1.3061912059783936,26.932292938232422,0.6451823115348816,4948,0.02083333395421505,4947,0.9236860871315002,1.9141203165054321,0.18938671052455902,38.81929397583008,1635.656599421,7600128,1.303182601928711,1747637440.630192,1.0
39352,1.3377878665924072,26.42317771911621,0.6067708730697632,4950,0.0240885429084301,4949,0.9236860871315002,1.9141203165054321,0.1345318853855133,38.81929397583008,1636.300892702,7603200,1.3273056745529175,1747637441.2744763,1.0
39360,1.3389291763305664,26.139324188232422,0.6634114980697632,4951,0.0221354179084301,4950,0.9236860871315002,1.9141203165054321,0.14643217623233795,38.81929397583008,1636.624646806,7604736,1.3703365325927734,1747637441.5982463,1.0
39416,1.3361598253250122,24.592449188232422,0.6484375596046448,4958,0.02539062686264515,4957,0.9236860871315002,1.9141203165054321,0.1678210198879242,38.81929397583008,1638.877853855,7615488,1.3766627311706543,1747637443.8514328,1.0
39440,1.3277888298034668,25.150392532348633,0.6627604365348816,4961,0.0240885429084301,4960,0.9236860871315002,1.9141203165054321,0.1719771921634674,38.81929397583008,1639.842579511,7620096,1.3642714023590088,1747637444.8161721,1.0
39568,1.3440778255462646,26.59309959411621,0.5208333730697632,4977,0.01888020895421505,4976,0.9236860871315002,1.9141203165054321,0.1421436369419098,38.81929397583008,1645.006396683,7644672,1.151596188545227,1747637449.9799995,1.0
39680,1.339364767074585,26.694011688232422,0.6673177480697632,4991,0.02148437686264515,4990,0.9236860871315002,1.9141203165054321,0.1668766736984253,38.81929397583008,1649.517405497,7666176,1.3749654293060303,1747637454.491011,1.0
39840,1.3400230407714844,26.439455032348633,0.6582031846046448,5011,0.0221354179084301,5010,0.9236860871315002,1.9141203165054321,0.1422789841890335,38.81929397583008,1655.958984415,7696896,1.359915018081665,1747637460.932596,1.0
40040,1.3467838764190674,25.47200584411621,0.7154948115348816,5036,0.02278645895421505,5035,0.9236860871315002,1.9141203165054321,0.1625489443540573,38.81929397583008,1664.024364461,7735296,1.4354426860809326,1747637468.997953,1.0
40064,1.3445931673049927,26.812501907348633,0.6907552480697632,5039,0.02278645895421505,5038,0.9236860871315002,1.9141203165054321,0.14624595642089844,38.81929397583008,1664.991674348,7739904,1.4005541801452637,1747637469.965268,1.0
40216,1.347996711730957,25.875652313232422,0.6328125596046448,5058,0.02148437686264515,5057,0.9236860871315002,1.9141203165054321,0.27616074681282043,38.81929397583008,1671.117314659,7769088,1.3174712657928467,1747637476.0909019,1.0
40504,1.3114104270935059,25.94661521911621,0.5670573115348816,5094,0.02343750186264515,5093,0.9236860871315002,1.9141203165054321,0.1532331109046936,38.81929397583008,1682.700852079,7824384,1.255542278289795,1747637487.674461,1.0
40608,1.2921764850616455,25.80403709411621,0.6816406846046448,5107,0.0240885429084301,5106,0.9236860871315002,1.9141203165054321,0.3140968084335327,38.81929397583008,1686.884684607,7844352,1.3869125843048096,1747637491.8582954,1.0
40936,1.3346450328826904,24.699871063232422,0.6126302480697632,5148,0.02473958395421505,5147,0.9236860871315002,1.9141203165054321,0.15512044727802277,38.81929397583008,1700.113465566,7907328,1.3125669956207275,1747637505.0870016,1.0
40952,1.3198636770248413,27.929689407348633,0.5891927480697632,5150,0.01953125186264515,5149,0.9236860871315002,1.9141203165054321,0.14714132249355316,38.81929397583008,1700.761181475,7910400,1.240323543548584,1747637505.7347658,1.0
41000,1.3435490131378174,29.214845657348633,0.5703125,5156,0.0162760429084301,5155,0.9236860871315002,1.9141203165054321,0.14458465576171875,38.81929397583008,1702.697342338,7919616,1.2093617916107178,1747637507.6709063,1.0
41048,1.3380931615829468,27.248699188232422,0.6315104365348816,5162,0.02148437686264515,5161,0.9236860871315002,1.9141203165054321,0.1434725522994995,38.81929397583008,1704.630465205,7928832,1.345577359199524,1747637509.6040747,1.0
41096,1.3390315771102905,26.764324188232422,0.7115885615348816,5168,0.02148437686264515,5167,0.9236860871315002,1.9141203165054321,0.1308465152978897,38.81929397583008,1706.562698244,7938048,1.435530662536621,1747637511.536287,1.0
41120,1.3383796215057373,25.976564407348633,0.6588541865348816,5171,0.02083333395421505,5170,0.9236860871315002,1.9141203165054321,0.13807925581932068,38.81929397583008,1707.532474235,7942656,1.336520791053772,1747637512.5060709,1.0
41160,1.3307209014892578,26.39192771911621,0.6842448115348816,5176,0.02083333395421505,5175,0.9236860871315002,1.9141203165054321,0.14338137209415436,38.81929397583008,1709.144730928,7950336,1.3704010248184204,1747637514.1183257,1.0
41168,1.3680843114852905,27.41145896911621,0.6569010615348816,5177,0.02083333395421505,5176,0.9236860871315002,1.9141203165054321,0.2053372710943222,38.81929397583008,1709.464819564,7951872,1.345979928970337,1747637514.438434,1.0
41176,1.348607063293457,25.90559959411621,0.6888021230697632,5178,0.0221354179084301,5177,0.9236860871315002,1.9141203165054321,0.23152273893356323,38.81929397583008,1709.788252912,7953408,1.400649070739746,1747637514.7618446,1.0
41208,1.328229308128357,26.834636688232422,0.6790364980697632,5182,0.02278645895421505,5181,0.9236860871315002,1.9141203165054321,0.23338600993156433,38.81929397583008,1711.086306666,7959552,1.4000588655471802,1747637516.0598998,1.0
41256,1.3428795337677002,27.359376907348633,0.7343750596046448,5188,0.02278645895421505,5187,0.9236860871315002,1.9141203165054321,0.15280239284038544,38.81929397583008,1713.018408979,7968768,1.4965664148330688,1747637517.9919903,1.0
41280,1.3451449871063232,27.355470657348633,0.5455729365348816,5191,0.01888020895421505,5190,0.9236860871315002,1.9141203165054321,0.13880634307861328,38.81929397583008,1713.983585145,7973376,1.196505069732666,1747637518.957173,1.0
41480,1.3521819114685059,24.865236282348633,0.7311198115348816,5216,0.0221354179084301,5215,0.955812394618988,1.9510165452957153,0.14591379463672638,37.19918441772461,1722.119803556,8011776,1.4787731170654297,1747637527.0934012,1.0
41488,1.3458025455474854,27.049480438232422,0.6653646230697632,5217,0.02278645895421505,5216,0.955812394618988,1.9510165452957153,0.12893158197402954,37.19918441772461,1722.440615048,8013312,1.3742839097976685,1747637527.4142048,1.0
41640,1.3333183526992798,27.998048782348633,0.7083333730697632,5236,0.02148437686264515,5235,0.955812394618988,1.9510165452957153,0.21012455224990845,37.19918441772461,1728.612802113,8042496,1.4352827072143555,1747637533.586419,1.0
41688,1.3397618532180786,26.740236282348633,0.7089844346046448,5242,0.02278645895421505,5241,0.955812394618988,1.9510165452957153,0.13707710802555084,37.19918441772461,1730.545015915,8051712,1.4439107179641724,1747637535.518641,1.0
41808,1.371732234954834,28.199871063232422,0.6809896230697632,5257,0.01953125186264515,5256,0.955812394618988,1.9510165452957153,0.24670946598052979,37.19918441772461,1735.379066274,8074752,1.3746323585510254,1747637540.35269,1.0
41864,1.3194353580474854,24.19270896911621,0.5911458730697632,5264,0.02539062686264515,5263,0.955812394618988,1.9510165452957153,0.1668875366449356,37.19918441772461,1737.642792654,8085504,1.2701375484466553,1747637542.6163962,1.0
41880,1.3429961204528809,26.919923782348633,0.6881510615348816,5266,0.02148437686264515,5265,0.955812394618988,1.9510165452957153,0.16046033799648285,37.19918441772461,1738.290603,8088576,1.3941993713378906,1747637543.2641985,1.0
42024,1.3586715459823608,26.942058563232422,0.5696614980697632,5284,0.02148437686264515,5283,0.955812394618988,1.9510165452957153,0.1368660181760788,37.19918441772461,1744.098214327,8116224,1.248011827468872,1747637549.0718145,1.0
42208,1.325506567955017,26.75325584411621,0.6738281846046448,5307,0.0221354179084301,5306,0.955812394618988,1.9510165452957153,0.16430914402008057,37.19918441772461,1751.503767715,8151552,1.3669531345367432,1747637556.4773755,1.0
42240,1.3151065111160278,27.354167938232422,0.6822916865348816,5311,0.02148437686264515,5310,0.955812394618988,1.9510165452957153,0.1629127711057663,37.19918441772461,1752.794649811,8157696,1.4083178043365479,1747637557.7682579,1.0
42464,1.351193904876709,26.87630271911621,0.7076823115348816,5339,0.02343750186264515,5338,0.955812394618988,1.9510165452957153,0.14611637592315674,37.19918441772461,1761.838178288,8200704,1.4533172845840454,1747637566.8117704,1.0
42504,1.3247301578521729,25.56184959411621,0.5872396230697632,5344,0.02148437686264515,5343,0.955812394618988,1.9510165452957153,0.14074194431304932,37.19918441772461,1763.448003472,8208384,1.2411189079284668,1747637568.4216015,1.0
42688,1.2944915294647217,26.611980438232422,0.6347656846046448,5367,0.02278645895421505,5366,0.955812394618988,1.9510165452957153,0.19558477401733398,37.19918441772461,1770.877153357,8243712,1.3574033975601196,1747637575.8507442,1.0
42744,1.3110085725784302,26.819011688232422,0.6940104365348816,5374,0.0201822929084301,5373,0.955812394618988,1.9510165452957153,0.16215234994888306,37.19918441772461,1773.139310675,8254464,1.3880208730697632,1747637578.112897,1.0
42768,1.3093816041946411,26.41536521911621,0.7265625596046448,5377,0.0221354179084301,5376,0.955812394618988,1.9510165452957153,0.17794567346572876,37.19918441772461,1774.109369557,8259072,1.4531251192092896,1747637579.0829077,1.0
42920,1.2946499586105347,26.68684959411621,0.6614583730697632,5396,0.0221354179084301,5395,0.955812394618988,1.9510165452957153,0.13330984115600586,37.19918441772461,1780.24407059,8288256,1.3473557233810425,1747637585.2176895,1.0
42976,1.330806851387024,25.393230438232422,0.6380208730697632,5403,0.02343750186264515,5402,0.955812394618988,1.9510165452957153,0.1302562952041626,37.19918441772461,1782.501914864,8299008,1.3239715099334717,1747637587.4755332,1.0
43032,1.3463118076324463,27.97591209411621,0.6510416865348816,5410,0.02083333395421505,5409,0.955812394618988,1.9510165452957153,0.31276974081993103,37.19918441772461,1784.765276714,8309760,1.3335871696472168,1747637589.7388747,1.0
43096,1.3132686614990234,26.81380271911621,0.6777344346046448,5418,0.02278645895421505,5417,0.955812394618988,1.9510165452957153,0.19068895280361176,37.19918441772461,1787.34038497,8322048,1.4182240962982178,1747637592.3139517,1.0
43136,1.3323434591293335,25.939455032348633,0.5781250596046448,5423,0.02343750186264515,5422,0.955812394618988,1.9510165452957153,0.12743109464645386,37.19918441772461,1788.952495806,8329728,1.253286600112915,1747637593.9260774,1.0
43256,1.2862790822982788,25.488933563232422,0.6803385615348816,5438,0.02278645895421505,5437,0.955812394618988,1.9510165452957153,0.1717343032360077,37.19918441772461,1793.803339656,8352768,1.381645917892456,1747637598.7769387,1.0
43296,1.3122470378875732,25.72005271911621,0.7226563096046448,5443,0.02278645895421505,5442,0.955812394618988,1.9510165452957153,0.15034116804599762,37.19918441772461,1795.413578382,8360448,1.4453126192092896,1747637600.3871732,1.0
43328,1.3245518207550049,25.05599021911621,0.6113281846046448,5447,0.0221354179084301,5446,0.955812394618988,1.9510165452957153,0.15963298082351685,37.19918441772461,1796.707940175,8366592,1.284692406654358,1747637601.6815636,1.0
43392,1.335223913192749,25.55208396911621,0.6705729365348816,5455,0.0221354179084301,5454,0.955812394618988,1.9510165452957153,0.15922048687934875,37.19918441772461,1799.287386346,8378880,1.3580989837646484,1747637604.2609594,1.0
43408,1.3178050518035889,26.453126907348633,0.6666666865348816,5457,0.02148437686264515,5456,0.955812394618988,1.9510165452957153,0.1638173609972,37.19918441772461,1799.933225873,8381952,1.388258934020996,1747637604.9068344,1.0
43544,1.308366060256958,26.851564407348633,0.6419271230697632,5474,0.0221354179084301,5473,0.955812394618988,1.9510165452957153,0.15403902530670166,37.19918441772461,1805.448211218,8408064,1.3566477298736572,1747637610.4218056,1.0
43920,1.365844488143921,27.029949188232422,0.6373698115348816,5521,0.02083333395421505,5520,0.955812394618988,1.9510165452957153,0.1440601944923401,37.19918441772461,1820.638779342,8480256,1.3531866073608398,1747637625.6123822,1.0
43928,1.3578627109527588,26.820314407348633,0.5937500596046448,5522,0.02473958395421505,5521,0.955812394618988,1.9510165452957153,0.225693017244339,37.19918441772461,1820.963132177,8481792,1.3044706583023071,1747637625.936541,1.0
43992,1.3678492307662964,26.213542938232422,0.6614583730697632,5530,0.0201822929084301,5529,0.9559023380279541,1.951472520828247,0.17576757073402405,37.52170944213867,1823.62402828,8494080,1.3229167461395264,1747637628.5976443,1.0
44008,1.3726025819778442,26.707033157348633,0.6015625596046448,5532,0.02083333395421505,5531,0.9559023380279541,1.951472520828247,0.13894397020339966,37.52170944213867,1824.271295795,8497152,1.257245659828186,1747637629.2447689,1.0
44112,1.3673350811004639,27.478517532348633,0.6757813096046448,5545,0.01888020895421505,5544,0.9559023380279541,1.951472520828247,0.1547849476337433,37.52170944213867,1828.467366926,8517120,1.3926206827163696,1747637633.4409697,1.0
44120,1.339348316192627,26.805339813232422,0.6139323115348816,5546,0.0201822929084301,5545,0.9559023380279541,1.951472520828247,0.18945516645908356,37.52170944213867,1828.790829342,8518656,1.2964166402816772,1747637633.7644272,1.0
44440,1.3357679843902588,27.912111282348633,0.6673177480697632,5586,0.01953125186264515,5585,0.9559023380279541,1.951472520828247,0.1915140151977539,37.52170944213867,1841.706323894,8580096,1.3813217878341675,1747637646.6799514,1.0
44472,1.3607208728790283,26.47005271911621,0.6119791865348816,5590,0.02148437686264515,5589,0.9559023380279541,1.951472520828247,0.17926885187625885,37.52170944213867,1843.001715268,8586240,1.310045838356018,1747637647.9753323,1.0
44552,1.3522106409072876,27.095705032348633,0.5690104365348816,5600,0.02148437686264515,5599,0.9559023380279541,1.951472520828247,0.18177974224090576,37.52170944213867,1846.227508117,8601600,1.2508376836776733,1747637651.201089,1.0
44600,1.3483374118804932,25.826824188232422,0.6230469346046448,5606,0.02148437686264515,5605,0.9559023380279541,1.951472520828247,0.22408132255077362,37.52170944213867,1848.163545609,8610816,1.2726680040359497,1747637653.1371505,1.0
44648,1.3422236442565918,27.422527313232422,0.5677083730697632,5612,0.017578125,5611,0.9559023380279541,1.951472520828247,0.14504888653755188,37.52170944213867,1850.108452123,8620032,1.1979897022247314,1747637655.0820172,1.0
44656,1.3208284378051758,27.479167938232422,0.6041666865348816,5613,0.02148437686264515,5612,0.9559023380279541,1.951472520828247,0.15033286809921265,37.52170944213867,1850.433509519,8621568,1.2736260890960693,1747637655.4069874,1.0
44752,1.3468356132507324,26.72395896911621,0.7011719346046448,5625,0.0221354179084301,5624,0.9559023380279541,1.951472520828247,0.18005727231502533,37.52170944213867,1854.305289942,8640000,1.4023438692092896,1747637659.2788515,1.0
44856,1.3424893617630005,27.42122459411621,0.6484375596046448,5638,0.0201822929084301,5637,0.9559023380279541,1.951472520828247,0.15482975542545319,37.52170944213867,1858.493345333,8659968,1.3406363725662231,1747637663.466905,1.0
44904,1.3530852794647217,25.037761688232422,0.6028646230697632,5644,0.0221354179084301,5643,0.9559023380279541,1.951472520828247,0.20720437169075012,37.52170944213867,1860.433904164,8669184,1.2406930923461914,1747637665.4074643,1.0
44976,1.366582989692688,27.857423782348633,0.6875000596046448,5653,0.0221354179084301,5652,0.9559023380279541,1.951472520828247,0.17128857970237732,37.52170944213867,1863.330760031,8683008,1.4032520055770874,1747637668.304357,1.0
44984,1.3661190271377563,26.076173782348633,0.5872396230697632,5654,0.02083333395421505,5653,0.9559023380279541,1.951472520828247,0.1934281885623932,37.52170944213867,1863.654278351,8684544,1.23649263381958,1747637668.6278732,1.0
45248,1.375908374786377,26.152996063232422,0.5911458730697632,5687,0.02343750186264515,5686,0.9559023380279541,1.951472520828247,0.16016510128974915,37.52170944213867,1874.309702054,8735232,1.2741456031799316,1747637679.2832916,1.0
45296,1.365867257118225,26.936199188232422,0.560546875,5693,0.01888020895421505,5692,0.9559023380279541,1.951472520828247,0.21075621247291565,37.52170944213867,1876.247557195,8744448,1.1570264101028442,1747637681.2211535,1.0
45368,1.3299188613891602,26.181642532348633,0.6523438096046448,5702,0.02148437686264515,5701,0.9559023380279541,1.951472520828247,0.16160735487937927,37.52170944213867,1879.151718781,8758272,1.3358155488967896,1747637684.1253257,1.0
45480,1.331169605255127,25.766277313232422,0.6816406846046448,5716,0.0221354179084301,5715,0.9559023380279541,1.951472520828247,0.18416297435760498,37.52170944213867,1883.661556999,8779776,1.3967695236206055,1747637688.6351612,1.0
45512,1.3397729396820068,27.31380271911621,0.6178385615348816,5720,0.0201822929084301,5719,0.9559023380279541,1.951472520828247,0.16267259418964386,37.52170944213867,1884.952040981,8785920,1.3158013820648193,1747637689.9256666,1.0
45520,1.3532226085662842,25.51888084411621,0.6959635615348816,5721,0.02343750186264515,5720,0.9559023380279541,1.951472520828247,0.15313667058944702,37.52170944213867,1885.272237984,8787456,1.4362092018127441,1747637690.2458355,1.0
45728,1.3506510257720947,28.10286521911621,0.6269531846046448,5747,0.0182291679084301,5746,0.9559023380279541,1.951472520828247,0.14521464705467224,37.52170944213867,1893.641059827,8827392,1.3012734651565552,1747637698.6146631,1.0
45848,1.386762022972107,24.740886688232422,0.5709635615348816,5762,0.02148437686264515,5761,0.9559023380279541,1.951472520828247,0.11781145632266998,37.52170944213867,1898.472071669,8850432,1.1894623041152954,1747637703.445686,1.0
46224,1.3726587295532227,23.27669334411621,0.7089844346046448,5809,0.02669270895421505,5808,0.9559023380279541,1.951472520828247,0.15057343244552612,37.52170944213867,1913.632724073,8922624,1.4658030271530151,1747637718.606326,1.0
46632,1.3845205307006836,26.072267532348633,0.5970052480697632,5860,0.0201822929084301,5859,0.9520270228385925,1.9452844858169556,0.16509312391281128,37.148651123046875,1930.163863384,9000960,1.25111985206604,1747637735.137447,1.0
46832,1.337954044342041,26.61653709411621,0.6809896230697632,5885,0.02278645895421505,5884,0.9520270228385925,1.9452844858169556,0.16285479068756104,37.148651123046875,1938.222969706,9039360,1.381461501121521,1747637743.1965923,1.0
46840,1.3440802097320557,28.86067771911621,0.6373698115348816,5886,0.0182291679084301,5885,0.9520270228385925,1.9452844858169556,0.18919816613197327,37.148651123046875,1938.546633912,9040896,1.3254166841506958,1747637743.5202334,1.0
46888,1.3529503345489502,25.968751907348633,0.6425781846046448,5892,0.0221354179084301,5891,0.9520270228385925,1.9452844858169556,0.14838607609272003,37.148651123046875,1940.480485131,9050112,1.3298803567886353,1747637745.4540975,1.0
46952,1.3985769748687744,27.09114646911621,0.6425781846046448,5900,0.01953125186264515,5899,0.9520270228385925,1.9452844858169556,0.21751472353935242,37.148651123046875,1943.064957377,9062400,1.2851563692092896,1747637748.0385742,1.0
46968,1.3538658618927002,26.285158157348633,0.6549479365348816,5902,0.01888020895421505,5901,0.9520270228385925,1.9452844858169556,0.16965313255786896,37.148651123046875,1943.70897964,9065472,1.3251302242279053,1747637748.6825826,1.0
47088,1.3504137992858887,28.070964813232422,0.5924479365348816,5917,0.01953125186264515,5916,0.9520270228385925,1.9452844858169556,0.15726573765277863,37.148651123046875,1948.549876326,9088512,1.2429672479629517,1747637753.5234962,1.0
47096,1.375380039215088,26.578126907348633,0.5755208730697632,5918,0.02083333395421505,5917,0.9520270228385925,1.9452844858169556,0.15250620245933533,37.148651123046875,1948.870378673,9090048,1.2375271320343018,1747637753.84398,1.0
47120,1.3513935804367065,26.062501907348633,0.6119791865348816,5921,0.02148437686264515,5920,0.9520270228385925,1.9452844858169556,0.16788475215435028,37.148651123046875,1949.834934824,9094656,1.3014577627182007,1747637754.8085518,1.0
47240,1.3844053745269775,26.789714813232422,0.7167969346046448,5936,0.02083333395421505,5935,0.9520270228385925,1.9452844858169556,0.20379360020160675,37.148651123046875,1954.683593464,9117696,1.4335938692092896,1747637759.6572046,1.0
47312,1.370539903640747,26.996746063232422,0.6529948115348816,5945,0.0201822929084301,5944,0.9520270228385925,1.9452844858169556,0.1352599561214447,37.148651123046875,1957.598512315,9131520,1.3300461769104004,1747637762.5721302,1.0
47384,1.3740015029907227,28.283205032348633,0.6295573115348816,5954,0.01953125186264515,5953,0.9520270228385925,1.9452844858169556,0.2017967700958252,37.148651123046875,1960.503933045,9145344,1.30496346950531,1747637765.4775465,1.0
47408,1.3612301349639893,26.98567771911621,0.5898438096046448,5957,0.01953125186264515,5956,0.9520270228385925,1.9452844858169556,0.1779799908399582,37.148651123046875,1961.470036157,9149952,1.2400442361831665,1747637766.4436429,1.0
47464,1.3189520835876465,26.047527313232422,0.6562500596046448,5964,0.02343750186264515,5963,0.9520270228385925,1.9452844858169556,0.18203520774841309,37.148651123046875,1963.719861111,9160704,1.3323177099227905,1747637768.6934514,1.0
47552,1.347402811050415,27.717449188232422,0.7233073115348816,5975,0.02148437686264515,5974,0.9520270228385925,1.9452844858169556,0.159144788980484,37.148651123046875,1967.26836296,9177600,1.4466146230697632,1747637772.2417989,1.0
47696,1.35548996925354,26.895183563232422,0.7128906846046448,5993,0.0201822929084301,5992,0.9520270228385925,1.9452844858169556,0.13282299041748047,37.148651123046875,1973.081044612,9205248,1.4257813692092896,1747637778.054666,1.0
47808,1.3203511238098145,26.986330032348633,0.6777344346046448,6007,0.0201822929084301,6006,0.9520270228385925,1.9452844858169556,0.13457649946212769,37.148651123046875,1977.600344446,9226752,1.4062354564666748,1747637782.5739467,1.0
47976,1.3495280742645264,26.599611282348633,0.6783854365348816,6028,0.0221354179084301,6027,0.9520270228385925,1.9452844858169556,0.11835876107215881,37.148651123046875,1984.385205493,9259008,1.3900971412658691,1747637789.3588185,1.0
48048,1.3112988471984863,28.17317771911621,0.6399739980697632,6037,0.0201822929084301,6036,0.9520270228385925,1.9452844858169556,0.1537627875804901,37.148651123046875,1987.287155916,9272832,1.3035145998001099,1747637792.2607667,1.0
48160,1.3325220346450806,25.973308563232422,0.6927083730697632,6051,0.0240885429084301,6050,0.9520270228385925,1.9452844858169556,0.12218701839447021,37.148651123046875,1991.788662626,9294336,1.3926997184753418,1747637796.7622635,1.0
48168,1.3553276062011719,27.256511688232422,0.7018229365348816,6052,0.02148437686264515,6051,0.9520270228385925,1.9452844858169556,0.11559637635946274,37.148651123046875,1992.112485591,9295872,1.434502124786377,1747637797.0860858,1.0
48224,1.3305670022964478,26.79231834411621,0.6796875596046448,6059,0.0221354179084301,6058,0.9520270228385925,1.9452844858169556,0.1285015046596527,37.148651123046875,1994.376788864,9306624,1.4144246578216553,1747637799.3504004,1.0
48416,1.3629502058029175,24.02669334411621,0.6386719346046448,6083,0.0240885429084301,6082,0.9520270228385925,1.9452844858169556,0.1103988066315651,37.148651123046875,2002.117442479,9343488,1.3548630475997925,1747637807.0910318,1.0
48440,1.3681862354278564,25.785158157348633,0.6061198115348816,6086,0.02083333395421505,6085,0.9520270228385925,1.9452844858169556,0.14307159185409546,37.148651123046875,2003.082599366,9348096,1.2563574314117432,1747637808.0561812,1.0
48496,1.3668173551559448,27.755861282348633,0.6822916865348816,6093,0.02148437686264515,6092,0.9520270228385925,1.9452844858169556,0.09678919613361359,37.148651123046875,2005.344176457,9358848,1.3964605331420898,1747637810.317768,1.0
48672,1.3459428548812866,26.97005271911621,0.6308594346046448,6115,0.01888020895421505,6114,0.9520270228385925,1.9452844858169556,0.15659579634666443,37.148651123046875,2012.464355724,9392640,1.2865064144134521,1747637817.437951,1.0
49040,1.3527448177337646,26.508464813232422,0.6484375596046448,6161,0.0221354179084301,6160,0.9520270228385925,1.9452844858169556,0.13395817577838898,37.148651123046875,2027.305824785,9463296,1.3381373882293701,1747637832.2794333,1.0
49096,1.3450746536254883,25.988933563232422,0.5390625,6168,0.01953125186264515,6167,0.9520270228385925,1.9452844858169556,0.15312746167182922,37.148651123046875,2029.561354056,9474048,1.1540266275405884,1747637834.5349574,1.0
49160,1.3168619871139526,26.828777313232422,0.7506510615348816,6176,0.02343750186264515,6175,0.9536553621292114,1.947842001914978,0.1284896433353424,36.11227035522461,2032.229571797,9486336,1.5158554315567017,1747637837.203159,1.0
49184,1.316201090812683,27.111980438232422,0.7044271230697632,6179,0.0201822929084301,6178,0.9536553621292114,1.947842001914978,0.12015020847320557,36.11227035522461,2033.200437529,9490944,1.4088542461395264,1747637838.1740608,1.0
49312,1.3223190307617188,26.352214813232422,0.6614583730697632,6195,0.02278645895421505,6194,0.9536553621292114,1.947842001914978,0.1269160509109497,36.11227035522461,2038.354431211,9515520,1.3593697547912598,1747637843.3280315,1.0
49352,1.3300964832305908,25.635417938232422,0.5761719346046448,6200,0.0221354179084301,6199,0.9536553621292114,1.947842001914978,0.13583481311798096,36.11227035522461,2039.969660043,9523200,1.2041316032409668,1747637844.943267,1.0
49560,1.355931282043457,26.330080032348633,0.6907552480697632,6226,0.02343750186264515,6225,0.9536553621292114,1.947842001914978,0.11323592811822891,36.11227035522461,2048.360043713,9563136,1.4228801727294922,1747637853.3336785,1.0
49576,1.3547449111938477,26.000001907348633,0.6686198115348816,6228,0.0221354179084301,6227,0.9536553621292114,1.947842001914978,0.12077649682760239,36.11227035522461,2049.00703888,9566208,1.3871257305145264,1747637853.9806795,1.0
49616,1.3511581420898438,25.556642532348633,0.6705729365348816,6233,0.02278645895421505,6232,0.9536553621292114,1.947842001914978,0.14423932135105133,36.11227035522461,2050.616002002,9573888,1.3798096179962158,1747637855.5896194,1.0
49632,1.3492851257324219,25.72200584411621,0.6386719346046448,6235,0.0221354179084301,6234,0.9536553621292114,1.947842001914978,0.13285300135612488,36.11227035522461,2051.262803736,9576960,1.313499093055725,1747637856.236421,1.0
49928,1.3563613891601562,24.628908157348633,0.6686198115348816,6272,0.02278645895421505,6271,0.9536553621292114,1.947842001914978,0.1409912258386612,36.11227035522461,2063.218962756,9633792,1.3533577919006348,1747637868.1925848,1.0
50048,1.3446338176727295,25.41145896911621,0.6835938096046448,6287,0.02539062686264515,6286,0.9536553621292114,1.947842001914978,0.23379158973693848,36.11227035522461,2068.052243819,9656832,1.4110804796218872,1747637873.0258682,1.0
50072,1.3537299633026123,25.97591209411621,0.6412760615348816,6290,0.02473958395421505,6289,0.9536553621292114,1.947842001914978,0.15464678406715393,36.11227035522461,2069.017586752,9661440,1.3177058696746826,1747637873.991173,1.0
50240,1.3454817533493042,25.527996063232422,0.6816406846046448,6311,0.02148437686264515,6310,0.9536553621292114,1.947842001914978,0.12091244757175446,36.11227035522461,2075.797004915,9693696,1.365138053894043,1747637880.7706149,1.0
50536,1.3774603605270386,26.783855438232422,0.6451823115348816,6348,0.02148437686264515,6347,0.9536553621292114,1.947842001914978,0.12729382514953613,36.11227035522461,2087.749162482,9750528,1.320898413658142,1747637892.722779,1.0
50704,1.3798671960830688,25.22591209411621,0.6419271230697632,6369,0.02343750186264515,6368,0.9536553621292114,1.947842001914978,0.11878170073032379,36.11227035522461,2094.524006949,9782784,1.3030437231063843,1747637899.4976356,1.0
50712,1.3929173946380615,25.62825584411621,0.6673177480697632,6370,0.0221354179084301,6369,0.9536553621292114,1.947842001914978,0.09711962938308716,36.11227035522461,2094.844643017,9784320,1.3588801622390747,1747637899.8182383,1.0
50952,1.4141161441802979,25.041017532348633,0.7226563096046448,6400,0.02473958395421505,6399,0.9536553621292114,1.947842001914978,0.10178808122873306,36.11227035522461,2104.524166365,9830400,1.4453126192092896,1747637909.49779,1.0
51168,1.3741004467010498,26.27083396911621,0.7311198115348816,6427,0.02343750186264515,6426,0.9536553621292114,1.947842001914978,0.1524970829486847,36.11227035522461,2113.244638047,9871872,1.4802864789962769,1747637918.21823,1.0
51216,1.3757354021072388,25.867189407348633,0.7044271230697632,6433,0.0240885429084301,6432,0.9536553621292114,1.947842001914978,0.15573692321777344,36.11227035522461,2115.177182009,9881088,1.4204862117767334,1747637920.1507742,1.0
51240,1.388362169265747,25.029298782348633,0.6165364980697632,6436,0.02148437686264515,6435,0.9536553621292114,1.947842001914978,0.10470463335514069,36.11227035522461,2116.151419401,9885696,1.2967031002044678,1747637921.125005,1.0
51280,1.3616130352020264,26.135417938232422,0.6972656846046448,6441,0.02148437686264515,6440,0.9536553621292114,1.947842001914978,0.1195201650261879,36.11227035522461,2117.757459492,9893376,1.4166667461395264,1747637922.7310474,1.0
51480,1.383420705795288,28.039714813232422,0.6861979365348816,6466,0.02148437686264515,6465,0.9536553621292114,1.947842001914978,0.16692964732646942,36.11227035522461,2125.82482081,9931776,1.4178622961044312,1747637930.7984104,1.0
51560,1.3669639825820923,25.89974021911621,0.6640625596046448,6476,0.02083333395421505,6475,0.9536553621292114,1.947842001914978,0.12357250601053238,36.11227035522461,2129.044913938,9947136,1.358377456665039,1747637934.0185359,1.0
51584,1.3517855405807495,24.99349021911621,0.6562500596046448,6479,0.0240885429084301,6478,0.9536553621292114,1.947842001914978,0.13075610995292664,36.11227035522461,2130.012534412,9951744,1.362153172492981,1747637934.9861453,1.0
51600,1.3305957317352295,25.734376907348633,0.6875000596046448,6481,0.02148437686264515,6480,0.9536553621292114,1.947842001914978,0.13776902854442596,36.11227035522461,2130.655895755,9954816,1.4157196283340454,1747637935.6295104,1.0
51656,1.3655823469161987,28.263673782348633,0.6966146230697632,6488,0.01888020895421505,6487,0.9536553621292114,1.947842001914978,0.10945205390453339,36.11227035522461,2132.918754584,9965568,1.393831491470337,1747637937.8923545,1.0
