returned_episode_lengths,returned_won_episode,loss,update_steps,_step,test_returned_episode_returns,env_step,test_returned_episode_lengths,returned_episode,_runtime,grad_steps,qvals,test_returned_won_episode,returned_episode_returns,test_returned_episode,_timestamp
15.958985328674316,0.0,0.0,2,1,0.0005975834792479873,3072,12.288415908813477,0.0507812537252903,47.755197975,0,0.0,0.0,0.12979601323604584,1.0,1746419273.688894
15.645833969116211,0.0,0.0,9,8,0.0005975834792479873,13824,12.288415908813477,0.0520833358168602,48.181202348,0,0.0,0.0,0.12220052629709244,1.0,1746419274.1148977
15.681641578674316,0.0,0.0,28,27,0.0005975834792479873,43008,12.288415908813477,0.0507812537252903,49.340068637,0,0.0,0.0,0.11141494661569595,1.0,1746419275.2737825
16.0625,0.0,0.029237113893032074,34,33,0.0005975834792479873,52224,12.288415908813477,0.0507812537252903,50.513602172,24,0.11688406765460968,0.0,0.11482205986976624,1.0,1746419276.4472392
14.885416984558105,0.0,0.040569156408309937,58,57,0.0005975834792479873,89088,12.288415908813477,0.0546875037252903,58.408759604,216,0.27706411480903625,0.0,0.14296875894069672,1.0,1746419284.3424728
14.776041984558105,0.0,0.05884265899658203,89,88,0.0005975834792479873,136704,12.288415908813477,0.0553385429084301,68.58722579,464,0.5233896374702454,0.0,0.14828559756278992,1.0,1746419294.5209315
14.892579078674316,0.0,0.05872472748160362,97,96,0.0005975834792479873,148992,12.288415908813477,0.0559895858168602,71.206976009,528,0.49091610312461853,0.0,0.15032552182674408,1.0,1746419297.1406348
14.328125953674316,0.0,0.05676065385341644,98,97,0.0005975834792479873,150528,12.288415908813477,0.0572916679084301,71.534451228,536,0.48353976011276245,0.0,0.15870226919651031,1.0,1746419297.4681659
14.595052719116211,0.0,0.05077345296740532,111,110,0.0005975834792479873,170496,12.288415908813477,0.0566406287252903,75.804095073,640,0.4402652978897095,0.0,0.15596789121627808,1.0,1746419301.7378118
14.604166984558105,0.0,0.05983751267194748,118,117,0.0005975834792479873,181248,12.288415908813477,0.0546875037252903,78.097337501,696,0.41413551568984985,0.0,0.16219620406627655,1.0,1746419304.030942
14.265625953674316,0.0,0.06063467636704445,119,118,0.0005975834792479873,182784,12.288415908813477,0.0566406287252903,78.42473396,704,0.41704583168029785,0.0,0.16193577647209167,1.0,1746419304.358424
14.239583969116211,0.0,0.06404700875282288,137,136,0.0005975834792479873,210432,12.288415908813477,0.0579427108168602,84.334218623,848,0.43340224027633667,0.0,0.1770833432674408,1.0,1746419310.2679586
14.141276359558105,0.0,0.06154339388012886,146,145,0.0005975834792479873,224256,12.288415908813477,0.0585937537252903,87.281755208,920,0.4304724931716919,0.0,0.16885852813720703,1.0,1746419313.2154903
13.936198234558105,0.0,0.08011583238840103,152,151,0.0005975834792479873,233472,12.288415908813477,0.0598958358168602,89.248734617,968,0.4186202883720398,0.0,0.18927954137325287,1.0,1746419315.1824455
14.304037094116211,0.0,0.06119481101632118,160,159,0.0005975834792479873,245760,12.288415908813477,0.0553385429084301,91.889444507,1032,0.40855443477630615,0.0,0.1732855886220932,1.0,1746419317.8230014
13.612630844116211,0.0,0.06648047268390656,171,170,0.0005975834792479873,262656,12.288415908813477,0.0605468787252903,95.491007804,1120,0.39221182465553284,0.0,0.17901477217674255,1.0,1746419321.4247398
13.854166984558105,0.0,0.08975891768932343,212,211,0.0005975834792479873,325632,12.288415908813477,0.0605468787252903,108.939488524,1448,0.3586235046386719,0.0,0.210503488779068,1.0,1746419334.8731701
13.061198234558105,0.0,0.07999759912490845,222,221,0.0005975834792479873,340992,12.288415908813477,0.0638020858168602,112.215255345,1528,0.35983967781066895,0.0,0.2141927182674408,1.0,1746419338.148964
13.327474594116211,0.0,0.06480436772108078,228,227,0.0005975834792479873,350208,12.288415908813477,0.0618489608168602,114.182408876,1576,0.3679535984992981,0.0,0.22983942925930023,1.0,1746419340.1160169
13.929688453674316,0.0,0.06365352869033813,237,236,0.0005975834792479873,364032,12.288415908813477,0.0605468787252903,117.135319436,1648,0.37409138679504395,0.0,0.22766928374767303,1.0,1746419343.06905
14.203125953674316,0.0,0.061161868274211884,259,258,0.0005975834792479873,397824,12.288415908813477,0.0605468787252903,124.354156743,1824,0.38679376244544983,0.0,0.23142364621162415,1.0,1746419350.287871
14.272787094116211,0.0,0.05151188373565674,273,272,0.0005975834792479873,419328,12.288415908813477,0.0579427108168602,128.946180903,1936,0.4013175368309021,0.0,0.24103735387325287,1.0,1746419354.879911
13.332032203674316,0.0,0.057737842202186584,294,293,0.0005975834792479873,451584,12.288415908813477,0.0631510466337204,135.832797621,2104,0.4037320613861084,0.0,0.27413198351860046,1.0,1746419361.766311
12.809896469116211,0.0,0.04862175136804581,305,304,0.0005975834792479873,468480,12.288415908813477,0.0625,139.451942937,2192,0.4103277921676636,0.0,0.27384984493255615,1.0,1746419365.3854702
13.067057609558105,0.0,0.04825838655233383,310,309,0.0005975834792479873,476160,12.288415908813477,0.064453125,141.096345026,2232,0.4078482985496521,0.0,0.2896484434604645,1.0,1746419367.0300553
12.724610328674316,0.0,0.04685092717409134,333,332,0.5782980918884277,511488,13.267692565917969,0.06640625,148.722724609,2416,0.41077011823654175,0.002138122683390975,0.26892364025115967,1.0,1746419374.6562366
12.573568344116211,0.0,0.04692313075065613,339,338,0.5782980918884277,520704,13.267692565917969,0.068359375,150.696273881,2464,0.41745710372924805,0.002138122683390975,0.30180126428604126,1.0,1746419376.629964
12.662760734558105,0.0,0.04801332578063011,343,342,0.5782980918884277,526848,13.267692565917969,0.0670572966337204,152.006613802,2496,0.4142948389053345,0.002138122683390975,0.3052517771720886,1.0,1746419377.940334
12.557943344116211,0.0,0.04784323275089264,379,378,0.5782980918884277,582144,13.267692565917969,0.0690104216337204,163.818040046,2784,0.4136918783187866,0.002138122683390975,0.30922311544418335,1.0,1746419389.7517183
12.519532203674316,0.0,0.05085398629307747,390,389,0.5782980918884277,599040,13.267692565917969,0.068359375,167.421533747,2872,0.41470104455947876,0.002138122683390975,0.3360026478767395,1.0,1746419393.355273
12.355469703674316,0.0,0.04585838317871094,402,401,0.5782980918884277,617472,13.267692565917969,0.0696614608168602,171.37013986,2968,0.40799182653427124,0.002138122683390975,0.33797749876976013,1.0,1746419397.3038604
11.996745109558105,0.0,0.04989182949066162,403,402,0.5782980918884277,619008,13.267692565917969,0.0709635466337204,171.698278538,2976,0.41258612275123596,0.002138122683390975,0.3226996958255768,1.0,1746419397.6319723
12.046875953674316,0.0,0.04477300867438316,412,411,0.5782980918884277,632832,13.267692565917969,0.0709635466337204,174.644601095,3048,0.4083282947540283,0.002138122683390975,0.3540582060813904,1.0,1746419400.5783048
11.811849594116211,0.0,0.05670851841568947,469,468,0.5782980918884277,720384,13.267692565917969,0.0722656324505806,193.395985624,3504,0.41885605454444885,0.002138122683390975,0.3949870765209198,1.0,1746419419.3297262
12.052735328674316,0.0,0.05399000644683838,493,492,0.5782980918884277,757248,13.267692565917969,0.0696614608168602,201.275750302,3696,0.42116501927375793,0.002138122683390975,0.39490020275115967,1.0,1746419427.2049143
11.900391578674316,0.0,0.05637555196881294,505,504,0.5782980918884277,775680,13.267692565917969,0.0722656324505806,205.207822332,3792,0.42740774154663086,0.002138122683390975,0.40672749280929565,1.0,1746419431.141536
11.895182609558105,0.0,0.05220412462949753,512,511,0.5782980918884277,786432,13.267692565917969,0.0722656324505806,207.502576526,3848,0.4279322028160095,0.002138122683390975,0.4165148138999939,1.0,1746419433.4362438
11.975260734558105,0.0,0.050923142582178116,518,517,0.5782980918884277,795648,13.267692565917969,0.0716145858168602,209.472347592,3896,0.4226118326187134,0.002138122683390975,0.424045205116272,1.0,1746419435.4060643
11.517579078674316,0.0,0.056776948273181915,552,551,0.5782980918884277,847872,13.267692565917969,0.0761718824505806,220.622585391,4168,0.42314857244491577,0.002138122683390975,0.4377170503139496,1.0,1746419446.5563214
11.805338859558105,0.0,0.05408359691500664,611,610,0.5782980918884277,938496,13.267692565917969,0.0716145858168602,239.980021796,4640,0.42066285014152527,0.002138122683390975,0.4828342795372009,1.0,1746419465.9137301
12.108724594116211,0.0,0.05819625407457352,612,611,0.5782980918884277,940032,13.267692565917969,0.0696614608168602,240.311404111,4648,0.4261152744293213,0.002138122683390975,0.47769105434417725,1.0,1746419466.245117
11.848307609558105,0.0,0.07074238359928131,632,631,0.5782980918884277,970752,13.267692565917969,0.0729166716337204,246.8679917,4808,0.43130558729171753,0.002138122683390975,0.5037109851837158,1.0,1746419472.8017197
12.166666984558105,0.0,0.05670024827122688,648,647,0.5782980918884277,995328,13.267692565917969,0.0696614608168602,252.122522012,4936,0.4278324246406555,0.002138122683390975,0.5219835638999939,1.0,1746419478.0562766
11.876954078674316,0.0,0.053491540253162384,660,659,0.5921752452850342,1013760,12.777256965637207,0.0722656324505806,256.129569436,5032,0.42783570289611816,0.0016273392830044031,0.5113498568534851,0.9999999403953552,1746419482.062951
11.826823234558105,0.0,0.0553620420396328,666,665,0.5921752452850342,1022976,12.777256965637207,0.0722656324505806,258.111090917,5080,0.43049299716949463,0.0016273392830044031,0.5030165314674377,0.9999999403953552,1746419484.0445642
11.643880844116211,0.0,0.06073002517223358,675,674,0.5921752452850342,1036800,12.777256965637207,0.0735677108168602,261.063085768,5152,0.4331386685371399,0.0016273392830044031,0.5102431178092957,0.9999999403953552,1746419486.9968128
12.882162094116211,0.0,0.06979329884052277,706,705,0.5921752452850342,1084416,12.777256965637207,0.0677083358168602,271.224937482,5400,0.43108606338500977,0.0016273392830044031,0.515733540058136,0.9999999403953552,1746419497.1586041
11.703776359558105,0.0,0.054209813475608826,726,725,0.5921752452850342,1115136,12.777256965637207,0.0729166716337204,277.783921206,5560,0.43604564666748047,0.0016273392830044031,0.5064019560813904,0.9999999403953552,1746419503.7176366
12.743490219116211,0.0,0.06959501653909683,748,747,0.5921752452850342,1148928,12.777256965637207,0.06640625,285.000539782,5736,0.4337693452835083,0.0016273392830044031,0.5219835638999939,0.9999999403953552,1746419510.9342012
12.774088859558105,0.0,0.07152464985847473,750,749,0.5921752452850342,1152000,12.777256965637207,0.068359375,285.661318663,5752,0.445907324552536,0.0016273392830044031,0.5223958492279053,0.9999999403953552,1746419511.5949333
12.826172828674316,0.0,0.052485670894384384,761,760,0.5921752452850342,1168896,12.777256965637207,0.06640625,289.263421728,5840,0.4367799460887909,0.0016273392830044031,0.4910808205604553,0.9999999403953552,1746419515.1971562
11.955079078674316,0.0,0.059866540133953094,765,764,0.5921752452850342,1175040,12.777256965637207,0.0709635466337204,290.573069612,5872,0.4349139332771301,0.0016273392830044031,0.5156684517860413,0.9999999403953552,1746419516.5068035
12.063151359558105,0.0,0.05371789261698723,780,779,0.5921752452850342,1198080,12.777256965637207,0.0709635466337204,295.496317407,5992,0.43349578976631165,0.0016273392830044031,0.5223091244697571,0.9999999403953552,1746419521.430048
11.860026359558105,0.0,0.058642417192459106,790,789,0.5921752452850342,1213440,12.777256965637207,0.0716145858168602,298.77312313,6072,0.4341515004634857,0.0016273392830044031,0.5231337547302246,0.9999999403953552,1746419524.7068198
12.277995109558105,0.0,0.051107414066791534,818,817,0.5921752452850342,1256448,12.777256965637207,0.0690104216337204,307.95988256,6296,0.4370933175086975,0.0016273392830044031,0.5209636092185974,0.9999999403953552,1746419533.8935747
12.438151359558105,0.0,0.05584489554166794,836,835,0.5921752452850342,1284096,12.777256965637207,0.0703125,313.85824392,6440,0.44384104013442993,0.0016273392830044031,0.5183377861976624,0.9999999403953552,1746419539.7919421
11.993490219116211,0.0,0.06625424325466156,867,866,0.5921752452850342,1331712,12.777256965637207,0.0709635466337204,324.050544229,6688,0.4540853500366211,0.0016273392830044031,0.515646755695343,0.9999999403953552,1746419549.9843051
11.947266578674316,0.0,0.07596154510974884,873,872,0.5921752452850342,1340928,12.777256965637207,0.0703125,326.016378629,6736,0.44938087463378906,0.0016273392830044031,0.5361979603767395,0.9999999403953552,1746419551.9501019
11.850260734558105,0.0,0.06084074079990387,902,901,0.5921752452850342,1385472,12.777256965637207,0.0722656324505806,335.527878499,6968,0.45024028420448303,0.0016273392830044031,0.5377604365348816,0.9999999403953552,1746419561.4615762
12.379557609558105,0.0,0.07332523167133331,907,906,0.5921752452850342,1393152,12.777256965637207,0.0690104216337204,337.16602411,7008,0.4469554126262665,0.0016273392830044031,0.5144965648651123,0.9999999403953552,1746419563.099725
12.923829078674316,0.0,0.055510010570287704,920,919,0.5921752452850342,1413120,12.777256965637207,0.0670572966337204,341.433998083,7112,0.4577954411506653,0.0016273392830044031,0.5236762762069702,0.9999999403953552,1746419567.3674905
12.408204078674316,0.0078125,0.06957612931728363,939,938,0.5921752452850342,1442304,12.777256965637207,0.0690104216337204,347.661601927,7264,0.453693151473999,0.0016273392830044031,0.5340061187744141,0.9999999403953552,1746419573.595221
12.949219703674316,0.0,0.05426710844039917,955,954,0.5921752452850342,1466880,12.777256965637207,0.06640625,352.909554885,7392,0.4562009871006012,0.0016273392830044031,0.5201823115348816,0.9999999403953552,1746419578.8432956
12.081380844116211,0.0,0.05981923267245293,958,957,0.5921752452850342,1471488,12.777256965637207,0.0709635466337204,353.891968679,7416,0.4580673575401306,0.0016273392830044031,0.5288628935813904,0.9999999403953552,1746419579.8256936
12.037110328674316,0.0,0.07480303943157196,962,961,0.5921752452850342,1477632,12.777256965637207,0.0722656324505806,355.208834156,7448,0.4610096216201782,0.0016273392830044031,0.535590410232544,0.9999999403953552,1746419581.1422937
12.075521469116211,0.0,0.05346764996647835,983,982,0.6165504455566406,1509888,13.627344131469727,0.0716145858168602,362.169872671,7616,0.45170268416404724,0.0013083297526463866,0.5294922590255737,1.0,1746419588.103408
12.164713859558105,0.0,0.0643218532204628,986,985,0.6165504455566406,1514496,13.627344131469727,0.0716145858168602,363.152785979,7640,0.4556363821029663,0.0013083297526463866,0.512717068195343,1.0,1746419589.0862937
11.919271469116211,0.0,0.0738038718700409,993,992,0.6165504455566406,1525248,13.627344131469727,0.0716145858168602,365.446566483,7696,0.4547570049762726,0.0013083297526463866,0.5258681178092957,1.0,1746419591.3802898
12.442057609558105,0.01888020895421505,0.07370460033416748,1019,1018,0.6165504455566406,1565184,13.627344131469727,0.068359375,373.980008878,7904,0.45561665296554565,0.0013083297526463866,0.5548394918441772,1.0,1746419599.913706
12.298177719116211,0.0,0.07276015728712082,1032,1031,0.6165504455566406,1585152,13.627344131469727,0.0696614608168602,378.246118269,8008,0.44825637340545654,0.0013083297526463866,0.5430122017860413,1.0,1746419604.179808
12.471354484558105,0.0013020833721384406,0.1295660436153412,1037,1036,0.6165504455566406,1592832,13.627344131469727,0.0696614608168602,379.883435526,8048,0.4495363235473633,0.0013083297526463866,0.5129340887069702,1.0,1746419605.8171697
13.248698234558105,0.0,0.07507523894309998,1054,1053,0.6165504455566406,1618944,13.627344131469727,0.0638020858168602,385.458884068,8184,0.44852954149246216,0.0013083297526463866,0.5004774928092957,1.0,1746419611.3925986
12.949870109558105,0.0,0.07516036182641983,1068,1067,0.6165504455566406,1640448,13.627344131469727,0.0651041716337204,390.051903928,8296,0.44902923703193665,0.0013083297526463866,0.5378039479255676,1.0,1746419615.9854689
13.061198234558105,0.0,0.08218220621347427,1080,1079,0.6165504455566406,1658880,13.627344131469727,0.0651041716337204,393.9940934,8392,0.45350009202957153,0.0013083297526463866,0.5137370228767395,1.0,1746419619.9278286
12.918620109558105,0.0,0.09620942920446396,1085,1084,0.6165504455566406,1666560,13.627344131469727,0.064453125,395.631390729,8432,0.4551158845424652,0.0013083297526463866,0.521918535232544,1.0,1746419621.5650523
13.813802719116211,0.01888020895421505,0.059422753751277924,1092,1091,0.6165504455566406,1677312,13.627344131469727,0.0618489608168602,397.924445382,8488,0.45161324739456177,0.0013083297526463866,0.5524088740348816,1.0,1746419623.858165
13.458985328674316,0.0,0.07547993212938309,1095,1094,0.6165504455566406,1681920,13.627344131469727,0.0618489608168602,398.910268245,8512,0.4536873400211334,0.0013083297526463866,0.5142796039581299,1.0,1746419624.8437684
12.804688453674316,0.009765625931322575,0.08561475574970245,1096,1095,0.6165504455566406,1683456,13.627344131469727,0.0670572966337204,399.238810146,8520,0.44704699516296387,0.0013083297526463866,0.5470269918441772,1.0,1746419625.172431
12.463541984558105,0.0,0.08418656885623932,1114,1113,0.6165504455566406,1711104,13.627344131469727,0.0696614608168602,405.138342337,8664,0.45346805453300476,0.0013083297526463866,0.5272352695465088,1.0,1746419631.0720599
12.033854484558105,0.0,0.0763997957110405,1125,1124,0.6165504455566406,1728000,13.627344131469727,0.0709635466337204,408.754616059,8752,0.4467317461967468,0.0013083297526463866,0.5218750834465027,1.0,1746419634.6883564
12.387370109558105,0.0,0.0616631954908371,1133,1132,0.6165504455566406,1740288,13.627344131469727,0.0696614608168602,411.378965323,8816,0.44565942883491516,0.0013083297526463866,0.5214627385139465,1.0,1746419637.3127127
12.155599594116211,0.0,0.0784149318933487,1140,1139,0.6165504455566406,1751040,13.627344131469727,0.0703125,413.672279005,8872,0.4392096996307373,0.0013083297526463866,0.5247613787651062,1.0,1746419639.6059508
12.347657203674316,0.001953125,0.06882890313863754,1142,1141,0.6165504455566406,1754112,13.627344131469727,0.068359375,414.329997635,8888,0.4388696551322937,0.0013083297526463866,0.5424045920372009,1.0,1746419640.263466
13.138021469116211,0.0,0.0717720165848732,1155,1154,0.6165504455566406,1774080,13.627344131469727,0.064453125,418.595767616,8992,0.4436221420764923,0.0013083297526463866,0.5158203840255737,1.0,1746419644.5294936
13.063802719116211,0.0,0.059355229139328,1171,1170,0.6165504455566406,1798656,13.627344131469727,0.0631510466337204,423.839098654,9120,0.4402182102203369,0.0013083297526463866,0.5174045562744141,1.0,1746419649.772822
12.240885734558105,0.0,0.055105481296777725,1177,1176,0.6165504455566406,1807872,13.627344131469727,0.0696614608168602,425.805797376,9168,0.4491541385650635,0.0013083297526463866,0.5227864980697632,1.0,1746419651.7395232
12.244791984558105,0.0,0.07808175683021545,1178,1177,0.6165504455566406,1809408,13.627344131469727,0.0696614608168602,426.133708835,9176,0.44808340072631836,0.0013083297526463866,0.5300564765930176,1.0,1746419652.067455
11.862630844116211,0.008463541977107525,0.09125003218650818,1191,1190,0.6165504455566406,1829376,13.627344131469727,0.0735677108168602,430.396270125,9280,0.4484374523162842,0.0013083297526463866,0.537152886390686,1.0,1746419656.3299992
12.653646469116211,0.0,0.058825135231018066,1196,1195,0.6165504455566406,1837056,13.627344131469727,0.0670572966337204,432.038160198,9320,0.437849760055542,0.0013083297526463866,0.54778653383255,1.0,1746419657.9718666
13.554688453674316,0.0,0.09301598370075226,1212,1211,0.6165504455566406,1861632,13.627344131469727,0.0625,437.277399037,9448,0.4313589334487915,0.0013083297526463866,0.528342068195343,1.0,1746419663.2111237
13.584635734558105,0.0,0.07121869921684265,1215,1214,0.6165504455566406,1866240,13.627344131469727,0.0625,438.259650724,9472,0.43692493438720703,0.0013083297526463866,0.5287544131278992,1.0,1746419664.193377
13.315755844116211,0.0071614584885537624,0.06156137213110924,1229,1228,0.6165504455566406,1887744,13.627344131469727,0.0631510466337204,442.854717711,9584,0.435638964176178,0.0013083297526463866,0.5290148258209229,1.0,1746419668.7882316
12.914713859558105,0.0,0.06252235174179077,1237,1236,0.6165504455566406,1900032,13.627344131469727,0.0670572966337204,445.477283496,9648,0.43879708647727966,0.0013083297526463866,0.5533638000488281,1.0,1746419671.410993
12.510416984558105,0.01302083395421505,0.08011440932750702,1242,1241,0.6165504455566406,1907712,13.627344131469727,0.0670572966337204,447.11601299,9688,0.44002699851989746,0.0013083297526463866,0.5373698472976685,1.0,1746419673.0497463
12.621745109558105,0.010416666977107525,0.07510729879140854,1259,1258,0.6165504455566406,1933824,13.627344131469727,0.0670572966337204,452.693114124,9824,0.443942666053772,0.0013083297526463866,0.5592231750488281,1.0,1746419678.6268344
12.216797828674316,0.0071614584885537624,0.07770280539989471,1275,1274,0.6165504455566406,1958400,13.627344131469727,0.0696614608168602,457.940603396,9952,0.4453326165676117,0.0013083297526463866,0.5551432967185974,1.0,1746419683.8743165
12.255208969116211,0.0,0.06939444690942764,1284,1283,0.6165504455566406,1972224,13.627344131469727,0.0690104216337204,460.889147729,10024,0.4425325393676758,0.0013083297526463866,0.5390191674232483,1.0,1746419686.8228557
12.069662094116211,0.008463541977107525,0.08613806962966919,1299,1298,0.6165504455566406,1995264,13.627344131469727,0.0709635466337204,465.82910654,10144,0.43919432163238525,0.0013083297526463866,0.5457032322883606,1.0,1746419691.7628214
13.255860328674316,0.0182291679084301,0.06667079031467438,1309,1308,0.6342905759811401,2010624,13.55927848815918,0.0625,469.180371491,10224,0.4417863190174103,0.004133130423724651,0.5460286736488342,1.0,1746419695.114047
12.983724594116211,0.0,0.07291720062494278,1312,1311,0.6342905759811401,2015232,13.55927848815918,0.0657552108168602,470.170173611,10248,0.42871248722076416,0.004133130423724651,0.537326455116272,1.0,1746419696.1037445
13.497396469116211,0.00911458395421505,0.09433923661708832,1341,1340,0.6342905759811401,2059776,13.55927848815918,0.0625,479.682370167,10480,0.43239426612854004,0.004133130423724651,0.5501953959465027,1.0,1746419705.6161046
12.741537094116211,0.0,0.07815605401992798,1385,1384,0.6342905759811401,2127360,13.55927848815918,0.0677083358168602,494.131454994,10832,0.43289393186569214,0.004133130423724651,0.5398004055023193,1.0,1746419720.065166
12.731771469116211,0.0,0.0844634547829628,1388,1387,0.6342905759811401,2131968,13.55927848815918,0.0657552108168602,495.114065509,10856,0.4245379567146301,0.004133130423724651,0.5506293773651123,1.0,1746419721.0477643
13.110677719116211,0.0,0.06697630137205124,1424,1423,0.6342905759811401,2187264,13.55927848815918,0.064453125,506.923670212,11144,0.417005717754364,0.004133130423724651,0.5183377861976624,1.0,1746419732.857409
12.100912094116211,0.0,0.1027199774980545,1456,1455,0.6342905759811401,2236416,13.55927848815918,0.0709635466337204,517.417138314,11400,0.42417508363723755,0.004133130423724651,0.5246745347976685,1.0,1746419743.3508747
13.263672828674316,0.01888020895421505,0.08603133261203766,1484,1483,0.6342905759811401,2279424,13.55927848815918,0.0625,526.601988919,11624,0.4019513428211212,0.004133130423724651,0.553168535232544,1.0,1746419752.535544
12.781250953674316,0.0,0.09426221251487732,1486,1485,0.6342905759811401,2282496,13.55927848815918,0.0657552108168602,527.257306473,11640,0.4019637107849121,0.004133130423724651,0.5406901240348816,1.0,1746419753.1910396
12.949870109558105,0.008463541977107525,0.09936343133449554,1492,1491,0.6342905759811401,2291712,13.55927848815918,0.0638020858168602,529.222925967,11688,0.3979218602180481,0.004133130423724651,0.5545790791511536,1.0,1746419755.1566463
13.021485328674316,0.0,0.08262323588132858,1493,1492,0.6342905759811401,2293248,13.55927848815918,0.0651041716337204,529.549982281,11696,0.3978224992752075,0.004133130423724651,0.533637285232544,1.0,1746419755.483688
13.127604484558105,0.0,0.08794000744819641,1508,1507,0.6342905759811401,2316288,13.55927848815918,0.0638020858168602,534.475666408,11816,0.39225172996520996,0.004133130423724651,0.5331597924232483,1.0,1746419760.4093816
13.028646469116211,0.0,0.08581503480672836,1552,1551,0.6342905759811401,2383872,13.55927848815918,0.064453125,548.90176722,12168,0.382385790348053,0.004133130423724651,0.542881965637207,1.0,1746419774.8354955
12.410157203674316,0.0,0.0895015075802803,1558,1557,0.6342905759811401,2393088,13.55927848815918,0.0690104216337204,550.871387731,12216,0.3840433359146118,0.004133130423724651,0.5327692031860352,1.0,1746419776.8051076
12.578125953674316,0.0,0.08638890832662582,1567,1566,0.6342905759811401,2406912,13.55927848815918,0.0677083358168602,553.826851034,12288,0.38060736656188965,0.004133130423724651,0.5259332060813904,1.0,1746419779.7602975
13.070963859558105,0.0,0.07092827558517456,1568,1567,0.6342905759811401,2408448,13.55927848815918,0.064453125,554.155000653,12296,0.375699520111084,0.004133130423724651,0.5416884422302246,1.0,1746419780.0886784
12.440104484558105,0.0,0.08982616662979126,1592,1591,0.6342905759811401,2445312,13.55927848815918,0.0690104216337204,562.027146469,12488,0.3797186613082886,0.004133130423724651,0.53118497133255,1.0,1746419787.9608853
12.178385734558105,0.0,0.09025178104639053,1618,1617,0.6342905759811401,2485248,13.55927848815918,0.0696614608168602,570.553376611,12696,0.36763882637023926,0.004133130423724651,0.5385200381278992,1.0,1746419796.4870856
12.204427719116211,0.0,0.10122811794281006,1621,1620,0.6342905759811401,2489856,13.55927848815918,0.0690104216337204,571.53624357,12720,0.37273937463760376,0.004133130423724651,0.5420790910720825,1.0,1746419797.4699228
13.000000953674316,0.0,0.08642436563968658,1643,1642,0.6433157324790955,2523648,13.75870418548584,0.0657552108168602,578.82540276,12896,0.3731425702571869,0.006390480324625969,0.5352431535720825,1.0,1746419804.7591321
13.216797828674316,0.0,0.1261102855205536,1720,1719,0.6433157324790955,2641920,13.75870418548584,0.064453125,604.09040979,13512,0.3764517605304718,0.006390480324625969,0.5546441674232483,1.0,1746419830.0241055
13.385416984558105,0.0279947929084301,0.11072391271591187,1738,1737,0.6433157324790955,2669568,13.75870418548584,0.0618489608168602,610.009999168,13656,0.35212603211402893,0.006390480324625969,0.5623047947883606,1.0,1746419835.9436839
13.869791984558105,0.0,0.15177741646766663,1753,1752,0.6433157324790955,2692608,13.75870418548584,0.0605468787252903,614.927854076,13776,0.36341726779937744,0.006390480324625969,0.5373048186302185,1.0,1746419840.8615654
13.560547828674316,0.0,0.13008320331573486,1760,1759,0.6433157324790955,2703360,13.75870418548584,0.0625,617.225338988,13832,0.3674808740615845,0.006390480324625969,0.5460938215255737,1.0,1746419843.159063
12.686198234558105,0.0,0.11311027407646179,1765,1764,0.6433157324790955,2711040,13.75870418548584,0.0657552108168602,618.863861992,13872,0.3638206720352173,0.006390480324625969,0.5485243797302246,1.0,1746419844.7975907
13.581380844116211,0.0,0.0985342413187027,1769,1768,0.6433157324790955,2717184,13.75870418548584,0.0618489608168602,620.174460191,13904,0.3604823350906372,0.006390480324625969,0.547960102558136,1.0,1746419846.108173
13.655599594116211,0.008463541977107525,0.10105980932712555,1776,1775,0.6433157324790955,2727936,13.75870418548584,0.0611979216337204,622.472856544,13960,0.3597281575202942,0.006390480324625969,0.54778653383255,1.0,1746419848.40648
13.508463859558105,0.0,0.10345800220966339,1781,1780,0.6433157324790955,2735616,13.75870418548584,0.0611979216337204,624.113026114,14000,0.3587137758731842,0.006390480324625969,0.5401042103767395,1.0,1746419850.0467434
13.712891578674316,0.012369791977107525,0.11503429710865021,1788,1787,0.6433157324790955,2746368,13.75870418548584,0.0625,626.405604276,14056,0.3603627383708954,0.006390480324625969,0.5621528029441833,1.0,1746419852.3393486
13.552735328674316,0.0,0.10534834861755371,1790,1789,0.6433157324790955,2749440,13.75870418548584,0.0625,627.0608937,14072,0.3568262457847595,0.006390480324625969,0.5421659350395203,1.0,1746419852.9946086
13.415365219116211,0.01888020895421505,0.13533318042755127,1796,1795,0.6433157324790955,2758656,13.75870418548584,0.0625,629.025277648,14120,0.3610249161720276,0.006390480324625969,0.561740517616272,1.0,1746419854.9589949
13.606120109558105,0.0,0.11889135837554932,1797,1796,0.6433157324790955,2760192,13.75870418548584,0.0625,629.353263339,14128,0.35968366265296936,0.006390480324625969,0.5543619990348816,1.0,1746419855.2868497
13.622396469116211,0.009765625931322575,0.1063246950507164,1803,1802,0.6433157324790955,2769408,13.75870418548584,0.0618489608168602,631.32752439,14176,0.35971665382385254,0.006390480324625969,0.5764541029930115,1.0,1746419857.2612207
13.529948234558105,0.00911458395421505,0.12981392443180084,1828,1827,0.6433157324790955,2807808,13.75870418548584,0.0611979216337204,639.520694037,14376,0.36896413564682007,0.006390480324625969,0.562847375869751,1.0,1746419865.4544032
12.520182609558105,0.01692708395421505,0.17858538031578064,1872,1871,0.6433157324790955,2875392,13.75870418548584,0.0677083358168602,653.961184869,14728,0.372483491897583,0.006390480324625969,0.5584853291511536,1.0,1746419879.8949206
13.964844703674316,0.0,0.1311706006526947,1882,1881,0.6433157324790955,2890752,13.75870418548584,0.0598958358168602,657.237052032,14808,0.37012070417404175,0.006390480324625969,0.5468533635139465,1.0,1746419883.1707811
13.537760734558105,0.0,0.16267134249210358,1892,1891,0.6433157324790955,2906112,13.75870418548584,0.0618489608168602,660.519511145,14888,0.3661487102508545,0.006390480324625969,0.529731035232544,1.0,1746419886.4532008
13.478516578674316,0.010416666977107525,0.14124087989330292,1918,1917,0.6433157324790955,2946048,13.75870418548584,0.0631510466337204,669.045613816,15096,0.3668694794178009,0.006390480324625969,0.5806207060813904,1.0,1746419894.9793487
13.575521469116211,0.0,0.14619660377502441,1921,1920,0.6433157324790955,2950656,13.75870418548584,0.0618489608168602,670.027885546,15120,0.3657091557979584,0.006390480324625969,0.5514540672302246,1.0,1746419895.9615936
13.477213859558105,0.008463541977107525,0.13196250796318054,1924,1923,0.6433157324790955,2955264,13.75870418548584,0.0631510466337204,671.014026833,15144,0.36800307035446167,0.006390480324625969,0.5543619990348816,1.0,1746419896.94773
13.419922828674316,0.0,0.14781822264194489,1929,1928,0.6433157324790955,2962944,13.75870418548584,0.0618489608168602,672.654466974,15184,0.3719923794269562,0.006390480324625969,0.5591580867767334,1.0,1746419898.5881655
13.593099594116211,0.006510416977107525,0.14956679940223694,1933,1932,0.6433157324790955,2969088,13.75870418548584,0.0631510466337204,673.964800999,15216,0.3647645115852356,0.006390480324625969,0.5690104961395264,1.0,1746419899.8985224
13.922526359558105,0.01497395895421505,0.13105981051921844,1935,1934,0.6433157324790955,2972160,13.75870418548584,0.0605468787252903,674.620054615,15232,0.3619198799133301,0.006390480324625969,0.5835939049720764,1.0,1746419900.553786
14.182291984558105,0.00911458395421505,0.13697874546051025,1936,1935,0.6433157324790955,2973696,13.75870418548584,0.0598958358168602,674.947347678,15240,0.35881027579307556,0.006390480324625969,0.5721789598464966,1.0,1746419900.8810947
13.955729484558105,0.01953125186264515,0.14237231016159058,1942,1941,0.6433157324790955,2982912,13.75870418548584,0.0592447929084301,676.913070394,15288,0.36942440271377563,0.006390480324625969,0.5946181416511536,1.0,1746419902.846808
13.598958969116211,0.00911458395421505,0.15356194972991943,1947,1946,0.6433157324790955,2990592,13.75870418548584,0.0625,678.551286835,15328,0.36555159091949463,0.006390480324625969,0.5557292699813843,1.0,1746419904.4850159
13.859375953674316,0.008463541977107525,0.14812064170837402,1956,1955,0.6639665365219116,3004416,16.002588272094727,0.0611979216337204,681.583333752,15400,0.3644111454486847,0.02018633484840393,0.5583768486976624,1.0,1746419907.5170503
13.597657203674316,0.0,0.14323563873767853,1980,1979,0.6639665365219116,3041280,16.002588272094727,0.0618489608168602,689.448283425,15592,0.35321950912475586,0.02018633484840393,0.538411557674408,1.0,1746419915.3820086
13.715495109558105,0.010416666977107525,0.14161427319049835,2002,2001,0.6639665365219116,3075072,16.002588272094727,0.0625,696.671084884,15768,0.348543643951416,0.02018633484840393,0.5599827170372009,1.0,1746419922.6048071
13.686198234558105,0.0221354179084301,0.14272794127464294,2012,2011,0.6639665365219116,3090432,16.002588272094727,0.0618489608168602,699.947791112,15848,0.3455755114555359,0.02018633484840393,0.5678820610046387,1.0,1746419925.881498
13.785157203674316,0.009765625931322575,0.13699090480804443,2056,2055,0.6639665365219116,3158016,16.002588272094727,0.0605468787252903,714.389061055,16200,0.34257572889328003,0.02018633484840393,0.562934160232544,1.0,1746419940.3227563
13.807943344116211,0.009765625931322575,0.17955955862998962,2066,2065,0.6639665365219116,3173376,16.002588272094727,0.0605468787252903,717.667366283,16280,0.34602922201156616,0.02018633484840393,0.5640408992767334,1.0,1746419943.601096
13.860026359558105,0.0,0.17935648560523987,2079,2078,0.6639665365219116,3193344,16.002588272094727,0.0611979216337204,721.930292457,16384,0.3438117802143097,0.02018633484840393,0.5495877265930176,1.0,1746419947.8639932
14.323568344116211,0.013671875931322575,0.18932920694351196,2105,2104,0.6639665365219116,3233280,16.002588272094727,0.0592447929084301,730.452158226,16592,0.3365926742553711,0.02018633484840393,0.5502821803092957,1.0,1746419956.3858569
14.125000953674316,0.010416666977107525,0.20075267553329468,2120,2119,0.6639665365219116,3256320,16.002588272094727,0.0598958358168602,735.374082268,16712,0.3269191086292267,0.02018633484840393,0.5521484613418579,1.0,1746419961.3076036
14.014974594116211,0.009765625931322575,0.14097625017166138,2122,2121,0.6639665365219116,3259392,16.002588272094727,0.0598958358168602,736.030699519,16728,0.3298495411872864,0.02018633484840393,0.5513238310813904,1.0,1746419961.9644227
14.056641578674316,0.006510416977107525,0.18416252732276917,2126,2125,0.6639665365219116,3265536,16.002588272094727,0.0592447929084301,737.341693711,16760,0.3337855041027069,0.02018633484840393,0.5443143248558044,1.0,1746419963.2754064
13.770182609558105,0.009765625931322575,0.1436948925256729,2145,2144,0.6639665365219116,3294720,16.002588272094727,0.0605468787252903,743.572301611,16912,0.3369064927101135,0.02018633484840393,0.5523655414581299,1.0,1746419969.5060253
14.151693344116211,0.009765625931322575,0.14465931057929993,2146,2145,0.6639665365219116,3296256,16.002588272094727,0.0592447929084301,743.90013765,16920,0.336822509765625,0.02018633484840393,0.5555556416511536,1.0,1746419969.8338509
13.785157203674316,0.0377604179084301,0.15618428587913513,2160,2159,0.6639665365219116,3317760,16.002588272094727,0.0605468787252903,748.487807752,17032,0.34214386343955994,0.02018633484840393,0.6059896349906921,1.0,1746419974.4213612
13.856120109558105,0.0,0.15646663308143616,2174,2173,0.6639665365219116,3339264,16.002588272094727,0.0611979216337204,753.107903924,17144,0.3377852439880371,0.02018633484840393,0.5543620586395264,1.0,1746419979.0416517
13.706380844116211,0.0,0.18818195164203644,2190,2189,0.6639665365219116,3363840,16.002588272094727,0.0618489608168602,758.351404322,17272,0.3390533924102783,0.02018633484840393,0.5483941435813904,1.0,1746419984.2851133
13.902995109558105,0.0221354179084301,0.1864943504333496,2191,2190,0.6639665365219116,3365376,16.002588272094727,0.0605468787252903,758.678983065,17280,0.341020405292511,0.02018633484840393,0.6053169369697571,1.0,1746419984.612693
13.457032203674316,0.01692708395421505,0.16961024701595306,2254,2253,0.6639665365219116,3462144,16.002588272094727,0.0618489608168602,779.339552341,17784,0.3238857090473175,0.02018633484840393,0.5557942986488342,1.0,1746420005.2732725
14.041016578674316,0.01953125186264515,0.17363379895687103,2256,2255,0.6639665365219116,3465216,16.002588272094727,0.0598958358168602,779.994876801,17800,0.3294216990470886,0.02018633484840393,0.5856772065162659,1.0,1746420005.9285934
13.865885734558105,0.0,0.15687522292137146,2261,2260,0.6639665365219116,3472896,16.002588272094727,0.0625,781.633319769,17840,0.3258780837059021,0.02018633484840393,0.5535808205604553,1.0,1746420007.5670626
13.604166984558105,0.010416666977107525,0.16748332977294922,2266,2265,0.6639665365219116,3480576,16.002588272094727,0.0611979216337204,783.270858851,17880,0.32452887296676636,0.02018633484840393,0.5726129412651062,1.0,1746420009.2045877
13.399740219116211,0.01692708395421505,0.16076374053955078,2267,2266,0.6639665365219116,3482112,16.002588272094727,0.0618489608168602,783.600920823,17888,0.32459574937820435,0.02018633484840393,0.5618707537651062,1.0,1746420009.5345566
13.580079078674316,0.0,0.22342675924301147,2278,2277,0.6771453022956848,3499008,15.625692367553711,0.0625,787.282682504,17976,0.32246291637420654,0.019899243488907814,0.5443143248558044,0.9999999403953552,1746420013.216381
13.761068344116211,0.0,0.2108345478773117,2279,2278,0.6771453022956848,3500544,15.625692367553711,0.0618489608168602,787.610511967,17984,0.33909323811531067,0.019899243488907814,0.5452908873558044,0.9999999403953552,1746420013.5442452
13.484375953674316,0.0,0.18288251757621765,2282,2281,0.6771453022956848,3505152,15.625692367553711,0.0631510466337204,788.593059938,18008,0.3224765658378601,0.019899243488907814,0.5426650047302246,0.9999999403953552,1746420014.5267718
14.034505844116211,0.0,0.1811717450618744,2294,2293,0.6771453022956848,3523584,15.625692367553711,0.0598958358168602,792.525905336,18104,0.327078640460968,0.019899243488907814,0.5529298186302185,0.9999999403953552,1746420018.4596329
13.791016578674316,0.0,0.14272260665893555,2337,2336,0.6771453022956848,3589632,15.625692367553711,0.0598958358168602,806.64545334,18448,0.31800901889801025,0.019899243488907814,0.5490018725395203,0.9999999403953552,1746420032.5791543
13.960938453674316,0.0,0.13937687873840332,2341,2340,0.6771453022956848,3595776,15.625692367553711,0.0605468787252903,807.965494578,18480,0.3113548755645752,0.019899243488907814,0.550043523311615,0.9999999403953552,1746420033.899014
13.615235328674316,0.0182291679084301,0.1600225865840912,2345,2344,0.6771453022956848,3601920,15.625692367553711,0.0611979216337204,809.283527893,18512,0.32075226306915283,0.019899243488907814,0.5661893486976624,0.9999999403953552,1746420035.2172174
13.753255844116211,0.010416666977107525,0.1588466763496399,2348,2347,0.6771453022956848,3606528,15.625692367553711,0.0598958358168602,810.265425336,18536,0.315822035074234,0.019899243488907814,0.5615236163139343,0.9999999403953552,1746420036.1991453
13.491537094116211,0.009765625931322575,0.156175896525383,2353,2352,0.6771453022956848,3614208,15.625692367553711,0.0638020858168602,811.909003318,18576,0.32153427600860596,0.019899243488907814,0.5580295920372009,0.9999999403953552,1746420037.8427525
13.481120109558105,0.0,0.19280311465263367,2363,2362,0.6771453022956848,3629568,15.625692367553711,0.0625,815.187632176,18656,0.32298773527145386,0.019899243488907814,0.5389540791511536,0.9999999403953552,1746420041.1212497
13.300130844116211,0.00911458395421505,0.1768132448196411,2372,2371,0.6771453022956848,3643392,15.625692367553711,0.0631510466337204,818.141980284,18728,0.31428080797195435,0.019899243488907814,0.5568794012069702,0.9999999403953552,1746420044.0756774
13.539063453674316,0.0345052108168602,0.18158164620399475,2383,2382,0.6771453022956848,3660288,15.625692367553711,0.0611979216337204,821.750015262,18816,0.3068787455558777,0.019899243488907814,0.5706814527511597,0.9999999403953552,1746420047.6837072
13.585938453674316,0.0,0.18314319849014282,2390,2389,0.6771453022956848,3671040,15.625692367553711,0.0618489608168602,824.045818915,18872,0.315388560295105,0.019899243488907814,0.5489150285720825,0.9999999403953552,1746420049.9795175
13.695313453674316,0.02083333395421505,0.17375849187374115,2399,2398,0.6771453022956848,3684864,15.625692367553711,0.0618489608168602,826.996358709,18944,0.31520476937294006,0.019899243488907814,0.5735243558883667,0.9999999403953552,1746420052.93008
13.727213859558105,0.009765625931322575,0.2050439864397049,2400,2399,0.6771453022956848,3686400,15.625692367553711,0.0618489608168602,827.323745315,18952,0.3233879804611206,0.019899243488907814,0.5564670562744141,0.9999999403953552,1746420053.2574627
14.013672828674316,0.0,0.1655919849872589,2403,2402,0.6771453022956848,3691008,15.625692367553711,0.0598958358168602,828.307306621,18976,0.3187006115913391,0.019899243488907814,0.5555122494697571,0.9999999403953552,1746420054.240989
14.376302719116211,0.0,0.16055282950401306,2404,2403,0.6771453022956848,3692544,15.625692367553711,0.0579427108168602,828.637214269,18984,0.3214447796344757,0.019899243488907814,0.5622180104255676,0.9999999403953552,1746420054.570851
14.036458969116211,0.0,0.16065466403961182,2409,2408,0.6771453022956848,3700224,15.625692367553711,0.0611979216337204,830.286250842,19024,0.31553977727890015,0.019899243488907814,0.547005295753479,0.9999999403953552,1746420056.2197242
14.044271469116211,0.0,0.1762056201696396,2421,2420,0.6771453022956848,3718656,15.625692367553711,0.0592447929084301,834.220955202,19120,0.3167653977870941,0.019899243488907814,0.5519531965255737,0.9999999403953552,1746420060.154716
13.889323234558105,0.0,0.1747727245092392,2453,2452,0.6771453022956848,3767808,15.625692367553711,0.0611979216337204,844.71616937,19376,0.2992144227027893,0.019899243488907814,0.5443360209465027,0.9999999403953552,1746420070.6498718
13.939454078674316,0.0,0.1694754660129547,2460,2459,0.6771453022956848,3778560,15.625692367553711,0.0618489608168602,847.006733595,19432,0.3069041967391968,0.019899243488907814,0.5541884303092957,0.9999999403953552,1746420072.940442
13.988932609558105,0.008463541977107525,0.18252110481262207,2471,2470,0.6771453022956848,3795456,15.625692367553711,0.0598958358168602,850.604814271,19520,0.30758655071258545,0.019899243488907814,0.554145097732544,0.9999999403953552,1746420076.5384998
14.097657203674316,0.0052083334885537624,0.18422408401966095,2473,2472,0.6771453022956848,3798528,15.625692367553711,0.0572916679084301,851.269145417,19536,0.31418177485466003,0.019899243488907814,0.5464627742767334,0.9999999403953552,1746420077.2027998
14.019532203674316,0.0,0.19223493337631226,2486,2485,0.6771453022956848,3818496,15.625692367553711,0.0592447929084301,855.528692157,19640,0.3248782157897949,0.019899243488907814,0.5402127504348755,0.9999999403953552,1746420081.4624166
14.430990219116211,0.001953125,0.15820331871509552,2500,2499,0.6771453022956848,3840000,15.625692367553711,0.0566406287252903,860.122160397,19752,0.322367787361145,0.019899243488907814,0.560590386390686,0.9999999403953552,1746420086.0558772
14.024088859558105,0.00911458395421505,0.17214837670326233,2506,2505,0.6771453022956848,3849216,15.625692367553711,0.0585937537252903,862.089112075,19800,0.32045090198516846,0.019899243488907814,0.5538195371627808,0.9999999403953552,1746420088.0228446
13.939454078674316,0.00911458395421505,0.16610397398471832,2521,2520,0.6771453022956848,3872256,15.625692367553711,0.0592447929084301,867.007808174,19920,0.3198810815811157,0.019899243488907814,0.5702908635139465,0.9999999403953552,1746420092.941514
13.317057609558105,0.0,0.19408339262008667,2554,2553,0.6771453022956848,3922944,15.625692367553711,0.0638020858168602,877.819207846,20184,0.31422728300094604,0.019899243488907814,0.5336155295372009,0.9999999403953552,1746420103.752823
13.583333969116211,0.008463541977107525,0.15223488211631775,2555,2554,0.6771453022956848,3924480,15.625692367553711,0.0618489608168602,878.148129891,20192,0.30701202154159546,0.019899243488907814,0.5625869035720825,0.9999999403953552,1746420104.0818012
13.286458969116211,0.008463541977107525,0.181645929813385,2558,2557,0.6771453022956848,3929088,15.625692367553711,0.0625,879.131723672,20216,0.3180921673774719,0.019899243488907814,0.5305122137069702,0.9999999403953552,1746420105.0654325
13.740885734558105,0.011718750931322575,0.15731149911880493,2569,2568,0.6771453022956848,3945984,15.625692367553711,0.0605468787252903,882.737119482,20304,0.31484711170196533,0.019899243488907814,0.5474827289581299,0.9999999403953552,1746420108.670866
13.751302719116211,0.00911458395421505,0.1877059042453766,2578,2577,0.6771453022956848,3959808,15.625692367553711,0.0618489608168602,885.691148639,20376,0.32901468873023987,0.019899243488907814,0.5584636330604553,0.9999999403953552,1746420111.624826
13.657552719116211,0.009765625931322575,0.16099220514297485,2595,2594,0.6771453022956848,3985920,15.625692367553711,0.0611979216337204,891.267557898,20512,0.3190854489803314,0.019899243488907814,0.5628039240837097,0.9999999403953552,1746420117.2013032
13.742838859558105,0.00911458395421505,0.19845600426197052,2603,2602,0.6952344179153442,3998208,16.06717300415039,0.0618489608168602,893.991798315,20576,0.3247761130332947,0.028750654309988022,0.5363933444023132,1.0,1746420119.9255283
14.227213859558105,0.0078125,0.1894378960132599,2613,2612,0.6952344179153442,4013568,16.06717300415039,0.0592447929084301,897.26674687,20656,0.3111671805381775,0.028750654309988022,0.5448134541511536,1.0,1746420123.2004874
14.425782203674316,0.008463541977107525,0.20164792239665985,2619,2618,0.6952344179153442,4022784,16.06717300415039,0.0572916679084301,899.235351829,20704,0.3157212734222412,0.028750654309988022,0.5738065242767334,1.0,1746420125.1690392
14.300782203674316,0.0,0.18002742528915405,2633,2632,0.6952344179153442,4044288,16.06717300415039,0.0579427108168602,903.823716109,20816,0.30852827429771423,0.028750654309988022,0.5616971850395203,1.0,1746420129.757462
14.064454078674316,0.009765625931322575,0.15329501032829285,2657,2656,0.6952344179153442,4081152,16.06717300415039,0.0598958358168602,911.69460261,21008,0.30661287903785706,0.028750654309988022,0.5554904937744141,1.0,1746420137.6283383
14.253907203674316,0.009765625931322575,0.1760992854833603,2670,2669,0.6952344179153442,4101120,16.06717300415039,0.0566406287252903,915.960821417,21112,0.3124409317970276,0.028750654309988022,0.5574871301651001,1.0,1746420141.8945463
14.369141578674316,0.00390625,0.20102494955062866,2679,2678,0.6952344179153442,4114944,16.06717300415039,0.0592447929084301,918.911155314,21184,0.3168348968029022,0.028750654309988022,0.5449002981185913,1.0,1746420144.8447702
14.254557609558105,0.00911458395421505,0.19220803678035736,2684,2683,0.6952344179153442,4122624,16.06717300415039,0.0572916679084301,920.552239345,21224,0.31341415643692017,0.028750654309988022,0.5575305223464966,1.0,1746420146.48597
14.591146469116211,0.004557291977107525,0.1828019917011261,2687,2686,0.6952344179153442,4127232,16.06717300415039,0.0553385429084301,921.535128224,21248,0.3117125630378723,0.028750654309988022,0.5557726621627808,1.0,1746420147.4688625
14.466797828674316,0.0403645858168602,0.17196257412433624,2702,2701,0.6952344179153442,4150272,16.06717300415039,0.0559895858168602,926.455408604,21368,0.3194335997104645,0.028750654309988022,0.6118056178092957,1.0,1746420152.3889534
14.159505844116211,0.00911458395421505,0.2147902250289917,2709,2708,0.6952344179153442,4161024,16.06717300415039,0.0585937537252903,928.752195449,21424,0.3186994791030884,0.028750654309988022,0.5495660305023193,1.0,1746420154.6859398
14.219401359558105,0.0,0.18447080254554749,2714,2713,0.6952344179153442,4168704,16.06717300415039,0.0585937537252903,930.389719636,21464,0.3133848309516907,0.028750654309988022,0.5454211235046387,1.0,1746420156.3234463
14.745443344116211,0.017578125,0.1560138463973999,2723,2722,0.6952344179153442,4182528,16.06717300415039,0.0540364608168602,933.345617754,21536,0.3113182485103607,0.028750654309988022,0.5616754293441772,1.0,1746420159.2790601
14.295573234558105,0.011718750931322575,0.20252537727355957,2725,2724,0.6952344179153442,4185600,16.06717300415039,0.0559895858168602,934.003722425,21552,0.3154115080833435,0.028750654309988022,0.5376303195953369,1.0,1746420159.9374063
15.207682609558105,0.03125,0.19272178411483765,2733,2732,0.6952344179153442,4197888,16.06717300415039,0.0540364608168602,936.626245867,21616,0.3106464743614197,0.028750654309988022,0.5824218988418579,1.0,1746420162.5599608
14.776693344116211,0.009765625931322575,0.19626857340335846,2743,2742,0.6952344179153442,4213248,16.06717300415039,0.0546875037252903,939.902881309,21696,0.3116529583930969,0.028750654309988022,0.5578125715255737,1.0,1746420165.8366132
14.132162094116211,0.0,0.20692047476768494,2754,2753,0.6952344179153442,4230144,16.06717300415039,0.0579427108168602,943.514279157,21784,0.3127046525478363,0.028750654309988022,0.5289280414581299,1.0,1746420169.4479728
14.837891578674316,0.02083333395421505,0.21464809775352478,2756,2755,0.6952344179153442,4233216,16.06717300415039,0.0546875037252903,944.169747838,21800,0.3132566213607788,0.028750654309988022,0.5559462308883667,1.0,1746420170.1034677
14.759766578674316,0.01106770895421505,0.21198800206184387,2759,2758,0.6952344179153442,4237824,16.06717300415039,0.0553385429084301,945.152679178,21824,0.31582069396972656,0.028750654309988022,0.55950528383255,1.0,1746420171.0863976
14.679037094116211,0.0221354179084301,0.24762216210365295,2761,2760,0.6952344179153442,4240896,16.06717300415039,0.0546875037252903,945.812872935,21840,0.3120463192462921,0.028750654309988022,0.5374783277511597,1.0,1746420171.746443
14.180338859558105,0.017578125,0.22655589878559113,2782,2781,0.6952344179153442,4273152,16.06717300415039,0.0579427108168602,952.703556651,22008,0.3159468472003937,0.028750654309988022,0.5569445490837097,1.0,1746420178.6372957
14.354166984558105,0.0,0.2104514241218567,2784,2783,0.6952344179153442,4276224,16.06717300415039,0.0579427108168602,953.358218528,22024,0.3064071834087372,0.028750654309988022,0.5536242723464966,1.0,1746420179.2919514
14.184896469116211,0.0,0.22804081439971924,2790,2789,0.6952344179153442,4285440,16.06717300415039,0.0579427108168602,955.324761272,22072,0.3088022470474243,0.028750654309988022,0.5411025285720825,1.0,1746420181.2584906
14.453125953674316,0.0,0.21275392174720764,2792,2791,0.6952344179153442,4288512,16.06717300415039,0.0585937537252903,955.986253752,22088,0.31385403871536255,0.028750654309988022,0.5603299140930176,1.0,1746420181.9199207
15.026041984558105,0.0,0.29904961585998535,2820,2819,0.6952344179153442,4331520,16.06717300415039,0.0540364608168602,965.165942905,22312,0.32166922092437744,0.028750654309988022,0.5367188453674316,1.0,1746420191.09965
15.261719703674316,0.010416666977107525,0.3068000078201294,2823,2822,0.6952344179153442,4336128,16.06717300415039,0.0540364608168602,966.148410789,22336,0.3202431797981262,0.028750654309988022,0.5216363668441772,1.0,1746420192.082144
15.448568344116211,0.011718750931322575,0.279049813747406,2824,2823,0.6952344179153442,4337664,16.06717300415039,0.0520833358168602,966.475976411,22344,0.3152086138725281,0.028750654309988022,0.5497831106185913,1.0,1746420192.4096997
14.669271469116211,0.010416666977107525,0.244083970785141,2842,2841,0.6952344179153442,4365312,16.06717300415039,0.0546875037252903,972.384245233,22488,0.3202133774757385,0.028750654309988022,0.563498318195343,1.0,1746420198.3179681
14.915365219116211,0.00911458395421505,0.2402908354997635,2870,2869,0.6952344179153442,4408320,16.06717300415039,0.0540364608168602,981.566942077,22712,0.3147273361682892,0.028750654309988022,0.5517579317092896,1.0,1746420207.5006676
14.846354484558105,0.01106770895421505,0.23962019383907318,2873,2872,0.6952344179153442,4412928,16.06717300415039,0.0553385429084301,982.549971842,22736,0.307644784450531,0.028750654309988022,0.5337890982627869,1.0,1746420208.4835696
14.858073234558105,0.0305989608168602,0.3273123502731323,2931,2930,0.65706866979599,4502016,16.70139503479004,0.0553385429084301,1001.65111776,23200,0.30671799182891846,0.017500683665275574,0.5758247971534729,1.0,1746420227.5848243
14.935547828674316,0.0,0.2623205780982971,2939,2938,0.65706866979599,4514304,16.70139503479004,0.0546875037252903,1004.282566161,23264,0.3172953426837921,0.017500683665275574,0.5519315600395203,1.0,1746420230.2162914
14.244791984558105,0.0,0.3114164471626282,2944,2943,0.65706866979599,4521984,16.70139503479004,0.0585937537252903,1005.922258494,23304,0.3073121905326843,0.017500683665275574,0.5360026955604553,1.0,1746420231.8559773
14.695963859558105,0.009765625931322575,0.2280040681362152,2976,2975,0.65706866979599,4571136,16.70139503479004,0.0559895858168602,1016.415934079,23560,0.30166304111480713,0.017500683665275574,0.5676650404930115,1.0,1746420242.3496768
14.816407203674316,0.0,0.257890522480011,2979,2978,0.65706866979599,4575744,16.70139503479004,0.0540364608168602,1017.402445311,23584,0.30663609504699707,0.017500683665275574,0.55266934633255,1.0,1746420243.335931
14.791016578674316,0.02083333395421505,0.26759082078933716,2991,2990,0.65706866979599,4594176,16.70139503479004,0.0553385429084301,1021.334648041,23680,0.3098981976509094,0.017500683665275574,0.5780816674232483,1.0,1746420247.2683935
14.682291984558105,0.0221354179084301,0.246293306350708,3003,3002,0.65706866979599,4612608,16.70139503479004,0.0546875037252903,1025.273668959,23776,0.31165811419487,0.017500683665275574,0.5680556297302246,1.0,1746420251.2073803
14.322266578674316,0.0,0.2850703001022339,3054,3053,0.65706866979599,4690944,16.70139503479004,0.0559895858168602,1042.02237605,24184,0.30196598172187805,0.017500683665275574,0.5202040672302246,1.0,1746420267.956091
14.027995109558105,0.0,0.2729251980781555,3071,3070,0.65706866979599,4717056,16.70139503479004,0.0598958358168602,1047.593396811,24320,0.3092033267021179,0.017500683665275574,0.527365505695343,1.0,1746420273.5271292
13.586588859558105,0.01106770895421505,0.2802294194698334,3073,3072,0.65706866979599,4720128,16.70139503479004,0.0605468787252903,1048.248348245,24336,0.3093882203102112,0.017500683665275574,0.5339410305023193,1.0,1746420274.182105
13.692708969116211,0.00911458395421505,0.25376957654953003,3090,3089,0.65706866979599,4746240,16.70139503479004,0.0625,1053.827864633,24472,0.3040560781955719,0.017500683665275574,0.5504124164581299,1.0,1746420279.7615864
14.515625953674316,0.008463541977107525,0.2951309084892273,3110,3109,0.65706866979599,4776960,16.70139503479004,0.0559895858168602,1060.383574474,24632,0.31262367963790894,0.017500683665275574,0.5471355319023132,1.0,1746420286.3173008
14.919271469116211,0.0,0.30617034435272217,3119,3118,0.65706866979599,4790784,16.70139503479004,0.0546875037252903,1063.332804666,24704,0.32118844985961914,0.017500683665275574,0.54680997133255,1.0,1746420289.2665205
14.472657203674316,0.0,0.22064785659313202,3144,3143,0.65706866979599,4829184,16.70139503479004,0.0553385429084301,1071.534946459,24904,0.32059118151664734,0.017500683665275574,0.5395834445953369,1.0,1746420297.468602
14.826172828674316,0.00911458395421505,0.20851367712020874,3151,3150,0.65706866979599,4839936,16.70139503479004,0.0546875037252903,1073.837698762,24960,0.31494200229644775,0.017500683665275574,0.5440539121627808,1.0,1746420299.7712297
14.770182609558105,0.02083333395421505,0.20897424221038818,3220,3219,0.65706866979599,4945920,16.70139503479004,0.0553385429084301,1096.482071038,25512,0.3261147737503052,0.017500683665275574,0.5552952289581299,1.0,1746420322.4157686
15.102865219116211,0.009765625931322575,0.20666280388832092,3230,3229,0.65706866979599,4961280,16.70139503479004,0.0546875037252903,1099.759609225,25592,0.32473069429397583,0.017500683665275574,0.5614801049232483,1.0,1746420325.6933374
15.472657203674316,0.0429687537252903,0.1896558403968811,3249,3248,0.65706866979599,4990464,16.70139503479004,0.0514322929084301,1105.99257465,25744,0.3199218809604645,0.017500683665275574,0.6149523854255676,1.0,1746420331.9263155
15.057943344116211,0.01106770895421505,0.2997093200683594,3255,3254,0.6944797039031982,4999680,17.752592086791992,0.0553385429084301,1108.033496028,25792,0.3250487446784973,0.025921659544110298,0.5746962428092957,1.0,1746420333.967235
15.055338859558105,0.010416666977107525,0.2610696852207184,3296,3295,0.6944797039031982,5062656,17.752592086791992,0.0540364608168602,1121.486681383,26120,0.3063950538635254,0.025921659544110298,0.55657559633255,1.0,1746420347.420388
15.351563453674316,0.0299479179084301,0.22836168110370636,3303,3302,0.6944797039031982,5073408,17.752592086791992,0.0540364608168602,1123.781148737,26176,0.297276109457016,0.025921659544110298,0.584027886390686,1.0,1746420349.7148752
14.642579078674316,0.0,0.22144325077533722,3333,3332,0.6944797039031982,5119488,17.752592086791992,0.0546875037252903,1133.632418425,26416,0.3151721954345703,0.025921659544110298,0.5228516459465027,1.0,1746420359.5661025
14.786458969116211,0.02148437686264515,0.216882586479187,3358,3357,0.6944797039031982,5157888,17.752592086791992,0.0540364608168602,1141.837666616,26616,0.3166683614253998,0.025921659544110298,0.5507813692092896,1.0,1746420367.7711804
14.744791984558105,0.011718750931322575,0.22912392020225525,3364,3363,0.6944797039031982,5167104,17.752592086791992,0.0546875037252903,1143.803410811,26664,0.31976068019866943,0.025921659544110298,0.5553386211395264,1.0,1746420369.7371206
15.598958969116211,0.010416666977107525,0.2003888189792633,3373,3372,0.6944797039031982,5180928,17.752592086791992,0.0520833358168602,1146.752016564,26736,0.31809183955192566,0.025921659544110298,0.5847440361976624,1.0,1746420372.6857476
14.570963859558105,0.0,0.19562047719955444,3375,3374,0.6944797039031982,5184000,17.752592086791992,0.0566406287252903,1147.406709581,26752,0.3135891854763031,0.025921659544110298,0.5316624045372009,1.0,1746420373.3404524
14.897787094116211,0.02278645895421505,0.2333396077156067,3394,3393,0.6944797039031982,5213184,17.752592086791992,0.0553385429084301,1153.648098266,26904,0.3154958486557007,0.025921659544110298,0.5523871779441833,1.0,1746420379.581829
15.207682609558105,0.0325520858168602,0.22175204753875732,3400,3399,0.6944797039031982,5222400,17.752592086791992,0.0533854179084301,1155.618588196,26952,0.3228946626186371,0.025921659544110298,0.5589844584465027,1.0,1746420381.5521975
15.339844703674316,0.0305989608168602,0.2358449101448059,3408,3407,0.6944797039031982,5234688,17.752592086791992,0.0527343787252903,1158.239352495,27016,0.31805944442749023,0.025921659544110298,0.5991753935813904,1.0,1746420384.1730661
15.008463859558105,0.0305989608168602,0.2347148358821869,3411,3410,0.6944797039031982,5239296,17.752592086791992,0.0553385429084301,1159.222275349,27040,0.32202446460723877,0.025921659544110298,0.579427182674408,1.0,1746420385.1559975
15.341797828674316,0.02343750186264515,0.22906196117401123,3416,3415,0.6944797039031982,5246976,17.752592086791992,0.0533854179084301,1160.864173578,27080,0.314998596906662,0.025921659544110298,0.572504460811615,1.0,1746420386.7978864
15.266927719116211,0.0,0.22509106993675232,3432,3431,0.6944797039031982,5271552,17.752592086791992,0.0533854179084301,1166.110428104,27208,0.31578880548477173,0.025921659544110298,0.5269098281860352,1.0,1746420392.0441656
15.270833969116211,0.01888020895421505,0.26305344700813293,3435,3434,0.6944797039031982,5276160,17.752592086791992,0.0540364608168602,1167.092991118,27232,0.3204071819782257,0.025921659544110298,0.5784289240837097,1.0,1746420393.0267198
15.056641578674316,0.0221354179084301,0.2552565336227417,3438,3437,0.6944797039031982,5280768,17.752592086791992,0.0546875037252903,1168.075497655,27256,0.3209785223007202,0.025921659544110298,0.5722222924232483,1.0,1746420394.009248
14.694010734558105,0.009765625931322575,0.2812156677246094,3458,3457,0.6944797039031982,5311488,17.752592086791992,0.0553385429084301,1174.639963344,27416,0.3059704303741455,0.025921659544110298,0.5567492246627808,1.0,1746420400.5736756
14.930338859558105,0.0358072929084301,0.2682301104068756,3465,3464,0.6944797039031982,5322240,17.752592086791992,0.0566406287252903,1176.944795426,27472,0.31024089455604553,0.025921659544110298,0.5943794846534729,1.0,1746420402.878305
14.688802719116211,0.0032552084885537624,0.29684871435165405,3471,3470,0.6944797039031982,5331456,17.752592086791992,0.0559895858168602,1178.929702167,27520,0.31069889664649963,0.025921659544110298,0.5349826812744141,1.0,1746420404.8634048
15.432292938232422,0.01106770895421505,0.3919332027435303,3498,3497,0.6944797039031982,5372928,17.752592086791992,0.0533854179084301,1187.782558482,27736,0.28867053985595703,0.025921659544110298,0.5678820610046387,1.0,1746420413.7163105
15.164713859558105,0.0384114608168602,0.3526337742805481,3501,3500,0.6944797039031982,5377536,17.752592086791992,0.0540364608168602,1188.765532342,27760,0.2982516288757324,0.025921659544110298,0.6017362475395203,1.0,1746420414.699258
15.222657203674316,0.013671875931322575,0.3724467158317566,3502,3501,0.6944797039031982,5379072,17.752592086791992,0.0533854179084301,1189.093156214,27768,0.2940339744091034,0.025921659544110298,0.5774957537651062,1.0,1746420415.026883
15.081380844116211,0.010416666977107525,0.3436588943004608,3533,3532,0.6944797039031982,5426688,17.752592086791992,0.0553385429084301,1199.266422435,28016,0.2879018187522888,0.025921659544110298,0.5712674856185913,1.0,1746420425.2001498
15.324219703674316,0.0201822929084301,0.30983754992485046,3563,3562,0.6944797039031982,5472768,17.752592086791992,0.0520833358168602,1209.1026976,28256,0.3009323477745056,0.025921659544110298,0.5739800930023193,1.0,1746420435.0364177
15.411458969116211,0.010416666977107525,0.3083547055721283,3602,3601,0.7076058387756348,5532672,17.906578063964844,0.0520833358168602,1221.975358186,28568,0.3020508289337158,0.03928987309336662,0.5605469942092896,1.0,1746420447.909068
15.050130844116211,0.0,0.314564049243927,3617,3616,0.7076058387756348,5555712,17.906578063964844,0.0546875037252903,1226.900069946,28688,0.3046651780605316,0.03928987309336662,0.5353516936302185,1.0,1746420452.8338022
15.379558563232422,0.0240885429084301,0.2834662199020386,3620,3619,0.7076058387756348,5560320,17.906578063964844,0.0527343787252903,1227.88285005,28712,0.30126142501831055,0.03928987309336662,0.5807943940162659,1.0,1746420453.8165839
15.316407203674316,0.0,0.32224220037460327,3629,3628,0.7076058387756348,5574144,17.906578063964844,0.0533854179084301,1230.835243928,28784,0.3060716986656189,0.03928987309336662,0.5405600666999817,1.0,1746420456.768865
15.421875953674316,0.00911458395421505,0.3219464421272278,3633,3632,0.7076058387756348,5580288,17.906578063964844,0.0540364608168602,1232.137812003,28816,0.30116933584213257,0.03928987309336662,0.5537979006767273,1.0,1746420458.0714676
15.245443344116211,0.011718750931322575,0.3120133876800537,3636,3635,0.7076058387756348,5584896,17.906578063964844,0.0533854179084301,1233.122698035,28840,0.29672005772590637,0.03928987309336662,0.5649740695953369,1.0,1746420459.0564146
15.034505844116211,0.02148437686264515,0.3769181966781616,3641,3640,0.7076058387756348,5592576,17.906578063964844,0.0546875037252903,1234.760970074,28880,0.2864861488342285,0.03928987309336662,0.5461589694023132,1.0,1746420460.694685
15.268880844116211,0.0,0.38105684518814087,3657,3656,0.7076058387756348,5617152,17.906578063964844,0.0520833358168602,1240.005252465,29008,0.3023075759410858,0.03928987309336662,0.5214844942092896,1.0,1746420465.9389443
15.804688453674316,0.0325520858168602,0.32336515188217163,3666,3665,0.7076058387756348,5630976,17.906578063964844,0.0514322929084301,1242.958549038,29080,0.2869199812412262,0.03928987309336662,0.5885635018348694,1.0,1746420468.8922825
15.330730438232422,0.0,0.30342522263526917,3671,3670,0.7076058387756348,5638656,17.906578063964844,0.0533854179084301,1244.597151161,29120,0.282151997089386,0.03928987309336662,0.5396485328674316,1.0,1746420470.5308902
15.167969703674316,0.01106770895421505,0.3749825656414032,3684,3683,0.7076058387756348,5658624,17.906578063964844,0.0540364608168602,1248.870306069,29224,0.28606152534484863,0.03928987309336662,0.540082573890686,1.0,1746420474.8040302
14.611979484558105,0.0,0.2800311744213104,3713,3712,0.7076058387756348,5703168,17.906578063964844,0.0566406287252903,1258.383156804,29456,0.2950515151023865,0.03928987309336662,0.5392578840255737,1.0,1746420484.316838
14.298177719116211,0.01888020895421505,0.29236745834350586,3723,3722,0.7076058387756348,5718528,17.906578063964844,0.0579427108168602,1261.667415886,29536,0.29551902413368225,0.03928987309336662,0.5493490695953369,1.0,1746420487.6011171
14.828125953674316,0.00911458395421505,0.25024503469467163,3725,3724,0.7076058387756348,5721600,17.906578063964844,0.0546875037252903,1262.322714677,29552,0.2964661717414856,0.03928987309336662,0.5363932847976685,1.0,1746420488.2564523
15.096354484558105,0.02929687686264515,0.27970778942108154,3730,3729,0.7076058387756348,5729280,17.906578063964844,0.0533854179084301,1263.964377451,29592,0.29578810930252075,0.03928987309336662,0.5733073949813843,1.0,1746420489.8981302
14.572266578674316,0.010416666977107525,0.2666862905025482,3749,3748,0.7076058387756348,5758464,17.906578063964844,0.0566406287252903,1270.194074012,29744,0.2958557605743408,0.03928987309336662,0.5499784350395203,1.0,1746420496.127786
15.466146469116211,0.010416666977107525,0.3353992998600006,3810,3809,0.7076058387756348,5852160,17.906578063964844,0.0540364608168602,1290.203810987,30232,0.29551875591278076,0.03928987309336662,0.5517579317092896,1.0,1746420516.1375391
15.242839813232422,0.0,0.3462841212749481,3823,3822,0.7076058387756348,5872128,17.906578063964844,0.0540364608168602,1294.467142159,30336,0.3014017939567566,0.03928987309336662,0.5482205748558044,1.0,1746420520.400689
15.102865219116211,0.02083333395421505,0.3282862901687622,3830,3829,0.7076058387756348,5882880,17.906578063964844,0.0540364608168602,1296.765809215,30392,0.2957553267478943,0.03928987309336662,0.5560547709465027,1.0,1746420522.6995041
15.250652313232422,0.03125,0.35334816575050354,3839,3838,0.7076058387756348,5896704,17.906578063964844,0.0533854179084301,1299.714402875,30464,0.2959439158439636,0.03928987309336662,0.5696614980697632,1.0,1746420525.648118
15.145833969116211,0.0358072929084301,0.3641248047351837,3858,3857,0.7076058387756348,5925888,17.906578063964844,0.0533854179084301,1305.950914398,30616,0.28817668557167053,0.03928987309336662,0.5716363787651062,1.0,1746420531.8846421
15.184896469116211,0.02473958395421505,0.31931689381599426,3859,3858,0.7076058387756348,5927424,17.906578063964844,0.0533854179084301,1306.27867556,30624,0.2915879487991333,0.03928987309336662,0.5805556178092957,1.0,1746420532.2123919
15.251302719116211,0.0,0.33248189091682434,3860,3859,0.7076058387756348,5928960,17.906578063964844,0.0533854179084301,1306.606265127,30632,0.2942264676094055,0.03928987309336662,0.5147136449813843,1.0,1746420532.539989
15.393230438232422,0.012369791977107525,0.28977227210998535,3895,3894,0.7076058387756348,5982720,17.906578063964844,0.0520833358168602,1318.087263317,30912,0.30573904514312744,0.03928987309336662,0.5553603172302246,1.0,1746420544.0209844
15.425130844116211,0.02148437686264515,0.2740466892719269,3899,3898,0.7076058387756348,5988864,17.906578063964844,0.0520833358168602,1319.398024067,30944,0.3032623529434204,0.03928987309336662,0.5621094703674316,1.0,1746420545.3317444
15.903646469116211,0.0319010429084301,0.3034304976463318,3910,3909,0.7232205271720886,6005760,18.4246826171875,0.0507812537252903,1323.105817948,31032,0.30575352907180786,0.04809437692165375,0.6089845299720764,1.0,1746420549.039506
15.669922828674316,0.0,0.2572108805179596,3953,3952,0.7232205271720886,6071808,18.4246826171875,0.0514322929084301,1337.200773841,31376,0.3080180883407593,0.04809437692165375,0.5369575619697571,1.0,1746420563.1345377
15.509766578674316,0.02473958395421505,0.28994572162628174,3965,3964,0.7232205271720886,6090240,18.4246826171875,0.0527343787252903,1341.138928443,31472,0.31033191084861755,0.04809437692165375,0.541905403137207,1.0,1746420567.0726557
15.744141578674316,0.0221354179084301,0.2645654082298279,3979,3978,0.7232205271720886,6111744,18.4246826171875,0.0514322929084301,1345.73087503,31584,0.30203402042388916,0.04809437692165375,0.5677735805511475,1.0,1746420571.6645875
15.202474594116211,0.0,0.2705462574958801,3992,3991,0.7232205271720886,6131712,18.4246826171875,0.0514322929084301,1349.990455637,31688,0.3019421100616455,0.04809437692165375,0.522374153137207,1.0,1746420575.9241862
15.919922828674316,0.0221354179084301,0.23947358131408691,3995,3994,0.7232205271720886,6136320,18.4246826171875,0.0501302108168602,1350.975853726,31712,0.3061497211456299,0.04809437692165375,0.5669705867767334,1.0,1746420576.909534
15.976563453674316,0.033203125,0.24935348331928253,4010,4009,0.7232205271720886,6159360,18.4246826171875,0.0501302108168602,1355.893673588,31832,0.30877411365509033,0.04809437692165375,0.5984376072883606,1.0,1746420581.8274028
15.787761688232422,0.0319010429084301,0.27938205003738403,4027,4026,0.7232205271720886,6185472,18.4246826171875,0.0501302108168602,1361.468606128,31968,0.3051452040672302,0.04809437692165375,0.5950087308883667,1.0,1746420587.4023612
15.324219703674316,0.011718750931322575,0.3189101219177246,4033,4032,0.7232205271720886,6194688,18.4246826171875,0.0533854179084301,1363.436782798,32016,0.3178020119667053,0.04809437692165375,0.5416016578674316,1.0,1746420589.3704712
15.525391578674316,0.01106770895421505,0.3147417902946472,4040,4039,0.7232205271720886,6205440,18.4246826171875,0.0507812537252903,1365.734380825,32072,0.3127422034740448,0.04809437692165375,0.5509332418441772,1.0,1746420591.668073
15.379558563232422,0.010416666977107525,0.31373897194862366,4048,4047,0.7232205271720886,6217728,18.4246826171875,0.0520833358168602,1368.354535834,32136,0.3058319091796875,0.04809437692165375,0.5421659350395203,1.0,1746420594.2882173
15.363933563232422,0.0052083334885537624,0.30798256397247314,4050,4049,0.7232205271720886,6220800,18.4246826171875,0.0527343787252903,1369.010137928,32152,0.3066432476043701,0.04809437692165375,0.5555773973464966,1.0,1746420594.943869
15.481121063232422,0.011718750931322575,0.295613169670105,4057,4056,0.7232205271720886,6231552,18.4246826171875,0.0520833358168602,1371.305269727,32208,0.30382344126701355,0.04809437692165375,0.5368273854255676,1.0,1746420597.237493
16.322917938232422,0.009765625931322575,0.32970237731933594,4059,4058,0.7232205271720886,6234624,18.4246826171875,0.0494791679084301,1371.962319204,32224,0.3044300079345703,0.04809437692165375,0.562521755695343,1.0,1746420597.89602
16.096355438232422,0.033203125,0.33913716673851013,4092,4091,0.7232205271720886,6285312,18.4246826171875,0.0494791679084301,1382.785420646,32488,0.2996024489402771,0.04809437692165375,0.6024523973464966,1.0,1746420608.7191548
15.673177719116211,0.01106770895421505,0.33133041858673096,4120,4119,0.7232205271720886,6328320,18.4246826171875,0.0520833358168602,1391.963710115,32712,0.30438634753227234,0.04809437692165375,0.5577257871627808,1.0,1746420617.897366
15.269532203674316,0.01106770895421505,0.3379060924053192,4121,4120,0.7232205271720886,6329856,18.4246826171875,0.0533854179084301,1392.291753399,32720,0.30552938580513,0.04809437692165375,0.5493707656860352,1.0,1746420618.2254462
15.610027313232422,0.009765625931322575,0.3572911322116852,4144,4143,0.7232205271720886,6365184,18.4246826171875,0.0520833358168602,1399.839850744,32904,0.30331775546073914,0.04809437692165375,0.5633681416511536,1.0,1746420625.773519
15.626954078674316,0.01106770895421505,0.3588191270828247,4149,4148,0.7232205271720886,6372864,18.4246826171875,0.0501302108168602,1401.478521169,32944,0.3015030026435852,0.04809437692165375,0.5670356750488281,1.0,1746420627.412265
15.984375953674316,0.0,0.3072251081466675,4155,4154,0.7232205271720886,6382080,18.4246826171875,0.0494791679084301,1403.448334226,32992,0.29707884788513184,0.04809437692165375,0.5449653267860413,1.0,1746420629.3820276
15.446615219116211,0.00911458395421505,0.3166373372077942,4157,4156,0.7232205271720886,6385152,18.4246826171875,0.0514322929084301,1404.103500887,33008,0.2980412542819977,0.04809437692165375,0.5407335758209229,1.0,1746420630.0372436
15.620443344116211,0.012369791977107525,0.3049977123737335,4168,4167,0.7232205271720886,6402048,18.4246826171875,0.0514322929084301,1407.714558642,33096,0.2910722494125366,0.04809437692165375,0.5293837785720825,1.0,1746420633.6482832
15.911458969116211,0.0,0.3037288784980774,4185,4184,0.7232205271720886,6428160,18.4246826171875,0.0501302108168602,1413.291845435,33232,0.29532289505004883,0.04809437692165375,0.544140636920929,1.0,1746420639.2253904
15.538412094116211,0.0423177108168602,0.3797641098499298,4242,4241,0.7040008306503296,6515712,17.715232849121094,0.0540364608168602,1432.057411731,33688,0.3011525273323059,0.03894979879260063,0.6055556535720825,1.0,1746420657.9911425
15.804688453674316,0.011718750931322575,0.29982084035873413,4248,4247,0.7040008306503296,6524928,17.715232849121094,0.0520833358168602,1434.024258266,33736,0.30478936433792114,0.03894979879260063,0.5615886449813843,1.0,1746420659.9579616
16.21419334411621,0.01106770895421505,0.3190816044807434,4264,4263,0.7040008306503296,6549504,17.715232849121094,0.0481770858168602,1439.266843905,33864,0.30025267601013184,0.03894979879260063,0.5617839694023132,1.0,1746420665.2005656
16.205730438232422,0.0,0.3689638376235962,4272,4271,0.7040008306503296,6561792,17.715232849121094,0.0494791679084301,1441.891245452,33928,0.3010678291320801,0.03894979879260063,0.547113835811615,1.0,1746420667.8249676
15.956380844116211,0.0338541679084301,0.34821900725364685,4281,4280,0.7040008306503296,6575616,17.715232849121094,0.0501302108168602,1444.841674299,34000,0.30111461877822876,0.03894979879260063,0.5927518606185913,1.0,1746420670.7753885
15.720704078674316,0.02343750186264515,0.3097439408302307,4283,4282,0.7040008306503296,6578688,17.715232849121094,0.0533854179084301,1445.496644789,34016,0.29724523425102234,0.03894979879260063,0.5816407203674316,1.0,1746420671.4303713
15.955730438232422,0.011718750931322575,0.34476006031036377,4288,4287,0.7040008306503296,6586368,17.715232849121094,0.0501302108168602,1447.140023337,34056,0.29893630743026733,0.03894979879260063,0.5726780295372009,1.0,1746420673.0734973
16.0546875,0.012369791977107525,0.3069348931312561,4314,4313,0.7040008306503296,6626304,17.715232849121094,0.0488281287252903,1455.666913709,34264,0.2877286672592163,0.03894979879260063,0.5638672709465027,1.0,1746420681.6006272
15.849610328674316,0.0572916679084301,0.347896546125412,4337,4336,0.7040008306503296,6661632,17.715232849121094,0.0501302108168602,1463.206430598,34448,0.30495989322662354,0.03894979879260063,0.6047961115837097,1.0,1746420689.1401544
15.387371063232422,0.01953125186264515,0.29898303747177124,4346,4345,0.7040008306503296,6675456,17.715232849121094,0.0527343787252903,1466.180896205,34520,0.2959135174751282,0.03894979879260063,0.5558378100395203,1.0,1746420692.1146026
15.934246063232422,0.01106770895421505,0.3037213087081909,4353,4352,0.7040008306503296,6686208,17.715232849121094,0.0494791679084301,1468.482949669,34576,0.30409562587738037,0.03894979879260063,0.549848198890686,1.0,1746420694.4166672
16.17708396911621,0.0,0.3104895055294037,4355,4354,0.7040008306503296,6689280,17.715232849121094,0.0501302108168602,1469.138537515,34592,0.303724080324173,0.03894979879260063,0.5467014312744141,1.0,1746420695.0722744
15.733074188232422,0.015625,0.35049888491630554,4363,4362,0.7040008306503296,6701568,17.715232849121094,0.0507812537252903,1471.763166411,34656,0.30694660544395447,0.03894979879260063,0.5576173663139343,1.0,1746420697.69689
15.611980438232422,0.0,0.30087926983833313,4371,4370,0.7040008306503296,6713856,17.715232849121094,0.0520833358168602,1474.391462253,34720,0.3025962710380554,0.03894979879260063,0.538324773311615,1.0,1746420700.3249142
15.905599594116211,0.0,0.3170166015625,4374,4373,0.7040008306503296,6718464,17.715232849121094,0.0507812537252903,1475.374672232,34744,0.29852569103240967,0.03894979879260063,0.536263108253479,1.0,1746420701.3083854
15.892579078674316,0.03515625,0.30729442834854126,4395,4394,0.7040008306503296,6750720,17.715232849121094,0.0501302108168602,1482.262290834,34912,0.28958457708358765,0.03894979879260063,0.5969402194023132,1.0,1746420708.1960094
16.145183563232422,0.0358072929084301,0.2931436598300934,4398,4397,0.7040008306503296,6755328,17.715232849121094,0.0494791679084301,1483.24469938,34936,0.2966778874397278,0.03894979879260063,0.6006077527999878,1.0,1746420709.178427
15.313152313232422,0.011718750931322575,0.32487642765045166,4401,4400,0.7040008306503296,6759936,17.715232849121094,0.0540364608168602,1484.229935737,34960,0.2941604256629944,0.03894979879260063,0.5317274928092957,1.0,1746420710.1636102
15.607422828674316,0.03125,0.4259175658226013,4419,4418,0.7040008306503296,6787584,17.715232849121094,0.0533854179084301,1490.138042674,35104,0.29092395305633545,0.03894979879260063,0.5861328840255737,1.0,1746420716.0717547
15.798829078674316,0.0,0.3344428539276123,4423,4422,0.7040008306503296,6793728,17.715232849121094,0.0514322929084301,1491.452484625,35136,0.2964123487472534,0.03894979879260063,0.5564670562744141,1.0,1746420717.386232
16.115234375,0.01106770895421505,0.2851451337337494,4433,4432,0.7040008306503296,6809088,17.715232849121094,0.0488281287252903,1494.727496506,35216,0.2918674349784851,0.03894979879260063,0.5503039360046387,1.0,1746420720.661242
15.715496063232422,0.01302083395421505,0.3031463027000427,4442,4441,0.7040008306503296,6822912,17.715232849121094,0.0494791679084301,1497.684961203,35288,0.29878365993499756,0.03894979879260063,0.5528212785720825,1.0,1746420723.6187043
15.539063453674316,0.011718750931322575,0.3214791715145111,4463,4462,0.7040008306503296,6855168,17.715232849121094,0.0514322929084301,1504.578976797,35456,0.3030315637588501,0.03894979879260063,0.550238847732544,1.0,1746420730.5126956
15.799480438232422,0.02083333395421505,0.3039635121822357,4466,4465,0.7040008306503296,6859776,17.715232849121094,0.0501302108168602,1505.561704175,35480,0.2969353497028351,0.03894979879260063,0.567513108253479,1.0,1746420731.4954426
15.485027313232422,0.0,0.25670793652534485,4477,4476,0.7040008306503296,6876672,17.715232849121094,0.0520833358168602,1509.166534799,35568,0.2928127646446228,0.03894979879260063,0.5508681535720825,1.0,1746420735.1002307
15.602865219116211,0.009765625931322575,0.27612608671188354,4480,4479,0.7040008306503296,6881280,17.715232849121094,0.0520833358168602,1510.150451583,35592,0.2936617434024811,0.03894979879260063,0.5552952289581299,1.0,1746420736.084161
16.10481834411621,0.00911458395421505,0.26753154397010803,4496,4495,0.7040008306503296,6905856,17.715232849121094,0.0494791679084301,1515.398589029,35720,0.30310678482055664,0.03894979879260063,0.5775391459465027,1.0,1746420741.332071
15.419271469116211,0.0377604179084301,0.27888453006744385,4508,4507,0.7040008306503296,6924288,17.715232849121094,0.0520833358168602,1519.333269082,35816,0.30827975273132324,0.03894979879260063,0.5916885137557983,1.0,1746420745.2670043
14.966146469116211,0.0,0.3568420112133026,4523,4522,0.7040008306503296,6947328,17.715232849121094,0.0540364608168602,1524.254987447,35936,0.3053319454193115,0.03894979879260063,0.5343533754348755,1.0,1746420750.188702
15.290365219116211,0.01106770895421505,0.336963951587677,4524,4523,0.7040008306503296,6948864,17.715232849121094,0.0546875037252903,1524.582526373,35944,0.30751389265060425,0.03894979879260063,0.5395835041999817,1.0,1746420750.516271
14.768229484558105,0.0,0.30603206157684326,4539,4538,0.7040008306503296,6971904,17.715232849121094,0.0572916679084301,1529.499573124,36064,0.3149110674858093,0.03894979879260063,0.5395182967185974,1.0,1746420755.4332755
15.606771469116211,0.00390625,0.32668575644493103,4541,4540,0.7040008306503296,6974976,17.715232849121094,0.0520833358168602,1530.156232153,36080,0.31294888257980347,0.03894979879260063,0.5565972924232483,1.0,1746420756.0898888
14.817708969116211,0.01106770895421505,0.2793389558792114,4570,4569,0.7299453616142273,7019520,18.74248695373535,0.0553385429084301,1539.736663472,36312,0.3143725097179413,0.04276417940855026,0.5534289479255676,1.0000001192092896,1746420765.6703873
14.503255844116211,0.010416666977107525,0.2711324393749237,4573,4572,0.7299453616142273,7024128,18.74248695373535,0.0559895858168602,1540.719149374,36336,0.3035094141960144,0.04276417940855026,0.5298394560813904,1.0000001192092896,1746420766.652888
15.350261688232422,0.010416666977107525,0.25632548332214355,4595,4594,0.7299453616142273,7057920,18.74248695373535,0.0540364608168602,1547.95871897,36512,0.319405198097229,0.04276417940855026,0.5475044250488281,1.0000001192092896,1746420773.892432
16.069011688232422,0.0,0.2771550416946411,4599,4598,0.7299453616142273,7064064,18.74248695373535,0.0494791679084301,1549.269260044,36544,0.31905418634414673,0.04276417940855026,0.5322266817092896,1.0000001192092896,1746420775.2029715
16.142578125,0.02278645895421505,0.27516114711761475,4617,4616,0.7299453616142273,7091712,18.74248695373535,0.0507812537252903,1555.17481999,36688,0.31667959690093994,0.04276417940855026,0.5858073830604553,1.0000001192092896,1746420781.1085312
15.861980438232422,0.0240885429084301,0.264779269695282,4636,4635,0.7299453616142273,7120896,18.74248695373535,0.0494791679084301,1561.409679388,36840,0.33068230748176575,0.04276417940855026,0.5774089694023132,1.0000001192092896,1746420787.3433995
14.366537094116211,0.0,0.296741247177124,4663,4662,0.7299453616142273,7162368,18.74248695373535,0.0553385429084301,1570.271899322,37056,0.32593202590942383,0.04276417940855026,0.5183594822883606,1.0000001192092896,1746420796.2056
16.10677146911621,0.0,0.2963961958885193,4672,4671,0.7299453616142273,7176192,18.74248695373535,0.0514322929084301,1573.246280259,37128,0.32540786266326904,0.04276417940855026,0.5561415553092957,1.0000001192092896,1746420799.1798666
15.825521469116211,0.02864583395421505,0.29223352670669556,4673,4672,0.7299453616142273,7177728,18.74248695373535,0.0507812537252903,1573.576608624,37136,0.3306118845939636,0.04276417940855026,0.5698134303092957,1.0000001192092896,1746420799.510314
15.929037094116211,0.02539062686264515,0.3106197714805603,4675,4674,0.7299453616142273,7180800,18.74248695373535,0.0501302108168602,1574.23670248,37152,0.3340838849544525,0.04276417940855026,0.5709853172302246,1.0000001192092896,1746420800.1703966
15.794271469116211,0.012369791977107525,0.3438894748687744,4697,4696,0.7299453616142273,7214592,18.74248695373535,0.0514322929084301,1581.518789651,37328,0.3235822916030884,0.04276417940855026,0.5630208849906921,1.0000001192092896,1746420807.452491
15.779297828674316,0.03515625,0.32052433490753174,4698,4697,0.7299453616142273,7216128,18.74248695373535,0.0514322929084301,1581.849399989,37336,0.3241090178489685,0.04276417940855026,0.5965496301651001,1.0000001192092896,1746420807.783111
16.12239646911621,0.0397135429084301,0.31741005182266235,4708,4707,0.7299453616142273,7231488,18.74248695373535,0.0488281287252903,1585.162545424,37416,0.3231777250766754,0.04276417940855026,0.6050999164581299,1.0000001192092896,1746420811.096267
15.980469703674316,0.0,0.338584840297699,4718,4717,0.7299453616142273,7246848,18.74248695373535,0.0488281287252903,1588.465289344,37496,0.3149949908256531,0.04276417940855026,0.5261068344116211,1.0000001192092896,1746420814.3989925
16.55013084411621,0.0384114608168602,0.3209269642829895,4721,4720,0.7299453616142273,7251456,18.74248695373535,0.0494791679084301,1589.45713266,37520,0.3111913800239563,0.04276417940855026,0.6160808801651001,1.0000001192092896,1746420815.3906407
16.20703125,0.011718750931322575,0.3205694556236267,4723,4722,0.7299453616142273,7254528,18.74248695373535,0.0481770858168602,1590.118110987,37536,0.31953758001327515,0.04276417940855026,0.5892361998558044,1.0000001192092896,1746420816.0516093
16.60481834411621,0.0,0.28592437505722046,4742,4741,0.7299453616142273,7283712,18.74248695373535,0.0468750037252903,1596.385977067,37688,0.31995439529418945,0.04276417940855026,0.5519098043441772,1.0000001192092896,1746420822.3196137
16.4609375,0.0494791679084301,0.36585575342178345,4743,4742,0.7299453616142273,7285248,18.74248695373535,0.0468750037252903,1596.713723304,37696,0.3226677179336548,0.04276417940855026,0.6113282442092896,1.0000001192092896,1746420822.6474295
15.634115219116211,0.02148437686264515,0.2892818748950958,4753,4752,0.7299453616142273,7300608,18.74248695373535,0.0520833358168602,1600.00492276,37776,0.31394827365875244,0.04276417940855026,0.5622396469116211,1.0000001192092896,1746420825.9384856
16.106121063232422,0.01302083395421505,0.330019474029541,4759,4758,0.7299453616142273,7309824,18.74248695373535,0.0501302108168602,1601.973145003,37824,0.31851017475128174,0.04276417940855026,0.5490018725395203,1.0000001192092896,1746420827.9068534
15.714193344116211,0.0,0.3437276780605316,4767,4766,0.7299453616142273,7322112,18.74248695373535,0.0494791679084301,1604.598524607,37888,0.3240177035331726,0.04276417940855026,0.5511502623558044,1.0000001192092896,1746420830.5321352
15.449871063232422,0.0325520858168602,0.37016624212265015,4775,4774,0.7299453616142273,7334400,18.74248695373535,0.0527343787252903,1607.22304092,37952,0.3223811388015747,0.04276417940855026,0.574240505695343,1.0000001192092896,1746420833.156725
16.16796875,0.0423177108168602,0.36873161792755127,4778,4777,0.7299453616142273,7339008,18.74248695373535,0.0501302108168602,1608.206324138,37976,0.3231724500656128,0.04276417940855026,0.6210287809371948,1.0000001192092896,1746420834.1400301
15.932943344116211,0.0240885429084301,0.34850308299064636,4785,4784,0.7299453616142273,7349760,18.74248695373535,0.0507812537252903,1610.521069954,38032,0.32293760776519775,0.04276417940855026,0.5774089694023132,1.0000001192092896,1746420836.4548032
16.510417938232422,0.01497395895421505,0.3708465099334717,4794,4793,0.7299453616142273,7363584,18.74248695373535,0.0488281287252903,1613.471272935,38104,0.3273515999317169,0.04276417940855026,0.5748915672302246,1.0000001192092896,1746420839.4049242
14.935547828674316,0.0,0.4205716848373413,4809,4808,0.7299453616142273,7386624,18.74248695373535,0.0559895858168602,1618.392240842,38224,0.3356195390224457,0.04276417940855026,0.536371648311615,1.0000001192092896,1746420844.3259401
15.873699188232422,0.013671875931322575,0.33785128593444824,4819,4818,0.7299453616142273,7401984,18.74248695373535,0.0533854179084301,1621.677669297,38304,0.33016419410705566,0.04276417940855026,0.5830947160720825,1.0000001192092896,1746420847.6113913
16.150390625,0.0371093787252903,0.3651180863380432,4822,4821,0.7299453616142273,7406592,18.74248695373535,0.0507812537252903,1622.661263593,38328,0.3332034945487976,0.04276417940855026,0.6048611998558044,1.0000001192092896,1746420848.5949523
16.16536521911621,0.02278645895421505,0.4082458019256592,4851,4850,0.7299453616142273,7451136,18.74248695373535,0.0494791679084301,1632.172306816,38560,0.32509374618530273,0.04276417940855026,0.5594401955604553,1.0000001192092896,1746420858.106005
15.748699188232422,0.00911458395421505,0.39360707998275757,4876,4875,0.7481528520584106,7489536,18.89041519165039,0.0507812537252903,1640.447486502,38760,0.3370799720287323,0.061817046254873276,0.5542969703674316,1.0,1746420866.3810985
16.526042938232422,0.009765625931322575,0.40346887707710266,4880,4879,0.7481528520584106,7495680,18.89041519165039,0.0481770858168602,1641.761798488,38792,0.3375677466392517,0.061817046254873276,0.5776694416999817,1.0,1746420867.6953225
15.408855438232422,0.02083333395421505,0.40671873092651367,4885,4884,0.7481528520584106,7503360,18.89041519165039,0.0507812537252903,1643.400240531,38832,0.33413657546043396,0.061817046254873276,0.549717903137207,1.0,1746420869.3339534
16.037109375,0.02539062686264515,0.4125005602836609,4912,4911,0.7481528520584106,7544832,18.89041519165039,0.0494791679084301,1652.255175152,39048,0.32971709966659546,0.061817046254873276,0.5931424498558044,1.0,1746420878.1888936
16.219402313232422,0.0,0.36877208948135376,4930,4929,0.7481528520584106,7572480,18.89041519165039,0.0481770858168602,1658.157140704,39192,0.33127766847610474,0.061817046254873276,0.5571832060813904,1.0,1746420884.0908716
16.37890625,0.0345052108168602,0.39350563287734985,4933,4932,0.7481528520584106,7577088,18.89041519165039,0.0488281287252903,1659.140355934,39216,0.34060588479042053,0.061817046254873276,0.598958432674408,1.0,1746420885.0740552
16.26106834411621,0.0345052108168602,0.3691619634628296,4966,4965,0.7481528520584106,7627776,18.89041519165039,0.0468750037252903,1669.978752706,39480,0.33811140060424805,0.061817046254873276,0.603559136390686,1.0,1746420895.9124212
15.928386688232422,0.00390625,0.3391241431236267,4978,4977,0.7481528520584106,7646208,18.89041519165039,0.0494791679084301,1673.914571473,39576,0.3338201940059662,0.061817046254873276,0.548936665058136,1.0,1746420899.8483205
16.490234375,0.0345052108168602,0.4098077416419983,5000,4999,0.7481528520584106,7680000,18.89041519165039,0.0468750037252903,1681.128985696,39752,0.344095915555954,0.061817046254873276,0.5851563811302185,1.0,1746420907.0626893
16.3203125,0.02539062686264515,0.3612807095050812,5002,5001,0.7481528520584106,7683072,18.89041519165039,0.0488281287252903,1681.784394341,39768,0.34547170996665955,0.061817046254873276,0.5815756320953369,1.0,1746420907.7181232
15.832683563232422,0.0078125,0.3585018217563629,5015,5014,0.7481528520584106,7703040,18.89041519165039,0.0514322929084301,1686.065316736,39872,0.3419607877731323,0.061817046254873276,0.560785710811615,1.0,1746420911.9990442
16.31640625,0.011718750931322575,0.3728882074356079,5017,5016,0.7481528520584106,7706112,18.89041519165039,0.0501302108168602,1686.72231304,39888,0.34585797786712646,0.061817046254873276,0.5517361760139465,1.0,1746420912.6560197
16.152996063232422,0.01497395895421505,0.4135838449001312,5042,5041,0.7481528520584106,7744512,18.89041519165039,0.0494791679084301,1694.927469962,40088,0.36101609468460083,0.061817046254873276,0.571419358253479,1.0,1746420920.8612134
13.957682609558105,0.0,0.39206403493881226,5068,5067,0.7481528520584106,7784448,18.89041519165039,0.0592447929084301,1703.453635268,40296,0.3608017861843109,0.061817046254873276,0.4914279878139496,1.0,1746420929.3873663
15.947917938232422,0.01302083395421505,0.3533920645713806,5100,5099,0.7481528520584106,7833600,18.89041519165039,0.0488281287252903,1713.958873154,40552,0.3627948760986328,0.061817046254873276,0.5633029937744141,1.0,1746420939.8925838
16.34505271911621,0.013671875931322575,0.4406089782714844,5128,5127,0.7481528520584106,7876608,18.89041519165039,0.0475260429084301,1723.144181298,40776,0.35842829942703247,0.061817046254873276,0.5706598162651062,1.0,1746420949.0778801
16.0859375,0.009765625931322575,0.38604918122291565,5134,5133,0.7481528520584106,7885824,18.89041519165039,0.0494791679084301,1725.11233332,40824,0.35594692826271057,0.061817046254873276,0.56341153383255,1.0,1746420951.0460198
16.974609375,0.033203125,0.43498557806015015,5139,5138,0.7481528520584106,7893504,18.89041519165039,0.0462239608168602,1726.750986761,40864,0.3574574887752533,0.061817046254873276,0.5872179865837097,1.0,1746420952.6847315
16.501953125,0.0319010429084301,0.34593895077705383,5143,5142,0.7481528520584106,7899648,18.89041519165039,0.0475260429084301,1728.062904659,40896,0.3478161692619324,0.061817046254873276,0.5700305104255676,1.0,1746420953.996615
16.82356834411621,0.0052083334885537624,0.40218573808670044,5144,5143,0.7481528520584106,7901184,18.89041519165039,0.0475260429084301,1728.390143803,40904,0.35894423723220825,0.061817046254873276,0.5477648973464966,1.0,1746420954.323839
16.383464813232422,0.02929687686264515,0.35564637184143066,5161,5160,0.7481528520584106,7927296,18.89041519165039,0.0481770858168602,1733.961347327,41040,0.3655034303665161,0.061817046254873276,0.5887153744697571,1.0,1746420959.894804
15.034505844116211,0.02278645895421505,0.3954070806503296,5164,5163,0.7481528520584106,7931904,18.89041519165039,0.0546875037252903,1734.946897017,41064,0.36832764744758606,0.061817046254873276,0.5682509541511536,1.0,1746420960.8805945
14.892579078674316,0.02083333395421505,0.3877606689929962,5165,5164,0.7481528520584106,7933440,18.89041519165039,0.0533854179084301,1735.275678984,41072,0.3654005527496338,0.061817046254873276,0.5697917342185974,1.0,1746420961.2092352
14.995443344116211,0.0371093787252903,0.3986966013908386,5173,5172,0.7481528520584106,7945728,18.89041519165039,0.0533854179084301,1737.899834645,41136,0.36544424295425415,0.061817046254873276,0.5927734971046448,1.0,1746420963.8335779
15.916016578674316,0.012369791977107525,0.36272165179252625,5193,5192,0.7481528520584106,7976448,18.89041519165039,0.0501302108168602,1744.469568137,41296,0.3505953252315521,0.061817046254873276,0.5378472805023193,1.0,1746420970.403292
16.69270896911621,0.0305989608168602,0.38273847103118896,5202,5201,0.7582897543907166,7990272,19.99704933166504,0.0475260429084301,1747.49735005,41368,0.35546058416366577,0.05045871436595917,0.606662392616272,0.9999999403953552,1746420973.4310706
15.977214813232422,0.0345052108168602,0.36370307207107544,5209,5208,0.7582897543907166,8001024,19.99704933166504,0.0488281287252903,1749.790772006,41424,0.3492671847343445,0.05045871436595917,0.5721137523651123,0.9999999403953552,1746420975.7243092
15.907552719116211,0.02148437686264515,0.4035828113555908,5223,5222,0.7582897543907166,8022528,19.99704933166504,0.0514322929084301,1754.406129678,41536,0.35334354639053345,0.05045871436595917,0.5739150047302246,0.9999999403953552,1746420980.3398445
15.890625953674316,0.0488281287252903,0.37580740451812744,5235,5234,0.7582897543907166,8040960,19.99704933166504,0.0507812537252903,1758.340217316,41632,0.35616233944892883,0.05045871436595917,0.600803017616272,0.9999999403953552,1746420984.2738543
16.42708396911621,0.0481770858168602,0.3698287606239319,5240,5239,0.7582897543907166,8048640,19.99704933166504,0.0481770858168602,1759.981508228,41672,0.35476037859916687,0.05045871436595917,0.607573926448822,0.9999999403953552,1746420985.9152215
17.055339813232422,0.02473958395421505,0.3564525246620178,5243,5242,0.7582897543907166,8053248,19.99704933166504,0.0462239608168602,1760.969506032,41696,0.3614913821220398,0.05045871436595917,0.5735460519790649,0.9999999403953552,1746420986.9032342
16.50911521911621,0.02278645895421505,0.3676466941833496,5244,5243,0.7582897543907166,8054784,19.99704933166504,0.0481770858168602,1761.296910318,41704,0.35964787006378174,0.05045871436595917,0.568489670753479,0.9999999403953552,1746420987.230618
16.213542938232422,0.0,0.38436073064804077,5247,5246,0.7582897543907166,8059392,19.99704933166504,0.0488281287252903,1762.279735181,41728,0.36182981729507446,0.05045871436595917,0.5611546039581299,0.9999999403953552,1746420988.2134717
15.987630844116211,0.0325520858168602,0.36152222752571106,5264,5263,0.7582897543907166,8085504,19.99704933166504,0.0488281287252903,1767.86047103,41864,0.3595160245895386,0.05045871436595917,0.5764541029930115,0.9999999403953552,1746420993.7941983
16.01888084411621,0.012369791977107525,0.38139528036117554,5290,5289,0.7582897543907166,8125440,19.99704933166504,0.0501302108168602,1776.387615015,42072,0.35134658217430115,0.05045871436595917,0.5541884303092957,0.9999999403953552,1746421002.3213573
16.783203125,0.017578125,0.4178314805030823,5307,5306,0.7582897543907166,8151552,19.99704933166504,0.0481770858168602,1781.96635768,42208,0.3537030816078186,0.05045871436595917,0.5718533992767334,0.9999999403953552,1746421007.9000902
16.629558563232422,0.010416666977107525,0.3721182346343994,5312,5311,0.7582897543907166,8159232,19.99704933166504,0.0475260429084301,1783.604286802,42248,0.34546637535095215,0.05045871436595917,0.5450521111488342,0.9999999403953552,1746421009.5380187
16.14583396911621,0.0345052108168602,0.37604379653930664,5318,5317,0.7582897543907166,8168448,19.99704933166504,0.0501302108168602,1785.573018189,42296,0.34991708397865295,0.05045871436595917,0.5874783396720886,0.9999999403953552,1746421011.5067484
15.981771469116211,0.011718750931322575,0.3923041820526123,5332,5331,0.7582897543907166,8189952,19.99704933166504,0.0494791679084301,1790.177098078,42408,0.37448447942733765,0.05045871436595917,0.5437066555023193,0.9999999403953552,1746421016.11081
16.600261688232422,0.0,0.3486538231372833,5334,5333,0.7582897543907166,8193024,19.99704933166504,0.0481770858168602,1790.836763704,42424,0.36574840545654297,0.05045871436595917,0.5736979842185974,0.9999999403953552,1746421016.7704847
16.35481834411621,0.02343750186264515,0.38981881737709045,5336,5335,0.7582897543907166,8196096,19.99704933166504,0.0481770858168602,1791.491944027,42440,0.36895912885665894,0.05045871436595917,0.5868707299232483,0.9999999403953552,1746421017.4256861
16.543621063232422,0.0,0.3653982877731323,5377,5376,0.7582897543907166,8259072,19.99704933166504,0.0475260429084301,1804.950103862,42768,0.34782493114471436,0.05045871436595917,0.5372397303581238,0.9999999403953552,1746421030.8836222
16.14974021911621,0.01302083395421505,0.37433454394340515,5403,5402,0.7582897543907166,8299008,19.99704933166504,0.0494791679084301,1813.496197371,42976,0.3493436574935913,0.05045871436595917,0.5021268725395203,0.9999999403953552,1746421039.4298203
15.829427719116211,0.00390625,0.3611027002334595,5405,5404,0.7582897543907166,8302080,19.99704933166504,0.0501302108168602,1814.152219494,42992,0.34824469685554504,0.05045871436595917,0.5506078004837036,0.9999999403953552,1746421040.0858822
16.30599021911621,0.015625,0.3993857502937317,5408,5407,0.7582897543907166,8306688,19.99704933166504,0.0488281287252903,1815.137936199,43016,0.35294708609580994,0.05045871436595917,0.561566948890686,0.9999999403953552,1746421041.071468
16.07161521911621,0.0520833358168602,0.40473175048828125,5418,5417,0.7582897543907166,8322048,19.99704933166504,0.0507812537252903,1818.425270561,43096,0.3529840111732483,0.05045871436595917,0.608637273311615,0.9999999403953552,1746421044.3587942
16.04427146911621,0.0,0.39881765842437744,5419,5418,0.7582897543907166,8323584,19.99704933166504,0.0494791679084301,1818.753479176,43104,0.353848934173584,0.05045871436595917,0.538107693195343,0.9999999403953552,1746421044.6870272
16.524089813232422,0.0364583358168602,0.3978657126426697,5433,5432,0.7582897543907166,8345088,19.99704933166504,0.0475260429084301,1823.366858121,43216,0.3569231927394867,0.05045871436595917,0.6096354722976685,0.9999999403953552,1746421049.300184
15.875652313232422,0.009765625931322575,0.4812372326850891,5454,5453,0.7582897543907166,8377344,19.99704933166504,0.0501302108168602,1830.271311958,43384,0.3643360733985901,0.05045871436595917,0.5585504174232483,0.9999999403953552,1746421056.2046676
16.61067771911621,0.0403645858168602,0.38290703296661377,5468,5467,0.7582897543907166,8398848,19.99704933166504,0.0475260429084301,1834.878163142,43496,0.36180412769317627,0.05045871436595917,0.6101780533790588,0.9999999403953552,1746421060.8117
17.377605438232422,0.0449218787252903,0.42131489515304565,5490,5489,0.7582897543907166,8432640,19.99704933166504,0.0468750037252903,1842.112210109,43672,0.35342246294021606,0.05045871436595917,0.6336590051651001,0.9999999403953552,1746421068.045746
16.529949188232422,0.02539062686264515,0.4163656532764435,5491,5490,0.7582897543907166,8434176,19.99704933166504,0.0488281287252903,1842.440475421,43680,0.3549092411994934,0.05045871436595917,0.5943360924720764,0.9999999403953552,1746421068.3740156
16.07942771911621,0.01106770895421505,0.42562028765678406,5507,5506,0.7582897543907166,8458752,19.99704933166504,0.0501302108168602,1847.702408393,43808,0.36189281940460205,0.05045871436595917,0.5489367246627808,0.9999999403953552,1746421073.635955
16.471355438232422,0.02539062686264515,0.3903197944164276,5515,5514,0.7582897543907166,8471040,19.99704933166504,0.0481770858168602,1850.330236811,43872,0.35630202293395996,0.05045871436595917,0.5908204317092896,0.9999999403953552,1746421076.2638183
16.55013084411621,0.0501302108168602,0.4129248857498169,5529,5528,0.7651259899139404,8492544,19.741212844848633,0.0475260429084301,1855.002822521,43984,0.3591313064098358,0.0602213591337204,0.6169272065162659,1.0,1746421080.9365458
15.994141578674316,0.0,0.42240315675735474,5533,5532,0.7651259899139404,8498688,19.741212844848633,0.0507812537252903,1856.313380691,44016,0.35490739345550537,0.0602213591337204,0.5584419369697571,1.0,1746421082.2471337
15.607422828674316,0.0462239608168602,0.4367993474006653,5541,5540,0.7651259899139404,8510976,19.741212844848633,0.0501302108168602,1858.934229476,44080,0.35615184903144836,0.0602213591337204,0.6085070371627808,1.0,1746421084.8679447
16.172527313232422,0.02278645895421505,0.48213422298431396,5543,5542,0.7651259899139404,8514048,19.741212844848633,0.0494791679084301,1859.598097509,44096,0.36858081817626953,0.0602213591337204,0.5934028029441833,1.0,1746421085.531576
16.388671875,0.01106770895421505,0.47544872760772705,5571,5570,0.7651259899139404,8557056,19.741212844848633,0.0488281287252903,1868.788516497,44320,0.35720986127853394,0.0602213591337204,0.571549654006958,1.0,1746421094.7222435
16.310546875,0.0182291679084301,0.4522625207901001,5576,5575,0.7651259899139404,8564736,19.741212844848633,0.0481770858168602,1870.427645015,44360,0.36052119731903076,0.0602213591337204,0.5751737356185913,1.0,1746421096.3613641
16.096355438232422,0.013671875931322575,0.4275893568992615,5590,5589,0.7651259899139404,8586240,19.741212844848633,0.0481770858168602,1875.022679839,44472,0.3623998761177063,0.0602213591337204,0.5621095299720764,1.0,1746421100.9563308
16.160808563232422,0.01106770895421505,0.3890799582004547,5620,5619,0.7651259899139404,8632320,19.741212844848633,0.0501302108168602,1884.866601542,44712,0.372287392616272,0.0602213591337204,0.5775392055511475,1.0,1746421110.800337
16.373046875,0.03125,0.3924497067928314,5629,5628,0.7651259899139404,8646144,19.741212844848633,0.0494791679084301,1887.816407676,44784,0.3690577745437622,0.0602213591337204,0.6003039479255676,1.0,1746421113.7500255
16.20247459411621,0.0494791679084301,0.5049992799758911,5669,5668,0.7651259899139404,8707584,19.741212844848633,0.0488281287252903,1900.959536667,45104,0.3837553858757019,0.0602213591337204,0.6071181297302246,1.0,1746421126.8932984
15.803386688232422,0.01302083395421505,0.46617886424064636,5679,5678,0.7651259899139404,8722944,19.741212844848633,0.0514322929084301,1904.249087326,45184,0.36918938159942627,0.0602213591337204,0.5598742365837097,1.0,1746421130.182744
16.060546875,0.0,0.3988674283027649,5745,5744,0.7651259899139404,8824320,19.741212844848633,0.0481770858168602,1925.943940601,45712,0.3610523045063019,0.0602213591337204,0.5476129055023193,1.0,1746421151.8774538
16.458984375,0.012369791977107525,0.40154510736465454,5750,5749,0.7651259899139404,8832000,19.741212844848633,0.0494791679084301,1927.58477936,45752,0.3629361093044281,0.0602213591337204,0.572526216506958,1.0,1746421153.5183122
16.553386688232422,0.03125,0.4300394654273987,5770,5769,0.7651259899139404,8862720,19.741212844848633,0.0475260429084301,1934.170947445,45912,0.35642701387405396,0.0602213591337204,0.6050782203674316,1.0,1746421160.1043704
16.41015625,0.0338541679084301,0.37273097038269043,5789,5788,0.7651259899139404,8891904,19.741212844848633,0.0475260429084301,1940.419102259,46064,0.35738998651504517,0.0602213591337204,0.6053386926651001,1.0,1746421166.3525786
16.37239646911621,0.004557291977107525,0.3912813067436218,5809,5808,0.7651259899139404,8922624,19.741212844848633,0.0481770858168602,1946.995669789,46224,0.3711009919643402,0.0602213591337204,0.5638455748558044,1.0,1746421172.9292097
16.02734375,0.01106770895421505,0.4752810597419739,5831,5830,0.7651259899139404,8956416,19.741212844848633,0.0488281287252903,1954.225285969,46400,0.37883102893829346,0.0602213591337204,0.5797743797302246,1.0,1746421180.1588473
16.197917938232422,0.02343750186264515,0.47950321435928345,5834,5833,0.7651259899139404,8961024,19.741212844848633,0.0488281287252903,1955.210495985,46424,0.3766556680202484,0.0602213591337204,0.5813152194023132,1.0,1746421181.1440485
16.557292938232422,0.02864583395421505,0.4731575846672058,5895,5894,0.7560824751853943,9054720,19.40595817565918,0.0468750037252903,1975.33917516,46912,0.3842470049858093,0.05831464007496834,0.6034289598464966,0.9999999403953552,1746421201.272864
16.08203125,0.01106770895421505,0.5448330044746399,5943,5942,0.7560824751853943,9128448,19.40595817565918,0.0507812537252903,1991.078848174,47296,0.37598779797554016,0.05831464007496834,0.56048184633255,0.9999999403953552,1746421217.012587
16.012371063232422,0.0572916679084301,0.5027312636375427,5951,5950,0.7560824751853943,9140736,19.40595817565918,0.0488281287252903,1993.699860986,47360,0.3808237314224243,0.05831464007496834,0.6275826096534729,0.9999999403953552,1746421219.6335938
16.361980438232422,0.00911458395421505,0.604824423789978,5979,5978,0.7560824751853943,9183744,19.40595817565918,0.0488281287252903,2002.881494827,47584,0.384388267993927,0.05831464007496834,0.5813152194023132,0.9999999403953552,1746421228.815205
16.45052146911621,0.02343750186264515,0.5437787771224976,5988,5987,0.7560824751853943,9197568,19.40595817565918,0.0475260429084301,2005.835155134,47656,0.38928690552711487,0.05831464007496834,0.5686416029930115,0.9999999403953552,1746421231.768889
15.811849594116211,0.0325520858168602,0.47538310289382935,6047,6046,0.7560824751853943,9288192,19.40595817565918,0.0501302108168602,2025.176105755,48128,0.3875400424003601,0.05831464007496834,0.5941624641418457,0.9999999403953552,1746421251.109855
16.283203125,0.02473958395421505,0.48822441697120667,6057,6056,0.7560824751853943,9303552,19.40595817565918,0.0481770858168602,2028.452993755,48208,0.40639111399650574,0.05831464007496834,0.599739670753479,0.9999999403953552,1746421254.386687
16.525390625,0.0338541679084301,0.46557533740997314,6064,6063,0.7560824751853943,9314304,19.40595817565918,0.0488281287252903,2030.74896051,48264,0.3920554220676422,0.05831464007496834,0.596701443195343,0.9999999403953552,1746421256.6827059
16.369140625,0.0,0.4694923758506775,6066,6065,0.7560824751853943,9317376,19.40595817565918,0.0488281287252903,2031.404306478,48280,0.3909555971622467,0.05831464007496834,0.5663846731185913,0.9999999403953552,1746421257.3380451
16.31380271911621,0.0371093787252903,0.44855016469955444,6074,6073,0.7560824751853943,9329664,19.40595817565918,0.0481770858168602,2034.025551028,48344,0.3953828513622284,0.05831464007496834,0.5761502981185913,0.9999999403953552,1746421259.959307
16.154949188232422,0.03125,0.4445188343524933,6093,6092,0.7560824751853943,9358848,19.40595817565918,0.0501302108168602,2040.274550417,48496,0.3986850380897522,0.05831464007496834,0.585004448890686,0.9999999403953552,1746421266.208323
16.71875,0.0468750037252903,0.4359741508960724,6094,6093,0.7560824751853943,9360384,19.40595817565918,0.0468750037252903,2040.602558018,48504,0.39374297857284546,0.05831464007496834,0.6398221850395203,0.9999999403953552,1746421266.5363116
15.319011688232422,0.0364583358168602,0.38301002979278564,6121,6120,0.7560824751853943,9401856,19.40595817565918,0.0527343787252903,2049.45167472,48720,0.4065752923488617,0.05831464007496834,0.588020920753479,0.9999999403953552,1746421275.3854182
16.38997459411621,0.0455729179084301,0.43922263383865356,6127,6126,0.7560824751853943,9411072,19.40595817565918,0.0488281287252903,2051.4205209,48768,0.4053410291671753,0.05831464007496834,0.6278863549232483,0.9999999403953552,1746421277.354284
16.31640625,0.02864583395421505,0.41930675506591797,6149,6148,0.7560824751853943,9444864,19.40595817565918,0.0475260429084301,2058.627972272,48944,0.4251629114151001,0.05831464007496834,0.6080296039581299,0.9999999403953552,1746421284.5617259
16.11067771911621,0.013671875931322575,0.40394532680511475,6170,6169,0.7560824751853943,9477120,19.40595817565918,0.0501302108168602,2065.508926637,49112,0.4106566309928894,0.05831464007496834,0.5847006440162659,0.9999999403953552,1746421291.442642
16.44140625,0.02278645895421505,0.4372548758983612,6171,6170,0.7560824751853943,9478656,19.40595817565918,0.0475260429084301,2065.836466685,49120,0.42654144763946533,0.05831464007496834,0.6168404221534729,0.9999999403953552,1746421291.7702305
16.412761688232422,0.02343750186264515,0.4405733644962311,6188,6187,0.8009427189826965,9504768,20.13581085205078,0.0475260429084301,2071.478159277,49256,0.4109129309654236,0.08122327923774719,0.5841581225395203,1.0,1746421297.4119046
16.662109375,0.010416666977107525,0.47131749987602234,6201,6200,0.8009427189826965,9524736,20.13581085205078,0.0488281287252903,2075.736153791,49360,0.41078847646713257,0.08122327923774719,0.5779948830604553,1.0,1746421301.6699014
17.16796875,0.009765625931322575,0.47559696435928345,6209,6208,0.8009427189826965,9537024,20.13581085205078,0.0455729179084301,2078.355657242,49424,0.41590529680252075,0.08122327923774719,0.5911459922790527,1.0,1746421304.2894273
16.686199188232422,0.0240885429084301,0.5027612447738647,6219,6218,0.8009427189826965,9552384,20.13581085205078,0.0481770858168602,2081.630787021,49504,0.4079037308692932,0.08122327923774719,0.597786545753479,1.0,1746421307.5645525
15.690755844116211,0.0338541679084301,0.46465858817100525,6230,6229,0.8009427189826965,9569280,20.13581085205078,0.0507812537252903,2085.24020275,49592,0.4036274552345276,0.08122327923774719,0.5876737236976624,1.0,1746421311.1739593
15.878255844116211,0.0345052108168602,0.4991343021392822,6245,6244,0.8009427189826965,9592320,20.13581085205078,0.0520833358168602,2090.154480293,49712,0.4032602906227112,0.08122327923774719,0.5906251072883606,1.0,1746421316.088246
15.785808563232422,0.0,0.4092027544975281,6279,6278,0.8009427189826965,9644544,20.13581085205078,0.0520833358168602,2101.300453521,49984,0.4103431701660156,0.08122327923774719,0.555902898311615,1.0,1746421327.2341967
16.35091209411621,0.0462239608168602,0.3920172452926636,6290,6289,0.8009427189826965,9661440,20.13581085205078,0.0501302108168602,2104.905653287,50072,0.40861308574676514,0.08122327923774719,0.6117405295372009,1.0,1746421330.839402
15.676433563232422,0.01106770895421505,0.38196784257888794,6308,6307,0.8009427189826965,9689088,20.13581085205078,0.0520833358168602,2110.804489585,50216,0.40047594904899597,0.08122327923774719,0.5700087547302246,1.0,1746421336.7382429
16.412761688232422,0.03515625,0.39488381147384644,6311,6310,0.8009427189826965,9693696,20.13581085205078,0.0488281287252903,2111.78738537,50240,0.40094131231307983,0.08122327923774719,0.620573103427887,1.0,1746421337.7211576
16.43489646911621,0.0,0.39506810903549194,6316,6315,0.8009427189826965,9701376,20.13581085205078,0.0475260429084301,2113.424801714,50280,0.4070701003074646,0.08122327923774719,0.5387370586395264,1.0,1746421339.358536
16.14778709411621,0.0390625037252903,0.460533082485199,6345,6344,0.8009427189826965,9745920,20.13581085205078,0.0481770858168602,2122.926235453,50512,0.39732134342193604,0.08122327923774719,0.5937283635139465,1.0,1746421348.8599799
16.707683563232422,0.0742187574505806,0.4935538172721863,6347,6346,0.8009427189826965,9748992,20.13581085205078,0.0468750037252903,2123.580404127,50528,0.40942874550819397,0.08122327923774719,0.669965386390686,1.0,1746421349.5141573
16.408203125,0.0240885429084301,0.4315534830093384,6348,6347,0.8009427189826965,9750528,20.13581085205078,0.0468750037252903,2123.908114758,50536,0.40022099018096924,0.08122327923774719,0.5819879174232483,1.0,1746421349.8418758
15.735027313232422,0.0462239608168602,0.4329689145088196,6349,6348,0.8009427189826965,9752064,20.13581085205078,0.0507812537252903,2124.238246451,50544,0.39747288823127747,0.08122327923774719,0.6096355319023132,1.0,1746421350.1719236
16.352214813232422,0.0364583358168602,0.4127398431301117,6351,6350,0.8009427189826965,9755136,20.13581085205078,0.0501302108168602,2124.893182254,50560,0.393723726272583,0.08122327923774719,0.6017362475395203,1.0,1746421350.8267639
16.729167938232422,0.02669270895421505,0.42053890228271484,6354,6353,0.8009427189826965,9759744,20.13581085205078,0.0468750037252903,2125.875440375,50584,0.39748138189315796,0.08122327923774719,0.6060113310813904,1.0,1746421351.8091815
16.684246063232422,0.0052083334885537624,0.4158047139644623,6358,6357,0.8009427189826965,9765888,20.13581085205078,0.0468750037252903,2127.189703867,50616,0.3952997326850891,0.08122327923774719,0.5548394918441772,1.0,1746421353.1232312
16.533203125,0.01497395895421505,0.4727020263671875,6361,6360,0.8009427189826965,9770496,20.13581085205078,0.0488281287252903,2128.172790783,50640,0.40334850549697876,0.08122327923774719,0.5611112117767334,1.0,1746421354.106522
16.69661521911621,0.0462239608168602,0.5397741794586182,6362,6361,0.8009427189826965,9772032,20.13581085205078,0.0475260429084301,2128.500328907,50648,0.4145253300666809,0.08122327923774719,0.623502790927887,1.0,1746421354.4340794
15.799480438232422,0.0182291679084301,0.5166068077087402,6367,6366,0.8009427189826965,9779712,20.13581085205078,0.0514322929084301,2130.137391082,50688,0.398933470249176,0.08122327923774719,0.5684462785720825,1.0,1746421356.071137
16.1640625,0.0201822929084301,0.5261215567588806,6375,6374,0.8009427189826965,9792000,20.13581085205078,0.0501302108168602,2132.762921097,50752,0.4055091142654419,0.08122327923774719,0.5753039121627808,1.0,1746421358.6966634
15.846355438232422,0.0559895858168602,0.5768301486968994,6390,6389,0.8009427189826965,9815040,20.13581085205078,0.0514322929084301,2137.677312735,50872,0.3997584283351898,0.08122327923774719,0.6194445490837097,1.0,1746421363.6110737
16.37825584411621,0.0468750037252903,0.595949649810791,6425,6424,0.8009427189826965,9868800,20.13581085205078,0.0488281287252903,2149.150113765,51152,0.39525437355041504,0.08122327923774719,0.6258247494697571,1.0,1746421375.0838678
15.795574188232422,0.0625,0.5151680707931519,6445,6444,0.8009427189826965,9899520,20.13581085205078,0.0514322929084301,2155.701811029,51312,0.3894304037094116,0.08122327923774719,0.6384549736976624,1.0,1746421381.6355882
16.617839813232422,0.01497395895421505,0.48447149991989136,6465,6464,0.8009427189826965,9930240,20.13581085205078,0.0462239608168602,2162.256139933,51472,0.3975904583930969,0.08122327923774719,0.5414063334465027,1.0,1746421388.1898367
16.67903709411621,0.0358072929084301,0.5358166694641113,6471,6470,0.8009427189826965,9939456,20.13581085205078,0.0481770858168602,2164.224581588,51520,0.3999558687210083,0.08122327923774719,0.5939019918441772,1.0,1746421390.1583395
16.00911521911621,0.02734375186264515,0.5390185117721558,6473,6472,0.8009427189826965,9942528,20.13581085205078,0.0501302108168602,2164.879145118,51536,0.4114045202732086,0.08122327923774719,0.6024957299232483,1.0,1746421390.8128893
16.123699188232422,0.0468750037252903,0.5646027326583862,6485,6484,0.8009427189826965,9960960,20.13581085205078,0.0501302108168602,2168.807873525,51632,0.41612833738327026,0.08122327923774719,0.6067708730697632,1.0,1746421394.7416313
17.30794334411621,0.011718750931322575,0.5073492527008057,6495,6494,0.8009427189826965,9976320,20.13581085205078,0.0462239608168602,2172.086824461,51712,0.4045405983924866,0.08122327923774719,0.55364590883255,1.0,1746421398.0205767
15.990235328674316,0.0,0.466869592666626,6503,6502,0.7609855532646179,9988608,20.25299835205078,0.0520833358168602,2174.78141837,51776,0.4005276560783386,0.0565912164747715,0.5445747375488281,1.0000001192092896,1746421400.715177
