returned_episode_lengths,returned_won_episode,update_steps,_step,test_returned_episode_returns,loss,returned_episode,_runtime,grad_steps,returned_episode_returns,test_returned_episode_lengths,test_returned_won_episode,test_returned_episode,qvals,env_step,_timestamp
26.66471290588379,0.0,40,39,0.07050636410713196,0.008351335301995277,0.02083333395421505,48.043560323,72,0.14160068333148956,21.240447998046875,0.0,1.0,0.09088172763586044,61440,1746417217.9369426
28.234375,0.0,68,67,0.07050636410713196,0.00744319474324584,0.01692708395421505,56.326974119,296,0.18457290530204773,21.240447998046875,0.0,1.0,0.6282223463058472,104448,1746417226.2204025
28.01041603088379,0.0,77,76,0.07050636410713196,0.009264856576919556,0.01822916604578495,58.996311357,368,0.16192446649074554,21.240447998046875,0.0,1.0,0.6972975730895996,118272,1746417228.889742
28.62825584411621,0.0,129,128,0.07050636410713196,0.018388140946626663,0.017578125,74.431648821,784,0.19185154139995575,21.240447998046875,0.0,1.0,0.6958135366439819,198144,1746417244.3250914
29.06900978088379,0.0,142,141,0.07050636410713196,0.034830402582883835,0.01822916604578495,78.303113159,888,0.18856769800186157,21.240447998046875,0.0,1.0,0.709805965423584,218112,1746417248.196503
29.46549415588379,0.0,144,143,0.07050636410713196,0.025956228375434875,0.01692708395421505,78.89820519,904,0.18794703483581543,21.240447998046875,0.0,1.0,0.7269505858421326,221184,1746417248.7915695
28.52604103088379,0.0,157,156,0.07050636410713196,0.028782445937395096,0.01953125,82.758940231,1008,0.18607378005981445,21.240447998046875,0.0,1.0,0.7583403587341309,241152,1746417252.652347
30.0234375,0.0,177,176,0.07050636410713196,0.0325637012720108,0.01692708395421505,88.705658543,1168,0.1971197873353958,21.240447998046875,0.0,1.0,0.7646399736404419,271872,1746417258.5989046
28.7265625,0.0,189,188,0.07050636410713196,0.03593406081199646,0.017578125,92.278118784,1264,0.18532899022102356,21.240447998046875,0.0,1.0,0.7404850721359253,290304,1746417262.171523
29.53450584411621,0.0,202,201,0.07050636410713196,0.04700150340795517,0.01953125,96.157384768,1368,0.21172916889190674,21.240447998046875,0.0,1.0,0.7165685892105103,310272,1746417266.0507987
29.54296875,0.0,220,219,0.07050636410713196,0.04124794900417328,0.01692708395421505,101.515687089,1512,0.21624910831451416,21.240447998046875,0.0,1.0,0.7205278277397156,337920,1746417271.4090748
30.48958396911621,0.0,224,223,0.07050636410713196,0.04370880126953125,0.01627604104578495,102.704904457,1544,0.20254945755004883,21.240447998046875,0.0,1.0,0.7025756239891052,344064,1746417272.5981631
30.205078125,0.0,225,224,0.07050636410713196,0.04431133344769478,0.015625,103.001204349,1552,0.18916232883930206,21.240447998046875,0.0,1.0,0.7106973528862,345600,1746417272.8945394
29.09505271911621,0.0,233,232,0.07050636410713196,0.05025481432676315,0.014973958022892475,105.389596644,1616,0.19231508672237396,21.240447998046875,0.0,1.0,0.7013174295425415,357888,1746417275.2829647
28.38606834411621,0.0,241,240,0.07050636410713196,0.048037368804216385,0.01627604104578495,107.788419893,1680,0.19348783791065216,21.240447998046875,0.0,1.0,0.7041357755661011,370176,1746417277.6817515
29.45442771911621,0.0,251,250,0.07050636410713196,0.051029231399297714,0.015625,110.776923642,1760,0.2027074545621872,21.240447998046875,0.0,1.0,0.6959739923477173,385536,1746417280.670118
29.671875,0.0,253,252,0.07050636410713196,0.06188088282942772,0.01627604104578495,111.373620145,1776,0.19320832192897797,21.240447998046875,0.0,1.0,0.711940586566925,388608,1746417281.2669907
29.33984375,0.0,299,298,0.07050636410713196,0.06734888255596161,0.01692708395421505,125.114961359,2144,0.19039583206176758,21.240447998046875,0.0,1.0,0.7176226377487183,459264,1746417295.0082798
29.34830665588379,0.0,311,310,0.07050636410713196,0.07686461508274078,0.01888020895421505,128.69722897,2240,0.19188539683818817,21.240447998046875,0.0,1.0,0.7136027812957764,477696,1746417298.5905643
29.908203125,0.0,320,319,0.07050636410713196,0.07577309012413025,0.01627604104578495,131.392334408,2312,0.20111632347106934,21.240447998046875,0.0,1.0,0.726353645324707,491520,1746417301.2857265
29.83854103088379,0.0,334,333,0.20550787448883057,0.088967464864254,0.01692708395421505,135.641092983,2424,0.21281856298446655,36.17113494873047,0.0,0.9999999403953552,0.7377396821975708,513024,1746417305.5344613
28.908203125,0.0,354,353,0.20550787448883057,0.13310109078884125,0.01888020895421505,141.625348191,2584,0.21846091747283936,36.17113494873047,0.0,0.9999999403953552,0.7641233205795288,543744,1746417311.5187395
27.13020896911621,0.0,357,356,0.20550787448883057,0.15088823437690735,0.021484375,142.522898288,2608,0.19362325966358185,36.17113494873047,0.0,0.9999999403953552,0.774092972278595,548352,1746417312.416232
27.71940040588379,0.0,362,361,0.20550787448883057,0.23257257044315338,0.02213541604578495,144.02030666,2648,0.1914079785346985,36.17113494873047,0.0,0.9999999403953552,0.8000870943069458,556032,1746417313.9137013
28.86328125,0.0,378,377,0.20550787448883057,0.11908820271492004,0.01822916604578495,148.80804925,2776,0.2183367908000946,36.17113494873047,0.0,0.9999999403953552,0.7984157800674438,580608,1746417318.7014546
29.44791603088379,0.0,385,384,0.20550787448883057,0.1720241904258728,0.01627604104578495,150.904277445,2832,0.22305814921855927,36.17113494873047,0.0,0.9999999403953552,0.7944433689117432,591360,1746417320.7976513
29.40364646911621,0.0,413,412,0.20550787448883057,0.17568917572498322,0.01627604104578495,159.259996752,3056,0.21702949702739716,36.17113494873047,0.0,0.9999999403953552,0.8176393508911133,634368,1746417329.153399
28.43229103088379,0.0,416,415,0.20550787448883057,0.16592714190483093,0.017578125,160.158192598,3080,0.20125606656074524,36.17113494873047,0.0,0.9999999403953552,0.8017957806587219,638976,1746417330.0515745
28.791015625,0.0,424,423,0.20550787448883057,0.18769654631614685,0.01888020895421505,162.599038417,3144,0.20733332633972168,36.17113494873047,0.0,0.9999999403953552,0.8377529382705688,651264,1746417332.4924202
28.28841209411621,0.0,437,436,0.20550787448883057,0.3820187747478485,0.01888020895421505,166.479652577,3248,0.16823697090148926,36.17113494873047,0.0,0.9999999403953552,0.85638427734375,671232,1746417336.3729608
29.99609375,0.0,438,437,0.20550787448883057,0.23135849833488464,0.017578125,166.776651189,3256,0.23084719479084015,36.17113494873047,0.0,0.9999999403953552,0.8458682894706726,672768,1746417336.6700466
25.63020896911621,0.0,454,453,0.20550787448883057,0.22785481810569763,0.02408854104578495,171.534621881,3384,0.17013715207576752,36.17113494873047,0.0,0.9999999403953552,0.8331046104431152,697344,1746417341.427898
29.75390625,0.0,457,456,0.20550787448883057,0.25064146518707275,0.01692708395421505,172.425335443,3408,0.2184496372938156,36.17113494873047,0.0,0.9999999403953552,0.844450831413269,701952,1746417342.3187423
28.94270896911621,0.0,458,457,0.20550787448883057,0.30603891611099243,0.02018229104578495,172.728783258,3416,0.20271959900856018,36.17113494873047,0.0,0.9999999403953552,0.8302053213119507,703488,1746417342.6220527
29.18229103088379,0.0,459,458,0.20550787448883057,0.23798012733459473,0.01692708395421505,173.026292494,3424,0.22084198892116547,36.17113494873047,0.0,0.9999999403953552,0.8480561971664429,705024,1746417342.9195988
29.318359375,0.0,471,470,0.20550787448883057,0.2696863114833832,0.017578125,176.603327291,3520,0.19425344467163086,36.17113494873047,0.0,0.9999999403953552,0.8305056691169739,723456,1746417346.496726
28.38671875,0.0,479,478,0.20550787448883057,0.2599632143974304,0.01888020895421505,178.985813941,3584,0.16846875846385956,36.17113494873047,0.0,0.9999999403953552,0.8027714490890503,735744,1746417348.8792312
29.609375,0.0,485,484,0.20550787448883057,0.2025657743215561,0.01888020895421505,180.778851659,3632,0.16382639110088348,36.17113494873047,0.0,0.9999999403953552,0.7880967259407043,744960,1746417350.672171
30.333984375,0.0,511,510,0.20550787448883057,0.1919325739145279,0.01692708395421505,188.522908973,3840,0.16489236056804657,36.17113494873047,0.0,0.9999999403953552,0.7906110286712646,784896,1746417358.4162323
30.93359375,0.0,515,514,0.20550787448883057,0.1859525740146637,0.015625,189.718157704,3872,0.16656163334846497,36.17113494873047,0.0,0.9999999403953552,0.7708144783973694,791040,1746417359.6115167
30.06640625,0.0,542,541,0.20550787448883057,0.2307668924331665,0.01627604104578495,197.770267812,4088,0.1784643828868866,36.17113494873047,0.0,0.9999999403953552,0.7385578155517578,832512,1746417367.6636767
28.15104103088379,0.0,544,543,0.20550787448883057,0.15532895922660828,0.014973958022892475,198.370706974,4104,0.1286579817533493,36.17113494873047,0.0,0.9999999403953552,0.7447182536125183,835584,1746417368.2640781
30.017578125,0.0,551,550,0.20550787448883057,0.15373210608959198,0.014322916977107525,200.464211635,4160,0.1181848868727684,36.17113494873047,0.0,0.9999999403953552,0.7463037371635437,846336,1746417370.3576007
31.66536521911621,0.0,574,573,0.20550787448883057,0.15138199925422668,0.014322916977107525,207.315350071,4344,0.13172656297683716,36.17113494873047,0.0,0.9999999403953552,0.7457922101020813,881664,1746417377.208747
29.85807228088379,0.0,578,577,0.20550787448883057,0.1531812846660614,0.013671875,208.502721552,4376,0.12792359292507172,36.17113494873047,0.0,0.9999999403953552,0.7491949796676636,887808,1746417378.3961194
30.02474021911621,0.0,614,613,0.20550787448883057,0.20685070753097534,0.010416666977107525,219.221675262,4664,0.12471874803304672,36.17113494873047,0.0,0.9999999403953552,0.7581828832626343,943104,1746417389.1150677
31.21744728088379,0.0,635,634,0.20550787448883057,0.22759979963302612,0.013671875,225.477007437,4832,0.10888627916574478,36.17113494873047,0.0,0.9999999403953552,0.7521712183952332,975360,1746417395.3703756
31.5859375,0.0,642,641,0.20550787448883057,0.3286311626434326,0.010416666977107525,227.563746538,4888,0.11356943100690842,36.17113494873047,0.0,0.9999999403953552,0.7269326448440552,986112,1746417397.4570673
32.02213668823242,0.0,643,642,0.20550787448883057,0.28752148151397705,0.014322916977107525,227.860535885,4896,0.1372109204530716,36.17113494873047,0.0,0.9999999403953552,0.7571560144424438,987648,1746417397.7538946
28.98307228088379,0.0,664,663,0.19635319709777832,0.1434289664030075,0.015625,234.181738777,5064,0.11374999582767487,62.874176025390625,0.0,1.0,0.7660990357398987,1019904,1746417404.0750694
29.75650978088379,0.0,676,675,0.19635319709777832,0.1256142258644104,0.014973958022892475,237.764108162,5160,0.13294529914855957,62.874176025390625,0.0,1.0,0.770991325378418,1038336,1746417407.6575096
30.35221290588379,0.0,727,726,0.19635319709777832,0.1620142161846161,0.015625,252.980410906,5568,0.16649651527404785,62.874176025390625,0.0,1.0,0.8297888040542603,1116672,1746417422.8736777
29.82942771911621,0.0,728,727,0.19635319709777832,0.17746798694133759,0.013020833022892475,253.276682254,5576,0.12206684052944183,62.874176025390625,0.0,1.0,0.8358391523361206,1118208,1746417423.170041
31.70963478088379,0.0,758,757,0.19635319709777832,0.15193557739257812,0.012369791977107525,262.225982899,5816,0.170230895280838,62.874176025390625,0.0,1.0,0.8625435829162598,1164288,1746417432.119379
31.10416603088379,0.0,764,763,0.19635319709777832,0.14404261112213135,0.014973958022892475,264.008252195,5864,0.1613185703754425,62.874176025390625,0.0,1.0,0.8588454723358154,1173504,1746417433.9016018
31.25260353088379,0.0,767,766,0.19635319709777832,0.15671606361865997,0.014973958022892475,264.901561792,5888,0.19683940708637238,62.874176025390625,0.0,1.0,0.8676919937133789,1178112,1746417434.7948399
31.65494728088379,0.0,818,817,0.19635319709777832,0.12589937448501587,0.014322916977107525,280.109151297,6296,0.2167673408985138,62.874176025390625,0.0,1.0,0.8457331657409668,1256448,1746417450.0024807
32.05078125,0.0,823,822,0.19635319709777832,0.12877044081687927,0.013020833022892475,281.598581428,6336,0.2037716656923294,62.874176025390625,0.0,1.0,0.8521339893341064,1264128,1746417451.4919665
30.47786521911621,0.0,851,850,0.19635319709777832,0.15002813935279846,0.013671875,289.941912384,6560,0.1912725567817688,62.874176025390625,0.0,1.0,0.8251975774765015,1307136,1746417459.835271
32.28385543823242,0.0,861,860,0.19635319709777832,0.1126788854598999,0.011067708022892475,292.946298196,6640,0.17464235424995422,62.874176025390625,0.0,1.0,0.8414523601531982,1322496,1746417462.839583
31.41145896911621,0.0,863,862,0.19635319709777832,0.09167130291461945,0.014973958022892475,293.542283847,6656,0.23643748462200165,62.874176025390625,0.0,1.0,0.801101803779602,1325568,1746417463.4356616
32.3828125,0.0,871,870,0.19635319709777832,0.08878010511398315,0.009114583022892475,295.922817681,6720,0.20178993046283722,62.874176025390625,0.0,1.0,0.8089441657066345,1337856,1746417465.8162162
32.31119918823242,0.0,884,883,0.19635319709777832,0.09328199923038483,0.012369791977107525,299.797677147,6824,0.20149998366832733,62.874176025390625,0.0,1.0,0.8124290108680725,1357824,1746417469.6910405
31.91536521911621,0.0,890,889,0.19635319709777832,0.07889676094055176,0.008463541977107525,301.593616798,6872,0.19225433468818665,62.874176025390625,0.0,1.0,0.7990284562110901,1367040,1746417471.4870179
31.20052146911621,0.0,891,890,0.19635319709777832,0.07263011485338211,0.013020833022892475,301.891385956,6880,0.1987578123807907,62.874176025390625,0.0,1.0,0.8060625195503235,1368576,1746417471.7846558
32.04948043823242,0.0,894,893,0.19635319709777832,0.06605306267738342,0.013671875,302.783201281,6904,0.18369269371032715,62.874176025390625,0.0,1.0,0.7923235297203064,1373184,1746417472.6764839
32.17317581176758,0.0,908,907,0.19635319709777832,0.06544791162014008,0.012369791977107525,306.962157276,7016,0.1802508533000946,62.874176025390625,0.0,1.0,0.7898036241531372,1394688,1746417476.8555741
31.80078125,0.0,920,919,0.19635319709777832,0.0571369007229805,0.011067708022892475,310.545186953,7112,0.2065781056880951,62.874176025390625,0.0,1.0,0.8050011396408081,1413120,1746417480.4385173
32.32161331176758,0.0,939,938,0.19635319709777832,0.05335654318332672,0.010416666977107525,316.218348703,7264,0.2164713442325592,62.874176025390625,0.0,1.0,0.7862665057182312,1442304,1746417486.1117132
31.44400978088379,0.0,944,943,0.19635319709777832,0.0481090173125267,0.014973958022892475,317.71150259,7304,0.2252604216337204,62.874176025390625,0.0,1.0,0.7875244617462158,1449984,1746417487.6048853
32.2421875,0.0,968,967,0.19635319709777832,0.04057043790817261,0.01171875,324.863170749,7496,0.24289318919181824,62.874176025390625,0.0,1.0,0.8065150380134583,1486848,1746417494.756355
30.5390625,0.0,977,976,0.44842758774757385,0.03853626549243927,0.014322916977107525,327.605618457,7568,0.21958939731121063,61.73702621459961,0.0,0.9999999403953552,0.7981166243553162,1500672,1746417497.4990146
32.00130081176758,0.0,999,998,0.44842758774757385,0.036033328622579575,0.011067708022892475,334.164981046,7744,0.24469181895256042,61.73702621459961,0.0,0.9999999403953552,0.8097604513168335,1534464,1746417504.0582647
32.09114456176758,0.0,1005,1004,0.44842758774757385,0.03798690438270569,0.012369791977107525,335.949204226,7792,0.2592829763889313,61.73702621459961,0.0,0.9999999403953552,0.8027572631835938,1543680,1746417505.8426104
30.50650978088379,0.0,1009,1008,0.44842758774757385,0.030733266845345497,0.010416666977107525,337.138134734,7824,0.20999737083911896,61.73702621459961,0.0,0.9999999403953552,0.8078518509864807,1549824,1746417507.0314426
30.24739646911621,0.0,1021,1020,0.44842758774757385,0.02871815860271454,0.013671875,340.706596272,7920,0.23166142404079437,61.73702621459961,0.0,0.9999999403953552,0.8119264245033264,1568256,1746417510.599862
32.17708206176758,0.0,1026,1025,0.44842758774757385,0.03099796362221241,0.014322916977107525,342.193161404,7960,0.26863279938697815,61.73702621459961,0.0,0.9999999403953552,0.816214919090271,1575936,1746417512.086498
31.28255271911621,0.0,1059,1058,0.44842758774757385,0.0296354740858078,0.009765625,352.04198495,8224,0.24440622329711914,61.73702621459961,0.0,0.9999999403953552,0.8205825090408325,1626624,1746417521.9353995
31.12369728088379,0.0,1066,1065,0.44842758774757385,0.023338742554187775,0.013020833022892475,354.127618009,8280,0.243610218167305,61.73702621459961,0.0,0.9999999403953552,0.8220126628875732,1637376,1746417524.0210145
31.40494728088379,0.0,1068,1067,0.44842758774757385,0.02471001259982586,0.01171875,354.723285736,8296,0.26350605487823486,61.73702621459961,0.0,0.9999999403953552,0.8191697001457214,1640448,1746417524.6166282
31.52734375,0.0,1082,1081,0.44842758774757385,0.024394923821091652,0.008463541977107525,358.902112083,8408,0.2603168189525604,61.73702621459961,0.0,0.9999999403953552,0.8185152411460876,1661952,1746417528.7953744
29.75,0.0,1095,1094,0.44842758774757385,0.02307421900331974,0.008463541977107525,362.783917703,8512,0.2394183725118637,61.73702621459961,0.0,0.9999999403953552,0.8179004192352295,1681920,1746417532.6772726
31.12760353088379,0.0,1138,1137,0.44842758774757385,0.015807010233402252,0.009765625,375.602141808,8856,0.2760208249092102,61.73702621459961,0.0,0.9999999403953552,0.8416261672973633,1747968,1746417545.4954777
31.16927146911621,0.0,1147,1146,0.44842758774757385,0.014616673812270164,0.009114583022892475,378.289354401,8928,0.27199646830558777,61.73702621459961,0.0,0.9999999403953552,0.834692656993866,1761792,1746417548.1827543
30.5546875,0.0,1166,1165,0.44842758774757385,0.014424661174416542,0.008463541977107525,383.968447007,9080,0.27225953340530396,61.73702621459961,0.0,0.9999999403953552,0.8594459295272827,1790976,1746417553.8617053
30.5625,0.0,1192,1191,0.44842758774757385,0.013656910508871078,0.01171875,391.721761547,9288,0.2760450839996338,61.73702621459961,0.0,0.9999999403953552,0.882348895072937,1830912,1746417561.615075
30.265625,0.0,1194,1193,0.44842758774757385,0.012928938493132591,0.010416666977107525,392.315428104,9304,0.27474647760391235,61.73702621459961,0.0,0.9999999403953552,0.8784980773925781,1833984,1746417562.2088435
32.21875,0.0,1212,1211,0.44842758774757385,0.013337378390133381,0.011067708022892475,397.669723215,9448,0.30534282326698303,61.73702621459961,0.0,0.9999999403953552,0.897628664970398,1861632,1746417567.5629952
30.02604103088379,0.0,1217,1216,0.44842758774757385,0.012920956127345562,0.010416666977107525,399.158604308,9488,0.2777213156223297,61.73702621459961,0.0,0.9999999403953552,0.8957278728485107,1869312,1746417569.051934
32.05598831176758,0.0,1282,1281,0.44842758774757385,0.012385834008455276,0.014322916977107525,418.545859039,10008,0.2970086336135864,61.73702621459961,0.0,0.9999999403953552,0.9832022190093994,1969152,1746417588.4392219
31.81380271911621,0.0,1329,1328,0.6374069452285767,0.010711604729294777,0.010416666977107525,432.649080531,10384,0.31177860498428345,64.90746307373047,0.0,1.0,1.0046128034591675,2041344,1746417602.5423954
31.91275978088379,0.0,1357,1356,0.6374069452285767,0.010541575029492378,0.010416666977107525,441.01504182,10608,0.31931763887405396,64.90746307373047,0.0,1.0,1.042128086090088,2084352,1746417610.9084082
29.7890625,0.0,1373,1372,0.6374069452285767,0.009921364486217499,0.008463541977107525,445.785058808,10736,0.28126993775367737,64.90746307373047,0.0,1.0,1.0376179218292236,2108928,1746417615.6784554
30.48958396911621,0.0,1405,1404,0.6374069452285767,0.011763744056224823,0.008463541977107525,455.323315766,10992,0.28618311882019043,64.90746307373047,0.0,1.0,1.08034086227417,2158080,1746417625.2167122
30.79036521911621,0.0,1433,1432,0.6374069452285767,0.012134485878050327,0.009114583022892475,463.6829693,11216,0.27823692560195923,64.90746307373047,0.0,1.0,1.0840964317321777,2201088,1746417633.5763295
30.11979103088379,0.0,1442,1441,0.6374069452285767,0.011512456461787224,0.009114583022892475,466.368478345,11288,0.28815707564353943,64.90746307373047,0.0,1.0,1.0822991132736206,2214912,1746417636.261759
30.9765625,0.0,1445,1444,0.6374069452285767,0.015308493748307228,0.008463541977107525,467.259523115,11312,0.29029765725135803,64.90746307373047,0.0,1.0,1.0849940776824951,2219520,1746417637.1529226
28.6640625,0.02408854104578495,1448,1447,0.6374069452285767,0.015291202813386917,0.0078125,468.156248295,11336,0.29101473093032837,64.90746307373047,0.0,1.0,1.0853415727615356,2224128,1746417638.049627
30.12890625,0.0,1451,1450,0.6374069452285767,0.016018379479646683,0.0078125,469.04760317,11360,0.27819788455963135,64.90746307373047,0.0,1.0,1.0848643779754639,2228736,1746417638.940954
30.0546875,0.0,1452,1451,0.6374069452285767,0.012173274531960487,0.008463541977107525,469.344651099,11368,0.2839764952659607,64.90746307373047,0.0,1.0,1.085979700088501,2230272,1746417639.238033
28.328125,0.0,1467,1466,0.6374069452285767,0.020241834223270416,0.0078125,473.812291222,11488,0.25983065366744995,64.90746307373047,0.0,1.0,1.0806658267974854,2253312,1746417643.7055695
28.55729103088379,0.0,1468,1467,0.6374069452285767,0.022175457328557968,0.009114583022892475,474.108711685,11496,0.2305329591035843,64.90746307373047,0.0,1.0,1.0812087059020996,2254848,1746417644.0020583
29.85416603088379,0.0,1478,1477,0.6374069452285767,0.01572387106716633,0.0078125,477.096091288,11576,0.27368488907814026,64.90746307373047,0.0,1.0,1.0978134870529175,2270208,1746417646.9893773
30.68619728088379,0.0,1490,1489,0.6374069452285767,0.010870078578591347,0.009114583022892475,480.681079445,11672,0.2799765169620514,64.90746307373047,0.0,1.0,1.0943750143051147,2288640,1746417650.574438
29.09505271911621,0.0,1503,1502,0.6374069452285767,0.011052129790186882,0.0078125,484.565595415,11776,0.2838888466358185,64.90746307373047,0.0,1.0,1.096544623374939,2308608,1746417654.4588964
29.859375,0.0,1517,1516,0.6374069452285767,0.027012387290596962,0.0078125,488.729414254,11888,0.27902427315711975,64.90746307373047,0.0,1.0,1.0896918773651123,2330112,1746417658.6227984
29.79036521911621,0.0,1552,1551,0.6374069452285767,0.01250147819519043,0.0078125,499.185895613,12168,0.29081419110298157,64.90746307373047,0.0,1.0,1.0864925384521484,2383872,1746417669.0791786
30.12890625,0.0,1554,1553,0.6374069452285767,0.015395660884678364,0.008463541977107525,499.785202273,12184,0.2893628180027008,64.90746307373047,0.0,1.0,1.1008312702178955,2386944,1746417669.6784744
29.86197853088379,0.01822916604578495,1570,1569,0.6374069452285767,0.022991416975855827,0.0078125,504.560018957,12312,0.3137265145778656,64.90746307373047,0.0,1.0,1.1021167039871216,2411520,1746417674.45339
28.03775978088379,0.0,1572,1571,0.6374069452285767,0.01874728314578533,0.0078125,505.160040268,12328,0.2609730362892151,64.90746307373047,0.0,1.0,1.0884416103363037,2414592,1746417675.053337
30.77864646911621,0.0,1589,1588,0.6374069452285767,0.02412484586238861,0.0078125,510.232455341,12464,0.31359973549842834,64.90746307373047,0.0,1.0,1.0994279384613037,2440704,1746417680.1258545
30.8046875,0.02473958395421505,1602,1601,0.6374069452285767,0.026651082560420036,0.0078125,514.108029139,12568,0.3384470045566559,64.90746307373047,0.0,1.0,1.0949416160583496,2460672,1746417684.0013475
29.37630271911621,0.0,1625,1624,0.8700873255729675,0.024338945746421814,0.0078125,521.033431003,12752,0.28145307302474976,81.82625579833984,0.052123554050922394,1.0,1.079482078552246,2496000,1746417690.926788
30.38411521911621,0.0,1635,1634,0.8700873255729675,0.021273791790008545,0.0078125,524.024234153,12832,0.30340099334716797,81.82625579833984,0.052123554050922394,1.0,1.07513427734375,2511360,1746417693.9176466
30.32552146911621,0.02278645895421505,1639,1638,0.8700873255729675,0.020013533532619476,0.0078125,525.211781421,12864,0.32306763529777527,81.82625579833984,0.052123554050922394,1.0,1.0841045379638672,2517504,1746417695.1050434
30.67057228088379,0.0,1640,1639,0.8700873255729675,0.01876807026565075,0.008463541977107525,525.517639743,12872,0.2919391989707947,81.82625579833984,0.052123554050922394,1.0,1.07086181640625,2519040,1746417695.4109771
29.95442771911621,0.02278645895421505,1672,1671,0.8700873255729675,0.02689046785235405,0.008463541977107525,535.055114273,13128,0.3294226825237274,81.82625579833984,0.052123554050922394,1.0,1.0916763544082642,2568192,1746417704.9483995
28.40364646911621,0.02604166604578495,1682,1681,0.8700873255729675,0.03490655496716499,0.0078125,538.027125566,13208,0.303876668214798,81.82625579833984,0.052123554050922394,1.0,1.093841552734375,2583552,1746417707.9205153
27.96744728088379,0.0423177070915699,1700,1699,0.8700873255729675,0.020667489618062973,0.0078125,543.409711867,13352,0.3237820863723755,81.82625579833984,0.052123554050922394,1.0,1.0448005199432373,2611200,1746417713.3031
31.01692771911621,0.02669270895421505,1703,1702,0.8700873255729675,0.02886245772242546,0.0078125,544.301298811,13376,0.34600862860679626,81.82625579833984,0.052123554050922394,1.0,1.0577044486999512,2615808,1746417714.194654
30.33333396911621,0.0,1708,1707,0.8700873255729675,0.013338683173060417,0.0078125,545.794867879,13416,0.30223000049591064,81.82625579833984,0.052123554050922394,1.0,1.0657182931900024,2623488,1746417715.688171
30.35546875,0.0,1712,1711,0.8700873255729675,0.020235367119312286,0.0078125,546.985915911,13448,0.3071092963218689,81.82625579833984,0.052123554050922394,1.0,1.0746570825576782,2629632,1746417716.8791986
31.73697853088379,0.0,1719,1718,0.8700873255729675,0.017054792493581772,0.009114583022892475,549.067911668,13504,0.3127725124359131,81.82625579833984,0.052123554050922394,1.0,1.0730680227279663,2640384,1746417718.9612255
31.56380271911621,0.0,1723,1722,0.8700873255729675,0.014589224010705948,0.0078125,550.258293932,13536,0.32265186309814453,81.82625579833984,0.052123554050922394,1.0,1.0766793489456177,2646528,1746417720.151656
29.72265625,0.02604166604578495,1744,1743,0.8700873255729675,0.02675897628068924,0.0078125,556.535025319,13704,0.3306258022785187,81.82625579833984,0.052123554050922394,1.0,1.0941088199615479,2678784,1746417726.4283328
29.31510353088379,0.044921875,1749,1748,0.8700873255729675,0.01736476644873619,0.0078125,558.027519247,13744,0.3386249244213104,81.82625579833984,0.052123554050922394,1.0,1.087407112121582,2686464,1746417727.9208622
27.36849021911621,0.0,1770,1769,0.8700873255729675,0.02072323113679886,0.0078125,564.28964809,13912,0.25778812170028687,81.82625579833984,0.052123554050922394,1.0,1.1027920246124268,2718720,1746417734.1829524
30.25520896911621,0.0,1779,1778,0.8700873255729675,0.015452802181243896,0.0078125,566.965457502,13984,0.30768918991088867,81.82625579833984,0.052123554050922394,1.0,1.1260546445846558,2732544,1746417736.8588424
29.61588478088379,0.0,1794,1793,0.8700873255729675,0.04107954353094101,0.0078125,571.43840511,14104,0.29390448331832886,81.82625579833984,0.052123554050922394,1.0,1.1324232816696167,2755584,1746417741.3317966
31.13932228088379,0.0,1796,1795,0.8700873255729675,0.041986703872680664,0.0078125,572.033443549,14120,0.3258141875267029,81.82625579833984,0.052123554050922394,1.0,1.1207358837127686,2758656,1746417741.9267719
29.08854103088379,0.0,1808,1807,0.8700873255729675,0.03370621055364609,0.0078125,575.604562487,14216,0.27882805466651917,81.82625579833984,0.052123554050922394,1.0,1.137241005897522,2777088,1746417745.497954
30.85025978088379,0.0,1812,1811,0.8700873255729675,0.04681277647614479,0.008463541977107525,576.797698332,14248,0.3011336326599121,81.82625579833984,0.052123554050922394,1.0,1.1295952796936035,2783232,1746417746.6911001
30.77604103088379,0.0,1817,1816,0.8700873255729675,0.023424450308084488,0.0078125,578.291268633,14288,0.3139183223247528,81.82625579833984,0.052123554050922394,1.0,1.1268514394760132,2790912,1746417748.184611
27.95703125,0.0,1826,1825,0.8700873255729675,0.02665994130074978,0.0078125,580.970744802,14360,0.2755155563354492,81.82625579833984,0.052123554050922394,1.0,1.1385458707809448,2804736,1746417750.864131
30.35807228088379,0.0,1836,1835,0.8700873255729675,0.02741403505206108,0.0078125,583.957900261,14440,0.30792611837387085,81.82625579833984,0.052123554050922394,1.0,1.1494061946868896,2820096,1746417753.8512583
28.58854103088379,0.02083333395421505,1842,1841,0.8700873255729675,0.027726152911782265,0.0078125,585.753452932,14488,0.27971088886260986,81.82625579833984,0.052123554050922394,1.0,1.1570968627929688,2829312,1746417755.6468127
29.5625,0.021484375,1854,1853,0.8700873255729675,0.028932929039001465,0.0078125,589.333693921,14584,0.3164791166782379,81.82625579833984,0.052123554050922394,1.0,1.1647971868515015,2847744,1746417759.2270474
27.85416603088379,0.02669270895421505,1856,1855,0.8700873255729675,0.033097319304943085,0.0078125,589.933472894,14600,0.30014318227767944,81.82625579833984,0.052123554050922394,1.0,1.1588000059127808,2850816,1746417759.826779
29.08463478088379,0.046875,1886,1885,0.8700873255729675,0.05250781029462814,0.0078125,598.883114206,14840,0.32876211404800415,81.82625579833984,0.052123554050922394,1.0,1.184485673904419,2896896,1746417768.7764482
30.078125,0.0,1892,1891,0.8700873255729675,0.06654639542102814,0.008463541977107525,600.678644766,14888,0.3007872402667999,81.82625579833984,0.052123554050922394,1.0,1.18178129196167,2906112,1746417770.5719318
30.75130271911621,0.0,1900,1899,0.8700873255729675,0.04679201543331146,0.008463541977107525,603.053662718,14952,0.2987048029899597,81.82625579833984,0.052123554050922394,1.0,1.1807522773742676,2918400,1746417772.946948
28.21224021911621,0.0423177070915699,1904,1903,0.8700873255729675,0.057100504636764526,0.008463541977107525,604.242453345,14984,0.32970571517944336,81.82625579833984,0.052123554050922394,1.0,1.1765707731246948,2924544,1746417774.1357918
29.39974021911621,0.01822916604578495,1909,1908,0.8700873255729675,0.04651544243097305,0.0078125,605.734946254,15024,0.300283819437027,81.82625579833984,0.052123554050922394,1.0,1.1468641757965088,2932224,1746417775.6283445
28.89713478088379,0.02473958395421505,1910,1909,0.8700873255729675,0.05196727067232132,0.0078125,606.032134166,15032,0.3202890157699585,81.82625579833984,0.052123554050922394,1.0,1.1582489013671875,2933760,1746417775.92553
28.25390625,0.0774739608168602,1930,1929,0.8700873255729675,0.04445447772741318,0.0078125,612.0053833,15192,0.36580201983451843,81.82625579833984,0.052123554050922394,1.0,1.1489591598510742,2964480,1746417781.898748
29.51692771911621,0.0553385429084301,1959,1958,0.6552134156227112,0.0854697972536087,0.008463541977107525,620.699151898,15424,0.32525601983070374,68.98925018310547,0.016897082328796387,1.0,1.140006422996521,3009024,1746417790.5925179
31.36328125,0.0,1962,1961,0.6552134156227112,0.08000297844409943,0.0078125,621.594814747,15448,0.30290359258651733,68.98925018310547,0.016897082328796387,1.0,1.1636555194854736,3013632,1746417791.488162
30.08203125,0.0,1965,1964,0.6552134156227112,0.09547100961208344,0.009114583022892475,622.486335091,15472,0.28538453578948975,68.98925018310547,0.016897082328796387,1.0,1.1586201190948486,3018240,1746417792.3796382
29.29296875,0.0416666679084301,1973,1972,0.6552134156227112,0.0738925114274025,0.008463541977107525,624.874899871,15536,0.3272039592266083,68.98925018310547,0.016897082328796387,1.0,1.1202969551086426,3030528,1746417794.7682066
28.51432228088379,0.0,1981,1980,0.6552134156227112,0.07631361484527588,0.0078125,627.248698529,15600,0.2543298304080963,68.98925018310547,0.016897082328796387,1.0,1.1097108125686646,3042816,1746417797.1419942
26.72786521911621,0.0,1982,1981,0.6552134156227112,0.07145869731903076,0.0078125,627.545712993,15608,0.2447768598794937,68.98925018310547,0.016897082328796387,1.0,1.1256740093231201,3044352,1746417797.4391017
29.44140625,0.0,1998,1997,0.6552134156227112,0.09010545164346695,0.008463541977107525,632.329444403,15736,0.2734730541706085,68.98925018310547,0.016897082328796387,1.0,1.1205965280532837,3068928,1746417802.2228038
28.46614646911621,0.0,2020,2019,0.6552134156227112,0.08933835476636887,0.008463541977107525,638.900945213,15912,0.27923086285591125,68.98925018310547,0.016897082328796387,1.0,1.1070795059204102,3102720,1746417808.794252
27.30078125,0.0423177070915699,2027,2026,0.6552134156227112,0.08394435048103333,0.008463541977107525,640.991562045,15968,0.2969001531600952,68.98925018310547,0.016897082328796387,1.0,1.1138501167297363,3113472,1746417810.8849256
27.2421875,0.0,2055,2054,0.6552134156227112,0.112291619181633,0.0078125,649.356112438,16192,0.22876040637493134,68.98925018310547,0.016897082328796387,1.0,1.0816508531570435,3156480,1746417819.2494042
27.22265625,0.01822916604578495,2057,2056,0.6552134156227112,0.10931417346000671,0.0078125,649.950678672,16208,0.28253552317619324,68.98925018310547,0.016897082328796387,1.0,1.0706017017364502,3159552,1746417819.844082
27.85416603088379,0.02408854104578495,2077,2076,0.6552134156227112,0.10358525812625885,0.009765625,655.927335253,16368,0.27826470136642456,68.98925018310547,0.016897082328796387,1.0,1.068096399307251,3190272,1746417825.8206863
27.59244728088379,0.0,2094,2093,0.6552134156227112,0.11590518057346344,0.010416666977107525,661.011860977,16504,0.25257810950279236,68.98925018310547,0.016897082328796387,1.0,1.0427964925765991,3216384,1746417830.9051003
26.12369728088379,0.0716145858168602,2103,2102,0.6552134156227112,0.14101329445838928,0.0078125,663.69481884,16576,0.3193497657775879,68.98925018310547,0.016897082328796387,1.0,1.039827585220337,3230208,1746417833.5881178
30.41275978088379,0.05078125,2106,2105,0.6552134156227112,0.095545694231987,0.009765625,664.584729533,16600,0.33821433782577515,68.98925018310547,0.016897082328796387,1.0,1.0284035205841064,3234816,1746417834.4780807
29.69921875,0.02669270895421505,2114,2113,0.6552134156227112,0.11429344117641449,0.0078125,666.964590372,16664,0.30992963910102844,68.98925018310547,0.016897082328796387,1.0,1.0361125469207764,3247104,1746417836.8579125
30.34765625,0.025390625,2140,2139,0.6552134156227112,0.11101821064949036,0.0078125,674.731155343,16872,0.2906726896762848,68.98925018310547,0.016897082328796387,1.0,0.9934125542640686,3287040,1746417844.6244903
23.56119728088379,0.1028645858168602,2141,2140,0.6552134156227112,0.14046844840049744,0.009114583022892475,675.028322506,16880,0.3359157145023346,68.98925018310547,0.016897082328796387,1.0,0.9899647235870361,3288576,1746417844.9217098
27.40885353088379,0.048828125,2145,2144,0.6552134156227112,0.11249478161334991,0.0078125,676.222063689,16912,0.3090338110923767,68.98925018310547,0.016897082328796387,1.0,0.9494118690490723,3294720,1746417846.1154723
26.93619728088379,0.0,2146,2145,0.6552134156227112,0.10279472917318344,0.0078125,676.52530769,16920,0.24481940269470215,68.98925018310547,0.016897082328796387,1.0,0.9497771263122559,3296256,1746417846.418585
27.93099021911621,0.02083333395421505,2155,2154,0.6552134156227112,0.12420617789030075,0.008463541977107525,679.211679261,16992,0.2767569124698639,68.98925018310547,0.016897082328796387,1.0,0.9345453381538391,3310080,1746417849.1050773
26.35416603088379,0.0657552108168602,2176,2175,0.6552134156227112,0.09305725991725922,0.009114583022892475,685.489707226,17160,0.30220481753349304,68.98925018310547,0.016897082328796387,1.0,0.8904663324356079,3342336,1746417855.3830805
25.54036521911621,0.0442708320915699,2187,2186,0.6552134156227112,0.08811196684837341,0.0078125,688.775170018,17248,0.2867569029331207,68.98925018310547,0.016897082328796387,1.0,0.8767188191413879,3359232,1746417858.6685317
26.9453125,0.0944010391831398,2207,2206,0.6552134156227112,0.10953781008720398,0.008463541977107525,694.74090041,17408,0.349483460187912,68.98925018310547,0.016897082328796387,1.0,0.8891463279724121,3389952,1746417864.6342456
29.00911521911621,0.0481770820915699,2209,2208,0.6552134156227112,0.10380162298679352,0.0078125,695.334857473,17424,0.3338080942630768,68.98925018310547,0.016897082328796387,1.0,0.869653582572937,3393024,1746417865.2282834
27.94010353088379,0.0,2232,2231,0.6552134156227112,0.11325167119503021,0.0078125,702.202004503,17608,0.2537907660007477,68.98925018310547,0.016897082328796387,1.0,0.9218226075172424,3428352,1746417872.0953546
27.82291603088379,0.0,2233,2232,0.6552134156227112,0.13833336532115936,0.0078125,702.499400858,17616,0.25159111618995667,68.98925018310547,0.016897082328796387,1.0,0.9203822612762451,3429888,1746417872.3927562
26.39322853088379,0.0696614608168602,2284,2283,1.261240005493164,0.1128021776676178,0.0078125,717.765024024,18024,0.32998430728912354,90.36295318603516,0.35916826128959656,1.0,0.8478813171386719,3508224,1746417887.6584182
24.2890625,0.0696614608168602,2288,2287,1.261240005493164,0.12684446573257446,0.0078125,718.960587569,18056,0.3055780827999115,90.36295318603516,0.35916826128959656,1.0,0.8686752915382385,3514368,1746417888.8539848
24.16145896911621,0.080078125,2291,2290,1.261240005493164,0.12502038478851318,0.0078125,719.850669496,18080,0.3099895417690277,90.36295318603516,0.35916826128959656,1.0,0.8540312051773071,3518976,1746417889.7440526
25.26302146911621,0.1412760466337204,2313,2312,1.261240005493164,0.15056860446929932,0.008463541977107525,726.427220174,18256,0.39251816272735596,90.36295318603516,0.35916826128959656,1.0,0.8545334339141846,3552768,1746417896.320616
28.22005271911621,0.080078125,2329,2328,1.261240005493164,0.14999864995479584,0.0078125,731.19938153,18384,0.3485294580459595,90.36295318603516,0.35916826128959656,1.0,0.8395771980285645,3577344,1746417901.092708
25.56510353088379,0.1263020783662796,2333,2332,1.261240005493164,0.14015701413154602,0.0078125,732.388676734,18416,0.3795572519302368,90.36295318603516,0.35916826128959656,1.0,0.8448405265808105,3583488,1746417902.2820265
25.58333396911621,0.1653645783662796,2342,2341,1.261240005493164,0.14297747611999512,0.0078125,735.07491347,18488,0.42531850934028625,90.36295318603516,0.35916826128959656,1.0,0.8407829999923706,3597312,1746417904.9681797
26.62239646911621,0.1380208283662796,2349,2348,1.261240005493164,0.14610622823238373,0.0078125,737.152985386,18544,0.41759368777275085,90.36295318603516,0.35916826128959656,1.0,0.8504492044448853,3608064,1746417907.0463939
24.91536521911621,0.11328125,2354,2353,1.261240005493164,0.13954311609268188,0.0078125,738.639063357,18584,0.3592664301395416,90.36295318603516,0.35916826128959656,1.0,0.8414289951324463,3615744,1746417908.5323868
24.30859375,0.1002604141831398,2372,2371,1.261240005493164,0.16460168361663818,0.0078125,743.993411272,18728,0.3399391770362854,90.36295318603516,0.35916826128959656,1.0,0.8242901563644409,3643392,1746417913.8867464
26.0234375,0.0774739608168602,2374,2373,1.261240005493164,0.17626993358135223,0.0078125,744.586458296,18744,0.3320581018924713,90.36295318603516,0.35916826128959656,1.0,0.8077982664108276,3646464,1746417914.4798298
24.81380271911621,0.13671875,2379,2378,1.261240005493164,0.17897742986679077,0.0078125,746.075284448,18784,0.3719452917575836,90.36295318603516,0.35916826128959656,1.0,0.8209459781646729,3654144,1746417915.968609
25.6796875,0.072265625,2390,2389,1.261240005493164,0.17001831531524658,0.0078125,749.354065549,18872,0.31771957874298096,90.36295318603516,0.35916826128959656,1.0,0.8315171599388123,3671040,1746417919.2474058
27.85416603088379,0.2259114533662796,2397,2396,1.261240005493164,0.1632958948612213,0.0078125,751.452544191,18928,0.5383550524711609,90.36295318603516,0.35916826128959656,1.0,0.8366810083389282,3681792,1746417921.3458927
24.47916603088379,0.1360677033662796,2415,2414,1.261240005493164,0.19622808694839478,0.0078125,756.822853275,19072,0.37770652770996094,90.36295318603516,0.35916826128959656,1.0,0.8122324347496033,3709440,1746417926.7161772
25.96224021911621,0.1640625,2416,2415,1.261240005493164,0.14119313657283783,0.0078125,757.119791445,19080,0.43114230036735535,90.36295318603516,0.35916826128959656,1.0,0.8185899257659912,3710976,1746417927.0131266
24.7421875,0.1712239533662796,2419,2418,1.261240005493164,0.1666710078716278,0.0078125,758.018685547,19104,0.4183541536331177,90.36295318603516,0.35916826128959656,1.0,0.8168517351150513,3715584,1746417927.9120204
26.26432228088379,0.2024739533662796,2450,2449,1.261240005493164,0.1635606586933136,0.0078125,767.252233281,19352,0.4780389964580536,90.36295318603516,0.35916826128959656,1.0,0.8010995984077454,3763200,1746417937.1456218
25.83984375,0.1477864533662796,2496,2495,1.261240005493164,0.16633816063404083,0.0078125,780.946233619,19720,0.4039687216281891,90.36295318603516,0.35916826128959656,1.0,0.8393535614013672,3833856,1746417950.8395994
26.0390625,0.0768229141831398,2499,2498,1.261240005493164,0.21811321377754211,0.0078125,781.843487763,19744,0.3264461159706116,90.36295318603516,0.35916826128959656,1.0,0.8475440740585327,3838464,1746417951.7368305
25.609375,0.201171875,2501,2500,1.261240005493164,0.17336471378803253,0.0078125,782.438073323,19760,0.4749009907245636,90.36295318603516,0.35916826128959656,1.0,0.8550631403923035,3841536,1746417952.3314505
24.61588478088379,0.1490885466337204,2512,2511,1.261240005493164,0.16396278142929077,0.0078125,785.729654312,19848,0.4008246064186096,90.36295318603516,0.35916826128959656,1.0,0.8286718726158142,3858432,1746417955.6229117
26.95052146911621,0.1875,2523,2522,1.261240005493164,0.16903620958328247,0.0078125,789.005049236,19936,0.4649243950843811,90.36295318603516,0.35916826128959656,1.0,0.8406837582588196,3875328,1746417958.8983312
25.359375,0.123046875,2536,2535,1.261240005493164,0.1631506383419037,0.0078125,792.877595958,20040,0.37295570969581604,90.36295318603516,0.35916826128959656,1.0,0.8282414674758911,3895296,1746417962.7709982
28.16927146911621,0.1555989533662796,2552,2551,1.261240005493164,0.17058442533016205,0.0078125,797.653496796,20168,0.4362577497959137,90.36295318603516,0.35916826128959656,1.0,0.8512473106384277,3919872,1746417967.5467849
26.46224021911621,0.1751302033662796,2602,2601,1.6595596075057983,0.18041227757930756,0.0078125,812.608803882,20568,0.4452682137489319,91.2109375,0.701171875,1.0,0.8539811372756958,3996672,1746417982.502103
25.34635353088379,0.1236979141831398,2619,2618,1.6595596075057983,0.2592686414718628,0.0078125,817.695778171,20704,0.3765937089920044,91.2109375,0.701171875,1.0,0.8795756101608276,4022784,1746417987.5891867
24.79947853088379,0.1458333283662796,2629,2628,1.6595596075057983,0.18480606377124786,0.0078125,820.676092695,20784,0.38401731848716736,91.2109375,0.701171875,1.0,0.8555226922035217,4038144,1746417990.569448
28.33072853088379,0.1927083283662796,2652,2651,1.6595596075057983,0.16653300821781158,0.0078125,827.544668774,20968,0.4966718256473541,91.2109375,0.701171875,1.0,0.8464015126228333,4073472,1746417997.4379284
26.53255271911621,0.2259114533662796,2657,2656,1.6595596075057983,0.18130874633789062,0.0078125,829.031974715,21008,0.5060572028160095,91.2109375,0.701171875,1.0,0.8394005298614502,4081152,1746417998.925295
26.62109375,0.1516927033662796,2708,2707,1.6595596075057983,0.17775341868400574,0.0078125,844.242521746,21416,0.41430288553237915,91.2109375,0.701171875,1.0,0.8800317049026489,4159488,1746418014.135912
25.73307228088379,0.1920572966337204,2712,2711,1.6595596075057983,0.17779409885406494,0.0078125,845.43790992,21448,0.454000860452652,91.2109375,0.701171875,1.0,0.8972307443618774,4165632,1746418015.3313196
25.99349021911621,0.1549479216337204,2715,2714,1.6595596075057983,0.2194899022579193,0.0078125,846.33692451,21472,0.4217030704021454,91.2109375,0.701171875,1.0,0.8973199129104614,4170240,1746418016.2303355
27.36588478088379,0.2194010466337204,2746,2745,1.6595596075057983,0.19724436104297638,0.0078125,855.592656217,21720,0.5162256360054016,91.2109375,0.701171875,1.0,0.9242889881134033,4217856,1746418025.4860232
26.32161521911621,0.1471354216337204,2750,2749,1.6595596075057983,0.18294958770275116,0.0078125,856.78791181,21752,0.4098784029483795,91.2109375,0.701171875,1.0,0.8934527635574341,4224000,1746418026.6812503
25.20963478088379,0.2141927033662796,2763,2762,1.6595596075057983,0.20748864114284515,0.0078125,860.665607057,21856,0.477020800113678,91.2109375,0.701171875,1.0,0.9481409192085266,4243968,1746418030.5588772
25.5703125,0.19140625,2768,2767,1.6595596075057983,0.2020266056060791,0.0078125,862.153511729,21896,0.4517916142940521,91.2109375,0.701171875,1.0,0.9498323202133179,4251648,1746418032.0468392
26.13150978088379,0.1321614533662796,2771,2770,1.6595596075057983,0.22251926362514496,0.0078125,863.043754099,21920,0.38435670733451843,91.2109375,0.701171875,1.0,0.9476304054260254,4256256,1746418032.936904
25.48828125,0.169921875,2792,2791,1.6595596075057983,0.2052859365940094,0.0078125,869.306253961,22088,0.432921826839447,91.2109375,0.701171875,1.0,0.947932243347168,4288512,1746418039.1995318
26.13150978088379,0.23046875,2794,2793,1.6595596075057983,0.2003415822982788,0.0078125,869.900686828,22104,0.508770763874054,91.2109375,0.701171875,1.0,0.9519388675689697,4291584,1746418039.7940567
24.53125,0.1282552033662796,2796,2795,1.6595596075057983,0.21046459674835205,0.0078125,870.499790278,22120,0.37320655584335327,91.2109375,0.701171875,1.0,0.9561824798583984,4294656,1746418040.3931217
25.05599021911621,0.18359375,2805,2804,1.6595596075057983,0.21156856417655945,0.0078125,873.176417071,22192,0.4426978826522827,91.2109375,0.701171875,1.0,0.9353170394897461,4308480,1746418043.0697253
24.734375,0.15234375,2814,2813,1.6595596075057983,0.1924343705177307,0.0078125,875.862024769,22264,0.40339231491088867,91.2109375,0.701171875,1.0,0.9462764263153076,4322304,1746418045.755405
25.23046875,0.2135416716337204,2834,2833,1.6595596075057983,0.17467118799686432,0.0078125,881.841646977,22424,0.4788784384727478,91.2109375,0.701171875,1.0,0.9296211004257202,4353024,1746418051.7349937
26.27213478088379,0.21875,2855,2854,1.6595596075057983,0.1471286118030548,0.0078125,888.104934522,22592,0.4978359043598175,91.2109375,0.701171875,1.0,0.9487357139587402,4385280,1746418057.998283
24.23177146911621,0.09765625,2858,2857,1.6595596075057983,0.16860142350196838,0.0078125,889.000316904,22616,0.3293072283267975,91.2109375,0.701171875,1.0,0.9610799551010132,4389888,1746418058.8935864
26.84635353088379,0.1966145783662796,2865,2864,1.6595596075057983,0.17776773869991302,0.0078125,891.093958213,22672,0.47041836380958557,91.2109375,0.701171875,1.0,0.9562720656394958,4400640,1746418060.987219
25.27734375,0.21484375,2872,2871,1.6595596075057983,0.2536803185939789,0.0078125,893.187146768,22728,0.48204246163368225,91.2109375,0.701171875,1.0,0.9644036293029785,4411392,1746418063.080427
24.21484375,0.1803385466337204,2898,2897,1.6595596075057983,0.17998604476451874,0.0078125,900.923840215,22936,0.4272013306617737,91.2109375,0.701171875,1.0,0.9866474270820618,4451328,1746418070.8171198
26.56770896911621,0.1959635466337204,2915,2914,1.6595596075057983,0.21677839756011963,0.0078125,906.008121339,23072,0.46211889386177063,91.2109375,0.701171875,1.0,0.9334335327148438,4477440,1746418075.9014025
25.41145896911621,0.216796875,2920,2919,1.6595596075057983,0.31617188453674316,0.0078125,907.49991714,23112,0.48619091510772705,91.2109375,0.701171875,1.0,0.9562103152275085,4485120,1746418077.393238
26.34505271911621,0.1744791716337204,2935,2934,1.7555516958236694,0.1586911529302597,0.0078125,912.033100113,23232,0.448095440864563,91.322265625,0.779296875,1.0,0.9630051255226135,4508160,1746418081.9264696
25.77994728088379,0.1490885466337204,2957,2956,1.7555516958236694,0.1738472282886505,0.0078125,918.583946779,23408,0.406349778175354,91.322265625,0.779296875,1.0,0.9795100092887878,4541952,1746418088.4773502
26.35677146911621,0.2252604216337204,2960,2959,1.7555516958236694,0.15666666626930237,0.0078125,919.473832829,23432,0.4982759654521942,91.322265625,0.779296875,1.0,0.9860996007919312,4546560,1746418089.3672059
27.02864646911621,0.2102864533662796,2973,2972,1.7555516958236694,0.20215213298797607,0.0078125,923.347816305,23536,0.491206556558609,91.322265625,0.779296875,1.0,0.992613673210144,4566528,1746418093.2410736
25.31380271911621,0.173828125,2977,2976,1.7555516958236694,0.16561917960643768,0.0078125,924.539163818,23568,0.4386136829853058,91.322265625,0.779296875,1.0,0.9970986843109131,4572672,1746418094.432475
25.65755271911621,0.2213541716337204,2979,2978,1.7555516958236694,0.20104144513607025,0.0078125,925.133619448,23584,0.49467357993125916,91.322265625,0.779296875,1.0,0.9830385446548462,4575744,1746418095.027004
25.9375,0.2630208432674408,2986,2985,1.7555516958236694,0.1980191022157669,0.0078125,927.217548672,23640,0.5437846779823303,91.322265625,0.779296875,1.0,0.9921082854270935,4586496,1746418097.1109586
24.4296875,0.1165364608168602,3017,3016,1.7555516958236694,0.17453499138355255,0.0078125,936.464055684,23888,0.35423433780670166,91.322265625,0.779296875,1.0,1.0151026248931885,4634112,1746418106.3573983
25.5234375,0.169921875,3020,3019,1.7555516958236694,0.27894335985183716,0.0078125,937.356459941,23912,0.42835065722465515,91.322265625,0.779296875,1.0,1.003650426864624,4638720,1746418107.24976
26.33333396911621,0.203125,3037,3036,1.7555516958236694,0.12553134560585022,0.0078125,942.431465895,24048,0.4741414487361908,91.322265625,0.779296875,1.0,0.9933904409408569,4664832,1746418112.324881
26.55208396911621,0.2233072966337204,3067,3066,1.7555516958236694,0.1457931399345398,0.0078125,951.395835156,24288,0.5045459866523743,91.322265625,0.779296875,1.0,0.9945065975189209,4710912,1746418121.2892225
25.59895896911621,0.1770833283662796,3071,3070,1.7555516958236694,0.13880085945129395,0.0078125,952.589889572,24320,0.4356492757797241,91.322265625,0.779296875,1.0,0.9856290817260742,4717056,1746418122.483211
24.88671875,0.146484375,3086,3085,1.7555516958236694,0.1432611346244812,0.0078125,957.05095522,24440,0.39287927746772766,91.322265625,0.779296875,1.0,0.9824188947677612,4740096,1746418126.94426
25.73828125,0.2220052033662796,3089,3088,1.7555516958236694,0.15412744879722595,0.0078125,957.942066534,24464,0.4915277063846588,91.322265625,0.779296875,1.0,1.0235614776611328,4744704,1746418127.835471
26.65625,0.15625,3101,3100,1.7555516958236694,0.2231806218624115,0.0078125,961.52164609,24560,0.43141311407089233,91.322265625,0.779296875,1.0,1.0105454921722412,4763136,1746418131.414908
26.109375,0.095703125,3117,3116,1.7555516958236694,0.17934441566467285,0.0078125,966.285578835,24688,0.34356334805488586,91.322265625,0.779296875,1.0,0.999191403388977,4787712,1746418136.178947
25.44661521911621,0.16796875,3121,3120,1.7555516958236694,0.18066401779651642,0.0078125,967.478609236,24720,0.4257551431655884,91.322265625,0.779296875,1.0,1.0143544673919678,4793856,1746418137.3719714
27.28125,0.1731770783662796,3128,3127,1.7555516958236694,0.17180830240249634,0.0078125,969.570409268,24776,0.43818917870521545,91.322265625,0.779296875,1.0,1.0039498805999756,4804608,1746418139.4637668
25.68229103088379,0.1940104216337204,3142,3141,1.7555516958236694,0.12316188216209412,0.0078125,973.751713594,24888,0.46038538217544556,91.322265625,0.779296875,1.0,1.000963568687439,4826112,1746418143.6450598
25.9140625,0.2799479067325592,3163,3162,1.7555516958236694,0.12409356236457825,0.0078125,980.01318605,25056,0.5598957538604736,91.322265625,0.779296875,1.0,1.0395398139953613,4858368,1746418149.9064512
25.12890625,0.2330729216337204,3164,3163,1.7555516958236694,0.13019299507141113,0.0078125,980.312061197,25064,0.49893394112586975,91.322265625,0.779296875,1.0,1.018510103225708,4859904,1746418150.2053761
27.54166603088379,0.30859375,3171,3170,1.7555516958236694,0.14004752039909363,0.0078125,982.390344105,25120,0.6171873807907104,91.322265625,0.779296875,1.0,1.0281121730804443,4870656,1746418152.283717
26.6484375,0.275390625,3186,3185,1.7555516958236694,0.12215593457221985,0.0078125,986.860175251,25240,0.5688402652740479,91.322265625,0.779296875,1.0,1.0117478370666504,4893696,1746418156.7534914
26.81770896911621,0.2415364533662796,3196,3195,1.7555516958236694,0.1278497576713562,0.0078125,989.846939555,25320,0.5371111035346985,91.322265625,0.779296875,1.0,1.008692979812622,4909056,1746418159.7402477
26.29817771911621,0.1282552033662796,3203,3202,1.7555516958236694,0.13928046822547913,0.0078125,991.937560209,25376,0.3963185250759125,91.322265625,0.779296875,1.0,1.0113019943237305,4919808,1746418161.8308222
26.20052146911621,0.16796875,3223,3222,1.7555516958236694,0.13152293860912323,0.0078125,997.899293446,25536,0.4350181818008423,91.322265625,0.779296875,1.0,0.990404486656189,4950528,1746418167.7926793
26.33072853088379,0.2688802182674408,3231,3230,1.7555516958236694,0.12449769675731659,0.0078125,1000.283477002,25600,0.5542395710945129,91.322265625,0.779296875,1.0,0.9876953363418579,4962816,1746418170.1768608
26.49609375,0.1549479216337204,3242,3241,1.7555516958236694,0.1196025013923645,0.0078125,1003.574075059,25688,0.4278419613838196,91.322265625,0.779296875,1.0,0.9804773330688477,4979712,1746418173.4674728
26.1640625,0.2005208283662796,3249,3248,1.7555516958236694,0.1393650621175766,0.0078125,1005.657404169,25744,0.47055551409721375,91.322265625,0.779296875,1.0,0.9859254360198975,4990464,1746418175.5506625
25.55338478088379,0.2565104067325592,3258,3257,1.789968490600586,0.12224144488573074,0.0078125,1008.402810433,25816,0.5291840434074402,90.447265625,0.80859375,1.0,0.9935197234153748,5004288,1746418178.296141
27.82421875,0.2610677182674408,3273,3272,1.789968490600586,0.1060125082731247,0.0078125,1012.872397077,25936,0.5667256116867065,90.447265625,0.80859375,1.0,1.033254623413086,5027328,1746418182.7656817
25.79296875,0.2063802033662796,3285,3284,1.789968490600586,0.13199399411678314,0.0078125,1016.451296297,26032,0.48246872425079346,90.447265625,0.80859375,1.0,0.9892578125,5045760,1746418186.344696
27.01692771911621,0.2819010317325592,3334,3333,1.789968490600586,0.12830562889575958,0.0078125,1031.064413716,26424,0.5815451145172119,90.447265625,0.80859375,1.0,1.0101927518844604,5121024,1746418200.9577966
25.4140625,0.234375,3353,3352,1.789968490600586,0.12103483080863953,0.0078125,1036.748015741,26576,0.5031179785728455,90.447265625,0.80859375,1.0,1.0335984230041504,5150208,1746418206.6412952
26.81640625,0.224609375,3366,3365,1.789968490600586,0.1437249481678009,0.0078125,1040.618754598,26680,0.5090815424919128,90.447265625,0.80859375,1.0,1.0196863412857056,5170176,1746418210.5121338
27.87760353088379,0.05859375,3377,3376,1.789968490600586,0.15127921104431152,0.009765625,1043.899972887,26768,0.3161683678627014,90.447265625,0.80859375,1.0,1.0302503108978271,5187072,1746418213.793274
26.55729103088379,0.18359375,3384,3383,1.789968490600586,0.16611868143081665,0.0078125,1045.991140474,26824,0.45709890127182007,90.447265625,0.80859375,1.0,1.05372154712677,5197824,1746418215.8844395
26.59114646911621,0.1979166716337204,3392,3391,1.789968490600586,0.12168724089860916,0.0078125,1048.379389009,26888,0.4817846715450287,90.447265625,0.80859375,1.0,1.032117486000061,5210112,1746418218.2727358
28.19661521911621,0.271484375,3394,3393,1.789968490600586,0.11123678088188171,0.0078125,1048.977980741,26904,0.5835728049278259,90.447265625,0.80859375,1.0,1.032433032989502,5213184,1746418218.8712614
27.09244728088379,0.1666666716337204,3412,3411,1.789968490600586,0.12632876634597778,0.0078125,1054.342440606,27048,0.4552699327468872,90.447265625,0.80859375,1.0,1.017295002937317,5240832,1746418224.235729
26.1796875,0.1764322966337204,3427,3426,1.789968490600586,0.19520610570907593,0.0078125,1058.825931033,27168,0.4413306415081024,90.447265625,0.80859375,1.0,0.9900071620941162,5263872,1746418228.7192285
25.67578125,0.0983072891831398,3432,3431,1.789968490600586,0.11463417112827301,0.0078125,1060.311835405,27208,0.3457360863685608,90.447265625,0.80859375,1.0,0.9917600750923157,5271552,1746418230.2052345
25.98307228088379,0.2630208432674408,3439,3438,1.789968490600586,0.1610645055770874,0.0078125,1062.393441912,27264,0.5428367257118225,90.447265625,0.80859375,1.0,1.0138064622879028,5282304,1746418232.2868142
27.26171875,0.2532552182674408,3444,3443,1.789968490600586,0.14896619319915771,0.0078125,1063.887884402,27304,0.5420849919319153,90.447265625,0.80859375,1.0,0.9890902042388916,5289984,1746418233.7811737
26.55338478088379,0.126953125,3468,3467,1.789968490600586,0.1368175894021988,0.0078125,1071.054398916,27496,0.3951943814754486,90.447265625,0.80859375,1.0,0.9942739009857178,5326848,1746418240.9477851
26.72395896911621,0.1764322966337204,3484,3483,1.789968490600586,0.1193307489156723,0.0078125,1075.84657428,27624,0.45382633805274963,90.447265625,0.80859375,1.0,0.9934207201004028,5351424,1746418245.7399008
26.82291603088379,0.17578125,3486,3485,1.789968490600586,0.10725294053554535,0.0078125,1076.441906156,27640,0.4517403841018677,90.447265625,0.80859375,1.0,1.0298864841461182,5354496,1746418246.3353126
26.3203125,0.1946614533662796,3503,3502,1.789968490600586,0.12467238306999207,0.0078125,1081.514616754,27776,0.4682464599609375,90.447265625,0.80859375,1.0,0.991873025894165,5380608,1746418251.4078994
25.17578125,0.154296875,3534,3533,1.789968490600586,0.19967922568321228,0.0078125,1090.767621099,28024,0.4135251045227051,90.447265625,0.80859375,1.0,1.0033268928527832,5428224,1746418260.6608846
26.6953125,0.2552083432674408,3538,3537,1.789968490600586,0.12724818289279938,0.0078125,1091.961343568,28056,0.546753466129303,90.447265625,0.80859375,1.0,1.0163516998291016,5434368,1746418261.8546214
25.71875,0.2578125,3554,3553,1.789968490600586,0.12558409571647644,0.0078125,1096.731056812,28184,0.533367931842804,90.447265625,0.80859375,1.0,1.0000500679016113,5458944,1746418266.6244571
26.53515625,0.2005208283662796,3555,3554,1.789968490600586,0.17395004630088806,0.0078125,1097.028226738,28192,0.47538885474205017,90.447265625,0.80859375,1.0,0.9984060525894165,5460480,1746418266.9216306
26.18880271911621,0.189453125,3565,3564,1.789968490600586,0.11843791604042053,0.0078125,1100.0157152,28272,0.4650832712650299,90.447265625,0.80859375,1.0,1.033877968788147,5475840,1746418269.9091065
25.91275978088379,0.2376302033662796,3571,3570,1.789968490600586,0.12635445594787598,0.0078125,1101.807367961,28320,0.5090025663375854,90.447265625,0.80859375,1.0,1.0087604522705078,5485056,1746418271.7006981
26.8984375,0.2526041567325592,3631,3630,1.8842158317565918,0.1434820592403412,0.0078125,1119.743122467,28800,0.5443723797798157,90.177734375,0.89453125,1.0,1.0004098415374756,5577216,1746418289.636404
26.2421875,0.2272135466337204,3632,3631,1.8842158317565918,0.10579269379377365,0.0078125,1120.040715052,28808,0.5073766708374023,90.177734375,0.89453125,1.0,0.9679063558578491,5578752,1746418289.9340305
25.546875,0.2194010466337204,3635,3634,1.8842158317565918,0.15755002200603485,0.0078125,1120.93806479,28832,0.48884719610214233,90.177734375,0.89453125,1.0,0.97138512134552,5583360,1746418290.831425
27.38411521911621,0.2571614682674408,3654,3653,1.8842158317565918,0.1176103949546814,0.0078125,1126.60656257,28984,0.5604200959205627,90.177734375,0.89453125,1.0,0.9824254512786865,5612544,1746418296.4999163
25.6484375,0.2213541716337204,3660,3659,1.8842158317565918,0.1088167130947113,0.0078125,1128.396998171,29032,0.4959374666213989,90.177734375,0.89453125,1.0,0.983734130859375,5621760,1746418298.2902873
25.2578125,0.1796875,3666,3665,1.8842158317565918,0.11173710227012634,0.0078125,1130.187236739,29080,0.4460242688655853,90.177734375,0.89453125,1.0,0.9959394931793213,5630976,1746418300.0806036
24.85677146911621,0.1888020783662796,3675,3674,1.8842158317565918,0.09575800597667694,0.0078125,1132.86803301,29152,0.445562481880188,90.177734375,0.89453125,1.0,0.9884178638458252,5644800,1746418302.761396
26.37239646911621,0.2233072966337204,3678,3677,1.8842158317565918,0.08668024092912674,0.0078125,1133.761057231,29176,0.5049704313278198,90.177734375,0.89453125,1.0,1.023228406906128,5649408,1746418303.6543212
26.88411521911621,0.1393229216337204,3698,3697,1.8842158317565918,0.12087951600551605,0.0078125,1139.715177928,29336,0.395548552274704,90.177734375,0.89453125,1.0,0.9908835887908936,5680128,1746418309.6085293
27.40755271911621,0.20703125,3699,3698,1.8842158317565918,0.11777377128601074,0.0078125,1140.013121754,29344,0.49521350860595703,90.177734375,0.89453125,1.0,0.9822613000869751,5681664,1746418309.9065018
26.19140625,0.2311197966337204,3734,3733,1.8842158317565918,0.10944560915231705,0.0078125,1150.465953929,29624,0.5154687166213989,90.177734375,0.89453125,1.0,1.040543556213379,5735424,1746418320.3593152
25.71614646911621,0.2213541716337204,3738,3737,1.8842158317565918,0.11102478951215744,0.0078125,1151.655564051,29656,0.4943254888057709,90.177734375,0.89453125,1.0,1.0260335206985474,5741568,1746418321.5476694
27.375,0.1529947966337204,3789,3788,1.8842158317565918,0.137200728058815,0.0078125,1166.863661377,30064,0.4398662745952606,90.177734375,0.89453125,1.0,1.014380693435669,5819904,1746418336.7570193
26.11197853088379,0.1725260466337204,3800,3799,1.8842158317565918,0.12226677685976028,0.0078125,1170.14392461,30152,0.44629159569740295,90.177734375,0.89453125,1.0,0.9757587909698486,5836800,1746418340.0372818
25.21744728088379,0.1822916716337204,3812,3811,1.8842158317565918,0.16908971965312958,0.0078125,1173.723571328,30248,0.44234806299209595,90.177734375,0.89453125,1.0,0.9739056825637817,5855232,1746418343.6169605
27.27734375,0.255859375,3817,3816,1.8842158317565918,0.15756985545158386,0.0078125,1175.217418333,30288,0.5466457605361938,90.177734375,0.89453125,1.0,0.9957274794578552,5862912,1746418345.11075
27.36849021911621,0.26953125,3829,3828,1.8842158317565918,0.11125267297029495,0.0078125,1178.808333216,30384,0.5758176445960999,90.177734375,0.89453125,1.0,0.9979522228240967,5881344,1746418348.7015557
25.85677146911621,0.21875,3893,3892,1.8842158317565918,0.15389129519462585,0.0078125,1197.932242272,30896,0.4967482388019562,90.177734375,0.89453125,1.0,1.001004934310913,5979648,1746418367.8254945
28.203125,0.2408854216337204,3895,3894,1.8842158317565918,0.12366043031215668,0.0078125,1198.524898429,30912,0.5486510396003723,90.177734375,0.89453125,1.0,1.0032539367675781,5982720,1746418368.418243
27.36458396911621,0.1497395783662796,3898,3897,1.8842158317565918,0.14121678471565247,0.0078125,1199.417760284,30936,0.4355737268924713,90.177734375,0.89453125,1.0,0.9857968091964722,5987328,1746418369.3109994
27.0546875,0.2819010317325592,3916,3915,1.8838304281234741,0.12316672503948212,0.0078125,1204.859101245,31080,0.5742533802986145,89.92578125,0.89453125,1.0,1.0248291492462158,6014976,1746418374.752165
26.22265625,0.1927083283662796,3919,3918,1.8838304281234741,0.131314218044281,0.0078125,1205.753073999,31104,0.46028900146484375,89.92578125,0.89453125,1.0,1.0123238563537598,6019584,1746418375.6462893
26.43359375,0.2884114682674408,3922,3921,1.8838304281234741,0.12509043514728546,0.0078125,1206.668977207,31128,0.576822817325592,89.92578125,0.89453125,1.0,1.010953426361084,6024192,1746418376.5622113
25.60025978088379,0.2727864682674408,3925,3924,1.8838304281234741,0.1409527212381363,0.0078125,1207.565839058,31152,0.545572817325592,89.92578125,0.89453125,1.0,0.9844101071357727,6028800,1746418377.4590309
27.203125,0.2845052182674408,3939,3938,1.8838304281234741,0.1350313127040863,0.0078125,1211.741995732,31264,0.5858054757118225,89.92578125,0.89453125,1.0,1.0355181694030762,6050304,1746418381.6351888
26.02213478088379,0.2630208432674408,3965,3964,1.8838304281234741,0.12157571315765381,0.0078125,1219.495883576,31472,0.5431526899337769,89.92578125,0.89453125,1.0,1.0621205568313599,6090240,1746418389.3891003
25.53385353088379,0.25390625,3968,3967,1.8838304281234741,0.13156308233737946,0.0078125,1220.391125056,31496,0.5252395272254944,89.92578125,0.89453125,1.0,1.0782630443572998,6094848,1746418390.2844255
26.41275978088379,0.2532552182674408,3984,3983,1.8838304281234741,0.13165368139743805,0.0078125,1225.176502908,31624,0.5426284074783325,89.92578125,0.89453125,1.0,1.050068736076355,6119424,1746418395.0697784
25.94400978088379,0.2076822966337204,4001,4000,1.8838304281234741,0.15130630135536194,0.0078125,1230.251876542,31760,0.48805373907089233,89.92578125,0.89453125,1.0,1.0372902154922485,6145536,1746418400.144953
27.34114646911621,0.2454427033662796,4008,4007,1.8838304281234741,0.16297556459903717,0.0078125,1232.34325375,31816,0.5304895639419556,89.92578125,0.89453125,1.0,1.0364800691604614,6156288,1746418402.2364578
25.03125,0.2076822966337204,4015,4014,1.8838304281234741,0.11797083914279938,0.0078125,1234.420133284,31872,0.46402427554130554,89.92578125,0.89453125,1.0,1.060154914855957,6167040,1746418404.3135133
26.29166603088379,0.28515625,4017,4016,1.8838304281234741,0.13298171758651733,0.0078125,1235.01242378,31888,0.5703123807907104,89.92578125,0.89453125,1.0,1.060421109199524,6170112,1746418404.9057999
24.97395896911621,0.1868489533662796,4055,4054,1.8838304281234741,0.11710382997989655,0.0078125,1246.330719917,32192,0.4437238872051239,89.92578125,0.89453125,1.0,1.0988703966140747,6228480,1746418416.2240875
27.4140625,0.25,4058,4057,1.8838304281234741,0.13173866271972656,0.0078125,1247.220908763,32216,0.5360962748527527,89.92578125,0.89453125,1.0,1.0911550521850586,6233088,1746418417.1143014
26.7109375,0.29296875,4104,4103,1.8838304281234741,0.12189100682735443,0.0078125,1260.897878043,32584,0.5859373807907104,89.92578125,0.89453125,1.0,1.1045355796813965,6303744,1746418430.7912543
26.078125,0.2545572817325592,4108,4107,1.8838304281234741,0.10004177689552307,0.0078125,1262.087359172,32616,0.5302785634994507,89.92578125,0.89453125,1.0,1.1121762990951538,6309888,1746418431.980653
25.97265625,0.2174479216337204,4126,4125,1.8838304281234741,0.1122576892375946,0.0078125,1267.441564279,32760,0.48967355489730835,89.92578125,0.89453125,1.0,1.1028873920440674,6337536,1746418437.3349574
25.00911521911621,0.2096354216337204,4137,4136,1.8838304281234741,0.11453387141227722,0.0078125,1270.719733066,32848,0.4724999666213989,89.92578125,0.89453125,1.0,1.0891255140304565,6354432,1746418440.6131318
26.73177146911621,0.26171875,4158,4157,1.8838304281234741,0.11947576701641083,0.0078125,1276.95121042,33016,0.5482351779937744,89.92578125,0.89453125,1.0,1.0832641124725342,6386688,1746418446.8446207
26.35025978088379,0.240234375,4163,4162,1.8838304281234741,0.10672588646411896,0.0078125,1278.441186403,33056,0.5179426670074463,89.92578125,0.89453125,1.0,1.069102168083191,6394368,1746418448.334598
26.30859375,0.26953125,4180,4179,1.8838304281234741,0.10538890957832336,0.0078125,1283.492259455,33192,0.5571215152740479,89.92578125,0.89453125,1.0,1.1146256923675537,6420480,1746418453.3856306
26.10677146911621,0.2591145932674408,4191,4190,1.8838304281234741,0.11573415249586105,0.0078125,1286.761100021,33280,0.5406354069709778,89.92578125,0.89453125,1.0,1.1173681020736694,6437376,1746418456.654531
26.90104103088379,0.251953125,4212,4211,1.8838304281234741,0.11781077831983566,0.0078125,1293.001683276,33448,0.5440077185630798,89.92578125,0.89453125,1.0,1.118147850036621,6469632,1746418462.8950827
25.83984375,0.2239583283662796,4275,4274,1.894070029258728,0.11199258267879486,0.0078125,1311.805654031,33952,0.49939578771591187,91.591796875,0.90234375,1.0,1.1473300457000732,6566400,1746418481.698927
25.23046875,0.1868489533662796,4282,4281,1.894070029258728,0.1048048585653305,0.0078125,1313.887178599,34008,0.4447031021118164,91.591796875,0.90234375,1.0,1.1585980653762817,6577152,1746418483.7804577
27.33463478088379,0.2415364533662796,4294,4293,1.894070029258728,0.09907868504524231,0.0078125,1317.445377703,34104,0.5262152552604675,91.591796875,0.90234375,1.0,1.1667253971099854,6595584,1746418487.3387902
25.50520896911621,0.19921875,4295,4294,1.894070029258728,0.10032446682453156,0.0078125,1317.742052392,34112,0.4660363793373108,91.591796875,0.90234375,1.0,1.1371686458587646,6597120,1746418487.6353502
25.41536521911621,0.251953125,4310,4309,1.894070029258728,0.14251956343650818,0.0078125,1322.214258303,34232,0.5219652652740479,91.591796875,0.90234375,1.0,1.1096067428588867,6620160,1746418492.107624
25.68229103088379,0.1829427033662796,4314,4313,1.894070029258728,0.12197451293468475,0.0078125,1323.402672556,34264,0.44478723406791687,91.591796875,0.90234375,1.0,1.1254315376281738,6626304,1746418493.296066
25.23307228088379,0.2102864533662796,4329,4328,1.894070029258728,0.10052046179771423,0.0078125,1327.865046495,34384,0.4661162793636322,91.591796875,0.90234375,1.0,1.1395622491836548,6649344,1746418497.758469
25.71224021911621,0.2571614682674408,4332,4331,1.894070029258728,0.11387345939874649,0.0078125,1328.755323087,34408,0.5301701426506042,91.591796875,0.90234375,1.0,1.130357265472412,6653952,1746418498.6487062
24.71744728088379,0.2180989533662796,4344,4343,1.894070029258728,0.10075987875461578,0.0078125,1332.32576604,34504,0.47586971521377563,91.591796875,0.90234375,1.0,1.150875210762024,6672384,1746418502.219128
24.29427146911621,0.2115885466337204,4350,4349,1.894070029258728,0.12394790351390839,0.0078125,1334.109633423,34552,0.46004247665405273,91.591796875,0.90234375,1.0,1.1529366970062256,6681600,1746418504.002969
26.19791603088379,0.21484375,4354,4353,1.894070029258728,0.09257830679416656,0.0078125,1335.302818678,34584,0.487241268157959,91.591796875,0.90234375,1.0,1.1409716606140137,6687744,1746418505.1961234
26.43229103088379,0.1692708283662796,4358,4357,1.894070029258728,0.08017022162675858,0.0078125,1336.490954145,34616,0.4229643642902374,91.591796875,0.90234375,1.0,1.1455574035644531,6693888,1746418506.3843486
26.55338478088379,0.26953125,4369,4368,1.894070029258728,0.08148187398910522,0.0078125,1339.780200998,34704,0.5550199151039124,91.591796875,0.90234375,1.0,1.1488521099090576,6710784,1746418509.6736007
25.640625,0.1529947966337204,4375,4374,1.894070029258728,0.12324491143226624,0.0078125,1341.565465771,34752,0.40592271089553833,91.591796875,0.90234375,1.0,1.1302413940429688,6720000,1746418511.4588923
24.33203125,0.181640625,4378,4377,1.894070029258728,0.11264245957136154,0.0078125,1342.456949102,34776,0.43362146615982056,91.591796875,0.90234375,1.0,1.1385632753372192,6724608,1746418512.3502939
25.50520896911621,0.1946614533662796,4390,4389,1.894070029258728,0.09617966413497925,0.0078125,1346.017127075,34872,0.45707374811172485,91.591796875,0.90234375,1.0,1.134860873222351,6743040,1746418515.9104815
25.50911521911621,0.2330729216337204,4393,4392,1.894070029258728,0.09215132892131805,0.0078125,1346.906552588,34896,0.5019548535346985,91.591796875,0.90234375,1.0,1.1379224061965942,6747648,1746418516.7999568
25.5546875,0.2102864533662796,4425,4424,1.894070029258728,0.11552198231220245,0.0078125,1356.42764977,35152,0.4774721562862396,91.591796875,0.90234375,1.0,1.112812876701355,6796800,1746418526.3210707
25.78255271911621,0.240234375,4427,4426,1.894070029258728,0.09974400699138641,0.0078125,1357.019244833,35168,0.5144790410995483,91.591796875,0.90234375,1.0,1.1127040386199951,6799872,1746418526.9126506
26.57421875,0.173828125,4497,4496,1.894070029258728,0.14653417468070984,0.0078125,1377.856739916,35728,0.4432569146156311,91.591796875,0.90234375,1.0,1.155813455581665,6907392,1746418547.7499666
26.296875,0.2428385466337204,4498,4497,1.894070029258728,0.17126834392547607,0.0078125,1378.15381986,35736,0.5223784446716309,91.591796875,0.90234375,1.0,1.1609485149383545,6908928,1746418548.0472233
26.75260353088379,0.244140625,4506,4505,1.894070029258728,0.08768455684185028,0.0078125,1380.527783956,35800,0.5328853726387024,91.591796875,0.90234375,1.0,1.1373693943023682,6921216,1746418550.421178
26.97525978088379,0.2779947817325592,4510,4509,1.894070029258728,0.09392627328634262,0.0078125,1381.721247166,35832,0.575445294380188,91.591796875,0.90234375,1.0,1.1434481143951416,6927360,1746418551.6146436
25.04036521911621,0.208984375,4512,4511,1.894070029258728,0.09531359374523163,0.0078125,1382.314140311,35848,0.46855291724205017,91.591796875,0.90234375,1.0,1.1314524412155151,6930432,1746418552.2075348
25.42708396911621,0.2096354216337204,4514,4513,1.894070029258728,0.10021427273750305,0.0078125,1382.913643862,35864,0.4760884642601013,91.591796875,0.90234375,1.0,1.1343364715576172,6933504,1746418552.8070567
25.65494728088379,0.2389322966337204,4541,4540,1.894070029258728,0.07464705407619476,0.0078125,1390.930238671,36080,0.5128645300865173,91.591796875,0.90234375,1.0,1.142706274986267,6974976,1746418560.8236396
25.82421875,0.1692708283662796,4551,4550,1.7963409423828125,0.1142638772726059,0.0078125,1393.969683745,36160,0.43738359212875366,90.890625,0.818359375,1.0,1.1416170597076416,6990336,1746418563.8629847
26.18359375,0.2272135466337204,4565,4564,1.7963409423828125,0.09007366746664047,0.0078125,1398.139668942,36272,0.511210024356842,90.890625,0.818359375,1.0,1.1305274963378906,7011840,1746418568.0330637
26.11197853088379,0.2643229067325592,4568,4567,1.7963409423828125,0.09671744704246521,0.0078125,1399.035656091,36296,0.5467047691345215,90.890625,0.818359375,1.0,1.1530375480651855,7016448,1746418568.928937
26.04947853088379,0.2180989533662796,4613,4612,1.7963409423828125,0.08826808631420135,0.008463541977107525,1412.39924682,36656,0.4966084063053131,90.890625,0.818359375,1.0,1.1527289152145386,7085568,1746418582.2925167
25.92057228088379,0.2604166567325592,4645,4644,1.7963409423828125,0.08392253518104553,0.0078125,1421.909123477,36912,0.536972165107727,90.890625,0.818359375,1.0,1.1638157367706299,7134720,1746418591.8025792
27.08203125,0.1940104216337204,4646,4645,1.7963409423828125,0.07642662525177002,0.0078125,1422.205269136,36920,0.46916231513023376,90.890625,0.818359375,1.0,1.1782920360565186,7136256,1746418592.098703
25.8359375,0.224609375,4651,4650,1.7963409423828125,0.08498076349496841,0.0078125,1423.686014262,36960,0.5021318793296814,90.890625,0.818359375,1.0,1.1460210084915161,7143936,1746418593.5794249
25.50520896911621,0.236328125,4654,4653,1.7963409423828125,0.09068034589290619,0.0078125,1424.581097112,36984,0.5084583163261414,90.890625,0.818359375,1.0,1.1731233596801758,7148544,1746418594.4743183
26.58854103088379,0.2721354067325592,4655,4654,1.7963409423828125,0.09982319176197052,0.0078125,1424.877871388,36992,0.560749888420105,90.890625,0.818359375,1.0,1.1564733982086182,7150080,1746418594.7712767
26.17447853088379,0.2604166567325592,4671,4670,1.7963409423828125,0.1073649600148201,0.0078125,1429.630620857,37120,0.540843665599823,90.890625,0.818359375,1.0,1.163814902305603,7174656,1746418599.5240312
27.09765625,0.2532552182674408,4682,4681,1.7963409423828125,0.10325992852449417,0.0078125,1432.908509475,37208,0.5474495887756348,90.890625,0.818359375,1.0,1.1687135696411133,7191552,1746418602.8018582
25.17447853088379,0.2005208283662796,4689,4688,1.7963409423828125,0.11109670996665955,0.0078125,1434.986219186,37264,0.45602771639823914,90.890625,0.818359375,1.0,1.1546587944030762,7202304,1746418604.8796155
27.61197853088379,0.27734375,4692,4691,1.7963409423828125,0.10215350985527039,0.0078125,1435.882158064,37288,0.5797187089920044,90.890625,0.818359375,1.0,1.1790153980255127,7206912,1746418605.775448
24.4765625,0.1484375,4703,4702,1.7963409423828125,0.09444086998701096,0.0078125,1439.150562767,37376,0.3918784558773041,90.890625,0.818359375,1.0,1.15212881565094,7223808,1746418609.0439668
25.95833396911621,0.220703125,4716,4715,1.7963409423828125,0.06873252987861633,0.0078125,1443.017219908,37480,0.49317094683647156,90.890625,0.818359375,1.0,1.1639595031738281,7243776,1746418612.9105835
25.109375,0.2291666716337204,4741,4740,1.7963409423828125,0.0856940969824791,0.0078125,1450.455756976,37680,0.4935034215450287,90.890625,0.818359375,1.0,1.1548066139221191,7282176,1746418620.3491488
26.75911521911621,0.2102864533662796,4780,4779,1.7963409423828125,0.07525111734867096,0.0078125,1462.053732158,37992,0.49605289101600647,90.890625,0.818359375,1.0,1.1428353786468506,7342080,1746418631.9471042
25.85416603088379,0.2044270783662796,4782,4781,1.7963409423828125,0.07748337090015411,0.0078125,1462.646191192,38008,0.47711795568466187,90.890625,0.818359375,1.0,1.1555485725402832,7345152,1746418632.5395877
25.48567771911621,0.2532552182674408,4785,4784,1.7963409423828125,0.07724109292030334,0.0078125,1463.542783564,38032,0.5242534279823303,90.890625,0.818359375,1.0,1.1523799896240234,7349760,1746418633.4360504
26.51953125,0.2884114682674408,4811,4810,1.7963409423828125,0.09600706398487091,0.0078125,1471.307915808,38240,0.576822817325592,90.890625,0.818359375,1.0,1.1483412981033325,7389696,1746418641.201284
26.32552146911621,0.2682291567325592,4816,4815,1.7963409423828125,0.08000648021697998,0.0078125,1472.79725111,38280,0.5538853406906128,90.890625,0.818359375,1.0,1.1787941455841064,7397376,1746418642.69061
26.85286521911621,0.234375,4837,4836,1.7963409423828125,0.11403834819793701,0.0078125,1479.039842509,38448,0.5152082443237305,90.890625,0.818359375,1.0,1.1839170455932617,7429632,1746418648.9332612
25.64974021911621,0.23046875,4846,4845,1.7963409423828125,0.09838932007551193,0.0078125,1481.716757007,38520,0.4964548349380493,90.890625,0.818359375,1.0,1.1696240901947021,7443456,1746418651.6101534
26.18229103088379,0.2454427033662796,4864,4863,1.7963409423828125,0.1015891283750534,0.0078125,1487.071569852,38664,0.5248419642448425,90.890625,0.818359375,1.0,1.1936992406845093,7471104,1746418656.964914
27.04557228088379,0.2252604216337204,4893,4892,1.9286950826644897,0.10965482890605927,0.0078125,1495.756338166,38896,0.5087021589279175,92.318359375,0.9375,1.0,1.1318751573562622,7515648,1746418665.6497493
25.99739646911621,0.2454427033662796,4895,4894,1.9286950826644897,0.1213536411523819,0.0078125,1496.355454927,38912,0.525253415107727,92.318359375,0.9375,1.0,1.166097640991211,7518720,1746418666.248812
26.55859375,0.0872395858168602,4900,4899,1.9286950826644897,0.09604360163211823,0.008463541977107525,1497.838944878,38952,0.3308619558811188,92.318359375,0.9375,1.0,1.1758949756622314,7526400,1746418667.732245
28.50520896911621,0.0748697891831398,4904,4903,1.9286950826644897,0.09695515036582947,0.0078125,1499.026715906,38984,0.3426544666290283,92.318359375,0.9375,1.0,1.18540358543396,7532544,1746418668.9201097
26.97005271911621,0.2369791716337204,4933,4932,1.9286950826644897,0.09030024707317352,0.008463541977107525,1507.663607173,39216,0.5290486216545105,92.318359375,0.9375,1.0,1.174033761024475,7577088,1746418677.5569694
26.93619728088379,0.296875,4935,4934,1.9286950826644897,0.08361411094665527,0.0078125,1508.255449362,39232,0.59375,92.318359375,0.9375,1.0,1.1402207612991333,7580160,1746418678.1488478
28.40364646911621,0.1881510466337204,4937,4936,1.9286950826644897,0.09280233085155487,0.0078125,1508.847355693,39248,0.4782473146915436,92.318359375,0.9375,1.0,1.1376286745071411,7583232,1746418678.7407758
27.15625,0.2669270932674408,4943,4942,1.9286950826644897,0.09792880713939667,0.0078125,1510.631427903,39296,0.5547872185707092,92.318359375,0.9375,1.0,1.1500426530838013,7592448,1746418680.5248425
26.41275978088379,0.2233072966337204,4947,4946,1.9286950826644897,0.11450554430484772,0.0078125,1511.823285551,39328,0.5035321116447449,92.318359375,0.9375,1.0,1.1571829319000244,7598592,1746418681.7166276
26.421875,0.2708333432674408,4964,4963,1.9286950826644897,0.08354124426841736,0.0078125,1516.887977718,39464,0.5584617853164673,92.318359375,0.9375,1.0,1.169330358505249,7624704,1746418686.7812445
27.15494728088379,0.283203125,4979,4978,1.9286950826644897,0.17677265405654907,0.0078125,1521.35529779,39584,0.5844652652740479,92.318359375,0.9375,1.0,1.1663942337036133,7647744,1746418691.248699
26.12369728088379,0.248046875,5027,5026,1.9286950826644897,0.08330037444829941,0.0078125,1535.638442234,39968,0.5315797924995422,92.318359375,0.9375,1.0,1.1133615970611572,7721472,1746418705.5318384
26.92578125,0.2311197966337204,5035,5034,1.9286950826644897,0.10935474187135696,0.0078125,1538.018236112,40032,0.5216701030731201,92.318359375,0.9375,1.0,1.139545202255249,7733760,1746418707.9116402
28.35025978088379,0.146484375,5043,5042,1.9286950826644897,0.08445228636264801,0.0078125,1540.402239551,40096,0.43924039602279663,92.318359375,0.9375,1.0,1.1226423978805542,7746048,1746418710.2953296
28.39713478088379,0.2096354216337204,5051,5050,1.9286950826644897,0.08581671863794327,0.0078125,1542.776916453,40160,0.5079469680786133,92.318359375,0.9375,1.0,1.1156070232391357,7758336,1746418712.6703007
26.28775978088379,0.2200520783662796,5064,5063,1.9286950826644897,0.08781100809574127,0.0078125,1546.640288649,40264,0.4939148724079132,92.318359375,0.9375,1.0,1.1170562505722046,7778304,1746418716.5336523
27.0078125,0.251953125,5071,5070,1.9286950826644897,0.07638360559940338,0.0078125,1548.720266515,40320,0.5441249012947083,92.318359375,0.9375,1.0,1.1150588989257812,7789056,1746418718.6136405
25.62760353088379,0.18359375,5073,5072,1.9286950826644897,0.09307059645652771,0.008463541977107525,1549.312536012,40336,0.4360407888889313,92.318359375,0.9375,1.0,1.135564923286438,7792128,1746418719.2059338
27.70442771911621,0.1783854216337204,5093,5092,1.9286950826644897,0.0930069088935852,0.0078125,1555.259417374,40496,0.4693063795566559,92.318359375,0.9375,1.0,1.0771619081497192,7822848,1746418725.1528046
26.98046875,0.2571614682674408,5094,5093,1.9286950826644897,0.09323632717132568,0.0078125,1555.555538376,40504,0.5483688712120056,92.318359375,0.9375,1.0,1.1355655193328857,7824384,1746418725.448933
25.22916603088379,0.1490885466337204,5098,5097,1.9286950826644897,0.09971819072961807,0.0078125,1556.742776799,40536,0.41008153557777405,92.318359375,0.9375,1.0,1.1426177024841309,7830528,1746418726.6360707
26.68099021911621,0.2747395932674408,5137,5136,1.9286950826644897,0.09631919860839844,0.0078125,1568.342505974,40848,0.5672221779823303,92.318359375,0.9375,1.0,1.127160668373108,7890432,1746418738.2359006
27.23307228088379,0.2194010466337204,5146,5145,1.9286950826644897,0.08147253096103668,0.0078125,1571.021420741,40920,0.5074461102485657,92.318359375,0.9375,1.0,1.1326665878295898,7904256,1746418740.9148228
25.49739646911621,0.232421875,5155,5154,1.9286950826644897,0.10660862922668457,0.0078125,1573.695907944,40992,0.5006327629089355,92.318359375,0.9375,1.0,1.1290326118469238,7918080,1746418743.5892675
27.37890625,0.2819010317325592,5181,5180,1.9286950826644897,0.07814251631498337,0.0078125,1581.441253382,41200,0.5851909518241882,92.318359375,0.9375,1.0,1.158751368522644,7958016,1746418751.3346806
27.29427146911621,0.1705729216337204,5196,5195,1.9286950826644897,0.10124532878398895,0.0078125,1585.895589649,41320,0.4514964520931244,92.318359375,0.9375,1.0,1.1584012508392334,7981056,1746418755.7889583
26.16015625,0.2819010317325592,5201,5200,1.9310882091522217,0.07674337178468704,0.0078125,1587.440197097,41360,0.5638020038604736,92.212890625,0.935546875,1.0,1.152961015701294,7988736,1746418757.3335912
27.78385353088379,0.1009114608168602,5207,5206,1.9310882091522217,0.08484483510255814,0.0078125,1589.222175733,41408,0.38257721066474915,92.212890625,0.935546875,1.0,1.1535823345184326,7997952,1746418759.115578
25.6484375,0.2083333283662796,5214,5213,1.9310882091522217,0.07626304775476456,0.0078125,1591.30748562,41464,0.47652164101600647,92.212890625,0.935546875,1.0,1.182322382926941,8008704,1746418761.200898
27.00390625,0.2682291567325592,5223,5222,1.9310882091522217,0.08489817380905151,0.0078125,1593.98295011,41536,0.5587083101272583,92.212890625,0.935546875,1.0,1.138988733291626,8022528,1746418763.8762133
26.18880271911621,0.283203125,5228,5227,1.9310882091522217,0.11109283566474915,0.0078125,1595.466599993,41576,0.5664061307907104,92.212890625,0.935546875,1.0,1.1255009174346924,8030208,1746418765.3599992
25.98307228088379,0.2194010466337204,5235,5234,1.9310882091522217,0.07295781373977661,0.0078125,1597.55169781,41632,0.4954982399940491,92.212890625,0.935546875,1.0,1.1566951274871826,8040960,1746418767.4450784
26.671875,0.291015625,5239,5238,1.9310882091522217,0.07216349989175797,0.0078125,1598.75888247,41664,0.5820311307907104,92.212890625,0.935546875,1.0,1.1670702695846558,8047104,1746418768.6523008
26.25911521911621,0.1764322966337204,5240,5239,1.9310882091522217,0.09071777760982513,0.0078125,1599.055891479,41672,0.4564131796360016,92.212890625,0.935546875,1.0,1.1444132328033447,8048640,1746418768.9492996
26.00911521911621,0.220703125,5251,5250,1.9310882091522217,0.08708885312080383,0.0078125,1602.34858898,41760,0.49571526050567627,92.212890625,0.935546875,1.0,1.139502763748169,8065536,1746418772.2418575
26.88671875,0.2024739533662796,5252,5251,1.9310882091522217,0.08990878611803055,0.0078125,1602.646590945,41768,0.48629772663116455,92.212890625,0.935546875,1.0,1.1216137409210205,8067072,1746418772.5399055
27.39322853088379,0.2317708283662796,5267,5266,1.9310882091522217,0.08566325902938843,0.0078125,1607.108584686,41888,0.5213506817817688,92.212890625,0.935546875,1.0,1.1479545831680298,8090112,1746418777.001938
26.48046875,0.2239583283662796,5269,5268,1.9310882091522217,0.06988753378391266,0.0078125,1607.702184225,41904,0.5059235692024231,92.212890625,0.935546875,1.0,1.1353682279586792,8093184,1746418777.5955563
26.57421875,0.2454427033662796,5284,5283,1.9310882091522217,0.07055666297674179,0.0078125,1612.165004157,42024,0.529229998588562,92.212890625,0.935546875,1.0,1.1373810768127441,8116224,1746418782.0584123
27.37630271911621,0.21875,5343,5342,1.9310882091522217,0.08512347936630249,0.0078125,1629.690226934,42496,0.5084522366523743,92.212890625,0.935546875,1.0,1.111147403717041,8206848,1746418799.5835238
25.859375,0.2610677182674408,5346,5345,1.9310882091522217,0.07388052344322205,0.0078125,1630.583745139,42520,0.5398784279823303,92.212890625,0.935546875,1.0,1.1407277584075928,8211456,1746418800.4771686
24.90104103088379,0.212890625,5364,5363,1.9310882091522217,0.09739208221435547,0.0078125,1635.948185169,42664,0.4702742397785187,92.212890625,0.935546875,1.0,1.1203339099884033,8239104,1746418805.8415632
25.65234375,0.23828125,5367,5366,1.9310882091522217,0.08709904551506042,0.0078125,1636.837453306,42688,0.5111006498336792,92.212890625,0.935546875,1.0,1.1033859252929688,8243712,1746418806.7308664
26.83072853088379,0.2213541716337204,5395,5394,1.9310882091522217,0.12657159566879272,0.0078125,1645.164108376,42912,0.5003818869590759,92.212890625,0.935546875,1.0,1.1325466632843018,8286720,1746418815.0575378
26.7421875,0.2760416567325592,5398,5397,1.9310882091522217,0.10144312679767609,0.0078125,1646.059241323,42936,0.5677602887153625,92.212890625,0.935546875,1.0,1.1163356304168701,8291328,1746418815.952586
26.45442771911621,0.2890625,5411,5410,1.9310882091522217,0.07475438714027405,0.0078125,1649.923359979,43040,0.5781248807907104,92.212890625,0.935546875,1.0,1.1327905654907227,8311296,1746418819.816762
26.31900978088379,0.267578125,5417,5416,1.9310882091522217,0.10219936817884445,0.0078125,1651.709539667,43088,0.5512421727180481,92.212890625,0.935546875,1.0,1.1300811767578125,8320512,1746418821.602945
26.2578125,0.2467447966337204,5421,5420,1.9310882091522217,0.09694807231426239,0.0078125,1652.89975884,43120,0.528427004814148,92.212890625,0.935546875,1.0,1.1282265186309814,8326656,1746418822.7931647
27.91015625,0.2350260466337204,5448,5447,1.9310882091522217,0.09880276024341583,0.0078125,1660.919075859,43336,0.5280659794807434,92.212890625,0.935546875,1.0,1.1484367847442627,8368128,1746418830.8124394
27.41666603088379,0.2897135317325592,5460,5459,1.9310882091522217,0.05528893321752548,0.0078125,1664.484774212,43432,0.5965381264686584,92.212890625,0.935546875,1.0,1.1653863191604614,8386560,1746418834.3781724
26.39713478088379,0.2447916716337204,5487,5486,1.9310882091522217,0.06359433382749557,0.0078125,1672.523511654,43648,0.5269062519073486,92.212890625,0.935546875,1.0,1.1283559799194336,8428032,1746418842.416791
26.34114646911621,0.2682291567325592,5499,5498,1.9310882091522217,0.06524254381656647,0.0078125,1676.087889612,43744,0.5545173287391663,92.212890625,0.935546875,1.0,1.1483354568481445,8446464,1746418845.9813077
26.51692771911621,0.2897135317325592,5515,5514,1.9310882091522217,0.05445364862680435,0.0078125,1680.84507316,43872,0.5794270634651184,92.212890625,0.935546875,1.0,1.1521250009536743,8471040,1746418850.738348
26.30338478088379,0.2682291567325592,5522,5521,1.9310882091522217,0.07273305952548981,0.0078125,1682.929348006,43928,0.5545173287391663,92.212890625,0.935546875,1.0,1.1217215061187744,8481792,1746418852.8226156
27.57291603088379,0.30859375,5541,5540,1.965978980064392,0.06478875875473022,0.0078125,1688.632824276,44080,0.6171873807907104,88.6328125,0.96875,1.0,1.1507909297943115,8510976,1746418858.5262308
27.04947853088379,0.298828125,5565,5564,1.965978980064392,0.06795800477266312,0.0078125,1695.76712637,44272,0.5976561307907104,88.6328125,0.96875,1.0,1.1382662057876587,8547840,1746418865.6602178
26.36458396911621,0.2532552182674408,5569,5568,1.965978980064392,0.07025709748268127,0.0078125,1696.954989613,44304,0.5394686460494995,88.6328125,0.96875,1.0,1.1643779277801514,8553984,1746418866.8484025
26.69010353088379,0.2942708432674408,5582,5581,1.965978980064392,0.10629875212907791,0.0078125,1700.824094267,44408,0.588541567325592,88.6328125,0.96875,1.0,1.139454960823059,8573952,1746418870.7174942
27.63150978088379,0.2350260466337204,5609,5608,1.965978980064392,0.06649039685726166,0.0078125,1708.838478889,44624,0.5315659046173096,88.6328125,0.96875,1.0,1.127148151397705,8615424,1746418878.7318826
27.05729103088379,0.298828125,5614,5613,1.965978980064392,0.06401055306196213,0.0078125,1710.328180322,44664,0.5976561307907104,88.6328125,0.96875,1.0,1.1650320291519165,8623104,1746418880.221585
28.12760353088379,0.1510416716337204,5625,5624,1.965978980064392,0.0730486586689949,0.0078125,1713.603958276,44752,0.4080338180065155,88.6328125,0.96875,1.0,1.157916784286499,8640000,1746418883.4972684
26.44140625,0.2884114682674408,5632,5631,1.965978980064392,0.07355736196041107,0.0078125,1715.677530246,44808,0.576822817325592,88.6328125,0.96875,1.0,1.1457855701446533,8650752,1746418885.5709484
25.73046875,0.2376302033662796,5640,5639,1.965978980064392,0.06954281032085419,0.0078125,1718.062137808,44872,0.5086153745651245,88.6328125,0.96875,1.0,1.1629886627197266,8663040,1746418887.9554224
25.87630271911621,0.1959635466337204,5644,5643,1.965978980064392,0.06129983812570572,0.0078125,1719.251291449,44904,0.4625415802001953,88.6328125,0.96875,1.0,1.165144920349121,8669184,1746418889.1446383
26.9921875,0.28125,5670,5669,1.965978980064392,0.09169696271419525,0.0078125,1726.97884062,45112,0.5805590152740479,88.6328125,0.96875,1.0,1.1524181365966797,8709120,1746418896.8721883
27.11588478088379,0.2701822817325592,5683,5682,1.965978980064392,0.08618918061256409,0.0078125,1730.875366901,45216,0.5610902309417725,88.6328125,0.96875,1.0,1.1845524311065674,8729088,1746418900.7686722
26.03645896911621,0.2317708283662796,5716,5715,1.965978980064392,0.08553225547075272,0.0078125,1740.710580409,45480,0.4999496042728424,88.6328125,0.96875,1.0,1.2056224346160889,8779776,1746418910.603845
26.8203125,0.2942708432674408,5724,5723,1.965978980064392,0.10728973150253296,0.0078125,1743.084036186,45544,0.588541567325592,88.6328125,0.96875,1.0,1.1949012279510498,8792064,1746418912.9774354
26.1171875,0.2819010317325592,5754,5753,1.965978980064392,0.06421026587486267,0.0078125,1751.998175056,45784,0.5638020038604736,88.6328125,0.96875,1.0,1.1814384460449219,8838144,1746418921.891582
26.53775978088379,0.2897135317325592,5763,5762,1.965978980064392,0.13034629821777344,0.0078125,1754.674610037,45856,0.5794270634651184,88.6328125,0.96875,1.0,1.1841061115264893,8851968,1746418924.5680153
27.22916603088379,0.302734375,5766,5765,1.965978980064392,0.08347909152507782,0.0078125,1755.572106269,45880,0.6054686307907104,88.6328125,0.96875,1.0,1.2074313163757324,8856576,1746418925.4655104
26.91015625,0.2454427033662796,5778,5777,1.965978980064392,0.06288786232471466,0.0078125,1759.139737663,45976,0.5325788855552673,88.6328125,0.96875,1.0,1.1894234418869019,8875008,1746418929.0331488
27.70703125,0.2838541567325592,5784,5783,1.965978980064392,0.06651477515697479,0.0078125,1760.927832298,46024,0.5873784422874451,88.6328125,0.96875,1.0,1.18385648727417,8884224,1746418930.821252
26.7734375,0.27734375,5786,5785,1.965978980064392,0.05864229053258896,0.0078125,1761.51988506,46040,0.5721145272254944,88.6328125,0.96875,1.0,1.1765756607055664,8887296,1746418931.4133158
27.64453125,0.310546875,5789,5788,1.965978980064392,0.05845896527171135,0.0078125,1762.410823405,46064,0.6210936307907104,88.6328125,0.96875,1.0,1.1959738731384277,8891904,1746418932.30418
27.36979103088379,0.3053385317325592,5796,5795,1.965978980064392,0.0555439218878746,0.0078125,1764.485417575,46120,0.6106770038604736,88.6328125,0.96875,1.0,1.1770660877227783,8902656,1746418934.37882
27.78385353088379,0.3131510317325592,5817,5816,1.965978980064392,0.05273541808128357,0.0078125,1770.743960977,46288,0.6263020038604736,88.6328125,0.96875,1.0,1.1850274801254272,8934912,1746418940.637326
27.52734375,0.291015625,5829,5828,1.965978980064392,0.08390666544437408,0.0078125,1774.309787942,46384,0.5997742414474487,88.6328125,0.96875,1.0,1.1989928483963013,8953344,1746418944.2032135
27.66015625,0.2845052182674408,5848,5847,1.965978980064392,0.07536124438047409,0.0078125,1779.953755257,46536,0.5923089981079102,88.6328125,0.96875,1.0,1.2366949319839478,8982528,1746418949.8470418
27.07421875,0.2552083432674408,5851,5850,1.979064702987671,0.060053929686546326,0.0078125,1780.911197891,46560,0.5506388545036316,90.76953125,0.98046875,1.0,1.2254540920257568,8987136,1746418950.8045957
27.69791603088379,0.2610677182674408,5859,5858,1.979064702987671,0.07084372639656067,0.0078125,1783.291562448,46624,0.5658524036407471,90.76953125,0.98046875,1.0,1.220458745956421,8999424,1746418953.184829
27.765625,0.3125,5882,5881,1.979064702987671,0.05167116969823837,0.0078125,1790.117850557,46808,0.6249998807907104,90.76953125,0.98046875,1.0,1.2568042278289795,9034752,1746418960.011218
28.11067771911621,0.3190104067325592,5886,5885,1.979064702987671,0.0831243097782135,0.0078125,1791.312059927,46840,0.6380207538604736,90.76953125,0.98046875,1.0,1.2414852380752563,9040896,1746418961.2053258
28.1875,0.23828125,5898,5897,1.979064702987671,0.06803774833679199,0.0078125,1794.873317471,46936,0.5420815348625183,90.76953125,0.98046875,1.0,1.2296459674835205,9059328,1746418964.766724
27.75390625,0.3125,5900,5899,1.979064702987671,0.04941796511411667,0.0078125,1795.472385134,46952,0.6249998807907104,90.76953125,0.98046875,1.0,1.2743432521820068,9062400,1746418965.3656986
27.32942771911621,0.2076822966337204,5920,5919,1.979064702987671,0.05508287996053696,0.0078125,1801.415577492,47112,0.49746784567832947,90.76953125,0.98046875,1.0,1.2438091039657593,9093120,1746418971.3089826
26.92708396911621,0.296875,5925,5924,1.979064702987671,0.06731956452131271,0.0078125,1802.905309051,47152,0.5937498807907104,90.76953125,0.98046875,1.0,1.2211817502975464,9100800,1746418972.7987187
26.79166603088379,0.2942708432674408,5928,5927,1.979064702987671,0.05018516257405281,0.0078125,1803.795437336,47176,0.588541567325592,90.76953125,0.98046875,1.0,1.2385010719299316,9105408,1746418973.688846
27.06640625,0.26171875,5932,5931,1.979064702987671,0.06766261905431747,0.0078125,1804.988762967,47208,0.5613089799880981,90.76953125,0.98046875,1.0,1.2068793773651123,9111552,1746418974.8821325
25.16796875,0.1979166716337204,5936,5935,1.979064702987671,0.11078430712223053,0.0078125,1806.173702458,47240,0.4519861042499542,90.76953125,0.98046875,1.0,1.2100811004638672,9117696,1746418976.067112
26.78255271911621,0.29296875,5946,5945,1.979064702987671,0.06345993280410767,0.0078125,1809.147226308,47320,0.5859373807907104,90.76953125,0.98046875,1.0,1.2446906566619873,9133056,1746418979.040565
26.91796875,0.2962239682674408,5956,5955,1.979064702987671,0.0529208779335022,0.0078125,1812.127317533,47400,0.592447817325592,90.76953125,0.98046875,1.0,1.262378215789795,9148416,1746418982.0205796
27.76302146911621,0.3125,5988,5987,1.979064702987671,0.05974965542554855,0.0078125,1821.64838322,47656,0.6249998807907104,90.76953125,0.98046875,1.0,1.2695865631103516,9197568,1746418991.5418072
27.34244728088379,0.26171875,6002,6001,1.979064702987671,0.06031174212694168,0.0078125,1825.804775429,47768,0.5638419389724731,90.76953125,0.98046875,1.0,1.264976143836975,9219072,1746418995.698186
27.52994728088379,0.3079427182674408,6046,6045,1.979064702987671,0.061231691390275955,0.0078125,1838.895330309,48120,0.6158854365348816,90.76953125,0.98046875,1.0,1.2554776668548584,9286656,1746419008.7887452
27.84895896911621,0.3151041567325592,6066,6065,1.979064702987671,0.04423310607671738,0.0078125,1844.839706944,48280,0.6302082538604736,90.76953125,0.98046875,1.0,1.2798757553100586,9317376,1746419014.7329798
28.04166603088379,0.287109375,6078,6077,1.979064702987671,0.043435387313365936,0.0078125,1848.410779518,48376,0.5963940620422363,90.76953125,0.98046875,1.0,1.2922356128692627,9335808,1746419018.3041375
26.66015625,0.2916666567325592,6087,6086,1.979064702987671,0.043550968170166016,0.0078125,1851.090908387,48448,0.5833332538604736,90.76953125,0.98046875,1.0,1.2959247827529907,9349632,1746419020.9843245
26.5234375,0.2239583283662796,6093,6092,1.979064702987671,0.043501608073711395,0.0078125,1852.873830842,48496,0.5051735639572144,90.76953125,0.98046875,1.0,1.2864975929260254,9358848,1746419022.7672524
27.4375,0.3079427182674408,6112,6111,1.979064702987671,0.06220097467303276,0.0078125,1858.530317744,48648,0.615885317325592,90.76953125,0.98046875,1.0,1.2668647766113281,9388032,1746419028.4237127
27.16927146911621,0.2740885317325592,6118,6117,1.979064702987671,0.035178977996110916,0.0078125,1860.340597985,48696,0.5653315186500549,90.76953125,0.98046875,1.0,1.280799388885498,9397248,1746419030.2338169
28.046875,0.2610677182674408,6126,6125,1.979064702987671,0.032695427536964417,0.0078125,1862.736528435,48760,0.5722560286521912,90.76953125,0.98046875,1.0,1.2758972644805908,9409536,1746419032.6298885
28.31119728088379,0.3235677182674408,6149,6148,1.979064702987671,0.04435158520936966,0.0078125,1869.577800917,48944,0.647135317325592,90.76953125,0.98046875,1.0,1.2715766429901123,9444864,1746419039.4711573
27.30208396911621,0.3033854067325592,6164,6163,1.979064702987671,0.03431512415409088,0.0078125,1874.039397643,49064,0.6067707538604736,90.76953125,0.98046875,1.0,1.2870466709136963,9467904,1746419043.932797
26.86328125,0.294921875,6168,6167,1.979064702987671,0.05781352519989014,0.0078125,1875.226717771,49096,0.5898436307907104,90.76953125,0.98046875,1.0,1.2633559703826904,9474048,1746419045.1199944
27.75650978088379,0.3125,6183,6182,1.9504789113998413,0.03336881101131439,0.0078125,1879.756457682,49216,0.6249998807907104,89.67578125,0.955078125,1.0,1.2923791408538818,9497088,1746419049.6498682
27.48046875,0.3079427182674408,6184,6183,1.9504789113998413,0.05875537544488907,0.0078125,1880.052227108,49224,0.615885317325592,89.67578125,0.955078125,1.0,1.276010274887085,9498624,1746419049.9456291
28.04166603088379,0.318359375,6186,6185,1.9504789113998413,0.03824549913406372,0.0078125,1880.653144675,49240,0.6367186307907104,89.67578125,0.955078125,1.0,1.2636669874191284,9501696,1746419050.546385
27.30989646911621,0.3040364682674408,6208,6207,1.9504789113998413,0.04035279527306557,0.0078125,1887.195869714,49416,0.608072817325592,89.67578125,0.955078125,1.0,1.2967121601104736,9535488,1746419057.0892406
26.98697853088379,0.298828125,6242,6241,1.9504789113998413,0.03866831213235855,0.0078125,1897.311729352,49688,0.5976561307907104,89.67578125,0.955078125,1.0,1.2907075881958008,9587712,1746419067.205075
27.046875,0.2819010317325592,6277,6276,1.9504789113998413,0.03559210151433945,0.0078125,1907.72585419,49968,0.579739511013031,89.67578125,0.955078125,1.0,1.3127446174621582,9641472,1746419077.6192768
27.15364646911621,0.2838541567325592,6290,6289,1.9504789113998413,0.04633579030632973,0.0078125,1911.592111957,50072,0.5848193764686584,89.67578125,0.955078125,1.0,1.298060417175293,9661440,1746419081.4855072
26.77734375,0.2955729067325592,6296,6295,1.9504789113998413,0.06533785909414291,0.0078125,1913.370626475,50120,0.5911457538604736,89.67578125,0.955078125,1.0,1.299944281578064,9670656,1746419083.2640498
27.28385353088379,0.3033854067325592,6307,6306,1.9504789113998413,0.06372112780809402,0.0078125,1916.631315539,50208,0.6067707538604736,89.67578125,0.955078125,1.0,1.3150368928909302,9687552,1746419086.5247424
27.07421875,0.2994791567325592,6309,6308,1.9504789113998413,0.03158310428261757,0.0078125,1917.223880399,50224,0.5989582538604736,89.67578125,0.955078125,1.0,1.3242771625518799,9690624,1746419087.1172934
27.36588478088379,0.3053385317325592,6325,6324,1.9504789113998413,0.039412226527929306,0.0078125,1921.987893817,50352,0.6106770038604736,89.67578125,0.955078125,1.0,1.3278164863586426,9715200,1746419091.8813086
27.32942771911621,0.3046875,6326,6325,1.9504789113998413,0.03695524111390114,0.0078125,1922.283913466,50360,0.6093748807907104,89.67578125,0.955078125,1.0,1.3237721920013428,9716736,1746419092.177321
27.54817771911621,0.2845052182674408,6331,6330,1.9504789113998413,0.04054446518421173,0.0078125,1923.773205725,50400,0.587135374546051,89.67578125,0.955078125,1.0,1.333364725112915,9724416,1746419093.6666238
26.69270896911621,0.2486979216337204,6353,6352,1.9504789113998413,0.041340067982673645,0.0078125,1930.317222274,50576,0.5369166135787964,89.67578125,0.955078125,1.0,1.3192273378372192,9758208,1746419100.2105196
26.05599021911621,0.2630208432674408,6377,6376,1.9504789113998413,0.03698839992284775,0.0078125,1937.442428706,50768,0.543260395526886,89.67578125,0.955078125,1.0,1.301211953163147,9795072,1746419107.3358274
26.76041603088379,0.27734375,6385,6384,1.9504789113998413,0.04275628924369812,0.0078125,1939.818341845,50832,0.5727464556694031,89.67578125,0.955078125,1.0,1.320479154586792,9807360,1746419109.711741
27.26822853088379,0.2552083432674408,6430,6429,1.9504789113998413,0.058611463755369186,0.0078125,1953.194600269,51192,0.5531561970710754,89.67578125,0.955078125,1.0,1.3590083122253418,9876480,1746419123.0879943
27.54296875,0.30859375,6452,6451,1.9504789113998413,0.04966924712061882,0.0078125,1959.728661713,51368,0.6171873807907104,89.67578125,0.955078125,1.0,1.3460307121276855,9910272,1746419129.6220617
26.83463478088379,0.2591145932674408,6472,6471,1.9504789113998413,0.03504108637571335,0.0078125,1965.691595821,51528,0.5526092648506165,89.67578125,0.955078125,1.0,1.347482681274414,9940992,1746419135.5849414
28.06510353088379,0.3203125,6473,6472,1.9504789113998413,0.03997184336185455,0.0078125,1965.988746746,51536,0.6406248807907104,89.67578125,0.955078125,1.0,1.3578212261199951,9942528,1746419135.88212
26.64322853088379,0.2571614682674408,6476,6475,1.9504789113998413,0.04394039511680603,0.0078125,1966.879251051,51560,0.5501249432563782,89.67578125,0.955078125,1.0,1.3364636898040771,9947136,1746419136.7726364
27.47265625,0.3072916567325592,6478,6477,1.9504789113998413,0.03253396600484848,0.0078125,1967.472188355,51576,0.6145832538604736,89.67578125,0.955078125,1.0,1.3660266399383545,9950208,1746419137.3655841
26.83463478088379,0.296875,6490,6489,1.9504789113998413,0.06521771848201752,0.0078125,1971.043572477,51672,0.5937498807907104,89.67578125,0.955078125,1.0,1.346405029296875,9968640,1746419140.9369397
25.86197853088379,0.2434895783662796,6494,6493,1.9504789113998413,0.03785598278045654,0.0078125,1972.228465319,51704,0.520399272441864,89.67578125,0.955078125,1.0,1.3510926961898804,9974784,1746419142.121881
26.42317771911621,0.2083333283662796,6506,6505,1.9370648860931396,0.04410747066140175,0.0078125,1975.86251504,51800,0.49319177865982056,90.09765625,0.943359375,1.0,1.3864191770553589,9993216,1746419145.7559137
